sample,x0,solver,target_gap_pct,residual_tol,solve_time_ms,objective,reference_objective,opt_gap_pct,feasibility_residual,stopping_residual,iterations,status,stopping_mode
1,0.2757921849194162,IPOPT,1.0,1.0e-10,12.625932693481445,36479.1112815715,36479.11128148833,2.279975267104078e-10,1.1546319456101628e-14,NaN,34,INTERRUPTED,gap_and_residual
1,0.2757921849194162,MadNLP,1.0,0.01,18.868207931518555,36479.11128148835,36479.11128148833,5.98366354764433e-14,1.0658141036401503e-14,NaN,35,LOCALLY_SOLVED,residual_tolerance_upper_bound
1,0.2757921849194162,ADMM,1.0,0.01,75.0575065612793,36583.21529060178,36479.11128148833,0.2853797843651901,3.313960217354861e-12,1.2967325250549049,6,converged,gap_callback_with_solver_termination
1,0.2757921849194162,MEL-ADMM,1.0,0.01,13.592958450317383,36480.697500080576,36479.11128148833,0.004348292862743269,3.953615212992645e-12,0.004883653502723462,16,converged,gap_residual_and_feasibility
1,0.2757921849194162,sMEL-ADMM,1.0,0.01,1.625295,36479.51082836895,36479.11128148833,0.001095275807389899,1.9950707752514063e-13,0.007755408821312315,39,converged,gap_residual_and_feasibility
2,0.461889806461838,IPOPT,1.0,1.0e-10,13.45205307006836,36479.11128157209,36479.111281488345,2.2957322477795405e-10,1.4210854715202004e-14,NaN,33,INTERRUPTED,gap_and_residual
2,0.461889806461838,MadNLP,1.0,0.01,17.915010452270508,36479.111281488345,36479.111281488345,0.0,1.3322676295501878e-14,NaN,34,LOCALLY_SOLVED,residual_tolerance_upper_bound
2,0.461889806461838,ADMM,1.0,0.01,69.19693946838379,36588.97204898087,36479.111281488345,0.30116075648003043,2.1490587087669155e-12,1.1342369887193193,6,converged,gap_callback_with_solver_termination
2,0.461889806461838,MEL-ADMM,1.0,0.01,14.928102493286133,36481.10332468669,36479.111281488345,0.005460777766677282,6.201483770951199e-12,0.009822655396108715,18,converged,gap_residual_and_feasibility
2,0.461889806461838,sMEL-ADMM,1.0,0.01,1.491793,36480.506410601054,36479.111281488345,0.0038244602560168297,2.0028423364237824e-13,0.007318320097915887,33,converged,gap_residual_and_feasibility
3,0.4357974476962958,IPOPT,1.0,1.0e-10,12.847185134887695,36479.11128157205,36479.111281488345,2.2945355150700116e-10,1.509903313490213e-14,NaN,33,INTERRUPTED,gap_and_residual
3,0.4357974476962958,MadNLP,1.0,0.01,17.939090728759766,36479.11128148835,36479.111281488345,1.9945545158814427e-14,1.1546319456101628e-14,NaN,34,LOCALLY_SOLVED,residual_tolerance_upper_bound
3,0.4357974476962958,ADMM,1.0,0.01,71.29168510437012,36588.97205553974,36479.111281488345,0.3011607744598424,5.655476087440547e-13,1.134236999084309,6,converged,gap_callback_with_solver_termination
3,0.4357974476962958,MEL-ADMM,1.0,0.01,15.053033828735352,36481.1033245661,36479.111281488345,0.005460777436119763,2.9863889139392086e-12,0.009822655349932319,18,converged,gap_residual_and_feasibility
3,0.4357974476962958,sMEL-ADMM,1.0,0.01,1.34096,36480.24154437264,36479.111281488345,0.0030983838273230856,2.0017321133991572e-13,0.008590060015157608,34,converged,gap_residual_and_feasibility
4,0.38537641182373616,IPOPT,1.0,1.0e-10,14.33110237121582,36479.111281571866,36479.11128148833,2.289948039683485e-10,1.3322676295501878e-14,NaN,33,INTERRUPTED,gap_and_residual
4,0.38537641182373616,MadNLP,1.0,0.01,17.66180992126465,36479.11128148835,36479.11128148833,5.98366354764433e-14,1.1546319456101628e-14,NaN,34,LOCALLY_SOLVED,residual_tolerance_upper_bound
4,0.38537641182373616,ADMM,1.0,0.01,69.60940361022949,36592.7262871647,36479.11128148833,0.31145223029056546,1.3680168109431179e-12,1.0886686008693145,6,converged,gap_callback_with_solver_termination
4,0.38537641182373616,MEL-ADMM,1.0,0.01,15.218019485473633,36481.061830127976,36479.11128148833,0.0053470289464933275,1.7374435223871387e-12,0.009907824207918914,18,converged,gap_residual_and_feasibility
4,0.38537641182373616,sMEL-ADMM,1.0,0.01,1.318289,36479.7758620175,36479.11128148833,0.0018218111840550793,2.000621890374532e-13,0.005389580263102545,34,converged,gap_residual_and_feasibility
5,0.25796867475512036,IPOPT,1.0,1.0e-10,14.349222183227539,36479.1112815714,36479.11128148836,2.2763850689754895e-10,1.0658141036401503e-14,NaN,34,INTERRUPTED,gap_and_residual
5,0.25796867475512036,MadNLP,1.0,0.01,18.667936325073242,36479.11128148833,36479.11128148836,7.978218063525767e-14,1.4210854715202004e-14,NaN,35,LOCALLY_SOLVED,residual_tolerance_upper_bound
5,0.25796867475512036,ADMM,1.0,0.01,74.35321807861328,36634.914342475626,36479.11128148836,0.42710212917475704,6.8753891468986694e-12,1.6832920698078118,6,converged,gap_callback_with_solver_termination
5,0.25796867475512036,MEL-ADMM,1.0,0.01,13.204574584960938,36480.68630144873,36479.11128148836,0.004317594110827412,3.064215547965432e-13,0.007767229395272857,16,converged,gap_residual_and_feasibility
5,0.25796867475512036,sMEL-ADMM,1.0,0.01,1.6903739999999998,36479.7532734889,36479.11128148836,0.001759889366791121,2.0017321133991572e-13,0.008470161315747404,39,converged,gap_residual_and_feasibility
6,0.7208970006295407,IPOPT,1.0,1.0e-10,14.322042465209961,36479.111281571764,36479.11128148838,2.285759475200131e-10,1.4210854715202004e-14,NaN,34,INTERRUPTED,gap_and_residual
6,0.7208970006295407,MadNLP,1.0,0.01,18.54395866394043,36479.11128148836,36479.11128148838,5.983663547644322e-14,1.4210854715202004e-14,NaN,35,LOCALLY_SOLVED,residual_tolerance_upper_bound
6,0.7208970006295407,ADMM,1.0,0.01,75.32858848571777,36721.77550032272,36479.11128148838,0.6652141741114217,6.654676809603188e-13,2.015754984190979,6,converged,gap_callback_with_solver_termination
6,0.7208970006295407,MEL-ADMM,1.0,0.01,16.132354736328125,36480.559471593435,36479.11128148838,0.0039699160812285686,1.3131717935266352e-12,0.005189447970672667,19,converged,gap_residual_and_feasibility
6,0.7208970006295407,sMEL-ADMM,1.0,0.01,1.34671,36480.767222792674,36479.11128148838,0.00453942337441942,2.0039525594484076e-13,0.005848626591147266,33,converged,gap_residual_and_feasibility
7,0.6358466462547939,IPOPT,1.0,1.0e-10,13.622045516967773,36479.111281488345,36479.111281488345,0.0,1.3322676295501878e-14,NaN,34,INTERRUPTED,gap_and_residual
7,0.6358466462547939,MadNLP,1.0,0.01,18.167972564697266,36479.11128148832,36479.111281488345,5.983663547644328e-14,1.0658141036401503e-14,NaN,35,LOCALLY_SOLVED,residual_tolerance_upper_bound
7,0.6358466462547939,ADMM,1.0,0.01,71.95639610290527,36569.804916901754,36479.111281488345,0.24861799596371179,1.5772938510849599e-12,1.162418579251467,6,converged,gap_callback_with_solver_termination
7,0.6358466462547939,MEL-ADMM,1.0,0.01,15.852212905883789,36480.81527858637,36479.111281488345,0.004671158474440617,1.7067458557562531e-12,0.0007075883354197288,19,converged,gap_residual_and_feasibility
7,0.6358466462547939,sMEL-ADMM,1.0,0.01,1.3927500000000002,36480.706824349356,36479.111281488345,0.004373853432718205,2.0106138975961585e-13,0.009599437434578917,32,converged,gap_residual_and_feasibility
8,0.6985131866188585,IPOPT,1.0,1.0e-10,13.781070709228516,36479.111281571895,36479.11128148834,2.290546406038249e-10,1.1546319456101628e-14,NaN,34,INTERRUPTED,gap_and_residual
8,0.6985131866188585,MadNLP,1.0,0.01,18.36109161376953,36479.111281488316,36479.11128148834,5.983663547644329e-14,1.1546319456101628e-14,NaN,35,LOCALLY_SOLVED,residual_tolerance_upper_bound
8,0.6985131866188585,ADMM,1.0,0.01,75.12521743774414,36617.504577215324,36479.11128148834,0.37937682927384037,4.795275287960976e-12,1.499684073955832,6,converged,gap_callback_with_solver_termination
8,0.6985131866188585,MEL-ADMM,1.0,0.01,13.546466827392578,36480.65252144472,36479.11128148834,0.004224993159746747,6.648015471455437e-13,0.005953476151546511,16,converged,gap_residual_and_feasibility
8,0.6985131866188585,sMEL-ADMM,1.0,0.01,1.1546239999999999,36480.74204622582,36479.11128148834,0.004470406981413218,1.999511667349907e-13,0.009948344566659273,32,converged,gap_residual_and_feasibility
9,0.46885009045376125,IPOPT,1.0,1.0e-10,12.660026550292969,36479.111281572106,36479.11128148833,2.296530069585894e-10,1.865174681370263e-14,NaN,33,INTERRUPTED,gap_and_residual
9,0.46885009045376125,MadNLP,1.0,0.01,17.06099510192871,36479.11128148833,36479.11128148833,0.0,1.3322676295501878e-14,NaN,34,LOCALLY_SOLVED,residual_tolerance_upper_bound
9,0.46885009045376125,ADMM,1.0,0.01,68.07422637939453,36588.97204829023,36479.11128148833,0.30116075458681935,7.168154958492323e-13,1.1342369862956891,6,converged,gap_callback_with_solver_termination
9,0.46885009045376125,MEL-ADMM,1.0,0.01,15.86008071899414,36481.10332451983,36479.11128148833,0.005460777309305989,1.8188228700921627e-12,0.009822655411755754,18,converged,gap_residual_and_feasibility
9,0.46885009045376125,sMEL-ADMM,1.0,0.01,1.266417,36480.59363832814,36479.11128148833,0.004063577175352548,2.0067281170099704e-13,0.009634451138071043,32,converged,gap_residual_and_feasibility
10,0.40015212307604836,IPOPT,1.0,1.0e-10,12.88604736328125,36479.11128157194,36479.111281488345,2.2915436832961896e-10,1.3322676295501878e-14,NaN,33,INTERRUPTED,gap_and_residual
10,0.40015212307604836,MadNLP,1.0,0.01,17.279863357543945,36479.11128148836,36479.111281488345,3.9891090317628855e-14,1.509903313490213e-14,NaN,34,LOCALLY_SOLVED,residual_tolerance_upper_bound
10,0.40015212307604836,ADMM,1.0,0.01,69.28372383117676,36588.97205759405,36479.111281488345,0.30116078009130753,7.794875855893224e-13,1.1342369978871965,6,converged,gap_callback_with_solver_termination
10,0.40015212307604836,MEL-ADMM,1.0,0.01,15.036582946777344,36481.10332466127,36479.111281488345,0.005460777697007493,5.677958103689207e-12,0.009822655791892565,18,converged,gap_residual_and_feasibility
10,0.40015212307604836,sMEL-ADMM,1.0,0.01,1.313205,36479.908463075655,36479.111281488345,0.0021853097822432097,2.007283228522283e-13,0.00987835885997157,34,converged,gap_residual_and_feasibility
11,0.7193853112471236,IPOPT,1.0,1.0e-10,14.33110237121582,36479.11128157179,36479.11128148834,2.2877540297160152e-10,1.4210854715202004e-14,NaN,34,INTERRUPTED,gap_and_residual
11,0.7193853112471236,MadNLP,1.0,0.01,18.149852752685547,36479.11128148837,36479.11128148834,7.978218063525772e-14,1.4210854715202004e-14,NaN,35,LOCALLY_SOLVED,residual_tolerance_upper_bound
11,0.7193853112471236,ADMM,1.0,0.01,78.38988304138184,36712.52155427521,36479.11128148834,0.6398463794410478,4.940492459581947e-13,1.9813366152172578,6,converged,gap_callback_with_solver_termination
11,0.7193853112471236,MEL-ADMM,1.0,0.01,16.042470932006836,36480.56288789185,36479.11128148834,0.003979281162611672,1.408095862132086e-12,0.0051070082695057195,19,converged,gap_residual_and_feasibility
11,0.7193853112471236,sMEL-ADMM,1.0,0.01,1.0556649999999999,36480.76621498062,36479.11128148834,0.0045366606645425855,2.000621890374532e-13,0.005841844242837624,33,converged,gap_residual_and_feasibility
12,0.5267441347098047,IPOPT,1.0,1.0e-10,13.401985168457031,36479.11128157216,36479.11128148836,2.2971284359406565e-10,1.1546319456101628e-14,NaN,33,INTERRUPTED,gap_and_residual
12,0.5267441347098047,MadNLP,1.0,0.01,17.822980880737305,36479.11128148833,36479.11128148836,7.978218063525767e-14,1.1546319456101628e-14,NaN,34,LOCALLY_SOLVED,residual_tolerance_upper_bound
12,0.5267441347098047,ADMM,1.0,0.01,69.50068473815918,36588.97204789796,36479.11128148836,0.30116075351141514,1.869504551166301e-12,1.1342369859729011,6,converged,gap_callback_with_solver_termination
12,0.5267441347098047,MEL-ADMM,1.0,0.01,14.738082885742188,36481.10332449198,36479.11128148836,0.005460777232894601,1.1084466677857563e-12,0.009822655378189715,18,converged,gap_residual_and_feasibility
12,0.5267441347098047,sMEL-ADMM,1.0,0.01,1.2177069999999999,36480.67393245661,36479.11128148836,0.004283687056380919,2.000621890374532e-13,0.00905917242724641,32,converged,gap_residual_and_feasibility
13,0.2569077543027698,IPOPT,1.0,1.0e-10,13.65208625793457,36479.11128157141,36479.11128148836,2.2765845244270777e-10,9.769962616701378e-15,NaN,34,INTERRUPTED,gap_and_residual
13,0.2569077543027698,MadNLP,1.0,0.01,18.004179000854492,36479.111281488345,36479.11128148836,3.9891090317628836e-14,1.4210854715202004e-14,NaN,35,LOCALLY_SOLVED,residual_tolerance_upper_bound
13,0.2569077543027698,ADMM,1.0,0.01,74.70130920410156,36639.04026474676,36479.11128148836,0.43841249866073617,6.635914040487023e-12,1.7068042720387986,6,converged,gap_callback_with_solver_termination
13,0.2569077543027698,MEL-ADMM,1.0,0.01,12.68148422241211,36480.68601703055,36479.11128148836,0.004316814436734613,3.703704010149522e-13,0.007967073022348892,16,converged,gap_residual_and_feasibility
13,0.2569077543027698,sMEL-ADMM,1.0,0.01,1.46362,36479.768570205306,36479.11128148836,0.0018018221767355951,1.992850329202156e-13,0.008377648229730639,39,converged,gap_residual_and_feasibility
14,0.26346455923970324,IPOPT,1.0,1.0e-10,13.036966323852539,36479.11128157142,36479.11128148834,2.2775818016850197e-10,1.0658141036401503e-14,NaN,34,INTERRUPTED,gap_and_residual
14,0.26346455923970324,MadNLP,1.0,0.01,17.419099807739258,36479.111281488345,36479.11128148834,1.994554515881443e-14,1.2434497875801753e-14,NaN,35,LOCALLY_SOLVED,residual_tolerance_upper_bound
14,0.26346455923970324,ADMM,1.0,0.01,73.00829887390137,36615.63712662025,36479.11128148834,0.3742575965692204,4.695577260349637e-12,1.559968521484815,6,converged,gap_callback_with_solver_termination
14,0.26346455923970324,MEL-ADMM,1.0,0.01,12.662887573242188,36480.68858725445,36479.11128148834,0.00432386017834263,1.9509949211737876e-12,0.006742692545667062,16,converged,gap_residual_and_feasibility
14,0.26346455923970324,sMEL-ADMM,1.0,0.01,1.5686229999999999,36479.67453472532,36479.11128148834,0.0015440431995153961,1.996736109788344e-13,0.008183911172571001,39,converged,gap_residual_and_feasibility
15,0.675422755642642,IPOPT,1.0,1.0e-10,12.711048126220703,36479.11134601534,36479.11128148833,1.768875658795748e-7,1.687538997430238e-14,NaN,33,INTERRUPTED,gap_and_residual
15,0.675422755642642,MadNLP,1.0,0.01,17.927885055541992,36479.11128148834,36479.11128148833,1.9945545158814434e-14,1.1546319456101628e-14,NaN,35,LOCALLY_SOLVED,residual_tolerance_upper_bound
15,0.675422755642642,ADMM,1.0,0.01,74.68771934509277,36568.006885390794,36479.11128148833,0.2436890614371251,1.7701395904623496e-12,1.1227303074297001,6,converged,gap_callback_with_solver_termination
15,0.675422755642642,MEL-ADMM,1.0,0.01,13.48567008972168,36480.6651799593,36479.11128148833,0.004259693880644442,9.26037024839843e-13,0.006282140187695795,16,converged,gap_residual_and_feasibility
15,0.675422755642642,sMEL-ADMM,1.0,0.01,1.338917,36480.727797778396,36479.11128148833,0.004431347785836846,2.0028423364237824e-13,0.009809061621252724,32,converged,gap_residual_and_feasibility
16,0.4329462404269192,IPOPT,1.0,1.0e-10,13.024091720581055,36479.11128157208,36479.11128148834,2.2955327923279529e-10,1.4210854715202004e-14,NaN,33,INTERRUPTED,gap_and_residual
16,0.4329462404269192,MadNLP,1.0,0.01,18.83101463317871,36479.11128148836,36479.11128148834,5.983663547644329e-14,1.1546319456101628e-14,NaN,34,LOCALLY_SOLVED,residual_tolerance_upper_bound
16,0.4329462404269192,ADMM,1.0,0.01,67.83390045166016,36588.97205507087,36479.11128148834,0.30116077317455153,3.2507330161024584e-13,1.1342369941657182,6,converged,gap_callback_with_solver_termination
16,0.4329462404269192,MEL-ADMM,1.0,0.01,14.577388763427734,36481.10332451529,36479.11128148834,0.005460777296840022,1.7086887460493472e-12,0.009822655302120786,18,converged,gap_residual_and_feasibility
16,0.4329462404269192,sMEL-ADMM,1.0,0.01,1.2415010000000002,36480.189865737404,36479.11128148834,0.002956717450551586,2.0000667788622195e-13,0.0088262933767016,33,converged,gap_residual_and_feasibility
17,0.2779516321195472,IPOPT,1.0,1.0e-10,13.30113410949707,36479.111281571524,36479.11128148834,2.2803741780072538e-10,1.687538997430238e-14,NaN,34,INTERRUPTED,gap_and_residual
17,0.2779516321195472,MadNLP,1.0,0.01,17.900943756103516,36479.11128148834,36479.11128148834,0.0,1.5987211554602254e-14,NaN,35,LOCALLY_SOLVED,residual_tolerance_upper_bound
17,0.2779516321195472,ADMM,1.0,0.01,75.71196556091309,36578.908653585146,36479.11128148834,0.2735740224774901,1.111166714196088e-12,1.2539649771865786,6,converged,gap_callback_with_solver_termination
17,0.2779516321195472,MEL-ADMM,1.0,0.01,12.83121109008789,36480.69769956208,36479.11128148834,0.00434883970034059,4.0123460109953157e-13,0.004901742515116325,16,converged,gap_residual_and_feasibility
17,0.2779516321195472,sMEL-ADMM,1.0,0.01,1.386413,36479.49362298774,36479.11128148834,0.0010481107844258666,2.0017321133991572e-13,0.00792625521755852,39,converged,gap_residual_and_feasibility
18,0.35417114365979185,IPOPT,1.0,1.0e-10,12.630939483642578,36479.1112815699,36479.11128148837,2.2350977904967434e-10,1.1546319456101628e-14,NaN,33,INTERRUPTED,gap_and_residual
18,0.35417114365979185,MadNLP,1.0,0.01,17.016887664794922,36479.11128148833,36479.11128148837,9.972772579407208e-14,9.769962616701378e-15,NaN,34,LOCALLY_SOLVED,residual_tolerance_upper_bound
18,0.35417114365979185,ADMM,1.0,0.01,70.30248641967773,36584.12351123438,36479.11128148837,0.28786948491067127,3.5782488083668795e-13,1.1748219916012301,6,converged,gap_callback_with_solver_termination
18,0.35417114365979185,MEL-ADMM,1.0,0.01,15.484809875488281,36480.92447901369,36479.11128148837,0.004970509043733516,2.474742633040705e-12,0.0011737851230098073,19,converged,gap_residual_and_feasibility
18,0.35417114365979185,sMEL-ADMM,1.0,0.01,1.000709,36479.54676182571,36479.11128148837,0.0011937800073643372,1.9972912213006566e-13,0.009796346177092019,31,converged,gap_residual_and_feasibility
19,0.591016545349401,IPOPT,1.0,1.0e-10,13.3209228515625,36479.111281572004,36479.11128148833,2.29373769326366e-10,1.3322676295501878e-14,NaN,33,INTERRUPTED,gap_and_residual
19,0.591016545349401,MadNLP,1.0,0.01,18.254995346069336,36479.11128148835,36479.11128148833,5.98366354764433e-14,1.1546319456101628e-14,NaN,34,LOCALLY_SOLVED,residual_tolerance_upper_bound
19,0.591016545349401,ADMM,1.0,0.01,70.3277587890625,36596.16738155717,36479.11128148833,0.32088528463751437,2.5486279753295094e-12,1.0604843543485742,6,converged,gap_callback_with_solver_termination
19,0.591016545349401,MEL-ADMM,1.0,0.01,14.405250549316406,36481.00859175854,36479.11128148833,0.005201086878370128,5.554001702989808e-12,0.009905328965674087,18,converged,gap_residual_and_feasibility
19,0.591016545349401,sMEL-ADMM,1.0,0.01,1.025374,36480.692827228515,36479.11128148833,0.004335483197439224,1.999511667349907e-13,0.009379181299015826,32,converged,gap_residual_and_feasibility
20,0.5330147075864293,IPOPT,1.0,1.0e-10,12.54415512084961,36479.11128157213,36479.11128148834,2.2969289804890697e-10,1.509903313490213e-14,NaN,33,INTERRUPTED,gap_and_residual
20,0.5330147075864293,MadNLP,1.0,0.01,16.90816879272461,36479.11128148834,36479.11128148834,0.0,1.1546319456101628e-14,NaN,34,LOCALLY_SOLVED,residual_tolerance_upper_bound
20,0.5330147075864293,ADMM,1.0,0.01,67.74449348449707,36588.97204840357,36479.11128148834,0.30116075489751104,2.9309887850104133e-13,1.1342369893734157,6,converged,gap_callback_with_solver_termination
20,0.5330147075864293,MEL-ADMM,1.0,0.01,14.454364776611328,36481.1033246362,36479.11128148834,0.005460777628295091,4.871547609752724e-12,0.009822655399638336,18,converged,gap_residual_and_feasibility
20,0.5330147075864293,sMEL-ADMM,1.0,0.01,0.929128,36480.67557862445,36479.11128148834,0.004288199687864447,2.007283228522283e-13,0.009092384476083737,32,converged,gap_residual_and_feasibility
21,0.4724846693080612,IPOPT,1.0,1.0e-10,13.75579833984375,36479.11128157212,36479.11128148833,2.2969289804890702e-10,1.1546319456101628e-14,NaN,33,INTERRUPTED,gap_and_residual
21,0.4724846693080612,MadNLP,1.0,0.01,17.54593849182129,36479.11128148834,36479.11128148833,1.9945545158814434e-14,1.2434497875801753e-14,NaN,34,LOCALLY_SOLVED,residual_tolerance_upper_bound
21,0.4724846693080612,ADMM,1.0,0.01,69.76318359375,36588.972049663374,36479.11128148833,0.3011607583510224,2.5504043321689096e-12,1.134236988827027,6,converged,gap_callback_with_solver_termination
21,0.4724846693080612,MEL-ADMM,1.0,0.01,14.260053634643555,36481.103324427306,36479.11128148833,0.005460777055678437,5.789257961907879e-13,0.009822655414428283,18,converged,gap_residual_and_feasibility
21,0.4724846693080612,sMEL-ADMM,1.0,0.01,1.165251,36480.63161682755,36479.11128148833,0.004167687440324987,2.0000667788622195e-13,0.009241882902406573,32,converged,gap_residual_and_feasibility
22,0.34714340215163997,IPOPT,1.0,1.0e-10,14.201164245605469,36479.11128155827,36479.11128148834,1.9169663452136548e-10,1.1546319456101628e-14,NaN,34,INTERRUPTED,gap_and_residual
22,0.34714340215163997,MadNLP,1.0,0.01,17.704010009765625,36479.11128148832,36479.11128148834,3.989109031762886e-14,1.687538997430238e-14,NaN,35,LOCALLY_SOLVED,residual_tolerance_upper_bound
22,0.34714340215163997,ADMM,1.0,0.01,71.72203063964844,36578.07107016256,36479.11128148834,0.2712779593521444,2.8421709430404007e-13,1.1760219364854096,6,converged,gap_callback_with_solver_termination
22,0.34714340215163997,MEL-ADMM,1.0,0.01,15.152454376220703,36480.88854763299,36479.11128148834,0.004872010534841426,4.518385665619462e-12,0.0009576261534185448,19,converged,gap_residual_and_feasibility
22,0.34714340215163997,sMEL-ADMM,1.0,0.01,1.3459139999999998,36479.569042520125,36479.11128148834,0.0012548579603659335,2.0056178939853453e-13,0.006656847607786176,35,converged,gap_residual_and_feasibility
23,0.2702404435837083,IPOPT,1.0,1.0e-10,14.736175537109375,36479.11128157148,36479.11128148835,2.2787785343945478e-10,1.2434497875801753e-14,NaN,34,INTERRUPTED,gap_and_residual
23,0.2702404435837083,MadNLP,1.0,0.01,17.52305030822754,36479.11128148834,36479.11128148835,3.989109031762884e-14,1.0658141036401503e-14,NaN,35,LOCALLY_SOLVED,residual_tolerance_upper_bound
23,0.2702404435837083,ADMM,1.0,0.01,73.37331771850586,36596.02328845087,36479.11128148835,0.3204902829468013,5.691724869194559e-12,1.4074634070919494,6,converged,gap_callback_with_solver_termination
23,0.2702404435837083,MEL-ADMM,1.0,0.01,13.063430786132812,36480.693266380134,36479.11128148835,0.00433668704145364,3.048505892166986e-12,0.005523607831406707,16,converged,gap_residual_and_feasibility
23,0.2702404435837083,sMEL-ADMM,1.0,0.01,1.424084,36479.579304062594,36479.11128148835,0.0012829878738817673,1.9984014443252818e-13,0.008052057380041333,39,converged,gap_residual_and_feasibility
24,0.509143559208959,IPOPT,1.0,1.0e-10,12.521028518676758,36479.111281572135,36479.11128148833,2.2973278913922465e-10,1.5987211554602254e-14,NaN,33,INTERRUPTED,gap_and_residual
24,0.509143559208959,MadNLP,1.0,0.01,17.59791374206543,36479.111281488316,36479.11128148833,3.989109031762887e-14,1.0658141036401503e-14,NaN,34,LOCALLY_SOLVED,residual_tolerance_upper_bound
24,0.509143559208959,ADMM,1.0,0.01,69.5028305053711,36588.972048069445,36479.11128148833,0.30116075398159176,7.005507285384738e-13,1.1342369920340163,6,converged,gap_callback_with_solver_termination
24,0.509143559208959,MEL-ADMM,1.0,0.01,14.467477798461914,36481.10332454539,36479.11128148833,0.005460777379374689,2.4782398355682744e-12,0.009822655260252944,18,converged,gap_residual_and_feasibility
24,0.509143559208959,sMEL-ADMM,1.0,0.01,1.0212050000000001,36480.669360852975,36479.11128148833,0.004271154942951515,2.0028423364237824e-13,0.008963061386848992,32,converged,gap_residual_and_feasibility
25,0.608597687821486,IPOPT,1.0,1.0e-10,12.601852416992188,36479.11128157197,36479.111281488345,2.292341505102542e-10,1.2434497875801753e-14,NaN,33,INTERRUPTED,gap_and_residual
25,0.608597687821486,MadNLP,1.0,0.01,17.024993896484375,36479.111281488345,36479.111281488345,0.0,1.2434497875801753e-14,NaN,34,LOCALLY_SOLVED,residual_tolerance_upper_bound
25,0.608597687821486,ADMM,1.0,0.01,69.23747062683105,36591.891191271694,36479.111281488345,0.3091629862172101,3.659295089164516e-13,1.1427883667795617,6,converged,gap_callback_with_solver_termination
25,0.608597687821486,MEL-ADMM,1.0,0.01,15.476465225219727,36480.9499273418,36479.111281488345,0.005040270414659171,3.705147300081535e-12,0.0013427832289778507,19,converged,gap_residual_and_feasibility
25,0.608597687821486,sMEL-ADMM,1.0,0.01,1.078541,36480.770385118325,36479.111281488345,0.004548092241549704,1.999511667349907e-13,0.009753229191881374,29,converged,gap_residual_and_feasibility
26,0.5156405416126328,IPOPT,1.0,1.0e-10,14.106988906860352,36479.11128157214,36479.111281488345,2.2971284359406576e-10,1.3322676295501878e-14,NaN,33,INTERRUPTED,gap_and_residual
26,0.5156405416126328,MadNLP,1.0,0.01,17.078161239624023,36479.11128148834,36479.111281488345,1.9945545158814427e-14,1.2434497875801753e-14,NaN,34,LOCALLY_SOLVED,residual_tolerance_upper_bound
26,0.5156405416126328,ADMM,1.0,0.01,67.30294227600098,36588.97204822436,36479.111281488345,0.3011607544062123,3.304023721284466e-13,1.1342369910321821,6,converged,gap_callback_with_solver_termination
26,0.5156405416126328,MEL-ADMM,1.0,0.01,14.914989471435547,36481.103324407406,36479.111281488345,0.005460777001087477,1.102340441150318e-12,0.009822655326730434,18,converged,gap_residual_and_feasibility
26,0.5156405416126328,sMEL-ADMM,1.0,0.01,1.305045,36480.67104450809,36479.111281488345,0.004275770338012426,2.0017321133991572e-13,0.008999197670357617,32,converged,gap_residual_and_feasibility
27,0.7328939743119018,IPOPT,1.0,1.0e-10,13.324975967407227,36479.111281571735,36479.111281488345,2.2859589306517213e-10,1.2434497875801753e-14,NaN,34,INTERRUPTED,gap_and_residual
27,0.7328939743119018,MadNLP,1.0,0.01,19.006013870239258,36479.11128148834,36479.111281488345,1.9945545158814427e-14,1.0658141036401503e-14,NaN,35,LOCALLY_SOLVED,residual_tolerance_upper_bound
27,0.7328939743119018,ADMM,1.0,0.01,78.70864868164062,36808.89392542298,36479.111281488345,0.904031464445196,1.500466417780899e-12,2.2995016797001595,6,converged,gap_callback_with_solver_termination
27,0.7328939743119018,MEL-ADMM,1.0,0.01,15.058755874633789,36480.5340949622,36479.111281488345,0.0039003512527275835,3.823830141413964e-12,0.0058196284177434165,19,converged,gap_residual_and_feasibility
27,0.7328939743119018,sMEL-ADMM,1.0,0.01,1.181961,36480.77518462581,36479.111281488345,0.004561249106717145,2.0061730054976579e-13,0.005902487419575664,33,converged,gap_residual_and_feasibility
28,0.3874249457193082,IPOPT,1.0,1.0e-10,15.201091766357422,36479.11128157188,36479.11128148834,2.2901474951350728e-10,1.2434497875801753e-14,NaN,33,INTERRUPTED,gap_and_residual
28,0.3874249457193082,MadNLP,1.0,0.01,17.376184463500977,36479.11128148833,36479.11128148834,1.994554515881443e-14,1.2434497875801753e-14,NaN,34,LOCALLY_SOLVED,residual_tolerance_upper_bound
28,0.3874249457193082,ADMM,1.0,0.01,70.69849967956543,36591.16076080079,36479.11128148834,0.30716066092682787,4.386102592235375e-12,1.108479378985697,6,converged,gap_callback_with_solver_termination
28,0.3874249457193082,MEL-ADMM,1.0,0.01,15.31076431274414,36481.075376909626,36479.11128148834,0.005384164669288199,3.784139668283615e-12,0.009890682996209321,18,converged,gap_residual_and_feasibility
28,0.3874249457193082,sMEL-ADMM,1.0,0.01,1.42775,36479.790857029875,36479.11128148834,0.0018629169342778444,1.9945156637390937e-13,0.004791752693190432,34,converged,gap_residual_and_feasibility
29,0.39897867351998323,IPOPT,1.0,1.0e-10,13.443946838378906,36479.111281571946,36479.11128148836,2.2913442278446004e-10,1.0658141036401503e-14,NaN,33,INTERRUPTED,gap_and_residual
29,0.39897867351998323,MadNLP,1.0,0.01,17.550945281982422,36479.11128148835,36479.11128148836,1.9945545158814418e-14,1.0658141036401503e-14,NaN,34,LOCALLY_SOLVED,residual_tolerance_upper_bound
29,0.39897867351998323,ADMM,1.0,0.01,70.02758979797363,36588.97205702558,36479.11128148836,0.30116077853292206,2.4311663793241678e-12,1.1342369984401133,6,converged,gap_callback_with_solver_termination
29,0.39897867351998323,MEL-ADMM,1.0,0.01,14.903783798217773,36481.10332473652,36479.11128148836,0.005460777903244428,7.69895258656561e-12,0.009822655615102427,18,converged,gap_residual_and_feasibility
29,0.39897867351998323,sMEL-ADMM,1.0,0.01,1.08525,36479.895800967395,36479.11128148836,0.002150599210001414,2.0017321133991572e-13,0.009046389101403207,34,converged,gap_residual_and_feasibility
30,0.37412909015079604,IPOPT,1.0,1.0e-10,12.77303695678711,36479.111345991754,36479.11128148836,1.7682282263998912e-7,1.5987211554602254e-14,NaN,32,INTERRUPTED,gap_and_residual
30,0.37412909015079604,MadNLP,1.0,0.01,18.04494857788086,36479.11128148834,36479.11128148836,5.983663547644325e-14,9.769962616701378e-15,NaN,34,LOCALLY_SOLVED,residual_tolerance_upper_bound
30,0.37412909015079604,ADMM,1.0,0.01,68.00341606140137,36596.940566661564,36479.11128148836,0.3230048129845681,3.2559510643181966e-12,1.1049835058640154,6,converged,gap_callback_with_solver_termination
30,0.37412909015079604,MEL-ADMM,1.0,0.01,14.440774917602539,36480.986092070634,36479.11128148836,0.00513940859964319,7.685851954875034e-12,0.009922289510184257,18,converged,gap_residual_and_feasibility
30,0.37412909015079604,sMEL-ADMM,1.0,0.01,1.402376,36479.68142264941,36479.11128148836,0.0015629250303012608,2.0056178939853453e-13,0.007620974409816128,33,converged,gap_residual_and_feasibility
31,0.44054030536947375,IPOPT,1.0,1.0e-10,13.011932373046875,36479.111281572055,36479.11128148833,2.295133881424777e-10,1.1546319456101628e-14,NaN,33,INTERRUPTED,gap_and_residual
31,0.44054030536947375,MadNLP,1.0,0.01,17.457962036132812,36479.11128148834,36479.11128148833,1.9945545158814434e-14,1.5987211554602254e-14,NaN,34,LOCALLY_SOLVED,residual_tolerance_upper_bound
31,0.44054030536947375,ADMM,1.0,0.01,69.45276260375977,36588.97205517775,36479.11128148833,0.30116077346755166,1.4345191701181648e-12,1.1342369957530165,6,converged,gap_callback_with_solver_termination
31,0.44054030536947375,MEL-ADMM,1.0,0.01,14.456033706665039,36481.10332440712,36479.11128148833,0.005460777000349494,1.0714762410657386e-12,0.009822655084295029,18,converged,gap_residual_and_feasibility
31,0.44054030536947375,sMEL-ADMM,1.0,0.01,1.2677509999999999,36480.2787632787,36479.11128148833,0.003200411822976462,2.0028423364237824e-13,0.00954804648936225,34,converged,gap_residual_and_feasibility
32,0.6219976619441033,IPOPT,1.0,1.0e-10,14.063119888305664,36479.11128156979,36479.11128148835,2.2325048696260984e-10,1.0658141036401503e-14,NaN,33,INTERRUPTED,gap_and_residual
32,0.6219976619441033,MadNLP,1.0,0.01,17.425060272216797,36479.11128148834,36479.11128148835,3.989109031762884e-14,1.2434497875801753e-14,NaN,34,LOCALLY_SOLVED,residual_tolerance_upper_bound
32,0.6219976619441033,ADMM,1.0,0.01,70.98746299743652,36580.97380107575,36479.11128148835,0.27923520066424545,2.9398705692074145e-13,1.1658918385188883,6,converged,gap_callback_with_solver_termination
32,0.6219976619441033,MEL-ADMM,1.0,0.01,15.032529830932617,36480.87683775385,36479.11128148835,0.004839910303390833,8.035128118422108e-12,0.0009839679953387304,19,converged,gap_residual_and_feasibility
32,0.6219976619441033,sMEL-ADMM,1.0,0.01,1.163793,36480.77772675111,36479.11128148835,0.004568217821701369,2.000621890374532e-13,0.009983805143225055,29,converged,gap_residual_and_feasibility
33,0.6603922323320581,IPOPT,1.0,1.0e-10,12.660026550292969,36479.11134600765,36479.11128148834,1.7686646349279673e-7,1.2434497875801753e-14,NaN,33,INTERRUPTED,gap_and_residual
33,0.6603922323320581,MadNLP,1.0,0.01,17.60387420654297,36479.11128148834,36479.11128148834,0.0,1.2434497875801753e-14,NaN,35,LOCALLY_SOLVED,residual_tolerance_upper_bound
33,0.6603922323320581,ADMM,1.0,0.01,71.14434242248535,36558.063817718496,36479.11128148834,0.21643218120344565,3.055777852978281e-12,1.130070180689426,6,converged,gap_callback_with_solver_termination
33,0.6603922323320581,MEL-ADMM,1.0,0.01,12.589454650878906,36480.680313621335,36479.11128148834,0.004301179710463159,2.03759231709455e-12,0.008492140273242299,16,converged,gap_residual_and_feasibility
33,0.6603922323320581,sMEL-ADMM,1.0,0.01,0.9897949999999999,36480.71852163026,36479.11128148834,0.004405919128676756,1.9972912213006566e-13,0.009727657884441854,32,converged,gap_residual_and_feasibility
34,0.3928217334956574,IPOPT,1.0,1.0e-10,12.518167495727539,36479.11128157192,36479.111281488345,2.290945316941425e-10,1.1546319456101628e-14,NaN,33,INTERRUPTED,gap_and_residual
34,0.3928217334956574,MadNLP,1.0,0.01,17.244815826416016,36479.11128148835,36479.111281488345,1.9945545158814427e-14,1.687538997430238e-14,NaN,34,LOCALLY_SOLVED,residual_tolerance_upper_bound
34,0.3928217334956574,ADMM,1.0,0.01,67.7037239074707,36588.97205767034,36479.111281488345,0.3011607803004365,5.594413821086164e-13,1.134236997907628,6,converged,gap_callback_with_solver_termination
34,0.3928217334956574,MEL-ADMM,1.0,0.01,14.638423919677734,36481.10332458118,36479.111281488345,0.005460777477446932,3.6652347823462605e-12,0.00982265558200801,18,converged,gap_residual_and_feasibility
34,0.3928217334956574,sMEL-ADMM,1.0,0.01,1.072166,36479.83511251573,36479.111281488345,0.001984234269845596,1.999511667349907e-13,0.005553617286143009,34,converged,gap_residual_and_feasibility
35,0.27881544293397387,IPOPT,1.0,1.0e-10,13.496875762939453,36479.11128157154,36479.11128148835,2.2803741780072528e-10,9.769962616701378e-15,NaN,34,INTERRUPTED,gap_and_residual
35,0.27881544293397387,MadNLP,1.0,0.01,17.596960067749023,36479.11128148833,36479.11128148835,5.983663547644327e-14,1.1546319456101628e-14,NaN,35,LOCALLY_SOLVED,residual_tolerance_upper_bound
35,0.27881544293397387,ADMM,1.0,0.01,74.62549209594727,36577.288493636304,36479.11128148835,0.2691326863485639,1.166289287368727e-12,1.236888865222892,6,converged,gap_callback_with_solver_termination
35,0.27881544293397387,MEL-ADMM,1.0,0.01,13.106107711791992,36480.69779634494,36479.11128148835,0.00434910501065683,1.4796497360691774e-12,0.00490904101743439,16,converged,gap_residual_and_feasibility
35,0.27881544293397387,sMEL-ADMM,1.0,0.01,1.490709,36479.488352366345,36479.11128148835,0.0010336624570769911,2.0028423364237824e-13,0.007941449331406503,39,converged,gap_residual_and_feasibility
36,0.5816818806183403,IPOPT,1.0,1.0e-10,13.255119323730469,36479.111281572055,36479.11128148835,2.294535515070011e-10,1.865174681370263e-14,NaN,33,INTERRUPTED,gap_and_residual
36,0.5816818806183403,MadNLP,1.0,0.01,17.444849014282227,36479.11128148833,36479.11128148835,5.983663547644327e-14,1.5987211554602254e-14,NaN,34,LOCALLY_SOLVED,residual_tolerance_upper_bound
36,0.5816818806183403,ADMM,1.0,0.01,69.4437026977539,36591.40465612422,36479.11128148835,0.3078292499215922,3.116062963215427e-12,1.1073566935047845,6,converged,gap_callback_with_solver_termination
36,0.5816818806183403,MEL-ADMM,1.0,0.01,15.033721923828125,36481.073671479535,36479.11128148835,0.005379489582516139,2.528977027793644e-12,0.009889819449051984,18,converged,gap_residual_and_feasibility
36,0.5816818806183403,sMEL-ADMM,1.0,0.01,1.050709,36480.689943535486,36479.11128148835,0.004327578144521997,1.9984014443252818e-13,0.009334419368785873,32,converged,gap_residual_and_feasibility
37,0.28534507615587235,IPOPT,1.0,1.0e-10,14.307022094726562,36479.111281571575,36479.11128148833,2.2819698216199593e-10,1.509903313490213e-14,NaN,34,INTERRUPTED,gap_and_residual
37,0.28534507615587235,MadNLP,1.0,0.01,17.971038818359375,36479.11128148833,36479.11128148833,0.0,1.3322676295501878e-14,NaN,35,LOCALLY_SOLVED,residual_tolerance_upper_bound
37,0.28534507615587235,ADMM,1.0,0.01,73.7919807434082,36566.78307942015,36479.11128148833,0.24033424842866147,1.7085222125956534e-12,1.115040750870385,6,converged,gap_callback_with_solver_termination
37,0.28534507615587235,MEL-ADMM,1.0,0.01,12.656211853027344,36480.69946465878,36479.11128148833,0.004353678350854907,1.5821233212420793e-12,0.005164956170324864,16,converged,gap_residual_and_feasibility
37,0.28534507615587235,sMEL-ADMM,1.0,0.01,1.339667,36479.45809760783,36479.11128148833,0.0009507252433362094,2.0011770018868447e-13,0.007512901016038853,39,converged,gap_residual_and_feasibility
38,0.7267954993753094,IPOPT,1.0,1.0e-10,12.93802261352539,36479.11128157175,36479.111281488345,2.2863578415548976e-10,1.3322676295501878e-14,NaN,34,INTERRUPTED,gap_and_residual
38,0.7267954993753094,MadNLP,1.0,0.01,17.436981201171875,36479.11128148836,36479.111281488345,3.9891090317628855e-14,1.4210854715202004e-14,NaN,35,LOCALLY_SOLVED,residual_tolerance_upper_bound
38,0.7267954993753094,ADMM,1.0,0.01,76.47228240966797,36761.431803578314,36479.111281488345,0.7739237941173066,1.3592460490485792e-12,2.155739421472467,6,converged,gap_callback_with_solver_termination
38,0.7267954993753094,MEL-ADMM,1.0,0.01,15.040159225463867,36480.54634656093,36479.111281488345,0.003933936497271627,1.4638290579682689e-12,0.005508427523849946,19,converged,gap_residual_and_feasibility
38,0.7267954993753094,sMEL-ADMM,1.0,0.01,1.400127,36480.77113486666,36479.111281488345,0.004550147522810906,2.0083934515469082e-13,0.005874894850077084,33,converged,gap_residual_and_feasibility
39,0.4508793717567228,IPOPT,1.0,1.0e-10,12.656927108764648,36479.11128157208,36479.11128148834,2.2955327923279529e-10,1.4210854715202004e-14,NaN,33,INTERRUPTED,gap_and_residual
39,0.4508793717567228,MadNLP,1.0,0.01,16.98899269104004,36479.11128148835,36479.11128148834,3.989109031762886e-14,1.2434497875801753e-14,NaN,34,LOCALLY_SOLVED,residual_tolerance_upper_bound
39,0.4508793717567228,ADMM,1.0,0.01,67.79098510742188,36588.97205479953,36479.11128148834,0.3011607724307223,1.7733592372337625e-12,1.1342369953591405,6,converged,gap_callback_with_solver_termination
39,0.4508793717567228,MEL-ADMM,1.0,0.01,14.432191848754883,36481.103324496085,36479.11128148834,0.005460777244203728,1.180500142083929e-12,0.009822655334279062,18,converged,gap_residual_and_feasibility
39,0.4508793717567228,sMEL-ADMM,1.0,0.01,1.178415,36480.41636935592,36479.11128148834,0.0035776306541788717,2.0106138975961585e-13,0.009147078425876032,36,converged,gap_residual_and_feasibility
40,0.6116850634187863,IPOPT,1.0,1.0e-10,12.768030166625977,36479.11128157148,36479.111281488345,2.2789779898461363e-10,1.4210854715202004e-14,NaN,33,INTERRUPTED,gap_and_residual
40,0.6116850634187863,MadNLP,1.0,0.01,17.38595962524414,36479.11128148832,36479.111281488345,5.983663547644328e-14,1.3322676295501878e-14,NaN,34,LOCALLY_SOLVED,residual_tolerance_upper_bound
40,0.6116850634187863,ADMM,1.0,0.01,70.93238830566406,36588.659745312616,36479.111281488345,0.3003046400416612,1.8893775433070914e-12,1.1411092610514046,6,converged,gap_callback_with_solver_termination
40,0.6116850634187863,MEL-ADMM,1.0,0.01,14.946937561035156,36480.93085230491,36479.111281488345,0.004987980114222757,1.2589929099249275e-12,0.0012546255177134924,19,converged,gap_residual_and_feasibility
40,0.6116850634187863,sMEL-ADMM,1.0,0.01,1.291415,36480.7720633058,36479.111281488345,0.004552692648231524,2.0039525594484076e-13,0.009760668998582744,29,converged,gap_residual_and_feasibility
41,0.4868256657990442,IPOPT,1.0,1.0e-10,13.978958129882812,36479.11128157212,36479.111281488345,2.296530069585893e-10,1.0658141036401503e-14,NaN,33,INTERRUPTED,gap_and_residual
41,0.4868256657990442,MadNLP,1.0,0.01,17.667055130004883,36479.11128148833,36479.111281488345,3.9891090317628855e-14,9.769962616701378e-15,NaN,34,LOCALLY_SOLVED,residual_tolerance_upper_bound
41,0.4868256657990442,ADMM,1.0,0.01,69.11420822143555,36588.97204672756,36479.111281488345,0.30116075030305467,3.6415315207705135e-13,1.1342369799634673,6,converged,gap_callback_with_solver_termination
41,0.4868256657990442,MEL-ADMM,1.0,0.01,14.502286911010742,36481.10332453363,36479.111281488345,0.005460777347102794,2.1311286069192192e-12,0.009822655442463635,18,converged,gap_residual_and_feasibility
41,0.4868256657990442,sMEL-ADMM,1.0,0.01,1.207332,36480.66442289431,36479.111281488345,0.004257618542242755,2.0078383400345956e-13,0.008837204370815144,32,converged,gap_residual_and_feasibility
42,0.6930088414984616,IPOPT,1.0,1.0e-10,12.871980667114258,36479.11128157194,36479.11128148837,2.2909453169414236e-10,1.3322676295501878e-14,NaN,34,INTERRUPTED,gap_and_residual
42,0.6930088414984616,MadNLP,1.0,0.01,17.453908920288086,36479.111281488345,36479.11128148837,5.983663547644324e-14,1.1546319456101628e-14,NaN,35,LOCALLY_SOLVED,residual_tolerance_upper_bound
42,0.6930088414984616,ADMM,1.0,0.01,71.65694236755371,36601.49641867737,36479.11128148837,0.3354937466667682,8.193445921733655e-13,1.372705660864121,6,converged,gap_callback_with_solver_termination
42,0.6930088414984616,MEL-ADMM,1.0,0.01,13.221025466918945,36480.655729551065,36479.11128148837,0.004233787525084875,3.703704010149522e-13,0.00493288069767317,16,converged,gap_residual_and_feasibility
42,0.6930088414984616,sMEL-ADMM,1.0,0.01,1.114292,36480.738660120725,36479.11128148837,0.004461124668856683,2.0039525594484076e-13,0.009913423596961124,32,converged,gap_residual_and_feasibility
43,0.6545689732203787,IPOPT,1.0,1.0e-10,13.842105865478516,36479.11134601561,36479.11128148834,1.7688828391920046e-7,1.3322676295501878e-14,NaN,33,INTERRUPTED,gap_and_residual
43,0.6545689732203787,MadNLP,1.0,0.01,18.361806869506836,36479.111281488345,36479.11128148834,1.994554515881443e-14,1.3322676295501878e-14,NaN,35,LOCALLY_SOLVED,residual_tolerance_upper_bound
43,0.6545689732203787,ADMM,1.0,0.01,71.42210006713867,36558.531854740395,36479.11128148834,0.217715208682618,1.5776269179923474e-12,1.1383402975713643,6,converged,gap_callback_with_solver_termination
43,0.6545689732203787,MEL-ADMM,1.0,0.01,13.133764266967773,36480.69321978123,36479.11128148834,0.004336559300149835,4.839240119736132e-12,0.009417197288703605,16,converged,gap_residual_and_feasibility
43,0.6545689732203787,sMEL-ADMM,1.0,0.01,1.269165,36480.714936308475,36479.11128148834,0.004396090704520802,1.9972912213006566e-13,0.009696946048894262,32,converged,gap_residual_and_feasibility
44,0.28576540787769134,IPOPT,1.0,1.0e-10,13.370990753173828,36479.11128157158,36479.11128148834,2.281969821619959e-10,1.4210854715202004e-14,NaN,34,INTERRUPTED,gap_and_residual
44,0.28576540787769134,MadNLP,1.0,0.01,17.57216453552246,36479.111281488345,36479.11128148834,1.994554515881443e-14,1.2434497875801753e-14,NaN,35,LOCALLY_SOLVED,residual_tolerance_upper_bound
44,0.28576540787769134,ADMM,1.0,0.01,71.8240737915039,36566.215297133334,36479.11128148834,0.23877778976813502,1.2041478925084448e-12,1.114739386631598,6,converged,gap_callback_with_solver_termination
44,0.28576540787769134,MEL-ADMM,1.0,0.01,12.906789779663086,36480.69981021606,36479.11128148834,0.0043546256252295,8.174572130315028e-13,0.00522509318301978,16,converged,gap_residual_and_feasibility
44,0.28576540787769134,sMEL-ADMM,1.0,0.01,1.551499,36479.45637716525,36479.11128148834,0.0009460090029208248,1.995625886763719e-13,0.007533021383524741,39,converged,gap_residual_and_feasibility
45,0.7041459771315879,IPOPT,1.0,1.0e-10,13.247966766357422,36479.11128157188,36479.111281488345,2.2899480396834843e-10,1.2434497875801753e-14,NaN,34,INTERRUPTED,gap_and_residual
45,0.7041459771315879,MadNLP,1.0,0.01,17.910003662109375,36479.11128148834,36479.111281488345,1.9945545158814427e-14,1.4210854715202004e-14,NaN,35,LOCALLY_SOLVED,residual_tolerance_upper_bound
45,0.7041459771315879,ADMM,1.0,0.01,74.17869567871094,36637.49027592514,36479.111281488345,0.4341635222817701,2.0383694732117874e-12,1.632618964741659,6,converged,gap_callback_with_solver_termination
45,0.7041459771315879,MEL-ADMM,1.0,0.01,13.403654098510742,36480.65024142674,36479.111281488345,0.0042187429581747185,3.026134898220789e-12,0.007066346300085513,16,converged,gap_residual_and_feasibility
45,0.7041459771315879,sMEL-ADMM,1.0,0.01,1.2032900000000002,36480.74604845291,36479.111281488345,0.004481378265899756,2.0050627824730327e-13,0.00998505666468752,32,converged,gap_residual_and_feasibility
46,0.39495427032477404,IPOPT,1.0,1.0e-10,12.758016586303711,36479.11128157191,36479.111281488345,2.290745861489837e-10,1.2434497875801753e-14,NaN,33,INTERRUPTED,gap_and_residual
46,0.39495427032477404,MadNLP,1.0,0.01,17.03810691833496,36479.111281488375,36479.111281488345,7.978218063525771e-14,1.1546319456101628e-14,NaN,34,LOCALLY_SOLVED,residual_tolerance_upper_bound
46,0.39495427032477404,ADMM,1.0,0.01,67.02756881713867,36588.97205802388,36479.111281488345,0.30116078126959056,4.005684672847565e-13,1.1342370044563914,6,converged,gap_callback_with_solver_termination
46,0.39495427032477404,MEL-ADMM,1.0,0.01,14.601945877075195,36481.103324301104,36479.111281488345,0.005460776709683062,3.705147300081535e-12,0.009822655570810745,18,converged,gap_residual_and_feasibility
46,0.39495427032477404,sMEL-ADMM,1.0,0.01,1.332962,36479.85512129659,36479.111281488345,0.00203908423784004,2.0061730054976579e-13,0.0066062053889499595,34,converged,gap_residual_and_feasibility
47,0.5214327740944773,IPOPT,1.0,1.0e-10,13.292074203491211,36479.11128157215,36479.11128148835,2.297128435940657e-10,1.4210854715202004e-14,NaN,33,INTERRUPTED,gap_and_residual
47,0.5214327740944773,MadNLP,1.0,0.01,17.525911331176758,36479.111281488316,36479.11128148835,9.972772579407211e-14,1.2434497875801753e-14,NaN,34,LOCALLY_SOLVED,residual_tolerance_upper_bound
47,0.5214327740944773,ADMM,1.0,0.01,68.87030601501465,36588.97204809587,36479.11128148835,0.30116075405397397,1.8209878049901818e-12,1.134236988874366,6,converged,gap_callback_with_solver_termination
47,0.5214327740944773,MEL-ADMM,1.0,0.01,14.434099197387695,36481.10332467764,36479.11128148835,0.005460777741865023,5.9717786271562545e-12,0.009822655386897416,18,converged,gap_residual_and_feasibility
47,0.5214327740944773,sMEL-ADMM,1.0,0.01,1.206538,36480.67254707457,36479.11128148835,0.004279889315759787,2.000621890374532e-13,0.009030784862417818,32,converged,gap_residual_and_feasibility
48,0.3161929620779189,IPOPT,1.0,1.0e-10,14.416933059692383,36479.111281571706,36479.111281488345,2.2851611088453687e-10,1.2434497875801753e-14,NaN,34,INTERRUPTED,gap_and_residual
48,0.3161929620779189,MadNLP,1.0,0.01,17.962932586669922,36479.11128148833,36479.111281488345,3.9891090317628855e-14,1.1546319456101628e-14,NaN,35,LOCALLY_SOLVED,residual_tolerance_upper_bound
48,0.3161929620779189,ADMM,1.0,0.01,71.52581214904785,36553.966869961,36479.111281488345,0.20520123940255683,1.488198453358791e-12,1.1290684524303645,6,converged,gap_callback_with_solver_termination
48,0.3161929620779189,MEL-ADMM,1.0,0.01,13.230085372924805,36480.729599157676,36479.111281488345,0.004436285897544634,6.443734434924409e-13,0.009328047208132517,16,converged,gap_residual_and_feasibility
48,0.3161929620779189,sMEL-ADMM,1.0,0.01,1.499754,36479.42918438942,36479.111281488345,0.0008714655864792692,1.9978463328129692e-13,0.009828718635258582,38,converged,gap_residual_and_feasibility
49,0.3290178857468601,IPOPT,1.0,1.0e-10,13.94200325012207,36479.11134601841,36479.11128148834,1.768959629540866e-7,1.1546319456101628e-14,NaN,33,INTERRUPTED,gap_and_residual
49,0.3290178857468601,MadNLP,1.0,0.01,17.50802993774414,36479.11128148834,36479.11128148834,0.0,1.4210854715202004e-14,NaN,35,LOCALLY_SOLVED,residual_tolerance_upper_bound
49,0.3290178857468601,ADMM,1.0,0.01,70.85514068603516,36563.11324284508,36479.11128148834,0.23027414431384333,7.579492589115944e-13,1.1439650324764772,6,converged,gap_callback_with_solver_termination
49,0.3290178857468601,MEL-ADMM,1.0,0.01,14.650821685791016,36480.814969159655,36479.11128148834,0.004670310244597059,3.0819791163594346e-13,0.000942878677500758,19,converged,gap_residual_and_feasibility
49,0.3290178857468601,sMEL-ADMM,1.0,0.01,1.101292,36479.493710565504,36479.11128148834,0.001048350860894943,1.9978463328129692e-13,0.009996177863142108,35,converged,gap_residual_and_feasibility
50,0.6960363289468714,IPOPT,1.0,1.0e-10,13.686895370483398,36479.1112815719,36479.111281488345,2.2905464060382488e-10,1.4210854715202004e-14,NaN,34,INTERRUPTED,gap_and_residual
50,0.6960363289468714,MadNLP,1.0,0.01,17.919063568115234,36479.111281488345,36479.111281488345,0.0,1.3322676295501878e-14,NaN,35,LOCALLY_SOLVED,residual_tolerance_upper_bound
50,0.6960363289468714,ADMM,1.0,0.01,74.45383071899414,36609.90161258898,36479.111281488345,0.358534861475664,9.089395902606157e-13,1.4405819728816036,6,converged,gap_callback_with_solver_termination
50,0.6960363289468714,MEL-ADMM,1.0,0.01,13.05699348449707,36480.653831829215,36479.111281488345,0.004228585310005674,3.872457909892546e-13,0.005471973679622266,16,converged,gap_residual_and_feasibility
50,0.6960363289468714,sMEL-ADMM,1.0,0.01,0.9771230000000001,36480.74052470271,36479.111281488345,0.004466236037921464,2.0017321133991572e-13,0.009932449399704169,32,converged,gap_residual_and_feasibility
51,0.5861669802270939,IPOPT,1.0,1.0e-10,12.618064880371094,36479.11128157203,36479.11128148833,2.2945355150700126e-10,1.2434497875801753e-14,NaN,33,INTERRUPTED,gap_and_residual
51,0.5861669802270939,MadNLP,1.0,0.01,17.103910446166992,36479.11128148833,36479.11128148833,0.0,1.1546319456101628e-14,NaN,34,LOCALLY_SOLVED,residual_tolerance_upper_bound
51,0.5861669802270939,ADMM,1.0,0.01,66.51091575622559,36594.483720551914,36479.11128148833,0.31626987338951507,1.596056620201125e-12,1.076911314297785,6,converged,gap_callback_with_solver_termination
51,0.5861669802270939,MEL-ADMM,1.0,0.01,14.432191848754883,36481.042236542315,36479.11128148833,0.0052933171509681525,2.1346258094467885e-12,0.009910596700526852,18,converged,gap_residual_and_feasibility
51,0.5861669802270939,sMEL-ADMM,1.0,0.01,1.1528770000000002,36480.69132613941,36479.11128148833,0.004331368269594916,2.0117241206207837e-13,0.00935594766213299,32,converged,gap_residual_and_feasibility
52,0.7029108507999683,IPOPT,1.0,1.0e-10,13.468027114868164,36479.11128157186,36479.11128148835,2.2891502178771312e-10,1.509903313490213e-14,NaN,34,INTERRUPTED,gap_and_residual
52,0.7029108507999683,MadNLP,1.0,0.01,18.21303367614746,36479.11128148835,36479.11128148835,0.0,1.0658141036401503e-14,NaN,35,LOCALLY_SOLVED,residual_tolerance_upper_bound
52,0.7029108507999683,ADMM,1.0,0.01,74.25594329833984,36632.79664431243,36479.11128148835,0.42129689409968646,4.562683564302006e-12,1.6036884440924353,6,converged,gap_callback_with_solver_termination
52,0.7029108507999683,MEL-ADMM,1.0,0.01,12.943744659423828,36480.65065164281,36479.11128148835,0.004219867481368904,5.872191621847378e-12,0.006822222300642444,16,converged,gap_residual_and_feasibility
52,0.7029108507999683,sMEL-ADMM,1.0,0.01,1.190212,36480.745152139345,36479.11128148835,0.004478921206124458,1.9984014443252818e-13,0.00997693311057013,32,converged,gap_residual_and_feasibility
53,0.2750178068860151,IPOPT,1.0,1.0e-10,13.059854507446289,36479.111281571495,36479.11128148834,2.2795763562009012e-10,1.1546319456101628e-14,NaN,34,INTERRUPTED,gap_and_residual
53,0.2750178068860151,MadNLP,1.0,0.01,17.699003219604492,36479.11128148835,36479.11128148834,3.989109031762886e-14,1.5987211554602254e-14,NaN,35,LOCALLY_SOLVED,residual_tolerance_upper_bound
53,0.2750178068860151,ADMM,1.0,0.01,75.59418678283691,36584.86736019948,36479.11128148834,0.28990859425023946,8.301692666634608e-13,1.312167763673318,6,converged,gap_callback_with_solver_termination
53,0.2750178068860151,MEL-ADMM,1.0,0.01,13.864278793334961,36480.69702905863,36479.11128148834,0.004347001652693471,5.892897281256637e-12,0.004877477833240107,16,converged,gap_residual_and_feasibility
53,0.2750178068860151,sMEL-ADMM,1.0,0.01,1.269254,36479.519171959306,36479.11128148834,0.0011181480486742944,2.0017321133991572e-13,0.007827254352241297,39,converged,gap_residual_and_feasibility
54,0.5747040421967808,IPOPT,1.0,1.0e-10,13.93890380859375,36479.1112815721,36479.11128148833,2.2963306141343057e-10,1.509903313490213e-14,NaN,33,INTERRUPTED,gap_and_residual
54,0.5747040421967808,MadNLP,1.0,0.01,17.167091369628906,36479.111281488345,36479.11128148833,3.989109031762887e-14,1.1546319456101628e-14,NaN,34,LOCALLY_SOLVED,residual_tolerance_upper_bound
54,0.5747040421967808,ADMM,1.0,0.01,70.4946517944336,36588.972053075624,36479.11128148833,0.3011607677050044,2.205124971510486e-12,1.1342369929037943,6,converged,gap_callback_with_solver_termination
54,0.5747040421967808,MEL-ADMM,1.0,0.01,15.174627304077148,36481.103324572,36479.11128148833,0.005460777452335493,3.215760990826766e-12,0.009822655392905055,18,converged,gap_residual_and_feasibility
54,0.5747040421967808,sMEL-ADMM,1.0,0.01,1.292877,36480.68780475903,36479.11128148833,0.004321715127687639,2.0028423364237824e-13,0.009300793980340671,32,converged,gap_residual_and_feasibility
55,0.451339088841107,IPOPT,1.0,1.0e-10,13.665914535522461,36479.1112815721,36479.11128148836,2.2955327923279513e-10,1.509903313490213e-14,NaN,33,INTERRUPTED,gap_and_residual
55,0.451339088841107,MadNLP,1.0,0.01,19.098997116088867,36479.111281488345,36479.11128148836,3.9891090317628836e-14,1.3322676295501878e-14,NaN,34,LOCALLY_SOLVED,residual_tolerance_upper_bound
55,0.451339088841107,ADMM,1.0,0.01,72.97015190124512,36588.97205513506,36479.11128148836,0.3011607733504511,2.1453949727856525e-12,1.134236997598049,6,converged,gap_callback_with_solver_termination
55,0.451339088841107,MEL-ADMM,1.0,0.01,16.45660400390625,36481.10332469016,36479.11128148836,0.005460777776151414,6.216638315237333e-12,0.00982265561921114,18,converged,gap_residual_and_feasibility
55,0.451339088841107,sMEL-ADMM,1.0,0.01,1.612751,36480.42164122255,36479.11128148836,0.0035920823949883974,2.0056178939853453e-13,0.009762775805442908,36,converged,gap_residual_and_feasibility
56,0.7226966482718395,IPOPT,1.0,1.0e-10,14.099836349487305,36479.11128157176,36479.1112814883,2.2877540297160175e-10,1.2434497875801753e-14,NaN,34,INTERRUPTED,gap_and_residual
56,0.7226966482718395,MadNLP,1.0,0.01,19.515037536621094,36479.11128148836,36479.1112814883,1.595643612705156e-13,1.3322676295501878e-14,NaN,35,LOCALLY_SOLVED,residual_tolerance_upper_bound
56,0.7226966482718395,ADMM,1.0,0.01,80.84630966186523,36733.29812597603,36479.1112814883,0.6968010885087411,1.1715739489659427e-11,2.0584645181347434,6,converged,gap_callback_with_solver_termination
56,0.7226966482718395,MEL-ADMM,1.0,0.01,17.15850830078125,36480.55548224813,36479.1112814883,0.003958980109691485,5.014877402231832e-13,0.005287480512546239,19,converged,gap_residual_and_feasibility
56,0.7226966482718395,sMEL-ADMM,1.0,0.01,1.359666,36480.76841936509,36479.1112814883,0.004542703532451929,2.0050627824730327e-13,0.00585667969167325,33,converged,gap_residual_and_feasibility
57,0.4962443575910711,IPOPT,1.0,1.0e-10,13.447046279907227,36479.11128157213,36479.11128148834,2.2969289804890697e-10,1.4210854715202004e-14,NaN,33,INTERRUPTED,gap_and_residual
57,0.4962443575910711,MadNLP,1.0,0.01,17.410993576049805,36479.11128148836,36479.11128148834,5.983663547644329e-14,1.4210854715202004e-14,NaN,34,LOCALLY_SOLVED,residual_tolerance_upper_bound
57,0.4962443575910711,ADMM,1.0,0.01,69.73481178283691,36588.97204742605,36479.11128148834,0.30116075221782707,5.456746166032644e-13,1.1342369881444156,6,converged,gap_callback_with_solver_termination
57,0.4962443575910711,MEL-ADMM,1.0,0.01,15.371084213256836,36481.103324521115,36479.11128148834,0.005460777312816404,1.778854841205657e-12,0.009822655373036504,18,converged,gap_residual_and_feasibility
57,0.4962443575910711,sMEL-ADMM,1.0,0.01,1.20325,36480.666432612845,36479.11128148834,0.0042631277733343265,2.0083934515469082e-13,0.008889804377060884,32,converged,gap_residual_and_feasibility
58,0.3374662042179045,IPOPT,1.0,1.0e-10,13.768911361694336,36479.1112815579,36479.11128148835,1.9065946617310707e-10,1.0658141036401503e-14,NaN,34,INTERRUPTED,gap_and_residual
58,0.3374662042179045,MadNLP,1.0,0.01,18.91493797302246,36479.11128148832,36479.11128148835,7.978218063525768e-14,1.3322676295501878e-14,NaN,35,LOCALLY_SOLVED,residual_tolerance_upper_bound
58,0.3374662042179045,ADMM,1.0,0.01,74.59497451782227,36569.72447408158,36479.11128148835,0.24839747847478452,1.4040435480922042e-12,1.1627821441357113,6,converged,gap_callback_with_solver_termination
58,0.3374662042179045,MEL-ADMM,1.0,0.01,16.263484954833984,36480.846533825425,36479.11128148835,0.00475683830036846,4.998335079164917e-12,0.0006987615730977836,19,converged,gap_residual_and_feasibility
58,0.3374662042179045,sMEL-ADMM,1.0,0.01,1.370953,36479.526439504916,36479.11128148835,0.001138070534010474,1.996736109788344e-13,0.008421522772087187,35,converged,gap_residual_and_feasibility
59,0.6115661856852312,IPOPT,1.0,1.0e-10,13.490915298461914,36479.11128157152,36479.111281488345,2.279975267104077e-10,1.4210854715202004e-14,NaN,33,INTERRUPTED,gap_and_residual
59,0.6115661856852312,MadNLP,1.0,0.01,17.625093460083008,36479.111281488316,36479.111281488345,7.978218063525771e-14,1.2434497875801753e-14,NaN,34,LOCALLY_SOLVED,residual_tolerance_upper_bound
59,0.6115661856852312,ADMM,1.0,0.01,72.78609275817871,36588.75386771951,36479.111281488345,0.3005626573112414,1.2126966097980585e-12,1.1408109681712766,6,converged,gap_callback_with_solver_termination
59,0.6115661856852312,MEL-ADMM,1.0,0.01,16.673803329467773,36480.93153168139,36479.111281488345,0.004989842485462197,1.47093448532587e-12,0.0012577553301866828,19,converged,gap_residual_and_feasibility
59,0.6115661856852312,sMEL-ADMM,1.0,0.01,1.392917,36480.771998567114,36479.111281488345,0.004552515180409845,2.0017321133991572e-13,0.009758120442034723,29,converged,gap_residual_and_feasibility
60,0.29616698039461326,IPOPT,1.0,1.0e-10,13.897180557250977,36479.111281571626,36479.11128148835,2.2827676434263106e-10,1.3322676295501878e-14,NaN,34,INTERRUPTED,gap_and_residual
60,0.29616698039461326,MadNLP,1.0,0.01,18.728017807006836,36479.11128148832,36479.11128148835,7.978218063525768e-14,1.4210854715202004e-14,NaN,35,LOCALLY_SOLVED,residual_tolerance_upper_bound
60,0.29616698039461326,ADMM,1.0,0.01,76.34687423706055,36555.74702037593,36479.11128148835,0.21008115657265536,1.4491741140432168e-12,1.11432637522765,6,converged,gap_callback_with_solver_termination
60,0.29616698039461326,MEL-ADMM,1.0,0.01,13.080835342407227,36480.70381779185,36479.11128148835,0.0043656115720851945,7.422396031131484e-13,0.006662207036317369,16,converged,gap_residual_and_feasibility
60,0.29616698039461326,sMEL-ADMM,1.0,0.01,1.5333759999999999,36479.43712213714,36479.11128148835,0.0008932252934377613,1.9939605522267811e-13,0.007350863181844858,39,converged,gap_residual_and_feasibility
61,0.7023878301046271,IPOPT,1.0,1.0e-10,14.019966125488281,36479.111281571866,36479.111281488345,2.289549128780308e-10,1.2434497875801753e-14,NaN,34,INTERRUPTED,gap_and_residual
61,0.7023878301046271,MadNLP,1.0,0.01,19.109010696411133,36479.11128148832,36479.111281488345,5.983663547644328e-14,1.3322676295501878e-14,NaN,35,LOCALLY_SOLVED,residual_tolerance_upper_bound
61,0.7023878301046271,ADMM,1.0,0.01,83.93597602844238,36630.85377634122,36479.111281488345,0.41597092013004866,5.4319881925835034e-12,1.5913717714384186,6,converged,gap_callback_with_solver_termination
61,0.7023878301046271,MEL-ADMM,1.0,0.01,14.115095138549805,36480.65084057376,36479.111281488345,0.004220385396828742,1.2452261444195756e-12,0.006719043399758817,16,converged,gap_residual_and_feasibility
61,0.7023878301046271,sMEL-ADMM,1.0,0.01,1.309124,36480.744772154685,36479.111281488345,0.004477879556151822,1.9950707752514063e-13,0.009973506192670456,32,converged,gap_residual_and_feasibility
62,0.7249969404162471,IPOPT,1.0,1.0e-10,14.542102813720703,36479.111281571786,36479.11128148835,2.2871556633612497e-10,1.0658141036401503e-14,NaN,34,INTERRUPTED,gap_and_residual
62,0.7249969404162471,MadNLP,1.0,0.01,18.90707015991211,36479.11128148834,36479.11128148835,3.989109031762884e-14,1.2434497875801753e-14,NaN,35,LOCALLY_SOLVED,residual_tolerance_upper_bound
62,0.7249969404162471,ADMM,1.0,0.01,78.3381462097168,36748.74465631873,36479.11128148835,0.7391445826346332,8.549827512638331e-13,2.1131773379264924,6,converged,gap_callback_with_solver_termination
62,0.7249969404162471,MEL-ADMM,1.0,0.01,16.041994094848633,36480.55039433718,36479.11128148835,0.0039450326454583354,5.185962770326569e-12,0.005412733433664663,19,converged,gap_residual_and_feasibility
62,0.7249969404162471,sMEL-ADMM,1.0,0.01,1.185624,36480.76994466666,36479.11128148835,0.004546884833645331,1.9984014443252818e-13,0.0058669277092082694,33,converged,gap_residual_and_feasibility
63,0.48781234582387767,IPOPT,1.0,1.0e-10,14.230012893676758,36479.11128157212,36479.111281488345,2.296530069585893e-10,1.3322676295501878e-14,NaN,33,INTERRUPTED,gap_and_residual
63,0.48781234582387767,MadNLP,1.0,0.01,17.868995666503906,36479.11128148833,36479.111281488345,3.9891090317628855e-14,1.5987211554602254e-14,NaN,34,LOCALLY_SOLVED,residual_tolerance_upper_bound
63,0.48781234582387767,ADMM,1.0,0.01,71.17509841918945,36588.97204757156,36479.111281488345,0.301160752616698,5.430655924953953e-13,1.1342369865086281,6,converged,gap_callback_with_solver_termination
63,0.48781234582387767,MEL-ADMM,1.0,0.01,15.250205993652344,36481.10332455463,36479.111281488345,0.005460777404665638,2.6826318944017657e-12,0.00982265544483063,18,converged,gap_residual_and_feasibility
63,0.48781234582387767,sMEL-ADMM,1.0,0.01,1.209209,36480.66463963947,36479.111281488345,0.004258212704635075,2.0061730054976579e-13,0.008842535381761607,32,converged,gap_residual_and_feasibility
64,0.5406903974996202,IPOPT,1.0,1.0e-10,14.051198959350586,36479.11128157213,36479.111281488345,2.2967295250374813e-10,1.2434497875801753e-14,NaN,33,INTERRUPTED,gap_and_residual
64,0.5406903974996202,MadNLP,1.0,0.01,19.407033920288086,36479.11128148832,36479.111281488345,5.983663547644328e-14,1.1546319456101628e-14,NaN,34,LOCALLY_SOLVED,residual_tolerance_upper_bound
64,0.5406903974996202,ADMM,1.0,0.01,71.9609260559082,36588.97204712168,36479.111281488345,0.301160751383445,7.233103005432895e-13,1.1342369880554886,6,converged,gap_callback_with_solver_termination
64,0.5406903974996202,MEL-ADMM,1.0,0.01,15.920162200927734,36481.10332462584,36479.111281488345,0.005460777599872688,4.5957682104358355e-12,0.009822655349017495,18,converged,gap_residual_and_feasibility
64,0.5406903974996202,sMEL-ADMM,1.0,0.01,1.525001,36480.67765469585,36479.111281488345,0.00429389081169689,2.0061730054976579e-13,0.009132368406119085,32,converged,gap_residual_and_feasibility
65,0.39288181146734297,IPOPT,1.0,1.0e-10,13.974189758300781,36479.111281571924,36479.11128148837,2.2905464060382473e-10,1.4210854715202004e-14,NaN,33,INTERRUPTED,gap_and_residual
65,0.39288181146734297,MadNLP,1.0,0.01,17.147064208984375,36479.11128148833,36479.11128148837,9.972772579407208e-14,1.2434497875801753e-14,NaN,34,LOCALLY_SOLVED,residual_tolerance_upper_bound
65,0.39288181146734297,ADMM,1.0,0.01,67.75689125061035,36588.972057961524,36479.11128148837,0.30116078109859723,3.552713678800501e-13,1.1342370003752942,6,converged,gap_callback_with_solver_termination
65,0.39288181146734297,MEL-ADMM,1.0,0.01,15.250682830810547,36481.1033245613,36479.11128148837,0.005460777422895863,3.072153642591502e-12,0.009822655671544389,18,converged,gap_residual_and_feasibility
65,0.39288181146734297,sMEL-ADMM,1.0,0.01,1.146206,36479.83566311485,36479.11128148837,0.0019857436243227943,2.000621890374532e-13,0.005582927798492676,34,converged,gap_residual_and_feasibility
66,0.5627048085520532,IPOPT,1.0,1.0e-10,14.126062393188477,36479.11128157212,36479.11128148833,2.2969289804890702e-10,1.3322676295501878e-14,NaN,33,INTERRUPTED,gap_and_residual
66,0.5627048085520532,MadNLP,1.0,0.01,17.206907272338867,36479.111281488345,36479.11128148833,3.989109031762887e-14,1.2434497875801753e-14,NaN,34,LOCALLY_SOLVED,residual_tolerance_upper_bound
66,0.5627048085520532,ADMM,1.0,0.01,68.1300163269043,36588.97205199731,36479.11128148833,0.30116076474903475,3.9257486150745535e-13,1.1342369928147678,6,converged,gap_callback_with_solver_termination
66,0.5627048085520532,MEL-ADMM,1.0,0.01,15.404462814331055,36481.10332464884,36479.11128148833,0.0054607776629604496,5.225153643095837e-12,0.009822655426018123,18,converged,gap_residual_and_feasibility
66,0.5627048085520532,sMEL-ADMM,1.0,0.01,0.989001,36480.68416928993,36479.11128148833,0.0043117492349650155,2.0039525594484076e-13,0.00924232416859816,32,converged,gap_residual_and_feasibility
67,0.6569580530278702,IPOPT,1.0,1.0e-10,12.58707046508789,36479.111346012134,36479.111281488345,1.7687873000306936e-7,1.2434497875801753e-14,NaN,33,INTERRUPTED,gap_and_residual
67,0.6569580530278702,MadNLP,1.0,0.01,19.87910270690918,36479.11128148833,36479.111281488345,3.9891090317628855e-14,9.769962616701378e-15,NaN,35,LOCALLY_SOLVED,residual_tolerance_upper_bound
67,0.6569580530278702,ADMM,1.0,0.01,71.14911079406738,36558.069128390045,36479.111281488345,0.21644673932001063,3.552713678800501e-13,1.133632297759057,6,converged,gap_callback_with_solver_termination
67,0.6569580530278702,MEL-ADMM,1.0,0.01,12.910842895507812,36480.687453873674,36479.111281488345,0.004320753247429671,4.11226608321158e-13,0.009050577576543262,16,converged,gap_residual_and_feasibility
67,0.6569580530278702,sMEL-ADMM,1.0,0.01,1.467,36480.716406473424,36479.111281488345,0.0044001208601082585,2.0050627824730327e-13,0.009709525676734998,32,converged,gap_residual_and_feasibility
68,0.47822060822139323,IPOPT,1.0,1.0e-10,12.569904327392578,36479.1112815721,36479.11128148834,2.2961311586827173e-10,1.2434497875801753e-14,NaN,33,INTERRUPTED,gap_and_residual
68,0.47822060822139323,MadNLP,1.0,0.01,17.17996597290039,36479.11128148834,36479.11128148834,0.0,1.2434497875801753e-14,NaN,34,LOCALLY_SOLVED,residual_tolerance_upper_bound
68,0.47822060822139323,ADMM,1.0,0.01,70.16181945800781,36588.97204775854,36479.11128148834,0.3011607531292986,1.4616641230702498e-12,1.1342369836458595,6,converged,gap_callback_with_solver_termination
68,0.47822060822139323,MEL-ADMM,1.0,0.01,15.095710754394531,36481.10332472563,36479.11128148834,0.005460777873445787,7.173650562464218e-12,0.009822655472119024,18,converged,gap_residual_and_feasibility
68,0.47822060822139323,sMEL-ADMM,1.0,0.01,1.358876,36480.66139771342,36479.11128148834,0.004249325629451106,2.0078383400345956e-13,0.008797617808109948,32,converged,gap_residual_and_feasibility
69,0.290607237923707,IPOPT,1.0,1.0e-10,14.539957046508789,36479.11128157161,36479.111281488345,2.282568187974723e-10,1.509903313490213e-14,NaN,34,INTERRUPTED,gap_and_residual
69,0.290607237923707,MadNLP,1.0,0.01,18.42498779296875,36479.11128148834,36479.111281488345,1.9945545158814427e-14,1.1546319456101628e-14,NaN,35,LOCALLY_SOLVED,residual_tolerance_upper_bound
69,0.290607237923707,ADMM,1.0,0.01,78.0496597290039,36560.51145138369,36479.111281488345,0.2231418667719865,1.8088308628705363e-12,1.114093787407092,6,converged,gap_callback_with_solver_termination
69,0.290607237923707,MEL-ADMM,1.0,0.01,13.431072235107422,36480.70187126335,36479.111281488345,0.004360275563545636,5.884737142025642e-13,0.005906873505962196,16,converged,gap_residual_and_feasibility
69,0.290607237923707,sMEL-ADMM,1.0,0.01,1.347627,36479.443552011544,36479.111281488345,0.0009108514750663475,2.0028423364237824e-13,0.007603309065107311,39,converged,gap_residual_and_feasibility
70,0.314471201230871,IPOPT,1.0,1.0e-10,14.729976654052734,36479.11128157172,36479.11128148834,2.2857594752001337e-10,1.7763568394002505e-14,NaN,34,INTERRUPTED,gap_and_residual
70,0.314471201230871,MadNLP,1.0,0.01,17.947912216186523,36479.11128148837,36479.11128148834,7.978218063525772e-14,1.3322676295501878e-14,NaN,35,LOCALLY_SOLVED,residual_tolerance_upper_bound
70,0.314471201230871,ADMM,1.0,0.01,75.79636573791504,36552.77791836119,36479.11128148834,0.2019419725014999,3.7569947153315297e-13,1.1242769000083719,6,converged,gap_callback_with_solver_termination
70,0.314471201230871,MEL-ADMM,1.0,0.01,13.469696044921875,36480.726093494566,36479.11128148834,0.004426675841325862,1.0499934255392418e-12,0.009044109906671594,16,converged,gap_residual_and_feasibility
70,0.314471201230871,sMEL-ADMM,1.0,0.01,1.1147939999999998,36479.445560082546,36479.11128148834,0.0009163561897884005,1.999511667349907e-13,0.005804721743464469,39,converged,gap_residual_and_feasibility
71,0.574193741399072,IPOPT,1.0,1.0e-10,14.63007926940918,36479.11128157208,36479.11128148833,2.2957322477795413e-10,1.1546319456101628e-14,NaN,33,INTERRUPTED,gap_and_residual
71,0.574193741399072,MadNLP,1.0,0.01,17.66490936279297,36479.1112814883,36479.11128148833,7.978218063525773e-14,1.5987211554602254e-14,NaN,34,LOCALLY_SOLVED,residual_tolerance_upper_bound
71,0.574193741399072,ADMM,1.0,0.01,71.82836532592773,36588.97205192703,36479.11128148833,0.30116076455636076,3.5603742176704145e-12,1.134236985893616,6,converged,gap_callback_with_solver_termination
71,0.574193741399072,MEL-ADMM,1.0,0.01,15.162467956542969,36481.10332453798,36479.11128148833,0.0054607773590701235,2.360556194958008e-12,0.009822655548171966,18,converged,gap_residual_and_feasibility
71,0.574193741399072,sMEL-ADMM,1.0,0.01,1.435876,36480.68764898861,36479.11128148833,0.0043212881150471415,1.9917401061775308e-13,0.009298326470061014,32,converged,gap_residual_and_feasibility
72,0.6458490394516732,IPOPT,1.0,1.0e-10,13.392925262451172,36479.1112815757,36479.11128148835,2.3944626963156715e-10,1.4210854715202004e-14,NaN,34,INTERRUPTED,gap_and_residual
72,0.6458490394516732,MadNLP,1.0,0.01,17.69399642944336,36479.11128148833,36479.11128148835,5.983663547644327e-14,1.1546319456101628e-14,NaN,35,LOCALLY_SOLVED,residual_tolerance_upper_bound
72,0.6458490394516732,ADMM,1.0,0.01,70.19567489624023,36562.48325912588,36479.11128148835,0.22854717318685625,7.986944439153376e-13,1.1479701258458572,6,converged,gap_callback_with_solver_termination
72,0.6458490394516732,MEL-ADMM,1.0,0.01,15.301704406738281,36480.77033682098,36479.11128148835,0.004547959844257563,1.5001333508735115e-12,0.001143686663692911,19,converged,gap_residual_and_feasibility
72,0.6458490394516732,sMEL-ADMM,1.0,0.01,1.236794,36480.71049203492,36479.11128148835,0.004383907640265846,1.999511667349907e-13,0.009651284676669647,32,converged,gap_residual_and_feasibility
73,0.2971031068627258,IPOPT,1.0,1.0e-10,13.107061386108398,36479.111281571626,36479.11128148833,2.2833660097810764e-10,1.2434497875801753e-14,NaN,34,INTERRUPTED,gap_and_residual
73,0.2971031068627258,MadNLP,1.0,0.01,17.670869827270508,36479.111281488345,36479.11128148833,3.989109031762887e-14,1.2434497875801753e-14,NaN,35,LOCALLY_SOLVED,residual_tolerance_upper_bound
73,0.2971031068627258,ADMM,1.0,0.01,74.40900802612305,36555.1025460071,36479.11128148833,0.2083144623025256,1.736444321664976e-12,1.114368010107829,6,converged,gap_callback_with_solver_termination
73,0.2971031068627258,MEL-ADMM,1.0,0.01,13.543844223022461,36480.704681348805,36479.11128148833,0.004367978836377931,4.7111758938456205e-12,0.006785334499318729,16,converged,gap_residual_and_feasibility
73,0.2971031068627258,sMEL-ADMM,1.0,0.01,1.323252,36479.43638651739,36479.11128148833,0.0008912087428550059,1.9934054407144686e-13,0.007279355260333631,39,converged,gap_residual_and_feasibility
74,0.6598603640769429,IPOPT,1.0,1.0e-10,14.204978942871094,36479.11134600828,36479.111281488345,1.768681588641352e-7,1.3322676295501878e-14,NaN,33,INTERRUPTED,gap_and_residual
74,0.6598603640769429,MadNLP,1.0,0.01,18.487930297851562,36479.11128148832,36479.111281488345,5.983663547644328e-14,1.3322676295501878e-14,NaN,35,LOCALLY_SOLVED,residual_tolerance_upper_bound
74,0.6598603640769429,ADMM,1.0,0.01,74.52845573425293,36558.03151364479,36479.111281488345,0.21634362621244335,4.192202140984591e-13,1.1311953199919778,6,converged,gap_callback_with_solver_termination
74,0.6598603640769429,MEL-ADMM,1.0,0.01,13.205528259277344,36480.68119365397,36479.111281488345,0.004303592139368568,2.6647573037053007e-12,0.008581135752489644,16,converged,gap_residual_and_feasibility
74,0.6598603640769429,sMEL-ADMM,1.0,0.01,1.327083,36480.71819388432,36479.111281488345,0.0044050206803983435,2.0039525594484076e-13,0.009724845883004818,32,converged,gap_residual_and_feasibility
75,0.3793683115619419,IPOPT,1.0,1.0e-10,12.984037399291992,36479.11128156272,36479.11128148835,2.038634170682422e-10,1.1546319456101628e-14,NaN,32,INTERRUPTED,gap_and_residual
75,0.3793683115619419,MadNLP,1.0,0.01,18.494844436645508,36479.111281488345,36479.11128148835,1.994554515881442e-14,1.3322676295501878e-14,NaN,33,LOCALLY_SOLVED,residual_tolerance_upper_bound
75,0.3793683115619419,ADMM,1.0,0.01,72.01337814331055,36595.08685828553,36479.11128148835,0.31792325175430725,8.277822871605167e-13,1.0693252979142667,6,converged,gap_callback_with_solver_termination
75,0.3793683115619419,MEL-ADMM,1.0,0.01,15.207767486572266,36481.02173298061,36479.11128148835,0.005237110842740747,6.167844013305057e-13,0.009899093481384291,18,converged,gap_residual_and_feasibility
75,0.3793683115619419,sMEL-ADMM,1.0,0.01,1.415624,36479.71396723859,36479.11128148835,0.0016521393451336584,2.0045076709607201e-13,0.00654338294073753,33,converged,gap_residual_and_feasibility
76,0.6082901571998751,IPOPT,1.0,1.0e-10,15.832901000976562,36479.111281572004,36479.11128148834,2.2935382378120713e-10,1.509903313490213e-14,NaN,33,INTERRUPTED,gap_and_residual
76,0.6082901571998751,MadNLP,1.0,0.01,19.14691925048828,36479.11128148832,36479.11128148834,3.989109031762886e-14,1.3322676295501878e-14,NaN,34,LOCALLY_SOLVED,residual_tolerance_upper_bound
76,0.6082901571998751,ADMM,1.0,0.01,76.13849639892578,36592.25298168388,36479.11128148834,0.31015476041203965,1.8738344209623392e-12,1.1438131345239935,6,converged,gap_callback_with_solver_termination
76,0.6082901571998751,MEL-ADMM,1.0,0.01,16.53003692626953,36480.95199439149,36479.11128148834,0.005045936807371916,2.8242963523439357e-12,0.0013521485147318657,19,converged,gap_residual_and_feasibility
76,0.6082901571998751,sMEL-ADMM,1.0,0.01,1.2407489999999999,36480.77021831609,36479.11128148834,0.004547634987453692,2.0028423364237824e-13,0.009758460947120184,29,converged,gap_residual_and_feasibility
77,0.7098282452565958,IPOPT,1.0,1.0e-10,14.328956604003906,36479.11128157182,36479.11128148836,2.287953485167602e-10,1.4210854715202004e-14,NaN,34,INTERRUPTED,gap_and_residual
77,0.7098282452565958,MadNLP,1.0,0.01,18.770217895507812,36479.111281488345,36479.11128148836,3.9891090317628836e-14,1.3322676295501878e-14,NaN,35,LOCALLY_SOLVED,residual_tolerance_upper_bound
77,0.7098282452565958,ADMM,1.0,0.01,77.29482650756836,36661.680799162605,36479.11128148836,0.5004768791253179,9.425571434462654e-12,1.7645605525134576,6,converged,gap_callback_with_solver_termination
77,0.7098282452565958,MEL-ADMM,1.0,0.01,13.502359390258789,36480.649110288345,36479.11128148836,0.0042156421742793205,2.557176692619123e-12,0.008191983909341616,16,converged,gap_residual_and_feasibility
77,0.7098282452565958,sMEL-ADMM,1.0,0.01,1.2466650000000001,36480.759760783345,36479.11128148836,0.004518967806711739,2.000621890374532e-13,0.005799553649422862,33,converged,gap_residual_and_feasibility
78,0.4365619816606586,IPOPT,1.0,1.0e-10,13.273954391479492,36479.111281572055,36479.11128148833,2.295133881424777e-10,1.3322676295501878e-14,NaN,33,INTERRUPTED,gap_and_residual
78,0.4365619816606586,MadNLP,1.0,0.01,17.394065856933594,36479.11128148832,36479.11128148833,1.9945545158814434e-14,1.509903313490213e-14,NaN,34,LOCALLY_SOLVED,residual_tolerance_upper_bound
78,0.4365619816606586,ADMM,1.0,0.01,69.47088241577148,36588.972055234546,36479.11128148833,0.30116077362324656,1.5717982471130654e-12,1.1342369955940983,6,converged,gap_callback_with_solver_termination
78,0.4365619816606586,MEL-ADMM,1.0,0.01,15.148162841796875,36481.10332444569,36479.11128148833,0.005460777106080829,2.859934511434403e-13,0.009822655248648005,18,converged,gap_residual_and_feasibility
78,0.4365619816606586,sMEL-ADMM,1.0,0.01,1.2464570000000001,36480.24678189283,36479.11128148833,0.0031127414144885984,2.0067281170099704e-13,0.007889595072366973,34,converged,gap_residual_and_feasibility
79,0.5079668477555298,IPOPT,1.0,1.0e-10,13.82899284362793,36479.11128157213,36479.11128148836,2.296330614134304e-10,1.7763568394002505e-14,NaN,33,INTERRUPTED,gap_and_residual
79,0.5079668477555298,MadNLP,1.0,0.01,17.688989639282227,36479.11128148834,36479.11128148836,5.983663547644325e-14,1.1546319456101628e-14,NaN,34,LOCALLY_SOLVED,residual_tolerance_upper_bound
79,0.5079668477555298,ADMM,1.0,0.01,72.64566421508789,36588.97204785967,36479.11128148836,0.3011607534064617,1.0624834345662748e-12,1.1342369867061652,6,converged,gap_callback_with_solver_termination
79,0.5079668477555298,MEL-ADMM,1.0,0.01,15.536785125732422,36481.103324481955,36479.11128148836,0.00546077720540964,8.257838857161914e-13,0.009822655247880618,18,converged,gap_residual_and_feasibility
79,0.5079668477555298,sMEL-ADMM,1.0,0.01,1.287125,36480.66905525075,36479.11128148836,0.0042703171970649096,2.0039525594484076e-13,0.008956445879041652,32,converged,gap_residual_and_feasibility
80,0.5598125186475604,IPOPT,1.0,1.0e-10,14.835834503173828,36479.11128157212,36479.111281488345,2.296530069585893e-10,1.0658141036401503e-14,NaN,33,INTERRUPTED,gap_and_residual
80,0.5598125186475604,MadNLP,1.0,0.01,18.40496063232422,36479.111281488345,36479.111281488345,0.0,1.3322676295501878e-14,NaN,34,LOCALLY_SOLVED,residual_tolerance_upper_bound
80,0.5598125186475604,ADMM,1.0,0.01,71.38490676879883,36588.97205220778,36479.111281488345,0.30116076532593955,8.073541835074138e-13,1.1342369948174431,6,converged,gap_callback_with_solver_termination
80,0.5598125186475604,MEL-ADMM,1.0,0.01,14.854907989501953,36481.103324728545,36479.111281488345,0.005460777881424004,7.313150085508369e-12,0.009822655410278713,18,converged,gap_residual_and_feasibility
80,0.5598125186475604,sMEL-ADMM,1.0,0.01,1.396623,36480.683299877484,36479.111281488345,0.004309365919056011,2.0028423364237824e-13,0.00922816074508681,32,converged,gap_residual_and_feasibility
81,0.2851026186558792,IPOPT,1.0,1.0e-10,14.177083969116211,36479.11128157157,36479.11128148832,2.2819698216199598e-10,1.2434497875801753e-14,NaN,34,INTERRUPTED,gap_and_residual
81,0.2851026186558792,MadNLP,1.0,0.01,17.85111427307129,36479.11128148835,36479.11128148832,7.978218063525775e-14,1.4210854715202004e-14,NaN,35,LOCALLY_SOLVED,residual_tolerance_upper_bound
81,0.2851026186558792,ADMM,1.0,0.01,73.83847236633301,36567.11667166101,36479.11128148832,0.24124872312156684,3.5698666245309596e-12,1.116070558470149,6,converged,gap_callback_with_solver_termination
81,0.2851026186558792,MEL-ADMM,1.0,0.01,13.304710388183594,36480.699267341595,36479.11128148832,0.00435313744629934,4.721778523730791e-13,0.005130068242653607,16,converged,gap_residual_and_feasibility
81,0.2851026186558792,sMEL-ADMM,1.0,0.01,1.6245020000000001,36479.45909400445,36479.11128148832,0.0009534566602882301,2.0045076709607201e-13,0.007500220643294142,39,converged,gap_residual_and_feasibility
82,0.634837436219009,IPOPT,1.0,1.0e-10,13.135910034179688,36479.11128148833,36479.11128148833,0.0,1.2434497875801753e-14,NaN,34,INTERRUPTED,gap_and_residual
82,0.634837436219009,MadNLP,1.0,0.01,17.809152603149414,36479.11128148837,36479.11128148833,9.972772579407217e-14,1.4210854715202004e-14,NaN,35,LOCALLY_SOLVED,residual_tolerance_upper_bound
82,0.634837436219009,ADMM,1.0,0.01,68.87078285217285,36570.64386429199,36479.11128148833,0.25091779812658843,5.115907697472721e-13,1.1648965481834432,6,converged,gap_callback_with_solver_termination
82,0.634837436219009,MEL-ADMM,1.0,0.01,15.291690826416016,36480.81997652082,36479.11128148833,0.004684036898002544,1.4125367542305867e-12,0.0007071046034781148,19,converged,gap_residual_and_feasibility
82,0.634837436219009,sMEL-ADMM,1.0,0.01,1.091456,36480.70650986289,36479.11128148833,0.004372991332622872,1.9984014443252818e-13,0.009594239421227613,32,converged,gap_residual_and_feasibility
83,0.5772616859633901,IPOPT,1.0,1.0e-10,13.049840927124023,36479.11128157208,36479.11128148834,2.2955327923279529e-10,1.2434497875801753e-14,NaN,33,INTERRUPTED,gap_and_residual
83,0.5772616859633901,MadNLP,1.0,0.01,17.306089401245117,36479.11128148832,36479.11128148834,3.989109031762886e-14,1.0658141036401503e-14,NaN,34,LOCALLY_SOLVED,residual_tolerance_upper_bound
83,0.5772616859633901,ADMM,1.0,0.01,68.01676750183105,36588.97204975855,36479.11128148834,0.3011607586119101,3.590461261637756e-13,1.1342369848114044,6,converged,gap_callback_with_solver_termination
83,0.5772616859633901,MEL-ADMM,1.0,0.01,14.864206314086914,36481.10332461639,36479.11128148834,0.005460777574003317,4.396705222120545e-12,0.009822655549982073,18,converged,gap_residual_and_feasibility
83,0.5772616859633901,sMEL-ADMM,1.0,0.01,1.056043,36480.68858685003,36479.11128148834,0.004323859069709393,1.9984014443252818e-13,0.009313142192967305,32,converged,gap_residual_and_feasibility
84,0.7338694255220637,IPOPT,1.0,1.0e-10,12.887954711914062,36479.11128157174,36479.11128148833,2.2865572970064868e-10,1.3322676295501878e-14,NaN,34,INTERRUPTED,gap_and_residual
84,0.7338694255220637,MadNLP,1.0,0.01,17.912864685058594,36479.11128148834,36479.11128148833,1.9945545158814434e-14,1.3322676295501878e-14,NaN,35,LOCALLY_SOLVED,residual_tolerance_upper_bound
84,0.7338694255220637,ADMM,1.0,0.01,77.79693603515625,36817.05682379803,36479.11128148833,0.9264083757467965,7.929878975687643e-12,2.3223943136018987,6,converged,gap_callback_with_solver_termination
84,0.7338694255220637,MEL-ADMM,1.0,0.01,15.939712524414062,36480.532662537444,36479.11128148833,0.003896424554164283,3.745781462782816e-12,0.005868181448125398,19,converged,gap_residual_and_feasibility
84,0.7338694255220637,sMEL-ADMM,1.0,0.01,1.407789,36480.77583201039,36479.11128148833,0.004563023778770767,2.000621890374532e-13,0.005906947645918592,33,converged,gap_residual_and_feasibility
85,0.667927226597046,IPOPT,1.0,1.0e-10,15.341043472290039,36479.111281558384,36479.111281488316,1.9207559987938307e-10,1.3322676295501878e-14,NaN,34,INTERRUPTED,gap_and_residual
85,0.667927226597046,MadNLP,1.0,0.01,17.6999568939209,36479.11128148833,36479.111281488316,3.9891090317628886e-14,1.2434497875801753e-14,NaN,35,LOCALLY_SOLVED,residual_tolerance_upper_bound
85,0.667927226597046,ADMM,1.0,0.01,75.64806938171387,36561.006021147885,36479.111281488316,0.22449762832113423,1.3737899706711687e-12,1.1237026482171917,6,converged,gap_callback_with_solver_termination
85,0.667927226597046,MEL-ADMM,1.0,0.01,13.247966766357422,36480.672722153875,36479.111281488316,0.00428036925984814,2.7833291227352674e-12,0.007367684128943175,16,converged,gap_residual_and_feasibility
85,0.667927226597046,sMEL-ADMM,1.0,0.01,1.144668,36480.723170849684,36479.111281488316,0.004418664010012415,2.0028423364237824e-13,0.009767729880937992,32,converged,gap_residual_and_feasibility
86,0.2860748221638096,IPOPT,1.0,1.0e-10,13.489007949829102,36479.11128157158,36479.11128148834,2.281969821619959e-10,1.2434497875801753e-14,NaN,34,INTERRUPTED,gap_and_residual
86,0.2860748221638096,MadNLP,1.0,0.01,18.222808837890625,36479.11128148834,36479.11128148834,0.0,1.2434497875801753e-14,NaN,35,LOCALLY_SOLVED,residual_tolerance_upper_bound
86,0.2860748221638096,ADMM,1.0,0.01,76.31635665893555,36565.804167211354,36479.11128148834,0.23765076142907307,1.1103895580788503e-12,1.114748788626411,6,converged,gap_callback_with_solver_termination
86,0.2860748221638096,MEL-ADMM,1.0,0.01,13.23699951171875,36480.700067139274,36479.11128148834,0.004355329927520554,2.1768142843825444e-12,0.0052691146031671465,16,converged,gap_residual_and_feasibility
86,0.2860748221638096,sMEL-ADMM,1.0,0.01,1.509462,36479.455117132704,36479.11128148834,0.0009425548821970248,1.995625886763719e-13,0.007546370520717716,39,converged,gap_residual_and_feasibility
87,0.5781820038530925,IPOPT,1.0,1.0e-10,13.64588737487793,36479.11128157208,36479.11128148834,2.2955327923279529e-10,1.5987211554602254e-14,NaN,33,INTERRUPTED,gap_and_residual
87,0.5781820038530925,MadNLP,1.0,0.01,17.806053161621094,36479.11128148833,36479.11128148834,1.994554515881443e-14,9.769962616701378e-15,NaN,34,LOCALLY_SOLVED,residual_tolerance_upper_bound
87,0.5781820038530925,ADMM,1.0,0.01,72.24655151367188,36589.162055168454,36479.11128148834,0.30168161946412825,1.4562795414008178e-12,1.1297552687624188,6,converged,gap_callback_with_solver_termination
87,0.5781820038530925,MEL-ADMM,1.0,0.01,15.474081039428711,36481.09803657717,36479.11128148834,0.005446281499293124,2.131295140372913e-12,0.009834823347492971,18,converged,gap_residual_and_feasibility
87,0.5781820038530925,sMEL-ADMM,1.0,0.01,1.2384989999999998,36480.68886880893,36479.11128148834,0.004324632002187982,2.0106138975961585e-13,0.00931757834155178,32,converged,gap_residual_and_feasibility
88,0.432012774600436,IPOPT,1.0,1.0e-10,15.19012451171875,36479.11128157203,36479.11128148833,2.2945355150700126e-10,1.3322676295501878e-14,NaN,33,INTERRUPTED,gap_and_residual
88,0.432012774600436,MadNLP,1.0,0.01,18.748044967651367,36479.11128148833,36479.11128148833,0.0,1.3322676295501878e-14,NaN,34,LOCALLY_SOLVED,residual_tolerance_upper_bound
88,0.432012774600436,ADMM,1.0,0.01,71.93112373352051,36588.972055741826,36479.11128148833,0.30116077501384997,3.0584423882373812e-12,1.1342369980936517,6,converged,gap_callback_with_solver_termination
88,0.432012774600436,MEL-ADMM,1.0,0.01,15.782356262207031,36481.10332463292,36479.11128148833,0.005460777619319597,4.787226171032444e-12,0.009822655223834076,18,converged,gap_residual_and_feasibility
88,0.432012774600436,sMEL-ADMM,1.0,0.01,1.2661669999999998,36480.18228356582,36479.11128148833,0.002935932482624352,2.0022872249114698e-13,0.007989135885539511,33,converged,gap_residual_and_feasibility
89,0.7058821427020365,IPOPT,1.0,1.0e-10,13.39411735534668,36479.11128157183,36479.111281488345,2.2885518515223673e-10,1.0658141036401503e-14,NaN,34,INTERRUPTED,gap_and_residual
89,0.7058821427020365,MadNLP,1.0,0.01,18.040895462036133,36479.11128148834,36479.111281488345,1.9945545158814427e-14,1.2434497875801753e-14,NaN,35,LOCALLY_SOLVED,residual_tolerance_upper_bound
89,0.7058821427020365,ADMM,1.0,0.01,72.26920127868652,36644.477934356575,36479.111281488345,0.45331875437477154,2.578715019296851e-12,1.6731026483784,6,converged,gap_callback_with_solver_termination
89,0.7058821427020365,MEL-ADMM,1.0,0.01,13.915300369262695,36480.64976222042,36479.111281488345,0.004217429312358504,3.2380764736217316e-12,0.007411786709312196,16,converged,gap_residual_and_feasibility
89,0.7058821427020365,sMEL-ADMM,1.0,0.01,1.227546,36480.74730573551,36479.111281488345,0.0044848248482247085,2.000621890374532e-13,0.009996551487924776,32,converged,gap_residual_and_feasibility
90,0.6402641737169238,IPOPT,1.0,1.0e-10,14.297962188720703,36479.11128148835,36479.11128148835,0.0,1.1546319456101628e-14,NaN,34,INTERRUPTED,gap_and_residual
90,0.6402641737169238,MadNLP,1.0,0.01,17.64988899230957,36479.11128148832,36479.11128148835,7.978218063525768e-14,1.2434497875801753e-14,NaN,35,LOCALLY_SOLVED,residual_tolerance_upper_bound
90,0.6402641737169238,ADMM,1.0,0.01,71.76065444946289,36566.43053366663,36479.11128148835,0.2393678165690061,6.34492458573277e-13,1.1515559106894848,6,converged,gap_callback_with_solver_termination
90,0.6402641737169238,MEL-ADMM,1.0,0.01,16.273021697998047,36480.79505542482,36479.11128148835,0.004615720825737716,2.485678329833263e-12,0.0008751150001646835,19,converged,gap_residual_and_feasibility
90,0.6402641737169238,sMEL-ADMM,1.0,0.01,1.0766250000000002,36480.70843570451,36479.11128148835,0.0043782706322876164,2.000621890374532e-13,0.009622262624617406,32,converged,gap_residual_and_feasibility
91,0.29970048240485025,IPOPT,1.0,1.0e-10,13.787031173706055,36479.11128157164,36479.111281488345,2.2833660097810756e-10,1.3322676295501878e-14,NaN,34,INTERRUPTED,gap_and_residual
91,0.29970048240485025,MadNLP,1.0,0.01,18.238067626953125,36479.11128148835,36479.111281488345,1.9945545158814427e-14,8.881784197001252e-15,NaN,35,LOCALLY_SOLVED,residual_tolerance_upper_bound
91,0.29970048240485025,ADMM,1.0,0.01,74.03182983398438,36553.54084056622,36479.111281488345,0.20403336721539334,2.0244361742527417e-12,1.1141461741773195,6,converged,gap_callback_with_solver_termination
91,0.29970048240485025,MEL-ADMM,1.0,0.01,14.022111892700195,36480.70742269198,36479.111281488345,0.004375493666272538,4.903688566315623e-12,0.007125930165761574,16,converged,gap_residual_and_feasibility
91,0.29970048240485025,sMEL-ADMM,1.0,0.01,1.6288369999999999,36479.43486906668,36479.111281488345,0.0008870489630045515,1.996736109788344e-13,0.007035071962143036,39,converged,gap_residual_and_feasibility
92,0.6147237871639953,IPOPT,1.0,1.0e-10,13.353109359741211,36479.11128157098,36479.11128148836,2.2648166527833772e-10,1.4210854715202004e-14,NaN,33,INTERRUPTED,gap_and_residual
92,0.6147237871639953,MadNLP,1.0,0.01,17.644882202148438,36479.11128148833,36479.11128148836,7.978218063525767e-14,1.1546319456101628e-14,NaN,34,LOCALLY_SOLVED,residual_tolerance_upper_bound
92,0.6147237871639953,ADMM,1.0,0.01,71.89679145812988,36586.31120815037,36479.11128148836,0.29386660720654934,1.396660564978447e-12,1.1487345569104122,6,converged,gap_callback_with_solver_termination
92,0.6147237871639953,MEL-ADMM,1.0,0.01,15.771865844726562,36480.913641982144,36479.11128148836,0.00494080154496249,3.794742298168785e-12,0.0011750377135673062,19,converged,gap_residual_and_feasibility
92,0.6147237871639953,sMEL-ADMM,1.0,0.01,1.164458,36480.77372138926,36479.11128148836,0.004557237943856207,2.0061730054976579e-13,0.009825903959859161,29,converged,gap_residual_and_feasibility
93,0.7082726144124791,IPOPT,1.0,1.0e-10,13.792037963867188,36479.11128157185,36479.11128148836,2.2887513069739544e-10,1.1546319456101628e-14,NaN,34,INTERRUPTED,gap_and_residual
93,0.7082726144124791,MadNLP,1.0,0.01,19.96302604675293,36479.11128148834,36479.11128148836,5.983663547644325e-14,1.3322676295501878e-14,NaN,35,LOCALLY_SOLVED,residual_tolerance_upper_bound
93,0.7082726144124791,ADMM,1.0,0.01,76.85232162475586,36654.71033948213,36479.11128148836,0.48136879387980275,1.0059286736918693e-11,1.7285811706912373,6,converged,gap_callback_with_solver_termination
93,0.7082726144124791,MEL-ADMM,1.0,0.01,14.387369155883789,36480.64929569642,36479.11128148836,0.004216150432485157,1.8373080834521716e-12,0.007882046265567766,16,converged,gap_residual_and_feasibility
93,0.7082726144124791,sMEL-ADMM,1.0,0.01,1.322249,36480.75869875606,36479.11128148836,0.004516056476773766,2.0095036745715333e-13,0.005792961495210136,33,converged,gap_residual_and_feasibility
94,0.44084583992997217,IPOPT,1.0,1.0e-10,12.88604736328125,36479.11128157208,36479.11128148833,2.2957322477795413e-10,1.4210854715202004e-14,NaN,33,INTERRUPTED,gap_and_residual
94,0.44084583992997217,MadNLP,1.0,0.01,17.320871353149414,36479.11128148837,36479.11128148833,9.972772579407217e-14,1.4210854715202004e-14,NaN,34,LOCALLY_SOLVED,residual_tolerance_upper_bound
94,0.44084583992997217,ADMM,1.0,0.01,69.93818283081055,36588.972055105936,36479.11128148833,0.30116077327068913,3.5083047578154947e-13,1.134236994248531,6,converged,gap_callback_with_solver_termination
94,0.44084583992997217,MEL-ADMM,1.0,0.01,15.780925750732422,36481.1033244874,36479.11128148833,0.005460777220408694,9.749978602258125e-13,0.009822655256326307,18,converged,gap_residual_and_feasibility
94,0.44084583992997217,sMEL-ADMM,1.0,0.01,1.4956660000000002,36480.28163308841,36479.11128148833,0.0032082788175596226,2.0028423364237824e-13,0.00975936915804354,34,converged,gap_residual_and_feasibility
95,0.5235754725976552,IPOPT,1.0,1.0e-10,13.223886489868164,36479.11128157214,36479.11128148834,2.297327891392246e-10,1.2434497875801753e-14,NaN,33,INTERRUPTED,gap_and_residual
95,0.5235754725976552,MadNLP,1.0,0.01,17.87114143371582,36479.111281488345,36479.11128148834,1.994554515881443e-14,1.865174681370263e-14,NaN,34,LOCALLY_SOLVED,residual_tolerance_upper_bound
95,0.5235754725976552,ADMM,1.0,0.01,71.46358489990234,36588.97204831726,36479.11128148834,0.30116075466089703,1.8969270598745425e-12,1.134236987990069,6,converged,gap_callback_with_solver_termination
95,0.5235754725976552,MEL-ADMM,1.0,0.01,15.224218368530273,36481.10332463457,36479.11128148834,0.005460777623827289,4.880318371647263e-12,0.00982265535953264,18,converged,gap_residual_and_feasibility
95,0.5235754725976552,sMEL-ADMM,1.0,0.01,1.081374,36480.67310481516,36479.11128148834,0.004281418247208417,2.0039525594484076e-13,0.009042305315327681,32,converged,gap_residual_and_feasibility
96,0.3680746880558915,IPOPT,1.0,1.0e-10,14.493942260742188,36479.1113460063,36479.11128148835,1.7686271373030678e-7,1.4210854715202004e-14,NaN,32,INTERRUPTED,gap_and_residual
96,0.3680746880558915,MadNLP,1.0,0.01,18.35012435913086,36479.111281488375,36479.11128148835,5.983663547644327e-14,1.509903313490213e-14,NaN,34,LOCALLY_SOLVED,residual_tolerance_upper_bound
96,0.3680746880558915,ADMM,1.0,0.01,72.97730445861816,36599.000683390084,36479.11128148835,0.32865220036917553,1.0008660566995786e-12,1.1706618548949201,6,converged,gap_callback_with_solver_termination
96,0.3680746880558915,MEL-ADMM,1.0,0.01,15.938520431518555,36480.94190154477,36479.11128148835,0.00501826933856082,2.1553314688560476e-12,0.009936353840078738,18,converged,gap_residual_and_feasibility
96,0.3680746880558915,sMEL-ADMM,1.0,0.01,1.4069969999999998,36479.62700349748,36479.11128148835,0.0014137460892296812,2.0028423364237824e-13,0.009709531507668956,32,converged,gap_residual_and_feasibility
97,0.4269410598146789,IPOPT,1.0,1.0e-10,12.69221305847168,36479.111281572026,36479.11128148835,2.2937376932636585e-10,1.4210854715202004e-14,NaN,33,INTERRUPTED,gap_and_residual
97,0.4269410598146789,MadNLP,1.0,0.01,17.130136489868164,36479.11128148834,36479.11128148835,3.989109031762884e-14,1.1546319456101628e-14,NaN,34,LOCALLY_SOLVED,residual_tolerance_upper_bound
97,0.4269410598146789,ADMM,1.0,0.01,70.7247257232666,36588.972055663464,36479.11128148835,0.30116077479897646,1.1785017406396037e-12,1.1342369973809419,6,converged,gap_callback_with_solver_termination
97,0.4269410598146789,MEL-ADMM,1.0,0.01,15.188932418823242,36481.10332464546,36479.11128148835,0.005460777653645877,5.093314658921599e-12,0.009822655279941195,18,converged,gap_residual_and_feasibility
97,0.4269410598146789,sMEL-ADMM,1.0,0.01,1.32317,36480.213198556645,36479.11128148835,0.003020679587803646,2.0061730054976579e-13,0.0084342876197816,36,converged,gap_residual_and_feasibility
98,0.378486962244526,IPOPT,1.0,1.0e-10,12.981891632080078,36479.111281570295,36479.111281488345,2.2464667512372688e-10,1.3322676295501878e-14,NaN,32,INTERRUPTED,gap_and_residual
98,0.378486962244526,MadNLP,1.0,0.01,17.123937606811523,36479.111281488345,36479.111281488345,0.0,9.769962616701378e-15,NaN,33,LOCALLY_SOLVED,residual_tolerance_upper_bound
98,0.378486962244526,ADMM,1.0,0.01,71.36750221252441,36595.33843561304,36479.111281488345,0.31861289938737086,1.5841772338376359e-12,1.063581652868793,6,converged,gap_callback_with_solver_termination
98,0.378486962244526,MEL-ADMM,1.0,0.01,15.538692474365234,36481.01587132517,36479.111281488345,0.005221042316878359,8.607559109918839e-13,0.009897850761829474,18,converged,gap_residual_and_feasibility
98,0.378486962244526,sMEL-ADMM,1.0,0.01,1.283544,36479.70791705893,36479.111281488345,0.0016355540187873534,1.996736109788344e-13,0.0065191105544695205,33,converged,gap_residual_and_feasibility
99,0.3831254691752507,IPOPT,1.0,1.0e-10,12.243032455444336,36479.111281562284,36479.11128148834,2.0270657544903105e-10,9.769962616701378e-15,NaN,32,INTERRUPTED,gap_and_residual
99,0.3831254691752507,MadNLP,1.0,0.01,16.618013381958008,36479.11128148835,36479.11128148834,3.989109031762886e-14,1.1546319456101628e-14,NaN,33,LOCALLY_SOLVED,residual_tolerance_upper_bound
99,0.3831254691752507,ADMM,1.0,0.01,68.62974166870117,36593.78389981091,36479.11128148834,0.31435145839411077,4.014566457044566e-13,1.083184455670792,6,converged,gap_callback_with_solver_termination
99,0.3831254691752507,MEL-ADMM,1.0,0.01,15.48004150390625,36481.04679867607,36479.11128148834,0.005305823304732005,3.027633699304033e-12,0.009902666447137776,18,converged,gap_residual_and_feasibility
99,0.3831254691752507,sMEL-ADMM,1.0,0.01,1.059502,36479.7428295287,36479.11128148834,0.0017312593925090023,2.0045076709607201e-13,0.008699320310324055,33,converged,gap_residual_and_feasibility
100,0.3008810287993232,IPOPT,1.0,1.0e-10,14.250040054321289,36479.11128157164,36479.11128148834,2.283565465232664e-10,1.2434497875801753e-14,NaN,34,INTERRUPTED,gap_and_residual
100,0.3008810287993232,MadNLP,1.0,0.01,20.340919494628906,36479.11128148834,36479.11128148834,0.0,1.3322676295501878e-14,NaN,35,LOCALLY_SOLVED,residual_tolerance_upper_bound
100,0.3008810287993232,ADMM,1.0,0.01,75.74605941772461,36552.95678324996,36479.11128148834,0.20243229390046885,5.4236060087475835e-12,1.1138996033115989,6,converged,gap_callback_with_solver_termination
100,0.3008810287993232,MEL-ADMM,1.0,0.01,13.779878616333008,36480.708748756304,36479.11128148834,0.004379128799600141,8.22453216642316e-13,0.007278564739307214,16,converged,gap_residual_and_feasibility
100,0.3008810287993232,sMEL-ADMM,1.0,0.01,1.4714159999999998,36479.43476936669,36479.11128148834,0.0008867756559607802,2.0028423364237824e-13,0.006906876927311956,39,converged,gap_residual_and_feasibility
101,0.5797498022421723,IPOPT,1.0,1.0e-10,26.396989822387695,36479.111281572055,36479.11128148836,2.2943360596184227e-10,1.4210854715202004e-14,NaN,33,INTERRUPTED,gap_and_residual
101,0.5797498022421723,MadNLP,1.0,0.01,23.509979248046875,36479.11128148834,36479.11128148836,5.983663547644325e-14,1.2434497875801753e-14,NaN,34,LOCALLY_SOLVED,residual_tolerance_upper_bound
101,0.5797498022421723,ADMM,1.0,0.01,92.5436019897461,36590.061372837234,36479.11128148836,0.3041469143607571,1.0655920590352252e-12,1.12707470999157,6,converged,gap_callback_with_solver_termination
101,0.5797498022421723,MEL-ADMM,1.0,0.01,16.14212989807129,36481.08711237793,36479.11128148836,0.005416335048084215,3.662403713633466e-12,0.009859715021021564,18,converged,gap_residual_and_feasibility
101,0.5797498022421723,sMEL-ADMM,1.0,0.01,1.213746,36480.68934976799,36479.11128148836,0.004325950452726459,1.999511667349907e-13,0.009325127787164433,32,converged,gap_residual_and_feasibility
102,0.47987287140637647,IPOPT,1.0,1.0e-10,13.414859771728516,36479.11128157213,36479.111281488345,2.2967295250374813e-10,1.2434497875801753e-14,NaN,33,INTERRUPTED,gap_and_residual
102,0.47987287140637647,MadNLP,1.0,0.01,17.627954483032227,36479.111281488345,36479.111281488345,0.0,1.3322676295501878e-14,NaN,34,LOCALLY_SOLVED,residual_tolerance_upper_bound
102,0.47987287140637647,ADMM,1.0,0.01,72.42560386657715,36588.972047425086,36479.111281488345,0.30116075221517424,4.782285678572862e-13,1.1342369847059643,6,converged,gap_callback_with_solver_termination
102,0.47987287140637647,MEL-ADMM,1.0,0.01,15.310525894165039,36481.1033246009,36479.111281488345,0.005460777531519305,3.922639990605603e-12,0.009822655517157663,18,converged,gap_residual_and_feasibility
102,0.47987287140637647,sMEL-ADMM,1.0,0.01,1.341627,36480.66258389667,36479.111281488345,0.004252577307479018,2.003397447936095e-13,0.008802753091655902,32,converged,gap_residual_and_feasibility
103,0.5766759856623691,IPOPT,1.0,1.0e-10,13.335943222045898,36479.111281572055,36479.11128148834,2.2949344259731884e-10,1.1546319456101628e-14,NaN,33,INTERRUPTED,gap_and_residual
103,0.5766759856623691,MadNLP,1.0,0.01,17.529964447021484,36479.11128148833,36479.11128148834,1.994554515881443e-14,1.1546319456101628e-14,NaN,34,LOCALLY_SOLVED,residual_tolerance_upper_bound
103,0.5766759856623691,ADMM,1.0,0.01,71.4571475982666,36588.972052635174,36479.11128148834,0.30116076649758083,1.2929657344784573e-12,1.1342369904845437,6,converged,gap_callback_with_solver_termination
103,0.5766759856623691,MEL-ADMM,1.0,0.01,15.279769897460938,36481.10332459072,36479.11128148834,0.005460777503615489,3.718469976377037e-12,0.00982265545745964,18,converged,gap_residual_and_feasibility
103,0.5766759856623691,sMEL-ADMM,1.0,0.01,1.2167059999999998,36480.68840755446,36479.11128148834,0.004323367567676263,2.007283228522283e-13,0.00931031710621788,32,converged,gap_residual_and_feasibility
104,0.3265965602468832,IPOPT,1.0,1.0e-10,14.182090759277344,36479.11134601535,36479.11128148836,1.7688750604293917e-7,1.1546319456101628e-14,NaN,33,INTERRUPTED,gap_and_residual
104,0.3265965602468832,MadNLP,1.0,0.01,18.368005752563477,36479.11128148835,36479.11128148836,1.9945545158814418e-14,1.3322676295501878e-14,NaN,35,LOCALLY_SOLVED,residual_tolerance_upper_bound
104,0.3265965602468832,ADMM,1.0,0.01,74.93185997009277,36561.39891262998,36479.11128148836,0.22557465971868684,1.6626700016786344e-12,1.1434367872985476,6,converged,gap_callback_with_solver_termination
104,0.3265965602468832,MEL-ADMM,1.0,0.01,15.960216522216797,36480.80547280172,36479.11128148836,0.004644277927414845,2.3266388815557093e-12,0.0010608584707512136,19,converged,gap_residual_and_feasibility
104,0.3265965602468832,sMEL-ADMM,1.0,0.01,1.641916,36479.45970501992,36479.11128148836,0.0009551316337564965,2.000621890374532e-13,0.0077531534988128925,36,converged,gap_residual_and_feasibility
105,0.2877345631746934,IPOPT,1.0,1.0e-10,13.58795166015625,36479.1112815716,36479.11128148833,2.2825681879747238e-10,1.2434497875801753e-14,NaN,34,INTERRUPTED,gap_and_residual
105,0.2877345631746934,MadNLP,1.0,0.01,18.27216148376465,36479.111281488345,36479.11128148833,3.989109031762887e-14,1.1546319456101628e-14,NaN,35,LOCALLY_SOLVED,residual_tolerance_upper_bound
105,0.2877345631746934,ADMM,1.0,0.01,75.52957534790039,36563.69221435173,36479.11128148833,0.23186127592510736,4.3559600371168017e-13,1.1147744404064923,6,converged,gap_callback_with_solver_termination
105,0.2877345631746934,MEL-ADMM,1.0,0.01,13.075590133666992,36480.70110832121,36479.11128148833,0.004358184114229577,2.2424839762891224e-12,0.0055038656766974725,16,converged,gap_residual_and_feasibility
105,0.2877345631746934,sMEL-ADMM,1.0,0.01,1.381002,36479.44866914412,36479.11128148833,0.0009248790442987758,2.003397447936095e-13,0.007597708633831246,39,converged,gap_residual_and_feasibility
106,0.4076044662419486,IPOPT,1.0,1.0e-10,14.017105102539062,36479.11128157199,36479.111281488345,2.2929398714573064e-10,1.509903313490213e-14,NaN,33,INTERRUPTED,gap_and_residual
106,0.4076044662419486,MadNLP,1.0,0.01,17.506122589111328,36479.11128148834,36479.111281488345,1.9945545158814427e-14,1.3322676295501878e-14,NaN,34,LOCALLY_SOLVED,residual_tolerance_upper_bound
106,0.4076044662419486,ADMM,1.0,0.01,70.24216651916504,36588.972057552215,36479.111281488345,0.3011607799766206,4.2454928461665986e-13,1.134237000603206,6,converged,gap_callback_with_solver_termination
106,0.4076044662419486,MEL-ADMM,1.0,0.01,14.800310134887695,36481.103324578944,36479.111281488345,0.005460777471323649,3.4322544806286714e-12,0.009822655303866945,18,converged,gap_residual_and_feasibility
106,0.4076044662419486,sMEL-ADMM,1.0,0.01,1.339499,36479.9903128597,36479.111281488345,0.002409684173968434,2.0083934515469082e-13,0.005776156978088309,35,converged,gap_residual_and_feasibility
107,0.3942240235967547,IPOPT,1.0,1.0e-10,12.599945068359375,36479.11128157191,36479.11128148837,2.290147495135071e-10,1.1546319456101628e-14,NaN,33,INTERRUPTED,gap_and_residual
107,0.3942240235967547,MadNLP,1.0,0.01,17.248153686523438,36479.111281488345,36479.11128148837,5.983663547644324e-14,1.0658141036401503e-14,NaN,34,LOCALLY_SOLVED,residual_tolerance_upper_bound
107,0.3942240235967547,ADMM,1.0,0.01,68.73583793640137,36588.972056461986,36479.11128148837,0.3011607769879201,1.7421619702417956e-12,1.1342369923178204,6,converged,gap_callback_with_solver_termination
107,0.3942240235967547,MEL-ADMM,1.0,0.01,15.419721603393555,36481.103324527496,36479.11128148837,0.00546077733022886,2.2142288003124122e-12,0.009822655686151371,18,converged,gap_residual_and_feasibility
107,0.3942240235967547,sMEL-ADMM,1.0,0.01,1.54325,36479.84817493552,36479.11128148837,0.002020042213929537,2.007283228522283e-13,0.006240249400782716,34,converged,gap_residual_and_feasibility
108,0.30435898329264405,IPOPT,1.0,1.0e-10,13.952016830444336,36479.11128157166,36479.11128148834,2.2841638315874285e-10,1.509903313490213e-14,NaN,34,INTERRUPTED,gap_and_residual
108,0.30435898329264405,MadNLP,1.0,0.01,19.1650390625,36479.111281488345,36479.11128148834,1.994554515881443e-14,1.1546319456101628e-14,NaN,35,LOCALLY_SOLVED,residual_tolerance_upper_bound
108,0.30435898329264405,ADMM,1.0,0.01,72.42941856384277,36551.763226146686,36479.11128148834,0.19916040195643644,3.6859404417555197e-13,1.1136632014646963,6,converged,gap_callback_with_solver_termination
108,0.30435898329264405,MEL-ADMM,1.0,0.01,13.297319412231445,36480.71285429795,36479.11128148834,0.004390383299778103,1.3761769501741128e-12,0.007710801355141683,16,converged,gap_residual_and_feasibility
108,0.30435898329264405,sMEL-ADMM,1.0,0.01,1.535291,36479.43571953007,36479.11128148834,0.0008893803339324754,2.0000667788622195e-13,0.0064770530054616415,39,converged,gap_residual_and_feasibility
109,0.7218622827320706,IPOPT,1.0,1.0e-10,14.292001724243164,36479.11128157176,36479.111281488345,2.2865572970064858e-10,1.509903313490213e-14,NaN,34,INTERRUPTED,gap_and_residual
109,0.7218622827320706,MadNLP,1.0,0.01,17.794132232666016,36479.11128148834,36479.111281488345,1.9945545158814427e-14,1.509903313490213e-14,NaN,35,LOCALLY_SOLVED,residual_tolerance_upper_bound
109,0.7218622827320706,ADMM,1.0,0.01,76.51162147521973,36727.86661832195,36479.111281488345,0.6819117245321552,8.771872117563362e-13,2.038527570379558,6,converged,gap_callback_with_solver_termination
109,0.7218622827320706,MEL-ADMM,1.0,0.01,15.619516372680664,36480.55732021236,36479.111281488345,0.003964018511469765,4.271027975732977e-12,0.005241937668965413,19,converged,gap_residual_and_feasibility
109,0.7218622827320706,sMEL-ADMM,1.0,0.01,1.324249,36480.76786500209,36479.111281488345,0.004541183859884922,2.000621890374532e-13,0.005852949355197978,33,converged,gap_residual_and_feasibility
110,0.27564386083149683,IPOPT,1.0,1.0e-10,13.928890228271484,36479.11128157149,36479.111281488345,2.2791774452977244e-10,1.1546319456101628e-14,NaN,34,INTERRUPTED,gap_and_residual
110,0.27564386083149683,MadNLP,1.0,0.01,17.853975296020508,36479.11128148832,36479.111281488345,5.983663547644328e-14,1.7763568394002505e-14,NaN,35,LOCALLY_SOLVED,residual_tolerance_upper_bound
110,0.27564386083149683,ADMM,1.0,0.01,75.49047470092773,36583.52551568165,36479.111281488345,0.2862302027798846,5.432876371003204e-13,1.2996919401801934,6,converged,gap_callback_with_solver_termination
110,0.27564386083149683,MEL-ADMM,1.0,0.01,13.050079345703125,36480.6974778795,36479.111281488345,0.004348232003001052,2.3770985180249227e-12,0.004882459424326413,16,converged,gap_residual_and_feasibility
110,0.27564386083149683,sMEL-ADMM,1.0,0.01,1.780955,36479.51237376739,36479.111281488345,0.0010995122001536445,2.003397447936095e-13,0.00775534244417031,39,converged,gap_residual_and_feasibility
111,0.2982344394171331,IPOPT,1.0,1.0e-10,12.955188751220703,36479.11128157165,36479.11128148834,2.2837649206842522e-10,1.3322676295501878e-14,NaN,34,INTERRUPTED,gap_and_residual
111,0.2982344394171331,MadNLP,1.0,0.01,17.522096633911133,36479.11128148833,36479.11128148834,1.994554515881443e-14,1.1546319456101628e-14,NaN,35,LOCALLY_SOLVED,residual_tolerance_upper_bound
111,0.2982344394171331,ADMM,1.0,0.01,72.52740859985352,36554.37900700335,36479.11128148834,0.20633102855553198,3.869626841179752e-12,1.1144087572783938,6,converged,gap_callback_with_solver_termination
111,0.2982344394171331,MEL-ADMM,1.0,0.01,12.881040573120117,36480.7058013728,36479.11128148834,0.004371049152376036,1.0776379788524082e-12,0.006933828494751992,16,converged,gap_residual_and_feasibility
111,0.2982344394171331,sMEL-ADMM,1.0,0.01,1.486584,36479.435603210215,36479.11128148834,0.0008890614669154324,2.0011770018868447e-13,0.007180968812242838,39,converged,gap_residual_and_feasibility
112,0.45835896323861985,IPOPT,1.0,1.0e-10,12.607812881469727,36479.11128157207,36479.11128148835,2.2949344259731874e-10,1.5987211554602254e-14,NaN,33,INTERRUPTED,gap_and_residual
112,0.45835896323861985,MadNLP,1.0,0.01,17.1968936920166,36479.111281488345,36479.11128148835,1.994554515881442e-14,1.3322676295501878e-14,NaN,34,LOCALLY_SOLVED,residual_tolerance_upper_bound
112,0.45835896323861985,ADMM,1.0,0.01,69.2284107208252,36588.972052902485,36479.11128148835,0.3011607672303202,6.73683331342545e-13,1.134236990039839,6,converged,gap_callback_with_solver_termination
112,0.45835896323861985,MEL-ADMM,1.0,0.01,14.91546630859375,36481.10332457225,36479.11128148835,0.005460777452953801,3.232580869649837e-12,0.0098226552849221,18,converged,gap_residual_and_feasibility
112,0.45835896323861985,sMEL-ADMM,1.0,0.01,1.338584,36480.45690383288,36479.11128148835,0.0036887476072023926,2.0028423364237824e-13,0.00839516493357037,33,converged,gap_residual_and_feasibility
113,0.4028724498439614,IPOPT,1.0,1.0e-10,14.035940170288086,36479.111281571946,36479.11128148837,2.2911447723930117e-10,1.509903313490213e-14,NaN,33,INTERRUPTED,gap_and_residual
113,0.4028724498439614,MadNLP,1.0,0.01,18.4478759765625,36479.111281488345,36479.11128148837,5.983663547644324e-14,1.4210854715202004e-14,NaN,34,LOCALLY_SOLVED,residual_tolerance_upper_bound
113,0.4028724498439614,ADMM,1.0,0.01,69.81730461120605,36588.9720567469,36479.11128148837,0.3011607777689478,1.6699419624899292e-12,1.1342369958935992,6,converged,gap_callback_with_solver_termination
113,0.4028724498439614,MEL-ADMM,1.0,0.01,14.866352081298828,36481.103324514064,36479.11128148837,0.005460777293409384,1.807887173299605e-12,0.00982265574843133,18,converged,gap_residual_and_feasibility
113,0.4028724498439614,sMEL-ADMM,1.0,0.01,1.342875,36479.94030098072,36479.11128148837,0.0022725868674726445,2.000621890374532e-13,0.0034203732501989492,35,converged,gap_residual_and_feasibility
114,0.2651071537834009,IPOPT,1.0,1.0e-10,15.25115966796875,36479.11128157144,36479.11128148835,2.277581801685019e-10,1.2434497875801753e-14,NaN,34,INTERRUPTED,gap_and_residual
114,0.2651071537834009,MadNLP,1.0,0.01,18.679141998291016,36479.111281488345,36479.11128148835,1.994554515881442e-14,1.5987211554602254e-14,NaN,35,LOCALLY_SOLVED,residual_tolerance_upper_bound
114,0.2651071537834009,ADMM,1.0,0.01,80.58023452758789,36610.4346494054,36479.11128148835,0.3599960725569693,7.822020808845309e-12,1.5228537938443418,6,converged,gap_callback_with_solver_termination
114,0.2651071537834009,MEL-ADMM,1.0,0.01,13.491392135620117,36480.689564192544,36479.11128148835,0.004326538253666661,3.1445956949482934e-12,0.006442303712463016,16,converged,gap_residual_and_feasibility
114,0.2651071537834009,sMEL-ADMM,1.0,0.01,1.788956,36479.651202967216,36479.11128148835,0.0014800839710618031,2.0067281170099704e-13,0.008240087895613257,39,converged,gap_residual_and_feasibility
115,0.6275672376912599,IPOPT,1.0,1.0e-10,12.722015380859375,36479.11128156882,36479.11128148835,2.2057778391132868e-10,1.509903313490213e-14,NaN,33,INTERRUPTED,gap_and_residual
115,0.6275672376912599,MadNLP,1.0,0.01,17.35401153564453,36479.111281488345,36479.11128148835,1.994554515881442e-14,1.0658141036401503e-14,NaN,34,LOCALLY_SOLVED,residual_tolerance_upper_bound
115,0.6275672376912599,ADMM,1.0,0.01,71.87986373901367,36576.76283258042,36479.11128148835,0.26769169440161084,3.481659405224491e-13,1.1733255413829733,6,converged,gap_callback_with_solver_termination
115,0.6275672376912599,MEL-ADMM,1.0,0.01,16.849040985107422,36480.85142755898,36479.11128148835,0.00477025346696763,7.884137787073087e-12,0.0008255482184136298,19,converged,gap_residual_and_feasibility
115,0.6275672376912599,sMEL-ADMM,1.0,0.01,1.448542,36480.70424545242,36479.11128148835,0.004366783915800959,1.9895196601282805e-13,0.009556975484137809,32,converged,gap_residual_and_feasibility
116,0.4394295920828867,IPOPT,1.0,1.0e-10,12.91203498840332,36479.11128157206,36479.11128148835,2.2947349705215992e-10,1.1546319456101628e-14,NaN,33,INTERRUPTED,gap_and_residual
116,0.4394295920828867,MadNLP,1.0,0.01,17.300844192504883,36479.11128148835,36479.11128148835,0.0,9.769962616701378e-15,NaN,34,LOCALLY_SOLVED,residual_tolerance_upper_bound
116,0.4394295920828867,ADMM,1.0,0.01,68.80879402160645,36588.97205516771,36479.11128148835,0.3011607734399668,1.6377454947757997e-12,1.1342369955212828,6,converged,gap_callback_with_solver_termination
116,0.4394295920828867,MEL-ADMM,1.0,0.01,14.925718307495117,36481.10332460155,36479.11128148835,0.005460777533274512,3.948286142474444e-12,0.009822655446648731,18,converged,gap_residual_and_feasibility
116,0.4394295920828867,sMEL-ADMM,1.0,0.01,1.296915,36480.26841416476,36479.11128148835,0.0031720418501447185,2.0045076709607201e-13,0.008770795716335655,34,converged,gap_residual_and_feasibility
117,0.5018577763993984,IPOPT,1.0,1.0e-10,12.665987014770508,36479.11128157214,36479.11128148834,2.297327891392246e-10,1.3322676295501878e-14,NaN,33,INTERRUPTED,gap_and_residual
117,0.5018577763993984,MadNLP,1.0,0.01,17.433881759643555,36479.11128148835,36479.11128148834,3.989109031762886e-14,1.509903313490213e-14,NaN,34,LOCALLY_SOLVED,residual_tolerance_upper_bound
117,0.5018577763993984,ADMM,1.0,0.01,67.22593307495117,36588.972048050775,36479.11128148834,0.3011607539303915,7.003286839335487e-13,1.1342369889741306,6,converged,gap_callback_with_solver_termination
117,0.5018577763993984,MEL-ADMM,1.0,0.01,15.036821365356445,36481.1033245256,36479.11128148834,0.0054607773251028596,1.9434454046063365e-12,0.009822655107993405,18,converged,gap_residual_and_feasibility
117,0.5018577763993984,sMEL-ADMM,1.0,0.01,1.1862920000000001,36480.66758585779,36479.11128148834,0.004266289157759633,2.000621890374532e-13,0.008921810168562416,32,converged,gap_residual_and_feasibility
118,0.4074662632732624,IPOPT,1.0,1.0e-10,14.489889144897461,36479.11128157199,36479.11128148833,2.2933387823604837e-10,1.2434497875801753e-14,NaN,33,INTERRUPTED,gap_and_residual
118,0.4074662632732624,MadNLP,1.0,0.01,17.33684539794922,36479.111281488345,36479.11128148833,3.989109031762887e-14,1.1546319456101628e-14,NaN,34,LOCALLY_SOLVED,residual_tolerance_upper_bound
118,0.4074662632732624,ADMM,1.0,0.01,68.6192512512207,36588.97205695827,36479.11128148833,0.3011607783484858,8.656964034514658e-13,1.1342370017978611,6,converged,gap_callback_with_solver_termination
118,0.4074662632732624,MEL-ADMM,1.0,0.01,14.749526977539062,36481.10332453303,36479.11128148833,0.005460777345507153,2.212674488077937e-12,0.009822655295224081,18,converged,gap_residual_and_feasibility
118,0.4074662632732624,sMEL-ADMM,1.0,0.01,1.374876,36479.98879302778,36479.11128148833,0.0024055178665793077,1.9978463328129692e-13,0.00570751367560085,35,converged,gap_residual_and_feasibility
119,0.37918253846973027,IPOPT,1.0,1.0e-10,12.192964553833008,36479.111281563135,36479.111281488345,2.0502025868745348e-10,1.1546319456101628e-14,NaN,32,INTERRUPTED,gap_and_residual
119,0.37918253846973027,MadNLP,1.0,0.01,16.870975494384766,36479.11128148834,36479.111281488345,1.9945545158814427e-14,1.2434497875801753e-14,NaN,33,LOCALLY_SOLVED,residual_tolerance_upper_bound
119,0.37918253846973027,ADMM,1.0,0.01,67.51775741577148,36595.138197105414,36479.111281488345,0.31806398659703033,3.383959779057477e-13,1.0681196784928089,6,converged,gap_callback_with_solver_termination
119,0.37918253846973027,MEL-ADMM,1.0,0.01,14.694452285766602,36481.02049697985,36479.111281488345,0.005233722600237835,3.1198932326503837e-12,0.009898848568685281,18,converged,gap_residual_and_feasibility
119,0.37918253846973027,sMEL-ADMM,1.0,0.01,1.122503,36479.712639371945,36479.111281488345,0.0016484992711549022,1.9978463328129692e-13,0.006453177911936336,33,converged,gap_residual_and_feasibility
120,0.5117878545049801,IPOPT,1.0,1.0e-10,13.258934020996094,36479.111281572135,36479.111281488345,2.2969289804890694e-10,1.0658141036401503e-14,NaN,33,INTERRUPTED,gap_and_residual
120,0.5117878545049801,MadNLP,1.0,0.01,17.5628662109375,36479.11128148834,36479.111281488345,1.9945545158814427e-14,1.3322676295501878e-14,NaN,34,LOCALLY_SOLVED,residual_tolerance_upper_bound
120,0.5117878545049801,ADMM,1.0,0.01,69.53668594360352,36588.97204863703,36479.111281488345,0.3011607555374638,2.6485480475457734e-12,1.1342369923254871,6,converged,gap_callback_with_solver_termination
120,0.5117878545049801,MEL-ADMM,1.0,0.01,14.829158782958984,36481.10332451573,36479.111281488345,0.005460777298036753,1.6888712650597881e-12,0.009822655342849096,18,converged,gap_residual_and_feasibility
120,0.5117878545049801,sMEL-ADMM,1.0,0.01,1.217168,36480.67004656405,36479.111281488345,0.0042730346791615345,1.9950707752514063e-13,0.008977852012128196,32,converged,gap_residual_and_feasibility
121,0.41234322892859876,IPOPT,1.0,1.0e-10,13.67497444152832,36479.11128157199,36479.111281488345,2.2929398714573064e-10,1.509903313490213e-14,NaN,33,INTERRUPTED,gap_and_residual
121,0.41234322892859876,MadNLP,1.0,0.01,17.328977584838867,36479.111281488345,36479.111281488345,0.0,1.3322676295501878e-14,NaN,34,LOCALLY_SOLVED,residual_tolerance_upper_bound
121,0.41234322892859876,ADMM,1.0,0.01,69.05508041381836,36588.972055973805,36479.111281488345,0.30116077564973376,4.0678571622265736e-13,1.1342369921892361,6,converged,gap_callback_with_solver_termination
121,0.41234322892859876,MEL-ADMM,1.0,0.01,14.64223861694336,36481.10332458451,36479.111281488345,0.005460777486581992,3.5642044871053713e-12,0.009822655265114832,18,converged,gap_residual_and_feasibility
121,0.41234322892859876,sMEL-ADMM,1.0,0.01,1.031003,36480.04435796415,36479.111281488345,0.002557837740632227,2.0017321133991572e-13,0.008169514742554895,35,converged,gap_residual_and_feasibility
122,0.6155623400488857,IPOPT,1.0,1.0e-10,14.056921005249023,36479.11128157084,36479.11128148835,2.261226454654791e-10,9.769962616701378e-15,NaN,33,INTERRUPTED,gap_and_residual
122,0.6155623400488857,MadNLP,1.0,0.01,18.037796020507812,36479.1112814883,36479.11128148835,1.3961881611170096e-13,1.1546319456101628e-14,NaN,34,LOCALLY_SOLVED,residual_tolerance_upper_bound
122,0.6155623400488857,ADMM,1.0,0.01,72.98684120178223,36585.65757243162,36479.11128148835,0.2920747989749848,5.92526028242446e-13,1.1506836788325252,6,converged,gap_callback_with_solver_termination
122,0.6155623400488857,MEL-ADMM,1.0,0.01,16.145944595336914,36480.90934159083,36479.11128148835,0.004929012904401582,6.9966255011877365e-12,0.001152931428430648,19,converged,gap_residual_and_feasibility
122,0.6155623400488857,sMEL-ADMM,1.0,0.01,1.235624,36480.7741809647,36479.11128148835,0.004558497775654144,2.0017321133991572e-13,0.009844017435430175,29,converged,gap_residual_and_feasibility
123,0.48329812891880236,IPOPT,1.0,1.0e-10,14.35089111328125,36479.11128157213,36479.11128148834,2.2969289804890697e-10,1.509903313490213e-14,NaN,33,INTERRUPTED,gap_and_residual
123,0.48329812891880236,MadNLP,1.0,0.01,18.043994903564453,36479.11128148833,36479.11128148834,1.994554515881443e-14,1.1546319456101628e-14,NaN,34,LOCALLY_SOLVED,residual_tolerance_upper_bound
123,0.48329812891880236,ADMM,1.0,0.01,70.91403007507324,36588.97204795817,36479.11128148834,0.30116075367652456,2.63161714642024e-12,1.1342369850258125,6,converged,gap_callback_with_solver_termination
123,0.48329812891880236,MEL-ADMM,1.0,0.01,15.365362167358398,36481.1033245606,36479.11128148834,0.005460777421060877,2.9254376698872875e-12,0.009822655289739579,18,converged,gap_residual_and_feasibility
123,0.48329812891880236,sMEL-ADMM,1.0,0.01,1.533707,36480.66363806216,36479.11128148834,0.004255467085916373,1.9989565558375944e-13,0.0088182205690579,32,converged,gap_residual_and_feasibility
124,0.7355612417107447,IPOPT,1.0,1.0e-10,15.159845352172852,36479.11128157176,36479.11128148833,2.286956207909663e-10,1.687538997430238e-14,NaN,34,INTERRUPTED,gap_and_residual
124,0.7355612417107447,MadNLP,1.0,0.01,18.221139907836914,36479.11128148833,36479.11128148833,0.0,1.5987211554602254e-14,NaN,35,LOCALLY_SOLVED,residual_tolerance_upper_bound
124,0.7355612417107447,ADMM,1.0,0.01,80.50203323364258,36831.60930237312,36479.11128148833,0.9663010103638966,5.920153256511185e-12,2.361946438993646,6,converged,gap_callback_with_solver_termination
124,0.7355612417107447,MEL-ADMM,1.0,0.01,15.19012451171875,36480.5302130792,36479.11128148833,0.0038897098668798247,5.720979245893432e-12,0.0059514325424174785,19,converged,gap_residual_and_feasibility
124,0.7355612417107447,sMEL-ADMM,1.0,0.01,1.205752,36480.77695426148,36479.11128148833,0.00456610019990079,2.0083934515469082e-13,0.00591471173744651,33,converged,gap_residual_and_feasibility
125,0.5690418971693729,IPOPT,1.0,1.0e-10,12.64810562133789,36479.1112815721,36479.11128148837,2.295333336876363e-10,1.2434497875801753e-14,NaN,33,INTERRUPTED,gap_and_residual
125,0.5690418971693729,MadNLP,1.0,0.01,17.45295524597168,36479.11128148834,36479.11128148837,7.978218063525766e-14,1.1546319456101628e-14,NaN,34,LOCALLY_SOLVED,residual_tolerance_upper_bound
125,0.5690418971693729,ADMM,1.0,0.01,70.49918174743652,36588.972052518846,36479.11128148837,0.3011607661786114,7.213118990989642e-13,1.1342369908084438,6,converged,gap_callback_with_solver_termination
125,0.5690418971693729,MEL-ADMM,1.0,0.01,14.901161193847656,36481.103324562,36479.11128148837,0.0054607774248106354,2.9981572780002352e-12,0.009822655455459461,18,converged,gap_residual_and_feasibility
125,0.5690418971693729,sMEL-ADMM,1.0,0.01,1.23767,36480.686081824104,36479.11128148837,0.004316992054945702,1.9917401061775308e-13,0.009273331432952503,32,converged,gap_residual_and_feasibility
126,0.6637632426879798,IPOPT,1.0,1.0e-10,13.682842254638672,36479.11134600458,36479.11128148835,1.7685800658164932e-7,1.2434497875801753e-14,NaN,33,INTERRUPTED,gap_and_residual
126,0.6637632426879798,MadNLP,1.0,0.01,17.76409149169922,36479.11128148833,36479.11128148835,5.983663547644327e-14,1.1546319456101628e-14,NaN,35,LOCALLY_SOLVED,residual_tolerance_upper_bound
126,0.6637632426879798,ADMM,1.0,0.01,75.1810073852539,36558.596107055564,36479.11128148835,0.21789134322344814,2.5178747975473925e-12,1.125057654544567,6,converged,gap_callback_with_solver_termination
126,0.6637632426879798,MEL-ADMM,1.0,0.01,12.87984848022461,36480.67557665791,36479.11128148835,0.004288194296962555,2.8707036747732673e-12,0.007938859777045337,16,converged,gap_residual_and_feasibility
126,0.6637632426879798,sMEL-ADMM,1.0,0.01,0.9426709999999999,36480.72060044081,36479.11128148835,0.004411617761288911,2.0039525594484076e-13,0.009745512301027048,32,converged,gap_residual_and_feasibility
127,0.7388445526608314,IPOPT,1.0,1.0e-10,13.057947158813477,36479.11128157181,36479.11128148835,2.2877540297160142e-10,1.3322676295501878e-14,NaN,34,INTERRUPTED,gap_and_residual
127,0.7388445526608314,MadNLP,1.0,0.01,17.796039581298828,36479.11128148836,36479.11128148835,1.994554515881442e-14,1.0658141036401503e-14,NaN,35,LOCALLY_SOLVED,residual_tolerance_upper_bound
127,0.7388445526608314,ADMM,1.0,0.01,86.74979209899902,36539.443334152944,36479.11128148835,0.16538794544374552,1.6293633109398797e-12,0.8612628052258211,7,converged,gap_callback_with_solver_termination
127,0.7388445526608314,MEL-ADMM,1.0,0.01,15.832185745239258,36480.525572943225,36479.11128148835,0.003876989885961654,1.3146150834586479e-12,0.0061052522241462626,19,converged,gap_residual_and_feasibility
127,0.7388445526608314,sMEL-ADMM,1.0,0.01,1.125788,36480.779134484255,36479.11128148835,0.004572076833321912,2.0017321133991572e-13,0.005929571713455317,33,converged,gap_residual_and_feasibility
128,0.45898745728186313,IPOPT,1.0,1.0e-10,14.269113540649414,36479.11128157208,36479.11128148835,2.2951338814247755e-10,1.1546319456101628e-14,NaN,33,INTERRUPTED,gap_and_residual
128,0.45898745728186313,MadNLP,1.0,0.01,18.51487159729004,36479.11128148837,36479.11128148835,3.989109031762884e-14,1.4210854715202004e-14,NaN,34,LOCALLY_SOLVED,residual_tolerance_upper_bound
128,0.45898745728186313,ADMM,1.0,0.01,71.87914848327637,36588.97205523596,36479.11128148835,0.301160773627056,2.658373521313706e-12,1.1342369999632087,6,converged,gap_callback_with_solver_termination
128,0.45898745728186313,MEL-ADMM,1.0,0.01,15.116691589355469,36481.10332460332,36479.11128148835,0.005460777538121279,3.977262963417161e-12,0.009822655378076028,18,converged,gap_residual_and_feasibility
128,0.45898745728186313,sMEL-ADMM,1.0,0.01,1.196044,36480.46554073601,36479.11128148835,0.0037124239053104484,2.0067281170099704e-13,0.008056732786979798,33,converged,gap_residual_and_feasibility
129,0.5535071590473105,IPOPT,1.0,1.0e-10,14.953851699829102,36479.11128157213,36479.11128148832,2.297327891392247e-10,1.509903313490213e-14,NaN,33,INTERRUPTED,gap_and_residual
129,0.5535071590473105,MadNLP,1.0,0.01,17.76599884033203,36479.111281488345,36479.11128148832,5.983663547644332e-14,9.769962616701378e-15,NaN,34,LOCALLY_SOLVED,residual_tolerance_upper_bound
129,0.5535071590473105,ADMM,1.0,0.01,72.06344604492188,36588.97205143939,36479.11128148832,0.3011607632196303,7.44737604918555e-13,1.1342369899873699,6,converged,gap_callback_with_solver_termination
129,0.5535071590473105,MEL-ADMM,1.0,0.01,15.210151672363281,36481.10332459232,36479.11128148832,0.005460777508043402,3.728128916691276e-12,0.009822655233197253,18,converged,gap_residual_and_feasibility
129,0.5535071590473105,sMEL-ADMM,1.0,0.01,1.40025,36480.68141407731,36479.11128148832,0.004304196384812389,2.0028423364237824e-13,0.009197164429217253,32,converged,gap_residual_and_feasibility
130,0.5917079739877212,IPOPT,1.0,1.0e-10,13.97085189819336,36479.111281572004,36479.11128148833,2.29373769326366e-10,1.3322676295501878e-14,NaN,33,INTERRUPTED,gap_and_residual
130,0.5917079739877212,MadNLP,1.0,0.01,17.965078353881836,36479.111281488345,36479.11128148833,3.989109031762887e-14,1.509903313490213e-14,NaN,34,LOCALLY_SOLVED,residual_tolerance_upper_bound
130,0.5917079739877212,ADMM,1.0,0.01,70.50299644470215,36596.37933066835,36479.11128148833,0.32146629964510387,1.63158375698913e-12,1.0576215360266028,6,converged,gap_callback_with_solver_termination
130,0.5917079739877212,MEL-ADMM,1.0,0.01,15.087127685546875,36481.003862417325,36479.11128148833,0.005188122359643124,3.6077807408219087e-12,0.009904327166485594,18,converged,gap_residual_and_feasibility
130,0.5917079739877212,sMEL-ADMM,1.0,0.01,1.1805839999999999,36480.69304172589,36479.11128148833,0.004336071197994442,2.007283228522283e-13,0.009382491571777507,32,converged,gap_residual_and_feasibility
131,0.31860673180842025,IPOPT,1.0,1.0e-10,14.621973037719727,36479.11128155871,36479.11128148837,1.9283353059541777e-10,1.3322676295501878e-14,NaN,34,INTERRUPTED,gap_and_residual
131,0.31860673180842025,MadNLP,1.0,0.01,17.735958099365234,36479.11128148835,36479.11128148837,3.989109031762883e-14,1.509903313490213e-14,NaN,35,LOCALLY_SOLVED,residual_tolerance_upper_bound
131,0.31860673180842025,ADMM,1.0,0.01,69.90957260131836,36555.74321668504,36479.11128148837,0.21007072953436107,2.6263990982045016e-12,1.1357133786055975,6,converged,gap_callback_with_solver_termination
131,0.31860673180842025,MEL-ADMM,1.0,0.01,13.170003890991211,36480.73383614373,36479.11128148837,0.004447900725544358,1.0432765762402596e-12,0.009721801880600012,16,converged,gap_residual_and_feasibility
131,0.31860673180842025,sMEL-ADMM,1.0,0.01,1.266625,36479.435021410514,36479.11128148837,0.0008874665823105021,1.9961809982760315e-13,0.009514720894985729,38,converged,gap_residual_and_feasibility
132,0.6178959239946523,IPOPT,1.0,1.0e-10,12.629032135009766,36479.11128157049,36479.111281488345,2.2518520484301486e-10,1.1546319456101628e-14,NaN,33,INTERRUPTED,gap_and_residual
132,0.6178959239946523,MadNLP,1.0,0.01,17.014026641845703,36479.111281488316,36479.111281488345,7.978218063525771e-14,1.4210854715202004e-14,NaN,34,LOCALLY_SOLVED,residual_tolerance_upper_bound
132,0.6178959239946523,ADMM,1.0,0.01,69.9160099029541,36583.88577847178,36479.111281488345,0.2872177893122082,1.1836087665528794e-12,1.1561249700940444,6,converged,gap_callback_with_solver_termination
132,0.6178959239946523,MEL-ADMM,1.0,0.01,15.969038009643555,36480.89747165248,36479.111281488345,0.004896473903528572,4.640843265235617e-12,0.0010917483854182564,19,converged,gap_residual_and_feasibility
132,0.6178959239946523,sMEL-ADMM,1.0,0.01,1.168918,36480.7754635208,36479.111281488345,0.004562013640106721,2.0106138975961585e-13,0.009894599250038993,29,converged,gap_residual_and_feasibility
133,0.4200899438600634,IPOPT,1.0,1.0e-10,12.53199577331543,36479.11128157203,36479.11128148834,2.294336059618424e-10,1.2434497875801753e-14,NaN,33,INTERRUPTED,gap_and_residual
133,0.4200899438600634,MadNLP,1.0,0.01,17.129182815551758,36479.111281488345,36479.11128148834,1.994554515881443e-14,1.1546319456101628e-14,NaN,34,LOCALLY_SOLVED,residual_tolerance_upper_bound
133,0.4200899438600634,ADMM,1.0,0.01,67.5199031829834,36588.97205698341,36479.11128148834,0.3011607784173777,1.4974133044631799e-12,1.1342370032514593,6,converged,gap_callback_with_solver_termination
133,0.4200899438600634,MEL-ADMM,1.0,0.01,15.153884887695312,36481.103324480115,36479.11128148834,0.005460777200423256,7.379097333171103e-13,0.009822655388145307,18,converged,gap_residual_and_feasibility
133,0.4200899438600634,sMEL-ADMM,1.0,0.01,0.998166,36480.131046512346,36479.11128148834,0.0027954766116394603,2.0011770018868447e-13,0.005411214224311678,36,converged,gap_residual_and_feasibility
134,0.7189283106497677,IPOPT,1.0,1.0e-10,13.521909713745117,36479.11128157181,36479.11128148834,2.2881529406191915e-10,1.2434497875801753e-14,NaN,34,INTERRUPTED,gap_and_residual
134,0.7189283106497677,MadNLP,1.0,0.01,18.139123916625977,36479.11128148834,36479.11128148834,0.0,1.4210854715202004e-14,NaN,35,LOCALLY_SOLVED,residual_tolerance_upper_bound
134,0.7189283106497677,ADMM,1.0,0.01,77.07738876342773,36709.78933320135,36479.11128148834,0.6323565558738536,3.685385330243207e-12,1.9711116876210957,6,converged,gap_callback_with_solver_termination
134,0.7189283106497677,MEL-ADMM,1.0,0.01,15.975475311279297,36480.563932114776,36479.11128148834,0.003982143685541348,4.086064819830426e-12,0.005082032928608982,19,converged,gap_residual_and_feasibility
134,0.7189283106497677,sMEL-ADMM,1.0,0.01,1.2289189999999999,36480.76590976732,36479.11128148834,0.004535823984884991,2.0106138975961585e-13,0.005839791375102266,33,converged,gap_residual_and_feasibility
135,0.5448136363032521,IPOPT,1.0,1.0e-10,12.62807846069336,36479.11128157213,36479.11128148834,2.2969289804890697e-10,1.3322676295501878e-14,NaN,33,INTERRUPTED,gap_and_residual
135,0.5448136363032521,MadNLP,1.0,0.01,17.748117446899414,36479.11128148832,36479.11128148834,3.989109031762886e-14,1.0658141036401503e-14,NaN,34,LOCALLY_SOLVED,residual_tolerance_upper_bound
135,0.5448136363032521,ADMM,1.0,0.01,70.08576393127441,36588.972047562485,36479.11128148834,0.30116075259184594,3.3573144264664734e-13,1.1342369860156074,6,converged,gap_callback_with_solver_termination
135,0.5448136363032521,MEL-ADMM,1.0,0.01,14.729738235473633,36481.10332450701,36479.11128148834,0.005460777274141991,1.4795942249179461e-12,0.009822655326884089,18,converged,gap_residual_and_feasibility
135,0.5448136363032521,sMEL-ADMM,1.0,0.01,1.284085,36480.678852465324,36479.11128148834,0.004297174251010915,1.999511667349907e-13,0.009153512441114842,32,converged,gap_residual_and_feasibility
136,0.5887466682633147,IPOPT,1.0,1.0e-10,12.948036193847656,36479.11128157202,36479.11128148834,2.2939371487152476e-10,1.5987211554602254e-14,NaN,33,INTERRUPTED,gap_and_residual
136,0.5887466682633147,MadNLP,1.0,0.01,17.98105239868164,36479.11128148834,36479.11128148834,0.0,1.4210854715202004e-14,NaN,34,LOCALLY_SOLVED,residual_tolerance_upper_bound
136,0.5887466682633147,ADMM,1.0,0.01,72.02863693237305,36595.525037883,36479.11128148834,0.3191244312296047,3.4017233474514796e-13,1.0726955489784613,6,converged,gap_callback_with_solver_termination
136,0.5887466682633147,MEL-ADMM,1.0,0.01,14.61172103881836,36481.02414772395,36479.11128148834,0.005243730366259001,4.956035581926699e-13,0.009907961580043256,18,converged,gap_residual_and_feasibility
136,0.5887466682633147,sMEL-ADMM,1.0,0.01,1.108419,36480.69212388149,36479.11128148834,0.004333555115840604,1.999511667349907e-13,0.009368310725580642,32,converged,gap_residual_and_feasibility
137,0.6380105225406667,IPOPT,1.0,1.0e-10,14.400005340576172,36479.111281488345,36479.111281488345,0.0,1.2434497875801753e-14,NaN,34,INTERRUPTED,gap_and_residual
137,0.6380105225406667,MadNLP,1.0,0.01,18.23592185974121,36479.11128148833,36479.111281488345,3.9891090317628855e-14,1.2434497875801753e-14,NaN,35,LOCALLY_SOLVED,residual_tolerance_upper_bound
137,0.6380105225406667,ADMM,1.0,0.01,76.60770416259766,36568.09380029506,36479.111281488345,0.24392732081679463,2.9398705692074145e-13,1.1571160659761572,6,converged,gap_callback_with_solver_termination
137,0.6380105225406667,MEL-ADMM,1.0,0.01,16.066551208496094,36480.805294761645,36479.111281488345,0.004643789867105207,5.637601496744082e-12,0.0007702542012362201,19,converged,gap_residual_and_feasibility
137,0.6380105225406667,sMEL-ADMM,1.0,0.01,1.359582,36480.70760640933,36479.111281488345,0.004375997289692154,2.0083934515469082e-13,0.009610603427901765,32,converged,gap_residual_and_feasibility
138,0.44130812713571643,IPOPT,1.0,1.0e-10,14.89114761352539,36479.111281572055,36479.111281488345,2.2947349705215997e-10,8.881784197001252e-15,NaN,33,INTERRUPTED,gap_and_residual
138,0.44130812713571643,MadNLP,1.0,0.01,18.166065216064453,36479.111281488345,36479.111281488345,0.0,1.4210854715202004e-14,NaN,34,LOCALLY_SOLVED,residual_tolerance_upper_bound
138,0.44130812713571643,ADMM,1.0,0.01,68.6497688293457,36588.972054648075,36479.111281488345,0.30116077201551583,1.313782416190179e-12,1.1342369924764624,6,converged,gap_callback_with_solver_termination
138,0.44130812713571643,MEL-ADMM,1.0,0.01,14.90020751953125,36481.10332443138,36479.111281488345,0.005460777066808049,4.988232049640828e-13,0.009822655427145222,18,converged,gap_residual_and_feasibility
138,0.44130812713571643,sMEL-ADMM,1.0,0.01,1.346999,36480.312891417845,36479.111281488345,0.003293967115118426,2.0056178939853453e-13,0.007004365614228014,35,converged,gap_residual_and_feasibility
139,0.45588925717142537,IPOPT,1.0,1.0e-10,14.142036437988281,36479.11128157207,36479.11128148837,2.2945355150700103e-10,1.1546319456101628e-14,NaN,33,INTERRUPTED,gap_and_residual
139,0.45588925717142537,MadNLP,1.0,0.01,17.146825790405273,36479.111281488345,36479.11128148837,5.983663547644324e-14,1.687538997430238e-14,NaN,34,LOCALLY_SOLVED,residual_tolerance_upper_bound
139,0.45588925717142537,ADMM,1.0,0.01,68.75896453857422,36588.972054371254,36479.11128148837,0.3011607712566076,1.5743517600697032e-12,1.1342369981339058,6,converged,gap_callback_with_solver_termination
139,0.45588925717142537,MEL-ADMM,1.0,0.01,15.07878303527832,36481.10332443017,36479.11128148837,0.005460777063437248,5.196953978270358e-13,0.009822655337635489,18,converged,gap_residual_and_feasibility
139,0.45588925717142537,sMEL-ADMM,1.0,0.01,1.302082,36480.42417308019,36479.11128148837,0.0035990229632780406,1.9978463328129692e-13,0.00974773770726034,33,converged,gap_residual_and_feasibility
140,0.6693401920646663,IPOPT,1.0,1.0e-10,13.59701156616211,36479.11128155874,36479.11128148834,1.9299309495668842e-10,1.2434497875801753e-14,NaN,34,INTERRUPTED,gap_and_residual
140,0.6693401920646663,MadNLP,1.0,0.01,17.960071563720703,36479.11128148833,36479.11128148834,1.994554515881443e-14,1.3322676295501878e-14,NaN,35,LOCALLY_SOLVED,residual_tolerance_upper_bound
140,0.6693401920646663,ADMM,1.0,0.01,73.55856895446777,36562.06336081446,36479.11128148834,0.22739610810699817,1.2151391004522338e-12,1.1232803819321475,6,converged,gap_callback_with_solver_termination
140,0.6693401920646663,MEL-ADMM,1.0,0.01,12.945413589477539,36480.67163754975,36479.11128148834,0.004277396040080271,4.809375120373716e-12,0.007169250450105302,16,converged,gap_residual_and_feasibility
140,0.6693401920646663,sMEL-ADMM,1.0,0.01,1.226286,36480.72404232726,36479.11128148834,0.004421052986945824,2.0028423364237824e-13,0.009775401564935393,32,converged,gap_residual_and_feasibility
141,0.3727969546091309,IPOPT,1.0,1.0e-10,13.176918029785156,36479.111346003265,36479.11128148832,1.7685447622015634e-7,1.2434497875801753e-14,NaN,32,INTERRUPTED,gap_and_residual
141,0.3727969546091309,MadNLP,1.0,0.01,17.588138580322266,36479.11128148835,36479.11128148832,7.978218063525775e-14,1.2434497875801753e-14,NaN,34,LOCALLY_SOLVED,residual_tolerance_upper_bound
141,0.3727969546091309,ADMM,1.0,0.01,71.03586196899414,36597.57395056037,36479.11128148832,0.32474110500647535,4.108380302625392e-13,1.1261951376107788,6,converged,gap_callback_with_solver_termination
141,0.3727969546091309,MEL-ADMM,1.0,0.01,15.438079833984375,36480.97632279951,36479.11128148832,0.005112628147101904,3.4372504842394846e-13,0.009925432949933644,18,converged,gap_residual_and_feasibility
141,0.3727969546091309,sMEL-ADMM,1.0,0.01,1.124286,36479.67413351724,36479.11128148832,0.0015429433699033933,1.9945156637390937e-13,0.007881781249407638,33,converged,gap_residual_and_feasibility
142,0.311423540877235,IPOPT,1.0,1.0e-10,12.998104095458984,36479.11128157172,36479.11128148836,2.285161108845368e-10,1.1546319456101628e-14,NaN,34,INTERRUPTED,gap_and_residual
142,0.311423540877235,MadNLP,1.0,0.01,17.78101921081543,36479.11128148834,36479.11128148836,5.983663547644325e-14,1.2434497875801753e-14,NaN,35,LOCALLY_SOLVED,residual_tolerance_upper_bound
142,0.311423540877235,ADMM,1.0,0.01,73.52685928344727,36550.989850726895,36479.11128148836,0.1970403518986243,2.4235058404542542e-12,1.1132975337052198,6,converged,gap_callback_with_solver_termination
142,0.311423540877235,MEL-ADMM,1.0,0.01,12.931108474731445,36480.72004253081,36479.11128148836,0.004410088365468098,5.660472091051361e-13,0.008558742127688035,16,converged,gap_residual_and_feasibility
142,0.311423540877235,sMEL-ADMM,1.0,0.01,1.497419,36479.44148043918,36479.11128148836,0.0009051726843622972,2.0022872249114698e-13,0.0058567977262260484,39,converged,gap_residual_and_feasibility
143,0.3689221073740136,IPOPT,1.0,1.0e-10,12.895822525024414,36479.11134600563,36479.11128148834,1.7686091863124257e-7,1.0658141036401503e-14,NaN,32,INTERRUPTED,gap_and_residual
143,0.3689221073740136,MadNLP,1.0,0.01,17.338037490844727,36479.11128148835,36479.11128148834,3.989109031762886e-14,1.1546319456101628e-14,NaN,34,LOCALLY_SOLVED,residual_tolerance_upper_bound
143,0.3689221073740136,ADMM,1.0,0.01,68.66168975830078,36599.3087004381,36479.11128148834,0.32949656591759824,4.468647674116255e-13,1.1697400573224002,6,converged,gap_callback_with_solver_termination
143,0.3689221073740136,MEL-ADMM,1.0,0.01,14.748811721801758,36480.948017802424,36479.11128148834,0.005035035804224977,5.004552328102818e-12,0.009932309312038257,18,converged,gap_residual_and_feasibility
143,0.3689221073740136,sMEL-ADMM,1.0,0.01,1.231958,36479.63206539211,36479.11128148834,0.0014276222349548777,1.9961809982760315e-13,0.009507280574956312,32,converged,gap_residual_and_feasibility
144,0.6667713250013764,IPOPT,1.0,1.0e-10,14.780998229980469,36479.11128155827,36479.11128148835,1.9165674343104777e-10,1.7763568394002505e-14,NaN,34,INTERRUPTED,gap_and_residual
144,0.6667713250013764,MadNLP,1.0,0.01,18.425941467285156,36479.11128148834,36479.11128148835,3.989109031762884e-14,1.5987211554602254e-14,NaN,35,LOCALLY_SOLVED,residual_tolerance_upper_bound
144,0.6667713250013764,ADMM,1.0,0.01,75.2251148223877,36560.216390370544,36479.11128148835,0.22233301753529539,2.0977664050292333e-12,1.1241478722442828,6,converged,gap_callback_with_solver_termination
144,0.6667713250013764,MEL-ADMM,1.0,0.01,12.782573699951172,36480.67344366141,36479.11128148835,0.004282347124649868,3.284705840655988e-12,0.007529414868510109,16,converged,gap_residual_and_feasibility
144,0.6667713250013764,sMEL-ADMM,1.0,0.01,1.387998,36480.72245789281,36479.11128148835,0.0044167095848962196,2.0039525594484076e-13,0.009761490647363757,32,converged,gap_residual_and_feasibility
145,0.3266490723847228,IPOPT,1.0,1.0e-10,13.897180557250977,36479.11134601544,36479.11128148833,1.7688782517166186e-7,1.4210854715202004e-14,NaN,33,INTERRUPTED,gap_and_residual
145,0.3266490723847228,MadNLP,1.0,0.01,18.514156341552734,36479.11128148834,36479.11128148833,1.9945545158814434e-14,1.4210854715202004e-14,NaN,35,LOCALLY_SOLVED,residual_tolerance_upper_bound
145,0.3266490723847228,ADMM,1.0,0.01,73.08053970336914,36561.43574369628,36479.11128148833,0.22567562453125695,3.2240876635114546e-13,1.1434412713894702,6,converged,gap_callback_with_solver_termination
145,0.3266490723847228,MEL-ADMM,1.0,0.01,15.460014343261719,36480.80567913376,36479.11128148833,0.004644843544441031,5.207390074701834e-12,0.0010582316045475437,19,converged,gap_residual_and_feasibility
145,0.3266490723847228,sMEL-ADMM,1.0,0.01,1.5174590000000001,36479.45990962445,36479.11128148833,0.0009556925151717299,2.0028423364237824e-13,0.00773467659594651,36,converged,gap_residual_and_feasibility
146,0.5075056707994856,IPOPT,1.0,1.0e-10,13.947010040283203,36479.111281572135,36479.11128148834,2.2971284359406578e-10,1.2434497875801753e-14,NaN,33,INTERRUPTED,gap_and_residual
146,0.5075056707994856,MadNLP,1.0,0.01,17.712116241455078,36479.11128148835,36479.11128148834,3.989109031762886e-14,1.1546319456101628e-14,NaN,34,LOCALLY_SOLVED,residual_tolerance_upper_bound
146,0.5075056707994856,ADMM,1.0,0.01,70.09434700012207,36588.972047637304,36479.11128148834,0.301160752796946,1.3102852136626097e-12,1.134236988461204,6,converged,gap_callback_with_solver_termination
146,0.5075056707994856,MEL-ADMM,1.0,0.01,14.567136764526367,36481.103324571865,36479.11128148834,0.005460777451936581,3.1257219035296657e-12,0.00982265532069082,18,converged,gap_residual_and_feasibility
146,0.5075056707994856,sMEL-ADMM,1.0,0.01,1.1601249999999999,36480.66893537651,36479.11128148834,0.004269988586489495,2.0028423364237824e-13,0.008953847772179557,32,converged,gap_residual_and_feasibility
147,0.49906318086579204,IPOPT,1.0,1.0e-10,12.726068496704102,36479.111281572135,36479.11128148833,2.2973278913922465e-10,1.2434497875801753e-14,NaN,33,INTERRUPTED,gap_and_residual
147,0.49906318086579204,MadNLP,1.0,0.01,17.240047454833984,36479.111281488345,36479.11128148833,3.989109031762887e-14,1.0658141036401503e-14,NaN,34,LOCALLY_SOLVED,residual_tolerance_upper_bound
147,0.49906318086579204,ADMM,1.0,0.01,69.19527053833008,36588.972048399584,36479.11128148833,0.3011607548866009,1.8182677585798501e-12,1.134236989931928,6,converged,gap_callback_with_solver_termination
147,0.49906318086579204,MEL-ADMM,1.0,0.01,14.975786209106445,36481.103324544296,36479.11128148833,0.005460777376382857,2.413569344383859e-12,0.009822655179885231,18,converged,gap_residual_and_feasibility
147,0.49906318086579204,sMEL-ADMM,1.0,0.01,1.354832,36480.667013706465,36479.11128148833,0.004264720722303881,2.0000667788622195e-13,0.008905896581262951,32,converged,gap_residual_and_feasibility
148,0.4998892561353326,IPOPT,1.0,1.0e-10,13.638019561767578,36479.11128157214,36479.11128148834,2.297327891392246e-10,1.3322676295501878e-14,NaN,33,INTERRUPTED,gap_and_residual
148,0.4998892561353326,MadNLP,1.0,0.01,17.406940460205078,36479.11128148835,36479.11128148834,3.989109031762886e-14,1.3322676295501878e-14,NaN,34,LOCALLY_SOLVED,residual_tolerance_upper_bound
148,0.4998892561353326,ADMM,1.0,0.01,69.36812400817871,36588.972047489624,36479.11128148834,0.30116075239211126,3.526068326209497e-13,1.1342369862061776,6,converged,gap_callback_with_solver_termination
148,0.4998892561353326,MEL-ADMM,1.0,0.01,14.60123062133789,36481.10332464766,36479.11128148834,0.0054607776597093245,5.055511564933113e-12,0.009822655348248333,18,converged,gap_residual_and_feasibility
148,0.4998892561353326,sMEL-ADMM,1.0,0.01,0.896504,36480.66718288576,36479.11128148834,0.0042651844926094975,2.0061730054976579e-13,0.008910601965625986,32,converged,gap_residual_and_feasibility
149,0.6734987759783353,IPOPT,1.0,1.0e-10,12.835979461669922,36479.11134601763,36479.11128148833,1.7689382878075464e-7,1.4210854715202004e-14,NaN,33,INTERRUPTED,gap_and_residual
149,0.6734987759783353,MadNLP,1.0,0.01,17.5478458404541,36479.111281488345,36479.11128148833,3.989109031762887e-14,1.5987211554602254e-14,NaN,35,LOCALLY_SOLVED,residual_tolerance_upper_bound
149,0.6734987759783353,ADMM,1.0,0.01,69.47708129882812,36565.85901227271,36479.11128148833,0.23780110791350628,2.121414155453749e-12,1.123187054043603,6,converged,gap_callback_with_solver_termination
149,0.6734987759783353,MEL-ADMM,1.0,0.01,13.010740280151367,36480.667125181746,36479.11128148833,0.004265026308918755,7.268519119918437e-12,0.006568863583416906,16,converged,gap_residual_and_feasibility
149,0.6734987759783353,sMEL-ADMM,1.0,0.01,1.2087910000000002,36480.72660887549,36479.11128148833,0.004428088652423444,1.9984014443252818e-13,0.009798355491041022,32,converged,gap_residual_and_feasibility
150,0.4922995388024325,IPOPT,1.0,1.0e-10,12.634038925170898,36479.11128157212,36479.11128148833,2.2969289804890702e-10,1.1546319456101628e-14,NaN,33,INTERRUPTED,gap_and_residual
150,0.4922995388024325,MadNLP,1.0,0.01,16.946077346801758,36479.11128148835,36479.11128148833,5.98366354764433e-14,1.2434497875801753e-14,NaN,34,LOCALLY_SOLVED,residual_tolerance_upper_bound
150,0.4922995388024325,ADMM,1.0,0.01,67.84939765930176,36588.97204770618,36479.11128148833,0.3011607529857705,1.6192602814157908e-12,1.134236987630076,6,converged,gap_callback_with_solver_termination
150,0.4922995388024325,MEL-ADMM,1.0,0.01,14.611959457397461,36481.103324477524,36479.11128148833,0.005460777193342589,6.929457008197915e-13,0.009822655153704396,18,converged,gap_residual_and_feasibility
150,0.4922995388024325,sMEL-ADMM,1.0,0.01,1.241079,36480.665605953895,36479.11128148833,0.0042608616574287324,1.9984014443252818e-13,0.00886738528579123,32,converged,gap_residual_and_feasibility
151,0.40583408077264727,IPOPT,1.0,1.0e-10,13.080120086669922,36479.111281572004,36479.11128148834,2.2935382378120713e-10,1.3322676295501878e-14,NaN,33,INTERRUPTED,gap_and_residual
151,0.40583408077264727,MadNLP,1.0,0.01,19.122838973999023,36479.11128148836,36479.11128148834,5.983663547644329e-14,1.687538997430238e-14,NaN,34,LOCALLY_SOLVED,residual_tolerance_upper_bound
151,0.40583408077264727,ADMM,1.0,0.01,70.67751884460449,36588.97205690047,36479.11128148834,0.3011607781900184,1.237121516339812e-12,1.134236997442815,6,converged,gap_callback_with_solver_termination
151,0.40583408077264727,MEL-ADMM,1.0,0.01,15.340805053710938,36481.103324738484,36479.11128148834,0.005460777908689565,7.520040146147267e-12,0.009822655505319133,18,converged,gap_residual_and_feasibility
151,0.40583408077264727,sMEL-ADMM,1.0,0.01,1.501749,36479.971113156585,36479.11128148834,0.0023570521266609965,2.0000667788622195e-13,0.004883180704734258,35,converged,gap_residual_and_feasibility
152,0.6976975420004319,IPOPT,1.0,1.0e-10,14.646053314208984,36479.11128157192,36479.11128148833,2.2913442278446022e-10,1.1546319456101628e-14,NaN,34,INTERRUPTED,gap_and_residual
152,0.6976975420004319,MadNLP,1.0,0.01,17.621994018554688,36479.111281488345,36479.11128148833,3.989109031762887e-14,1.1546319456101628e-14,NaN,35,LOCALLY_SOLVED,residual_tolerance_upper_bound
152,0.6976975420004319,ADMM,1.0,0.01,72.27778434753418,36614.933679798174,36479.11128148833,0.3723292414164915,1.4812595594548839e-12,1.4802550284183602,6,converged,gap_callback_with_solver_termination
152,0.6976975420004319,MEL-ADMM,1.0,0.01,12.868642807006836,36480.652933904465,36479.11128148833,0.004226123833548695,4.186651025861465e-12,0.005794279204984321,16,converged,gap_residual_and_feasibility
152,0.6976975420004319,sMEL-ADMM,1.0,0.01,1.043541,36480.74154552873,36479.11128148833,0.00446903442305858,2.0061730054976579e-13,0.0099430950115309,32,converged,gap_residual_and_feasibility
153,0.5384875751927349,IPOPT,1.0,1.0e-10,14.072895050048828,36479.11128157214,36479.11128148835,2.296928980489069e-10,1.1546319456101628e-14,NaN,33,INTERRUPTED,gap_and_residual
153,0.5384875751927349,MadNLP,1.0,0.01,17.41814613342285,36479.11128148831,36479.11128148835,1.1967327095288653e-13,1.3322676295501878e-14,NaN,34,LOCALLY_SOLVED,residual_tolerance_upper_bound
153,0.5384875751927349,ADMM,1.0,0.01,71.95425033569336,36588.97204905978,36479.11128148835,0.3011607566963398,1.3316014957354128e-12,1.1342369908821173,6,converged,gap_callback_with_solver_termination
153,0.5384875751927349,MEL-ADMM,1.0,0.01,15.169858932495117,36481.103324571304,36479.11128148835,0.0054607774503608805,3.2006619576918638e-12,0.009822655341041653,18,converged,gap_residual_and_feasibility
153,0.5384875751927349,sMEL-ADMM,1.0,0.01,1.356331,36480.67702918839,36479.11128148835,0.004292176111290141,2.0028423364237824e-13,0.009120943833561768,32,converged,gap_residual_and_feasibility
154,0.45177540245187103,IPOPT,1.0,1.0e-10,13.708114624023438,36479.111281572084,36479.11128148832,2.296131158682718e-10,1.2434497875801753e-14,NaN,33,INTERRUPTED,gap_and_residual
154,0.45177540245187103,MadNLP,1.0,0.01,17.853975296020508,36479.111281488345,36479.11128148832,5.983663547644332e-14,1.2434497875801753e-14,NaN,34,LOCALLY_SOLVED,residual_tolerance_upper_bound
154,0.45177540245187103,ADMM,1.0,0.01,69.48661804199219,36588.97205476668,36479.11128148832,0.3011607723407082,1.441236019417147e-12,1.1342369948480986,6,converged,gap_callback_with_solver_termination
154,0.45177540245187103,MEL-ADMM,1.0,0.01,14.633417129516602,36481.10332460302,36479.11128148832,0.0054607775373832984,4.0075720519894276e-12,0.00982265523813286,18,converged,gap_residual_and_feasibility
154,0.45177540245187103,sMEL-ADMM,1.0,0.01,1.310332,36480.43451921988,36479.11128148832,0.0036273847828895097,2.0039525594484076e-13,0.00833735452973805,37,converged,gap_residual_and_feasibility
155,0.31513095618435905,IPOPT,1.0,1.0e-10,13.087987899780273,36479.11128157171,36479.11128148833,2.2857594752001342e-10,1.3322676295501878e-14,NaN,34,INTERRUPTED,gap_and_residual
155,0.31513095618435905,MadNLP,1.0,0.01,17.652034759521484,36479.11128148835,36479.11128148833,5.98366354764433e-14,1.1546319456101628e-14,NaN,35,LOCALLY_SOLVED,residual_tolerance_upper_bound
155,0.31513095618435905,ADMM,1.0,0.01,69.89097595214844,36553.22660068859,36479.11128148833,0.20317194305627395,1.84341431008761e-12,1.1259801538575953,6,converged,gap_callback_with_solver_termination
155,0.31513095618435905,MEL-ADMM,1.0,0.01,13.103008270263672,36480.72756080426,36479.11128148833,0.004430698169862544,3.148592497836944e-12,0.009153208043368721,16,converged,gap_residual_and_feasibility
155,0.31513095618435905,sMEL-ADMM,1.0,0.01,1.490957,36479.426804288516,36479.11128148833,0.00086494102816932,2.0000667788622195e-13,0.009955089258857797,38,converged,gap_residual_and_feasibility
156,0.7141190813251967,IPOPT,1.0,1.0e-10,13.637065887451172,36479.11128157182,36479.11128148832,2.288950762425545e-10,1.1546319456101628e-14,NaN,34,INTERRUPTED,gap_and_residual
156,0.7141190813251967,MadNLP,1.0,0.01,18.511056900024414,36479.11128148834,36479.11128148832,3.9891090317628874e-14,1.2434497875801753e-14,NaN,35,LOCALLY_SOLVED,residual_tolerance_upper_bound
156,0.7141190813251967,ADMM,1.0,0.01,76.8580436706543,36682.72102207466,36479.11128148832,0.5581543339013761,2.881805905019519e-12,1.8629058842893476,6,converged,gap_callback_with_solver_termination
156,0.7141190813251967,MEL-ADMM,1.0,0.01,13.168573379516602,36480.64911656835,36479.11128148832,0.004215659389718154,4.5143888627308115e-12,0.00905095710877557,16,converged,gap_residual_and_feasibility
156,0.7141190813251967,sMEL-ADMM,1.0,0.01,1.110586,36480.76268042542,36479.11128148832,0.004526971406598434,1.9984014443252818e-13,0.00581814911778622,33,converged,gap_residual_and_feasibility
157,0.7370589912366,IPOPT,1.0,1.0e-10,12.970924377441406,36479.11128157181,36479.111281488345,2.2879534851676028e-10,1.2434497875801753e-14,NaN,34,INTERRUPTED,gap_and_residual
157,0.7370589912366,MadNLP,1.0,0.01,17.69089698791504,36479.11128148834,36479.111281488345,1.9945545158814427e-14,1.2434497875801753e-14,NaN,35,LOCALLY_SOLVED,residual_tolerance_upper_bound
157,0.7370589912366,ADMM,1.0,0.01,92.19551086425781,36541.6114031777,36479.111281488345,0.1713312619024087,4.014566457044566e-13,0.8733981111529587,7,converged,gap_callback_with_solver_termination
157,0.7370589912366,MEL-ADMM,1.0,0.01,15.156984329223633,36480.528080267846,36479.111281488345,0.0038838632020615875,1.3596901382584292e-12,0.0060223750578911606,19,converged,gap_residual_and_feasibility
157,0.7370589912366,sMEL-ADMM,1.0,0.01,1.563207,36480.7779482866,36479.111281488345,0.004568825115821766,2.0083934515469082e-13,0.005921526235098895,33,converged,gap_residual_and_feasibility
158,0.6471971870200113,IPOPT,1.0,1.0e-10,13.147830963134766,36479.11128157568,36479.11128148834,2.394263240864084e-10,1.1546319456101628e-14,NaN,34,INTERRUPTED,gap_and_residual
158,0.6471971870200113,MadNLP,1.0,0.01,17.88806915283203,36479.11128148834,36479.11128148834,0.0,1.1546319456101628e-14,NaN,35,LOCALLY_SOLVED,residual_tolerance_upper_bound
158,0.6471971870200113,ADMM,1.0,0.01,69.16522979736328,36561.649131153514,36479.11128148834,0.2262605824694534,7.952527525389996e-13,1.1477929097561494,6,converged,gap_callback_with_solver_termination
158,0.6471971870200113,MEL-ADMM,1.0,0.01,15.260696411132812,36480.764496461634,36479.11128148834,0.004531949697290539,6.534883745246134e-12,0.0012101551931422705,19,converged,gap_residual_and_feasibility
158,0.6471971870200113,sMEL-ADMM,1.0,0.01,1.123,36480.71098883804,36479.11128148834,0.004385269524123737,2.0039525594484076e-13,0.009658317176423736,32,converged,gap_residual_and_feasibility
159,0.29212223256792536,IPOPT,1.0,1.0e-10,13.821125030517578,36479.111281571604,36479.111281488345,2.2823687325231348e-10,9.769962616701378e-15,NaN,34,INTERRUPTED,gap_and_residual
159,0.29212223256792536,MadNLP,1.0,0.01,18.635034561157227,36479.11128148832,36479.111281488345,5.983663547644328e-14,1.3322676295501878e-14,NaN,35,LOCALLY_SOLVED,residual_tolerance_upper_bound
159,0.29212223256792536,ADMM,1.0,0.01,73.3647346496582,36559.04067924239,36479.111281488345,0.2191100466710236,3.5704772471945034e-13,1.114355149696733,6,converged,gap_callback_with_solver_termination
159,0.29212223256792536,MEL-ADMM,1.0,0.01,12.859344482421875,36480.70231151352,36479.111281488345,0.00436148241907808,1.784017378270164e-12,0.006117746517724676,16,converged,gap_residual_and_feasibility
159,0.29212223256792536,sMEL-ADMM,1.0,0.01,1.532456,36479.441422526026,36479.111281488345,0.0009050139273767495,1.996736109788344e-13,0.007567559467506868,39,converged,gap_residual_and_feasibility
160,0.5732602740042714,IPOPT,1.0,1.0e-10,12.646913528442383,36479.111281572084,36479.11128148834,2.295732247779541e-10,1.1546319456101628e-14,NaN,33,INTERRUPTED,gap_and_residual
160,0.5732602740042714,MadNLP,1.0,0.01,17.22097396850586,36479.11128148833,36479.11128148834,1.994554515881443e-14,1.4210854715202004e-14,NaN,34,LOCALLY_SOLVED,residual_tolerance_upper_bound
160,0.5732602740042714,ADMM,1.0,0.01,68.76993179321289,36588.972052581994,36479.11128148834,0.30116076635179884,2.113198505071523e-12,1.1342369941338744,6,converged,gap_callback_with_solver_termination
160,0.5732602740042714,MEL-ADMM,1.0,0.01,14.766454696655273,36481.103324504795,36479.11128148834,0.0054607772680785455,1.475042310516983e-12,0.009822655380331113,18,converged,gap_residual_and_feasibility
160,0.5732602740042714,sMEL-ADMM,1.0,0.01,1.328457,36480.68736428807,36479.11128148834,0.004320507666887681,1.999511667349907e-13,0.009293809226143424,32,converged,gap_residual_and_feasibility
161,0.6887062912795798,IPOPT,1.0,1.0e-10,15.512943267822266,36479.11128157192,36479.11128148836,2.2905464060382478e-10,1.2434497875801753e-14,NaN,34,INTERRUPTED,gap_and_residual
161,0.6887062912795798,MadNLP,1.0,0.01,17.94600486755371,36479.11128148833,36479.11128148836,7.978218063525767e-14,1.2434497875801753e-14,NaN,35,LOCALLY_SOLVED,residual_tolerance_upper_bound
161,0.6887062912795798,ADMM,1.0,0.01,77.29530334472656,36591.01853696684,36479.11128148836,0.3067707834627761,1.7059686996390155e-12,1.2829517168928906,6,converged,gap_callback_with_solver_termination
161,0.6887062912795798,MEL-ADMM,1.0,0.01,13.994455337524414,36480.658781853075,36479.11128148836,0.004242154784896105,3.4647840152501885e-12,0.004967503188190392,16,converged,gap_residual_and_feasibility
161,0.6887062912795798,sMEL-ADMM,1.0,0.01,1.240542,36480.73600426368,36479.11128148836,0.004453844181625448,2.0050627824730327e-13,0.0098870828245321,32,converged,gap_residual_and_feasibility
162,0.3405058283806921,IPOPT,1.0,1.0e-10,13.409137725830078,36479.111346003745,36479.111281488345,1.7685573278950124e-7,1.3322676295501878e-14,NaN,33,INTERRUPTED,gap_and_residual
162,0.3405058283806921,MadNLP,1.0,0.01,18.143892288208008,36479.11128148835,36479.111281488345,1.9945545158814427e-14,1.2434497875801753e-14,NaN,35,LOCALLY_SOLVED,residual_tolerance_upper_bound
162,0.3405058283806921,ADMM,1.0,0.01,72.1890926361084,36572.307939549944,36479.111281488345,0.25547951906627864,5.089262344881718e-13,1.1675569320020562,6,converged,gap_callback_with_solver_termination
162,0.3405058283806921,MEL-ADMM,1.0,0.01,15.629053115844727,36480.85853465703,36479.111281488345,0.0047897361183078645,4.166389455662056e-12,0.0006969598787591735,19,converged,gap_residual_and_feasibility
162,0.3405058283806921,sMEL-ADMM,1.0,0.01,1.3752090000000001,36479.539291637455,36479.111281488345,0.001173302018809504,2.000621890374532e-13,0.00770722035646898,35,converged,gap_residual_and_feasibility
163,0.6410086425406687,IPOPT,1.0,1.0e-10,12.988805770874023,36479.111281488345,36479.111281488345,0.0,1.3322676295501878e-14,NaN,34,INTERRUPTED,gap_and_residual
163,0.6410086425406687,MadNLP,1.0,0.01,20.143985748291016,36479.11128148835,36479.111281488345,1.9945545158814427e-14,1.509903313490213e-14,NaN,35,LOCALLY_SOLVED,residual_tolerance_upper_bound
163,0.6410086425406687,ADMM,1.0,0.01,73.35352897644043,36565.87545382483,36479.111281488345,0.23784617905567254,2.4078516958070395e-12,1.1497616367892682,6,converged,gap_callback_with_solver_termination
163,0.6410086425406687,MEL-ADMM,1.0,0.01,15.758275985717773,36480.7917118979,36479.111281488345,0.004606555232636575,1.5191181645946017e-12,0.0009103549696929392,19,converged,gap_residual_and_feasibility
163,0.6410086425406687,sMEL-ADMM,1.0,0.01,1.2897480000000001,36480.70870969676,36479.111281488345,0.004379021725850281,2.0039525594484076e-13,0.009626120766327517,32,converged,gap_residual_and_feasibility
164,0.4283971321810758,IPOPT,1.0,1.0e-10,12.675046920776367,36479.11128157206,36479.111281488345,2.294934425973188e-10,1.2434497875801753e-14,NaN,33,INTERRUPTED,gap_and_residual
164,0.4283971321810758,MadNLP,1.0,0.01,17.080068588256836,36479.11128148835,36479.111281488345,1.9945545158814427e-14,1.4210854715202004e-14,NaN,34,LOCALLY_SOLVED,residual_tolerance_upper_bound
164,0.4283971321810758,ADMM,1.0,0.01,67.6274299621582,36588.97205599442,36479.111281488345,0.3011607757062395,4.014566457044566e-13,1.1342369978888707,6,converged,gap_callback_with_solver_termination
164,0.4283971321810758,MEL-ADMM,1.0,0.01,14.639854431152344,36481.103324646065,36479.111281488345,0.005460777655321304,5.0954795938196185e-12,0.009822655335979924,18,converged,gap_residual_and_feasibility
164,0.4283971321810758,sMEL-ADMM,1.0,0.01,1.253959,36480.230797602766,36479.111281488345,0.003068923762374269,2.0039525594484076e-13,0.009091869182840995,36,converged,gap_residual_and_feasibility
165,0.4914159706602118,IPOPT,1.0,1.0e-10,12.617111206054688,36479.11128157212,36479.11128148832,2.2971284359406588e-10,1.2434497875801753e-14,NaN,33,INTERRUPTED,gap_and_residual
165,0.4914159706602118,MadNLP,1.0,0.01,17.368078231811523,36479.11128148832,36479.11128148832,0.0,1.0658141036401503e-14,NaN,34,LOCALLY_SOLVED,residual_tolerance_upper_bound
165,0.4914159706602118,ADMM,1.0,0.01,68.38369369506836,36588.97204796794,36479.11128148832,0.30116075370335144,9.059419880941277e-13,1.1342369883619554,6,converged,gap_callback_with_solver_termination
165,0.4914159706602118,MEL-ADMM,1.0,0.01,14.699220657348633,36481.103324473464,36479.11128148832,0.0054607771822329215,6.270539643082884e-13,0.009822655178186146,18,converged,gap_residual_and_feasibility
165,0.4914159706602118,sMEL-ADMM,1.0,0.01,1.15675,36480.66541840094,36479.11128148832,0.004260347519495586,2.0050627824730327e-13,0.008862386281224488,32,converged,gap_residual_and_feasibility
166,0.42724344108893303,IPOPT,1.0,1.0e-10,13.406038284301758,36479.111281572026,36479.111281488345,2.293937148715247e-10,1.1546319456101628e-14,NaN,33,INTERRUPTED,gap_and_residual
166,0.42724344108893303,MadNLP,1.0,0.01,17.370939254760742,36479.11128148834,36479.111281488345,1.9945545158814427e-14,1.2434497875801753e-14,NaN,34,LOCALLY_SOLVED,residual_tolerance_upper_bound
166,0.42724344108893303,ADMM,1.0,0.01,69.6713924407959,36588.97205499888,36479.111281488345,0.30116077297717037,2.5370261447221765e-12,1.1342369891658768,6,converged,gap_callback_with_solver_termination
166,0.42724344108893303,MEL-ADMM,1.0,0.01,14.901399612426758,36481.10332438532,36479.111281488345,0.005460776940552747,1.6665557822648225e-12,0.009822655161185523,18,converged,gap_residual_and_feasibility
166,0.42724344108893303,sMEL-ADMM,1.0,0.01,1.1421249999999998,36480.21684452398,36479.111281488345,0.0030306742593151238,2.0050627824730327e-13,0.008574234047555862,36,converged,gap_residual_and_feasibility
167,0.7169519236985269,IPOPT,1.0,1.0e-10,14.605998992919922,36479.1112815718,36479.11128148834,2.2879534851676033e-10,1.1546319456101628e-14,NaN,34,INTERRUPTED,gap_and_residual
167,0.7169519236985269,MadNLP,1.0,0.01,18.219947814941406,36479.11128148833,36479.11128148834,1.994554515881443e-14,1.4210854715202004e-14,NaN,35,LOCALLY_SOLVED,residual_tolerance_upper_bound
167,0.7169519236985269,ADMM,1.0,0.01,77.10742950439453,36698.30973274423,36479.11128148834,0.600887586225617,6.9430017290983415e-12,1.9268646155521627,6,converged,gap_callback_with_solver_termination
167,0.7169519236985269,MEL-ADMM,1.0,0.01,13.056516647338867,36480.64955599828,36479.11128148834,0.004216863996689563,3.0481173141083673e-12,0.009614509923833836,16,converged,gap_residual_and_feasibility
167,0.7169519236985269,sMEL-ADMM,1.0,0.01,1.286792,36480.76458665551,36479.11128148834,0.0045321969453000505,2.0061730054976579e-13,0.005830903705335899,33,converged,gap_residual_and_feasibility
168,0.6743571387965814,IPOPT,1.0,1.0e-10,13.393878936767578,36479.111346016696,36479.11128148835,1.7689121591433875e-7,1.3322676295501878e-14,NaN,33,INTERRUPTED,gap_and_residual
168,0.6743571387965814,MadNLP,1.0,0.01,18.16701889038086,36479.111281488345,36479.11128148835,1.994554515881442e-14,1.1546319456101628e-14,NaN,35,LOCALLY_SOLVED,residual_tolerance_upper_bound
168,0.6743571387965814,ADMM,1.0,0.01,74.3265151977539,36566.778662306206,36479.11128148835,0.24032213981687806,1.7678081221106368e-12,1.1229807790463022,6,converged,gap_callback_with_solver_termination
168,0.6743571387965814,MEL-ADMM,1.0,0.01,13.056516647338867,36480.6662481183,36479.11128148835,0.00426262201935152,3.3291147616409944e-12,0.006441277510604415,16,converged,gap_residual_and_feasibility
168,0.6743571387965814,sMEL-ADMM,1.0,0.01,1.231419,36480.727139151735,36479.11128148835,0.0044295422959014525,1.999511667349907e-13,0.009803129279831069,32,converged,gap_residual_and_feasibility
169,0.565857985129107,IPOPT,1.0,1.0e-10,14.21499252319336,36479.11128157207,36479.11128148834,2.2953333368763647e-10,1.2434497875801753e-14,NaN,33,INTERRUPTED,gap_and_residual
169,0.565857985129107,MadNLP,1.0,0.01,18.27716827392578,36479.111281488316,36479.11128148834,5.983663547644329e-14,1.2434497875801753e-14,NaN,34,LOCALLY_SOLVED,residual_tolerance_upper_bound
169,0.565857985129107,ADMM,1.0,0.01,70.53709030151367,36588.97205185847,36479.11128148834,0.3011607643684138,1.0049738818906917e-12,1.1342369889096604,6,converged,gap_callback_with_solver_termination
169,0.565857985129107,MEL-ADMM,1.0,0.01,15.25115966796875,36481.10332454986,36479.11128148834,0.005460777391621253,2.6721957979702893e-12,0.009822655489779564,18,converged,gap_residual_and_feasibility
169,0.565857985129107,sMEL-ADMM,1.0,0.01,1.416876,36480.68511866312,36479.11128148834,0.0043143517467707235,2.0061730054976579e-13,0.00925779403999627,32,converged,gap_residual_and_feasibility
170,0.32998097121127085,IPOPT,1.0,1.0e-10,14.517068862915039,36479.111281575715,36479.11128148837,2.3944626963156705e-10,1.3322676295501878e-14,NaN,34,INTERRUPTED,gap_and_residual
170,0.32998097121127085,MadNLP,1.0,0.01,18.23115348815918,36479.11128148834,36479.11128148837,7.978218063525766e-14,1.3322676295501878e-14,NaN,35,LOCALLY_SOLVED,residual_tolerance_upper_bound
170,0.32998097121127085,ADMM,1.0,0.01,73.41551780700684,36563.80617533378,36479.11128148837,0.2321736765785584,1.0275669204418136e-12,1.1443226840051874,6,converged,gap_callback_with_solver_termination
170,0.32998097121127085,MEL-ADMM,1.0,0.01,15.486478805541992,36480.81876228513,36479.11128148837,0.004680708319865429,8.974487819557453e-13,0.0008975618499817983,19,converged,gap_residual_and_feasibility
170,0.32998097121127085,sMEL-ADMM,1.0,0.01,1.2697450000000001,36479.49718478955,36479.11128148837,0.0010578747333106337,1.9972912213006566e-13,0.009883342781348503,35,converged,gap_residual_and_feasibility
171,0.35567104558956225,IPOPT,1.0,1.0e-10,13.461112976074219,36479.11128157192,36479.111281488345,2.290945316941425e-10,1.1546319456101628e-14,NaN,32,INTERRUPTED,gap_and_residual
171,0.35567104558956225,MadNLP,1.0,0.01,17.32802391052246,36479.11128148835,36479.111281488345,1.9945545158814427e-14,1.0658141036401503e-14,NaN,33,LOCALLY_SOLVED,residual_tolerance_upper_bound
171,0.35567104558956225,ADMM,1.0,0.01,71.0148811340332,36585.320711947235,36479.111281488345,0.2911513650629612,1.7270074259556623e-12,1.1713361221157674,6,converged,gap_callback_with_solver_termination
171,0.35567104558956225,MEL-ADMM,1.0,0.01,15.408754348754883,36480.9325028335,36479.111281488345,0.004992504699749645,1.0656475701864565e-12,0.0012069911565202318,19,converged,gap_residual_and_feasibility
171,0.35567104558956225,sMEL-ADMM,1.0,0.01,1.157417,36479.55260851234,36479.111281488345,0.00120980749939629,1.995625886763719e-13,0.009877105961953347,31,converged,gap_residual_and_feasibility
172,0.28202174125693824,IPOPT,1.0,1.0e-10,13.392925262451172,36479.11128157155,36479.111281488345,2.2809725443620178e-10,1.2434497875801753e-14,NaN,34,INTERRUPTED,gap_and_residual
172,0.28202174125693824,MadNLP,1.0,0.01,17.65298843383789,36479.11128148836,36479.111281488345,3.9891090317628855e-14,1.4210854715202004e-14,NaN,35,LOCALLY_SOLVED,residual_tolerance_upper_bound
172,0.28202174125693824,ADMM,1.0,0.01,72.59988784790039,36571.73543022767,36479.111281488345,0.25391010220780835,1.7670864771446304e-12,1.173177928036366,6,converged,gap_callback_with_solver_termination
172,0.28202174125693824,MEL-ADMM,1.0,0.01,13.251066207885742,36480.69829144725,36479.111281488345,0.0043504622320839756,1.6889822873622506e-12,0.004928141242036332,16,converged,gap_residual_and_feasibility
172,0.28202174125693824,sMEL-ADMM,1.0,0.01,1.539541,36479.47207512982,36479.111281488345,0.0009890417523972016,2.0028423364237824e-13,0.007782355567693244,39,converged,gap_residual_and_feasibility
173,0.6248570478655331,IPOPT,1.0,1.0e-10,13.275861740112305,36479.11128156931,36479.11128148834,2.219739720724458e-10,1.4210854715202004e-14,NaN,33,INTERRUPTED,gap_and_residual
173,0.6248570478655331,MadNLP,1.0,0.01,17.541885375976562,36479.111281488345,36479.11128148834,1.994554515881443e-14,1.1546319456101628e-14,NaN,34,LOCALLY_SOLVED,residual_tolerance_upper_bound
173,0.6248570478655331,ADMM,1.0,0.01,71.65956497192383,36578.897485414906,36479.11128148834,0.27354340722989273,3.3217872896784684e-13,1.170994609550025,6,converged,gap_callback_with_solver_termination
173,0.6248570478655331,MEL-ADMM,1.0,0.01,15.389680862426758,36480.86354721933,36479.11128148834,0.004803477029546959,4.099831585335778e-12,0.0009067421756139282,19,converged,gap_residual_and_feasibility
173,0.6248570478655331,sMEL-ADMM,1.0,0.01,1.156,36480.70340171846,36479.11128148834,0.0043644709922883535,2.0083934515469082e-13,0.00954316431111657,32,converged,gap_residual_and_feasibility
174,0.6416488968442173,IPOPT,1.0,1.0e-10,14.554023742675781,36479.11128148837,36479.11128148837,0.0,1.1546319456101628e-14,NaN,34,INTERRUPTED,gap_and_residual
174,0.6416488968442173,MadNLP,1.0,0.01,19.73891258239746,36479.11128148832,36479.11128148837,1.1967327095288648e-13,1.2434497875801753e-14,NaN,35,LOCALLY_SOLVED,residual_tolerance_upper_bound
174,0.6416488968442173,ADMM,1.0,0.01,77.07881927490234,36565.40819433017,36479.11128148837,0.2365652830078581,2.3282487049414158e-12,1.1488140696779547,6,converged,gap_callback_with_solver_termination
174,0.6416488968442173,MEL-ADMM,1.0,0.01,16.840457916259766,36480.78884675842,36479.11128148837,0.004598701040460592,2.01993977100301e-12,0.0009407964305632177,19,converged,gap_residual_and_feasibility
174,0.6416488968442173,sMEL-ADMM,1.0,0.01,1.3780839999999999,36480.70894535675,36479.11128148837,0.004379667739320052,1.9972912213006566e-13,0.009629441447536635,32,converged,gap_residual_and_feasibility
175,0.6220200755047736,IPOPT,1.0,1.0e-10,14.754056930541992,36479.11128156979,36479.11128148831,2.23370160233563e-10,1.0658141036401503e-14,NaN,33,INTERRUPTED,gap_and_residual
175,0.6220200755047736,MadNLP,1.0,0.01,19.334077835083008,36479.11128148836,36479.11128148831,1.3961881611170111e-13,1.4210854715202004e-14,NaN,34,LOCALLY_SOLVED,residual_tolerance_upper_bound
175,0.6220200755047736,ADMM,1.0,0.01,76.1866569519043,36580.95819780261,36479.11128148831,0.27919242749201795,4.233280392895722e-13,1.1659390596121355,6,converged,gap_callback_with_solver_termination
175,0.6220200755047736,MEL-ADMM,1.0,0.01,16.13450050354004,36480.876725581795,36479.11128148831,0.0048396028068304515,4.164113498461575e-12,0.000983385053494601,19,converged,gap_residual_and_feasibility
175,0.6220200755047736,sMEL-ADMM,1.0,0.01,0.970789,36480.77773914926,36479.11128148831,0.004568251808790651,1.9961809982760315e-13,0.00998429369808207,29,converged,gap_residual_and_feasibility
176,0.4698354525371878,IPOPT,1.0,1.0e-10,12.686014175415039,36479.11128157209,36479.11128148833,2.2961311586827176e-10,1.0658141036401503e-14,NaN,33,INTERRUPTED,gap_and_residual
176,0.4698354525371878,MadNLP,1.0,0.01,17.19498634338379,36479.11128148834,36479.11128148833,1.9945545158814434e-14,1.509903313490213e-14,NaN,34,LOCALLY_SOLVED,residual_tolerance_upper_bound
176,0.4698354525371878,ADMM,1.0,0.01,67.69800186157227,36588.97204937854,36479.11128148833,0.30116075757021415,1.9029777753587496e-12,1.1342369859283945,6,converged,gap_callback_with_solver_termination
176,0.4698354525371878,MEL-ADMM,1.0,0.01,15.981912612915039,36481.1033244372,36479.11128148833,0.005460777082804378,4.2366110619695974e-13,0.009822655317842433,18,converged,gap_residual_and_feasibility
176,0.4698354525371878,sMEL-ADMM,1.0,0.01,1.2206249999999998,36480.60812267779,36479.11128148833,0.004103283048505564,2.0095036745715333e-13,0.009258302542324515,32,converged,gap_residual_and_feasibility
177,0.536151780727208,IPOPT,1.0,1.0e-10,14.940977096557617,36479.11128157215,36479.111281488316,2.2981257131986e-10,1.1546319456101628e-14,NaN,33,INTERRUPTED,gap_and_residual
177,0.536151780727208,MadNLP,1.0,0.01,19.462108612060547,36479.11128148831,36479.111281488316,1.9945545158814443e-14,1.4210854715202004e-14,NaN,34,LOCALLY_SOLVED,residual_tolerance_upper_bound
177,0.536151780727208,ADMM,1.0,0.01,74.23925399780273,36588.97204846053,36479.111281488316,0.3011607550537048,3.4372504842394846e-13,1.1342369863431978,6,converged,gap_callback_with_solver_termination
177,0.536151780727208,MEL-ADMM,1.0,0.01,16.069650650024414,36481.10332446211,36479.111281488316,0.0054607771511178725,3.6859404417555197e-13,0.009822655291452875,18,converged,gap_residual_and_feasibility
177,0.536151780727208,sMEL-ADMM,1.0,0.01,1.3306259999999999,36480.6764092223,36479.111281488316,0.004290476601550209,2.0028423364237824e-13,0.009108736012763075,32,converged,gap_residual_and_feasibility
178,0.6598428622803751,IPOPT,1.0,1.0e-10,14.708995819091797,36479.11134600829,36479.11128148831,1.7686829848295147e-7,1.4210854715202004e-14,NaN,33,INTERRUPTED,gap_and_residual
178,0.6598428622803751,MadNLP,1.0,0.01,19.649028778076172,36479.11128148832,36479.11128148831,3.989109031762889e-14,1.3322676295501878e-14,NaN,35,LOCALLY_SOLVED,residual_tolerance_upper_bound
178,0.6598428622803751,ADMM,1.0,0.01,78.2930850982666,36558.030495568695,36479.11128148831,0.21634083536578508,3.2862601528904634e-13,1.131209069830355,6,converged,gap_callback_with_solver_termination
178,0.6598428622803751,MEL-ADMM,1.0,0.01,13.872146606445312,36480.68122286843,36479.11128148831,0.004303672224920949,3.715916463420399e-13,0.008584040300503304,16,converged,gap_residual_and_feasibility
178,0.6598428622803751,sMEL-ADMM,1.0,0.01,1.176915,36480.7181831005,36479.11128148831,0.004404991118866521,1.9950707752514063e-13,0.009724753373934192,32,converged,gap_residual_and_feasibility
179,0.6795250761123668,IPOPT,1.0,1.0e-10,14.525890350341797,36479.111346010184,36479.11128148832,1.7687344443360238e-7,1.0658141036401503e-14,NaN,33,INTERRUPTED,gap_and_residual
179,0.6795250761123668,MadNLP,1.0,0.01,20.006895065307617,36479.11128148835,36479.11128148832,7.978218063525775e-14,1.2434497875801753e-14,NaN,35,LOCALLY_SOLVED,residual_tolerance_upper_bound
179,0.6795250761123668,ADMM,1.0,0.01,79.15019989013672,36573.62762046335,36479.11128148832,0.2590971535619248,7.713829575095588e-13,1.1223135588968631,6,converged,gap_callback_with_solver_termination
179,0.6795250761123668,MEL-ADMM,1.0,0.01,14.168262481689453,36480.66155314953,36479.11128148832,0.004249751725713478,1.1398659793826482e-12,0.005661021606821137,16,converged,gap_residual_and_feasibility
179,0.6795250761123668,sMEL-ADMM,1.0,0.01,1.152833,36480.73033555423,36479.11128148832,0.004438304577693304,2.0028423364237824e-13,0.009832046450021892,32,converged,gap_residual_and_feasibility
180,0.5521094226704861,IPOPT,1.0,1.0e-10,14.992952346801758,36479.11128157213,36479.11128148833,2.2971284359406583e-10,1.509903313490213e-14,NaN,33,INTERRUPTED,gap_and_residual
180,0.5521094226704861,MadNLP,1.0,0.01,19.877910614013672,36479.11128148834,36479.11128148833,1.9945545158814434e-14,1.509903313490213e-14,NaN,34,LOCALLY_SOLVED,residual_tolerance_upper_bound
180,0.5521094226704861,ADMM,1.0,0.01,74.69940185546875,36588.9720505324,36479.11128148833,0.30116076073327847,1.411759598113349e-12,1.1342369847905935,6,converged,gap_callback_with_solver_termination
180,0.5521094226704861,MEL-ADMM,1.0,0.01,16.125917434692383,36481.103324445685,36479.11128148833,0.005460777106060883,3.8546943414985435e-13,0.009822655261381819,18,converged,gap_residual_and_feasibility
180,0.5521094226704861,sMEL-ADMM,1.0,0.01,1.083463,36480.68099906911,36479.11128148833,0.00430305872494363,2.000621890374532e-13,0.009190223380961982,32,converged,gap_residual_and_feasibility
181,0.5782370790652038,IPOPT,1.0,1.0e-10,14.655113220214844,36479.111281572055,36479.11128148833,2.295133881424777e-10,1.2434497875801753e-14,NaN,33,INTERRUPTED,gap_and_residual
181,0.5782370790652038,MadNLP,1.0,0.01,19.517898559570312,36479.11128148833,36479.11128148833,0.0,9.769962616701378e-15,NaN,34,LOCALLY_SOLVED,residual_tolerance_upper_bound
181,0.5782370790652038,ADMM,1.0,0.01,74.87893104553223,36589.18989166231,36479.11128148833,0.30175792750148484,1.2860823517257813e-12,1.1291255602472976,6,converged,gap_callback_with_solver_termination
181,0.5782370790652038,MEL-ADMM,1.0,0.01,15.902042388916016,36481.09765261106,36479.11128148833,0.005445228934998505,3.714917262698236e-12,0.009835704332432194,18,converged,gap_residual_and_feasibility
181,0.5782370790652038,sMEL-ADMM,1.0,0.01,1.339501,36480.688885691205,36479.11128148833,0.00432467828149734,1.992850329202156e-13,0.009317843706988072,32,converged,gap_residual_and_feasibility
182,0.40371497167649495,IPOPT,1.0,1.0e-10,14.889001846313477,36479.111281571975,36479.11128148833,2.2929398714573074e-10,1.1546319456101628e-14,NaN,33,INTERRUPTED,gap_and_residual
182,0.40371497167649495,MadNLP,1.0,0.01,19.495010375976562,36479.111281488345,36479.11128148833,3.989109031762887e-14,1.1546319456101628e-14,NaN,34,LOCALLY_SOLVED,residual_tolerance_upper_bound
182,0.40371497167649495,ADMM,1.0,0.01,75.09422302246094,36588.97205645265,36479.11128148833,0.30116077696243,7.149836278586008e-13,1.1342369968016506,6,converged,gap_callback_with_solver_termination
182,0.40371497167649495,MEL-ADMM,1.0,0.01,16.089916229248047,36481.10332465266,36479.11128148833,0.005460777673431861,5.322575713506694e-12,0.00982265538813376,18,converged,gap_residual_and_feasibility
182,0.40371497167649495,sMEL-ADMM,1.0,0.01,1.4870809999999999,36479.94886591937,36479.11128148833,0.002296065889798235,2.0011770018868447e-13,0.0037958834350177995,35,converged,gap_residual_and_feasibility
183,0.40205388529910463,IPOPT,1.0,1.0e-10,14.430046081542969,36479.11128157197,36479.11128148834,2.2925409605541306e-10,1.0658141036401503e-14,NaN,33,INTERRUPTED,gap_and_residual
183,0.40205388529910463,MadNLP,1.0,0.01,19.128084182739258,36479.11128148835,36479.11128148834,3.989109031762886e-14,1.687538997430238e-14,NaN,34,LOCALLY_SOLVED,residual_tolerance_upper_bound
183,0.40205388529910463,ADMM,1.0,0.01,74.8131275177002,36588.972056441504,36479.11128148834,0.30116077693185345,1.8108847754660928e-12,1.134236993937459,6,converged,gap_callback_with_solver_termination
183,0.40205388529910463,MEL-ADMM,1.0,0.01,15.912771224975586,36481.10332462334,36479.11128148834,0.005460777593051313,4.698408329062431e-12,0.00982265569873686,18,converged,gap_residual_and_feasibility
183,0.40205388529910463,sMEL-ADMM,1.0,0.01,1.576502,36479.932135749375,36479.11128148834,0.002250203560890645,1.9961809982760315e-13,0.0030562114085732617,35,converged,gap_residual_and_feasibility
184,0.7257182585068565,IPOPT,1.0,1.0e-10,12.983083724975586,36479.11128157176,36479.11128148832,2.2871556633612515e-10,1.2434497875801753e-14,NaN,34,INTERRUPTED,gap_and_residual
184,0.7257182585068565,MadNLP,1.0,0.01,17.789125442504883,36479.11128148835,36479.11128148832,7.978218063525775e-14,1.2434497875801753e-14,NaN,35,LOCALLY_SOLVED,residual_tolerance_upper_bound
184,0.7257182585068565,ADMM,1.0,0.01,78.71389389038086,36753.75712917727,36479.11128148832,0.7528852486829013,5.749845044533686e-13,2.1302682866038354,6,converged,gap_callback_with_solver_termination
184,0.7257182585068565,MEL-ADMM,1.0,0.01,16.477108001708984,36480.54875779902,36479.11128148832,0.003940546411903829,4.749645121648882e-12,0.005451485070751438,19,converged,gap_residual_and_feasibility
184,0.7257182585068565,sMEL-ADMM,1.0,0.01,1.246417,36480.77042220773,36479.11128148832,0.004548193914604411,1.999511667349907e-13,0.005870128320280443,33,converged,gap_residual_and_feasibility
185,0.5729808186226945,IPOPT,1.0,1.0e-10,15.115022659301758,36479.1112815721,36479.11128148833,2.2963306141343057e-10,1.5987211554602254e-14,NaN,33,INTERRUPTED,gap_and_residual
185,0.5729808186226945,MadNLP,1.0,0.01,19.276857376098633,36479.11128148833,36479.11128148833,0.0,1.4210854715202004e-14,NaN,34,LOCALLY_SOLVED,residual_tolerance_upper_bound
185,0.5729808186226945,ADMM,1.0,0.01,73.89187812805176,36588.9720523923,36479.11128148833,0.30116076583181856,1.8172130467064562e-12,1.1342369890382038,6,converged,gap_callback_with_solver_termination
185,0.5729808186226945,MEL-ADMM,1.0,0.01,15.493154525756836,36481.1033245876,36479.11128148833,0.0054607774950987415,3.6561864646955655e-12,0.009822655451294793,18,converged,gap_residual_and_feasibility
185,0.5729808186226945,sMEL-ADMM,1.0,0.01,1.25329,36480.687279118145,36479.11128148833,0.004320274191037756,2.0028423364237824e-13,0.009292455957853107,32,converged,gap_residual_and_feasibility
186,0.6571502256703907,IPOPT,1.0,1.0e-10,12.671947479248047,36479.111346011865,36479.11128148833,1.7687803190898887e-7,1.3322676295501878e-14,NaN,33,INTERRUPTED,gap_and_residual
186,0.6571502256703907,MadNLP,1.0,0.01,17.878055572509766,36479.111281488345,36479.11128148833,3.989109031762887e-14,1.4210854715202004e-14,NaN,35,LOCALLY_SOLVED,residual_tolerance_upper_bound
186,0.6571502256703907,ADMM,1.0,0.01,74.78737831115723,36558.052339748,36479.11128148833,0.21640071670202046,2.238542684551703e-12,1.1331579429950187,6,converged,gap_callback_with_solver_termination
186,0.6571502256703907,MEL-ADMM,1.0,0.01,13.911962509155273,36480.687005947504,36479.11128148833,0.004319525349765942,2.375433183487985e-12,0.009020238164938021,16,converged,gap_residual_and_feasibility
186,0.6571502256703907,sMEL-ADMM,1.0,0.01,1.247874,36480.716524773474,36479.11128148833,0.004400445155464982,2.0050627824730327e-13,0.009710538798991308,32,converged,gap_residual_and_feasibility
187,0.2988907238023391,IPOPT,1.0,1.0e-10,15.182018280029297,36479.11128157165,36479.111281488345,2.2835654652326637e-10,1.1546319456101628e-14,NaN,34,INTERRUPTED,gap_and_residual
187,0.2988907238023391,MadNLP,1.0,0.01,18.873929977416992,36479.111281488345,36479.111281488345,0.0,1.1546319456101628e-14,NaN,35,LOCALLY_SOLVED,residual_tolerance_upper_bound
187,0.2988907238023391,ADMM,1.0,0.01,78.10592651367188,36553.99102298227,36479.111281488345,0.20526744995545929,2.4879542870337445e-12,1.1142182331303747,6,converged,gap_callback_with_solver_termination
187,0.2988907238023391,MEL-ADMM,1.0,0.01,14.630794525146484,36480.70652347431,36479.111281488345,0.004373028645512129,5.41594546987767e-12,0.007019945580211129,16,converged,gap_residual_and_feasibility
187,0.2988907238023391,sMEL-ADMM,1.0,0.01,1.48779,36479.43521226528,36479.111281488345,0.0008879897715519891,1.999511667349907e-13,0.0071178639997171445,39,converged,gap_residual_and_feasibility
188,0.5787092273436174,IPOPT,1.0,1.0e-10,14.83297348022461,36479.11128157208,36479.11128148835,2.2951338814247755e-10,1.3322676295501878e-14,NaN,33,INTERRUPTED,gap_and_residual
188,0.5787092273436174,MadNLP,1.0,0.01,19.7141170501709,36479.11128148834,36479.11128148835,3.989109031762884e-14,1.2434497875801753e-14,NaN,34,LOCALLY_SOLVED,residual_tolerance_upper_bound
188,0.5787092273436174,ADMM,1.0,0.01,76.35140419006348,36589.43989423728,36479.11128148835,0.3024432582734372,2.1705970354446436e-12,1.1275497925732667,6,converged,gap_callback_with_solver_termination
188,0.5787092273436174,MEL-ADMM,1.0,0.01,16.44730567932129,36481.09436121629,36479.11128148835,0.0054362062513893476,2.9234392684429622e-12,0.00984323773123208,18,converged,gap_residual_and_feasibility
188,0.5787092273436174,sMEL-ADMM,1.0,0.01,1.325043,36480.68903045947,36479.11128148835,0.004325075133940472,2.0050627824730327e-13,0.00932011813661937,32,converged,gap_residual_and_feasibility
189,0.31471485360840035,IPOPT,1.0,1.0e-10,13.276100158691406,36479.11128157173,36479.11128148836,2.285360564296956e-10,1.3322676295501878e-14,NaN,34,INTERRUPTED,gap_and_residual
189,0.31471485360840035,MadNLP,1.0,0.01,17.91095733642578,36479.111281488345,36479.11128148836,3.9891090317628836e-14,1.4210854715202004e-14,NaN,35,LOCALLY_SOLVED,residual_tolerance_upper_bound
189,0.31471485360840035,ADMM,1.0,0.01,73.89187812805176,36552.942722492815,36479.11128148836,0.20239374921921788,1.62275748394336e-12,1.1250863027662028,6,converged,gap_callback_with_solver_termination
189,0.31471485360840035,MEL-ADMM,1.0,0.01,14.681577682495117,36480.72663336348,36479.11128148836,0.0044281557811502266,6.282419029446373e-12,0.009084443373595263,16,converged,gap_residual_and_feasibility
189,0.31471485360840035,sMEL-ADMM,1.0,0.01,1.375835,36479.44592586106,36479.11128148836,0.000917358896483025,2.0011770018868447e-13,0.005800051532917294,39,converged,gap_residual_and_feasibility
190,0.4416232078614311,IPOPT,1.0,1.0e-10,14.468908309936523,36479.11128157207,36479.11128148835,2.2949344259731874e-10,1.2434497875801753e-14,NaN,33,INTERRUPTED,gap_and_residual
190,0.4416232078614311,MadNLP,1.0,0.01,18.732070922851562,36479.111281488345,36479.11128148835,1.994554515881442e-14,1.4210854715202004e-14,NaN,34,LOCALLY_SOLVED,residual_tolerance_upper_bound
190,0.4416232078614311,ADMM,1.0,0.01,75.91056823730469,36588.97205458671,36479.11128148835,0.3011607718472751,8.814060592499118e-13,1.1342369898908577,6,converged,gap_callback_with_solver_termination
190,0.4416232078614311,MEL-ADMM,1.0,0.01,16.205549240112305,36481.10332448929,36479.11128148835,0.005460777225534696,1.0159095786832495e-12,0.009822655305563366,18,converged,gap_residual_and_feasibility
190,0.4416232078614311,sMEL-ADMM,1.0,0.01,1.4899589999999998,36480.314986494464,36479.11128148835,0.00329971033785172,2.0061730054976579e-13,0.006319200244432999,35,converged,gap_residual_and_feasibility
191,0.6005352047199224,IPOPT,1.0,1.0e-10,14.66989517211914,36479.11128157196,36479.11128148832,2.2927404160057198e-10,1.0658141036401503e-14,NaN,33,INTERRUPTED,gap_and_residual
191,0.6005352047199224,MadNLP,1.0,0.01,20.07889747619629,36479.11128148832,36479.11128148832,0.0,1.687538997430238e-14,NaN,34,LOCALLY_SOLVED,residual_tolerance_upper_bound
191,0.6005352047199224,ADMM,1.0,0.01,76.43008232116699,36599.789656375324,36479.11128148832,0.33081500795289287,1.262767668208653e-12,1.1601687531619316,6,converged,gap_callback_with_solver_termination
191,0.6005352047199224,MEL-ADMM,1.0,0.01,15.96689224243164,36480.93812059768,36479.11128148832,0.005007904647846754,6.6489036498751375e-12,0.009932264412047864,18,converged,gap_residual_and_feasibility
191,0.6005352047199224,sMEL-ADMM,1.0,0.01,1.049791,36480.766034203356,36479.11128148832,0.00453616510079864,2.000621890374532e-13,0.00988815109768737,29,converged,gap_residual_and_feasibility
192,0.7076531391607754,IPOPT,1.0,1.0e-10,14.867067337036133,36479.11128157186,36479.11128148833,2.289748584231897e-10,1.509903313490213e-14,NaN,34,INTERRUPTED,gap_and_residual
192,0.7076531391607754,MadNLP,1.0,0.01,19.639015197753906,36479.111281488345,36479.11128148833,3.989109031762887e-14,1.1546319456101628e-14,NaN,35,LOCALLY_SOLVED,residual_tolerance_upper_bound
192,0.7076531391607754,ADMM,1.0,0.01,78.9945125579834,36652.002850918674,36479.11128148833,0.4739467694161691,2.6240121187015575e-12,1.7142263524989576,6,converged,gap_callback_with_solver_termination
192,0.7076531391607754,MEL-ADMM,1.0,0.01,14.19973373413086,36480.64939612612,36479.11128148833,0.0042164257399873286,2.8055335832277706e-12,0.007759767368119341,16,converged,gap_residual_and_feasibility
192,0.7076531391607754,sMEL-ADMM,1.0,0.01,1.306667,36480.758274833905,36479.11128148833,0.004514894381238672,2.0050627824730327e-13,0.005790337504258503,33,converged,gap_residual_and_feasibility
193,0.5291165347789952,IPOPT,1.0,1.0e-10,14.407873153686523,36479.11128157215,36479.11128148832,2.2979262577470115e-10,1.0658141036401503e-14,NaN,33,INTERRUPTED,gap_and_residual
193,0.5291165347789952,MadNLP,1.0,0.01,19.366979598999023,36479.11128148833,36479.11128148832,1.9945545158814437e-14,1.509903313490213e-14,NaN,34,LOCALLY_SOLVED,residual_tolerance_upper_bound
193,0.5291165347789952,ADMM,1.0,0.01,74.13411140441895,36588.97204814534,36479.11128148832,0.3011607541896637,4.0234482412415673e-13,1.1342369881034244,6,converged,gap_callback_with_solver_termination
193,0.5291165347789952,MEL-ADMM,1.0,0.01,15.77615737915039,36481.10332446432,36479.11128148832,0.005460777157161372,3.810285420513537e-13,0.00982265535990745,18,converged,gap_residual_and_feasibility
193,0.5291165347789952,sMEL-ADMM,1.0,0.01,1.359289,36480.67455353678,36479.11128148832,0.004285389620362244,2.0083934515469082e-13,0.009071789402810282,32,converged,gap_residual_and_feasibility
194,0.5486329482967962,IPOPT,1.0,1.0e-10,14.394044876098633,36479.11128157213,36479.11128148836,2.296330614134304e-10,1.3322676295501878e-14,NaN,33,INTERRUPTED,gap_and_residual
194,0.5486329482967962,MadNLP,1.0,0.01,19.242048263549805,36479.11128148834,36479.11128148836,5.983663547644325e-14,1.509903313490213e-14,NaN,34,LOCALLY_SOLVED,residual_tolerance_upper_bound
194,0.5486329482967962,ADMM,1.0,0.01,76.21479034423828,36588.97205141357,36479.11128148836,0.30116076314874357,1.272426608522892e-12,1.1342369947861322,6,converged,gap_callback_with_solver_termination
194,0.5486329482967962,MEL-ADMM,1.0,0.01,16.039133071899414,36481.10332462253,36479.11128148836,0.005460777590757572,4.537814568550402e-12,0.009822655327727858,18,converged,gap_residual_and_feasibility
194,0.5486329482967962,sMEL-ADMM,1.0,0.01,1.272958,36480.67997198913,36479.11128148836,0.00430024319579268,2.0106138975961585e-13,0.009172835572996973,32,converged,gap_residual_and_feasibility
195,0.6737921697574221,IPOPT,1.0,1.0e-10,14.199972152709961,36479.11134601729,36479.11128148835,1.7689285144904177e-7,1.5987211554602254e-14,NaN,33,INTERRUPTED,gap_and_residual
195,0.6737921697574221,MadNLP,1.0,0.01,19.826889038085938,36479.11128148837,36479.11128148835,3.989109031762884e-14,1.7763568394002505e-14,NaN,35,LOCALLY_SOLVED,residual_tolerance_upper_bound
195,0.6737921697574221,ADMM,1.0,0.01,78.3240795135498,36566.164429676544,36479.11128148835,0.23863834707060858,4.25659507641285e-13,1.1230824003060684,6,converged,gap_callback_with_solver_termination
195,0.6737921697574221,MEL-ADMM,1.0,0.01,14.208078384399414,36480.666823721556,36479.11128148835,0.004264199917592208,4.8114845441205034e-12,0.006525311963066827,16,converged,gap_residual_and_feasibility
195,0.6737921697574221,sMEL-ADMM,1.0,0.01,1.097623,36480.72679010158,36479.11128148835,0.004428585446508341,1.999511667349907e-13,0.00979998672963589,32,converged,gap_residual_and_feasibility
196,0.727877071316607,IPOPT,1.0,1.0e-10,14.986991882324219,36479.11128157174,36479.11128148832,2.2867567524580755e-10,1.2434497875801753e-14,NaN,34,INTERRUPTED,gap_and_residual
196,0.727877071316607,MadNLP,1.0,0.01,19.64712142944336,36479.11128148831,36479.11128148832,3.9891090317628874e-14,1.3322676295501878e-14,NaN,35,LOCALLY_SOLVED,residual_tolerance_upper_bound
196,0.727877071316607,ADMM,1.0,0.01,82.8697681427002,36769.33083152106,36479.11128148832,0.7955773587609599,9.857337168739377e-12,2.181261124351106,6,converged,gap_callback_with_solver_termination
196,0.727877071316607,MEL-ADMM,1.0,0.01,16.22176170349121,36480.54396379922,36479.11128148832,0.0039274046449157074,7.30748794808278e-13,0.005564532725743199,19,converged,gap_residual_and_feasibility
196,0.727877071316607,sMEL-ADMM,1.0,0.01,1.1455009999999999,36480.771849902485,36479.11128148832,0.004552107646887934,1.992850329202156e-13,0.005879662834145094,33,converged,gap_residual_and_feasibility
197,0.47101899642154893,IPOPT,1.0,1.0e-10,14.611959457397461,36479.1112815721,36479.11128148832,2.2965300695858944e-10,9.769962616701378e-15,NaN,33,INTERRUPTED,gap_and_residual
197,0.47101899642154893,MadNLP,1.0,0.01,19.53411102294922,36479.11128148836,36479.11128148832,9.972772579407219e-14,1.2434497875801753e-14,NaN,34,LOCALLY_SOLVED,residual_tolerance_upper_bound
197,0.47101899642154893,ADMM,1.0,0.01,75.84357261657715,36588.97204917892,36479.11128148832,0.3011607570230082,2.885081062942163e-12,1.1342369848704665,6,converged,gap_callback_with_solver_termination
197,0.47101899642154893,MEL-ADMM,1.0,0.01,16.14832878112793,36481.10332443123,36479.11128148832,0.005460777066449032,4.649058915617843e-13,0.009822655383588064,18,converged,gap_residual_and_feasibility
197,0.47101899642154893,sMEL-ADMM,1.0,0.01,1.38771,36480.61998135786,36479.11128148832,0.004135791187157858,1.999511667349907e-13,0.009270211167486053,32,converged,gap_residual_and_feasibility
198,0.4577939758609182,IPOPT,1.0,1.0e-10,14.289140701293945,36479.11128157209,36479.11128148836,2.2953333368763632e-10,9.769962616701378e-15,NaN,33,INTERRUPTED,gap_and_residual
198,0.4577939758609182,MadNLP,1.0,0.01,19.02484893798828,36479.111281488345,36479.11128148836,3.9891090317628836e-14,1.1546319456101628e-14,NaN,34,LOCALLY_SOLVED,residual_tolerance_upper_bound
198,0.4577939758609182,ADMM,1.0,0.01,76.45845413208008,36588.97205424323,36479.11128148836,0.30116077090568577,7.622791287076325e-13,1.1342369970700341,6,converged,gap_callback_with_solver_termination
198,0.4577939758609182,MEL-ADMM,1.0,0.01,16.576051712036133,36481.10332430504,36479.11128148836,0.005460776720433709,3.782418822595446e-12,0.009822655244605016,18,converged,gap_residual_and_feasibility
198,0.4577939758609182,sMEL-ADMM,1.0,0.01,1.319957,36480.44916760893,36479.11128148836,0.0036675403362964555,2.000621890374532e-13,0.008699724282172111,33,converged,gap_residual_and_feasibility
199,0.5179844692322875,IPOPT,1.0,1.0e-10,14.431953430175781,36479.11128157214,36479.111281488345,2.2971284359406576e-10,1.4210854715202004e-14,NaN,33,INTERRUPTED,gap_and_residual
199,0.5179844692322875,MadNLP,1.0,0.01,19.568204879760742,36479.111281488345,36479.111281488345,0.0,1.509903313490213e-14,NaN,34,LOCALLY_SOLVED,residual_tolerance_upper_bound
199,0.5179844692322875,ADMM,1.0,0.01,74.63884353637695,36588.97204770007,36479.111281488345,0.3011607529689762,2.2707391522658327e-12,1.134236989138378,6,converged,gap_callback_with_solver_termination
199,0.5179844692322875,MEL-ADMM,1.0,0.01,15.950441360473633,36481.10332448865,36479.111281488345,0.005460777223799435,1.049604847480623e-12,0.009822655265308455,18,converged,gap_residual_and_feasibility
199,0.5179844692322875,sMEL-ADMM,1.0,0.01,1.281083,36480.671651902456,36479.111281488345,0.00427743538506156,2.0028423364237824e-13,0.009012056037889238,32,converged,gap_residual_and_feasibility
200,0.679071389215045,IPOPT,1.0,1.0e-10,14.633893966674805,36479.11134601078,36479.11128148836,1.7687498024057944e-7,1.3322676295501878e-14,NaN,33,INTERRUPTED,gap_and_residual
200,0.679071389215045,MadNLP,1.0,0.01,19.884109497070312,36479.11128148835,36479.11128148836,1.9945545158814418e-14,1.2434497875801753e-14,NaN,35,LOCALLY_SOLVED,residual_tolerance_upper_bound
200,0.679071389215045,ADMM,1.0,0.01,77.56924629211426,36572.944679434826,36479.11128148836,0.25722501083539984,6.552536291337674e-13,1.1224069193712705,6,converged,gap_callback_with_solver_termination
200,0.679071389215045,MEL-ADMM,1.0,0.01,13.941287994384766,36480.661737596514,36479.11128148836,0.004250257349172631,1.0126344207606053e-12,0.00573090268801657,16,converged,gap_residual_and_feasibility
200,0.679071389215045,sMEL-ADMM,1.0,0.01,1.166,36480.730054802654,36479.11128148836,0.004437534954739128,2.0017321133991572e-13,0.009829485745672883,32,converged,gap_residual_and_feasibility
201,0.48328035494737603,IPOPT,1.0,1.0e-10,12.761116027832031,36479.11128157213,36479.11128148833,2.2971284359406583e-10,1.509903313490213e-14,NaN,33,INTERRUPTED,gap_and_residual
201,0.48328035494737603,MadNLP,1.0,0.01,17.26388931274414,36479.111281488345,36479.11128148833,3.989109031762887e-14,1.1546319456101628e-14,NaN,34,LOCALLY_SOLVED,residual_tolerance_upper_bound
201,0.48328035494737603,ADMM,1.0,0.01,70.12581825256348,36588.97204695475,36479.11128148833,0.30116075092587435,2.511990615516879e-12,1.1342369836894495,6,converged,gap_callback_with_solver_termination
201,0.48328035494737603,MEL-ADMM,1.0,0.01,15.625,36481.10332457761,36479.11128148833,0.0054607774677135085,3.3426594825414213e-12,0.009822655446802386,18,converged,gap_residual_and_feasibility
201,0.48328035494737603,sMEL-ADMM,1.0,0.01,1.269247,36480.663634064374,36479.11128148833,0.004255456126836586,1.999511667349907e-13,0.008818125521354858,32,converged,gap_residual_and_feasibility
202,0.4308406929861618,IPOPT,1.0,1.0e-10,14.78886604309082,36479.11128157206,36479.111281488345,2.294934425973188e-10,1.1546319456101628e-14,NaN,33,INTERRUPTED,gap_and_residual
202,0.4308406929861618,MadNLP,1.0,0.01,19.848108291625977,36479.11128148835,36479.111281488345,1.9945545158814427e-14,1.4210854715202004e-14,NaN,34,LOCALLY_SOLVED,residual_tolerance_upper_bound
202,0.4308406929861618,ADMM,1.0,0.01,75.66308975219727,36588.9720555156,36479.111281488345,0.30116077439366307,3.490541189421492e-13,1.1342369980890368,6,converged,gap_callback_with_solver_termination
202,0.4308406929861618,MEL-ADMM,1.0,0.01,15.881776809692383,36481.10332460793,36479.111281488345,0.005460777550786702,4.110989326733261e-12,0.009822655417576875,18,converged,gap_residual_and_feasibility
202,0.4308406929861618,sMEL-ADMM,1.0,0.01,1.374371,36480.17371024798,36479.111281488345,0.0029124304905302646,2.007283228522283e-13,0.009391547315228621,33,converged,gap_residual_and_feasibility
203,0.40303175435807265,IPOPT,1.0,1.0e-10,12.901067733764648,36479.11128157195,36479.11128148836,2.2915436832961885e-10,1.4210854715202004e-14,NaN,33,INTERRUPTED,gap_and_residual
203,0.40303175435807265,MadNLP,1.0,0.01,17.385005950927734,36479.11128148835,36479.11128148836,1.9945545158814418e-14,1.5987211554602254e-14,NaN,34,LOCALLY_SOLVED,residual_tolerance_upper_bound
203,0.40303175435807265,ADMM,1.0,0.01,70.63746452331543,36588.97205693867,36479.11128148836,0.3011607782946725,7.441824934062424e-13,1.1342369961992258,6,converged,gap_callback_with_solver_termination
203,0.40303175435807265,MEL-ADMM,1.0,0.01,15.911579132080078,36481.10332447767,36479.11128148836,0.005460777193661713,8.162914788556463e-13,0.009822655425691273,18,converged,gap_residual_and_feasibility
203,0.40303175435807265,sMEL-ADMM,1.0,0.01,1.275626,36479.941908893335,36479.11128148836,0.0022769946300666578,2.0061730054976579e-13,0.003491354958040205,35,converged,gap_residual_and_feasibility
204,0.39071587928589263,IPOPT,1.0,1.0e-10,14.114141464233398,36479.111281571895,36479.11128148833,2.2907458614898377e-10,1.4210854715202004e-14,NaN,33,INTERRUPTED,gap_and_residual
204,0.39071587928589263,MadNLP,1.0,0.01,18.922090530395508,36479.11128148833,36479.11128148833,0.0,1.687538997430238e-14,NaN,34,LOCALLY_SOLVED,residual_tolerance_upper_bound
204,0.39071587928589263,ADMM,1.0,0.01,73.90069961547852,36589.227930840396,36479.11128148833,0.301862204104585,2.8059221612863894e-12,1.1275780071208317,6,converged,gap_callback_with_solver_termination
204,0.39071587928589263,MEL-ADMM,1.0,0.01,15.660762786865234,36481.09667615762,36479.11128148833,0.005442552188207344,1.975586361169235e-12,0.009839666312064566,18,converged,gap_residual_and_feasibility
204,0.39071587928589263,sMEL-ADMM,1.0,0.01,1.370417,36479.81682517508,36479.11128148833,0.0019341032770999614,2.003397447936095e-13,0.004549066965877202,34,converged,gap_residual_and_feasibility
205,0.5899126705574803,IPOPT,1.0,1.0e-10,14.82701301574707,36479.11128157202,36479.11128148832,2.2943360596184247e-10,1.3322676295501878e-14,NaN,33,INTERRUPTED,gap_and_residual
205,0.5899126705574803,MadNLP,1.0,0.01,19.186019897460938,36479.11128148834,36479.11128148832,3.9891090317628874e-14,1.3322676295501878e-14,NaN,34,LOCALLY_SOLVED,residual_tolerance_upper_bound
205,0.5899126705574803,ADMM,1.0,0.01,74.93710517883301,36595.84812663631,36479.11128148832,0.32001011276616376,3.8546943414985435e-13,1.0668093679421595,6,converged,gap_callback_with_solver_termination
205,0.5899126705574803,MEL-ADMM,1.0,0.01,15.57612419128418,36481.01615055017,36479.11128148832,0.0052218077549779215,6.08058048356952e-12,0.009906727070491783,18,converged,gap_residual_and_feasibility
205,0.5899126705574803,sMEL-ADMM,1.0,0.01,1.4757520000000002,36480.69248502057,36479.11128148832,0.004334545104577489,1.999511667349907e-13,0.009373895503482998,32,converged,gap_residual_and_feasibility
206,0.6773622748625316,IPOPT,1.0,1.0e-10,14.15395736694336,36479.11134601292,36479.11128148833,1.768809240130369e-7,1.3322676295501878e-14,NaN,33,INTERRUPTED,gap_and_residual
206,0.6773622748625316,MadNLP,1.0,0.01,20.24698257446289,36479.111281488345,36479.11128148833,3.989109031762887e-14,1.3322676295501878e-14,NaN,35,LOCALLY_SOLVED,residual_tolerance_upper_bound
206,0.6773622748625316,ADMM,1.0,0.01,76.61867141723633,36570.49449607305,36479.11128148833,0.2505083357967999,3.801403636316536e-13,1.122617690308644,6,converged,gap_callback_with_solver_termination
206,0.6773622748625316,MEL-ADMM,1.0,0.01,13.264894485473633,36480.66329187424,36479.11128148833,0.004254518082781598,3.856914787547794e-12,0.005990498569108382,16,converged,gap_residual_and_feasibility
206,0.6773622748625316,sMEL-ADMM,1.0,0.01,1.1894989999999999,36480.728997404476,36479.11128148833,0.004434636314635683,1.9961809982760315e-13,0.009819876323506449,32,converged,gap_residual_and_feasibility
207,0.7036203850888478,IPOPT,1.0,1.0e-10,13.031959533691406,36479.11128157187,36479.11128148833,2.2901474951350733e-10,1.2434497875801753e-14,NaN,34,INTERRUPTED,gap_and_residual
207,0.7036203850888478,MadNLP,1.0,0.01,17.43912696838379,36479.11128148834,36479.11128148833,1.9945545158814434e-14,1.3322676295501878e-14,NaN,35,LOCALLY_SOLVED,residual_tolerance_upper_bound
207,0.7036203850888478,ADMM,1.0,0.01,72.79348373413086,36635.47141213171,36479.11128148833,0.4286292213558501,4.214961712989407e-12,1.620317740111898,6,converged,gap_callback_with_solver_termination
207,0.7036203850888478,MEL-ADMM,1.0,0.01,13.20791244506836,36480.65041054362,36479.11128148833,0.004219206557447287,4.710898338089464e-12,0.006962024804963107,16,converged,gap_residual_and_feasibility
207,0.7036203850888478,sMEL-ADMM,1.0,0.01,1.0204179999999998,36480.7456672199,36479.11128148833,0.004480333193849992,2.0039525594484076e-13,0.009981594429312679,32,converged,gap_residual_and_feasibility
208,0.3438259543065081,IPOPT,1.0,1.0e-10,13.659954071044922,36479.11128155798,36479.11128148835,1.9087886716985403e-10,1.1546319456101628e-14,NaN,34,INTERRUPTED,gap_and_residual
208,0.3438259543065081,MadNLP,1.0,0.01,17.8070068359375,36479.11128148833,36479.11128148835,5.983663547644327e-14,8.881784197001252e-15,NaN,35,LOCALLY_SOLVED,residual_tolerance_upper_bound
208,0.3438259543065081,ADMM,1.0,0.01,72.54624366760254,36575.16141721487,36479.11128148835,0.26330174270242734,7.592260153899133e-13,1.1687182119144932,6,converged,gap_callback_with_solver_termination
208,0.3438259543065081,MEL-ADMM,1.0,0.01,14.761209487915039,36480.8729141833,36479.11128148835,0.004829154639641812,3.925415548167166e-12,0.0008241551707612871,19,converged,gap_residual_and_feasibility
208,0.3438259543065081,sMEL-ADMM,1.0,0.01,1.267497,36479.553731536784,36479.11128148835,0.0012128860404984176,2.000621890374532e-13,0.006965548652985376,35,converged,gap_residual_and_feasibility
209,0.6415128048922303,IPOPT,1.0,1.0e-10,14.54305648803711,36479.111281488375,36479.111281488375,0.0,1.3322676295501878e-14,NaN,34,INTERRUPTED,gap_and_residual
209,0.6415128048922303,MadNLP,1.0,0.01,18.68605613708496,36479.111281488316,36479.111281488375,1.595643612705153e-13,1.3322676295501878e-14,NaN,35,LOCALLY_SOLVED,residual_tolerance_upper_bound
209,0.6415128048922303,ADMM,1.0,0.01,71.20537757873535,36565.506462227706,36479.111281488375,0.23683466428956934,4.911626660941693e-13,1.1488438070767168,6,converged,gap_callback_with_solver_termination
209,0.6415128048922303,MEL-ADMM,1.0,0.01,15.219926834106445,36480.78945484053,36479.111281488375,0.004600367972802544,5.806022329579719e-12,0.0009343218879864779,19,converged,gap_residual_and_feasibility
209,0.6415128048922303,sMEL-ADMM,1.0,0.01,1.047086,36480.70889526315,36479.111281488375,0.004379530417971449,1.999511667349907e-13,0.009628735403889976,32,converged,gap_residual_and_feasibility
210,0.6727190039859672,IPOPT,1.0,1.0e-10,14.44697380065918,36479.1112815611,36479.11128148833,1.9947539713330315e-10,9.769962616701378e-15,NaN,34,INTERRUPTED,gap_and_residual
210,0.6727190039859672,MadNLP,1.0,0.01,18.13507080078125,36479.11128148835,36479.11128148833,5.98366354764433e-14,1.3322676295501878e-14,NaN,35,LOCALLY_SOLVED,residual_tolerance_upper_bound
210,0.6727190039859672,ADMM,1.0,0.01,72.89481163024902,36565.055928430396,36479.11128148833,0.23559961830999668,1.8753887331968144e-12,1.123220950724792,6,converged,gap_callback_with_solver_termination
210,0.6727190039859672,MEL-ADMM,1.0,0.01,13.325929641723633,36480.667934613935,36479.11128148833,0.004267245201213102,2.149835864884153e-12,0.0066842511356490775,16,converged,gap_residual_and_feasibility
210,0.6727190039859672,sMEL-ADMM,1.0,0.01,1.2109569999999998,36480.726127349146,36479.11128148833,0.004426768646730809,2.0039525594484076e-13,0.009794022399686853,32,converged,gap_residual_and_feasibility
211,0.5310794710330728,IPOPT,1.0,1.0e-10,13.895034790039062,36479.11128157215,36479.11128148833,2.2977268022954228e-10,1.5987211554602254e-14,NaN,33,INTERRUPTED,gap_and_residual
211,0.5310794710330728,MadNLP,1.0,0.01,17.0590877532959,36479.111281488345,36479.11128148833,3.989109031762887e-14,1.3322676295501878e-14,NaN,34,LOCALLY_SOLVED,residual_tolerance_upper_bound
211,0.5310794710330728,ADMM,1.0,0.01,69.34547424316406,36588.9720485445,36479.11128148833,0.30116075528385633,3.348432642269472e-13,1.1342369918692112,6,converged,gap_callback_with_solver_termination
211,0.5310794710330728,MEL-ADMM,1.0,0.01,18.79096031188965,36481.10332444977,36479.11128148833,0.0054607771172503344,4.2366110619695974e-13,0.00982265530425419,18,converged,gap_residual_and_feasibility
211,0.5310794710330728,sMEL-ADMM,1.0,0.01,1.2610810000000001,36480.67506879081,36479.11128148833,0.004286802083569625,2.007283228522283e-13,0.009082198710304468,32,converged,gap_residual_and_feasibility
212,0.30144837171134986,IPOPT,1.0,1.0e-10,15.591144561767578,36479.11128157165,36479.111281488345,2.2835654652326637e-10,1.509903313490213e-14,NaN,34,INTERRUPTED,gap_and_residual
212,0.30144837171134986,MadNLP,1.0,0.01,18.659114837646484,36479.11128148833,36479.111281488345,3.9891090317628855e-14,1.3322676295501878e-14,NaN,35,LOCALLY_SOLVED,residual_tolerance_upper_bound
212,0.30144837171134986,ADMM,1.0,0.01,73.24051856994629,36552.7220689804,36479.111281488345,0.20178887288137065,1.940281268986155e-12,1.1138757404523743,6,converged,gap_callback_with_solver_termination
212,0.30144837171134986,MEL-ADMM,1.0,0.01,13.818025588989258,36480.70940119038,36479.111281488345,0.004380917313762372,8.869571743730376e-13,0.007350094999797108,16,converged,gap_residual_and_feasibility
212,0.30144837171134986,sMEL-ADMM,1.0,0.01,1.76679,36479.43484413032,36479.111281488345,0.0008869806050936535,1.9989565558375944e-13,0.006841575384605392,39,converged,gap_residual_and_feasibility
213,0.6339816357758634,IPOPT,1.0,1.0e-10,14.007091522216797,36479.11128148833,36479.11128148833,0.0,1.1546319456101628e-14,NaN,34,INTERRUPTED,gap_and_residual
213,0.6339816357758634,MadNLP,1.0,0.01,18.666982650756836,36479.111281488345,36479.11128148833,3.989109031762887e-14,1.2434497875801753e-14,NaN,35,LOCALLY_SOLVED,residual_tolerance_upper_bound
213,0.6339816357758634,ADMM,1.0,0.01,72.40509986877441,36571.3697196321,36479.11128148833,0.25290758163449956,8.049116928532385e-13,1.16682228240753,6,converged,gap_callback_with_solver_termination
213,0.6339816357758634,MEL-ADMM,1.0,0.01,15.818357467651367,36480.82397856205,36479.11128148833,0.004695007673039968,5.17808018685173e-12,0.0007066801678021761,19,converged,gap_residual_and_feasibility
213,0.6339816357758634,sMEL-ADMM,1.0,0.01,1.322876,36480.7062432173,36479.11128148833,0.004372260378436174,2.0028423364237824e-13,0.00958983639657518,32,converged,gap_residual_and_feasibility
214,0.7109586819183666,IPOPT,1.0,1.0e-10,14.286041259765625,36479.11128157184,36479.111281488345,2.2887513069739554e-10,1.1546319456101628e-14,NaN,34,INTERRUPTED,gap_and_residual
214,0.7109586819183666,MadNLP,1.0,0.01,18.51511001586914,36479.11128148832,36479.111281488345,5.983663547644328e-14,1.3322676295501878e-14,NaN,35,LOCALLY_SOLVED,residual_tolerance_upper_bound
214,0.7109586819183666,ADMM,1.0,0.01,76.01571083068848,36666.971891618974,36479.111281488345,0.5149813236430466,9.136691403455188e-12,1.7905887167276773,6,converged,gap_callback_with_solver_termination
214,0.7109586819183666,MEL-ADMM,1.0,0.01,13.536214828491211,36480.64903701758,36479.111281488345,0.0042154413175534595,1.9768631176475537e-12,0.008418510596404971,16,converged,gap_residual_and_feasibility
214,0.7109586819183666,sMEL-ADMM,1.0,0.01,1.284332,36480.76053261381,36479.111281488345,0.00452108362162544,1.9972912213006566e-13,0.005804355382025506,33,converged,gap_residual_and_feasibility
215,0.4813756678518224,IPOPT,1.0,1.0e-10,13.961076736450195,36479.111281572135,36479.11128148833,2.2973278913922465e-10,1.0658141036401503e-14,NaN,33,INTERRUPTED,gap_and_residual
215,0.4813756678518224,MadNLP,1.0,0.01,18.15319061279297,36479.11128148834,36479.11128148833,1.9945545158814434e-14,1.3322676295501878e-14,NaN,34,LOCALLY_SOLVED,residual_tolerance_upper_bound
215,0.4813756678518224,ADMM,1.0,0.01,69.48709487915039,36588.97204707428,36479.11128148833,0.30116075125355973,8.81239525796218e-13,1.134236984917247,6,converged,gap_callback_with_solver_termination
215,0.4813756678518224,MEL-ADMM,1.0,0.01,14.463424682617188,36481.10332453029,36479.11128148833,0.005460777337987683,2.1116441928370477e-12,0.009822655338036945,18,converged,gap_residual_and_feasibility
215,0.4813756678518224,sMEL-ADMM,1.0,0.01,1.1044990000000001,36480.66316348047,36479.11128148833,0.004254166117608335,2.0017321133991572e-13,0.008808363547039733,32,converged,gap_residual_and_feasibility
216,0.41914775752880257,IPOPT,1.0,1.0e-10,12.521028518676758,36479.11128157202,36479.11128148834,2.2939371487152476e-10,1.0658141036401503e-14,NaN,33,INTERRUPTED,gap_and_residual
216,0.41914775752880257,MadNLP,1.0,0.01,17.103910446166992,36479.111281488345,36479.11128148834,1.994554515881443e-14,1.0658141036401503e-14,NaN,34,LOCALLY_SOLVED,residual_tolerance_upper_bound
216,0.41914775752880257,ADMM,1.0,0.01,68.78018379211426,36588.97205650114,36479.11128148834,0.3011607770953271,1.652455949852083e-12,1.1342369997799002,6,converged,gap_callback_with_solver_termination
216,0.41914775752880257,MEL-ADMM,1.0,0.01,14.91403579711914,36481.10332457373,36479.11128148834,0.005460777457042641,3.2313596243227494e-12,0.009822655251555013,18,converged,gap_residual_and_feasibility
216,0.41914775752880257,sMEL-ADMM,1.0,0.01,1.362292,36480.11980411239,36479.11128148834,0.0027646578785133816,2.0028423364237824e-13,0.004938456444069317,36,converged,gap_residual_and_feasibility
217,0.4467489922083813,IPOPT,1.0,1.0e-10,13.080120086669922,36479.111281572055,36479.11128148832,2.2953333368763655e-10,1.1546319456101628e-14,NaN,33,INTERRUPTED,gap_and_residual
217,0.4467489922083813,MadNLP,1.0,0.01,17.346858978271484,36479.11128148835,36479.11128148832,7.978218063525775e-14,1.1546319456101628e-14,NaN,34,LOCALLY_SOLVED,residual_tolerance_upper_bound
217,0.4467489922083813,ADMM,1.0,0.01,70.07980346679688,36588.972053986894,36479.11128148832,0.3011607702030843,1.6568413307993524e-12,1.1342369887613293,6,converged,gap_callback_with_solver_termination
217,0.4467489922083813,MEL-ADMM,1.0,0.01,14.607906341552734,36481.103324526804,36479.11128148832,0.005460777328453713,2.0032309144824012e-12,0.009822655302306416,18,converged,gap_residual_and_feasibility
217,0.4467489922083813,sMEL-ADMM,1.0,0.01,1.4427050000000001,36480.35814512893,36479.11128148832,0.003418020880452338,2.0017321133991572e-13,0.009652290113310258,35,converged,gap_residual_and_feasibility
218,0.27903497922784426,IPOPT,1.0,1.0e-10,14.713048934936523,36479.11128157153,36479.11128148834,2.280573633458842e-10,1.0658141036401503e-14,NaN,34,INTERRUPTED,gap_and_residual
218,0.27903497922784426,MadNLP,1.0,0.01,18.101930618286133,36479.11128148836,36479.11128148834,5.983663547644329e-14,1.509903313490213e-14,NaN,35,LOCALLY_SOLVED,residual_tolerance_upper_bound
218,0.27903497922784426,ADMM,1.0,0.01,74.44453239440918,36576.885294512365,36479.11128148834,0.2680273986653933,3.7125857943465235e-13,1.2325425169904456,6,converged,gap_callback_with_solver_termination
218,0.27903497922784426,MEL-ADMM,1.0,0.01,13.04483413696289,36480.69782340883,36479.11128148834,0.004349179200804699,3.6589620222571284e-12,0.004910356786538728,16,converged,gap_residual_and_feasibility
218,0.27903497922784426,sMEL-ADMM,1.0,0.01,1.616331,36479.48707829055,36479.11128148834,0.001030169839695827,1.996736109788344e-13,0.007940767717991903,39,converged,gap_residual_and_feasibility
219,0.48174303509772726,IPOPT,1.0,1.0e-10,14.31584358215332,36479.11128157215,36479.111281488345,2.2973278913922457e-10,1.509903313490213e-14,NaN,33,INTERRUPTED,gap_and_residual
219,0.48174303509772726,MadNLP,1.0,0.01,18.197059631347656,36479.11128148833,36479.111281488345,3.9891090317628855e-14,1.5987211554602254e-14,NaN,34,LOCALLY_SOLVED,residual_tolerance_upper_bound
219,0.48174303509772726,ADMM,1.0,0.01,70.80435752868652,36588.972047521595,36479.111281488345,0.30116075247973195,2.8896884884943574e-12,1.1342369843372486,6,converged,gap_callback_with_solver_termination
219,0.48174303509772726,MEL-ADMM,1.0,0.01,14.986991882324219,36481.103324382784,36479.111281488345,0.005460776933591752,1.7462697954329087e-12,0.009822655349569054,18,converged,gap_residual_and_feasibility
219,0.48174303509772726,sMEL-ADMM,1.0,0.01,1.199039,36480.66327556884,36479.111281488345,0.004254473384834841,2.003397447936095e-13,0.008810020207315361,32,converged,gap_residual_and_feasibility
220,0.5214706473936707,IPOPT,1.0,1.0e-10,13.988971710205078,36479.11128157215,36479.11128148833,2.2977268022954228e-10,1.1546319456101628e-14,NaN,33,INTERRUPTED,gap_and_residual
220,0.5214706473936707,MadNLP,1.0,0.01,17.784833908081055,36479.11128148837,36479.11128148833,9.972772579407217e-14,1.2434497875801753e-14,NaN,34,LOCALLY_SOLVED,residual_tolerance_upper_bound
220,0.5214706473936707,ADMM,1.0,0.01,70.46079635620117,36588.97204845535,36479.11128148833,0.30116075503946355,1.0091927293842673e-12,1.1342369929251177,6,converged,gap_callback_with_solver_termination
220,0.5214706473936707,MEL-ADMM,1.0,0.01,14.681100845336914,36481.103324566255,36479.11128148833,0.005460777436578512,3.0552227414659683e-12,0.009822655486423137,18,converged,gap_residual_and_feasibility
220,0.5214706473936707,sMEL-ADMM,1.0,0.01,1.205207,36480.67255692144,36479.11128148833,0.004279916308983548,2.0028423364237824e-13,0.009030989283383306,32,converged,gap_residual_and_feasibility
221,0.7335473554357355,IPOPT,1.0,1.0e-10,14.235973358154297,36479.11128157175,36479.111281488345,2.2863578415548976e-10,1.4210854715202004e-14,NaN,34,INTERRUPTED,gap_and_residual
221,0.7335473554357355,MadNLP,1.0,0.01,17.862796783447266,36479.11128148833,36479.111281488345,3.9891090317628855e-14,1.3322676295501878e-14,NaN,35,LOCALLY_SOLVED,residual_tolerance_upper_bound
221,0.7335473554357355,ADMM,1.0,0.01,77.11434364318848,36814.34475631489,36479.111281488345,0.9189737991140682,5.012545933880119e-12,2.3148392131797744,6,converged,gap_callback_with_solver_termination
221,0.7335473554357355,MEL-ADMM,1.0,0.01,15.416622161865234,36480.533133711244,36479.111281488345,0.003897716180437715,3.068323373156545e-12,0.005852192392460154,19,converged,gap_residual_and_feasibility
221,0.7335473554357355,sMEL-ADMM,1.0,0.01,1.006542,36480.775618295025,36479.111281488345,0.004562437921902905,2.0061730054976579e-13,0.005905473448290621,33,converged,gap_residual_and_feasibility
222,0.6916613307311289,IPOPT,1.0,1.0e-10,13.662099838256836,36479.11128157195,36479.11128148835,2.2917431387477772e-10,1.4210854715202004e-14,NaN,34,INTERRUPTED,gap_and_residual
222,0.6916613307311289,MadNLP,1.0,0.01,17.81916618347168,36479.111281488345,36479.11128148835,1.994554515881442e-14,1.1546319456101628e-14,NaN,35,LOCALLY_SOLVED,residual_tolerance_upper_bound
222,0.6916613307311289,ADMM,1.0,0.01,73.41217994689941,36598.05281287561,36479.11128148835,0.3260538078064899,5.970335337224242e-12,1.3447058432210763,6,converged,gap_callback_with_solver_termination
222,0.6916613307311289,MEL-ADMM,1.0,0.01,13.240337371826172,36480.65666869955,36479.11128148835,0.0042363620080342855,2.687183808802729e-12,0.0049431256131455825,16,converged,gap_residual_and_feasibility
222,0.6916613307311289,sMEL-ADMM,1.0,0.01,1.450751,36480.73782860523,36479.11128148835,0.004458845239758444,1.9984014443252818e-13,0.009905144792481835,32,converged,gap_residual_and_feasibility
223,0.25539152868603804,IPOPT,1.0,1.0e-10,13.118982315063477,36479.11128157142,36479.11128148835,2.2771828907818426e-10,1.3322676295501878e-14,NaN,34,INTERRUPTED,gap_and_residual
223,0.25539152868603804,MadNLP,1.0,0.01,17.576932907104492,36479.111281488345,36479.11128148835,1.994554515881442e-14,1.3322676295501878e-14,NaN,35,LOCALLY_SOLVED,residual_tolerance_upper_bound
223,0.25539152868603804,ADMM,1.0,0.01,74.23019409179688,36645.14879203259,36479.11128148835,0.4551577730691413,6.360079130018903e-12,1.740383828584228,6,converged,gap_callback_with_solver_termination
223,0.25539152868603804,MEL-ADMM,1.0,0.01,12.626171112060547,36480.68568617946,36479.11128148835,0.004315907476355732,5.311751039016599e-12,0.008253482196074913,16,converged,gap_residual_and_feasibility
223,0.25539152868603804,sMEL-ADMM,1.0,0.01,1.378794,36479.79050268102,36479.11128148835,0.0018619455595414698,1.9989565558375944e-13,0.00817374454562092,39,converged,gap_residual_and_feasibility
224,0.6193980909925685,IPOPT,1.0,1.0e-10,13.300180435180664,36479.11128157022,36479.11128148835,2.2442727412697989e-10,1.5987211554602254e-14,NaN,33,INTERRUPTED,gap_and_residual
224,0.6193980909925685,MadNLP,1.0,0.01,18.970966339111328,36479.11128148832,36479.11128148835,7.978218063525768e-14,1.0658141036401503e-14,NaN,34,LOCALLY_SOLVED,residual_tolerance_upper_bound
224,0.6193980909925685,ADMM,1.0,0.01,69.61536407470703,36582.79625918374,36479.11128148835,0.2842310956955944,2.8761437675939305e-12,1.1596428209245353,6,converged,gap_callback_with_solver_termination
224,0.6193980909925685,MEL-ADMM,1.0,0.01,15.636682510375977,36480.88988081766,36479.11128148835,0.004875665187078973,2.0360380048600746e-12,0.0010519458528737147,19,converged,gap_residual_and_feasibility
224,0.6193980909925685,sMEL-ADMM,1.0,0.01,1.2528350000000001,36480.776291067654,36479.11128148835,0.004564282190027028,2.013944566670034e-13,0.009927223376813288,29,converged,gap_residual_and_feasibility
225,0.4249164772691855,IPOPT,1.0,1.0e-10,13.405084609985352,36479.11128157207,36479.11128148835,2.2949344259731874e-10,1.1546319456101628e-14,NaN,33,INTERRUPTED,gap_and_residual
225,0.4249164772691855,MadNLP,1.0,0.01,18.366098403930664,36479.11128148835,36479.11128148835,0.0,1.3322676295501878e-14,NaN,34,LOCALLY_SOLVED,residual_tolerance_upper_bound
225,0.4249164772691855,ADMM,1.0,0.01,68.1612491607666,36588.972055265236,36479.11128148835,0.30116077370731686,1.4838130724115217e-12,1.1342369965919987,6,converged,gap_callback_with_solver_termination
225,0.4249164772691855,MEL-ADMM,1.0,0.01,14.68515396118164,36481.103324585405,36479.11128148835,0.005460777489015347,3.4645064594940322e-12,0.009822655469778674,18,converged,gap_residual_and_feasibility
225,0.4249164772691855,sMEL-ADMM,1.0,0.01,1.3846189999999998,36480.18920440036,36479.11128148835,0.0029549045306812216,2.0067281170099704e-13,0.0074611461113285316,36,converged,gap_residual_and_feasibility
226,0.5242618047367972,IPOPT,1.0,1.0e-10,12.643098831176758,36479.111281572164,36479.11128148833,2.298125713198599e-10,1.2434497875801753e-14,NaN,33,INTERRUPTED,gap_and_residual
226,0.5242618047367972,MadNLP,1.0,0.01,17.409086227416992,36479.11128148833,36479.11128148833,0.0,1.2434497875801753e-14,NaN,34,LOCALLY_SOLVED,residual_tolerance_upper_bound
226,0.5242618047367972,ADMM,1.0,0.01,68.76254081726074,36588.972047883806,36479.11128148833,0.3011607534727011,2.4167334800040408e-12,1.1342369871641536,6,converged,gap_callback_with_solver_termination
226,0.5242618047367972,MEL-ADMM,1.0,0.01,14.454126358032227,36481.1033244861,36479.11128148833,0.005460777216858387,9.67559365960824e-13,0.009822655372951239,18,converged,gap_residual_and_feasibility
226,0.5242618047367972,sMEL-ADMM,1.0,0.01,1.150956,36480.6732837724,36479.11128148833,0.004281908821773699,2.0039525594484076e-13,0.00904597601551771,32,converged,gap_residual_and_feasibility
227,0.5096119509145286,IPOPT,1.0,1.0e-10,13.616085052490234,36479.111281572164,36479.11128148834,2.2979262577470104e-10,1.509903313490213e-14,NaN,33,INTERRUPTED,gap_and_residual
227,0.5096119509145286,MadNLP,1.0,0.01,17.729997634887695,36479.11128148834,36479.11128148834,0.0,1.1546319456101628e-14,NaN,34,LOCALLY_SOLVED,residual_tolerance_upper_bound
227,0.5096119509145286,ADMM,1.0,0.01,68.8018798828125,36588.972048407486,36479.11128148834,0.30116075490824173,1.460387366591931e-12,1.1342369892763111,6,converged,gap_callback_with_solver_termination
227,0.5096119509145286,MEL-ADMM,1.0,0.01,14.502763748168945,36481.103324403186,36479.11128148834,0.005460776989539008,1.2331247134511614e-12,0.009822655236540356,18,converged,gap_residual_and_feasibility
227,0.5096119509145286,sMEL-ADMM,1.0,0.01,1.1447939999999999,36480.66948240648,36479.11128148834,0.004271488156938809,2.000621890374532e-13,0.008965689081110284,32,converged,gap_residual_and_feasibility
228,0.3473542550483387,IPOPT,1.0,1.0e-10,12.895822525024414,36479.111281558304,36479.11128148834,1.9179636224715956e-10,1.2434497875801753e-14,NaN,34,INTERRUPTED,gap_and_residual
228,0.3473542550483387,MadNLP,1.0,0.01,17.439842224121094,36479.11128148835,36479.11128148834,3.989109031762886e-14,1.2434497875801753e-14,NaN,35,LOCALLY_SOLVED,residual_tolerance_upper_bound
228,0.3473542550483387,ADMM,1.0,0.01,69.15426254272461,36578.25660067275,36479.11128148834,0.27178655318482026,2.543576460567465e-12,1.176328980814417,6,converged,gap_callback_with_solver_termination
228,0.3473542550483387,MEL-ADMM,1.0,0.01,15.778541564941406,36480.88957878343,36479.11128148834,0.004874837222248373,3.5706437806481972e-12,0.0009658931114593372,19,converged,gap_residual_and_feasibility
228,0.3473542550483387,sMEL-ADMM,1.0,0.01,1.526543,36479.5700867669,36479.11128148834,0.001257720548677107,1.9972912213006566e-13,0.006706776362443989,35,converged,gap_residual_and_feasibility
229,0.26996113054038284,IPOPT,1.0,1.0e-10,13.489007949829102,36479.111281571466,36479.111281488345,2.27857907894296e-10,1.2434497875801753e-14,NaN,34,INTERRUPTED,gap_and_residual
229,0.26996113054038284,MadNLP,1.0,0.01,17.88020133972168,36479.11128148834,36479.111281488345,1.9945545158814427e-14,1.3322676295501878e-14,NaN,35,LOCALLY_SOLVED,residual_tolerance_upper_bound
229,0.26996113054038284,ADMM,1.0,0.01,76.09677314758301,36596.726150897324,36479.111281488345,0.3224170361536839,2.3458457398817245e-12,1.413004206243282,6,converged,gap_callback_with_solver_termination
229,0.26996113054038284,MEL-ADMM,1.0,0.01,13.374090194702148,36480.693044757994,36479.111281488345,0.004336079509841638,2.2678525724018073e-12,0.005573101498819177,16,converged,gap_residual_and_feasibility
229,0.26996113054038284,sMEL-ADMM,1.0,0.01,1.326748,36479.583041337086,36479.111281488345,0.0012932328452307294,2.0000667788622195e-13,0.008067670663610471,39,converged,gap_residual_and_feasibility
230,0.5346397293296712,IPOPT,1.0,1.0e-10,13.829946517944336,36479.11128157213,36479.11128148832,2.297327891392247e-10,1.1546319456101628e-14,NaN,33,INTERRUPTED,gap_and_residual
230,0.5346397293296712,MadNLP,1.0,0.01,17.828941345214844,36479.11128148836,36479.11128148832,9.972772579407219e-14,1.0658141036401503e-14,NaN,34,LOCALLY_SOLVED,residual_tolerance_upper_bound
230,0.5346397293296712,ADMM,1.0,0.01,69.75722312927246,36588.97204888782,36479.11128148832,0.3011607562250268,3.0819791163594346e-13,1.1342369918299982,6,converged,gap_callback_with_solver_termination
230,0.5346397293296712,MEL-ADMM,1.0,0.01,14.997482299804688,36481.103324677955,36479.11128148832,0.005460777742802468,5.945910430682488e-12,0.00982265542814087,18,converged,gap_residual_and_feasibility
230,0.5346397293296712,sMEL-ADMM,1.0,0.01,1.281998,36480.67600822378,36479.11128148832,0.00428937734634996,2.0017321133991572e-13,0.00910087915642066,32,converged,gap_residual_and_feasibility
231,0.2927911249310339,IPOPT,1.0,1.0e-10,13.494014739990234,36479.111281571604,36479.11128148833,2.282767643426312e-10,1.5987211554602254e-14,NaN,34,INTERRUPTED,gap_and_residual
231,0.2927911249310339,MadNLP,1.0,0.01,18.76211166381836,36479.111281488345,36479.11128148833,3.989109031762887e-14,1.1546319456101628e-14,NaN,35,LOCALLY_SOLVED,residual_tolerance_upper_bound
231,0.2927911249310339,ADMM,1.0,0.01,75.35624504089355,36558.430177982045,36479.11128148833,0.2174364827082987,4.0880632212747514e-12,1.1144441732557935,6,converged,gap_callback_with_solver_termination
231,0.2927911249310339,MEL-ADMM,1.0,0.01,12.99738883972168,36480.702519306215,36479.11128148833,0.00436205204015251,2.987110558905215e-12,0.0062098074777532375,16,converged,gap_residual_and_feasibility
231,0.2927911249310339,sMEL-ADMM,1.0,0.01,1.431789,36479.440535592454,36479.11128148833,0.0009025825809794156,1.9978463328129692e-13,0.007543451010679547,39,converged,gap_residual_and_feasibility
232,0.3301746232440883,IPOPT,1.0,1.0e-10,12.897014617919922,36479.11128157573,36479.111281488345,2.3954599735736126e-10,1.0658141036401503e-14,NaN,34,INTERRUPTED,gap_and_residual
232,0.3301746232440883,MadNLP,1.0,0.01,17.65894889831543,36479.11128148833,36479.111281488345,3.9891090317628855e-14,1.2434497875801753e-14,NaN,35,LOCALLY_SOLVED,residual_tolerance_upper_bound
232,0.3301746232440883,ADMM,1.0,0.01,70.8456039428711,36563.94864648012,36479.111281488345,0.23256423199879067,3.1441516057384433e-13,1.1445481914956446,6,converged,gap_callback_with_solver_termination
232,0.3301746232440883,MEL-ADMM,1.0,0.01,15.32292366027832,36480.819527439264,36479.111281488345,0.004682805833006186,2.5230928457631308e-12,0.0008884711234049547,19,converged,gap_residual_and_feasibility
232,0.3301746232440883,sMEL-ADMM,1.0,0.01,1.277124,36479.497890000406,36479.111281488345,0.0010598079242598295,1.9939605522267811e-13,0.009857749992487896,35,converged,gap_residual_and_feasibility
233,0.5144846310407235,IPOPT,1.0,1.0e-10,13.699054718017578,36479.11128157216,36479.11128148835,2.2973278913922452e-10,1.4210854715202004e-14,NaN,33,INTERRUPTED,gap_and_residual
233,0.5144846310407235,MadNLP,1.0,0.01,17.381906509399414,36479.11128148833,36479.11128148835,5.983663547644327e-14,1.509903313490213e-14,NaN,34,LOCALLY_SOLVED,residual_tolerance_upper_bound
233,0.5144846310407235,ADMM,1.0,0.01,70.0845718383789,36588.972048119605,36479.11128148835,0.3011607541190363,1.2959633366449452e-12,1.1342369899449949,6,converged,gap_callback_with_solver_termination
233,0.5144846310407235,MEL-ADMM,1.0,0.01,14.506340026855469,36481.10332456796,36479.11128148835,0.00546077744118593,3.102518242315e-12,0.009822655288981963,18,converged,gap_residual_and_feasibility
233,0.5144846310407235,sMEL-ADMM,1.0,0.01,1.2090429999999999,36480.67074511706,36479.11128148835,0.00427494961889974,2.0061730054976579e-13,0.008992820120464984,32,converged,gap_residual_and_feasibility
234,0.5810940887675267,IPOPT,1.0,1.0e-10,13.990163803100586,36479.11128157206,36479.11128148834,2.2951338814247766e-10,1.4210854715202004e-14,NaN,33,INTERRUPTED,gap_and_residual
234,0.5810940887675267,MadNLP,1.0,0.01,17.65298843383789,36479.11128148833,36479.11128148834,1.994554515881443e-14,1.2434497875801753e-14,NaN,34,LOCALLY_SOLVED,residual_tolerance_upper_bound
234,0.5810940887675267,ADMM,1.0,0.01,69.53144073486328,36590.96266847554,36479.11128148834,0.30661763145519405,4.015676680069191e-12,1.1139973989785723,6,converged,gap_callback_with_solver_termination
234,0.5810940887675267,MEL-ADMM,1.0,0.01,14.430522918701172,36481.07775793869,36479.11128148834,0.0053906917720114534,6.388223283693151e-13,0.009880731527847075,18,converged,gap_residual_and_feasibility
234,0.5810940887675267,sMEL-ADMM,1.0,0.01,1.281212,36480.68976277412,36479.11128148834,0.004327082624359068,2.0028423364237824e-13,0.009331593909346125,32,converged,gap_residual_and_feasibility
235,0.4142308251692761,IPOPT,1.0,1.0e-10,12.557029724121094,36479.11128157201,36479.11128148832,2.2941366041668366e-10,1.1546319456101628e-14,NaN,33,INTERRUPTED,gap_and_residual
235,0.4142308251692761,MadNLP,1.0,0.01,16.82877540588379,36479.11128148834,36479.11128148832,3.9891090317628874e-14,2.042810365310288e-14,NaN,34,LOCALLY_SOLVED,residual_tolerance_upper_bound
235,0.4142308251692761,ADMM,1.0,0.01,67.63505935668945,36588.97205620627,36479.11128148832,0.30116077628705396,1.1040057756872557e-12,1.1342369971670792,6,converged,gap_callback_with_solver_termination
235,0.4142308251692761,MEL-ADMM,1.0,0.01,14.615535736083984,36481.10332454908,36479.11128148832,0.005460777389526972,2.6083024629031115e-12,0.009822655195875107,18,converged,gap_residual_and_feasibility
235,0.4142308251692761,sMEL-ADMM,1.0,0.01,1.3164559999999998,36480.066684724145,36479.11128148832,0.0026190419729491157,2.0011770018868447e-13,0.009276223322959964,35,converged,gap_residual_and_feasibility
236,0.6736026595875437,IPOPT,1.0,1.0e-10,13.450145721435547,36479.11134601752,36479.11128148836,1.768934498153965e-7,1.3322676295501878e-14,NaN,33,INTERRUPTED,gap_and_residual
236,0.6736026595875437,MadNLP,1.0,0.01,17.935991287231445,36479.11128148834,36479.11128148836,5.983663547644325e-14,1.4210854715202004e-14,NaN,35,LOCALLY_SOLVED,residual_tolerance_upper_bound
236,0.6736026595875437,ADMM,1.0,0.01,71.36726379394531,36565.965883575096,36479.11128148836,0.238094073664594,4.691802502065912e-13,1.1231840133194764,6,converged,gap_callback_with_solver_termination
236,0.6736026595875437,MEL-ADMM,1.0,0.01,12.993335723876953,36480.66701804831,36479.11128148836,0.004264732624508769,1.1959322421262186e-12,0.006553449636641062,16,converged,gap_residual_and_feasibility
236,0.6736026595875437,sMEL-ADMM,1.0,0.01,1.316705,36480.72667304017,36479.11128148836,0.004428264546641334,2.0050627824730327e-13,0.00979893301718704,32,converged,gap_residual_and_feasibility
237,0.41628705442669245,IPOPT,1.0,1.0e-10,13.051986694335938,36479.111281572026,36479.11128148835,2.2937376932636585e-10,1.0658141036401503e-14,NaN,33,INTERRUPTED,gap_and_residual
237,0.41628705442669245,MadNLP,1.0,0.01,17.74883270263672,36479.11128148834,36479.11128148835,3.989109031762884e-14,1.865174681370263e-14,NaN,34,LOCALLY_SOLVED,residual_tolerance_upper_bound
237,0.41628705442669245,ADMM,1.0,0.01,70.08004188537598,36588.97205603032,36479.11128148835,0.30116077580463085,3.5704772471945034e-13,1.1342369942937927,6,converged,gap_callback_with_solver_termination
237,0.41628705442669245,MEL-ADMM,1.0,0.01,14.605522155761719,36481.103324719465,36479.11128148835,0.005460777856512017,7.0409789110215115e-12,0.00982265532692228,18,converged,gap_residual_and_feasibility
237,0.41628705442669245,sMEL-ADMM,1.0,0.01,1.431578,36480.086649701596,36479.11128148835,0.0026737718627979834,2.0061730054976579e-13,0.003573849523645478,36,converged,gap_residual_and_feasibility
238,0.28137939271995516,IPOPT,1.0,1.0e-10,14.138936996459961,36479.11128157154,36479.11128148832,2.2811719998136072e-10,1.1546319456101628e-14,NaN,34,INTERRUPTED,gap_and_residual
238,0.28137939271995516,MadNLP,1.0,0.01,17.488956451416016,36479.11128148835,36479.11128148832,7.978218063525775e-14,1.2434497875801753e-14,NaN,35,LOCALLY_SOLVED,residual_tolerance_upper_bound
238,0.28137939271995516,ADMM,1.0,0.01,72.96276092529297,36572.77952229305,36479.11128148832,0.2567722664128062,3.7199132663090495e-12,1.1859983707632118,6,converged,gap_callback_with_solver_termination
238,0.28137939271995516,MEL-ADMM,1.0,0.01,12.958049774169922,36480.69817403558,36479.11128148832,0.004350140372138156,2.064293180836785e-12,0.00492213772650274,16,converged,gap_residual_and_feasibility
238,0.28137939271995516,sMEL-ADMM,1.0,0.01,1.348543,36479.47495833624,36479.11128148832,0.0009969454713763123,1.9961809982760315e-13,0.007837815456054997,39,converged,gap_residual_and_feasibility
239,0.7465320160781802,IPOPT,1.0,1.0e-10,13.43989372253418,36479.11128156883,36479.111281488345,2.2063762054680518e-10,1.1546319456101628e-14,NaN,34,INTERRUPTED,gap_and_residual
239,0.7465320160781802,MadNLP,1.0,0.01,17.834901809692383,36479.111281488345,36479.111281488345,0.0,1.0658141036401503e-14,NaN,35,LOCALLY_SOLVED,residual_tolerance_upper_bound
239,0.7465320160781802,ADMM,1.0,0.01,86.85493469238281,36530.59180851234,36479.111281488345,0.14112330376348856,1.209587985329108e-12,0.83078721117759,7,converged,gap_callback_with_solver_termination
239,0.7465320160781802,MEL-ADMM,1.0,0.01,15.152692794799805,36480.514459930855,36479.111281488345,0.0038465258423708527,3.5436098499985746e-12,0.006570969669328797,19,converged,gap_residual_and_feasibility
239,0.7465320160781802,sMEL-ADMM,1.0,0.01,1.304373,36480.784263535126,36479.111281488345,0.004586137074095296,1.999511667349907e-13,0.005963518802692747,33,converged,gap_residual_and_feasibility
240,0.2998166579617305,IPOPT,1.0,1.0e-10,13.581991195678711,36479.11128157166,36479.11128148835,2.2837649206842514e-10,1.0658141036401503e-14,NaN,34,INTERRUPTED,gap_and_residual
240,0.2998166579617305,MadNLP,1.0,0.01,19.179821014404297,36479.11128148836,36479.11128148835,1.994554515881442e-14,1.2434497875801753e-14,NaN,35,LOCALLY_SOLVED,residual_tolerance_upper_bound
240,0.2998166579617305,ADMM,1.0,0.01,71.75755500793457,36553.479120118005,36479.11128148835,0.20386417326836306,1.6762702337302926e-12,1.114134337473022,6,converged,gap_callback_with_solver_termination
240,0.2998166579617305,MEL-ADMM,1.0,0.01,13.04769515991211,36480.70755197302,36479.11128148835,0.004375848063705306,3.0621616353698755e-12,0.0071410976011634375,16,converged,gap_residual_and_feasibility
240,0.2998166579617305,sMEL-ADMM,1.0,0.01,1.412789,36479.434830382976,36479.11128148835,0.0008869429195418283,2.0022872249114698e-13,0.007022853771832871,39,converged,gap_residual_and_feasibility
241,0.3372256878231097,IPOPT,1.0,1.0e-10,13.659000396728516,36479.11128155793,36479.11128148835,1.9073924835374233e-10,1.1546319456101628e-14,NaN,34,INTERRUPTED,gap_and_residual
241,0.3372256878231097,MadNLP,1.0,0.01,18.264055252075195,36479.111281488345,36479.11128148835,1.994554515881442e-14,1.3322676295501878e-14,NaN,35,LOCALLY_SOLVED,residual_tolerance_upper_bound
241,0.3372256878231097,ADMM,1.0,0.01,71.3663101196289,36569.52574846697,36479.11128148835,0.2478527129702853,2.544464638987165e-12,1.1622421623187478,6,converged,gap_callback_with_solver_termination
241,0.3372256878231097,MEL-ADMM,1.0,0.01,15.380382537841797,36480.84564793508,36479.11128148835,0.0047544098137235,2.8066438062523957e-13,0.0006988991982304071,19,converged,gap_residual_and_feasibility
241,0.3372256878231097,sMEL-ADMM,1.0,0.01,1.3969989999999999,36479.52545070422,36479.11128148835,0.0011353599397488517,2.0022872249114698e-13,0.008477913397832992,35,converged,gap_residual_and_feasibility
242,0.5037132504636119,IPOPT,1.0,1.0e-10,13.953924179077148,36479.11128157213,36479.11128148834,2.2969289804890697e-10,1.7763568394002505e-14,NaN,33,INTERRUPTED,gap_and_residual
242,0.5037132504636119,MadNLP,1.0,0.01,18.115997314453125,36479.111281488345,36479.11128148834,1.994554515881443e-14,1.3322676295501878e-14,NaN,34,LOCALLY_SOLVED,residual_tolerance_upper_bound
242,0.5037132504636119,ADMM,1.0,0.01,69.53859329223633,36588.97204792366,36479.11128148834,0.30116075358192285,1.7353896097915822e-12,1.134236987363069,6,converged,gap_callback_with_solver_termination
242,0.5037132504636119,MEL-ADMM,1.0,0.01,14.456033706665039,36481.1033245011,36479.11128148834,0.005460777257946209,1.2774226121337051e-12,0.009822655247559986,18,converged,gap_residual_and_feasibility
242,0.5037132504636119,sMEL-ADMM,1.0,0.01,1.362336,36480.66796700068,36479.11128148834,0.004267333982803767,2.0050627824730327e-13,0.008932376958565413,32,converged,gap_residual_and_feasibility
243,0.46696383381739276,IPOPT,1.0,1.0e-10,12.542009353637695,36479.111281572106,36479.11128148833,2.296530069585894e-10,1.4210854715202004e-14,NaN,33,INTERRUPTED,gap_and_residual
243,0.46696383381739276,MadNLP,1.0,0.01,17.07601547241211,36479.111281488345,36479.11128148833,3.989109031762887e-14,1.4210854715202004e-14,NaN,34,LOCALLY_SOLVED,residual_tolerance_upper_bound
243,0.46696383381739276,ADMM,1.0,0.01,66.74838066101074,36588.97204817808,36479.11128148833,0.30116075427939865,5.169198402654729e-13,1.1342369853375178,6,converged,gap_callback_with_solver_termination
243,0.46696383381739276,MEL-ADMM,1.0,0.01,14.609575271606445,36481.10332453385,36479.11128148833,0.005460777347741054,2.195688075801172e-12,0.009822655390435031,18,converged,gap_residual_and_feasibility
243,0.46696383381739276,sMEL-ADMM,1.0,0.01,1.183086,36480.57725516946,36479.11128148833,0.004018666106797133,2.0028423364237824e-13,0.00620212936641984,33,converged,gap_residual_and_feasibility
244,0.45113638436686115,IPOPT,1.0,1.0e-10,13.103008270263672,36479.111281572106,36479.11128148835,2.295931703231128e-10,1.3322676295501878e-14,NaN,33,INTERRUPTED,gap_and_residual
244,0.45113638436686115,MadNLP,1.0,0.01,17.416000366210938,36479.11128148834,36479.11128148835,3.989109031762884e-14,1.2434497875801753e-14,NaN,34,LOCALLY_SOLVED,residual_tolerance_upper_bound
244,0.45113638436686115,ADMM,1.0,0.01,69.05412673950195,36588.97205510234,36479.11128148835,0.301160773260776,1.6978640715592519e-12,1.1342369983984062,6,converged,gap_callback_with_solver_termination
244,0.45113638436686115,MEL-ADMM,1.0,0.01,14.68038558959961,36481.1033245464,36479.11128148835,0.005460777382087279,2.5493496202955157e-12,0.009822655204254183,18,converged,gap_residual_and_feasibility
244,0.45113638436686115,sMEL-ADMM,1.0,0.01,1.255541,36480.41931388208,36479.11128148835,0.0035857024685480438,2.0022872249114698e-13,0.00913569658069835,36,converged,gap_residual_and_feasibility
245,0.47983283287436007,IPOPT,1.0,1.0e-10,13.308048248291016,36479.111281572106,36479.11128148834,2.2963306141343055e-10,1.0658141036401503e-14,NaN,33,INTERRUPTED,gap_and_residual
245,0.47983283287436007,MadNLP,1.0,0.01,17.602920532226562,36479.11128148831,36479.11128148834,7.978218063525772e-14,1.3322676295501878e-14,NaN,34,LOCALLY_SOLVED,residual_tolerance_upper_bound
245,0.47983283287436007,ADMM,1.0,0.01,69.06366348266602,36588.97204751323,36479.11128148834,0.30116075245681456,3.2240876635114546e-13,1.1342369860677204,6,converged,gap_callback_with_solver_termination
245,0.47983283287436007,MEL-ADMM,1.0,0.01,14.367818832397461,36481.1033245436,36479.11128148834,0.005460777374448138,2.4559243527733088e-12,0.009822655371134914,18,converged,gap_residual_and_feasibility
245,0.47983283287436007,sMEL-ADMM,1.0,0.01,1.337583,36480.662566783445,36479.11128148834,0.004252530395098058,2.007283228522283e-13,0.008802617854716033,32,converged,gap_residual_and_feasibility
246,0.5550093267898306,IPOPT,1.0,1.0e-10,13.471841812133789,36479.11128157212,36479.11128148832,2.2971284359406588e-10,1.0658141036401503e-14,NaN,33,INTERRUPTED,gap_and_residual
246,0.5550093267898306,MadNLP,1.0,0.01,17.756938934326172,36479.11128148833,36479.11128148832,1.9945545158814437e-14,1.0658141036401503e-14,NaN,34,LOCALLY_SOLVED,residual_tolerance_upper_bound
246,0.5550093267898306,ADMM,1.0,0.01,69.66519355773926,36588.97205157671,36479.11128148832,0.3011607635960626,4.028999356364693e-13,1.1342369936244605,6,converged,gap_callback_with_solver_termination
246,0.5550093267898306,MEL-ADMM,1.0,0.01,14.497518539428711,36481.103324722026,36479.11128148832,0.005460777863612635,7.114642208705391e-12,0.009822655280250281,18,converged,gap_residual_and_feasibility
246,0.5550093267898306,sMEL-ADMM,1.0,0.01,1.2354589999999999,36480.68186136021,36479.11128148832,0.004305422519110418,1.9984014443252818e-13,0.009204594228622298,32,converged,gap_residual_and_feasibility
247,0.42798178189256547,IPOPT,1.0,1.0e-10,12.730836868286133,36479.111281572055,36479.11128148834,2.2949344259731884e-10,1.0658141036401503e-14,NaN,33,INTERRUPTED,gap_and_residual
247,0.42798178189256547,MadNLP,1.0,0.01,17.122983932495117,36479.11128148837,36479.11128148834,7.978218063525772e-14,1.2434497875801753e-14,NaN,34,LOCALLY_SOLVED,residual_tolerance_upper_bound
247,0.42798178189256547,ADMM,1.0,0.01,67.68536567687988,36588.97205617558,36479.11128148834,0.3011607762028837,4.699018951725975e-13,1.1342370003840747,6,converged,gap_callback_with_solver_termination
247,0.42798178189256547,MEL-ADMM,1.0,0.01,14.442205429077148,36481.10332457218,36479.11128148834,0.00546077745279424,3.217037747305085e-12,0.009822655233862498,18,converged,gap_residual_and_feasibility
247,0.42798178189256547,sMEL-ADMM,1.0,0.01,1.104126,36480.225761597285,36479.11128148834,0.0030551185864889467,2.0017321133991572e-13,0.008906023581296552,36,converged,gap_residual_and_feasibility
248,0.3384265345407792,IPOPT,1.0,1.0e-10,12.893915176391602,36479.11128148835,36479.11128148835,0.0,1.687538997430238e-14,NaN,34,INTERRUPTED,gap_and_residual
248,0.3384265345407792,MadNLP,1.0,0.01,17.61913299560547,36479.11128148834,36479.11128148835,3.989109031762884e-14,1.2434497875801753e-14,NaN,35,LOCALLY_SOLVED,residual_tolerance_upper_bound
248,0.3384265345407792,ADMM,1.0,0.01,70.90353965759277,36570.532214492094,36479.11128148835,0.2506117331047301,4.076738946423575e-13,1.1650452932011346,6,converged,gap_callback_with_solver_termination
248,0.3384265345407792,MEL-ADMM,1.0,0.01,16.31474494934082,36480.85008457402,36479.11128148835,0.004766571949217647,5.589917417836432e-12,0.0006982063820224482,19,converged,gap_residual_and_feasibility
248,0.3384265345407792,sMEL-ADMM,1.0,0.01,1.71054,36479.530442664916,36479.11128148835,0.001149044375914813,2.0000667788622195e-13,0.008197205958010656,35,converged,gap_residual_and_feasibility
249,0.5983604855497067,IPOPT,1.0,1.0e-10,14.384984970092773,36479.111281571946,36479.111281488345,2.2917431387477775e-10,1.1546319456101628e-14,NaN,33,INTERRUPTED,gap_and_residual
249,0.5983604855497067,MadNLP,1.0,0.01,19.253969192504883,36479.11128148833,36479.111281488345,3.9891090317628855e-14,1.3322676295501878e-14,NaN,34,LOCALLY_SOLVED,residual_tolerance_upper_bound
249,0.5983604855497067,ADMM,1.0,0.01,72.36194610595703,36599.39610368126,36479.111281488345,0.3297361639781937,2.310818203454801e-12,1.1511929218208934,6,converged,gap_callback_with_solver_termination
249,0.5983604855497067,MEL-ADMM,1.0,0.01,15.2130126953125,36480.95448311274,36479.111281488345,0.005052759126103619,2.6182389589735067e-12,0.00992696169152918,18,converged,gap_residual_and_feasibility
249,0.5983604855497067,sMEL-ADMM,1.0,0.01,0.9604159999999999,36480.76486865462,36479.111281488345,0.0045329699879977205,2.0083934515469082e-13,0.009923763941674935,29,converged,gap_residual_and_feasibility
250,0.4189195505092382,IPOPT,1.0,1.0e-10,12.791872024536133,36479.11128157201,36479.11128148836,2.2931393269088937e-10,1.2434497875801753e-14,NaN,33,INTERRUPTED,gap_and_residual
250,0.4189195505092382,MadNLP,1.0,0.01,17.064809799194336,36479.111281488345,36479.11128148836,3.9891090317628836e-14,1.3322676295501878e-14,NaN,34,LOCALLY_SOLVED,residual_tolerance_upper_bound
250,0.4189195505092382,ADMM,1.0,0.01,68.32432746887207,36588.97205543364,36479.11128148836,0.3011607741689365,3.97015753605956e-13,1.13423699374093,6,converged,gap_callback_with_solver_termination
250,0.4189195505092382,MEL-ADMM,1.0,0.01,14.949321746826172,36481.10332459408,36479.11128148836,0.00546077751277049,3.760214362102943e-12,0.009822655268656,18,converged,gap_residual_and_feasibility
250,0.4189195505092382,sMEL-ADMM,1.0,0.01,1.331167,36480.11710548833,36479.11128148836,0.002757260154199968,1.9978463328129692e-13,0.004824033515392401,36,converged,gap_residual_and_feasibility
251,0.6712703164727085,IPOPT,1.0,1.0e-10,13.831138610839844,36479.11128155974,36479.11128148833,1.9574558018860486e-10,1.4210854715202004e-14,NaN,34,INTERRUPTED,gap_and_residual
251,0.6712703164727085,MadNLP,1.0,0.01,17.971038818359375,36479.11128148834,36479.11128148833,1.9945545158814434e-14,1.2434497875801753e-14,NaN,35,LOCALLY_SOLVED,residual_tolerance_upper_bound
251,0.6712703164727085,ADMM,1.0,0.01,72.39818572998047,36563.67937913369,36479.11128148833,0.23182609080795652,3.61755070343861e-12,1.123185383027062,6,converged,gap_callback_with_solver_termination
251,0.6712703164727085,MEL-ADMM,1.0,0.01,13.196945190429688,36480.66948837819,36479.11128148833,0.004271504527165216,6.273315200644447e-12,0.006893927442525261,16,converged,gap_residual_and_feasibility
251,0.6712703164727085,sMEL-ADMM,1.0,0.01,1.228165,36480.72523325969,36479.11128148833,0.004424317683909757,2.0039525594484076e-13,0.009785981198595195,32,converged,gap_residual_and_feasibility
252,0.2627950950875338,IPOPT,1.0,1.0e-10,14.739036560058594,36479.11128157143,36479.11128148832,2.2781801680397852e-10,1.2434497875801753e-14,NaN,34,INTERRUPTED,gap_and_residual
252,0.2627950950875338,MadNLP,1.0,0.01,18.53203773498535,36479.11128148833,36479.11128148832,1.9945545158814437e-14,1.509903313490213e-14,NaN,35,LOCALLY_SOLVED,residual_tolerance_upper_bound
252,0.2627950950875338,ADMM,1.0,0.01,77.01325416564941,36617.838061441704,36479.11128148832,0.3802910078672295,7.858824702111633e-12,1.5750570673336717,6,converged,gap_callback_with_solver_termination
252,0.2627950950875338,MEL-ADMM,1.0,0.01,13.890266418457031,36480.688221901,36479.11128148832,0.004322858636846809,2.3012147742917932e-12,0.006865623515971642,16,converged,gap_residual_and_feasibility
252,0.2627950950875338,sMEL-ADMM,1.0,0.01,1.3838730000000001,36479.68408838887,36479.11128148832,0.0015702326082700268,2.000621890374532e-13,0.00812485677996122,39,converged,gap_residual_and_feasibility
253,0.3055494632788493,IPOPT,1.0,1.0e-10,13.247966766357422,36479.111281571706,36479.11128148835,2.2849616533937803e-10,1.0658141036401503e-14,NaN,34,INTERRUPTED,gap_and_residual
253,0.3055494632788493,MadNLP,1.0,0.01,17.80390739440918,36479.11128148834,36479.11128148835,3.989109031762884e-14,1.1546319456101628e-14,NaN,35,LOCALLY_SOLVED,residual_tolerance_upper_bound
253,0.3055494632788493,ADMM,1.0,0.01,72.77083396911621,36551.477916596246,36479.11128148835,0.1983782843542484,7.220890552162018e-13,1.1135851499977072,6,converged,gap_callback_with_solver_termination
253,0.3055494632788493,MEL-ADMM,1.0,0.01,13.305902481079102,36480.71406778183,36479.11128148835,0.004393709816862247,4.9348858333075896e-12,0.007857557972036133,16,converged,gap_residual_and_feasibility
253,0.3055494632788493,sMEL-ADMM,1.0,0.01,1.454996,36479.43632779196,36479.11128148835,0.0008910477590889592,2.0011770018868447e-13,0.006314540624908105,39,converged,gap_residual_and_feasibility
254,0.4834253725518465,IPOPT,1.0,1.0e-10,14.525890350341797,36479.11128157212,36479.11128148834,2.2967295250374818e-10,1.0658141036401503e-14,NaN,33,INTERRUPTED,gap_and_residual
254,0.4834253725518465,MadNLP,1.0,0.01,17.105817794799805,36479.11128148834,36479.11128148834,0.0,1.1546319456101628e-14,NaN,34,LOCALLY_SOLVED,residual_tolerance_upper_bound
254,0.4834253725518465,ADMM,1.0,0.01,67.9774284362793,36588.97204687975,36479.11128148834,0.30116075072027565,2.2267188093394452e-12,1.1342369831820767,6,converged,gap_callback_with_solver_termination
254,0.4834253725518465,MEL-ADMM,1.0,0.01,14.746427536010742,36481.1033245203,36479.11128148834,0.005460777310582502,1.892486167776042e-12,0.009822655428634697,18,converged,gap_residual_and_feasibility
254,0.4834253725518465,sMEL-ADMM,1.0,0.01,1.115252,36480.66366667117,36479.11128148834,0.004255545511660319,2.0061730054976579e-13,0.008818901030037907,32,converged,gap_residual_and_feasibility
255,0.6797794435525369,IPOPT,1.0,1.0e-10,13.103961944580078,36479.11134600983,36479.11128148834,1.768724272107992e-7,1.3322676295501878e-14,NaN,33,INTERRUPTED,gap_and_residual
255,0.6797794435525369,MadNLP,1.0,0.01,18.659114837646484,36479.11128148833,36479.11128148834,1.994554515881443e-14,1.1546319456101628e-14,NaN,35,LOCALLY_SOLVED,residual_tolerance_upper_bound
255,0.6797794435525369,ADMM,1.0,0.01,73.58288764953613,36574.017121526434,36479.11128148834,0.2601648908213869,3.749001109554229e-12,1.1222593993852694,6,converged,gap_callback_with_solver_termination
255,0.6797794435525369,MEL-ADMM,1.0,0.01,12.61591911315918,36480.66145142806,36479.11128148834,0.0042494728771191115,6.337153024560394e-13,0.0056217613728675175,16,converged,gap_residual_and_feasibility
255,0.6797794435525369,sMEL-ADMM,1.0,0.01,1.252624,36480.73049298534,36479.11128148834,0.004438736142744919,2.007283228522283e-13,0.009833482752821254,32,converged,gap_residual_and_feasibility
256,0.4028585468043285,IPOPT,1.0,1.0e-10,13.374090194702148,36479.111281571946,36479.11128148835,2.291543683296189e-10,1.687538997430238e-14,NaN,33,INTERRUPTED,gap_and_residual
256,0.4028585468043285,MadNLP,1.0,0.01,17.367839813232422,36479.11128148834,36479.11128148835,3.989109031762884e-14,1.3322676295501878e-14,NaN,34,LOCALLY_SOLVED,residual_tolerance_upper_bound
256,0.4028585468043285,ADMM,1.0,0.01,69.92673873901367,36588.9720570243,36479.11128148835,0.3011607785294316,2.201239190924298e-12,1.1342369985039964,6,converged,gap_callback_with_solver_termination
256,0.4028585468043285,MEL-ADMM,1.0,0.01,14.56451416015625,36481.103324649586,36479.11128148835,0.005460777664955001,5.387579271598497e-12,0.00982265569192986,18,converged,gap_residual_and_feasibility
256,0.4028585468043285,sMEL-ADMM,1.0,0.01,1.558166,36479.94016090836,36479.11128148835,0.0022722028878644114,2.0039525594484076e-13,0.00341417888065898,35,converged,gap_residual_and_feasibility
257,0.39327786756451455,IPOPT,1.0,1.0e-10,13.653039932250977,36479.111281571895,36479.11128148835,2.290147495135072e-10,1.0658141036401503e-14,NaN,33,INTERRUPTED,gap_and_residual
257,0.39327786756451455,MadNLP,1.0,0.01,17.588138580322266,36479.11128148836,36479.11128148835,1.994554515881442e-14,1.1546319456101628e-14,NaN,34,LOCALLY_SOLVED,residual_tolerance_upper_bound
257,0.39327786756451455,ADMM,1.0,0.01,69.7331428527832,36588.97205693629,36479.11128148835,0.30116077828817034,1.5559220578609256e-12,1.134236997363364,6,converged,gap_callback_with_solver_termination
257,0.39327786756451455,MEL-ADMM,1.0,0.01,14.728307723999023,36481.10332446634,36479.11128148835,0.005460777162626446,6.595279877785742e-13,0.009822655710546968,18,converged,gap_residual_and_feasibility
257,0.39327786756451455,sMEL-ADMM,1.0,0.01,1.230792,36479.83931232349,36479.11128148835,0.0019957471812355656,2.007283228522283e-13,0.0057764875040788866,34,converged,gap_residual_and_feasibility
258,0.6962529467907085,IPOPT,1.0,1.0e-10,12.920856475830078,36479.11128157191,36479.11128148834,2.2909453169414254e-10,1.2434497875801753e-14,NaN,34,INTERRUPTED,gap_and_residual
258,0.6962529467907085,MadNLP,1.0,0.01,17.637968063354492,36479.111281488345,36479.11128148834,1.994554515881443e-14,1.3322676295501878e-14,NaN,35,LOCALLY_SOLVED,residual_tolerance_upper_bound
258,0.6962529467907085,ADMM,1.0,0.01,74.32436943054199,36610.537462414424,36479.11128148834,0.36027791332948267,8.870015832940226e-12,1.4457656209702745,6,converged,gap_callback_with_solver_termination
258,0.6962529467907085,MEL-ADMM,1.0,0.01,12.951850891113281,36480.65371025481,36479.11128148834,0.004228252038734774,3.82804898890754e-13,0.0055139859380126666,16,converged,gap_residual_and_feasibility
258,0.6962529467907085,sMEL-ADMM,1.0,0.01,1.325247,36480.74065788883,36479.11128148834,0.004466601140367666,2.0039525594484076e-13,0.00993383417933913,32,converged,gap_residual_and_feasibility
259,0.3565415569247268,IPOPT,1.0,1.0e-10,12.774944305419922,36479.111281570564,36479.11128148833,2.2542455138492075e-10,1.1546319456101628e-14,NaN,32,INTERRUPTED,gap_and_residual
259,0.3565415569247268,MadNLP,1.0,0.01,17.084121704101562,36479.111281488345,36479.11128148833,3.989109031762887e-14,1.2434497875801753e-14,NaN,33,LOCALLY_SOLVED,residual_tolerance_upper_bound
259,0.3565415569247268,ADMM,1.0,0.01,70.89757919311523,36585.99546484266,36479.11128148833,0.2930010617023061,1.6924239787385886e-12,1.168888461487322,6,converged,gap_callback_with_solver_termination
259,0.3565415569247268,MEL-ADMM,1.0,0.01,15.27714729309082,36480.93717090732,36479.11128148833,0.005005301266515003,5.579203765648799e-12,0.0012264417161969021,19,converged,gap_residual_and_feasibility
259,0.3565415569247268,sMEL-ADMM,1.0,0.01,1.1348770000000001,36479.617838602535,36479.11128148833,0.001388622409946428,2.0017321133991572e-13,0.008889833442568218,35,converged,gap_residual_and_feasibility
260,0.3500717947685909,IPOPT,1.0,1.0e-10,12.67695426940918,36479.11134600617,36479.11128148834,1.7686239460158433e-7,1.3322676295501878e-14,NaN,33,INTERRUPTED,gap_and_residual
260,0.3500717947685909,MadNLP,1.0,0.01,17.544984817504883,36479.111281488345,36479.11128148834,1.994554515881443e-14,1.0658141036401503e-14,NaN,35,LOCALLY_SOLVED,residual_tolerance_upper_bound
260,0.3500717947685909,ADMM,1.0,0.01,68.3600902557373,36580.65310300807,36479.11128148834,0.2783560727019779,3.14664960754385e-12,1.1785115974632738,6,converged,gap_callback_with_solver_termination
260,0.3500717947685909,MEL-ADMM,1.0,0.01,15.470027923583984,36480.90308119755,36479.11128148834,0.004911851320579392,1.2813083927198932e-12,0.0010649150879888936,19,converged,gap_residual_and_feasibility
260,0.3500717947685909,sMEL-ADMM,1.0,0.01,1.241963,36479.58381450516,36479.11128148834,0.0012953523269135054,2.0050627824730327e-13,0.00739194363970519,35,converged,gap_residual_and_feasibility
261,0.32596808504981944,IPOPT,1.0,1.0e-10,13.028144836425781,36479.111346014055,36479.111281488345,1.7688399562699128e-7,1.1546319456101628e-14,NaN,33,INTERRUPTED,gap_and_residual
261,0.32596808504981944,MadNLP,1.0,0.01,17.926931381225586,36479.11128148832,36479.111281488345,5.983663547644328e-14,1.1546319456101628e-14,NaN,35,LOCALLY_SOLVED,residual_tolerance_upper_bound
261,0.32596808504981944,ADMM,1.0,0.01,73.36640357971191,36560.96241830973,36479.111281488345,0.22437810008524994,3.859967900865513e-12,1.1433848264299051,6,converged,gap_callback_with_solver_termination
261,0.32596808504981944,MEL-ADMM,1.0,0.01,15.197038650512695,36480.803011790165,36479.111281488345,0.004637531569137761,4.223843497186408e-12,0.0010924928608089246,19,converged,gap_residual_and_feasibility
261,0.32596808504981944,sMEL-ADMM,1.0,0.01,1.459417,36479.45727648111,36479.111281488345,0.0009484742928463656,1.9972912213006566e-13,0.007974159381289425,36,converged,gap_residual_and_feasibility
262,0.48944470703767345,IPOPT,1.0,1.0e-10,12.974023818969727,36479.11128157212,36479.11128148834,2.2967295250374818e-10,1.865174681370263e-14,NaN,33,INTERRUPTED,gap_and_residual
262,0.48944470703767345,MadNLP,1.0,0.01,17.218828201293945,36479.11128148835,36479.11128148834,3.989109031762886e-14,1.687538997430238e-14,NaN,34,LOCALLY_SOLVED,residual_tolerance_upper_bound
262,0.48944470703767345,ADMM,1.0,0.01,69.61894035339355,36588.97204791686,36479.11128148834,0.3011607535632937,1.4822587601770465e-12,1.1342369877852185,6,converged,gap_callback_with_solver_termination
262,0.48944470703767345,MEL-ADMM,1.0,0.01,14.542102813720703,36481.103324467156,36479.11128148834,0.00546077716490024,4.716782520119978e-13,0.009822655131433322,18,converged,gap_residual_and_feasibility
262,0.48944470703767345,sMEL-ADMM,1.0,0.01,0.964872,36480.66499546585,36479.11128148834,0.004259188129673414,2.0039525594484076e-13,0.008851392892923471,32,converged,gap_residual_and_feasibility
263,0.6882311491072943,IPOPT,1.0,1.0e-10,12.901782989501953,36479.11128157197,36479.11128148834,2.2925409605541306e-10,1.1546319456101628e-14,NaN,34,INTERRUPTED,gap_and_residual
263,0.6882311491072943,MadNLP,1.0,0.01,17.501115798950195,36479.11128148836,36479.11128148834,5.983663547644329e-14,1.0658141036401503e-14,NaN,35,LOCALLY_SOLVED,residual_tolerance_upper_bound
263,0.6882311491072943,ADMM,1.0,0.01,73.46463203430176,36589.95435538828,36479.11128148834,0.3038535479788219,1.9168000520153328e-12,1.2729903578411328,6,converged,gap_callback_with_solver_termination
263,0.6882311491072943,MEL-ADMM,1.0,0.01,13.257503509521484,36480.65888185376,36479.11128148834,0.004242428916309206,6.081690706594145e-12,0.004970656363909143,16,converged,gap_residual_and_feasibility
263,0.6882311491072943,sMEL-ADMM,1.0,0.01,1.193708,36480.73571087888,36479.11128148834,0.0044530399274406215,2.007283228522283e-13,0.009884189610161798,32,converged,gap_residual_and_feasibility
264,0.7226450807363964,IPOPT,1.0,1.0e-10,13.469934463500977,36479.11128157178,36479.11128148831,2.2881529406191933e-10,1.1546319456101628e-14,NaN,34,INTERRUPTED,gap_and_residual
264,0.7226450807363964,MadNLP,1.0,0.01,19.00506019592285,36479.11128148834,36479.11128148831,7.978218063525779e-14,1.4210854715202004e-14,NaN,35,LOCALLY_SOLVED,residual_tolerance_upper_bound
264,0.7226450807363964,ADMM,1.0,0.01,75.67477226257324,36732.959681743545,36479.11128148831,0.6958733130761708,2.747468919039875e-12,2.057231988384319,6,converged,gap_callback_with_solver_termination
264,0.7226450807363964,MEL-ADMM,1.0,0.01,15.154123306274414,36480.55559536718,36479.11128148831,0.003959290202344083,3.4143798899322064e-12,0.005284661864114248,19,converged,gap_residual_and_feasibility
264,0.7226450807363964,sMEL-ADMM,1.0,0.01,1.271124,36480.768385121766,36479.11128148831,0.0045426096613764505,2.0028423364237824e-13,0.005856449321365531,33,converged,gap_residual_and_feasibility
265,0.6331566358156436,IPOPT,1.0,1.0e-10,12.887001037597656,36479.11128148833,36479.11128148833,0.0,1.2434497875801753e-14,NaN,34,INTERRUPTED,gap_and_residual
265,0.6331566358156436,MadNLP,1.0,0.01,17.500877380371094,36479.11128148834,36479.11128148833,1.9945545158814434e-14,1.1546319456101628e-14,NaN,35,LOCALLY_SOLVED,residual_tolerance_upper_bound
265,0.6331566358156436,ADMM,1.0,0.01,68.52555274963379,36572.050786690415,36479.11128148833,0.2547745872560431,6.264988527959758e-13,1.1670629298654323,6,converged,gap_callback_with_solver_termination
265,0.6331566358156436,MEL-ADMM,1.0,0.01,15.125513076782227,36480.82748915799,36479.11128148833,0.004704631251620319,3.3252289810548064e-12,0.000706251066944219,19,converged,gap_residual_and_feasibility
265,0.6331566358156436,sMEL-ADMM,1.0,0.01,1.18492,36480.705986196386,36479.11128148833,0.004371555808336285,2.0117241206207837e-13,0.009585596043317324,32,converged,gap_residual_and_feasibility
266,0.6839256205636437,IPOPT,1.0,1.0e-10,13.916015625,36479.111281572,36479.11128148835,2.292939871457306e-10,1.509903313490213e-14,NaN,34,INTERRUPTED,gap_and_residual
266,0.6839256205636437,MadNLP,1.0,0.01,17.847061157226562,36479.111281488316,36479.11128148835,9.972772579407211e-14,1.4210854715202004e-14,NaN,35,LOCALLY_SOLVED,residual_tolerance_upper_bound
266,0.6839256205636437,ADMM,1.0,0.01,74.69940185546875,36581.11149729727,36479.11128148835,0.2796126666075883,3.720912467031212e-12,1.1824021401418179,6,converged,gap_callback_with_solver_termination
266,0.6839256205636437,MEL-ADMM,1.0,0.01,13.211727142333984,36480.65999237062,36479.11128148835,0.0042454731704407835,3.4372504842394846e-13,0.0049989123789302425,16,converged,gap_residual_and_feasibility
266,0.6839256205636437,sMEL-ADMM,1.0,0.01,1.2605,36480.73305283021,36479.11128148835,0.004445753432272108,2.0039525594484076e-13,0.00985809396958004,32,converged,gap_residual_and_feasibility
267,0.5137173009235241,IPOPT,1.0,1.0e-10,13.148069381713867,36479.11128157215,36479.11128148834,2.297527346843834e-10,1.2434497875801753e-14,NaN,33,INTERRUPTED,gap_and_residual
267,0.5137173009235241,MadNLP,1.0,0.01,17.9140567779541,36479.11128148833,36479.11128148834,1.994554515881443e-14,1.1546319456101628e-14,NaN,34,LOCALLY_SOLVED,residual_tolerance_upper_bound
267,0.5137173009235241,ADMM,1.0,0.01,68.2990550994873,36588.9720481936,36479.11128148834,0.3011607543219225,2.405409205152864e-12,1.1342369886798114,6,converged,gap_callback_with_solver_termination
267,0.5137173009235241,MEL-ADMM,1.0,0.01,14.568567276000977,36481.103324628944,36479.11128148834,0.005460777608409383,4.684141963195998e-12,0.00982265534113047,18,converged,gap_residual_and_feasibility
267,0.5137173009235241,sMEL-ADMM,1.0,0.01,1.238461,36480.670546382746,36479.11128148834,0.004274404829590234,1.999511667349907e-13,0.0089885736355928,32,converged,gap_residual_and_feasibility
268,0.3951591046151555,IPOPT,1.0,1.0e-10,12.654781341552734,36479.11128157192,36479.11128148834,2.2911447723930135e-10,9.769962616701378e-15,NaN,33,INTERRUPTED,gap_and_residual
268,0.3951591046151555,MadNLP,1.0,0.01,17.248868942260742,36479.111281488345,36479.11128148834,1.994554515881443e-14,1.4210854715202004e-14,NaN,34,LOCALLY_SOLVED,residual_tolerance_upper_bound
268,0.3951591046151555,ADMM,1.0,0.01,68.02654266357422,36588.97205712894,36479.11128148834,0.30116077881632847,2.369604512608703e-12,1.1342369944013981,6,converged,gap_callback_with_solver_termination
268,0.3951591046151555,MEL-ADMM,1.0,0.01,14.329195022583008,36481.10332440139,36479.11128148834,0.005460776984612458,1.068978239260332e-12,0.009822655632559574,18,converged,gap_residual_and_feasibility
268,0.3951591046151555,sMEL-ADMM,1.0,0.01,1.2714180000000002,36479.85708551582,36479.11128148834,0.0020444687419182627,2.0011770018868447e-13,0.006710154663302603,34,converged,gap_residual_and_feasibility
269,0.3082785790806658,IPOPT,1.0,1.0e-10,12.889862060546875,36479.11128157169,36479.11128148832,2.2853605642969584e-10,1.509903313490213e-14,NaN,34,INTERRUPTED,gap_and_residual
269,0.3082785790806658,MadNLP,1.0,0.01,17.436981201171875,36479.11128148834,36479.11128148832,3.9891090317628874e-14,1.1546319456101628e-14,NaN,35,LOCALLY_SOLVED,residual_tolerance_upper_bound
269,0.3082785790806658,ADMM,1.0,0.01,71.9308853149414,36550.96169142977,36479.11128148832,0.1969631589624571,3.9523939676655573e-13,1.1133598712338788,6,converged,gap_callback_with_solver_termination
269,0.3082785790806658,MEL-ADMM,1.0,0.01,12.863874435424805,36480.716711412635,36479.11128148832,0.00440095678845706,1.4790391134056335e-12,0.00818780662450802,16,converged,gap_residual_and_feasibility
269,0.3082785790806658,sMEL-ADMM,1.0,0.01,1.4540829999999998,36479.43829995534,36479.11128148832,0.0008964540404912628,1.9972912213006566e-13,0.005917394725615921,39,converged,gap_residual_and_feasibility
270,0.431088760907819,IPOPT,1.0,1.0e-10,12.745141983032227,36479.11128157203,36479.11128148833,2.2945355150700126e-10,1.509903313490213e-14,NaN,33,INTERRUPTED,gap_and_residual
270,0.431088760907819,MadNLP,1.0,0.01,17.48800277709961,36479.11128148834,36479.11128148833,1.9945545158814434e-14,1.2434497875801753e-14,NaN,34,LOCALLY_SOLVED,residual_tolerance_upper_bound
270,0.431088760907819,ADMM,1.0,0.01,68.88771057128906,36588.97205549517,36479.11128148833,0.301160774337696,1.8725576644840203e-12,1.1342369939448682,6,converged,gap_callback_with_solver_termination
270,0.431088760907819,MEL-ADMM,1.0,0.01,14.576196670532227,36481.10332453375,36479.11128148833,0.005460777347481762,2.166156143346143e-12,0.009822655237327282,18,converged,gap_residual_and_feasibility
270,0.431088760907819,sMEL-ADMM,1.0,0.01,1.2008329999999998,36480.17548823483,36479.11128148833,0.0029173044767718407,2.003397447936095e-13,0.009159032409905787,33,converged,gap_residual_and_feasibility
271,0.554540707131723,IPOPT,1.0,1.0e-10,13.211965560913086,36479.11128157212,36479.11128148833,2.2969289804890702e-10,1.3322676295501878e-14,NaN,33,INTERRUPTED,gap_and_residual
271,0.554540707131723,MadNLP,1.0,0.01,18.252134323120117,36479.11128148833,36479.11128148833,0.0,1.3322676295501878e-14,NaN,34,LOCALLY_SOLVED,residual_tolerance_upper_bound
271,0.554540707131723,ADMM,1.0,0.01,68.70365142822266,36588.97205209913,36479.11128148833,0.3011607650281527,1.3109513474773848e-12,1.13423699261189,6,converged,gap_callback_with_solver_termination
271,0.554540707131723,MEL-ADMM,1.0,0.01,14.686346054077148,36481.10332440311,36479.11128148833,0.0054607769893594985,1.1984857550828565e-12,0.00982265522837178,18,converged,gap_residual_and_feasibility
271,0.554540707131723,sMEL-ADMM,1.0,0.01,1.290874,36480.68172168627,36479.11128148833,0.004305039631640454,2.0017321133991572e-13,0.009202279643748312,32,converged,gap_residual_and_feasibility
272,0.47543733071549593,IPOPT,1.0,1.0e-10,13.133049011230469,36479.11128157212,36479.11128148831,2.2975273468438362e-10,1.4210854715202004e-14,NaN,33,INTERRUPTED,gap_and_residual
272,0.47543733071549593,MadNLP,1.0,0.01,17.647981643676758,36479.111281488345,36479.11128148831,9.972772579407223e-14,1.2434497875801753e-14,NaN,34,LOCALLY_SOLVED,residual_tolerance_upper_bound
272,0.47543733071549593,ADMM,1.0,0.01,68.68791580200195,36588.97205039976,36479.11128148831,0.30116076036973116,5.094091815038837e-12,1.1342369926585647,6,converged,gap_callback_with_solver_termination
272,0.47543733071549593,MEL-ADMM,1.0,0.01,14.772176742553711,36481.10332433309,36479.11128148831,0.005460776797463412,3.0377922399793533e-12,0.009822655426446225,18,converged,gap_residual_and_feasibility
272,0.47543733071549593,sMEL-ADMM,1.0,0.01,1.456127,36480.65623191124,36479.11128148831,0.004235164642612178,2.0095036745715333e-13,0.008785212225189909,32,converged,gap_residual_and_feasibility
273,0.7088253863193692,IPOPT,1.0,1.0e-10,13.015031814575195,36479.11128157186,36479.11128148833,2.289748584231897e-10,1.0658141036401503e-14,NaN,34,INTERRUPTED,gap_and_residual
273,0.7088253863193692,MadNLP,1.0,0.01,18.07117462158203,36479.11128148835,36479.11128148833,5.98366354764433e-14,1.2434497875801753e-14,NaN,35,LOCALLY_SOLVED,residual_tolerance_upper_bound
273,0.7088253863193692,ADMM,1.0,0.01,73.83847236633301,36657.15708237881,36479.11128148833,0.48807603758930806,9.91262627536571e-12,1.7413777725490522,6,converged,gap_callback_with_solver_termination
273,0.7088253863193692,MEL-ADMM,1.0,0.01,13.141632080078125,36480.64921869411,36479.11128148833,0.004215939346526898,1.6934231794607513e-12,0.007991159618846666,16,converged,gap_residual_and_feasibility
273,0.7088253863193692,sMEL-ADMM,1.0,0.01,1.165585,36480.75907655055,36479.11128148833,0.004517092122957804,1.9950707752514063e-13,0.005795303460079282,33,converged,gap_residual_and_feasibility
274,0.33613136327445864,IPOPT,1.0,1.0e-10,13.024091720581055,36479.1112815579,36479.111281488345,1.906794117182659e-10,1.2434497875801753e-14,NaN,34,INTERRUPTED,gap_and_residual
274,0.33613136327445864,MadNLP,1.0,0.01,17.791032791137695,36479.11128148834,36479.111281488345,1.9945545158814427e-14,1.1546319456101628e-14,NaN,35,LOCALLY_SOLVED,residual_tolerance_upper_bound
274,0.33613136327445864,ADMM,1.0,0.01,69.3514347076416,36568.629271294965,36479.111281488345,0.24539520471280393,1.4254153413162385e-12,1.1594945375526962,6,converged,gap_callback_with_solver_termination
274,0.33613136327445864,MEL-ADMM,1.0,0.01,15.212535858154297,36480.841636876256,36479.111281488345,0.00474341431883561,3.9713787813866475e-12,0.000699521835162642,19,converged,gap_residual_and_feasibility
274,0.33613136327445864,sMEL-ADMM,1.0,0.01,1.286581,36479.52097987204,36479.111281488345,0.0011231040705242511,2.0011770018868447e-13,0.008730890006548364,35,converged,gap_residual_and_feasibility
275,0.6449698548028442,IPOPT,1.0,1.0e-10,14.149188995361328,36479.11128157569,36479.111281488345,2.394462696315672e-10,1.1546319456101628e-14,NaN,34,INTERRUPTED,gap_and_residual
275,0.6449698548028442,MadNLP,1.0,0.01,18.352985382080078,36479.11128148833,36479.111281488345,3.9891090317628855e-14,1.3322676295501878e-14,NaN,35,LOCALLY_SOLVED,residual_tolerance_upper_bound
275,0.6449698548028442,ADMM,1.0,0.01,70.12224197387695,36563.06387122846,36479.111281488345,0.23013880215530533,1.7630341631047486e-12,1.14816798532115,6,converged,gap_callback_with_solver_termination
275,0.6449698548028442,MEL-ADMM,1.0,0.01,14.933586120605469,36480.77417097603,36479.111281488345,0.004558470393791439,2.237432461527078e-12,0.0011006789821879082,19,converged,gap_residual_and_feasibility
275,0.6449698548028442,sMEL-ADMM,1.0,0.01,1.274374,36480.71016815464,36479.111281488345,0.004383019788935905,1.9906298831529057e-13,0.009646704003239748,32,converged,gap_residual_and_feasibility
276,0.4114824665389211,IPOPT,1.0,1.0e-10,12.907981872558594,36479.11128157202,36479.11128148834,2.2939371487152476e-10,1.3322676295501878e-14,NaN,33,INTERRUPTED,gap_and_residual
276,0.4114824665389211,MadNLP,1.0,0.01,18.412113189697266,36479.11128148833,36479.11128148834,1.994554515881443e-14,1.2434497875801753e-14,NaN,34,LOCALLY_SOLVED,residual_tolerance_upper_bound
276,0.4114824665389211,ADMM,1.0,0.01,67.33894348144531,36588.97205630727,36479.11128148834,0.3011607765638781,6.954437026251981e-13,1.1342369940178196,6,converged,gap_callback_with_solver_termination
276,0.4114824665389211,MEL-ADMM,1.0,0.01,14.290094375610352,36481.10332467226,36479.11128148834,0.005460777727145213,5.81756864903582e-12,0.009822655330722796,18,converged,gap_residual_and_feasibility
276,0.4114824665389211,sMEL-ADMM,1.0,0.01,1.275083,36480.03426153066,36479.11128148834,0.0025301604394851376,2.0050627824730327e-13,0.007650662109334405,35,converged,gap_residual_and_feasibility
277,0.3803351687626615,IPOPT,1.0,1.0e-10,12.933969497680664,36479.11128157184,36479.11128148833,2.2891502178771325e-10,1.2434497875801753e-14,NaN,33,INTERRUPTED,gap_and_residual
277,0.3803351687626615,MadNLP,1.0,0.01,17.206192016601562,36479.11128148835,36479.11128148833,5.98366354764433e-14,1.2434497875801753e-14,NaN,34,LOCALLY_SOLVED,residual_tolerance_upper_bound
277,0.3803351687626615,ADMM,1.0,0.01,69.21052932739258,36594.82926195395,36479.11128148833,0.31721710425643257,1.5594747715397261e-12,1.0751993679768903,6,converged,gap_callback_with_solver_termination
277,0.3803351687626615,MEL-ADMM,1.0,0.01,14.428853988647461,36481.0281715359,36479.11128148833,0.005254760821279591,5.11629627553134e-12,0.009900222540323966,18,converged,gap_residual_and_feasibility
277,0.3803351687626615,sMEL-ADMM,1.0,0.01,1.231998,36479.72101756286,36479.11128148833,0.0016714663628210984,1.996736109788344e-13,0.007020460085817248,33,converged,gap_residual_and_feasibility
278,0.31659360058046637,IPOPT,1.0,1.0e-10,12.920141220092773,36479.11128157175,36479.11128148833,2.286756752458075e-10,1.2434497875801753e-14,NaN,34,INTERRUPTED,gap_and_residual
278,0.31659360058046637,MadNLP,1.0,0.01,17.750024795532227,36479.11128148833,36479.11128148833,0.0,1.509903313490213e-14,NaN,35,LOCALLY_SOLVED,residual_tolerance_upper_bound
278,0.31659360058046637,ADMM,1.0,0.01,69.11182403564453,36554.25648837403,36479.11128148833,0.2059951688675849,1.7236767568817868e-12,1.1303594901092033,6,converged,gap_callback_with_solver_termination
278,0.31659360058046637,MEL-ADMM,1.0,0.01,12.668132781982422,36480.73028499775,36479.11128148833,0.00443816598744901,2.4685253841028043e-12,0.009393750342535867,16,converged,gap_residual_and_feasibility
278,0.31659360058046637,sMEL-ADMM,1.0,0.01,1.383378,36479.43011155055,36479.11128148833,0.0008740072085646085,1.995625886763719e-13,0.009779292793727024,38,converged,gap_residual_and_feasibility
279,0.2500031484126252,IPOPT,1.0,1.0e-10,14.986991882324219,36479.11128157151,36479.111281488345,2.2797758116524889e-10,1.687538997430238e-14,NaN,34,INTERRUPTED,gap_and_residual
279,0.2500031484126252,MadNLP,1.0,0.01,17.453908920288086,36479.11128148834,36479.111281488345,1.9945545158814427e-14,1.1546319456101628e-14,NaN,35,LOCALLY_SOLVED,residual_tolerance_upper_bound
279,0.2500031484126252,ADMM,1.0,0.01,74.01871681213379,36669.022553066025,36479.111281488345,0.5206027913132065,4.5501380441237416e-12,1.8594870503352032,6,converged,gap_callback_with_solver_termination
279,0.2500031484126252,MEL-ADMM,1.0,0.01,12.637853622436523,36480.685526236004,36479.111281488345,0.004315469024207101,2.6397217745000034e-12,0.009282706844082611,16,converged,gap_residual_and_feasibility
279,0.2500031484126252,sMEL-ADMM,1.0,0.01,1.481462,36479.86949327149,36479.111281488345,0.00207848205867,2.0000667788622195e-13,0.008473660566805208,39,converged,gap_residual_and_feasibility
280,0.283443633013919,IPOPT,1.0,1.0e-10,13.408899307250977,36479.11128157155,36479.11128148833,2.281371455265195e-10,1.0658141036401503e-14,NaN,34,INTERRUPTED,gap_and_residual
280,0.283443633013919,MadNLP,1.0,0.01,17.83013343811035,36479.11128148833,36479.11128148833,0.0,1.509903313490213e-14,NaN,35,LOCALLY_SOLVED,residual_tolerance_upper_bound
280,0.283443633013919,ADMM,1.0,0.01,73.7297534942627,36569.52156258315,36479.11128148833,0.24784123822856557,4.0678571622265736e-13,1.144718151403712,6,converged,gap_callback_with_solver_termination
280,0.283443633013919,MEL-ADMM,1.0,0.01,12.905597686767578,36480.698584898855,36479.11128148833,0.00435126666950853,3.1489810758955628e-12,0.004935126014665059,16,converged,gap_residual_and_feasibility
280,0.283443633013919,sMEL-ADMM,1.0,0.01,1.402828,36479.46601142538,36479.11128148833,0.0009724193506532436,1.9978463328129692e-13,0.007625066863315766,39,converged,gap_residual_and_feasibility
281,0.36475429822555605,IPOPT,1.0,1.0e-10,13.35000991821289,36479.11128157141,36479.11128148836,2.2765845244270777e-10,1.2434497875801753e-14,NaN,33,INTERRUPTED,gap_and_residual
281,0.36475429822555605,MadNLP,1.0,0.01,17.72594451904297,36479.11128148834,36479.11128148836,5.983663547644325e-14,1.3322676295501878e-14,NaN,34,LOCALLY_SOLVED,residual_tolerance_upper_bound
281,0.36475429822555605,ADMM,1.0,0.01,69.80681419372559,36594.902266469566,36479.11128148836,0.3174172311592606,1.48903112062726e-12,1.1589943352771614,6,converged,gap_callback_with_solver_termination
281,0.36475429822555605,MEL-ADMM,1.0,0.01,15.46025276184082,36480.986524625296,36479.11128148836,0.005140594359510505,5.08848518876448e-12,0.0014479859475819978,19,converged,gap_residual_and_feasibility
281,0.36475429822555605,sMEL-ADMM,1.0,0.01,1.268505,36479.66242912376,36479.11128148836,0.0015108581761971167,2.0028423364237824e-13,0.006641088537131523,36,converged,gap_residual_and_feasibility
282,0.3160957015948394,IPOPT,1.0,1.0e-10,13.700008392333984,36479.11128157173,36479.11128148836,2.285360564296956e-10,1.3322676295501878e-14,NaN,34,INTERRUPTED,gap_and_residual
282,0.3160957015948394,MadNLP,1.0,0.01,17.88496971130371,36479.11128148835,36479.11128148836,1.9945545158814418e-14,1.2434497875801753e-14,NaN,35,LOCALLY_SOLVED,residual_tolerance_upper_bound
282,0.3160957015948394,ADMM,1.0,0.01,71.70677185058594,36553.89821303844,36479.11128148836,0.20501303053408154,2.6845747846948598e-12,1.1289652866928623,6,converged,gap_callback_with_solver_termination
282,0.3160957015948394,MEL-ADMM,1.0,0.01,13.13924789428711,36480.72943378496,36479.11128148836,0.004435832562129931,3.693712002927896e-13,0.009312075260837105,16,converged,gap_residual_and_feasibility
282,0.3160957015948394,sMEL-ADMM,1.0,0.01,1.380541,36479.42896237651,36479.11128148836,0.0008708569835920358,1.9961809982760315e-13,0.009840218920775357,38,converged,gap_residual_and_feasibility
283,0.7081713984877072,IPOPT,1.0,1.0e-10,13.830900192260742,36479.111281571866,36479.111281488345,2.289549128780308e-10,1.4210854715202004e-14,NaN,34,INTERRUPTED,gap_and_residual
283,0.7081713984877072,MadNLP,1.0,0.01,17.963886260986328,36479.111281488345,36479.111281488345,0.0,1.1546319456101628e-14,NaN,35,LOCALLY_SOLVED,residual_tolerance_upper_bound
283,0.7081713984877072,ADMM,1.0,0.01,73.71997833251953,36654.26528689446,36479.111281488345,0.48014877351191126,3.747113730412366e-12,1.7262368076582915,6,converged,gap_callback_with_solver_termination
283,0.7081713984877072,MEL-ADMM,1.0,0.01,12.97760009765625,36480.649311129244,36479.111281488345,0.004216192738442465,3.2465141686088828e-12,0.007862069465733867,16,converged,gap_residual_and_feasibility
283,0.7081713984877072,sMEL-ADMM,1.0,0.01,1.1506640000000001,36480.75862953024,36479.111281488345,0.004515866708434662,1.999511667349907e-13,0.005792532720892751,33,converged,gap_residual_and_feasibility
284,0.5274369730874428,IPOPT,1.0,1.0e-10,12.532949447631836,36479.11128157213,36479.11128148835,2.2965300695858926e-10,1.0658141036401503e-14,NaN,33,INTERRUPTED,gap_and_residual
284,0.5274369730874428,MadNLP,1.0,0.01,16.986846923828125,36479.11128148833,36479.11128148835,5.983663547644327e-14,1.2434497875801753e-14,NaN,34,LOCALLY_SOLVED,residual_tolerance_upper_bound
284,0.5274369730874428,ADMM,1.0,0.01,67.42358207702637,36588.97204770372,36479.11128148835,0.3011607529789689,3.4283687000424834e-13,1.1342369858714099,6,converged,gap_callback_with_solver_termination
284,0.5274369730874428,MEL-ADMM,1.0,0.01,14.512300491333008,36481.10332448218,36479.11128148835,0.005460777206047898,8.661960038125471e-13,0.009822655323853624,18,converged,gap_residual_and_feasibility
284,0.5274369730874428,sMEL-ADMM,1.0,0.01,1.1838339999999998,36480.674113944835,36479.11128148835,0.004284184569143702,1.9984014443252818e-13,0.00906283318698975,32,converged,gap_residual_and_feasibility
285,0.3995575767306403,IPOPT,1.0,1.0e-10,14.023065567016602,36479.11128157194,36479.11128148836,2.2911447723930122e-10,1.509903313490213e-14,NaN,33,INTERRUPTED,gap_and_residual
285,0.3995575767306403,MadNLP,1.0,0.01,17.401933670043945,36479.11128148835,36479.11128148836,1.9945545158814418e-14,1.4210854715202004e-14,NaN,34,LOCALLY_SOLVED,residual_tolerance_upper_bound
285,0.3995575767306403,ADMM,1.0,0.01,71.40493392944336,36588.97205761387,36479.11128148836,0.30116078014559916,2.1512236436649346e-12,1.134236998655731,6,converged,gap_callback_with_solver_termination
285,0.3995575767306403,MEL-ADMM,1.0,0.01,15.62643051147461,36481.10332434586,36479.11128148836,0.005460776832328217,2.4955038036011956e-12,0.009822655654196488,18,converged,gap_residual_and_feasibility
285,0.3995575767306403,sMEL-ADMM,1.0,0.01,1.252667,36479.902026687836,36479.11128148836,0.002167665745402488,1.9989565558375944e-13,0.009453990915559984,34,converged,gap_residual_and_feasibility
286,0.6077414739834477,IPOPT,1.0,1.0e-10,13.484954833984375,36479.11128157197,36479.111281488316,2.2931393269088963e-10,1.3322676295501878e-14,NaN,33,INTERRUPTED,gap_and_residual
286,0.6077414739834477,MadNLP,1.0,0.01,17.19808578491211,36479.11128148831,36479.111281488316,1.9945545158814443e-14,1.0658141036401503e-14,NaN,34,LOCALLY_SOLVED,residual_tolerance_upper_bound
286,0.6077414739834477,ADMM,1.0,0.01,70.37830352783203,36592.9026428454,36479.111281488316,0.31193567321041055,2.6634250360757505e-12,1.1455877934315994,6,converged,gap_callback_with_solver_termination
286,0.6077414739834477,MEL-ADMM,1.0,0.01,16.402482986450195,36480.95568604743,36479.111281488316,0.005056056724859884,5.083045095943817e-12,0.0013688402549973944,19,converged,gap_residual_and_feasibility
286,0.6077414739834477,sMEL-ADMM,1.0,0.01,1.050414,36480.76992087811,36479.111281488316,0.004546819622323696,2.0039525594484076e-13,0.009767778140824745,29,converged,gap_residual_and_feasibility
287,0.2937881558360335,IPOPT,1.0,1.0e-10,13.339996337890625,36479.11128157162,36479.11128148833,2.2831665543294882e-10,1.1546319456101628e-14,NaN,34,INTERRUPTED,gap_and_residual
287,0.2937881558360335,MadNLP,1.0,0.01,17.564773559570312,36479.11128148835,36479.11128148833,5.98366354764433e-14,1.1546319456101628e-14,NaN,35,LOCALLY_SOLVED,residual_tolerance_upper_bound
287,0.2937881558360335,ADMM,1.0,0.01,72.05319404602051,36557.57635558783,36479.11128148833,0.21509590377361054,3.312905505481467e-13,1.1143929070107088,6,converged,gap_callback_with_solver_termination
287,0.2937881558360335,MEL-ADMM,1.0,0.01,13.787984848022461,36480.70285185608,36479.11128148833,0.004362963657377384,2.10159667446419e-12,0.006344428787233625,16,converged,gap_residual_and_feasibility
287,0.2937881558360335,sMEL-ADMM,1.0,0.01,1.6809990000000001,36479.439312642324,36479.11128148833,0.0008992301140828145,2.000621890374532e-13,0.007497598550934015,39,converged,gap_residual_and_feasibility
288,0.7134835824785344,IPOPT,1.0,1.0e-10,14.798879623413086,36479.11128157182,36479.111281488375,2.2875545742644247e-10,1.4210854715202004e-14,NaN,34,INTERRUPTED,gap_and_residual
288,0.7134835824785344,MadNLP,1.0,0.01,19.070148468017578,36479.11128148835,36479.111281488375,5.983663547644323e-14,1.2434497875801753e-14,NaN,35,LOCALLY_SOLVED,residual_tolerance_upper_bound
288,0.7134835824785344,ADMM,1.0,0.01,77.60190963745117,36679.39903759507,36479.111281488375,0.5490477949454055,1.8639534360431753e-12,1.8484545218135673,6,converged,gap_callback_with_solver_termination
288,0.7134835824785344,MEL-ADMM,1.0,0.01,13.422727584838867,36480.64906556661,36479.111281488375,0.004215519578786545,3.61577434659921e-12,0.008924282271690842,16,converged,gap_residual_and_feasibility
288,0.7134835824785344,sMEL-ADMM,1.0,0.01,1.350251,36480.76225111678,36479.111281488375,0.0045257945448975555,1.999511667349907e-13,0.005815286982578272,33,converged,gap_residual_and_feasibility
289,0.6400832098240287,IPOPT,1.0,1.0e-10,14.672040939331055,36479.111281488345,36479.111281488345,0.0,1.5987211554602254e-14,NaN,34,INTERRUPTED,gap_and_residual
289,0.6400832098240287,MadNLP,1.0,0.01,18.374919891357422,36479.111281488345,36479.111281488345,0.0,1.0658141036401503e-14,NaN,35,LOCALLY_SOLVED,residual_tolerance_upper_bound
289,0.6400832098240287,ADMM,1.0,0.01,75.17433166503906,36566.56351092189,36479.111281488345,0.23973234643445357,3.7481129311345285e-13,1.1519955250509355,6,converged,gap_callback_with_solver_termination
289,0.6400832098240287,MEL-ADMM,1.0,0.01,16.100406646728516,36480.79586963816,36479.111281488345,0.004617952824608808,2.627786876985283e-12,0.0008665846210798023,19,converged,gap_residual_and_feasibility
289,0.6400832098240287,sMEL-ADMM,1.0,0.01,1.502081,36480.70836910691,36479.111281488345,0.004378088068658388,2.000621890374532e-13,0.009621325292876293,32,converged,gap_residual_and_feasibility
290,0.7186474039337939,IPOPT,1.0,1.0e-10,13.957023620605469,36479.11128157178,36479.11128148836,2.2867567524580731e-10,1.509903313490213e-14,NaN,34,INTERRUPTED,gap_and_residual
290,0.7186474039337939,MadNLP,1.0,0.01,18.075942993164062,36479.11128148835,36479.11128148836,1.9945545158814418e-14,1.4210854715202004e-14,NaN,35,LOCALLY_SOLVED,residual_tolerance_upper_bound
290,0.7186474039337939,ADMM,1.0,0.01,76.06315612792969,36708.12454921937,36479.11128148836,0.6277928921125473,5.520472967646128e-12,1.9648310811605967,6,converged,gap_callback_with_solver_termination
290,0.7186474039337939,MEL-ADMM,1.0,0.01,13.275146484375,36480.64998373022,36479.11128148836,0.004218036535991341,5.013767179207207e-13,0.009953121467015436,16,converged,gap_residual_and_feasibility
290,0.7186474039337939,sMEL-ADMM,1.0,0.01,1.180415,36480.76572202901,36479.11128148836,0.004535309338779241,2.000621890374532e-13,0.005838529048528329,33,converged,gap_residual_and_feasibility
291,0.3462208001362965,IPOPT,1.0,1.0e-10,13.224124908447266,36479.11128155818,36479.111281488316,1.9151712461493627e-10,1.0658141036401503e-14,NaN,34,INTERRUPTED,gap_and_residual
291,0.3462208001362965,MadNLP,1.0,0.01,18.280982971191406,36479.11128148834,36479.111281488316,5.983663547644333e-14,1.4210854715202004e-14,NaN,35,LOCALLY_SOLVED,residual_tolerance_upper_bound
291,0.3462208001362965,ADMM,1.0,0.01,73.58121871948242,36577.25889140445,36479.111281488316,0.2690515379028526,9.793277300218506e-13,1.1737395529219876,6,converged,gap_callback_with_solver_termination
291,0.3462208001362965,MEL-ADMM,1.0,0.01,15.42210578918457,36480.88406143942,36479.111281488316,0.004859712555564666,1.3999357229010911e-12,0.0009206683838325347,19,converged,gap_residual_and_feasibility
291,0.3462208001362965,sMEL-ADMM,1.0,0.01,1.3899190000000001,36479.56448909867,36479.111281488316,0.001242375689637201,1.9978463328129692e-13,0.006499029299908088,35,converged,gap_residual_and_feasibility
292,0.3694607534202055,IPOPT,1.0,1.0e-10,14.441967010498047,36479.11134600606,36479.11128148833,1.7686211536395214e-7,1.2434497875801753e-14,NaN,32,INTERRUPTED,gap_and_residual
292,0.3694607534202055,MadNLP,1.0,0.01,17.827987670898438,36479.11128148835,36479.11128148833,5.98366354764433e-14,1.0658141036401503e-14,NaN,34,LOCALLY_SOLVED,residual_tolerance_upper_bound
292,0.3694607534202055,ADMM,1.0,0.01,71.03300094604492,36599.21270431617,36479.11128148833,0.3292334122426468,2.210065463970068e-12,1.1676256859082352,6,converged,gap_callback_with_solver_termination
292,0.3694607534202055,MEL-ADMM,1.0,0.01,15.385150909423828,36480.95193267663,36479.11128148833,0.005045767628759241,5.926870105810167e-12,0.009930985373912904,18,converged,gap_residual_and_feasibility
292,0.3694607534202055,sMEL-ADMM,1.0,0.01,1.246002,36479.63537774342,36479.11128148833,0.0014367023665808566,2.0050627824730327e-13,0.009791213514121822,32,converged,gap_residual_and_feasibility
293,0.35289633118618136,IPOPT,1.0,1.0e-10,14.400959014892578,36479.11128155876,36479.11128148833,1.9307287713732373e-10,1.5987211554602254e-14,NaN,34,INTERRUPTED,gap_and_residual
293,0.35289633118618136,MadNLP,1.0,0.01,18.50295066833496,36479.11128148833,36479.11128148833,0.0,1.509903313490213e-14,NaN,35,LOCALLY_SOLVED,residual_tolerance_upper_bound
293,0.35289633118618136,ADMM,1.0,0.01,72.05462455749512,36583.08559961639,36479.11128148833,0.28502426313444784,1.6687762283140728e-12,1.1773454358987054,6,converged,gap_callback_with_solver_termination
293,0.35289633118618136,MEL-ADMM,1.0,0.01,15.832662582397461,36480.91769739105,36479.11128148833,0.0049519186166044945,1.9128032491266822e-12,0.0011446858086561207,19,converged,gap_residual_and_feasibility
293,0.35289633118618136,sMEL-ADMM,1.0,0.01,1.389708,36479.59861703897,36479.11128148833,0.0013359304366873624,1.9961809982760315e-13,0.008099481404309827,35,converged,gap_residual_and_feasibility
294,0.38881902313367295,IPOPT,1.0,1.0e-10,13.170003890991211,36479.11128157188,36479.11128148834,2.2901474951350728e-10,1.2434497875801753e-14,NaN,33,INTERRUPTED,gap_and_residual
294,0.38881902313367295,MadNLP,1.0,0.01,19.41204071044922,36479.111281488345,36479.11128148834,1.994554515881443e-14,1.5987211554602254e-14,NaN,34,LOCALLY_SOLVED,residual_tolerance_upper_bound
294,0.38881902313367295,ADMM,1.0,0.01,69.57840919494629,36590.23751939101,36479.11128148834,0.30462978400207336,9.61564161627848e-13,1.1237608198324764,6,converged,gap_callback_with_solver_termination
294,0.38881902313367295,MEL-ADMM,1.0,0.01,14.948368072509766,36481.084561068885,36479.11128148834,0.005409341157793003,1.8952617253376047e-12,0.009869328683420164,18,converged,gap_residual_and_feasibility
294,0.38881902313367295,sMEL-ADMM,1.0,0.01,1.109,36479.80154166958,36479.11128148834,0.0018922066821023221,1.999511667349907e-13,0.004542180464135015,34,converged,gap_residual_and_feasibility
295,0.6832685097881892,IPOPT,1.0,1.0e-10,13.848066329956055,36479.11134604525,36479.11128148835,1.7696948223354192e-7,1.3322676295501878e-14,NaN,34,INTERRUPTED,gap_and_residual
295,0.6832685097881892,MadNLP,1.0,0.01,18.768787384033203,36479.11128148834,36479.11128148835,3.989109031762884e-14,1.1546319456101628e-14,NaN,35,LOCALLY_SOLVED,residual_tolerance_upper_bound
295,0.6832685097881892,ADMM,1.0,0.01,74.03016090393066,36579.89480286083,36479.11128148835,0.2762773484112239,1.2357892487102617e-12,1.1685566164266898,6,converged,gap_callback_with_solver_termination
295,0.6832685097881892,MEL-ADMM,1.0,0.01,13.258695602416992,36480.660195102406,36479.11128148835,0.004246028918032257,2.839173340873913e-12,0.005074012801379091,16,converged,gap_residual_and_feasibility
295,0.6832685097881892,sMEL-ADMM,1.0,0.01,1.096125,36480.732647334735,36479.11128148835,0.004444641849608001,2.0039525594484076e-13,0.009854128804285267,32,converged,gap_residual_and_feasibility
296,0.5944079497788716,IPOPT,1.0,1.0e-10,14.438867568969727,36479.11128157197,36479.11128148834,2.2925409605541306e-10,1.4210854715202004e-14,NaN,33,INTERRUPTED,gap_and_residual
296,0.5944079497788716,MadNLP,1.0,0.01,17.358064651489258,36479.11128148834,36479.11128148834,0.0,1.687538997430238e-14,NaN,34,LOCALLY_SOLVED,residual_tolerance_upper_bound
296,0.5944079497788716,ADMM,1.0,0.01,70.28722763061523,36597.429610080195,36479.11128148834,0.3243454251910419,5.3179682879545e-13,1.0952224872166978,6,converged,gap_callback_with_solver_termination
296,0.5944079497788716,MEL-ADMM,1.0,0.01,14.822721481323242,36480.98437871849,36479.11128148834,0.005134711796281239,6.2732041783419845e-12,0.009916067873760426,18,converged,gap_residual_and_feasibility
296,0.5944079497788716,sMEL-ADMM,1.0,0.01,1.035458,36480.762759253346,36479.11128148834,0.004527187497153267,2.0050627824730327e-13,0.00998766625430747,29,converged,gap_residual_and_feasibility
297,0.42505665388892366,IPOPT,1.0,1.0e-10,12.945890426635742,36479.111281572026,36479.11128148835,2.2937376932636585e-10,1.0658141036401503e-14,NaN,33,INTERRUPTED,gap_and_residual
297,0.42505665388892366,MadNLP,1.0,0.01,17.167091369628906,36479.111281488345,36479.11128148835,1.994554515881442e-14,1.4210854715202004e-14,NaN,34,LOCALLY_SOLVED,residual_tolerance_upper_bound
297,0.42505665388892366,ADMM,1.0,0.01,68.39203834533691,36588.97205526409,36479.11128148835,0.30116077370416544,4.612976667317525e-13,1.1342369922467226,6,converged,gap_callback_with_solver_termination
297,0.42505665388892366,MEL-ADMM,1.0,0.01,14.73546028137207,36481.10332443848,36479.11128148835,0.005460777086254954,3.89910326248355e-13,0.009822655322747842,18,converged,gap_residual_and_feasibility
297,0.42505665388892366,sMEL-ADMM,1.0,0.01,1.072376,36480.10711027953,36479.11128148835,0.002729860339785366,2.007283228522283e-13,0.009856129114889534,32,converged,gap_residual_and_feasibility
298,0.6669936648455002,IPOPT,1.0,1.0e-10,14.503002166748047,36479.11128155829,36479.11128148834,1.9175647115684193e-10,1.3322676295501878e-14,NaN,34,INTERRUPTED,gap_and_residual
298,0.6669936648455002,MadNLP,1.0,0.01,17.55809783935547,36479.11128148837,36479.11128148834,7.978218063525772e-14,1.2434497875801753e-14,NaN,35,LOCALLY_SOLVED,residual_tolerance_upper_bound
298,0.6669936648455002,ADMM,1.0,0.01,72.0367431640625,36560.3611835157,36479.11128148834,0.2227299382389061,2.439604074311319e-12,1.1240647726406143,6,converged,gap_callback_with_solver_termination
298,0.6669936648455002,MEL-ADMM,1.0,0.01,12.729167938232422,36480.67330253542,36479.11128148834,0.0042819602567272415,3.435363105097622e-12,0.007498370372652552,16,converged,gap_residual_and_feasibility
298,0.6669936648455002,sMEL-ADMM,1.0,0.01,1.106791,36480.72259528259,36479.11128148834,0.004417086210841247,1.999511667349907e-13,0.00976267340462833,32,converged,gap_residual_and_feasibility
299,0.2550056376798635,IPOPT,1.0,1.0e-10,13.885974884033203,36479.11128157144,36479.11128148835,2.277581801685019e-10,1.0658141036401503e-14,NaN,34,INTERRUPTED,gap_and_residual
299,0.2550056376798635,MadNLP,1.0,0.01,17.76599884033203,36479.111281488345,36479.11128148835,1.994554515881442e-14,1.4210854715202004e-14,NaN,35,LOCALLY_SOLVED,residual_tolerance_upper_bound
299,0.2550056376798635,ADMM,1.0,0.01,75.8514404296875,36646.755353471046,36479.11128148835,0.45956183167150166,6.198597191087174e-12,1.748964702789305,6,converged,gap_callback_with_solver_termination
299,0.2550056376798635,MEL-ADMM,1.0,0.01,13.016223907470703,36480.6856164977,36479.11128148835,0.004315716458109093,5.21338527903481e-12,0.008327056350667661,16,converged,gap_residual_and_feasibility
299,0.2550056376798635,sMEL-ADMM,1.0,0.01,1.392625,36479.796095747515,36479.11128148835,0.0018772778039415586,2.0011770018868447e-13,0.008239638573643404,39,converged,gap_residual_and_feasibility
300,0.5792934352870049,IPOPT,1.0,1.0e-10,13.879060745239258,36479.11128157208,36479.11128148833,2.2957322477795413e-10,1.1546319456101628e-14,NaN,33,INTERRUPTED,gap_and_residual
300,0.5792934352870049,MadNLP,1.0,0.01,17.8070068359375,36479.11128148832,36479.11128148833,1.9945545158814434e-14,1.2434497875801753e-14,NaN,34,LOCALLY_SOLVED,residual_tolerance_upper_bound
300,0.5792934352870049,ADMM,1.0,0.01,69.26298141479492,36589.777360307235,36479.11128148833,0.30336835227414743,4.051203816857196e-13,1.1274648481457872,6,converged,gap_callback_with_solver_termination
300,0.5792934352870049,MEL-ADMM,1.0,0.01,14.385700225830078,36481.09029058397,36479.11128148833,0.005425047448022288,1.1993739335025566e-12,0.009852510000118109,18,converged,gap_residual_and_feasibility
300,0.5792934352870049,sMEL-ADMM,1.0,0.01,1.2664149999999998,36480.68920968597,36479.11128148833,0.004325566446670435,2.0061730054976579e-13,0.009322931190041572,32,converged,gap_residual_and_feasibility
301,0.33982125302404215,IPOPT,1.0,1.0e-10,13.922929763793945,36479.11128155795,36479.11128148835,1.9077913944405996e-10,1.0658141036401503e-14,NaN,34,INTERRUPTED,gap_and_residual
301,0.33982125302404215,MadNLP,1.0,0.01,17.528057098388672,36479.111281488345,36479.11128148835,1.994554515881442e-14,1.509903313490213e-14,NaN,35,LOCALLY_SOLVED,residual_tolerance_upper_bound
301,0.33982125302404215,ADMM,1.0,0.01,69.05126571655273,36571.711784208266,36479.11128148835,0.2538452814964942,3.739231146937527e-13,1.1657007490443325,6,converged,gap_callback_with_solver_termination
301,0.33982125302404215,MEL-ADMM,1.0,0.01,15.380859375,36480.85562856714,36479.11128148835,0.004781769669013531,1.5327183966462599e-12,0.000697375722396032,19,converged,gap_residual_and_feasibility
301,0.33982125302404215,sMEL-ADMM,1.0,0.01,1.135165,36479.536359203965,36479.11128148835,0.0011652633539563297,2.0083934515469082e-13,0.007866550444981968,35,converged,gap_residual_and_feasibility
302,0.7179826600537715,IPOPT,1.0,1.0e-10,12.747049331665039,36479.1112815718,36479.11128148834,2.2879534851676033e-10,1.4210854715202004e-14,NaN,34,INTERRUPTED,gap_and_residual
302,0.7179826600537715,MadNLP,1.0,0.01,18.19896697998047,36479.11128148832,36479.11128148834,3.989109031762886e-14,1.0658141036401503e-14,NaN,35,LOCALLY_SOLVED,residual_tolerance_upper_bound
302,0.7179826600537715,ADMM,1.0,0.01,75.38366317749023,36704.23210802487,36479.11128148834,0.6171225631003092,7.636447030279214e-12,1.9499606897197688,6,converged,gap_callback_with_solver_termination
302,0.7179826600537715,MEL-ADMM,1.0,0.01,12.958765029907227,36480.64980106991,36479.11128148834,0.0042175358102804735,9.04498698162115e-13,0.00982036458707114,16,converged,gap_residual_and_feasibility
302,0.7179826600537715,sMEL-ADMM,1.0,0.01,1.336376,36480.76527735013,36479.11128148834,0.004534090342912045,2.000621890374532e-13,0.00583554055944191,33,converged,gap_residual_and_feasibility
303,0.38300901266871007,IPOPT,1.0,1.0e-10,13.773918151855469,36479.11128156234,36479.11128148833,2.0288608535546041e-10,1.865174681370263e-14,NaN,32,INTERRUPTED,gap_and_residual
303,0.38300901266871007,MadNLP,1.0,0.01,17.34304428100586,36479.111281488345,36479.11128148833,3.989109031762887e-14,1.4210854715202004e-14,NaN,33,LOCALLY_SOLVED,residual_tolerance_upper_bound
303,0.38300901266871007,ADMM,1.0,0.01,69.20981407165527,36593.835200651476,36479.11128148833,0.3144920891243393,7.248646127777647e-13,1.0828849089655082,6,converged,gap_callback_with_solver_termination
303,0.38300901266871007,MEL-ADMM,1.0,0.01,14.405012130737305,36481.04602084801,36479.11128148833,0.005303691048685486,2.0878854201100694e-12,0.009902503690270237,18,converged,gap_residual_and_feasibility
303,0.38300901266871007,sMEL-ADMM,1.0,0.01,1.241917,36479.74188520087,36479.11128148833,0.0017286707115027821,2.0061730054976579e-13,0.008615436170787305,33,converged,gap_residual_and_feasibility
304,0.3569723033367947,IPOPT,1.0,1.0e-10,14.075994491577148,36479.11134600853,36479.11128148834,1.7686887690376093e-7,1.2434497875801753e-14,NaN,33,INTERRUPTED,gap_and_residual
304,0.3569723033367947,MadNLP,1.0,0.01,17.522811889648438,36479.111281488316,36479.11128148834,5.983663547644329e-14,1.865174681370263e-14,NaN,35,LOCALLY_SOLVED,residual_tolerance_upper_bound
304,0.3569723033367947,ADMM,1.0,0.01,68.82667541503906,36586.33350039669,36479.11128148834,0.2939277168267142,1.7408852137634767e-12,1.1676551373687722,6,converged,gap_callback_with_solver_termination
304,0.3569723033367947,MEL-ADMM,1.0,0.01,15.541315078735352,36480.93948445437,36479.11128148834,0.005011643381128285,4.613476267678607e-12,0.0012361298108576335,19,converged,gap_residual_and_feasibility
304,0.3569723033367947,sMEL-ADMM,1.0,0.01,1.131707,36479.620184539424,36479.11128148834,0.0013950533146471782,2.0011770018868447e-13,0.008983726514699697,35,converged,gap_residual_and_feasibility
305,0.5912013854788898,IPOPT,1.0,1.0e-10,13.106107711791992,36479.11128157201,36479.11128148833,2.2939371487152482e-10,1.1546319456101628e-14,NaN,33,INTERRUPTED,gap_and_residual
305,0.5912013854788898,MadNLP,1.0,0.01,17.432212829589844,36479.11128148833,36479.11128148833,0.0,1.1546319456101628e-14,NaN,34,LOCALLY_SOLVED,residual_tolerance_upper_bound
305,0.5912013854788898,ADMM,1.0,0.01,70.70446014404297,36596.22371678644,36479.11128148833,0.32103971611154847,3.6504133049675147e-13,1.059424258813424,6,converged,gap_callback_with_solver_termination
305,0.5912013854788898,MEL-ADMM,1.0,0.01,14.48965072631836,36481.00732709644,36479.11128148833,0.005197620066674909,3.663847003565479e-12,0.009905071166814494,18,converged,gap_residual_and_feasibility
305,0.5912013854788898,sMEL-ADMM,1.0,0.01,1.327085,36480.692884559045,36479.11128148833,0.004335640357325135,2.0039525594484076e-13,0.009380066274927046,32,converged,gap_residual_and_feasibility
306,0.33724031954729206,IPOPT,1.0,1.0e-10,14.970064163208008,36479.111281557896,36479.11128148836,1.9061957508278938e-10,1.5987211554602254e-14,NaN,34,INTERRUPTED,gap_and_residual
306,0.33724031954729206,MadNLP,1.0,0.01,18.307924270629883,36479.111281488345,36479.11128148836,3.9891090317628836e-14,1.3322676295501878e-14,NaN,35,LOCALLY_SOLVED,residual_tolerance_upper_bound
306,0.33724031954729206,ADMM,1.0,0.01,70.71375846862793,36569.53781207033,36479.11128148836,0.2478857828640674,3.2477909250872017e-12,1.1622760561462506,6,converged,gap_callback_with_solver_termination
306,0.33724031954729206,MEL-ADMM,1.0,0.01,15.111684799194336,36480.84570187227,36479.11128148836,0.00475455767144595,2.400191156937126e-12,0.0006988909260243759,19,converged,gap_residual_and_feasibility
306,0.33724031954729206,sMEL-ADMM,1.0,0.01,1.266044,36479.52551078724,36479.11128148836,0.0011355246450145502,1.9972912213006566e-13,0.008474489278471609,35,converged,gap_residual_and_feasibility
307,0.4404545373076995,IPOPT,1.0,1.0e-10,13.65208625793457,36479.111281572026,36479.11128148835,2.2937376932636585e-10,1.0658141036401503e-14,NaN,33,INTERRUPTED,gap_and_residual
307,0.4404545373076995,MadNLP,1.0,0.01,17.99488067626953,36479.11128148832,36479.11128148835,7.978218063525768e-14,1.2434497875801753e-14,NaN,34,LOCALLY_SOLVED,residual_tolerance_upper_bound
307,0.4404545373076995,ADMM,1.0,0.01,69.74434852600098,36588.97205524542,36479.11128148835,0.3011607736529852,1.56097357262297e-12,1.1342369950713307,6,converged,gap_callback_with_solver_termination
307,0.4404545373076995,MEL-ADMM,1.0,0.01,14.277219772338867,36481.10332461586,36479.11128148835,0.005460777572507399,4.304390177622963e-12,0.009822655337266006,18,converged,gap_residual_and_feasibility
307,0.4404545373076995,sMEL-ADMM,1.0,0.01,0.970665,36480.27795827809,36479.11128148835,0.0031982050788953572,2.0039525594484076e-13,0.009488730587653649,34,converged,gap_residual_and_feasibility
308,0.7360152597959468,IPOPT,1.0,1.0e-10,14.225006103515625,36479.11128157178,36479.11128148834,2.287355118812839e-10,1.3322676295501878e-14,NaN,34,INTERRUPTED,gap_and_residual
308,0.7360152597959468,MadNLP,1.0,0.01,17.593860626220703,36479.11128148833,36479.11128148834,1.994554515881443e-14,1.5987211554602254e-14,NaN,35,LOCALLY_SOLVED,residual_tolerance_upper_bound
308,0.7360152597959468,ADMM,1.0,0.01,76.15542411804199,36835.60492716387,36479.11128148834,0.9772541960374931,3.375077994860476e-13,2.3725330678834373,6,converged,gap_callback_with_solver_termination
308,0.7360152597959468,MEL-ADMM,1.0,0.01,15.300273895263672,36480.52956292228,36479.11128148834,0.0038879275950549144,1.3720136138317685e-12,0.005973286083082563,19,converged,gap_residual_and_feasibility
308,0.7360152597959468,sMEL-ADMM,1.0,0.01,1.2878779999999999,36480.777255514935,36479.11128148834,0.004566926024434778,2.0050627824730327e-13,0.005916783506368262,33,converged,gap_residual_and_feasibility
309,0.6495042591219922,IPOPT,1.0,1.0e-10,12.895822525024414,36479.1112815757,36479.11128148833,2.3950610626704373e-10,1.0658141036401503e-14,NaN,34,INTERRUPTED,gap_and_residual
309,0.6495042591219922,MadNLP,1.0,0.01,17.499923706054688,36479.111281488345,36479.11128148833,3.989109031762887e-14,1.1546319456101628e-14,NaN,35,LOCALLY_SOLVED,residual_tolerance_upper_bound
309,0.6495042591219922,ADMM,1.0,0.01,69.43941116333008,36560.40938054046,36479.11128148833,0.2228620604948437,2.208788707491749e-12,1.1447653933076385,6,converged,gap_callback_with_solver_termination
309,0.6495042591219922,MEL-ADMM,1.0,0.01,15.31219482421875,36480.75461627166,36479.11128148833,0.004504865183390159,5.913380896060971e-12,0.0013249161734281145,19,converged,gap_residual_and_feasibility
309,0.6495042591219922,sMEL-ADMM,1.0,0.01,1.059666,36480.711944405746,36479.11128148833,0.004387889016988174,2.0028423364237824e-13,0.009670375189369196,32,converged,gap_residual_and_feasibility
310,0.31875243647793045,IPOPT,1.0,1.0e-10,13.26608657836914,36479.11128148835,36479.11128148835,0.0,1.2434497875801753e-14,NaN,35,INTERRUPTED,gap_and_residual
310,0.31875243647793045,MadNLP,1.0,0.01,21.320104598999023,36479.11128148835,36479.11128148835,0.0,1.0658141036401503e-14,NaN,35,LOCALLY_SOLVED,residual_tolerance_upper_bound
310,0.31875243647793045,ADMM,1.0,0.01,77.43477821350098,36555.84999629984,36479.11128148835,0.2103634439428585,3.6415315207705135e-13,1.136097840820078,6,converged,gap_callback_with_solver_termination
310,0.31875243647793045,MEL-ADMM,1.0,0.01,13.437271118164062,36480.73410019914,36479.11128148835,0.004448624579316437,4.289901767151605e-13,0.009745349313719842,16,converged,gap_residual_and_feasibility
310,0.31875243647793045,sMEL-ADMM,1.0,0.01,1.3840000000000001,36479.435390370825,36479.11128148835,0.0008884780113515898,1.9961809982760315e-13,0.009495415805485408,38,converged,gap_residual_and_feasibility
311,0.49476303209942923,IPOPT,1.0,1.0e-10,14.354944229125977,36479.111281572106,36479.11128148835,2.295931703231128e-10,1.0658141036401503e-14,NaN,33,INTERRUPTED,gap_and_residual
311,0.49476303209942923,MadNLP,1.0,0.01,17.009973526000977,36479.11128148835,36479.11128148835,0.0,1.2434497875801753e-14,NaN,34,LOCALLY_SOLVED,residual_tolerance_upper_bound
311,0.49476303209942923,ADMM,1.0,0.01,66.98846817016602,36588.97204715056,36479.11128148835,0.30116075146258886,2.5831004002441205e-12,1.1342369845599718,6,converged,gap_callback_with_solver_termination
311,0.49476303209942923,MEL-ADMM,1.0,0.01,14.55378532409668,36481.10332453444,36479.11128148835,0.005460777349296803,2.136235632832495e-12,0.009822655386108714,18,converged,gap_residual_and_feasibility
311,0.49476303209942923,sMEL-ADMM,1.0,0.01,1.180041,36480.66612463736,36479.11128148835,0.004262283521689585,2.0022872249114698e-13,0.00888132936849928,32,converged,gap_residual_and_feasibility
312,0.48253248054043274,IPOPT,1.0,1.0e-10,13.940095901489258,36479.11128157212,36479.11128148833,2.2969289804890702e-10,1.2434497875801753e-14,NaN,33,INTERRUPTED,gap_and_residual
312,0.48253248054043274,MadNLP,1.0,0.01,17.58098602294922,36479.11128148834,36479.11128148833,1.9945545158814434e-14,8.881784197001252e-15,NaN,34,LOCALLY_SOLVED,residual_tolerance_upper_bound
312,0.48253248054043274,ADMM,1.0,0.01,70.5101490020752,36588.97204706247,36479.11128148833,0.3011607512211682,2.505273766217897e-12,1.1342369841116051,6,converged,gap_callback_with_solver_termination
312,0.48253248054043274,MEL-ADMM,1.0,0.01,14.744043350219727,36481.10332443351,36479.11128148833,0.005460777072691986,4.4875214655348827e-13,0.009822655322749618,18,converged,gap_residual_and_feasibility
312,0.48253248054043274,sMEL-ADMM,1.0,0.01,1.343499,36480.66346551416,36479.11128148833,0.004254994081002858,2.003397447936095e-13,0.008814126709911108,32,converged,gap_residual_and_feasibility
313,0.4033988881266063,IPOPT,1.0,1.0e-10,13.534069061279297,36479.11128157196,36479.11128148833,2.292540960554131e-10,1.1546319456101628e-14,NaN,33,INTERRUPTED,gap_and_residual
313,0.4033988881266063,MadNLP,1.0,0.01,18.000125885009766,36479.11128148836,36479.11128148833,7.978218063525773e-14,1.3322676295501878e-14,NaN,34,LOCALLY_SOLVED,residual_tolerance_upper_bound
313,0.4033988881266063,ADMM,1.0,0.01,69.27704811096191,36588.97205669116,36479.11128148833,0.301160777616245,3.1796787425264483e-13,1.134236992963368,6,converged,gap_callback_with_solver_termination
313,0.4033988881266063,MEL-ADMM,1.0,0.01,14.500617980957031,36481.10332445651,36479.11128148833,0.005460777135739854,3.934630399271555e-13,0.009822655346254372,18,converged,gap_residual_and_feasibility
313,0.4033988881266063,sMEL-ADMM,1.0,0.01,1.396171,36479.94563500652,36479.11128148833,0.0022872090050490754,2.0095036745715333e-13,0.003654975145428452,35,converged,gap_residual_and_feasibility
314,0.6595209627721643,IPOPT,1.0,1.0e-10,12.525081634521484,36479.1113460087,36479.11128148832,1.7686937554238998e-7,1.0658141036401503e-14,NaN,33,INTERRUPTED,gap_and_residual
314,0.6595209627721643,MadNLP,1.0,0.01,17.503976821899414,36479.111281488345,36479.11128148832,5.983663547644332e-14,1.5987211554602254e-14,NaN,35,LOCALLY_SOLVED,residual_tolerance_upper_bound
314,0.6595209627721643,ADMM,1.0,0.01,70.84941864013672,36558.01125272116,36479.11128148832,0.2162880850468399,9.900968933607146e-13,1.1312771729047313,6,converged,gap_callback_with_solver_termination
314,0.6595209627721643,MEL-ADMM,1.0,0.01,12.933731079101562,36480.68176467234,36479.11128148832,0.004305157469163322,4.503064587879635e-13,0.008637296869389743,16,converged,gap_residual_and_feasibility
314,0.6595209627721643,sMEL-ADMM,1.0,0.01,1.184709,36480.71798477202,36479.11128148832,0.004404447441979903,2.0117241206207837e-13,0.009723052178770786,32,converged,gap_residual_and_feasibility
315,0.4033639609282443,IPOPT,1.0,1.0e-10,12.562990188598633,36479.11128157197,36479.11128148834,2.2925409605541306e-10,1.5987211554602254e-14,NaN,33,INTERRUPTED,gap_and_residual
315,0.4033639609282443,MadNLP,1.0,0.01,17.12203025817871,36479.11128148836,36479.11128148834,5.983663547644329e-14,1.1546319456101628e-14,NaN,34,LOCALLY_SOLVED,residual_tolerance_upper_bound
315,0.4033639609282443,ADMM,1.0,0.01,68.53175163269043,36588.97205644538,36479.11128148834,0.3011607769424844,1.428523965785189e-12,1.134236996778486,6,converged,gap_callback_with_solver_termination
315,0.4033639609282443,MEL-ADMM,1.0,0.01,14.568567276000977,36481.10332448485,36479.11128148834,0.005460777213407806,9.62618873501242e-13,0.009822655371300115,18,converged,gap_residual_and_feasibility
315,0.4033639609282443,sMEL-ADMM,1.0,0.01,1.125334,36479.94527929211,36479.11128148834,0.002286233886932786,1.9978463328129692e-13,0.0036394070422645086,35,converged,gap_residual_and_feasibility
316,0.4120469685718399,IPOPT,1.0,1.0e-10,12.552976608276367,36479.111281572,36479.11128148835,2.292939871457306e-10,1.2434497875801753e-14,NaN,33,INTERRUPTED,gap_and_residual
316,0.4120469685718399,MadNLP,1.0,0.01,17.121076583862305,36479.11128148832,36479.11128148835,7.978218063525768e-14,1.865174681370263e-14,NaN,34,LOCALLY_SOLVED,residual_tolerance_upper_bound
316,0.4120469685718399,ADMM,1.0,0.01,67.88420677185059,36588.972055874976,36479.11128148835,0.30116077537879343,2.252698028115674e-12,1.1342369916698356,6,converged,gap_callback_with_solver_termination
316,0.4120469685718399,MEL-ADMM,1.0,0.01,14.690637588500977,36481.103324615666,36479.11128148835,0.00546077757196887,4.346967230617338e-12,0.009822655329361218,18,converged,gap_residual_and_feasibility
316,0.4120469685718399,sMEL-ADMM,1.0,0.01,1.32796,36480.04086407364,36479.11128148835,0.002548259956544867,2.0045076709607201e-13,0.007983653823973924,35,converged,gap_residual_and_feasibility
317,0.687785444977757,IPOPT,1.0,1.0e-10,13.596057891845703,36479.11128157193,36479.11128148835,2.2911447723930127e-10,1.2434497875801753e-14,NaN,34,INTERRUPTED,gap_and_residual
317,0.687785444977757,MadNLP,1.0,0.01,18.03302764892578,36479.111281488345,36479.11128148835,1.994554515881442e-14,1.7763568394002505e-14,NaN,35,LOCALLY_SOLVED,residual_tolerance_upper_bound
317,0.687785444977757,ADMM,1.0,0.01,74.58901405334473,36588.954894688366,36479.11128148835,0.3011137315062674,2.568611989772762e-12,1.2636168869937041,6,converged,gap_callback_with_solver_termination
317,0.687785444977757,MEL-ADMM,1.0,0.01,13.141870498657227,36480.658979431195,36479.11128148835,0.004242696404798651,3.503863865716994e-12,0.0049757539530972394,16,converged,gap_residual_and_feasibility
317,0.687785444977757,sMEL-ADMM,1.0,0.01,1.144874,36480.735435670635,36479.11128148835,0.004452285500458775,2.000621890374532e-13,0.009881478230427732,32,converged,gap_residual_and_feasibility
318,0.7384788321992518,IPOPT,1.0,1.0e-10,14.123916625976562,36479.11128157179,36479.11128148837,2.2869562079096608e-10,1.1546319456101628e-14,NaN,34,INTERRUPTED,gap_and_residual
318,0.7384788321992518,MadNLP,1.0,0.01,18.605947494506836,36479.11128148834,36479.11128148837,7.978218063525766e-14,1.1546319456101628e-14,NaN,35,LOCALLY_SOLVED,residual_tolerance_upper_bound
318,0.7384788321992518,ADMM,1.0,0.01,85.89696884155273,36539.880732992984,36479.11128148837,0.16658698463264057,3.0819791163594346e-13,0.8637491680680043,7,converged,gap_callback_with_solver_termination
318,0.7384788321992518,MEL-ADMM,1.0,0.01,15.127420425415039,36480.52608408046,36479.11128148837,0.003878391063800074,2.7075008901533693e-12,0.006088398069588052,19,converged,gap_residual_and_feasibility
318,0.7384788321992518,sMEL-ADMM,1.0,0.01,1.2377079999999998,36480.77889139584,36479.11128148837,0.004571410456268298,2.0050627824730327e-13,0.005927931096403327,33,converged,gap_residual_and_feasibility
319,0.6857562198620633,IPOPT,1.0,1.0e-10,13.24009895324707,36479.111281572,36479.11128148833,2.2935382378120719e-10,1.5987211554602254e-14,NaN,34,INTERRUPTED,gap_and_residual
319,0.6857562198620633,MadNLP,1.0,0.01,17.8070068359375,36479.11128148833,36479.11128148833,0.0,1.1546319456101628e-14,NaN,35,LOCALLY_SOLVED,residual_tolerance_upper_bound
319,0.6857562198620633,ADMM,1.0,0.01,74.0358829498291,36584.663513586034,36479.11128148833,0.28934979057800364,4.8827608623014385e-12,1.2209851404410106,6,converged,gap_callback_with_solver_termination
319,0.6857562198620633,MEL-ADMM,1.0,0.01,13.027667999267578,36480.65947521442,36479.11128148833,0.0042440554928695326,4.3014480866077065e-12,0.004985430212002484,16,converged,gap_residual_and_feasibility
319,0.6857562198620633,sMEL-ADMM,1.0,0.01,1.293374,36480.73418277864,36479.11128148833,0.004448850954133433,2.0050627824730327e-13,0.009869163757478816,32,converged,gap_residual_and_feasibility
320,0.5165027982929546,IPOPT,1.0,1.0e-10,12.953042984008789,36479.11128157212,36479.111281488345,2.296530069585893e-10,1.2434497875801753e-14,NaN,33,INTERRUPTED,gap_and_residual
320,0.5165027982929546,MadNLP,1.0,0.01,17.091035842895508,36479.11128148834,36479.111281488345,1.9945545158814427e-14,1.3322676295501878e-14,NaN,34,LOCALLY_SOLVED,residual_tolerance_upper_bound
320,0.5165027982929546,ADMM,1.0,0.01,67.19326972961426,36588.97204760315,36479.111281488345,0.30116075270330156,4.2099657093785936e-13,1.1342369867470667,6,converged,gap_callback_with_solver_termination
320,0.5165027982929546,MEL-ADMM,1.0,0.01,14.66989517211914,36481.10332461216,36479.111281488345,0.005460777562375063,4.201194947484055e-12,0.00982265535101945,18,converged,gap_residual_and_feasibility
320,0.5165027982929546,sMEL-ADMM,1.0,0.01,1.201541,36480.67126788611,36479.111281488345,0.004276382683023005,2.0017321133991572e-13,0.009003939526969873,32,converged,gap_residual_and_feasibility
321,0.35294252567699935,IPOPT,1.0,1.0e-10,12.959957122802734,36479.11128155874,36479.11128148834,1.9299309495668842e-10,1.4210854715202004e-14,NaN,34,INTERRUPTED,gap_and_residual
321,0.35294252567699935,MadNLP,1.0,0.01,17.496824264526367,36479.11128148834,36479.11128148834,0.0,9.769962616701378e-15,NaN,35,LOCALLY_SOLVED,residual_tolerance_upper_bound
321,0.35294252567699935,ADMM,1.0,0.01,69.82088088989258,36583.12374814693,36479.11128148834,0.2851288395048505,2.3014368188967183e-12,1.1772662250571937,6,converged,gap_callback_with_solver_termination
321,0.35294252567699935,MEL-ADMM,1.0,0.01,15.404939651489258,36480.91794163284,36479.11128148834,0.004952588155346142,1.8052781491917358e-12,0.0011457893851076761,19,converged,gap_residual_and_feasibility
321,0.35294252567699935,sMEL-ADMM,1.0,0.01,1.099334,36479.5988624207,36479.11128148834,0.0013366031003374619,1.9984014443252818e-13,0.00811055582055431,35,converged,gap_residual_and_feasibility
322,0.6411597745694115,IPOPT,1.0,1.0e-10,13.288021087646484,36479.111281488345,36479.111281488345,0.0,1.2434497875801753e-14,NaN,34,INTERRUPTED,gap_and_residual
322,0.6411597745694115,MadNLP,1.0,0.01,17.84491539001465,36479.111281488345,36479.111281488345,0.0,1.2434497875801753e-14,NaN,35,LOCALLY_SOLVED,residual_tolerance_upper_bound
322,0.6411597745694115,ADMM,1.0,0.01,72.34454154968262,36565.764016030385,36479.111281488345,0.23754069520331952,5.759837051755312e-13,1.149398227335272,6,converged,gap_callback_with_solver_termination
322,0.6411597745694115,MEL-ADMM,1.0,0.01,15.514850616455078,36480.79103409136,36479.111281488345,0.004604697165047413,3.188227459816062e-12,0.00091754188158788,19,converged,gap_residual_and_feasibility
322,0.6411597745694115,sMEL-ADMM,1.0,0.01,1.116206,36480.70876532233,36479.111281488345,0.004379174211936486,2.0039525594484076e-13,0.009626904395025448,32,converged,gap_residual_and_feasibility
323,0.6562030837485535,IPOPT,1.0,1.0e-10,14.317035675048828,36479.11134601323,36479.11128148835,1.7688172183484314e-7,1.1546319456101628e-14,NaN,33,INTERRUPTED,gap_and_residual
323,0.6562030837485535,MadNLP,1.0,0.01,18.397808074951172,36479.11128148832,36479.11128148835,7.978218063525768e-14,1.4210854715202004e-14,NaN,35,LOCALLY_SOLVED,residual_tolerance_upper_bound
323,0.6562030837485535,ADMM,1.0,0.01,71.60067558288574,36558.16653194238,36479.11128148835,0.2167137511766684,8.008038676621254e-13,1.1355019915764615,6,converged,gap_callback_with_solver_termination
323,0.6562030837485535,MEL-ADMM,1.0,0.01,12.960433959960938,36480.689232890254,36479.11128148835,0.004325630056404687,2.9868330031490586e-12,0.009169071690035224,16,converged,gap_residual_and_feasibility
323,0.6562030837485535,sMEL-ADMM,1.0,0.01,1.34771,36480.71594178456,36479.11128148835,0.004398847010900313,2.0061730054976579e-13,0.009705547307826023,32,converged,gap_residual_and_feasibility
324,0.5917239488349904,IPOPT,1.0,1.0e-10,13.226032257080078,36479.111281572004,36479.11128148837,2.292740416005717e-10,9.769962616701378e-15,NaN,33,INTERRUPTED,gap_and_residual
324,0.5917239488349904,MadNLP,1.0,0.01,17.040014266967773,36479.11128148833,36479.11128148837,9.972772579407208e-14,1.4210854715202004e-14,NaN,34,LOCALLY_SOLVED,residual_tolerance_upper_bound
324,0.5917239488349904,ADMM,1.0,0.01,67.48509407043457,36596.38428061325,36479.11128148837,0.3214798689034851,2.646327601496523e-12,1.0578270539736003,6,converged,gap_callback_with_solver_termination
324,0.5917239488349904,MEL-ADMM,1.0,0.01,14.297246932983398,36481.003753059274,36479.11128148837,0.005187822576882704,4.89608353859694e-13,0.009904303072908682,18,converged,gap_residual_and_feasibility
324,0.5917239488349904,sMEL-ADMM,1.0,0.01,1.192372,36480.693046683016,36479.11128148837,0.004336084786834518,1.999511667349907e-13,0.00938256804829507,32,converged,gap_residual_and_feasibility
325,0.6638994399314828,IPOPT,1.0,1.0e-10,12.94398307800293,36479.111346004494,36479.11128148834,1.768578071261978e-7,1.2434497875801753e-14,NaN,33,INTERRUPTED,gap_and_residual
325,0.6638994399314828,MadNLP,1.0,0.01,17.99607276916504,36479.111281488345,36479.11128148834,1.994554515881443e-14,1.2434497875801753e-14,NaN,35,LOCALLY_SOLVED,residual_tolerance_upper_bound
325,0.6638994399314828,ADMM,1.0,0.01,73.63390922546387,36558.65393634385,36479.11128148834,0.21804987035382126,4.1389114358025836e-13,1.1250218797234925,6,converged,gap_callback_with_solver_termination
325,0.6638994399314828,MEL-ADMM,1.0,0.01,12.708187103271484,36480.67546952859,36479.11128148834,0.004287900623961426,2.4874546866726632e-12,0.00792087048956347,16,converged,gap_residual_and_feasibility
325,0.6638994399314828,sMEL-ADMM,1.0,0.01,1.248457,36480.72068448898,36479.11128148834,0.0044118481621540865,2.0039525594484076e-13,0.009746234813677646,32,converged,gap_residual_and_feasibility
326,0.40564676273792377,IPOPT,1.0,1.0e-10,14.568090438842773,36479.11128157195,36479.11128148834,2.2921420496509543e-10,1.3322676295501878e-14,NaN,33,INTERRUPTED,gap_and_residual
326,0.40564676273792377,MadNLP,1.0,0.01,17.36903190612793,36479.111281488345,36479.11128148834,1.994554515881443e-14,1.1546319456101628e-14,NaN,34,LOCALLY_SOLVED,residual_tolerance_upper_bound
326,0.40564676273792377,ADMM,1.0,0.01,69.78678703308105,36588.97205661937,36479.11128148834,0.30116077741944225,1.7427170817541082e-12,1.134236994551185,6,converged,gap_callback_with_solver_termination
326,0.40564676273792377,MEL-ADMM,1.0,0.01,14.71567153930664,36481.103324484146,36479.11128148834,0.005460777211473088,9.62840918106167e-13,0.009822655334805752,18,converged,gap_residual_and_feasibility
326,0.40564676273792377,sMEL-ADMM,1.0,0.01,1.330042,36479.96911291414,36479.11128148834,0.0023515688723482575,2.0067281170099704e-13,0.004785640100227084,35,converged,gap_residual_and_feasibility
327,0.29099337326708474,IPOPT,1.0,1.0e-10,13.391971588134766,36479.111281571604,36479.11128148834,2.2825681879747235e-10,1.4210854715202004e-14,NaN,34,INTERRUPTED,gap_and_residual
327,0.29099337326708474,MadNLP,1.0,0.01,18.3560848236084,36479.11128148834,36479.11128148834,0.0,1.3322676295501878e-14,NaN,35,LOCALLY_SOLVED,residual_tolerance_upper_bound
327,0.29099337326708474,ADMM,1.0,0.01,73.5788345336914,36560.125918025136,36479.11128148834,0.22208500616052518,1.928290860320203e-12,1.114180593885556,6,converged,gap_callback_with_solver_termination
327,0.29099337326708474,MEL-ADMM,1.0,0.01,12.848854064941406,36480.70198092883,36479.11128148834,0.0043605761889853895,2.3912538615888934e-12,0.005960727909164021,16,converged,gap_residual_and_feasibility
327,0.29099337326708474,sMEL-ADMM,1.0,0.01,1.166709,36479.44299574017,36479.11128148834,0.000909326571241598,1.9984014443252818e-13,0.007596930072523378,39,converged,gap_residual_and_feasibility
328,0.5511968712043549,IPOPT,1.0,1.0e-10,12.592077255249023,36479.11128157213,36479.11128148835,2.2965300695858926e-10,1.1546319456101628e-14,NaN,33,INTERRUPTED,gap_and_residual
328,0.5511968712043549,MadNLP,1.0,0.01,17.143964767456055,36479.111281488316,36479.11128148835,9.972772579407211e-14,1.3322676295501878e-14,NaN,34,LOCALLY_SOLVED,residual_tolerance_upper_bound
328,0.5511968712043549,ADMM,1.0,0.01,68.75038146972656,36588.972050892524,36479.11128148835,0.30116076172042316,4.768407890765047e-13,1.1342369910220311,6,converged,gap_callback_with_solver_termination
328,0.5511968712043549,MEL-ADMM,1.0,0.01,15.522956848144531,36481.10332448292,36479.11128148835,0.005460777208082344,8.37108160567368e-13,0.009822655307746508,18,converged,gap_residual_and_feasibility
328,0.5511968712043549,sMEL-ADMM,1.0,0.01,1.281333,36480.68072874849,36479.11128148835,0.004302317696361797,2.0039525594484076e-13,0.00918567669231507,32,converged,gap_residual_and_feasibility
329,0.5649527398404968,IPOPT,1.0,1.0e-10,13.000011444091797,36479.11128157212,36479.11128148833,2.2969289804890702e-10,1.3322676295501878e-14,NaN,33,INTERRUPTED,gap_and_residual
329,0.5649527398404968,MadNLP,1.0,0.01,17.400026321411133,36479.111281488345,36479.11128148833,3.989109031762887e-14,1.3322676295501878e-14,NaN,34,LOCALLY_SOLVED,residual_tolerance_upper_bound
329,0.5649527398404968,ADMM,1.0,0.01,68.48740577697754,36588.97205214036,36479.11128148833,0.30116076514116413,4.3243186809149847e-13,1.1342369930459073,6,converged,gap_callback_with_solver_termination
329,0.5649527398404968,MEL-ADMM,1.0,0.01,14.705181121826172,36481.103324536656,36479.11128148833,0.005460777355440034,2.295164058807586e-12,0.009822655406938274,18,converged,gap_residual_and_feasibility
329,0.5649527398404968,sMEL-ADMM,1.0,0.01,1.065961,36480.68484563304,36479.11128148833,0.004313603290846842,2.0061730054976579e-13,0.009253361751143885,32,converged,gap_residual_and_feasibility
330,0.6413646962369884,IPOPT,1.0,1.0e-10,14.31894302368164,36479.11128148835,36479.11128148835,0.0,1.0658141036401503e-14,NaN,34,INTERRUPTED,gap_and_residual
330,0.6413646962369884,MadNLP,1.0,0.01,17.97199249267578,36479.11128148835,36479.11128148835,0.0,1.2434497875801753e-14,NaN,35,LOCALLY_SOLVED,residual_tolerance_upper_bound
330,0.6413646962369884,ADMM,1.0,0.01,72.22843170166016,36565.613952877575,36479.11128148835,0.23712932785486643,4.04121180963557e-13,1.1489055691747394,6,converged,gap_callback_with_solver_termination
330,0.6413646962369884,MEL-ADMM,1.0,0.01,15.860795974731445,36480.79011697648,36479.11128148835,0.00460218308273366,3.3745228833481633e-12,0.0009272771023134396,19,converged,gap_residual_and_feasibility
330,0.6413646962369884,sMEL-ADMM,1.0,0.01,1.29596,36480.708840747575,36479.11128148835,0.004379380974757671,2.000621890374532e-13,0.0096279671416859,32,converged,gap_residual_and_feasibility
331,0.544358899059338,IPOPT,1.0,1.0e-10,13.654947280883789,36479.11128157211,36479.11128148832,2.2969289804890707e-10,1.7763568394002505e-14,NaN,33,INTERRUPTED,gap_and_residual
331,0.544358899059338,MadNLP,1.0,0.01,17.9901123046875,36479.111281488316,36479.11128148832,1.9945545158814437e-14,1.3322676295501878e-14,NaN,34,LOCALLY_SOLVED,residual_tolerance_upper_bound
331,0.544358899059338,ADMM,1.0,0.01,69.69666481018066,36588.972048521806,36479.11128148832,0.3011607552216662,1.0873524303178783e-12,1.134236990271889,6,converged,gap_callback_with_solver_termination
331,0.544358899059338,MEL-ADMM,1.0,0.01,14.939546585083008,36481.10332451237,36479.11128148832,0.005460777288881752,1.6482371023585074e-12,0.009822655284096093,18,converged,gap_residual_and_feasibility
331,0.544358899059338,sMEL-ADMM,1.0,0.01,1.300837,36480.67871980903,36479.11128148832,0.004296810601039205,2.0061730054976579e-13,0.009151195397544498,32,converged,gap_residual_and_feasibility
332,0.41668043278831723,IPOPT,1.0,1.0e-10,13.703107833862305,36479.111281572004,36479.11128148835,2.2931393269088943e-10,1.3322676295501878e-14,NaN,33,INTERRUPTED,gap_and_residual
332,0.41668043278831723,MadNLP,1.0,0.01,17.695903778076172,36479.111281488345,36479.11128148835,1.994554515881442e-14,1.4210854715202004e-14,NaN,34,LOCALLY_SOLVED,residual_tolerance_upper_bound
332,0.41668043278831723,ADMM,1.0,0.01,69.15688514709473,36588.97205771903,36479.11128148835,0.3011607804338921,1.3464784842653899e-12,1.1342370059752351,6,converged,gap_callback_with_solver_termination
332,0.41668043278831723,MEL-ADMM,1.0,0.01,15.177249908447266,36481.10332466018,36479.11128148835,0.005460777693995715,5.510314426970808e-12,0.009822655217845089,18,converged,gap_residual_and_feasibility
332,0.41668043278831723,sMEL-ADMM,1.0,0.01,1.536999,36480.09111335518,36479.11128148835,0.0026860080533887107,2.0011770018868447e-13,0.0037030429981559365,36,converged,gap_residual_and_feasibility
333,0.7255616771006019,IPOPT,1.0,1.0e-10,14.751911163330078,36479.111281571735,36479.11128148833,2.2863578415548986e-10,1.0658141036401503e-14,NaN,34,INTERRUPTED,gap_and_residual
333,0.7255616771006019,MadNLP,1.0,0.01,17.959117889404297,36479.111281488345,36479.11128148833,3.989109031762887e-14,1.4210854715202004e-14,NaN,35,LOCALLY_SOLVED,residual_tolerance_upper_bound
333,0.7255616771006019,ADMM,1.0,0.01,79.29062843322754,36752.65585925232,36479.11128148833,0.7498663431057967,8.393175043863721e-12,2.1265630021566633,6,converged,gap_callback_with_solver_termination
333,0.7255616771006019,MEL-ADMM,1.0,0.01,15.729665756225586,36480.54911140671,36479.11128148833,0.003941515754827408,1.2555512185485895e-12,0.005443114198867782,19,converged,gap_residual_and_feasibility
333,0.7255616771006019,sMEL-ADMM,1.0,0.01,1.4369999999999998,36480.77031857046,36479.11128148833,0.0045479098142682224,2.0017321133991572e-13,0.005869434126299922,33,converged,gap_residual_and_feasibility
334,0.6143076262090245,IPOPT,1.0,1.0e-10,12.678146362304688,36479.111281571066,36479.11128148831,2.2686063063635552e-10,1.1546319456101628e-14,NaN,33,INTERRUPTED,gap_and_residual
334,0.6143076262090245,MadNLP,1.0,0.01,17.233848571777344,36479.11128148836,36479.11128148831,1.3961881611170111e-13,1.2434497875801753e-14,NaN,34,LOCALLY_SOLVED,residual_tolerance_upper_bound
334,0.6143076262090245,ADMM,1.0,0.01,69.01264190673828,36586.636639547934,36479.11128148831,0.2947587106218518,2.4881208204874383e-12,1.147748428443034,6,converged,gap_callback_with_solver_termination
334,0.6143076262090245,MEL-ADMM,1.0,0.01,15.090227127075195,36480.915902477864,36479.11128148831,0.004946998230383017,3.1885605267234496e-13,0.0011860762700237615,19,converged,gap_residual_and_feasibility
334,0.6143076262090245,sMEL-ADMM,1.0,0.01,0.9308730000000001,36480.77349394296,36479.11128148831,0.004556614446613188,1.9984014443252818e-13,0.0098169594220483,29,converged,gap_residual_and_feasibility
335,0.5885063934111325,IPOPT,1.0,1.0e-10,14.405965805053711,36479.11128157204,36479.11128148835,2.2941366041668348e-10,1.4210854715202004e-14,NaN,33,INTERRUPTED,gap_and_residual
335,0.5885063934111325,MadNLP,1.0,0.01,17.457962036132812,36479.11128148832,36479.11128148835,7.978218063525768e-14,1.1546319456101628e-14,NaN,34,LOCALLY_SOLVED,residual_tolerance_upper_bound
335,0.5885063934111325,ADMM,1.0,0.01,69.36287879943848,36595.448755908685,36479.11128148835,0.3189153198459867,6.057376822354854e-13,1.0728060469182292,6,converged,gap_callback_with_solver_termination
335,0.5885063934111325,MEL-ADMM,1.0,0.01,14.161109924316406,36481.02579761684,36479.11128148835,0.005248253209123662,4.862776847858186e-12,0.009908188986038624,18,converged,gap_residual_and_feasibility
335,0.5885063934111325,sMEL-ADMM,1.0,0.01,1.410585,36480.692049505444,36479.11128148835,0.0043333512291271374,2.0039525594484076e-13,0.0093671596643361,32,converged,gap_residual_and_feasibility
336,0.5260485962429595,IPOPT,1.0,1.0e-10,12.617826461791992,36479.111281572164,36479.11128148832,2.2983251686501878e-10,1.2434497875801753e-14,NaN,33,INTERRUPTED,gap_and_residual
336,0.5260485962429595,MadNLP,1.0,0.01,17.68803596496582,36479.11128148836,36479.11128148832,9.972772579407219e-14,1.1546319456101628e-14,NaN,34,LOCALLY_SOLVED,residual_tolerance_upper_bound
336,0.5260485962429595,ADMM,1.0,0.01,67.40498542785645,36588.972047500334,36479.11128148832,0.3011607524215111,6.701306176637445e-13,1.1342369844847981,6,converged,gap_callback_with_solver_termination
336,0.5260485962429595,MEL-ADMM,1.0,0.01,14.64986801147461,36481.10332446135,36479.11128148832,0.005460777149023589,4.2454928461665986e-13,0.009822655414870596,18,converged,gap_residual_and_feasibility
336,0.5260485962429595,sMEL-ADMM,1.0,0.01,1.190501,36480.67375045896,36479.11128148832,0.004283188147270414,2.0050627824730327e-13,0.009055487514888938,32,converged,gap_residual_and_feasibility
337,0.420879588374111,IPOPT,1.0,1.0e-10,12.87221908569336,36479.11128157201,36479.11128148837,2.292939871457305e-10,1.865174681370263e-14,NaN,33,INTERRUPTED,gap_and_residual
337,0.420879588374111,MadNLP,1.0,0.01,18.512964248657227,36479.111281488345,36479.11128148837,5.983663547644324e-14,1.509903313490213e-14,NaN,34,LOCALLY_SOLVED,residual_tolerance_upper_bound
337,0.420879588374111,ADMM,1.0,0.01,69.06390190124512,36588.972055809456,36479.11128148837,0.3011607751991438,2.2894464102307666e-12,1.1342369933848575,6,converged,gap_callback_with_solver_termination
337,0.420879588374111,MEL-ADMM,1.0,0.01,14.540433883666992,36481.10332454402,36479.11128148837,0.005460777375525193,2.451649994128502e-12,0.009822655329156937,18,converged,gap_residual_and_feasibility
337,0.420879588374111,sMEL-ADMM,1.0,0.01,1.418751,36480.14060073454,36479.11128148837,0.0028216675516933723,2.0028423364237824e-13,0.005807803029556524,36,converged,gap_residual_and_feasibility
338,0.5560330072382929,IPOPT,1.0,1.0e-10,12.962818145751953,36479.11128157211,36479.11128148834,2.2965300695858936e-10,1.9539925233402755e-14,NaN,33,INTERRUPTED,gap_and_residual
338,0.5560330072382929,MadNLP,1.0,0.01,17.750978469848633,36479.11128148834,36479.11128148834,0.0,1.5987211554602254e-14,NaN,34,LOCALLY_SOLVED,residual_tolerance_upper_bound
338,0.5560330072382929,ADMM,1.0,0.01,68.48788261413574,36588.972051063785,36479.11128148834,0.3011607621899414,3.0352387270227155e-12,1.1342369888174781,6,converged,gap_callback_with_solver_termination
338,0.5560330072382929,MEL-ADMM,1.0,0.01,14.58430290222168,36481.10332465117,36479.11128148834,0.005460777669343023,5.2378101855765635e-12,0.009822655348671994,18,converged,gap_residual_and_feasibility
338,0.5560330072382929,sMEL-ADMM,1.0,0.01,1.0738729999999999,36480.68216690121,36479.11128148834,0.004306260097055528,2.0050627824730327e-13,0.009209640434386657,32,converged,gap_residual_and_feasibility
339,0.3343998339260276,IPOPT,1.0,1.0e-10,13.993978500366211,36479.11128155792,36479.11128148834,1.907392483537424e-10,1.1546319456101628e-14,NaN,34,INTERRUPTED,gap_and_residual
339,0.3343998339260276,MadNLP,1.0,0.01,17.882108688354492,36479.111281488345,36479.11128148834,1.994554515881443e-14,1.4210854715202004e-14,NaN,35,LOCALLY_SOLVED,residual_tolerance_upper_bound
339,0.3343998339260276,ADMM,1.0,0.01,71.64692878723145,36567.2258108997,36479.11128148834,0.24154790595480852,2.841338275771932e-12,1.15499739586242,6,converged,gap_callback_with_solver_termination
339,0.3343998339260276,MEL-ADMM,1.0,0.01,15.218257904052734,36480.83533339411,36479.11128148834,0.004726134615699889,1.981248498594823e-12,0.0007004747937635614,19,converged,gap_residual_and_feasibility
339,0.3343998339260276,sMEL-ADMM,1.0,0.01,1.1751699999999998,36479.51404812807,36479.11128148834,0.0011041021164759884,2.000621890374532e-13,0.009122994380325267,35,converged,gap_residual_and_feasibility
340,0.4936539852671223,IPOPT,1.0,1.0e-10,12.562036514282227,36479.11128157214,36479.11128148834,2.297327891392246e-10,1.4210854715202004e-14,NaN,33,INTERRUPTED,gap_and_residual
340,0.4936539852671223,MadNLP,1.0,0.01,17.02594757080078,36479.11128148835,36479.11128148834,3.989109031762886e-14,1.3322676295501878e-14,NaN,34,LOCALLY_SOLVED,residual_tolerance_upper_bound
340,0.4936539852671223,ADMM,1.0,0.01,66.96319580078125,36588.97204742207,36479.11128148834,0.30116075220691685,3.694822225952521e-13,1.1342369836199824,6,converged,gap_callback_with_solver_termination
340,0.4936539852671223,MEL-ADMM,1.0,0.01,14.390707015991211,36481.10332462343,36479.11128148834,0.00546077759329066,4.485467552939326e-12,0.009822655271364944,18,converged,gap_residual_and_feasibility
340,0.4936539852671223,sMEL-ADMM,1.0,0.01,1.2918770000000002,36480.66589196543,36479.11128148834,0.004261645699356572,1.999511667349907e-13,0.008875044196193116,32,converged,gap_residual_and_feasibility
341,0.5761127447291841,IPOPT,1.0,1.0e-10,13.216972351074219,36479.11128157209,36479.11128148833,2.2961311586827176e-10,1.509903313490213e-14,NaN,33,INTERRUPTED,gap_and_residual
341,0.5761127447291841,MadNLP,1.0,0.01,17.887115478515625,36479.11128148834,36479.11128148833,1.9945545158814434e-14,1.1546319456101628e-14,NaN,34,LOCALLY_SOLVED,residual_tolerance_upper_bound
341,0.5761127447291841,ADMM,1.0,0.01,69.43726539611816,36588.97205310837,36479.11128148833,0.3011607677947793,4.2787995369053533e-13,1.1342369930875282,6,converged,gap_callback_with_solver_termination
341,0.5761127447291841,MEL-ADMM,1.0,0.01,14.51563835144043,36481.10332460734,36479.11128148833,0.005460777549211006,4.1524561567030105e-12,0.009822655535185021,18,converged,gap_residual_and_feasibility
341,0.5761127447291841,sMEL-ADMM,1.0,0.01,1.153873,36480.688235243135,36479.11128148833,0.0043228952115514415,2.0028423364237824e-13,0.009307598910192283,32,converged,gap_residual_and_feasibility
342,0.4537185341586752,IPOPT,1.0,1.0e-10,12.566089630126953,36479.1112815721,36479.11128148834,2.2961311586827173e-10,1.3322676295501878e-14,NaN,33,INTERRUPTED,gap_and_residual
342,0.4537185341586752,MadNLP,1.0,0.01,17.24982261657715,36479.11128148836,36479.11128148834,5.983663547644329e-14,1.509903313490213e-14,NaN,34,LOCALLY_SOLVED,residual_tolerance_upper_bound
342,0.4537185341586752,ADMM,1.0,0.01,68.68410110473633,36588.97205424799,36479.11128148834,0.3011607709187902,1.4567236306106679e-12,1.1342369939294166,6,converged,gap_callback_with_solver_termination
342,0.4537185341586752,MEL-ADMM,1.0,0.01,14.549016952514648,36481.103324400145,36479.11128148834,0.00546077698120177,1.2894130207996568e-12,0.009822655290078863,18,converged,gap_residual_and_feasibility
342,0.4537185341586752,sMEL-ADMM,1.0,0.01,1.671166,36480.455198678006,36479.11128148834,0.003684073274970309,2.0122792321330962e-13,0.008768608887875118,37,converged,gap_residual_and_feasibility
343,0.3928264944389959,IPOPT,1.0,1.0e-10,14.92619514465332,36479.111281571924,36479.11128148835,2.2909453169414246e-10,1.2434497875801753e-14,NaN,33,INTERRUPTED,gap_and_residual
343,0.3928264944389959,MadNLP,1.0,0.01,17.122983932495117,36479.111281488345,36479.11128148835,1.994554515881442e-14,1.0658141036401503e-14,NaN,34,LOCALLY_SOLVED,residual_tolerance_upper_bound
343,0.3928264944389959,ADMM,1.0,0.01,70.44219970703125,36588.97205780957,36479.11128148835,0.3011607806820945,1.5508705430988812e-12,1.134237000328298,6,converged,gap_callback_with_solver_termination
343,0.3928264944389959,MEL-ADMM,1.0,0.01,14.660835266113281,36481.10332447884,36479.11128148835,0.005460777196892893,9.405809464624326e-13,0.009822655726663854,18,converged,gap_residual_and_feasibility
343,0.3928264944389959,sMEL-ADMM,1.0,0.01,1.2942520000000002,36479.83515611495,36479.11128148835,0.0019843537881396624,2.0000667788622195e-13,0.005555940007109683,34,converged,gap_residual_and_feasibility
344,0.3567333640721057,IPOPT,1.0,1.0e-10,12.82191276550293,36479.11128155906,36479.11128148835,1.9383080785335855e-10,1.0658141036401503e-14,NaN,34,INTERRUPTED,gap_and_residual
344,0.3567333640721057,MadNLP,1.0,0.01,19.21701431274414,36479.11128148834,36479.11128148835,3.989109031762884e-14,1.4210854715202004e-14,NaN,35,LOCALLY_SOLVED,residual_tolerance_upper_bound
344,0.3567333640721057,ADMM,1.0,0.01,70.03903388977051,36586.14591281324,36479.11128148835,0.29341348394965966,3.3556490919295356e-12,1.1683476569763567,6,converged,gap_callback_with_solver_termination
344,0.3567333640721057,MEL-ADMM,1.0,0.01,15.320301055908203,36480.9382006653,36479.11128148835,0.005008124136723569,1.7578716260402416e-12,0.001230750832952765,19,converged,gap_residual_and_feasibility
344,0.3567333640721057,sMEL-ADMM,1.0,0.01,1.186543,36479.61887919787,36479.11128148835,0.001391474988525926,1.9945156637390937e-13,0.00893200492551216,35,converged,gap_residual_and_feasibility
345,0.6116875406333311,IPOPT,1.0,1.0e-10,12.748003005981445,36479.111281571495,36479.11128148833,2.27977581165249e-10,1.3322676295501878e-14,NaN,33,INTERRUPTED,gap_and_residual
345,0.6116875406333311,MadNLP,1.0,0.01,17.229080200195312,36479.11128148834,36479.11128148833,1.9945545158814434e-14,9.769962616701378e-15,NaN,34,LOCALLY_SOLVED,residual_tolerance_upper_bound
345,0.6116875406333311,ADMM,1.0,0.01,69.25773620605469,36588.65778876473,36479.11128148833,0.3002992765670489,3.566702488910778e-12,1.1411154563941004,6,converged,gap_callback_with_solver_termination
345,0.6116875406333311,MEL-ADMM,1.0,0.01,15.367984771728516,36480.93083828504,36479.11128148833,0.0049879416816703765,4.759304061963121e-12,0.0012545604828133605,19,converged,gap_residual_and_feasibility
345,0.6116875406333311,sMEL-ADMM,1.0,0.01,1.116459,36480.77206465496,36479.11128148833,0.004552696346714019,2.0039525594484076e-13,0.009760722108973496,29,converged,gap_residual_and_feasibility
346,0.5660123343677473,IPOPT,1.0,1.0e-10,12.965202331542969,36479.11128157211,36479.11128148832,2.2969289804890707e-10,1.4210854715202004e-14,NaN,33,INTERRUPTED,gap_and_residual
346,0.5660123343677473,MadNLP,1.0,0.01,18.031835556030273,36479.111281488316,36479.11128148832,1.9945545158814437e-14,1.2434497875801753e-14,NaN,34,LOCALLY_SOLVED,residual_tolerance_upper_bound
346,0.5660123343677473,ADMM,1.0,0.01,69.15736198425293,36588.972052436824,36479.11128148832,0.30116076595388536,7.822631431508853e-13,1.1342369899872864,6,converged,gap_callback_with_solver_termination
346,0.5660123343677473,MEL-ADMM,1.0,0.01,14.504671096801758,36481.10332462084,36479.11128148832,0.005460777586229939,4.5180525987120745e-12,0.00982265546777139,18,converged,gap_residual_and_feasibility
346,0.5660123343677473,sMEL-ADMM,1.0,0.01,1.100705,36480.68516525324,36479.11128148832,0.00431447946408004,1.9961809982760315e-13,0.009258549086322176,32,converged,gap_residual_and_feasibility
347,0.662502375034612,IPOPT,1.0,1.0e-10,13.762950897216797,36479.11134600549,36479.11128148837,1.7686045988370376e-7,9.769962616701378e-15,NaN,33,INTERRUPTED,gap_and_residual
347,0.662502375034612,MadNLP,1.0,0.01,18.229007720947266,36479.11128148834,36479.11128148837,7.978218063525766e-14,1.4210854715202004e-14,NaN,35,LOCALLY_SOLVED,residual_tolerance_upper_bound
347,0.662502375034612,ADMM,1.0,0.01,73.35400581359863,36558.317555825655,36479.11128148837,0.21712775217054683,2.573719015686038e-12,1.1266804900889387,6,converged,gap_callback_with_solver_termination
347,0.662502375034612,MEL-ADMM,1.0,0.01,12.928962707519531,36480.6770366491,36479.11128148837,0.00429219656325269,2.064348691988016e-12,0.008133264884174096,16,converged,gap_residual_and_feasibility
347,0.662502375034612,sMEL-ADMM,1.0,0.01,1.000709,36480.71982257493,36479.11128148837,0.0044094854015255544,2.0083934515469082e-13,0.009738827758251745,32,converged,gap_residual_and_feasibility
348,0.6090661670487099,IPOPT,1.0,1.0e-10,14.14799690246582,36479.111281571924,36479.11128148834,2.2913442278446017e-10,1.1546319456101628e-14,NaN,33,INTERRUPTED,gap_and_residual
348,0.6090661670487099,MadNLP,1.0,0.01,17.126083374023438,36479.11128148835,36479.11128148834,3.989109031762886e-14,1.509903313490213e-14,NaN,34,LOCALLY_SOLVED,residual_tolerance_upper_bound
348,0.6090661670487099,ADMM,1.0,0.01,68.31097602844238,36591.34222228279,36479.11128148834,0.30765810035345126,4.1389114358025836e-13,1.1412289835180918,6,converged,gap_callback_with_solver_termination
348,0.6090661670487099,MEL-ADMM,1.0,0.01,15.577077865600586,36480.946781160244,36479.11128148834,0.0050316458033826394,3.5407232701345492e-12,0.0013285065738983803,19,converged,gap_residual_and_feasibility
348,0.6090661670487099,sMEL-ADMM,1.0,0.01,0.9933310000000001,36480.77063934405,36479.11128148834,0.004548789149249292,1.999511667349907e-13,0.009745246096427351,29,converged,gap_residual_and_feasibility
349,0.27801879839686383,IPOPT,1.0,1.0e-10,13.073921203613281,36479.111281571524,36479.11128148836,2.279775811652488e-10,1.5987211554602254e-14,NaN,34,INTERRUPTED,gap_and_residual
349,0.27801879839686383,MadNLP,1.0,0.01,17.82083511352539,36479.11128148833,36479.11128148836,7.978218063525767e-14,1.4210854715202004e-14,NaN,35,LOCALLY_SOLVED,residual_tolerance_upper_bound
349,0.27801879839686383,ADMM,1.0,0.01,75.12545585632324,36578.78093534965,36479.11128148836,0.27322390913582073,1.2842504837351498e-12,1.2526383533928067,6,converged,gap_callback_with_solver_termination
349,0.27801879839686383,MEL-ADMM,1.0,0.01,12.813329696655273,36480.69770644461,36479.11128148836,0.004348858567330392,2.92466051377005e-12,0.004902324097606936,16,converged,gap_residual_and_feasibility
349,0.27801879839686383,sMEL-ADMM,1.0,0.01,1.467254,36479.4931743116,36479.11128148836,0.0010468808307753403,2.0039525594484076e-13,0.007928435949539292,39,converged,gap_residual_and_feasibility
350,0.4902073184537434,IPOPT,1.0,1.0e-10,13.954877853393555,36479.11128157211,36479.11128148836,2.2959317032311276e-10,1.1546319456101628e-14,NaN,33,INTERRUPTED,gap_and_residual
350,0.4902073184537434,MadNLP,1.0,0.01,17.284154891967773,36479.11128148834,36479.11128148836,5.983663547644325e-14,1.2434497875801753e-14,NaN,34,LOCALLY_SOLVED,residual_tolerance_upper_bound
350,0.4902073184537434,ADMM,1.0,0.01,69.80752944946289,36588.972047732525,36479.11128148836,0.3011607530579133,3.6148861681795097e-13,1.1342369842650983,6,converged,gap_callback_with_solver_termination
350,0.4902073184537434,MEL-ADMM,1.0,0.01,14.441967010498047,36481.10332446304,36479.11128148836,0.005460777153551222,3.4372504842394846e-13,0.009822655203666208,18,converged,gap_residual_and_feasibility
350,0.4902073184537434,sMEL-ADMM,1.0,0.01,1.143543,36480.66516022512,36479.11128148836,0.004259639783359527,2.0083934515469082e-13,0.008855578836582723,32,converged,gap_residual_and_feasibility
351,0.33073965908381664,IPOPT,1.0,1.0e-10,14.14799690246582,36479.111281575715,36479.111281488345,2.395061062670436e-10,1.2434497875801753e-14,NaN,34,INTERRUPTED,gap_and_residual
351,0.33073965908381664,MadNLP,1.0,0.01,18.51201057434082,36479.11128148834,36479.111281488345,1.9945545158814427e-14,1.0658141036401503e-14,NaN,35,LOCALLY_SOLVED,residual_tolerance_upper_bound
351,0.33073965908381664,ADMM,1.0,0.01,73.24910163879395,36564.36600252721,36479.111281488345,0.23370832798256508,2.21500595642965e-12,1.1461538469752544,6,converged,gap_callback_with_solver_termination
351,0.33073965908381664,MEL-ADMM,1.0,0.01,15.135526657104492,36480.8217674398,36479.111281488345,0.004688946334937498,2.5949242754563784e-12,0.000862362495028357,19,converged,gap_residual_and_feasibility
351,0.33073965908381664,sMEL-ADMM,1.0,0.01,1.494127,36479.499957619155,36479.111281488345,0.0010654758768937147,1.9917401061775308e-13,0.00977920113906805,35,converged,gap_residual_and_feasibility
352,0.43289002975889745,IPOPT,1.0,1.0e-10,13.02480697631836,36479.11128157207,36479.111281488345,2.295133881424776e-10,1.3322676295501878e-14,NaN,33,INTERRUPTED,gap_and_residual
352,0.43289002975889745,MadNLP,1.0,0.01,17.492055892944336,36479.11128148833,36479.111281488345,3.9891090317628855e-14,1.1546319456101628e-14,NaN,34,LOCALLY_SOLVED,residual_tolerance_upper_bound
352,0.43289002975889745,ADMM,1.0,0.01,68.84312629699707,36588.97205480391,36479.111281488345,0.3011607724427095,1.3681278332455804e-12,1.134236990784637,6,converged,gap_callback_with_solver_termination
352,0.43289002975889745,MEL-ADMM,1.0,0.01,14.560222625732422,36481.103324600044,36479.111281488345,0.00546077752916573,3.894995437292437e-12,0.009822655324288831,18,converged,gap_residual_and_feasibility
352,0.43289002975889745,sMEL-ADMM,1.0,0.01,1.223579,36480.18938807801,36479.111281488345,0.0029554080452978897,2.003397447936095e-13,0.00877660471042141,33,converged,gap_residual_and_feasibility
353,0.38544290089736266,IPOPT,1.0,1.0e-10,12.721061706542969,36479.111281571844,36479.111281488316,2.289748584231898e-10,1.5987211554602254e-14,NaN,33,INTERRUPTED,gap_and_residual
353,0.38544290089736266,MadNLP,1.0,0.01,17.208099365234375,36479.11128148834,36479.111281488316,5.983663547644333e-14,1.7763568394002505e-14,NaN,34,LOCALLY_SOLVED,residual_tolerance_upper_bound
353,0.38544290089736266,ADMM,1.0,0.01,68.19009780883789,36592.694106255694,36479.111281488316,0.3113640129303719,7.168710070004636e-13,1.0888196234328982,6,converged,gap_callback_with_solver_termination
353,0.38544290089736266,MEL-ADMM,1.0,0.01,14.366626739501953,36481.06227417636,36479.111281488316,0.00534824621407904,4.093836381002802e-12,0.009908039093102339,18,converged,gap_residual_and_feasibility
353,0.38544290089736266,sMEL-ADMM,1.0,0.01,1.170833,36479.7763371853,36479.111281488316,0.0018231137591363457,2.0011770018868447e-13,0.005350722363434812,34,converged,gap_residual_and_feasibility
354,0.4773398541969926,IPOPT,1.0,1.0e-10,12.985944747924805,36479.11128157214,36479.11128148836,2.2967295250374802e-10,1.3322676295501878e-14,NaN,33,INTERRUPTED,gap_and_residual
354,0.4773398541969926,MadNLP,1.0,0.01,17.119169235229492,36479.11128148832,36479.11128148836,9.972772579407209e-14,1.509903313490213e-14,NaN,34,LOCALLY_SOLVED,residual_tolerance_upper_bound
354,0.4773398541969926,ADMM,1.0,0.01,67.74044036865234,36588.972047405994,36479.11128148836,0.30116075216279714,3.3306690738754696e-13,1.1342369842726798,6,converged,gap_callback_with_solver_termination
354,0.4773398541969926,MEL-ADMM,1.0,0.01,14.52779769897461,36481.10332438829,36479.11128148836,0.005460776948650637,1.553424056055519e-12,0.009822655246491507,18,converged,gap_residual_and_feasibility
354,0.4773398541969926,sMEL-ADMM,1.0,0.01,1.107,36480.66054423611,36479.11128148836,0.004246985996440117,2.0011770018868447e-13,0.00878948572037963,32,converged,gap_residual_and_feasibility
355,0.40213977612533924,IPOPT,1.0,1.0e-10,13.766050338745117,36479.11128157195,36479.11128148834,2.2921420496509543e-10,1.509903313490213e-14,NaN,33,INTERRUPTED,gap_and_residual
355,0.40213977612533924,MadNLP,1.0,0.01,17.480134963989258,36479.11128148837,36479.11128148834,7.978218063525772e-14,1.4210854715202004e-14,NaN,34,LOCALLY_SOLVED,residual_tolerance_upper_bound
355,0.40213977612533924,ADMM,1.0,0.01,69.08702850341797,36588.97205670075,36479.11128148834,0.30116077764253313,9.756084828893563e-13,1.1342369945336817,6,converged,gap_callback_with_solver_termination
355,0.40213977612533924,MEL-ADMM,1.0,0.01,14.511585235595703,36481.10332455393,36479.11128148834,0.005460777402770812,2.885303107547088e-12,0.009822655592399698,18,converged,gap_residual_and_feasibility
355,0.40213977612533924,sMEL-ADMM,1.0,0.01,1.124833,36479.93298525156,36479.11128148834,0.0022525322968524886,2.0028423364237824e-13,0.0030943879224754056,35,converged,gap_residual_and_feasibility
356,0.37095976422454124,IPOPT,1.0,1.0e-10,13.23699951171875,36479.11134600646,36479.11128148834,1.7686319242339068e-7,1.0658141036401503e-14,NaN,32,INTERRUPTED,gap_and_residual
356,0.37095976422454124,MadNLP,1.0,0.01,17.791032791137695,36479.11128148835,36479.11128148834,3.989109031762886e-14,1.2434497875801753e-14,NaN,34,LOCALLY_SOLVED,residual_tolerance_upper_bound
356,0.37095976422454124,ADMM,1.0,0.01,69.74005699157715,36598.539049292856,36479.11128148834,0.32738672519448947,4.0589753780295723e-13,1.1554753650858185,6,converged,gap_callback_with_solver_termination
356,0.37095976422454124,MEL-ADMM,1.0,0.01,14.557361602783203,36480.96287823295,36479.11128148834,0.005075772625947341,4.833078381949463e-12,0.009928913405170547,18,converged,gap_residual_and_feasibility
356,0.37095976422454124,sMEL-ADMM,1.0,0.01,1.211542,36479.664735046186,36479.11128148834,0.0015171793895345541,2.0039525594484076e-13,0.00824772603660584,33,converged,gap_residual_and_feasibility
357,0.56610773183558,IPOPT,1.0,1.0e-10,13.08894157409668,36479.11128157211,36479.11128148833,2.296729525037482e-10,1.4210854715202004e-14,NaN,33,INTERRUPTED,gap_and_residual
357,0.56610773183558,MadNLP,1.0,0.01,17.187118530273438,36479.11128148833,36479.11128148833,0.0,1.1546319456101628e-14,NaN,34,LOCALLY_SOLVED,residual_tolerance_upper_bound
357,0.56610773183558,ADMM,1.0,0.01,67.44885444641113,36588.97205198507,36479.11128148833,0.3011607647154664,5.39124300757976e-13,1.1342369910488985,6,converged,gap_callback_with_solver_termination
357,0.56610773183558,MEL-ADMM,1.0,0.01,14.56141471862793,36481.10332460167,36479.11128148833,0.005460777533653481,3.976152740392536e-12,0.009822655537600866,18,converged,gap_residual_and_feasibility
357,0.56610773183558,sMEL-ADMM,1.0,0.01,0.9734200000000001,36480.68519405416,36479.11128148833,0.004314558415867793,2.0028423364237824e-13,0.009259015654436098,32,converged,gap_residual_and_feasibility
358,0.37305006793579853,IPOPT,1.0,1.0e-10,12.213945388793945,36479.11134600185,36479.111281488345,1.7685054694775996e-7,1.1546319456101628e-14,NaN,32,INTERRUPTED,gap_and_residual
358,0.37305006793579853,MadNLP,1.0,0.01,17.013072967529297,36479.11128148833,36479.111281488345,3.9891090317628855e-14,1.509903313490213e-14,NaN,34,LOCALLY_SOLVED,residual_tolerance_upper_bound
358,0.37305006793579853,ADMM,1.0,0.01,67.92020797729492,36597.449261350266,36479.111281488345,0.3243992951165245,1.8614554342377687e-12,1.1221635629988347,6,converged,gap_callback_with_solver_termination
358,0.37305006793579853,MEL-ADMM,1.0,0.01,14.571428298950195,36480.9781779407,36479.111281488345,0.005117713636024013,7.665923451583012e-12,0.009924874718413967,18,converged,gap_residual_and_feasibility
358,0.37305006793579853,sMEL-ADMM,1.0,0.01,1.093836,36479.67548474284,36479.111281488345,0.0015466474776188017,2.0039525594484076e-13,0.007832511022359157,33,converged,gap_residual_and_feasibility
359,0.2582480130528886,IPOPT,1.0,1.0e-10,12.827873229980469,36479.111281571415,36479.111281488345,2.2771828907818431e-10,1.1546319456101628e-14,NaN,34,INTERRUPTED,gap_and_residual
359,0.2582480130528886,MadNLP,1.0,0.01,19.377946853637695,36479.11128148834,36479.111281488345,1.9945545158814427e-14,1.4210854715202004e-14,NaN,35,LOCALLY_SOLVED,residual_tolerance_upper_bound
359,0.2582480130528886,ADMM,1.0,0.01,74.03039932250977,36633.8460548544,36479.111281488345,0.4241736378171547,4.815481347009154e-12,1.67708559279528,6,converged,gap_callback_with_solver_termination
359,0.2582480130528886,MEL-ADMM,1.0,0.01,12.55488395690918,36480.68638344872,36479.111281488345,0.004317818897021625,2.0818347046258623e-12,0.007715031332224953,16,converged,gap_residual_and_feasibility
359,0.2582480130528886,sMEL-ADMM,1.0,0.01,1.344329,36479.7492515441,36479.111281488345,0.0017488640302362223,1.9978463328129692e-13,0.00848177732805766,39,converged,gap_residual_and_feasibility
360,0.4430451509439783,IPOPT,1.0,1.0e-10,12.805938720703125,36479.11128157208,36479.11128148837,2.2947349705215984e-10,1.2434497875801753e-14,NaN,33,INTERRUPTED,gap_and_residual
360,0.4430451509439783,MadNLP,1.0,0.01,17.492055892944336,36479.11128148835,36479.11128148837,3.989109031762883e-14,1.687538997430238e-14,NaN,34,LOCALLY_SOLVED,residual_tolerance_upper_bound
360,0.4430451509439783,ADMM,1.0,0.01,69.54073905944824,36588.97205486563,36479.11128148837,0.30116077261184754,3.5704772471945034e-13,1.1342369963065213,6,converged,gap_callback_with_solver_termination
360,0.4430451509439783,MEL-ADMM,1.0,0.01,14.490365982055664,36481.10332459317,36479.11128148837,0.00546077751025735,3.700428852226878e-12,0.00982265531211901,18,converged,gap_residual_and_feasibility
360,0.4430451509439783,sMEL-ADMM,1.0,0.01,1.212587,36480.3248373909,36479.11128148837,0.00332671454951132,1.996736109788344e-13,0.006566497708055508,35,converged,gap_residual_and_feasibility
361,0.4647425303536647,IPOPT,1.0,1.0e-10,13.835906982421875,36479.111281572106,36479.11128148834,2.2963306141343055e-10,1.2434497875801753e-14,NaN,33,INTERRUPTED,gap_and_residual
361,0.4647425303536647,MadNLP,1.0,0.01,17.405986785888672,36479.11128148834,36479.11128148834,0.0,1.1546319456101628e-14,NaN,34,LOCALLY_SOLVED,residual_tolerance_upper_bound
361,0.4647425303536647,ADMM,1.0,0.01,68.72129440307617,36588.97204828076,36479.11128148834,0.3011607545608502,1.5710210909958278e-12,1.1342369871473021,6,converged,gap_callback_with_solver_termination
361,0.4647425303536647,MEL-ADMM,1.0,0.01,14.545202255249023,36481.103324441065,36479.11128148834,0.005460777093375516,3.9523939676655573e-13,0.009822655299687177,18,converged,gap_residual_and_feasibility
361,0.4647425303536647,sMEL-ADMM,1.0,0.01,1.217211,36480.54447456741,36479.11128148834,0.003928804811096131,2.000621890374532e-13,0.006838823280991946,33,converged,gap_residual_and_feasibility
362,0.6057959274272711,IPOPT,1.0,1.0e-10,12.582063674926758,36479.11128157197,36479.111281488345,2.292341505102542e-10,1.1546319456101628e-14,NaN,33,INTERRUPTED,gap_and_residual
362,0.6057959274272711,MadNLP,1.0,0.01,17.064809799194336,36479.11128148833,36479.111281488345,3.9891090317628855e-14,1.3322676295501878e-14,NaN,34,LOCALLY_SOLVED,residual_tolerance_upper_bound
362,0.6057959274272711,ADMM,1.0,0.01,67.0623779296875,36595.170472355116,36479.111281488345,0.31815246257291774,3.6060043839825084e-13,1.151766576959484,6,converged,gap_callback_with_solver_termination
362,0.6057959274272711,MEL-ADMM,1.0,0.01,15.572309494018555,36480.968846011434,36479.111281488345,0.005092132066361909,1.5593082380860324e-12,0.0014243051117954764,19,converged,gap_residual_and_feasibility
362,0.6057959274272711,sMEL-ADMM,1.0,0.01,1.396001,36480.76886790884,36479.111281488345,0.004543933122993799,1.9984014443252818e-13,0.00980064009912418,29,converged,gap_residual_and_feasibility
363,0.41356857034008765,IPOPT,1.0,1.0e-10,13.070106506347656,36479.11128157199,36479.111281488345,2.2929398714573064e-10,1.3322676295501878e-14,NaN,33,INTERRUPTED,gap_and_residual
363,0.41356857034008765,MadNLP,1.0,0.01,17.162084579467773,36479.11128148835,36479.111281488345,1.9945545158814427e-14,1.4210854715202004e-14,NaN,34,LOCALLY_SOLVED,residual_tolerance_upper_bound
363,0.41356857034008765,ADMM,1.0,0.01,69.4437026977539,36588.97205708696,36479.111281488345,0.3011607787012227,2.2082891071306676e-12,1.1342369997892456,6,converged,gap_callback_with_solver_termination
363,0.41356857034008765,MEL-ADMM,1.0,0.01,14.562845230102539,36481.103324666,36479.111281488345,0.005460777709972098,5.624611887355968e-12,0.009822655257102575,18,converged,gap_residual_and_feasibility
363,0.41356857034008765,sMEL-ADMM,1.0,0.01,1.363039,36480.058953487445,36479.111281488345,0.002597848373517651,2.0017321133991572e-13,0.008920774632866113,35,converged,gap_residual_and_feasibility
364,0.5010359996114092,IPOPT,1.0,1.0e-10,13.711214065551758,36479.11128157212,36479.11128148834,2.2967295250374818e-10,1.1546319456101628e-14,NaN,33,INTERRUPTED,gap_and_residual
364,0.5010359996114092,MadNLP,1.0,0.01,17.739057540893555,36479.111281488345,36479.11128148834,1.994554515881443e-14,1.509903313490213e-14,NaN,34,LOCALLY_SOLVED,residual_tolerance_upper_bound
364,0.5010359996114092,ADMM,1.0,0.01,69.90909576416016,36588.97204872784,36479.11128148834,0.30116075578642415,6.425970866530406e-13,1.1342369925761755,6,converged,gap_callback_with_solver_termination
364,0.5010359996114092,MEL-ADMM,1.0,0.01,14.305591583251953,36481.10332433206,36479.11128148834,0.005460776794571303,3.12061487761639e-12,0.009822655120958146,18,converged,gap_residual_and_feasibility
364,0.5010359996114092,sMEL-ADMM,1.0,0.01,1.306582,36480.66741698673,36479.11128148834,0.004265826232407146,2.0061730054976579e-13,0.008917124634775675,32,converged,gap_residual_and_feasibility
365,0.3578141954471085,IPOPT,1.0,1.0e-10,13.238906860351562,36479.11128157019,36479.11128148833,2.244073285818212e-10,1.5987211554602254e-14,NaN,33,INTERRUPTED,gap_and_residual
365,0.3578141954471085,MadNLP,1.0,0.01,18.017053604125977,36479.11128148834,36479.11128148833,1.9945545158814434e-14,1.0658141036401503e-14,NaN,34,LOCALLY_SOLVED,residual_tolerance_upper_bound
365,0.3578141954471085,ADMM,1.0,0.01,70.04594802856445,36586.9838658777,36479.11128148833,0.2957105603724256,6.022404797079162e-13,1.165195817544003,6,converged,gap_callback_with_solver_termination
365,0.3578141954471085,MEL-ADMM,1.0,0.01,15.498876571655273,36480.944013341636,36479.11128148833,0.005024058396495967,1.4717671525943388e-12,0.0012551828412696864,19,converged,gap_residual_and_feasibility
365,0.3578141954471085,sMEL-ADMM,1.0,0.01,1.31871,36479.62488341209,36479.11128148833,0.0014079343101273151,1.9984014443252818e-13,0.009165753405110166,35,converged,gap_residual_and_feasibility
366,0.5789713391759201,IPOPT,1.0,1.0e-10,13.468027114868164,36479.11128157207,36479.11128148834,2.2953333368763647e-10,1.0658141036401503e-14,NaN,33,INTERRUPTED,gap_and_residual
366,0.5789713391759201,MadNLP,1.0,0.01,17.087936401367188,36479.111281488316,36479.11128148834,5.983663547644329e-14,1.1546319456101628e-14,NaN,34,LOCALLY_SOLVED,residual_tolerance_upper_bound
366,0.5789713391759201,ADMM,1.0,0.01,68.29953193664551,36589.58746034526,36479.11128148834,0.30284778048577415,1.1640688413194766e-12,1.127513045940221,6,converged,gap_callback_with_solver_termination
366,0.5789713391759201,MEL-ADMM,1.0,0.01,14.799833297729492,36481.09253474226,36479.11128148834,0.005431199347576089,5.657030399675023e-12,0.00984740485995328,18,converged,gap_residual_and_feasibility
366,0.5789713391759201,sMEL-ADMM,1.0,0.01,1.080291,36480.6891108581,36479.11128148834,0.004325295530319652,2.0039525594484076e-13,0.009321380406248636,32,converged,gap_residual_and_feasibility
367,0.2573315075854687,IPOPT,1.0,1.0e-10,13.216972351074219,36479.111281571386,36479.111281488345,2.2763850689754905e-10,1.509903313490213e-14,NaN,34,INTERRUPTED,gap_and_residual
367,0.2573315075854687,MadNLP,1.0,0.01,17.562150955200195,36479.111281488345,36479.111281488345,0.0,1.0658141036401503e-14,NaN,35,LOCALLY_SOLVED,residual_tolerance_upper_bound
367,0.2573315075854687,ADMM,1.0,0.01,74.7225284576416,36637.380274509655,36479.111281488345,0.4338619759676661,3.3973379665042103e-12,1.6974179553343673,6,converged,gap_callback_with_solver_termination
367,0.2573315075854687,MEL-ADMM,1.0,0.01,12.800455093383789,36480.6861256851,36479.111281488345,0.004317112290920378,1.532329818587641e-12,0.007886538837580837,16,converged,gap_residual_and_feasibility
367,0.2573315075854687,sMEL-ADMM,1.0,0.01,1.443921,36479.76245606894,36479.111281488345,0.0017850615262150773,2.0022872249114698e-13,0.008424073165725687,39,converged,gap_residual_and_feasibility
368,0.3272353700581177,IPOPT,1.0,1.0e-10,12.78996467590332,36479.11128157182,36479.11128148834,2.2885518515223678e-10,1.509903313490213e-14,NaN,34,INTERRUPTED,gap_and_residual
368,0.3272353700581177,MadNLP,1.0,0.01,17.514944076538086,36479.11128148834,36479.11128148834,0.0,1.1546319456101628e-14,NaN,35,LOCALLY_SOLVED,residual_tolerance_upper_bound
368,0.3272353700581177,ADMM,1.0,0.01,70.68419456481934,36561.85218840586,36479.11128148834,0.2268172222701785,9.696687897076117e-13,1.1434906679584804,6,converged,gap_callback_with_solver_termination
368,0.3272353700581177,MEL-ADMM,1.0,0.01,15.172004699707031,36480.807988117645,36479.11128148834,0.004651173150066048,1.7023049636577525e-12,0.001029142518006232,19,converged,gap_residual_and_feasibility
368,0.3272353700581177,sMEL-ADMM,1.0,0.01,1.090756,36479.462202646544,36479.11128148834,0.0009619783648182531,1.996736109788344e-13,0.007529108907251114,36,converged,gap_residual_and_feasibility
369,0.4332485892473266,IPOPT,1.0,1.0e-10,13.375997543334961,36479.11128157205,36479.111281488345,2.2945355150700116e-10,1.2434497875801753e-14,NaN,33,INTERRUPTED,gap_and_residual
369,0.4332485892473266,MadNLP,1.0,0.01,16.99209213256836,36479.11128148835,36479.111281488345,1.9945545158814427e-14,1.2434497875801753e-14,NaN,34,LOCALLY_SOLVED,residual_tolerance_upper_bound
369,0.4332485892473266,ADMM,1.0,0.01,66.47801399230957,36588.97205515977,36479.111281488345,0.30116077341822617,2.73930877980888e-12,1.1342369960171972,6,converged,gap_callback_with_solver_termination
369,0.4332485892473266,MEL-ADMM,1.0,0.01,14.36758041381836,36481.10332458773,36479.111281488345,0.005460777495417868,3.589517572066825e-12,0.00982265531897486,18,converged,gap_residual_and_feasibility
369,0.4332485892473266,sMEL-ADMM,1.0,0.01,1.1259169999999998,36480.19248621907,36479.111281488345,0.002963900963439808,2.0050627824730327e-13,0.009080608534565826,33,converged,gap_residual_and_feasibility
370,0.3013118794558904,IPOPT,1.0,1.0e-10,13.451814651489258,36479.11128157167,36479.11128148833,2.2845627424906053e-10,1.4210854715202004e-14,NaN,34,INTERRUPTED,gap_and_residual
370,0.3013118794558904,MadNLP,1.0,0.01,17.856836318969727,36479.111281488345,36479.11128148833,3.989109031762887e-14,1.3322676295501878e-14,NaN,35,LOCALLY_SOLVED,residual_tolerance_upper_bound
370,0.3013118794558904,ADMM,1.0,0.01,72.85952568054199,36552.777650646196,36479.11128148833,0.20194123861577684,1.4822587601770465e-12,1.1138822227111271,6,converged,gap_callback_with_solver_termination
370,0.3013118794558904,MEL-ADMM,1.0,0.01,12.835025787353516,36480.70924368107,36479.11128148833,0.004380485534336038,4.3126613391564206e-13,0.007332923406140779,16,converged,gap_residual_and_feasibility
370,0.3013118794558904,sMEL-ADMM,1.0,0.01,1.6908299999999998,36479.434823344374,36479.11128148833,0.0008869236247200808,2.0000667788622195e-13,0.006857464961449011,39,converged,gap_residual_and_feasibility
371,0.3143700627863083,IPOPT,1.0,1.0e-10,13.681173324584961,36479.11128157172,36479.11128148833,2.2859589306517223e-10,1.2434497875801753e-14,NaN,34,INTERRUPTED,gap_and_residual
371,0.3143700627863083,MadNLP,1.0,0.01,18.215179443359375,36479.11128148834,36479.11128148833,1.9945545158814434e-14,1.7763568394002505e-14,NaN,35,LOCALLY_SOLVED,residual_tolerance_upper_bound
371,0.3143700627863083,ADMM,1.0,0.01,71.59948348999023,36552.710108827705,36479.11128148833,0.2017560865763814,1.8153811787158247e-12,1.1238920686289937,6,converged,gap_callback_with_solver_termination
371,0.3143700627863083,MEL-ADMM,1.0,0.01,12.987136840820312,36480.7258702694,36479.11128148833,0.004426063915351242,1.9069745782474e-12,0.009027353090537815,16,converged,gap_residual_and_feasibility
371,0.3143700627863083,sMEL-ADMM,1.0,0.01,1.32629,36479.445409941494,36479.11128148833,0.0009159446089164643,1.9950707752514063e-13,0.005806628291063376,39,converged,gap_residual_and_feasibility
372,0.6078063274285768,IPOPT,1.0,1.0e-10,12.397050857543945,36479.11128157198,36479.11128148834,2.292939871457307e-10,1.1546319456101628e-14,NaN,33,INTERRUPTED,gap_and_residual
372,0.6078063274285768,MadNLP,1.0,0.01,17.014026641845703,36479.111281488316,36479.11128148834,5.983663547644329e-14,1.0658141036401503e-14,NaN,34,LOCALLY_SOLVED,residual_tolerance_upper_bound
372,0.6078063274285768,ADMM,1.0,0.01,68.35818290710449,36592.825770535805,36479.11128148834,0.3117249435437095,9.144907053837414e-13,1.1454091463442877,6,converged,gap_callback_with_solver_termination
372,0.6078063274285768,MEL-ADMM,1.0,0.01,16.309499740600586,36480.9552491652,36479.11128148834,0.005054859101781216,3.0109248427834245e-13,0.0013668807924442916,19,converged,gap_residual_and_feasibility
372,0.6078063274285768,sMEL-ADMM,1.0,0.01,0.999207,36480.769956023854,36479.11128148834,0.004546915967105518,1.9972912213006566e-13,0.009766678003087392,29,converged,gap_residual_and_feasibility
373,0.6220970657376055,IPOPT,1.0,1.0e-10,14.132022857666016,36479.11128156976,36479.111281488345,2.2319065032713342e-10,1.0658141036401503e-14,NaN,33,INTERRUPTED,gap_and_residual
373,0.6220970657376055,MadNLP,1.0,0.01,17.69089698791504,36479.11128148834,36479.111281488345,1.9945545158814427e-14,1.3322676295501878e-14,NaN,34,LOCALLY_SOLVED,residual_tolerance_upper_bound
373,0.6220970657376055,ADMM,1.0,0.01,71.03157043457031,36580.90460698614,36479.111281488345,0.27904551926256455,1.3862244685469705e-12,1.1661004852982115,6,converged,gap_callback_with_solver_termination
373,0.6220970657376055,MEL-ADMM,1.0,0.01,14.841556549072266,36480.87634088615,36479.111281488345,0.004838548242536176,5.398126390332436e-12,0.0009813806231147026,19,converged,gap_residual_and_feasibility
373,0.6220970657376055,sMEL-ADMM,1.0,0.01,1.0803340000000001,36480.77778173922,36479.111281488345,0.004568368560338417,2.0061730054976579e-13,0.009985971970081664,29,converged,gap_residual_and_feasibility
374,0.6416965834299709,IPOPT,1.0,1.0e-10,13.285160064697266,36479.11128148837,36479.11128148837,0.0,1.2434497875801753e-14,NaN,34,INTERRUPTED,gap_and_residual
374,0.6416965834299709,MadNLP,1.0,0.01,17.666101455688477,36479.11128148834,36479.11128148837,7.978218063525766e-14,1.2434497875801753e-14,NaN,35,LOCALLY_SOLVED,residual_tolerance_upper_bound
374,0.6416965834299709,ADMM,1.0,0.01,70.24550437927246,36565.373844371534,36479.11128148837,0.23647111964304132,3.5083047578154947e-13,1.1488037133729225,6,converged,gap_callback_with_solver_termination
374,0.6416965834299709,MEL-ADMM,1.0,0.01,15.457391738891602,36480.78863387541,36479.11128148837,0.004598117465363097,2.702060797332706e-12,0.0009430664351892659,19,converged,gap_residual_and_feasibility
374,0.6416965834299709,sMEL-ADMM,1.0,0.01,1.05525,36480.708962909746,36479.11128148837,0.0043797158572496525,2.0017321133991572e-13,0.00962968887084159,32,converged,gap_residual_and_feasibility
375,0.5672543370170843,IPOPT,1.0,1.0e-10,14.093875885009766,36479.111281572106,36479.11128148834,2.2963306141343055e-10,1.0658141036401503e-14,NaN,33,INTERRUPTED,gap_and_residual
375,0.5672543370170843,MadNLP,1.0,0.01,17.171144485473633,36479.11128148834,36479.11128148834,0.0,1.1546319456101628e-14,NaN,34,LOCALLY_SOLVED,residual_tolerance_upper_bound
375,0.5672543370170843,ADMM,1.0,0.01,67.33393669128418,36588.97205281798,36479.11128148834,0.30116076699871264,4.705125178361413e-13,1.1342369957408138,6,converged,gap_callback_with_solver_termination
375,0.5672543370170843,MEL-ADMM,1.0,0.01,15.320062637329102,36481.10332464953,36479.11128148834,0.00546077766483533,5.238143252483951e-12,0.009822655359740473,18,converged,gap_residual_and_feasibility
375,0.5672543370170843,sMEL-ADMM,1.0,0.01,1.331086,36480.68554053409,36479.11128148834,0.004315508219497077,2.000621890374532e-13,0.009264617743586001,32,converged,gap_residual_and_feasibility
376,0.2999155752286518,IPOPT,1.0,1.0e-10,14.315128326416016,36479.11128157166,36479.11128148833,2.284363287039017e-10,1.0658141036401503e-14,NaN,34,INTERRUPTED,gap_and_residual
376,0.2999155752286518,MadNLP,1.0,0.01,18.134117126464844,36479.11128148835,36479.11128148833,5.98366354764433e-14,1.2434497875801753e-14,NaN,35,LOCALLY_SOLVED,residual_tolerance_upper_bound
376,0.2999155752286518,ADMM,1.0,0.01,74.36871528625488,36553.427255759794,36479.11128148833,0.2037219977702025,2.097710893878002e-12,1.1141240874583467,6,converged,gap_callback_with_solver_termination
376,0.2999155752286518,MEL-ADMM,1.0,0.01,13.080358505249023,36480.70766230669,36479.11128148833,0.004376150520884092,7.076839114716904e-12,0.007153997319949923,16,converged,gap_residual_and_feasibility
376,0.2999155752286518,sMEL-ADMM,1.0,0.01,1.2790460000000001,36479.43479770285,36479.11128148833,0.0008868533337467825,1.995625886763719e-13,0.007012444774947113,39,converged,gap_residual_and_feasibility
377,0.4576431535319995,IPOPT,1.0,1.0e-10,13.947010040283203,36479.11128157207,36479.11128148834,2.2953333368763647e-10,1.3322676295501878e-14,NaN,33,INTERRUPTED,gap_and_residual
377,0.4576431535319995,MadNLP,1.0,0.01,17.127037048339844,36479.11128148835,36479.11128148834,3.989109031762886e-14,1.509903313490213e-14,NaN,34,LOCALLY_SOLVED,residual_tolerance_upper_bound
377,0.4576431535319995,ADMM,1.0,0.01,67.40427017211914,36588.97205454839,36479.11128148834,0.3011607717422619,4.1389114358025836e-13,1.1342369974891842,6,converged,gap_callback_with_solver_termination
377,0.4576431535319995,MEL-ADMM,1.0,0.01,14.084815979003906,36481.103324604344,36479.11128148834,0.005460777540973494,4.021671884402167e-12,0.009822655404084557,18,converged,gap_residual_and_feasibility
377,0.4576431535319995,sMEL-ADMM,1.0,0.01,1.201832,36480.44704044513,36479.11128148834,0.0036617091531704828,2.0056178939853453e-13,0.008781579716991034,33,converged,gap_residual_and_feasibility
378,0.6979856949455734,IPOPT,1.0,1.0e-10,13.278007507324219,36479.11128157192,36479.11128148833,2.2913442278446022e-10,1.4210854715202004e-14,NaN,34,INTERRUPTED,gap_and_residual
378,0.6979856949455734,MadNLP,1.0,0.01,17.90904998779297,36479.11128148838,36479.11128148833,1.3961881611170104e-13,1.0658141036401503e-14,NaN,35,LOCALLY_SOLVED,residual_tolerance_upper_bound
378,0.6979856949455734,ADMM,1.0,0.01,73.93074035644531,36615.83460730054,36479.11128148833,0.37479894934169744,3.3073543903583413e-12,1.4871228467166753,6,converged,gap_callback_with_solver_termination
378,0.6979856949455734,MEL-ADMM,1.0,0.01,12.906789779663086,36480.65278608256,36479.11128148833,0.0042257186101198226,5.119682455756447e-12,0.005850226971276129,16,converged,gap_residual_and_feasibility
378,0.6979856949455734,sMEL-ADMM,1.0,0.01,0.9648709999999999,36480.74172245873,36479.11128148833,0.004469519440376123,1.999511667349907e-13,0.009944947832053685,32,converged,gap_residual_and_feasibility
379,0.42615851871704324,IPOPT,1.0,1.0e-10,14.226913452148438,36479.11128157202,36479.11128148836,2.293338782360482e-10,1.2434497875801753e-14,NaN,33,INTERRUPTED,gap_and_residual
379,0.42615851871704324,MadNLP,1.0,0.01,17.709016799926758,36479.11128148836,36479.11128148836,0.0,1.3322676295501878e-14,NaN,34,LOCALLY_SOLVED,residual_tolerance_upper_bound
379,0.42615851871704324,ADMM,1.0,0.01,69.23747062683105,36588.97205553424,36479.11128148836,0.30116077444472356,2.278954802648059e-12,1.134236992071191,6,converged,gap_callback_with_solver_termination
379,0.42615851871704324,MEL-ADMM,1.0,0.01,14.573812484741211,36481.10332451042,36479.11128148836,0.005460777283436612,1.55081503194765e-12,0.00982265535335447,18,converged,gap_residual_and_feasibility
379,0.42615851871704324,sMEL-ADMM,1.0,0.01,1.509418,36480.203840445014,36479.11128148836,0.00299502624453609,2.000621890374532e-13,0.008058879373185945,36,converged,gap_residual_and_feasibility
380,0.6517372867994743,IPOPT,1.0,1.0e-10,14.138936996459961,36479.11128157569,36479.11128148833,2.394861607218849e-10,9.769962616701378e-15,NaN,34,INTERRUPTED,gap_and_residual
380,0.6517372867994743,MadNLP,1.0,0.01,18.210887908935547,36479.111281488316,36479.11128148833,3.989109031762887e-14,1.3322676295501878e-14,NaN,35,LOCALLY_SOLVED,residual_tolerance_upper_bound
380,0.6517372867994743,ADMM,1.0,0.01,71.37513160705566,36559.443657104035,36479.11128148833,0.22021472780908904,4.050093593832571e-13,1.142869029707545,6,converged,gap_callback_with_solver_termination
380,0.6517372867994743,MEL-ADMM,1.0,0.01,12.97903060913086,36480.70080604987,36479.11128148833,0.004357355499353712,4.13125089693267e-12,0.009843928725458362,16,converged,gap_residual_and_feasibility
380,0.6517372867994743,sMEL-ADMM,1.0,0.01,1.144754,36480.71319487877,36479.11128148833,0.0043913169322574675,2.000621890374532e-13,0.009682073642613531,32,converged,gap_residual_and_feasibility
381,0.6012940478458964,IPOPT,1.0,1.0e-10,12.792110443115234,36479.11128157195,36479.11128148834,2.2921420496509543e-10,1.4210854715202004e-14,NaN,33,INTERRUPTED,gap_and_residual
381,0.6012940478458964,MadNLP,1.0,0.01,16.981124877929688,36479.11128148833,36479.11128148834,1.994554515881443e-14,1.509903313490213e-14,NaN,34,LOCALLY_SOLVED,residual_tolerance_upper_bound
381,0.6012940478458964,ADMM,1.0,0.01,69.86427307128906,36599.36201588578,36479.11128148834,0.3296427192799112,6.210587599753126e-13,1.1601637107223768,6,converged,gap_callback_with_solver_termination
381,0.6012940478458964,MEL-ADMM,1.0,0.01,14.978885650634766,36480.93248058927,36479.11128148834,0.00499244372177024,1.070921129553426e-12,0.009937138819019253,18,converged,gap_residual_and_feasibility
381,0.6012940478458964,sMEL-ADMM,1.0,0.01,1.286496,36480.766441723405,36479.11128148834,0.004537282233370523,2.0050627824730327e-13,0.009875647617260341,29,converged,gap_residual_and_feasibility
382,0.3972564333546221,IPOPT,1.0,1.0e-10,12.665033340454102,36479.111281571924,36479.11128148832,2.291743138747779e-10,1.1546319456101628e-14,NaN,33,INTERRUPTED,gap_and_residual
382,0.3972564333546221,MadNLP,1.0,0.01,17.10677146911621,36479.11128148833,36479.11128148832,1.9945545158814437e-14,1.0658141036401503e-14,NaN,34,LOCALLY_SOLVED,residual_tolerance_upper_bound
382,0.3972564333546221,ADMM,1.0,0.01,67.16275215148926,36588.9720583671,36479.11128148832,0.30116078221052184,3.872457909892546e-13,1.1342370071134331,6,converged,gap_callback_with_solver_termination
382,0.3972564333546221,MEL-ADMM,1.0,0.01,14.629602432250977,36481.10332453938,36479.11128148832,0.005460777362919615,2.547073663095034e-12,0.009822655731599461,18,converged,gap_residual_and_feasibility
382,0.3972564333546221,sMEL-ADMM,1.0,0.01,1.281583,36479.877814662475,36479.11128148832,0.002101293444999112,2.0050627824730327e-13,0.007838917314522575,34,converged,gap_residual_and_feasibility
383,0.6278783846504635,IPOPT,1.0,1.0e-10,13.406991958618164,36479.11128156878,36479.11128148834,2.2051794727585234e-10,1.0658141036401503e-14,NaN,33,INTERRUPTED,gap_and_residual
383,0.6278783846504635,MadNLP,1.0,0.01,18.826961517333984,36479.11128148837,36479.11128148834,7.978218063525772e-14,1.0658141036401503e-14,NaN,34,LOCALLY_SOLVED,residual_tolerance_upper_bound
383,0.6278783846504635,ADMM,1.0,0.01,72.03364372253418,36576.50681313193,36479.11128148834,0.26698986960522186,5.614397835529417e-13,1.1734241195646558,6,converged,gap_callback_with_solver_termination
383,0.6278783846504635,MEL-ADMM,1.0,0.01,15.468597412109375,36480.850058895456,36479.11128148834,0.004766501556741472,3.5433878053936496e-12,0.000814885967171719,19,converged,gap_residual_and_feasibility
383,0.6278783846504635,sMEL-ADMM,1.0,0.01,1.105625,36480.70434233168,36479.11128148834,0.0043670494904555135,2.000621890374532e-13,0.009558563824608513,32,converged,gap_residual_and_feasibility
384,0.26423017055169745,IPOPT,1.0,1.0e-10,13.250112533569336,36479.11128157142,36479.111281488345,2.2773823462334313e-10,1.3322676295501878e-14,NaN,34,INTERRUPTED,gap_and_residual
384,0.26423017055169745,MadNLP,1.0,0.01,17.915010452270508,36479.11128148834,36479.111281488345,1.9945545158814427e-14,1.3322676295501878e-14,NaN,35,LOCALLY_SOLVED,residual_tolerance_upper_bound
384,0.26423017055169745,ADMM,1.0,0.01,72.19672203063965,36613.16584369479,36479.111281488345,0.36748308140520064,1.025551865652119e-11,1.5426868737855153,6,converged,gap_callback_with_solver_termination
384,0.26423017055169745,MEL-ADMM,1.0,0.01,12.918710708618164,36480.68902353007,36479.111281488345,0.004325056138421575,2.3848145680460675e-12,0.0066021250844139345,16,converged,gap_residual_and_feasibility
384,0.26423017055169745,sMEL-ADMM,1.0,0.01,1.288288,36479.663634665245,36479.111281488345,0.0015141629209036783,2.0017321133991572e-13,0.008225536977152004,39,converged,gap_residual_and_feasibility
385,0.47774652281067975,IPOPT,1.0,1.0e-10,12.563943862915039,36479.111281572106,36479.11128148835,2.295931703231128e-10,1.1546319456101628e-14,NaN,33,INTERRUPTED,gap_and_residual
385,0.47774652281067975,MadNLP,1.0,0.01,16.932010650634766,36479.111281488345,36479.11128148835,1.994554515881442e-14,1.0658141036401503e-14,NaN,34,LOCALLY_SOLVED,residual_tolerance_upper_bound
385,0.47774652281067975,ADMM,1.0,0.01,66.9248104095459,36588.97204764236,36479.11128148835,0.3011607528107681,2.4076296512021145e-12,1.1342369844900535,6,converged,gap_callback_with_solver_termination
385,0.47774652281067975,MEL-ADMM,1.0,0.01,14.227867126464844,36481.10332441836,36479.11128148835,0.005460777031105522,8.206213486516845e-13,0.009822655383167955,18,converged,gap_residual_and_feasibility
385,0.47774652281067975,sMEL-ADMM,1.0,0.01,1.04854,36480.66095781636,36479.11128148835,0.004248119741875966,2.0028423364237824e-13,0.008794254213341901,32,converged,gap_residual_and_feasibility
386,0.5898936551856364,IPOPT,1.0,1.0e-10,13.149023056030273,36479.11128157202,36479.111281488375,2.2929398714573046e-10,1.4210854715202004e-14,NaN,33,INTERRUPTED,gap_and_residual
386,0.5898936551856364,MadNLP,1.0,0.01,18.043041229248047,36479.111281488345,36479.111281488375,7.978218063525765e-14,1.3322676295501878e-14,NaN,34,LOCALLY_SOLVED,residual_tolerance_upper_bound
386,0.5898936551856364,ADMM,1.0,0.01,68.31121444702148,36595.84287418797,36479.111281488375,0.3199957142564236,1.205036070928145e-12,1.0669179403120808,6,converged,gap_callback_with_solver_termination
386,0.5898936551856364,MEL-ADMM,1.0,0.01,14.537334442138672,36481.016280758275,36479.111281488375,0.005222164693652645,3.5429437161837996e-12,0.00990674929502866,18,converged,gap_residual_and_feasibility
386,0.5898936551856364,sMEL-ADMM,1.0,0.01,1.444126,36480.69247912829,36479.111281488375,0.004334528951956973,2.0039525594484076e-13,0.00937380443911806,32,converged,gap_residual_and_feasibility
387,0.3995943812845301,IPOPT,1.0,1.0e-10,12.572050094604492,36479.11128157195,36479.11128148834,2.2921420496509543e-10,1.5987211554602254e-14,NaN,33,INTERRUPTED,gap_and_residual
387,0.3995943812845301,MadNLP,1.0,0.01,17.355918884277344,36479.111281488345,36479.11128148834,1.994554515881443e-14,1.509903313490213e-14,NaN,34,LOCALLY_SOLVED,residual_tolerance_upper_bound
387,0.3995943812845301,ADMM,1.0,0.01,68.96209716796875,36588.97205662606,36479.11128148834,0.3011607774377722,1.5295542610260782e-12,1.1342369928075833,6,converged,gap_callback_with_solver_termination
387,0.3995943812845301,MEL-ADMM,1.0,0.01,14.422893524169922,36481.10332443866,36479.11128148834,0.005460777086793486,3.7836400679225335e-13,0.009822655582501838,18,converged,gap_residual_and_feasibility
387,0.3995943812845301,sMEL-ADMM,1.0,0.01,1.198334,36479.90242270652,36479.11128148834,0.002168751349432829,2.000621890374532e-13,0.009480255347684263,34,converged,gap_residual_and_feasibility
388,0.4826201832927479,IPOPT,1.0,1.0e-10,13.61703872680664,36479.11128157213,36479.111281488345,2.2967295250374813e-10,9.769962616701378e-15,NaN,33,INTERRUPTED,gap_and_residual
388,0.4826201832927479,MadNLP,1.0,0.01,17.901182174682617,36479.11128148834,36479.111281488345,1.9945545158814427e-14,1.1546319456101628e-14,NaN,34,LOCALLY_SOLVED,residual_tolerance_upper_bound
388,0.4826201832927479,ADMM,1.0,0.01,69.11754608154297,36588.97204765734,36479.111281488345,0.301160752851856,2.0717316751017734e-12,1.1342369870140034,6,converged,gap_callback_with_solver_termination
388,0.4826201832927479,MEL-ADMM,1.0,0.01,14.346122741699219,36481.10332459884,36479.111281488345,0.00546077752585477,3.880507026821078e-12,0.009822655355857357,18,converged,gap_residual_and_feasibility
388,0.4826201832927479,sMEL-ADMM,1.0,0.01,1.154081,36480.663485314,36479.111281488345,0.004255048358156694,2.011169009108471e-13,0.008814595595639574,32,converged,gap_residual_and_feasibility
389,0.6024638000056911,IPOPT,1.0,1.0e-10,13.588905334472656,36479.111281571946,36479.111281488345,2.2917431387477775e-10,1.0658141036401503e-14,NaN,33,INTERRUPTED,gap_and_residual
389,0.6024638000056911,MadNLP,1.0,0.01,16.97683334350586,36479.111281488345,36479.111281488345,0.0,1.2434497875801753e-14,NaN,34,LOCALLY_SOLVED,residual_tolerance_upper_bound
389,0.6024638000056911,ADMM,1.0,0.01,67.64793395996094,36598.42616051552,36479.111281488345,0.32707726377018637,1.0758061108617767e-12,1.1588211405451387,6,converged,gap_callback_with_solver_termination
389,0.6024638000056911,MEL-ADMM,1.0,0.01,14.54019546508789,36480.923968717616,36479.111281488345,0.004969110171799573,1.7849055566898642e-12,0.00995421151010678,18,converged,gap_residual_and_feasibility
389,0.6024638000056911,sMEL-ADMM,1.0,0.01,0.9547950000000001,36480.767070732996,36479.111281488345,0.004539006534106685,1.999511667349907e-13,0.00985629508467234,29,converged,gap_residual_and_feasibility
390,0.398199195468881,IPOPT,1.0,1.0e-10,12.984037399291992,36479.111281571924,36479.11128148836,2.290745861489836e-10,1.1546319456101628e-14,NaN,33,INTERRUPTED,gap_and_residual
390,0.398199195468881,MadNLP,1.0,0.01,17.349958419799805,36479.11128148835,36479.11128148836,1.9945545158814418e-14,1.3322676295501878e-14,NaN,34,LOCALLY_SOLVED,residual_tolerance_upper_bound
390,0.398199195468881,ADMM,1.0,0.01,69.09775733947754,36588.972057729494,36479.11128148836,0.30116078046255385,2.2905566332553917e-12,1.1342370022662882,6,converged,gap_callback_with_solver_termination
390,0.398199195468881,MEL-ADMM,1.0,0.01,14.338016510009766,36481.103324650176,36479.11128148836,0.005460777666550644,5.397182700761505e-12,0.009822655730129526,18,converged,gap_residual_and_feasibility
390,0.398199195468881,sMEL-ADMM,1.0,0.01,1.247253,36479.88755924712,36479.11128148836,0.0021280062246393063,1.995625886763719e-13,0.00849433700119917,34,converged,gap_residual_and_feasibility
391,0.7206561770860935,IPOPT,1.0,1.0e-10,12.937784194946289,36479.11128157178,36479.11128148834,2.287355118812839e-10,1.3322676295501878e-14,NaN,34,INTERRUPTED,gap_and_residual
391,0.7206561770860935,MadNLP,1.0,0.01,17.51399040222168,36479.11128148834,36479.11128148834,0.0,1.4210854715202004e-14,NaN,35,LOCALLY_SOLVED,residual_tolerance_upper_bound
391,0.7206561770860935,ADMM,1.0,0.01,73.93574714660645,36720.27812491133,36479.11128148834,0.6611094266032091,9.282463686588471e-12,2.010162712788203,6,converged,gap_callback_with_solver_termination
391,0.7206561770860935,MEL-ADMM,1.0,0.01,15.469074249267578,36480.56001205016,36479.11128148834,0.003971397632593153,3.1635805086693836e-12,0.005176332490148816,19,converged,gap_residual_and_feasibility
391,0.7206561770860935,sMEL-ADMM,1.0,0.01,1.274957,36480.7670624162,36479.11128148834,0.004538983735331347,1.9984014443252818e-13,0.005847547066494485,33,converged,gap_residual_and_feasibility
392,0.27411168715287043,IPOPT,1.0,1.0e-10,14.436960220336914,36479.11128157147,36479.11128148835,2.2785790789429597e-10,1.1546319456101628e-14,NaN,34,INTERRUPTED,gap_and_residual
392,0.27411168715287043,MadNLP,1.0,0.01,17.489910125732422,36479.11128148834,36479.11128148835,3.989109031762884e-14,1.7763568394002505e-14,NaN,35,LOCALLY_SOLVED,residual_tolerance_upper_bound
392,0.27411168715287043,ADMM,1.0,0.01,73.60315322875977,36586.8567878228,36479.11128148835,0.29536220195452617,6.7991723362581524e-12,1.3302496115765647,6,converged,gap_callback_with_solver_termination
392,0.27411168715287043,MEL-ADMM,1.0,0.01,12.45570182800293,36480.6963930327,36479.11128148835,0.004345258118029307,5.573708161676905e-12,0.004870454832861526,16,converged,gap_residual_and_feasibility
392,0.27411168715287043,sMEL-ADMM,1.0,0.01,1.301748,36479.529074993334,36479.11128148835,0.0011452951848448794,2.0078383400345956e-13,0.007916205051701652,39,converged,gap_residual_and_feasibility
393,0.3559961331600197,IPOPT,1.0,1.0e-10,12.134790420532227,36479.11134599929,36479.11128148832,1.7684358595249964e-7,1.2434497875801753e-14,NaN,32,INTERRUPTED,gap_and_residual
393,0.3559961331600197,MadNLP,1.0,0.01,17.22097396850586,36479.11128148834,36479.11128148832,3.9891090317628874e-14,1.2434497875801753e-14,NaN,34,LOCALLY_SOLVED,residual_tolerance_upper_bound
393,0.3559961331600197,ADMM,1.0,0.01,68.96352767944336,36585.57155337691,36479.11128148832,0.2918389953831234,8.498202141993261e-13,1.1704258607348832,6,converged,gap_callback_with_solver_termination
393,0.3559961331600197,MEL-ADMM,1.0,0.01,15.265703201293945,36480.93424505786,36479.11128148832,0.004997280650485372,7.508438315539934e-12,0.0012142318182863931,19,converged,gap_residual_and_feasibility
393,0.3559961331600197,sMEL-ADMM,1.0,0.01,1.374955,36479.61489371401,36479.11128148832,0.0013805496022093237,2.0017321133991572e-13,0.008769547460818927,35,converged,gap_residual_and_feasibility
394,0.6451430748546552,IPOPT,1.0,1.0e-10,14.364004135131836,36479.111281575715,36479.11128148834,2.395260518122025e-10,1.3322676295501878e-14,NaN,34,INTERRUPTED,gap_and_residual
394,0.6451430748546552,MadNLP,1.0,0.01,17.943859100341797,36479.11128148835,36479.11128148834,3.989109031762886e-14,1.0658141036401503e-14,NaN,35,LOCALLY_SOLVED,residual_tolerance_upper_bound
394,0.6451430748546552,ADMM,1.0,0.01,70.09649276733398,36562.94724812333,36479.11128148834,0.2298191038374795,4.218847493575595e-13,1.148131167344725,6,converged,gap_callback_with_solver_termination
394,0.6451430748546552,MEL-ADMM,1.0,0.01,15.39301872253418,36480.77341398576,36479.11128148834,0.004556395260270394,1.6752155218568987e-12,0.0011091275381991395,19,converged,gap_residual_and_feasibility
394,0.6451430748546552,sMEL-ADMM,1.0,0.01,1.0787069999999999,36480.71023196056,36479.11128148834,0.0043831946997985325,2.0039525594484076e-13,0.009647606156292454,32,converged,gap_residual_and_feasibility
395,0.662712424032474,IPOPT,1.0,1.0e-10,13.366937637329102,36479.11134600533,36479.11128148834,1.7686010086389105e-7,1.0658141036401503e-14,NaN,33,INTERRUPTED,gap_and_residual
395,0.662712424032474,MadNLP,1.0,0.01,17.88616180419922,36479.11128148833,36479.11128148834,1.994554515881443e-14,1.3322676295501878e-14,NaN,35,LOCALLY_SOLVED,residual_tolerance_upper_bound
395,0.662712424032474,ADMM,1.0,0.01,74.56779479980469,36558.35468773153,36479.11128148834,0.21722954167308844,3.7125857943465235e-13,1.1261273705451131,6,converged,gap_callback_with_solver_termination
395,0.662712424032474,MEL-ADMM,1.0,0.01,12.873649597167969,36480.67672978432,36479.11128148834,0.004291355356494878,2.6324498136887087e-12,0.008097234365056494,16,converged,gap_residual_and_feasibility
395,0.662712424032474,sMEL-ADMM,1.0,0.01,1.119086,36480.71995213264,36479.11128148834,0.004409840557487409,2.0028423364237824e-13,0.009739940811153147,32,converged,gap_residual_and_feasibility
396,0.4698299043444989,IPOPT,1.0,1.0e-10,13.505935668945312,36479.11128157211,36479.111281488345,2.296330614134305e-10,1.2434497875801753e-14,NaN,33,INTERRUPTED,gap_and_residual
396,0.4698299043444989,MadNLP,1.0,0.01,17.032146453857422,36479.11128148834,36479.111281488345,1.9945545158814427e-14,8.881784197001252e-15,NaN,34,LOCALLY_SOLVED,residual_tolerance_upper_bound
396,0.4698299043444989,ADMM,1.0,0.01,67.88778305053711,36588.97205006209,36479.111281488345,0.30116075944397835,1.1490253193358058e-12,1.1342369890694721,6,converged,gap_callback_with_solver_termination
396,0.4698299043444989,MEL-ADMM,1.0,0.01,14.426708221435547,36481.10332428199,36479.111281488345,0.005460776657286115,4.33736380145433e-12,0.009822655239473121,18,converged,gap_residual_and_feasibility
396,0.4698299043444989,sMEL-ADMM,1.0,0.01,1.20204,36480.60805239598,36479.111281488345,0.004103090385309923,1.9984014443252818e-13,0.009259267283276529,32,converged,gap_residual_and_feasibility
397,0.5274901943154042,IPOPT,1.0,1.0e-10,12.758016586303711,36479.11128157214,36479.111281488345,2.2971284359406576e-10,1.0658141036401503e-14,NaN,33,INTERRUPTED,gap_and_residual
397,0.5274901943154042,MadNLP,1.0,0.01,17.72284507751465,36479.11128148833,36479.111281488345,3.9891090317628855e-14,1.1546319456101628e-14,NaN,34,LOCALLY_SOLVED,residual_tolerance_upper_bound
397,0.5274901943154042,ADMM,1.0,0.01,69.27847862243652,36588.97204793941,36479.111281488345,0.30116075362508493,1.5664136654436334e-12,1.134236987983118,6,converged,gap_callback_with_solver_termination
397,0.5274901943154042,MEL-ADMM,1.0,0.01,14.404773712158203,36481.103324568205,36479.111281488345,0.005460777441884025,3.117395230844977e-12,0.009822655366194866,18,converged,gap_residual_and_feasibility
397,0.5274901943154042,sMEL-ADMM,1.0,0.01,1.2328759999999999,36480.67412789441,36479.111281488345,0.00428422280906201,2.007283228522283e-13,0.009063113985645188,32,converged,gap_residual_and_feasibility
398,0.6974468640706357,IPOPT,1.0,1.0e-10,13.805866241455078,36479.11128157193,36479.11128148831,2.2923415051025442e-10,1.2434497875801753e-14,NaN,34,INTERRUPTED,gap_and_residual
398,0.6974468640706357,MadNLP,1.0,0.01,17.840147018432617,36479.11128148834,36479.11128148831,7.978218063525779e-14,1.2434497875801753e-14,NaN,35,LOCALLY_SOLVED,residual_tolerance_upper_bound
398,0.6974468640706357,ADMM,1.0,0.01,73.97103309631348,36614.15574904046,36479.11128148831,0.37019670383439407,1.4596102104746933e-12,1.4742775223422622,6,converged,gap_callback_with_solver_termination
398,0.6974468640706357,MEL-ADMM,1.0,0.01,12.881755828857422,36480.65306434799,36479.11128148831,0.004226481417780944,1.311839525897085e-12,0.005745622742921341,16,converged,gap_residual_and_feasibility
398,0.6974468640706357,sMEL-ADMM,1.0,0.01,1.325208,36480.74139157271,36479.11128148831,0.004468612384278572,2.000621890374532e-13,0.009941484689129254,32,converged,gap_residual_and_feasibility
399,0.3650575005098477,IPOPT,1.0,1.0e-10,13.364791870117188,36479.111281571466,36479.11128148834,2.2787785343945486e-10,1.3322676295501878e-14,NaN,33,INTERRUPTED,gap_and_residual
399,0.3650575005098477,MadNLP,1.0,0.01,17.863035202026367,36479.11128148835,36479.11128148834,3.989109031762886e-14,1.3322676295501878e-14,NaN,34,LOCALLY_SOLVED,residual_tolerance_upper_bound
399,0.3650575005098477,ADMM,1.0,0.01,69.69475746154785,36595.3000018626,36479.11128148834,0.31850754114511565,3.739231146937527e-13,1.1602018253662196,6,converged,gap_callback_with_solver_termination
399,0.3650575005098477,MEL-ADMM,1.0,0.01,15.452146530151367,36480.98862676675,36479.11128148834,0.005146356949128805,3.1702418468171345e-12,0.0014579369537965903,19,converged,gap_residual_and_feasibility
399,0.3650575005098477,sMEL-ADMM,1.0,0.01,1.344998,36479.664428299664,36479.11128148834,0.0015163385068719018,2.0028423364237824e-13,0.006719508621836567,36,converged,gap_residual_and_feasibility
400,0.3850134590584936,IPOPT,1.0,1.0e-10,12.527942657470703,36479.11128157186,36479.11128148835,2.2891502178771312e-10,1.0658141036401503e-14,NaN,33,INTERRUPTED,gap_and_residual
400,0.3850134590584936,MadNLP,1.0,0.01,17.287015914916992,36479.11128148835,36479.11128148835,0.0,1.1546319456101628e-14,NaN,34,LOCALLY_SOLVED,residual_tolerance_upper_bound
400,0.3850134590584936,ADMM,1.0,0.01,67.00420379638672,36592.903424205586,36479.11128148835,0.31193781514896185,2.2528645615693677e-12,1.0878413239869937,6,converged,gap_callback_with_solver_termination
400,0.3850134590584936,MEL-ADMM,1.0,0.01,14.545440673828125,36481.05940698465,36479.11128148835,0.005340386396102478,3.252342839488165e-12,0.009906694807193972,18,converged,gap_residual_and_feasibility
400,0.3850134590584936,sMEL-ADMM,1.0,0.01,1.06017,36479.77328347623,36479.11128148835,0.0018147426420760816,2.0022872249114698e-13,0.005601679820371075,34,converged,gap_residual_and_feasibility
401,0.2910623626452911,IPOPT,1.0,1.0e-10,14.174938201904297,36479.11128157162,36479.11128148835,2.2825681879747225e-10,1.5987211554602254e-14,NaN,34,INTERRUPTED,gap_and_residual
401,0.2910623626452911,MadNLP,1.0,0.01,17.835140228271484,36479.11128148834,36479.11128148835,3.989109031762884e-14,1.4210854715202004e-14,NaN,35,LOCALLY_SOLVED,residual_tolerance_upper_bound
401,0.2910623626452911,ADMM,1.0,0.01,73.39715957641602,36560.057804655844,36479.11128148835,0.22189828733181963,4.174993684102901e-13,1.114191515860119,6,converged,gap_callback_with_solver_termination
401,0.2910623626452911,MEL-ADMM,1.0,0.01,12.725591659545898,36480.70200048825,36479.11128148835,0.004360629807078576,9.076073226310655e-13,0.005970348759455568,16,converged,gap_residual_and_feasibility
401,0.2910623626452911,sMEL-ADMM,1.0,0.01,1.307788,36479.44289681319,36479.11128148835,0.0009090553831726528,1.995625886763719e-13,0.0075955664883320395,39,converged,gap_residual_and_feasibility
402,0.6374036266707426,IPOPT,1.0,1.0e-10,13.792991638183594,36479.11128148835,36479.11128148835,0.0,1.1546319456101628e-14,NaN,34,INTERRUPTED,gap_and_residual
402,0.6374036266707426,MadNLP,1.0,0.01,17.925024032592773,36479.11128148834,36479.11128148835,3.989109031762884e-14,1.3322676295501878e-14,NaN,35,LOCALLY_SOLVED,residual_tolerance_upper_bound
402,0.6374036266707426,ADMM,1.0,0.01,70.56260108947754,36568.55903400647,36479.11128148835,0.2452026635953293,4.4497738826976274e-13,1.1585893412414512,6,converged,gap_callback_with_solver_termination
402,0.6374036266707426,MEL-ADMM,1.0,0.01,15.304088592529297,36480.808082343465,36479.11128148835,0.004651431450779734,4.285238830448179e-12,0.0007423769474277364,19,converged,gap_residual_and_feasibility
402,0.6374036266707426,sMEL-ADMM,1.0,0.01,1.483249,36480.70738310944,36479.11128148835,0.004375385158836893,2.0017321133991572e-13,0.009607468881444703,32,converged,gap_residual_and_feasibility
403,0.47576833963664644,IPOPT,1.0,1.0e-10,12.540102005004883,36479.11128157211,36479.111281488345,2.296330614134305e-10,1.2434497875801753e-14,NaN,33,INTERRUPTED,gap_and_residual
403,0.47576833963664644,MadNLP,1.0,0.01,16.970157623291016,36479.11128148837,36479.111281488345,5.983663547644328e-14,1.3322676295501878e-14,NaN,34,LOCALLY_SOLVED,residual_tolerance_upper_bound
403,0.47576833963664644,ADMM,1.0,0.01,66.97845458984375,36588.972048594595,36479.111281488345,0.3011607554211414,1.3763434836278066e-12,1.134236987039607,6,converged,gap_callback_with_solver_termination
403,0.47576833963664644,MEL-ADMM,1.0,0.01,14.43028450012207,36481.103324518204,36479.111281488345,0.005460777304818238,1.7880141811588146e-12,0.009822655409053915,18,converged,gap_residual_and_feasibility
403,0.47576833963664644,sMEL-ADMM,1.0,0.01,1.0745419999999999,36480.65760592251,36479.111281488345,0.004238931212534788,2.0045076709607201e-13,0.008764614365446732,32,converged,gap_residual_and_feasibility
404,0.421087933924805,IPOPT,1.0,1.0e-10,12.573003768920898,36479.111281572026,36479.11128148835,2.2937376932636585e-10,1.1546319456101628e-14,NaN,33,INTERRUPTED,gap_and_residual
404,0.421087933924805,MadNLP,1.0,0.01,17.82393455505371,36479.11128148833,36479.11128148835,5.983663547644327e-14,1.3322676295501878e-14,NaN,34,LOCALLY_SOLVED,residual_tolerance_upper_bound
404,0.421087933924805,ADMM,1.0,0.01,68.70388984680176,36588.97205634542,36479.11128148835,0.30116077666841257,3.9168668308775523e-13,1.1342369983864957,6,converged,gap_callback_with_solver_termination
404,0.421087933924805,MEL-ADMM,1.0,0.01,14.42718505859375,36481.10332455674,36479.11128148835,0.005460777410429899,2.7643443090141773e-12,0.009822655257964108,18,converged,gap_residual_and_feasibility
404,0.421087933924805,sMEL-ADMM,1.0,0.01,1.408703,36480.14314102044,36479.11128148835,0.002828631224383945,2.003397447936095e-13,0.005912484887428349,36,converged,gap_residual_and_feasibility
405,0.48316321764398756,IPOPT,1.0,1.0e-10,12.558937072753906,36479.111281572106,36479.11128148835,2.295931703231128e-10,1.5987211554602254e-14,NaN,33,INTERRUPTED,gap_and_residual
405,0.48316321764398756,MadNLP,1.0,0.01,17.695903778076172,36479.11128148833,36479.11128148835,5.983663547644327e-14,1.1546319456101628e-14,NaN,34,LOCALLY_SOLVED,residual_tolerance_upper_bound
405,0.48316321764398756,ADMM,1.0,0.01,68.31717491149902,36588.9720471182,36479.11128148835,0.30116075137389103,4.050093593832571e-13,1.134236981335695,6,converged,gap_callback_with_solver_termination
405,0.48316321764398756,MEL-ADMM,1.0,0.01,14.333963394165039,36481.10332441191,36479.11128148835,0.005460777013413823,9.779954623923004e-13,0.00982265538210747,18,converged,gap_residual_and_feasibility
405,0.48316321764398756,sMEL-ADMM,1.0,0.01,0.945624,36480.663607708324,36479.11128148835,0.004255383877071132,2.0011770018868447e-13,0.008817499134114115,32,converged,gap_residual_and_feasibility
406,0.34121068451886966,IPOPT,1.0,1.0e-10,13.425111770629883,36479.11134600377,36479.11128148835,1.7685577268059153e-7,1.687538997430238e-14,NaN,33,INTERRUPTED,gap_and_residual
406,0.34121068451886966,MadNLP,1.0,0.01,17.969846725463867,36479.11128148834,36479.11128148835,3.989109031762884e-14,1.5987211554602254e-14,NaN,35,LOCALLY_SOLVED,residual_tolerance_upper_bound
406,0.34121068451886966,ADMM,1.0,0.01,72.39675521850586,36572.926350822876,36479.11128148835,0.2571747667058177,4.17271772690242e-12,1.168736465364412,6,converged,gap_callback_with_solver_termination
406,0.34121068451886966,MEL-ADMM,1.0,0.01,15.021562576293945,36480.86153872568,36479.11128148835,0.004797971156208131,5.1953996660358825e-12,0.000718054788233502,19,converged,gap_residual_and_feasibility
406,0.34121068451886966,sMEL-ADMM,1.0,0.01,1.3761260000000002,36479.542338627805,36479.11128148835,0.0011816547177544558,1.9945156637390937e-13,0.007544817581978336,35,converged,gap_residual_and_feasibility
407,0.7282777943342027,IPOPT,1.0,1.0e-10,13.432025909423828,36479.11128157173,36479.11128148836,2.285360564296956e-10,9.769962616701378e-15,NaN,34,INTERRUPTED,gap_and_residual
407,0.7282777943342027,MadNLP,1.0,0.01,19.056081771850586,36479.111281488345,36479.11128148836,3.9891090317628836e-14,1.509903313490213e-14,NaN,35,LOCALLY_SOLVED,residual_tolerance_upper_bound
407,0.7282777943342027,ADMM,1.0,0.01,77.62479782104492,36772.31589918459,36479.11128148836,0.8037603093829245,1.7884582703686647e-12,2.190702498717892,6,converged,gap_callback_with_solver_termination
407,0.7282777943342027,MEL-ADMM,1.0,0.01,14.947652816772461,36480.54310008732,36479.11128148836,0.003925036955842694,7.309708394132031e-13,0.0055852227874479965,19,converged,gap_residual_and_feasibility
407,0.7282777943342027,sMEL-ADMM,1.0,0.01,1.1963309999999998,36480.772114729945,36479.11128148836,0.004552833616942185,1.999511667349907e-13,0.005881424509899702,33,converged,gap_residual_and_feasibility
408,0.466346890153172,IPOPT,1.0,1.0e-10,13.541936874389648,36479.11128157209,36479.11128148836,2.2953333368763632e-10,1.4210854715202004e-14,NaN,33,INTERRUPTED,gap_and_residual
408,0.466346890153172,MadNLP,1.0,0.01,17.785072326660156,36479.11128148832,36479.11128148836,9.972772579407209e-14,1.0658141036401503e-14,NaN,34,LOCALLY_SOLVED,residual_tolerance_upper_bound
408,0.466346890153172,ADMM,1.0,0.01,69.17810440063477,36588.97204884289,36479.11128148836,0.3011607561017431,2.910505170206079e-12,1.1342369881387082,6,converged,gap_callback_with_solver_termination
408,0.466346890153172,MEL-ADMM,1.0,0.01,14.36305046081543,36481.1033244883,36479.11128148836,0.005460777222802155,1.0272893646856573e-12,0.009822655398143532,18,converged,gap_residual_and_feasibility
408,0.466346890153172,sMEL-ADMM,1.0,0.01,1.323376,36480.56784358247,36479.11128148836,0.003992866171730929,2.0022872249114698e-13,0.006388069823378473,33,converged,gap_residual_and_feasibility
409,0.5409999086483321,IPOPT,1.0,1.0e-10,14.56904411315918,36479.11128157213,36479.11128148834,2.2969289804890697e-10,1.0658141036401503e-14,NaN,33,INTERRUPTED,gap_and_residual
409,0.5409999086483321,MadNLP,1.0,0.01,16.993045806884766,36479.11128148832,36479.11128148834,3.989109031762886e-14,1.2434497875801753e-14,NaN,34,LOCALLY_SOLVED,residual_tolerance_upper_bound
409,0.5409999086483321,ADMM,1.0,0.01,66.6191577911377,36588.97204724958,36479.11128148834,0.30116075173408774,3.5083047578154947e-13,1.1342369840472637,6,converged,gap_callback_with_solver_termination
409,0.5409999086483321,MEL-ADMM,1.0,0.01,14.756917953491211,36481.103324623495,36479.11128148834,0.00546077759347017,4.550471111031129e-12,0.009822655288207471,18,converged,gap_residual_and_feasibility
409,0.5409999086483321,sMEL-ADMM,1.0,0.01,1.3987509999999999,36480.677744209155,36479.11128148834,0.004294136194079891,2.0028423364237824e-13,0.009133966315253872,32,converged,gap_residual_and_feasibility
410,0.7259640577387778,IPOPT,1.0,1.0e-10,13.431072235107422,36479.11128157173,36479.11128148832,2.2863578415548992e-10,1.3322676295501878e-14,NaN,34,INTERRUPTED,gap_and_residual
410,0.7259640577387778,MadNLP,1.0,0.01,17.912864685058594,36479.11128148835,36479.11128148832,7.978218063525775e-14,1.9539925233402755e-14,NaN,35,LOCALLY_SOLVED,residual_tolerance_upper_bound
410,0.7259640577387778,ADMM,1.0,0.01,76.7672061920166,36755.49336255554,36479.11128148832,0.7576447763064651,1.1289191803598442e-11,2.1360832126912768,6,converged,gap_callback_with_solver_termination
410,0.7259640577387778,MEL-ADMM,1.0,0.01,14.86349105834961,36480.54820381139,36479.11128148832,0.003939027768467121,5.521139101460903e-13,0.005464594847158111,19,converged,gap_residual_and_feasibility
410,0.7259640577387778,sMEL-ADMM,1.0,0.01,1.20771,36480.770584869155,36479.11128148832,0.004548639817531111,2.0017321133991572e-13,0.005871217379649352,33,converged,gap_residual_and_feasibility
411,0.34852607692779397,IPOPT,1.0,1.0e-10,12.550830841064453,36479.11134600565,36479.11128148833,1.7686099841342323e-7,1.2434497875801753e-14,NaN,33,INTERRUPTED,gap_and_residual
411,0.34852607692779397,MadNLP,1.0,0.01,17.42100715637207,36479.11128148834,36479.11128148833,1.9945545158814434e-14,1.1546319456101628e-14,NaN,35,LOCALLY_SOLVED,residual_tolerance_upper_bound
411,0.34852607692779397,ADMM,1.0,0.01,67.96908378601074,36579.287641482515,36479.11128148833,0.27461294004993925,3.939626402882368e-13,1.1764931779561145,6,converged,gap_callback_with_solver_termination
411,0.34852607692779397,MEL-ADMM,1.0,0.01,15.330314636230469,36480.895356660774,36479.11128148833,0.0048906760876840615,2.6367241723335155e-12,0.0010102742446758128,19,converged,gap_residual_and_feasibility
411,0.34852607692779397,sMEL-ADMM,1.0,0.01,1.2424140000000001,36479.57592964735,36479.11128148833,0.0012737376067954759,1.995625886763719e-13,0.006995552133846061,35,converged,gap_residual_and_feasibility
412,0.43779737286890325,IPOPT,1.0,1.0e-10,13.221979141235352,36479.111281572055,36479.11128148836,2.2943360596184227e-10,1.3322676295501878e-14,NaN,33,INTERRUPTED,gap_and_residual
412,0.43779737286890325,MadNLP,1.0,0.01,17.163991928100586,36479.11128148836,36479.11128148836,0.0,1.2434497875801753e-14,NaN,34,LOCALLY_SOLVED,residual_tolerance_upper_bound
412,0.43779737286890325,ADMM,1.0,0.01,67.85368919372559,36588.97205525968,36479.11128148836,0.30116077369205846,1.2123080317394397e-12,1.1342369974221347,6,converged,gap_callback_with_solver_termination
412,0.43779737286890325,MEL-ADMM,1.0,0.01,14.488697052001953,36481.103324680356,36479.11128148836,0.005460777749284765,5.943967540389394e-12,0.009822655437993433,18,converged,gap_residual_and_feasibility
412,0.43779737286890325,sMEL-ADMM,1.0,0.01,0.9753360000000001,36480.255562827275,36479.11128148836,0.003136812544815353,2.0056178939853453e-13,0.007118269652524489,34,converged,gap_residual_and_feasibility
413,0.7048973782259416,IPOPT,1.0,1.0e-10,13.49782943725586,36479.111281571895,36479.11128148832,2.2909453169414264e-10,1.4210854715202004e-14,NaN,34,INTERRUPTED,gap_and_residual
413,0.7048973782259416,MadNLP,1.0,0.01,17.958879470825195,36479.11128148833,36479.11128148832,1.9945545158814437e-14,1.509903313490213e-14,NaN,35,LOCALLY_SOLVED,residual_tolerance_upper_bound
413,0.7048973782259416,ADMM,1.0,0.01,73.32777976989746,36640.44813378951,36479.11128148832,0.4422718828215,6.3087313151299895e-12,1.6501716151856516,6,converged,gap_callback_with_solver_termination
413,0.7048973782259416,MEL-ADMM,1.0,0.01,13.103723526000977,36480.650020111425,36479.11128148832,0.004218136267706249,3.5085268024204197e-12,0.007216050713502398,16,converged,gap_residual_and_feasibility
413,0.7048973782259416,sMEL-ADMM,1.0,0.01,1.2002519999999999,36480.74659298779,36479.11128148832,0.004482870996622726,2.0039525594484076e-13,0.009990020455125759,32,converged,gap_residual_and_feasibility
414,0.36626155631948787,IPOPT,1.0,1.0e-10,13.117074966430664,36479.111281571626,36479.11128148835,2.2827676434263106e-10,1.1546319456101628e-14,NaN,33,INTERRUPTED,gap_and_residual
414,0.36626155631948787,MadNLP,1.0,0.01,17.56119728088379,36479.111281488345,36479.11128148835,1.994554515881442e-14,1.3322676295501878e-14,NaN,34,LOCALLY_SOLVED,residual_tolerance_upper_bound
414,0.36626155631948787,ADMM,1.0,0.01,69.244384765625,36596.886103968885,36479.11128148835,0.322855514685465,3.9968028886505635e-13,1.165002424117005,6,converged,gap_callback_with_solver_termination
414,0.36626155631948787,MEL-ADMM,1.0,0.01,14.77956771850586,36480.92922755913,36479.11128148835,0.004983526206951815,1.13509202037676e-12,0.009967373051761541,18,converged,gap_residual_and_feasibility
414,0.36626155631948787,sMEL-ADMM,1.0,0.01,1.25421,36479.672473832834,36479.11128148835,0.0015383936855008415,1.9984014443252818e-13,0.007029921291046293,36,converged,gap_residual_and_feasibility
415,0.7335749473726654,IPOPT,1.0,1.0e-10,13.695001602172852,36479.111281571735,36479.11128148834,2.28615838610331e-10,1.3322676295501878e-14,NaN,34,INTERRUPTED,gap_and_residual
415,0.7335749473726654,MadNLP,1.0,0.01,18.007993698120117,36479.111281488345,36479.11128148834,1.994554515881443e-14,1.4210854715202004e-14,NaN,35,LOCALLY_SOLVED,residual_tolerance_upper_bound
415,0.7335749473726654,ADMM,1.0,0.01,77.09479331970215,36814.57644771002,36479.11128148834,0.9196089335430528,6.681100117589267e-12,2.3154865952037174,6,converged,gap_callback_with_solver_termination
415,0.7335749473726654,MEL-ADMM,1.0,0.01,14.953136444091797,36480.533093298276,36479.11128148834,0.003897605396597057,3.660627356794066e-12,0.005853563926498495,19,converged,gap_residual_and_feasibility
415,0.7335749473726654,sMEL-ADMM,1.0,0.01,0.867126,36480.77563660848,36479.11128148834,0.004562488124500995,1.9906298831529057e-13,0.005905599341959444,33,converged,gap_residual_and_feasibility
416,0.5210372580452104,IPOPT,1.0,1.0e-10,13.58795166015625,36479.111281572135,36479.111281488345,2.2969289804890694e-10,1.3322676295501878e-14,NaN,33,INTERRUPTED,gap_and_residual
416,0.5210372580452104,MadNLP,1.0,0.01,17.283916473388672,36479.11128148834,36479.111281488345,1.9945545158814427e-14,1.509903313490213e-14,NaN,34,LOCALLY_SOLVED,residual_tolerance_upper_bound
416,0.5210372580452104,ADMM,1.0,0.01,69.17738914489746,36588.972048819356,36479.111281488345,0.3011607560372792,1.8988144390164052e-12,1.13423699296313,6,converged,gap_callback_with_solver_termination
416,0.5210372580452104,MEL-ADMM,1.0,0.01,14.569759368896484,36481.10332461858,36479.111281488345,0.0054607775799869794,4.385380947269368e-12,0.009822655413729287,18,converged,gap_residual_and_feasibility
416,0.5210372580452104,sMEL-ADMM,1.0,0.01,1.216416,36480.67244426471,36479.111281488345,0.004279607483630995,2.0039525594484076e-13,0.009028648380935422,32,converged,gap_residual_and_feasibility
417,0.4948828550529074,IPOPT,1.0,1.0e-10,13.457059860229492,36479.11128157215,36479.11128148835,2.297128435940657e-10,1.4210854715202004e-14,NaN,33,INTERRUPTED,gap_and_residual
417,0.4948828550529074,MadNLP,1.0,0.01,17.35401153564453,36479.11128148834,36479.11128148835,3.989109031762884e-14,1.2434497875801753e-14,NaN,34,LOCALLY_SOLVED,residual_tolerance_upper_bound
417,0.4948828550529074,ADMM,1.0,0.01,69.0467357635498,36588.97204730807,36479.11128148835,0.30116075189437,6.288858322989199e-13,1.1342369830736612,6,converged,gap_callback_with_solver_termination
417,0.4948828550529074,MEL-ADMM,1.0,0.01,14.536142349243164,36481.10332444911,36479.11128148835,0.0054607771153953955,3.810285420513537e-13,0.009822655301837457,18,converged,gap_residual_and_feasibility
417,0.4948828550529074,sMEL-ADMM,1.0,0.01,1.0486250000000001,36480.666149620774,36479.11128148835,0.004262352008588324,2.003397447936095e-13,0.008882015293602663,32,converged,gap_residual_and_feasibility
418,0.37749847041834184,IPOPT,1.0,1.0e-10,12.181997299194336,36479.111281572,36479.11128148836,2.2927404160057174e-10,1.1546319456101628e-14,NaN,32,INTERRUPTED,gap_and_residual
418,0.37749847041834184,MadNLP,1.0,0.01,16.58797264099121,36479.11128148833,36479.11128148836,7.978218063525767e-14,1.4210854715202004e-14,NaN,33,LOCALLY_SOLVED,residual_tolerance_upper_bound
418,0.37749847041834184,ADMM,1.0,0.01,66.53857231140137,36595.641415020116,36479.11128148836,0.3194434552765284,5.765221633424744e-12,1.0570795497117889,6,converged,gap_callback_with_solver_termination
418,0.37749847041834184,MEL-ADMM,1.0,0.01,14.565467834472656,36481.00931193636,36479.11128148836,0.005203061098043696,2.735478510373923e-12,0.009900174840010045,18,converged,gap_residual_and_feasibility
418,0.37749847041834184,sMEL-ADMM,1.0,0.01,1.274378,36479.701526198565,36479.11128148836,0.0016180347861292942,1.992850329202156e-13,0.0067991706364356475,33,converged,gap_residual_and_feasibility
419,0.5145190005248717,IPOPT,1.0,1.0e-10,12.681961059570312,36479.11128157215,36479.11128148834,2.297527346843834e-10,1.1546319456101628e-14,NaN,33,INTERRUPTED,gap_and_residual
419,0.5145190005248717,MadNLP,1.0,0.01,18.258094787597656,36479.11128148836,36479.11128148834,5.983663547644329e-14,1.1546319456101628e-14,NaN,34,LOCALLY_SOLVED,residual_tolerance_upper_bound
419,0.5145190005248717,ADMM,1.0,0.01,68.39156150817871,36588.972047959665,36479.11128148834,0.30116075368063333,3.97015753605956e-13,1.134236988406757,6,converged,gap_callback_with_solver_termination
419,0.5145190005248717,MEL-ADMM,1.0,0.01,14.877080917358398,36481.103324732416,36479.11128148834,0.00546077789205498,7.364442389246051e-12,0.009822655516275702,18,converged,gap_residual_and_feasibility
419,0.5145190005248717,sMEL-ADMM,1.0,0.01,0.9811710000000001,36480.67075401855,36479.11128148834,0.004274974020558927,2.0039525594484076e-13,0.008993010086779663,32,converged,gap_residual_and_feasibility
420,0.4435711526889522,IPOPT,1.0,1.0e-10,13.208866119384766,36479.111281572055,36479.11128148833,2.295133881424777e-10,9.769962616701378e-15,NaN,33,INTERRUPTED,gap_and_residual
420,0.4435711526889522,MadNLP,1.0,0.01,18.156051635742188,36479.11128148833,36479.11128148833,0.0,1.1546319456101628e-14,NaN,34,LOCALLY_SOLVED,residual_tolerance_upper_bound
420,0.4435711526889522,ADMM,1.0,0.01,68.22514533996582,36588.97205512338,36479.11128148833,0.3011607733184986,4.0323300254385686e-13,1.1342369976964832,6,converged,gap_callback_with_solver_termination
420,0.4435711526889522,MEL-ADMM,1.0,0.01,14.41192626953125,36481.10332476374,36479.11128148833,0.005460777977940499,8.202549750535582e-12,0.009822655242237133,18,converged,gap_residual_and_feasibility
420,0.4435711526889522,sMEL-ADMM,1.0,0.01,1.313747,36480.328754297276,36479.11128148833,0.003337451944896186,2.0000667788622195e-13,0.007490299630537933,35,converged,gap_residual_and_feasibility
421,0.5386935456292101,IPOPT,1.0,1.0e-10,13.228178024291992,36479.11128157214,36479.111281488316,2.297926257747012e-10,1.3322676295501878e-14,NaN,33,INTERRUPTED,gap_and_residual
421,0.5386935456292101,MadNLP,1.0,0.01,17.23003387451172,36479.111281488345,36479.111281488316,7.978218063525777e-14,1.2434497875801753e-14,NaN,34,LOCALLY_SOLVED,residual_tolerance_upper_bound
421,0.5386935456292101,ADMM,1.0,0.01,69.29278373718262,36588.972048602365,36479.111281488316,0.30116075544252324,5.588862705963038e-13,1.1342369855293342,6,converged,gap_callback_with_solver_termination
421,0.5386935456292101,MEL-ADMM,1.0,0.01,14.645814895629883,36481.1033245604,36479.111281488316,0.005460777420562241,2.9208857554863243e-12,0.00982265531743387,18,converged,gap_residual_and_feasibility
421,0.5386935456292101,sMEL-ADMM,1.0,0.01,1.285878,36480.677083992996,36479.111281488316,0.004292326346980326,2.0095036745715333e-13,0.009122015979878384,32,converged,gap_residual_and_feasibility
422,0.43984837616097167,IPOPT,1.0,1.0e-10,13.655900955200195,36479.111281572055,36479.11128148835,2.294535515070011e-10,1.687538997430238e-14,NaN,33,INTERRUPTED,gap_and_residual
422,0.43984837616097167,MadNLP,1.0,0.01,17.64678955078125,36479.11128148836,36479.11128148835,1.994554515881442e-14,1.4210854715202004e-14,NaN,34,LOCALLY_SOLVED,residual_tolerance_upper_bound
422,0.43984837616097167,ADMM,1.0,0.01,69.17977333068848,36588.97205542645,36479.11128148835,0.3011607741492503,6.637468352721498e-13,1.1342369942617996,6,converged,gap_callback_with_solver_termination
422,0.43984837616097167,MEL-ADMM,1.0,0.01,14.549016952514648,36481.10332457641,36479.11128148835,0.005460777464362653,3.274380766526974e-12,0.009822655310213868,18,converged,gap_residual_and_feasibility
422,0.43984837616097167,sMEL-ADMM,1.0,0.01,1.352461,36480.27227960387,36479.11128148835,0.0031826381584819994,2.0022872249114698e-13,0.009069328091401374,34,converged,gap_residual_and_feasibility
423,0.5407957737722968,IPOPT,1.0,1.0e-10,12.923955917358398,36479.11128157214,36479.11128148832,2.2977268022954233e-10,1.0658141036401503e-14,NaN,33,INTERRUPTED,gap_and_residual
423,0.5407957737722968,MadNLP,1.0,0.01,17.210006713867188,36479.11128148832,36479.11128148832,0.0,1.2434497875801753e-14,NaN,34,LOCALLY_SOLVED,residual_tolerance_upper_bound
423,0.5407957737722968,ADMM,1.0,0.01,67.75355339050293,36588.97204782353,36479.11128148832,0.3011607533074922,1.8597345885495997e-12,1.1342369866563242,6,converged,gap_callback_with_solver_termination
423,0.5407957737722968,MEL-ADMM,1.0,0.01,14.366865158081055,36481.10332463774,36479.11128148832,0.00546077763256344,4.93050045236032e-12,0.00982265534942961,18,converged,gap_residual_and_feasibility
423,0.5407957737722968,sMEL-ADMM,1.0,0.01,1.1862920000000001,36480.67768516431,36479.11128148832,0.004293974334784196,2.007283228522283e-13,0.00913291263092475,32,converged,gap_residual_and_feasibility
424,0.26546678769345317,IPOPT,1.0,1.0e-10,13.61989974975586,36479.111281571444,36479.11128148833,2.2783796234913728e-10,1.1546319456101628e-14,NaN,34,INTERRUPTED,gap_and_residual
424,0.26546678769345317,MadNLP,1.0,0.01,17.794132232666016,36479.11128148834,36479.11128148833,1.9945545158814434e-14,1.3322676295501878e-14,NaN,35,LOCALLY_SOLVED,residual_tolerance_upper_bound
424,0.26546678769345317,ADMM,1.0,0.01,73.72236251831055,36609.33141647926,36479.11128148833,0.35697178581489053,8.448519661641285e-12,1.5147102443461642,6,converged,gap_callback_with_solver_termination
424,0.26546678769345317,MEL-ADMM,1.0,0.01,12.942790985107422,36480.68979521639,36479.11128148833,0.0043271715582140265,1.0230483127315892e-11,0.00637687832342948,16,converged,gap_residual_and_feasibility
424,0.26546678769345317,sMEL-ADMM,1.0,0.01,1.497665,36479.646115963056,36479.11128148833,0.0014661389928015175,2.0017321133991572e-13,0.00823744672048754,39,converged,gap_residual_and_feasibility
425,0.6422992156325333,IPOPT,1.0,1.0e-10,13.002157211303711,36479.111281575715,36479.11128148832,2.395659429025202e-10,1.4210854715202004e-14,NaN,34,INTERRUPTED,gap_and_residual
425,0.6422992156325333,MadNLP,1.0,0.01,17.564058303833008,36479.11128148833,36479.11128148832,1.9945545158814437e-14,1.3322676295501878e-14,NaN,35,LOCALLY_SOLVED,residual_tolerance_upper_bound
425,0.6422992156325333,ADMM,1.0,0.01,71.9749927520752,36564.93645802847,36479.11128148832,0.2352721147121162,1.7162937737680295e-12,1.148680069293695,6,converged,gap_callback_with_solver_termination
425,0.6422992156325333,MEL-ADMM,1.0,0.01,15.708446502685547,36480.78594816599,36479.11128148832,0.004590755144073219,1.9647616866791395e-12,0.0009718030919732001,19,converged,gap_residual_and_feasibility
425,0.6422992156325333,sMEL-ADMM,1.0,0.01,1.153374,36480.709184745436,36479.11128148832,0.00438032397440303,2.0050627824730327e-13,0.009632816797051191,32,converged,gap_residual_and_feasibility
426,0.6408613588716928,IPOPT,1.0,1.0e-10,15.324831008911133,36479.11128148836,36479.11128148836,0.0,1.0658141036401503e-14,NaN,34,INTERRUPTED,gap_and_residual
426,0.6408613588716928,MadNLP,1.0,0.01,18.174171447753906,36479.11128148835,36479.11128148836,1.9945545158814418e-14,1.5987211554602254e-14,NaN,35,LOCALLY_SOLVED,residual_tolerance_upper_bound
426,0.6408613588716928,ADMM,1.0,0.01,73.5771656036377,36565.984586856524,36479.11128148836,0.23814534487370873,1.513789094076401e-12,1.1501159708785833,6,converged,gap_callback_with_solver_termination
426,0.6408613588716928,MEL-ADMM,1.0,0.01,15.331268310546875,36480.79237256487,36479.11128148836,0.004608366315562118,3.7948533204712476e-12,0.0009033675479495074,19,converged,gap_residual_and_feasibility
426,0.6408613588716928,sMEL-ADMM,1.0,0.01,1.005331,36480.70865548876,36479.11128148836,0.004378873125694802,2.0061730054976579e-13,0.009625357221551667,32,converged,gap_residual_and_feasibility
427,0.74520995790518,IPOPT,1.0,1.0e-10,13.461112976074219,36479.11128156987,36479.111281488345,2.2348983350451565e-10,1.3322676295501878e-14,NaN,34,INTERRUPTED,gap_and_residual
427,0.74520995790518,MadNLP,1.0,0.01,17.94290542602539,36479.11128148835,36479.111281488345,1.9945545158814427e-14,1.0658141036401503e-14,NaN,35,LOCALLY_SOLVED,residual_tolerance_upper_bound
427,0.74520995790518,ADMM,1.0,0.01,86.83991432189941,36532.06754344022,36479.111281488345,0.14516872832576283,3.5349501104064984e-13,0.8339105131019311,7,converged,gap_callback_with_solver_termination
427,0.74520995790518,MEL-ADMM,1.0,0.01,15.521049499511719,36480.51631790272,36479.111281488345,0.0038516190910873635,2.950084621033966e-12,0.006493002961536654,19,converged,gap_residual_and_feasibility
427,0.74520995790518,sMEL-ADMM,1.0,0.01,1.313039,36480.78337849337,36479.111281488345,0.004583710913679322,1.9961809982760315e-13,0.005957730119021676,33,converged,gap_residual_and_feasibility
428,0.6397665094456879,IPOPT,1.0,1.0e-10,13.231039047241211,36479.11128148835,36479.11128148835,0.0,1.0658141036401503e-14,NaN,34,INTERRUPTED,gap_and_residual
428,0.6397665094456879,MadNLP,1.0,0.01,19.59991455078125,36479.11128148833,36479.11128148835,5.983663547644327e-14,1.1546319456101628e-14,NaN,35,LOCALLY_SOLVED,residual_tolerance_upper_bound
428,0.6397665094456879,ADMM,1.0,0.01,74.00965690612793,36566.79304688551,36479.11128148835,0.24036157219009394,4.847233725513433e-13,1.152763364202067,6,converged,gap_callback_with_solver_termination
428,0.6397665094456879,MEL-ADMM,1.0,0.01,15.581130981445312,36480.79729592216,36479.11128148835,0.004621862689570797,4.866329561536986e-12,0.0008516923255470488,19,converged,gap_residual_and_feasibility
428,0.6397665094456879,sMEL-ADMM,1.0,0.01,1.212664,36480.708252559336,36479.11128148835,0.004377768577365725,2.0039525594484076e-13,0.009619685361231589,32,converged,gap_residual_and_feasibility
429,0.623643386792978,IPOPT,1.0,1.0e-10,12.922048568725586,36479.11128156951,36479.111281488345,2.2249255624657492e-10,9.769962616701378e-15,NaN,33,INTERRUPTED,gap_and_residual
429,0.623643386792978,MadNLP,1.0,0.01,17.077922821044922,36479.11128148834,36479.111281488345,1.9945545158814427e-14,9.769962616701378e-15,NaN,34,LOCALLY_SOLVED,residual_tolerance_upper_bound
429,0.623643386792978,ADMM,1.0,0.01,69.36168670654297,36579.79428997575,36479.111281488345,0.27600181295670523,1.7240653349404056e-12,1.169299605669119,6,converged,gap_callback_with_solver_termination
429,0.623643386792978,MEL-ADMM,1.0,0.01,15.55490493774414,36480.86905164969,36479.111281488345,0.004818566296159081,4.051203816857196e-12,0.0009402622888892154,19,converged,gap_residual_and_feasibility
429,0.623643386792978,sMEL-ADMM,1.0,0.01,1.271504,36480.703023406844,36479.111281488345,0.004363433928574425,2.000621890374532e-13,0.009537024701945285,32,converged,gap_residual_and_feasibility
430,0.35602262293249,IPOPT,1.0,1.0e-10,14.032125473022461,36479.11134599945,36479.11128148834,1.7684398486340275e-7,1.2434497875801753e-14,NaN,32,INTERRUPTED,gap_and_residual
430,0.35602262293249,MadNLP,1.0,0.01,17.425060272216797,36479.111281488345,36479.11128148834,1.994554515881443e-14,1.509903313490213e-14,NaN,34,LOCALLY_SOLVED,residual_tolerance_upper_bound
430,0.35602262293249,ADMM,1.0,0.01,72.4952220916748,36585.59203484973,36479.11128148834,0.29189514113910897,5.202838160300871e-12,1.1703513047801435,6,converged,gap_callback_with_solver_termination
430,0.35602262293249,MEL-ADMM,1.0,0.01,15.62952995300293,36480.934386899884,36479.11128148834,0.004997669481249098,3.094746681142624e-12,0.0012148232839184203,19,converged,gap_residual_and_feasibility
430,0.35602262293249,sMEL-ADMM,1.0,0.01,1.1239620000000001,36479.61503631207,36479.11128148834,0.0013809405054947023,2.007283228522283e-13,0.008775385965265059,35,converged,gap_residual_and_feasibility
431,0.3005114112737846,IPOPT,1.0,1.0e-10,14.373064041137695,36479.111281571684,36479.11128148832,2.2851611088453703e-10,1.1546319456101628e-14,NaN,34,INTERRUPTED,gap_and_residual
431,0.3005114112737846,MadNLP,1.0,0.01,20.282983779907227,36479.11128148834,36479.11128148832,3.9891090317628874e-14,1.1546319456101628e-14,NaN,35,LOCALLY_SOLVED,residual_tolerance_upper_bound
431,0.3005114112737846,ADMM,1.0,0.01,73.65846633911133,36553.12548534015,36479.11128148832,0.2028947560720414,1.61393121089759e-12,1.1139173750259195,6,converged,gap_callback_with_solver_termination
431,0.3005114112737846,MEL-ADMM,1.0,0.01,13.251304626464844,36480.70832868869,36479.11128148832,0.004377977270456939,1.930011706008372e-12,0.007231404584269185,16,converged,gap_residual_and_feasibility
431,0.3005114112737846,sMEL-ADMM,1.0,0.01,1.3604209999999999,36479.43473626426,36479.11128148832,0.0008866849124664568,1.9984014443252818e-13,0.006948177841156422,39,converged,gap_residual_and_feasibility
432,0.3242111977023671,IPOPT,1.0,1.0e-10,14.46986198425293,36479.11128157178,36479.11128148833,2.2875545742644276e-10,1.2434497875801753e-14,NaN,34,INTERRUPTED,gap_and_residual
432,0.3242111977023671,MadNLP,1.0,0.01,17.910003662109375,36479.11128148834,36479.11128148833,1.9945545158814434e-14,1.2434497875801753e-14,NaN,35,LOCALLY_SOLVED,residual_tolerance_upper_bound
432,0.3242111977023671,ADMM,1.0,0.01,72.0067024230957,36559.73930022321,36479.11128148833,0.22102517277003267,1.3913870056114774e-12,1.1431829748616096,6,converged,gap_callback_with_solver_termination
432,0.3242111977023671,MEL-ADMM,1.0,0.01,15.258312225341797,36480.79619449634,36479.11128148833,0.0046188433566998035,4.17271772690242e-12,0.0011822363996936147,19,converged,gap_residual_and_feasibility
432,0.3242111977023671,sMEL-ADMM,1.0,0.01,1.3553320000000002,36479.45063140573,36479.11128148833,0.0009302581819482908,1.9989565558375944e-13,0.008598416478022841,36,converged,gap_residual_and_feasibility
433,0.40416051104965073,IPOPT,1.0,1.0e-10,13.414144515991211,36479.11128157197,36479.11128148834,2.2925409605541306e-10,1.4210854715202004e-14,NaN,33,INTERRUPTED,gap_and_residual
433,0.40416051104965073,MadNLP,1.0,0.01,17.36307144165039,36479.11128148834,36479.11128148834,0.0,1.4210854715202004e-14,NaN,34,LOCALLY_SOLVED,residual_tolerance_upper_bound
433,0.40416051104965073,ADMM,1.0,0.01,67.98028945922852,36588.972056599014,36479.11128148834,0.3011607773636346,1.56935575645889e-12,1.1342369930582121,6,converged,gap_callback_with_solver_termination
433,0.40416051104965073,MEL-ADMM,1.0,0.01,14.221429824829102,36481.103324702635,36479.11128148834,0.005460777810417864,6.678768649237554e-12,0.009822655523349155,18,converged,gap_residual_and_feasibility
433,0.40416051104965073,sMEL-ADMM,1.0,0.01,1.243121,36479.95347760166,36479.11128148834,0.002308707870710119,2.0011770018868447e-13,0.004017966387015903,35,converged,gap_residual_and_feasibility
434,0.432756053224947,IPOPT,1.0,1.0e-10,12.38107681274414,36479.111281572084,36479.11128148834,2.295732247779541e-10,1.3322676295501878e-14,NaN,33,INTERRUPTED,gap_and_residual
434,0.432756053224947,MadNLP,1.0,0.01,17.117023468017578,36479.11128148835,36479.11128148834,3.989109031762886e-14,1.1546319456101628e-14,NaN,34,LOCALLY_SOLVED,residual_tolerance_upper_bound
434,0.432756053224947,ADMM,1.0,0.01,67.24357604980469,36588.972054836944,36479.11128148834,0.30116077253328233,1.3166689960542044e-12,1.1342369919467137,6,converged,gap_callback_with_solver_termination
434,0.432756053224947,MEL-ADMM,1.0,0.01,14.242410659790039,36481.10332457449,36479.11128148834,0.005460777459136923,3.268774140252617e-12,0.009822655149727133,18,converged,gap_residual_and_feasibility
434,0.432756053224947,sMEL-ADMM,1.0,0.01,1.124914,36480.18825551289,36479.11128148834,0.002952303350380272,2.0039525594484076e-13,0.008658179024665813,33,converged,gap_residual_and_feasibility
435,0.5797811610654409,IPOPT,1.0,1.0e-10,12.54892349243164,36479.11128157206,36479.11128148835,2.2947349705215992e-10,1.509903313490213e-14,NaN,33,INTERRUPTED,gap_and_residual
435,0.5797811610654409,MadNLP,1.0,0.01,17.210960388183594,36479.11128148834,36479.11128148835,3.989109031762884e-14,1.2434497875801753e-14,NaN,34,LOCALLY_SOLVED,residual_tolerance_upper_bound
435,0.5797811610654409,ADMM,1.0,0.01,69.94318962097168,36590.08283231658,36479.11128148835,0.3042057411210502,1.0874634526203408e-12,1.1273765255754613,6,converged,gap_callback_with_solver_termination
435,0.5797811610654409,MEL-ADMM,1.0,0.01,14.457941055297852,36481.08689400346,36479.11128148835,0.005415736419305915,2.890021555401745e-12,0.009860208853747388,18,converged,gap_residual_and_feasibility
435,0.5797811610654409,sMEL-ADMM,1.0,0.01,1.0931680000000001,36480.68935939599,36479.11128148835,0.004325976845928383,2.007283228522283e-13,0.009325278696609374,32,converged,gap_residual_and_feasibility
436,0.6817086592430135,IPOPT,1.0,1.0e-10,13.403892517089844,36479.11134600732,36479.11128148833,1.768655659432646e-7,1.4210854715202004e-14,NaN,33,INTERRUPTED,gap_and_residual
436,0.6817086592430135,MadNLP,1.0,0.01,18.178939819335938,36479.11128148836,36479.11128148833,7.978218063525773e-14,1.5987211554602254e-14,NaN,35,LOCALLY_SOLVED,residual_tolerance_upper_bound
436,0.6817086592430135,ADMM,1.0,0.01,71.99501991271973,36577.14372740781,36479.11128148833,0.26873583943156304,4.351519145018301e-12,1.1375904847148703,6,converged,gap_callback_with_solver_termination
436,0.6817086592430135,MEL-ADMM,1.0,0.01,13.143062591552734,36480.66072088395,36479.11128148833,0.004247470240329259,1.8082202402069925e-12,0.005322297497921014,16,converged,gap_residual_and_feasibility
436,0.6817086592430135,sMEL-ADMM,1.0,0.01,1.186291,36480.73168506545,36479.11128148833,0.004442003985839362,2.0050627824730327e-13,0.009844733029924058,32,converged,gap_residual_and_feasibility
437,0.4820582517485062,IPOPT,1.0,1.0e-10,12.876033782958984,36479.11128157212,36479.11128148833,2.2969289804890702e-10,1.4210854715202004e-14,NaN,33,INTERRUPTED,gap_and_residual
437,0.4820582517485062,MadNLP,1.0,0.01,17.14611053466797,36479.11128148835,36479.11128148833,5.98366354764433e-14,9.769962616701378e-15,NaN,34,LOCALLY_SOLVED,residual_tolerance_upper_bound
437,0.4820582517485062,ADMM,1.0,0.01,67.36326217651367,36588.97204749947,36479.11128148833,0.30116075241911755,1.3459788839043085e-12,1.1342369868637352,6,converged,gap_callback_with_solver_termination
437,0.4820582517485062,MEL-ADMM,1.0,0.01,14.398336410522461,36481.10332423053,36479.11128148833,0.005460776516251167,5.686451309827589e-12,0.009822655141114467,18,converged,gap_residual_and_feasibility
437,0.4820582517485062,sMEL-ADMM,1.0,0.01,1.1635440000000001,36480.66335687194,36479.11128148833,0.00425469626064474,2.0011770018868447e-13,0.00881160530578562,32,converged,gap_residual_and_feasibility
438,0.37485339179103666,IPOPT,1.0,1.0e-10,12.428998947143555,36479.11128155536,36479.111281488345,1.8369847091268087e-10,1.2434497875801753e-14,NaN,33,INTERRUPTED,gap_and_residual
438,0.37485339179103666,MadNLP,1.0,0.01,17.702102661132812,36479.11128148834,36479.111281488345,1.9945545158814427e-14,1.2434497875801753e-14,NaN,34,LOCALLY_SOLVED,residual_tolerance_upper_bound
438,0.37485339179103666,ADMM,1.0,0.01,68.84074211120605,36596.61579145909,36479.111281488345,0.3221145083936596,2.155831069217129e-12,1.093459990896302,6,converged,gap_callback_with_solver_termination
438,0.37485339179103666,MEL-ADMM,1.0,0.01,14.475822448730469,36480.99141069738,36479.111281488345,0.005153988523809643,4.5004000526205346e-12,0.009920354502168216,18,converged,gap_residual_and_feasibility
438,0.37485339179103666,sMEL-ADMM,1.0,0.01,1.247581,36479.68561961602,36479.111281488345,0.0015744301533148668,2.0017321133991572e-13,0.007477230739374008,33,converged,gap_residual_and_feasibility
439,0.5248221101174559,IPOPT,1.0,1.0e-10,12.877941131591797,36479.11128157217,36479.11128148837,2.2973278913922442e-10,1.4210854715202004e-14,NaN,33,INTERRUPTED,gap_and_residual
439,0.5248221101174559,MadNLP,1.0,0.01,17.41504669189453,36479.11128148833,36479.11128148837,9.972772579407208e-14,1.3322676295501878e-14,NaN,34,LOCALLY_SOLVED,residual_tolerance_upper_bound
439,0.5248221101174559,ADMM,1.0,0.01,69.0925121307373,36588.97204878384,36479.11128148837,0.301160755939865,3.5349501104064984e-13,1.1342369923650049,6,converged,gap_callback_with_solver_termination
439,0.5248221101174559,MEL-ADMM,1.0,0.01,14.61029052734375,36481.10332462652,36479.11128148837,0.00546077760168773,4.626632410520415e-12,0.009822655377389466,18,converged,gap_residual_and_feasibility
439,0.5248221101174559,sMEL-ADMM,1.0,0.01,1.1600840000000001,36480.673429990115,36479.11128148837,0.0042823096475489335,2.0039525594484076e-13,0.009048965630181982,32,converged,gap_residual_and_feasibility
440,0.4804912507829505,IPOPT,1.0,1.0e-10,13.489961624145508,36479.11128157216,36479.11128148833,2.297926257747011e-10,1.2434497875801753e-14,NaN,33,INTERRUPTED,gap_and_residual
440,0.4804912507829505,MadNLP,1.0,0.01,17.634868621826172,36479.11128148835,36479.11128148833,5.98366354764433e-14,1.1546319456101628e-14,NaN,34,LOCALLY_SOLVED,residual_tolerance_upper_bound
440,0.4804912507829505,ADMM,1.0,0.01,69.58413124084473,36588.97204808753,36479.11128148833,0.30116075403117637,2.3679946892229964e-12,1.1342369861187258,6,converged,gap_callback_with_solver_termination
440,0.4804912507829505,MEL-ADMM,1.0,0.01,14.591693878173828,36481.10332444937,36479.11128148833,0.005460777116153329,4.0678571622265736e-13,0.009822655323330487,18,converged,gap_residual_and_feasibility
440,0.4804912507829505,sMEL-ADMM,1.0,0.01,1.344833,36480.662847710984,36479.11128148833,0.004253300500335512,2.0095036745715333e-13,0.008804844753365515,32,converged,gap_residual_and_feasibility
441,0.5640885432211097,IPOPT,1.0,1.0e-10,13.557910919189453,36479.11128157209,36479.111281488345,2.2957322477795405e-10,1.3322676295501878e-14,NaN,33,INTERRUPTED,gap_and_residual
441,0.5640885432211097,MadNLP,1.0,0.01,17.992019653320312,36479.111281488345,36479.111281488345,0.0,1.3322676295501878e-14,NaN,34,LOCALLY_SOLVED,residual_tolerance_upper_bound
441,0.5640885432211097,ADMM,1.0,0.01,68.9551830291748,36588.972051683326,36479.111281488345,0.3011607638882647,9.844347559351263e-13,1.1342369896413773,6,converged,gap_callback_with_solver_termination
441,0.5640885432211097,MEL-ADMM,1.0,0.01,14.490604400634766,36481.10332436822,36479.111281488345,0.005460776893660771,2.0834445280115688e-12,0.009822655333042718,18,converged,gap_residual_and_feasibility
441,0.5640885432211097,sMEL-ADMM,1.0,0.01,1.216502,36480.68458533571,36479.111281488345,0.0043128897390685116,2.0039525594484076e-13,0.009249123861314601,32,converged,gap_residual_and_feasibility
442,0.3080241905997568,IPOPT,1.0,1.0e-10,13.456106185913086,36479.1112815717,36479.11128148834,2.2851611088453692e-10,1.1546319456101628e-14,NaN,34,INTERRUPTED,gap_and_residual
442,0.3080241905997568,MadNLP,1.0,0.01,17.459869384765625,36479.11128148833,36479.11128148834,1.994554515881443e-14,1.509903313490213e-14,NaN,35,LOCALLY_SOLVED,residual_tolerance_upper_bound
442,0.3080241905997568,ADMM,1.0,0.01,70.75905799865723,36550.99662151702,36479.11128148834,0.19705891263080585,2.326805415009403e-12,1.1133701384735062,6,converged,gap_callback_with_solver_termination
442,0.3080241905997568,MEL-ADMM,1.0,0.01,12.711286544799805,36480.716458104354,36479.11128148834,0.004400262395731151,4.485467552939326e-12,0.008157299238513716,16,converged,gap_residual_and_feasibility
442,0.3080241905997568,sMEL-ADMM,1.0,0.01,1.5133340000000002,36479.43808537781,36479.11128148834,0.0008958658201760281,1.9984014443252818e-13,0.005955811863882943,39,converged,gap_residual_and_feasibility
443,0.6578765998169902,IPOPT,1.0,1.0e-10,12.949943542480469,36479.11134601085,36479.111281488345,1.768752195871214e-7,1.1546319456101628e-14,NaN,33,INTERRUPTED,gap_and_residual
443,0.6578765998169902,MadNLP,1.0,0.01,17.966032028198242,36479.11128148835,36479.111281488345,1.9945545158814427e-14,1.4210854715202004e-14,NaN,35,LOCALLY_SOLVED,residual_tolerance_upper_bound
443,0.6578765998169902,ADMM,1.0,0.01,71.2888240814209,36558.009504324735,36479.111281488345,0.2162832921766571,1.414313111069987e-12,1.13191243720527,6,converged,gap_callback_with_solver_termination
443,0.6578765998169902,MEL-ADMM,1.0,0.01,12.675285339355469,36480.68533321865,36479.111281488345,0.004314939906730737,3.978151141836861e-12,0.008904583645774622,16,converged,gap_residual_and_feasibility
443,0.6578765998169902,sMEL-ADMM,1.0,0.01,1.240333,36480.71697198649,36479.111281488345,0.004401671098166102,1.999511667349907e-13,0.009714369853123017,32,converged,gap_residual_and_feasibility
444,0.5035984512174206,IPOPT,1.0,1.0e-10,12.455940246582031,36479.11128157213,36479.11128148834,2.2969289804890697e-10,1.4210854715202004e-14,NaN,33,INTERRUPTED,gap_and_residual
444,0.5035984512174206,MadNLP,1.0,0.01,16.956090927124023,36479.11128148833,36479.11128148834,1.994554515881443e-14,1.4210854715202004e-14,NaN,34,LOCALLY_SOLVED,residual_tolerance_upper_bound
444,0.5035984512174206,ADMM,1.0,0.01,67.22593307495117,36588.97204868283,36479.11128148834,0.301160755663041,2.4832358391790876e-12,1.1342369894419608,6,converged,gap_callback_with_solver_termination
444,0.5035984512174206,MEL-ADMM,1.0,0.01,14.52493667602539,36481.10332454275,36479.11128148834,0.005460777372134455,2.355449169044732e-12,0.009822655239968725,18,converged,gap_residual_and_feasibility
444,0.5035984512174206,sMEL-ADMM,1.0,0.01,1.143875,36480.66794346744,36479.11128148834,0.004267269471251634,1.9984014443252818e-13,0.008931724285197618,32,converged,gap_residual_and_feasibility
445,0.36318363967398687,IPOPT,1.0,1.0e-10,12.673139572143555,36479.111281571175,36479.11128148835,2.2704014054278457e-10,1.3322676295501878e-14,NaN,33,INTERRUPTED,gap_and_residual
445,0.36318363967398687,MadNLP,1.0,0.01,18.724918365478516,36479.11128148832,36479.11128148835,7.978218063525768e-14,1.1546319456101628e-14,NaN,34,LOCALLY_SOLVED,residual_tolerance_upper_bound
445,0.36318363967398687,ADMM,1.0,0.01,69.60439682006836,36592.850129656705,36479.11128148835,0.31179171907641773,8.820166819134556e-13,1.1526067153803732,6,converged,gap_callback_with_solver_termination
445,0.36318363967398687,MEL-ADMM,1.0,0.01,15.334844589233398,36480.97565740743,36479.11128148835,0.005110804111120472,2.1563306695782103e-12,0.0013964826697847599,19,converged,gap_residual_and_feasibility
445,0.36318363967398687,sMEL-ADMM,1.0,0.01,1.435,36479.652031512494,36479.11128148835,0.001482355257969654,1.999511667349907e-13,0.006225396638130931,36,converged,gap_residual_and_feasibility
446,0.6106660620628233,IPOPT,1.0,1.0e-10,12.930154800415039,36479.11128157164,36479.11128148833,2.2837649206842527e-10,1.1546319456101628e-14,NaN,33,INTERRUPTED,gap_and_residual
446,0.6106660620628233,MadNLP,1.0,0.01,18.655061721801758,36479.11128148835,36479.11128148833,5.98366354764433e-14,1.1546319456101628e-14,NaN,34,LOCALLY_SOLVED,residual_tolerance_upper_bound
446,0.6106660620628233,ADMM,1.0,0.01,69.5493221282959,36589.466770664556,36479.11128148833,0.30251693448525985,1.1320944182102721e-12,1.138801528403171,6,converged,gap_callback_with_solver_termination
446,0.6106660620628233,MEL-ADMM,1.0,0.01,15.51198959350586,36480.93668189507,36479.11128148833,0.005003960739768449,4.0921710464658645e-12,0.0012814073427449557,19,converged,gap_residual_and_feasibility
446,0.6106660620628233,sMEL-ADMM,1.0,0.01,1.080543,36480.77150868896,36479.11128148833,0.004551172279983854,2.0050627824730327e-13,0.00973883136686915,29,converged,gap_residual_and_feasibility
447,0.4630039242454977,IPOPT,1.0,1.0e-10,13.777017593383789,36479.11128157212,36479.11128148833,2.2969289804890702e-10,1.2434497875801753e-14,NaN,33,INTERRUPTED,gap_and_residual
447,0.4630039242454977,MadNLP,1.0,0.01,16.88694953918457,36479.111281488345,36479.11128148833,3.989109031762887e-14,1.4210854715202004e-14,NaN,34,LOCALLY_SOLVED,residual_tolerance_upper_bound
447,0.4630039242454977,ADMM,1.0,0.01,68.1910514831543,36588.97204765398,36479.11128148833,0.3011607528426812,1.3438139490062895e-12,1.1342369850084726,6,converged,gap_callback_with_solver_termination
447,0.4630039242454977,MEL-ADMM,1.0,0.01,14.394044876098633,36481.10332453436,36479.11128148833,0.0054607773491372425,2.2250534748025075e-12,0.009822655380600231,18,converged,gap_residual_and_feasibility
447,0.4630039242454977,sMEL-ADMM,1.0,0.01,1.265414,36480.52105180378,36479.11128148833,0.0038645961097274113,2.0011770018868447e-13,0.007148383562215699,33,converged,gap_residual_and_feasibility
448,0.36417865025948365,IPOPT,1.0,1.0e-10,13.096094131469727,36479.11128157134,36479.111281488345,2.2751883362659616e-10,1.509903313490213e-14,NaN,33,INTERRUPTED,gap_and_residual
448,0.36417865025948365,MadNLP,1.0,0.01,17.499923706054688,36479.111281488345,36479.111281488345,0.0,1.0658141036401503e-14,NaN,34,LOCALLY_SOLVED,residual_tolerance_upper_bound
448,0.36417865025948365,ADMM,1.0,0.01,69.15521621704102,36594.1543866166,36479.111281488345,0.3153670719676695,1.8279822100453202e-12,1.1567001614876258,6,converged,gap_callback_with_solver_termination
448,0.36417865025948365,MEL-ADMM,1.0,0.01,15.414953231811523,36480.982537726166,36479.111281488345,0.005129665093486187,5.739742015009597e-12,0.0014291201271756648,19,converged,gap_residual_and_feasibility
448,0.36417865025948365,sMEL-ADMM,1.0,0.01,1.426663,36479.65861894436,36479.111281488345,0.0015004133510640848,1.9934054407144686e-13,0.006489962768856827,36,converged,gap_residual_and_feasibility
449,0.289999280932816,IPOPT,1.0,1.0e-10,13.447999954223633,36479.111281571604,36479.111281488345,2.2823687325231348e-10,1.1546319456101628e-14,NaN,34,INTERRUPTED,gap_and_residual
449,0.289999280932816,MadNLP,1.0,0.01,18.001079559326172,36479.11128148833,36479.111281488345,3.9891090317628855e-14,1.2434497875801753e-14,NaN,35,LOCALLY_SOLVED,residual_tolerance_upper_bound
449,0.289999280932816,ADMM,1.0,0.01,73.96626472473145,36561.13333856417,36479.111281488345,0.22484664289902134,4.977129819394577e-13,1.1142511282324818,6,converged,gap_callback_with_solver_termination
449,0.289999280932816,MEL-ADMM,1.0,0.01,12.853622436523438,36480.701705784646,36479.111281488345,0.0043598219376240685,6.476930103360701e-12,0.0058219315383167825,16,converged,gap_residual_and_feasibility
449,0.289999280932816,sMEL-ADMM,1.0,0.01,1.3468760000000002,36479.44444825515,36479.111281488345,0.0009133083430452819,1.9989565558375944e-13,0.007609775938268726,39,converged,gap_residual_and_feasibility
450,0.29819262913502487,IPOPT,1.0,1.0e-10,12.848854064941406,36479.11128157163,36479.111281488345,2.2831665543294874e-10,1.509903313490213e-14,NaN,34,INTERRUPTED,gap_and_residual
450,0.29819262913502487,MadNLP,1.0,0.01,17.379045486450195,36479.111281488345,36479.111281488345,0.0,1.1546319456101628e-14,NaN,35,LOCALLY_SOLVED,residual_tolerance_upper_bound
450,0.29819262913502487,ADMM,1.0,0.01,71.49147987365723,36554.40440378092,36479.111281488345,0.20640064861115318,2.0106694087473898e-12,1.1144137784748525,6,converged,gap_callback_with_solver_termination
450,0.29819262913502487,MEL-ADMM,1.0,0.01,12.398481369018555,36480.70575568036,36479.111281488345,0.004370923895908191,4.39648317751562e-13,0.006928336397812984,16,converged,gap_residual_and_feasibility
450,0.29819262913502487,sMEL-ADMM,1.0,0.01,1.3905390000000002,36479.435629814776,36479.111281488345,0.0008891343978411965,1.9989565558375944e-13,0.007184866639109444,39,converged,gap_residual_and_feasibility
451,0.7145555677274995,IPOPT,1.0,1.0e-10,12.857913970947266,36479.11128157181,36479.11128148834,2.2881529406191915e-10,1.509903313490213e-14,NaN,34,INTERRUPTED,gap_and_residual
451,0.7145555677274995,MadNLP,1.0,0.01,17.776966094970703,36479.11128148833,36479.11128148834,1.994554515881443e-14,1.2434497875801753e-14,NaN,35,LOCALLY_SOLVED,residual_tolerance_upper_bound
451,0.7145555677274995,ADMM,1.0,0.01,74.31745529174805,36685.05217687237,36479.11128148834,0.5645447165499853,7.154277170684509e-13,1.8728018091806446,6,converged,gap_callback_with_solver_termination
451,0.7145555677274995,MEL-ADMM,1.0,0.01,12.973785400390625,36480.649161428126,36479.11128148834,0.004215782363557972,2.6290081223123707e-12,0.009137906623272407,16,converged,gap_residual_and_feasibility
451,0.7145555677274995,sMEL-ADMM,1.0,0.01,1.22975,36480.762974928635,36479.11128148834,0.004527778726712736,2.0095036745715333e-13,0.005820114892854278,33,converged,gap_residual_and_feasibility
452,0.44680006630195696,IPOPT,1.0,1.0e-10,13.528108596801758,36479.11128157207,36479.11128148835,2.2949344259731874e-10,1.5987211554602254e-14,NaN,33,INTERRUPTED,gap_and_residual
452,0.44680006630195696,MadNLP,1.0,0.01,17.789840698242188,36479.11128148836,36479.11128148835,1.994554515881442e-14,1.0658141036401503e-14,NaN,34,LOCALLY_SOLVED,residual_tolerance_upper_bound
452,0.44680006630195696,ADMM,1.0,0.01,69.67592239379883,36588.9720554866,36479.11128148835,0.3011607743141401,2.078559546703218e-12,1.1342370002564932,6,converged,gap_callback_with_solver_termination
452,0.44680006630195696,MEL-ADMM,1.0,0.01,14.638662338256836,36481.10332457026,36479.11128148835,0.005460777447488722,3.1371016895320736e-12,0.009822655351683807,18,converged,gap_residual_and_feasibility
452,0.44680006630195696,sMEL-ADMM,1.0,0.01,1.4861659999999999,36480.35869585561,36479.11128148835,0.003419530584594887,2.0083934515469082e-13,0.009637692196793779,35,converged,gap_residual_and_feasibility
453,0.6007974006160325,IPOPT,1.0,1.0e-10,13.582944869995117,36479.11128157194,36479.11128148835,2.291344227844601e-10,1.2434497875801753e-14,NaN,33,INTERRUPTED,gap_and_residual
453,0.6007974006160325,MadNLP,1.0,0.01,17.66204833984375,36479.11128148832,36479.11128148835,7.978218063525768e-14,1.0658141036401503e-14,NaN,34,LOCALLY_SOLVED,residual_tolerance_upper_bound
453,0.6007974006160325,ADMM,1.0,0.01,70.24502754211426,36599.67953225269,36479.11128148835,0.33051312526223575,2.542743793298996e-12,1.160346093758604,6,converged,gap_callback_with_solver_termination
453,0.6007974006160325,MEL-ADMM,1.0,0.01,14.534235000610352,36480.93616443698,36479.11128148835,0.00500254223449696,5.54745138714452e-12,0.009933575600259203,18,converged,gap_residual_and_feasibility
453,0.6007974006160325,sMEL-ADMM,1.0,0.01,0.997585,36480.76617496245,36479.11128148835,0.004536550962907314,2.0061730054976579e-13,0.009883835402982655,29,converged,gap_residual_and_feasibility
454,0.5900750293285437,IPOPT,1.0,1.0e-10,13.965129852294922,36479.11128157203,36479.11128148834,2.294336059618424e-10,1.1546319456101628e-14,NaN,33,INTERRUPTED,gap_and_residual
454,0.5900750293285437,MadNLP,1.0,0.01,16.89887046813965,36479.11128148833,36479.11128148834,1.994554515881443e-14,1.0658141036401503e-14,NaN,34,LOCALLY_SOLVED,residual_tolerance_upper_bound
454,0.5900750293285437,ADMM,1.0,0.01,67.83413887023926,36595.89314516466,36479.11128148834,0.32013352182617627,5.930811397547586e-13,1.065880382767169,6,converged,gap_callback_with_solver_termination
454,0.5900750293285437,MEL-ADMM,1.0,0.01,14.645814895629883,36481.015037894205,36479.11128148834,0.0052187576368760095,2.2567503421555557e-12,0.009906536573103253,18,converged,gap_residual_and_feasibility
454,0.5900750293285437,sMEL-ADMM,1.0,0.01,1.205247,36480.69253533399,36479.11128148834,0.004334683028461062,2.000621890374532e-13,0.009374673021099511,32,converged,gap_residual_and_feasibility
455,0.2887473575571305,IPOPT,1.0,1.0e-10,13.195991516113281,36479.1112815716,36479.11128148833,2.2825681879747238e-10,1.0658141036401503e-14,NaN,34,INTERRUPTED,gap_and_residual
455,0.2887473575571305,MadNLP,1.0,0.01,17.876148223876953,36479.11128148833,36479.11128148833,0.0,1.5987211554602254e-14,NaN,35,LOCALLY_SOLVED,residual_tolerance_upper_bound
455,0.2887473575571305,ADMM,1.0,0.01,73.67229461669922,36562.50594821727,36479.11128148833,0.2286093706763667,3.2951419370874646e-13,1.1145436521942855,6,converged,gap_callback_with_solver_termination
455,0.2887473575571305,MEL-ADMM,1.0,0.01,12.655496597290039,36480.701369857474,36479.11128148833,0.004358901062235608,3.1530333899354446e-13,0.005646422071664325,16,converged,gap_residual_and_feasibility
455,0.2887473575571305,sMEL-ADMM,1.0,0.01,1.487789,36479.44637555564,36479.11128148833,0.0009185916420112349,1.992850329202156e-13,0.007610330350276584,39,converged,gap_residual_and_feasibility
456,0.618295339677444,IPOPT,1.0,1.0e-10,13.63992691040039,36479.111281570404,36479.111281488345,2.249458583011091e-10,1.3322676295501878e-14,NaN,33,INTERRUPTED,gap_and_residual
456,0.618295339677444,MadNLP,1.0,0.01,17.589092254638672,36479.11128148835,36479.111281488345,1.9945545158814427e-14,1.509903313490213e-14,NaN,34,LOCALLY_SOLVED,residual_tolerance_upper_bound
456,0.618295339677444,ADMM,1.0,0.01,69.59795951843262,36583.59199804652,36479.111281488345,0.2864124505445202,3.714806240395774e-13,1.1570599833083959,6,converged,gap_callback_with_solver_termination
456,0.618295339677444,MEL-ADMM,1.0,0.01,15.492916107177734,36480.895449463176,36479.111281488345,0.004890930486390911,2.7960966875184567e-12,0.0010811281543112727,19,converged,gap_residual_and_feasibility
456,0.618295339677444,sMEL-ADMM,1.0,0.01,0.848002,36480.77568341161,36479.111281488345,0.004562616425656308,2.0017321133991572e-13,0.009903268792442077,29,converged,gap_residual_and_feasibility
457,0.3428829809538636,IPOPT,1.0,1.0e-10,13.914108276367188,36479.11134600397,36479.11128148834,1.7685637104694635e-7,1.3322676295501878e-14,NaN,33,INTERRUPTED,gap_and_residual
457,0.3428829809538636,MadNLP,1.0,0.01,18.18108558654785,36479.111281488375,36479.11128148834,9.972772579407215e-14,1.687538997430238e-14,NaN,35,LOCALLY_SOLVED,residual_tolerance_upper_bound
457,0.3428829809538636,ADMM,1.0,0.01,71.6390609741211,36574.36773470306,36479.11128148834,0.2611260249178859,3.0730973321624333e-13,1.1687454717242582,6,converged,gap_callback_with_solver_termination
457,0.3428829809538636,MEL-ADMM,1.0,0.01,14.661788940429688,36480.86871399282,36479.11128148834,0.004817640679136114,1.439293129124053e-12,0.0007859880035123723,19,converged,gap_residual_and_feasibility
457,0.3428829809538636,sMEL-ADMM,1.0,0.01,1.366541,36479.54967863057,36479.11128148834,0.0012017758295854223,2.0011770018868447e-13,0.007173434941931234,35,converged,gap_residual_and_feasibility
458,0.4130872638556095,IPOPT,1.0,1.0e-10,12.819051742553711,36479.11128157202,36479.11128148835,2.2935382378120703e-10,1.509903313490213e-14,NaN,33,INTERRUPTED,gap_and_residual
458,0.4130872638556095,MadNLP,1.0,0.01,18.8748836517334,36479.11128148835,36479.11128148835,0.0,1.9539925233402755e-14,NaN,34,LOCALLY_SOLVED,residual_tolerance_upper_bound
458,0.4130872638556095,ADMM,1.0,0.01,67.77834892272949,36588.97205589176,36479.11128148835,0.3011607754248078,9.825473767932635e-13,1.1342369964302694,6,converged,gap_callback_with_solver_termination
458,0.4130872638556095,MEL-ADMM,1.0,0.01,14.525175094604492,36481.10332454335,36479.11128148835,0.005460777373730096,2.4754087668554803e-12,0.00982265522057979,18,converged,gap_residual_and_feasibility
458,0.4130872638556095,sMEL-ADMM,1.0,0.01,1.210872,36480.05320513851,36479.11128148835,0.0025820904541449955,2.0017321133991572e-13,0.008633691149618983,35,converged,gap_residual_and_feasibility
459,0.41726556457870123,IPOPT,1.0,1.0e-10,12.771844863891602,36479.11128157201,36479.11128148835,2.2933387823604822e-10,1.3322676295501878e-14,NaN,33,INTERRUPTED,gap_and_residual
459,0.41726556457870123,MadNLP,1.0,0.01,17.06695556640625,36479.11128148835,36479.11128148835,0.0,1.865174681370263e-14,NaN,34,LOCALLY_SOLVED,residual_tolerance_upper_bound
459,0.41726556457870123,ADMM,1.0,0.01,68.0398941040039,36588.97205638479,36479.11128148835,0.3011607767763379,7.147060721024445e-13,1.134236997725517,6,converged,gap_callback_with_solver_termination
459,0.41726556457870123,MEL-ADMM,1.0,0.01,14.53709602355957,36481.103324450545,36479.11128148835,0.005460777119324667,4.565237077258644e-13,0.009822655312989426,18,converged,gap_residual_and_feasibility
459,0.41726556457870123,sMEL-ADMM,1.0,0.01,1.257623,36480.0978188323,36479.11128148835,0.0027043897433069813,2.0122792321330962e-13,0.003993952482586494,36,converged,gap_residual_and_feasibility
460,0.5963618173092875,IPOPT,1.0,1.0e-10,13.675928115844727,36479.11128157197,36479.11128148833,2.2927404160057192e-10,1.2434497875801753e-14,NaN,33,INTERRUPTED,gap_and_residual
460,0.5963618173092875,MadNLP,1.0,0.01,17.46392250061035,36479.11128148832,36479.11128148833,1.9945545158814434e-14,9.769962616701378e-15,NaN,34,LOCALLY_SOLVED,residual_tolerance_upper_bound
460,0.5963618173092875,ADMM,1.0,0.01,69.25725936889648,36598.34427240748,36479.11128148833,0.32685278432112624,1.389777182225771e-12,1.1228924562009706,6,converged,gap_callback_with_solver_termination
460,0.5963618173092875,MEL-ADMM,1.0,0.01,14.910221099853516,36480.9695799214,36479.11128148833,0.005094143930020793,3.176792162662423e-12,0.009921894223585248,18,converged,gap_residual_and_feasibility
460,0.5963618173092875,sMEL-ADMM,1.0,0.01,0.922707,36480.76380054244,36479.11128148833,0.004530041977600334,2.0061730054976579e-13,0.009956208974120528,29,converged,gap_residual_and_feasibility
461,0.31432761561366457,IPOPT,1.0,1.0e-10,14.101028442382812,36479.111281571735,36479.11128148833,2.2863578415548986e-10,1.2434497875801753e-14,NaN,34,INTERRUPTED,gap_and_residual
461,0.31432761561366457,MadNLP,1.0,0.01,17.967939376831055,36479.11128148833,36479.11128148833,0.0,1.2434497875801753e-14,NaN,35,LOCALLY_SOLVED,residual_tolerance_upper_bound
461,0.31432761561366457,ADMM,1.0,0.01,73.12631607055664,36552.68180955602,36479.11128148833,0.20167850992857417,3.5704772471945034e-13,1.1238005454765982,6,converged,gap_callback_with_solver_termination
461,0.31432761561366457,MEL-ADMM,1.0,0.01,13.00358772277832,36480.72577675132,36479.11128148833,0.004425807554720786,3.2253089088385423e-12,0.009020317878729145,16,converged,gap_residual_and_feasibility
461,0.31432761561366457,sMEL-ADMM,1.0,0.01,1.5097509999999998,36479.445347243905,36479.11128148833,0.0009157727363387862,1.9961809982760315e-13,0.005807416320083192,39,converged,gap_residual_and_feasibility
462,0.511507347203094,IPOPT,1.0,1.0e-10,12.740850448608398,36479.11128157211,36479.11128148834,2.2965300695858936e-10,1.3322676295501878e-14,NaN,33,INTERRUPTED,gap_and_residual
462,0.511507347203094,MadNLP,1.0,0.01,16.89004898071289,36479.111281488316,36479.11128148834,5.983663547644329e-14,1.4210854715202004e-14,NaN,34,LOCALLY_SOLVED,residual_tolerance_upper_bound
462,0.511507347203094,ADMM,1.0,0.01,67.50631332397461,36588.972047983334,36479.11128148834,0.3011607537455162,1.0947909245828669e-12,1.1342369926407248,6,converged,gap_callback_with_solver_termination
462,0.511507347203094,MEL-ADMM,1.0,0.01,14.48202133178711,36481.10332461825,36479.11128148834,0.005460777579089432,4.41369163439731e-12,0.009822655264518865,18,converged,gap_residual_and_feasibility
462,0.511507347203094,sMEL-ADMM,1.0,0.01,1.224204,36480.66997387365,36479.11128148834,0.00427283541335219,2.007283228522283e-13,0.008976288197846571,32,converged,gap_residual_and_feasibility
463,0.43008529274865287,IPOPT,1.0,1.0e-10,12.907981872558594,36479.11128157205,36479.11128148833,2.294934425973189e-10,1.4210854715202004e-14,NaN,33,INTERRUPTED,gap_and_residual
463,0.43008529274865287,MadNLP,1.0,0.01,17.46082305908203,36479.11128148836,36479.11128148833,7.978218063525773e-14,1.1546319456101628e-14,NaN,34,LOCALLY_SOLVED,residual_tolerance_upper_bound
463,0.43008529274865287,ADMM,1.0,0.01,68.74656677246094,36588.97205622717,36479.11128148833,0.3011607763443176,1.0382250614782151e-12,1.1342370032865796,6,converged,gap_callback_with_solver_termination
463,0.43008529274865287,MEL-ADMM,1.0,0.01,14.637231826782227,36481.10332455639,36479.11128148833,0.005460777409532353,2.7943203306790565e-12,0.009822655219158705,18,converged,gap_residual_and_feasibility
463,0.43008529274865287,sMEL-ADMM,1.0,0.01,1.0700830000000001,36480.24927304668,36479.11128148833,0.0031195704017141436,2.0050627824730327e-13,0.009469814900375795,36,converged,gap_residual_and_feasibility
464,0.4149571630891826,IPOPT,1.0,1.0e-10,13.602018356323242,36479.11128157198,36479.11128148836,2.2923415051025411e-10,1.2434497875801753e-14,NaN,33,INTERRUPTED,gap_and_residual
464,0.4149571630891826,MadNLP,1.0,0.01,17.470121383666992,36479.11128148833,36479.11128148836,7.978218063525767e-14,1.3322676295501878e-14,NaN,34,LOCALLY_SOLVED,residual_tolerance_upper_bound
464,0.4149571630891826,ADMM,1.0,0.01,69.80562210083008,36588.97205578798,36479.11128148836,0.30116077514028455,9.746092821671937e-13,1.1342369928343468,6,converged,gap_callback_with_solver_termination
464,0.4149571630891826,MEL-ADMM,1.0,0.01,14.641046524047852,36481.10332458671,36479.11128148836,0.005460777492565653,3.550770788507407e-12,0.009822655319990048,18,converged,gap_residual_and_feasibility
464,0.4149571630891826,sMEL-ADMM,1.0,0.01,1.411581,36480.07521285856,36479.11128148836,0.002642420103826075,2.0083934515469082e-13,0.009656026678932506,35,converged,gap_residual_and_feasibility
465,0.5675423019919954,IPOPT,1.0,1.0e-10,12.852907180786133,36479.11128157211,36479.11128148834,2.2965300695858936e-10,1.3322676295501878e-14,NaN,33,INTERRUPTED,gap_and_residual
465,0.5675423019919954,MadNLP,1.0,0.01,18.191099166870117,36479.11128148834,36479.11128148834,0.0,1.1546319456101628e-14,NaN,34,LOCALLY_SOLVED,residual_tolerance_upper_bound
465,0.5675423019919954,ADMM,1.0,0.01,67.26622581481934,36588.97205237892,36479.11128148834,0.3011607657951187,1.2704282070785666e-12,1.1342369898746982,6,converged,gap_callback_with_solver_termination
465,0.5675423019919954,MEL-ADMM,1.0,0.01,14.625072479248047,36481.10332476236,36479.11128148834,0.005460777974150844,8.229306125429048e-12,0.009822655486925846,18,converged,gap_residual_and_feasibility
465,0.5675423019919954,sMEL-ADMM,1.0,0.01,1.201166,36480.685627641054,36479.11128148834,0.004315747005369708,2.0039525594484076e-13,0.009266023070592766,32,converged,gap_residual_and_feasibility
466,0.7089548274810102,IPOPT,1.0,1.0e-10,12.830018997192383,36479.11128157185,36479.111281488345,2.2891502178771317e-10,1.1546319456101628e-14,NaN,34,INTERRUPTED,gap_and_residual
466,0.7089548274810102,MadNLP,1.0,0.01,17.542123794555664,36479.111281488316,36479.111281488345,7.978218063525771e-14,1.4210854715202004e-14,NaN,35,LOCALLY_SOLVED,residual_tolerance_upper_bound
466,0.7089548274810102,ADMM,1.0,0.01,71.74277305603027,36657.73505966955,36479.111281488345,0.48966044376153905,4.884648241443301e-12,1.7443724063643447,6,converged,gap_callback_with_solver_termination
466,0.7089548274810102,MEL-ADMM,1.0,0.01,12.879610061645508,36480.6492025615,36479.111281488345,0.004215895122246948,1.6652235146352723e-12,0.008016971705474774,16,converged,gap_residual_and_feasibility
466,0.7089548274810102,sMEL-ADMM,1.0,0.01,1.118331,36480.759164951494,36479.111281488345,0.00451733445596613,2.0028423364237824e-13,0.005795851945151753,33,converged,gap_residual_and_feasibility
467,0.2958171756866023,IPOPT,1.0,1.0e-10,13.49020004272461,36479.11128157166,36479.11128148832,2.2845627424906058e-10,1.4210854715202004e-14,NaN,34,INTERRUPTED,gap_and_residual
467,0.2958171756866023,MadNLP,1.0,0.01,17.82989501953125,36479.111281488345,36479.11128148832,5.983663547644332e-14,1.0658141036401503e-14,NaN,35,LOCALLY_SOLVED,residual_tolerance_upper_bound
467,0.2958171756866023,ADMM,1.0,0.01,73.76265525817871,36555.998176213725,36479.11128148832,0.21076964877819915,2.9686808566964373e-12,1.114293458136987,6,converged,gap_callback_with_solver_termination
467,0.2958171756866023,MEL-ADMM,1.0,0.01,12.612104415893555,36480.70357731812,36479.11128148832,0.004364952362762422,3.694822225952521e-13,0.006616012170579388,16,converged,gap_residual_and_feasibility
467,0.2958171756866023,sMEL-ADMM,1.0,0.01,1.457914,36479.43741697787,36479.11128148832,0.0008940335388857423,1.9984014443252818e-13,0.0073756292678570645,39,converged,gap_residual_and_feasibility
468,0.7400684739166851,IPOPT,1.0,1.0e-10,14.369964599609375,36479.1112815719,36479.11128148834,2.2907458614898372e-10,9.769962616701378e-15,NaN,34,INTERRUPTED,gap_and_residual
468,0.7400684739166851,MadNLP,1.0,0.01,18.83697509765625,36479.111281488345,36479.11128148834,1.994554515881443e-14,1.509903313490213e-14,NaN,35,LOCALLY_SOLVED,residual_tolerance_upper_bound
468,0.7400684739166851,ADMM,1.0,0.01,85.7388973236084,36537.99125455289,36479.11128148834,0.16140736710993908,3.4613423238738505e-12,0.8528859245973752,7,converged,gap_callback_with_solver_termination
468,0.7400684739166851,MEL-ADMM,1.0,0.01,14.916658401489258,36480.52387074992,36479.11128148834,0.003872323672264544,3.863576125695545e-13,0.006164401873373748,19,converged,gap_residual_and_feasibility
468,0.7400684739166851,sMEL-ADMM,1.0,0.01,1.109668,36480.77994859693,36479.11128148834,0.0045743085562463875,2.0061730054976579e-13,0.00593503382841476,33,converged,gap_residual_and_feasibility
469,0.7418126091556757,IPOPT,1.0,1.0e-10,13.77105712890625,36479.11128157211,36479.11128148833,2.296729525037482e-10,1.4210854715202004e-14,NaN,34,INTERRUPTED,gap_and_residual
469,0.7418126091556757,MadNLP,1.0,0.01,17.71402359008789,36479.11128148836,36479.11128148833,7.978218063525773e-14,1.0658141036401503e-14,NaN,35,LOCALLY_SOLVED,residual_tolerance_upper_bound
469,0.7418126091556757,ADMM,1.0,0.01,86.78984642028809,36535.9462697162,36479.11128148833,0.15580146070255893,3.197442310920451e-13,0.8418663064920979,7,converged,gap_callback_with_solver_termination
469,0.7418126091556757,MEL-ADMM,1.0,0.01,15.195369720458984,36480.521464678575,36479.11128148833,0.0038657279212830917,2.617461802856269e-12,0.0062797006728967375,19,converged,gap_residual_and_feasibility
469,0.7418126091556757,sMEL-ADMM,1.0,0.01,1.135123,36480.78111060577,36479.11128148833,0.00457749396512073,1.9984014443252818e-13,0.005942738862030339,33,converged,gap_residual_and_feasibility
470,0.3569725881250934,IPOPT,1.0,1.0e-10,12.578010559082031,36479.11134600856,36479.11128148834,1.7686895668594157e-7,1.509903313490213e-14,NaN,33,INTERRUPTED,gap_and_residual
470,0.3569725881250934,MadNLP,1.0,0.01,17.42410659790039,36479.11128148835,36479.11128148834,3.989109031762886e-14,1.3322676295501878e-14,NaN,35,LOCALLY_SOLVED,residual_tolerance_upper_bound
470,0.3569725881250934,ADMM,1.0,0.01,69.2605972290039,36586.33372461084,36479.11128148834,0.293928331463807,1.5744072712209345e-12,1.1676542983438107,6,converged,gap_callback_with_solver_termination
470,0.3569725881250934,MEL-ADMM,1.0,0.01,15.105247497558594,36480.93948588222,36479.11128148834,0.005011647295281958,1.9365620218536606e-12,0.0012361362951747168,19,converged,gap_residual_and_feasibility
470,0.3569725881250934,sMEL-ADMM,1.0,0.01,1.1309619999999998,36479.620186106426,36479.11128148834,0.0013950576102594024,2.0011770018868447e-13,0.008983788013541272,35,converged,gap_residual_and_feasibility
471,0.33337826258509945,IPOPT,1.0,1.0e-10,12.924909591674805,36479.111281557896,36479.11128148834,1.9067941171826596e-10,1.0658141036401503e-14,NaN,34,INTERRUPTED,gap_and_residual
471,0.33337826258509945,MadNLP,1.0,0.01,17.951011657714844,36479.11128148835,36479.11128148834,3.989109031762886e-14,1.509903313490213e-14,NaN,35,LOCALLY_SOLVED,residual_tolerance_upper_bound
471,0.33337826258509945,ADMM,1.0,0.01,70.66512107849121,36566.40253895508,36479.11128148834,0.23929107481036493,3.206324095117452e-13,1.1523179792814169,6,converged,gap_callback_with_solver_termination
471,0.33337826258509945,MEL-ADMM,1.0,0.01,16.261816024780273,36480.83164972376,36479.11128148834,0.004716036589125885,2.7080004905144506e-12,0.0007443631250438898,19,converged,gap_residual_and_feasibility
471,0.33337826258509945,sMEL-ADMM,1.0,0.01,1.623666,36479.509979748116,36479.11128148834,0.0010929494874518855,1.9950707752514063e-13,0.009331614006937272,35,converged,gap_residual_and_feasibility
472,0.6255689592622292,IPOPT,1.0,1.0e-10,14.310121536254883,36479.11128156915,36479.11128148834,2.2153517007895186e-10,1.1546319456101628e-14,NaN,33,INTERRUPTED,gap_and_residual
472,0.6255689592622292,MadNLP,1.0,0.01,19.283056259155273,36479.11128148836,36479.11128148834,5.983663547644329e-14,1.2434497875801753e-14,NaN,34,LOCALLY_SOLVED,residual_tolerance_upper_bound
472,0.6255689592622292,ADMM,1.0,0.01,76.83444023132324,36578.36028969039,36479.11128148834,0.2720707953551956,3.703704010149522e-13,1.171809771288289,6,converged,gap_callback_with_solver_termination
472,0.6255689592622292,MEL-ADMM,1.0,0.01,16.363859176635742,36480.86033423818,36479.11128148834,0.0047946693008730805,7.391864897954292e-13,0.0008868897611389315,19,converged,gap_residual_and_feasibility
472,0.6255689592622292,sMEL-ADMM,1.0,0.01,1.2644570000000002,36480.703623329275,36479.11128148834,0.004365078492865088,2.0128343436454088e-13,0.009546788129934924,32,converged,gap_residual_and_feasibility
473,0.4081545144372531,IPOPT,1.0,1.0e-10,14.499187469482422,36479.11128157199,36479.111281488345,2.2929398714573064e-10,1.4210854715202004e-14,NaN,33,INTERRUPTED,gap_and_residual
473,0.4081545144372531,MadNLP,1.0,0.01,19.19698715209961,36479.11128148835,36479.111281488345,1.9945545158814427e-14,1.509903313490213e-14,NaN,34,LOCALLY_SOLVED,residual_tolerance_upper_bound
473,0.4081545144372531,ADMM,1.0,0.01,73.58384132385254,36588.97205649278,36479.111281488345,0.3011607770723897,1.0293987884324451e-12,1.134236997218423,6,converged,gap_callback_with_solver_termination
473,0.4081545144372531,MEL-ADMM,1.0,0.01,15.716552734375,36481.103324401745,36479.111281488345,0.005460776985569843,1.2017054018542694e-12,0.009822655223891807,18,converged,gap_residual_and_feasibility
473,0.4081545144372531,sMEL-ADMM,1.0,0.01,1.55792,36479.99640040853,36479.111281488345,0.002426371940235764,2.0028423364237824e-13,0.006049443419803069,35,converged,gap_residual_and_feasibility
474,0.6687616416648031,IPOPT,1.0,1.0e-10,14.512062072753906,36479.11128155857,36479.11128148836,1.9247451078255914e-10,1.2434497875801753e-14,NaN,34,INTERRUPTED,gap_and_residual
474,0.6687616416648031,MadNLP,1.0,0.01,20.013093948364258,36479.111281488345,36479.11128148836,3.9891090317628836e-14,1.3322676295501878e-14,NaN,35,LOCALLY_SOLVED,residual_tolerance_upper_bound
474,0.6687616416648031,ADMM,1.0,0.01,80.71637153625488,36561.6173570588,36479.11128148836,0.22617348030709367,1.4908074774666602e-12,1.1233759245812491,6,converged,gap_callback_with_solver_termination
474,0.6687616416648031,MEL-ADMM,1.0,0.01,13.968467712402344,36480.672217204105,36479.11128148836,0.004278985043521807,2.595479386968691e-12,0.007250673018771359,16,converged,gap_residual_and_feasibility
474,0.6687616416648031,sMEL-ADMM,1.0,0.01,1.420876,36480.723685417295,36479.11128148836,0.004420074591437388,2.0061730054976579e-13,0.009772259147357687,32,converged,gap_residual_and_feasibility
475,0.659257746758857,IPOPT,1.0,1.0e-10,12.66789436340332,36479.111346009035,36479.111281488345,1.768702332008317e-7,1.3322676295501878e-14,NaN,33,INTERRUPTED,gap_and_residual
475,0.659257746758857,MadNLP,1.0,0.01,17.53401756286621,36479.11128148834,36479.111281488345,1.9945545158814427e-14,1.4210854715202004e-14,NaN,35,LOCALLY_SOLVED,residual_tolerance_upper_bound
475,0.659257746758857,ADMM,1.0,0.01,71.86079025268555,36558.00167356778,36479.111281488345,0.2162618257629166,3.836930773104541e-13,1.1314107027014444,6,converged,gap_callback_with_solver_termination
475,0.659257746758857,MEL-ADMM,1.0,0.01,13.708353042602539,36480.68224228673,36479.111281488345,0.004306466750974036,4.4853010194856324e-13,0.00868059097981444,16,converged,gap_residual_and_feasibility
475,0.659257746758857,sMEL-ADMM,1.0,0.01,1.359709,36480.71782261613,36479.111281488345,0.004404002924809842,2.0061730054976579e-13,0.009721661493445666,32,converged,gap_residual_and_feasibility
476,0.3957147438310568,IPOPT,1.0,1.0e-10,14.379024505615234,36479.111281571895,36479.111281488345,2.2903469505866606e-10,1.2434497875801753e-14,NaN,33,INTERRUPTED,gap_and_residual
476,0.3957147438310568,MadNLP,1.0,0.01,19.372940063476562,36479.11128148836,36479.111281488345,3.9891090317628855e-14,1.3322676295501878e-14,NaN,34,LOCALLY_SOLVED,residual_tolerance_upper_bound
476,0.3957147438310568,ADMM,1.0,0.01,73.03094863891602,36588.97205729439,36479.111281488345,0.30116077926985024,2.3202550991641147e-12,1.1342369960157601,6,converged,gap_callback_with_solver_termination
476,0.3957147438310568,MEL-ADMM,1.0,0.01,15.63119888305664,36481.10332457402,36479.111281488345,0.005460777457820516,3.430644657242965e-12,0.009822655724343043,18,converged,gap_residual_and_feasibility
476,0.3957147438310568,sMEL-ADMM,1.0,0.01,1.3785850000000002,36479.86246448227,36479.111281488345,0.002059214074949463,1.999511667349907e-13,0.006992176030347963,34,converged,gap_residual_and_feasibility
477,0.5127841021886234,IPOPT,1.0,1.0e-10,14.588117599487305,36479.11128157216,36479.111281488345,2.2975273468438339e-10,1.4210854715202004e-14,NaN,33,INTERRUPTED,gap_and_residual
477,0.5127841021886234,MadNLP,1.0,0.01,19.39702033996582,36479.11128148833,36479.111281488345,3.9891090317628855e-14,8.881784197001252e-15,NaN,34,LOCALLY_SOLVED,residual_tolerance_upper_bound
477,0.5127841021886234,ADMM,1.0,0.01,74.32889938354492,36588.97204779785,36479.111281488345,0.3011607532370244,3.8191672047105385e-13,1.1342369901156584,6,converged,gap_callback_with_solver_termination
477,0.5127841021886234,MEL-ADMM,1.0,0.01,15.693426132202148,36481.103324539334,36479.111281488345,0.005460777362740102,2.3077095789858504e-12,0.009822655371708677,18,converged,gap_residual_and_feasibility
477,0.5127841021886234,sMEL-ADMM,1.0,0.01,1.330164,36480.67030466942,36479.111281488345,0.004273742222065146,2.0039525594484076e-13,0.008983395715292275,32,converged,gap_residual_and_feasibility
478,0.5499233044446299,IPOPT,1.0,1.0e-10,14.589071273803711,36479.111281572106,36479.111281488345,2.2961311586827168e-10,1.3322676295501878e-14,NaN,33,INTERRUPTED,gap_and_residual
478,0.5499233044446299,MadNLP,1.0,0.01,19.3021297454834,36479.11128148831,36479.111281488345,9.972772579407213e-14,1.0658141036401503e-14,NaN,34,LOCALLY_SOLVED,residual_tolerance_upper_bound
478,0.5499233044446299,ADMM,1.0,0.01,73.71234893798828,36588.97205164597,36479.111281488345,0.3011607637858642,2.1421753260142395e-12,1.1342369930273684,6,converged,gap_callback_with_solver_termination
478,0.5499233044446299,MEL-ADMM,1.0,0.01,15.738487243652344,36481.10332463682,36479.111281488345,0.005460777629970516,4.8577808442473724e-12,0.009822655432092375,18,converged,gap_residual_and_feasibility
478,0.5499233044446299,sMEL-ADMM,1.0,0.01,1.260204,36480.68035233539,36479.111281488345,0.004301285837078859,1.999511667349907e-13,0.00917931071852962,32,converged,gap_residual_and_feasibility
479,0.3965085067059066,IPOPT,1.0,1.0e-10,14.47606086730957,36479.111281571946,36479.11128148834,2.291942594199366e-10,1.2434497875801753e-14,NaN,33,INTERRUPTED,gap_and_residual
479,0.3965085067059066,MadNLP,1.0,0.01,18.928050994873047,36479.111281488345,36479.11128148834,1.994554515881443e-14,1.5987211554602254e-14,NaN,34,LOCALLY_SOLVED,residual_tolerance_upper_bound
479,0.3965085067059066,ADMM,1.0,0.01,73.24504852294922,36588.97205848898,36479.11128148834,0.30116078254458967,1.430910945288133e-12,1.1342370053726638,6,converged,gap_callback_with_solver_termination
479,0.3965085067059066,MEL-ADMM,1.0,0.01,15.803813934326172,36481.103324400385,36479.11128148834,0.005460776981859972,1.123046100559577e-12,0.009822655644290634,18,converged,gap_residual_and_feasibility
479,0.3965085067059066,sMEL-ADMM,1.0,0.01,1.333583,36479.87028260691,36479.11128148834,0.002080645859812866,2.0017321133991572e-13,0.007394693713653311,34,converged,gap_residual_and_feasibility
480,0.36517453642212844,IPOPT,1.0,1.0e-10,14.50800895690918,36479.11128157148,36479.11128148834,2.279177445297725e-10,1.1546319456101628e-14,NaN,33,INTERRUPTED,gap_and_residual
480,0.36517453642212844,MadNLP,1.0,0.01,19.582033157348633,36479.111281488316,36479.11128148834,5.983663547644329e-14,7.993605777301127e-15,NaN,34,LOCALLY_SOLVED,residual_tolerance_upper_bound
480,0.36517453642212844,ADMM,1.0,0.01,74.71823692321777,36595.45323744255,36479.11128148834,0.31892760505173756,3.668176873361517e-13,1.160668306730158,6,converged,gap_callback_with_solver_termination
480,0.36517453642212844,MEL-ADMM,1.0,0.01,16.47353172302246,36480.98943837309,36479.11128148834,0.0051485818014113385,2.7525759449531506e-12,0.0014617750094032544,19,converged,gap_residual_and_feasibility
480,0.36517453642212844,sMEL-ADMM,1.0,0.01,1.477208,36479.66520095697,36479.11128148834,0.0015184565883774074,2.0011770018868447e-13,0.006749764860050078,36,converged,gap_residual_and_feasibility
481,0.5270191958299348,IPOPT,1.0,1.0e-10,14.02902603149414,36479.11128157215,36479.11128148837,2.2967295250374797e-10,1.2434497875801753e-14,NaN,33,INTERRUPTED,gap_and_residual
481,0.5270191958299348,MadNLP,1.0,0.01,19.062042236328125,36479.11128148835,36479.11128148837,3.989109031762883e-14,1.1546319456101628e-14,NaN,34,LOCALLY_SOLVED,residual_tolerance_upper_bound
481,0.5270191958299348,ADMM,1.0,0.01,73.7919807434082,36588.972048089665,36479.11128148837,0.3011607540369204,1.7742474156534627e-12,1.1342369861625698,6,converged,gap_callback_with_solver_termination
481,0.5270191958299348,MEL-ADMM,1.0,0.01,15.565156936645508,36481.10332446935,36479.11128148837,0.005460777170844009,5.325739849126876e-13,0.009822655283107551,18,converged,gap_residual_and_feasibility
481,0.5270191958299348,sMEL-ADMM,1.0,0.01,1.376582,36480.674004484594,36479.11128148837,0.00428388450630794,2.0061730054976579e-13,0.009060626949128903,32,converged,gap_residual_and_feasibility
482,0.6212857231894927,IPOPT,1.0,1.0e-10,14.064788818359375,36479.111281569894,36479.111281488345,2.235496701399921e-10,1.509903313490213e-14,NaN,33,INTERRUPTED,gap_and_residual
482,0.6212857231894927,MadNLP,1.0,0.01,19.543886184692383,36479.11128148832,36479.111281488345,5.983663547644328e-14,1.0658141036401503e-14,NaN,34,LOCALLY_SOLVED,residual_tolerance_upper_bound
482,0.6212857231894927,ADMM,1.0,0.01,76.22098922729492,36581.468653873264,36479.111281488345,0.2805917380911106,7.69273533762771e-13,1.1642882454500647,6,converged,gap_callback_with_solver_termination
482,0.6212857231894927,MEL-ADMM,1.0,0.01,16.63374900817871,36480.880398897374,36479.111281488345,0.0048496724478220765,7.583822458911982e-12,0.0010024838966948835,19,converged,gap_residual_and_feasibility
482,0.6212857231894927,sMEL-ADMM,1.0,0.01,1.114502,36480.77733311427,36479.111281488345,0.0045671387470646386,2.000621890374532e-13,0.009968293170139475,29,converged,gap_residual_and_feasibility
483,0.2797187246817307,IPOPT,1.0,1.0e-10,14.055013656616211,36479.11128157153,36479.11128148833,2.2807730889104307e-10,1.0658141036401503e-14,NaN,34,INTERRUPTED,gap_and_residual
483,0.2797187246817307,MadNLP,1.0,0.01,19.84882354736328,36479.11128148835,36479.11128148833,5.98366354764433e-14,1.4210854715202004e-14,NaN,35,LOCALLY_SOLVED,residual_tolerance_upper_bound
483,0.2797187246817307,ADMM,1.0,0.01,80.70540428161621,36575.64981458867,36479.11128148833,0.2646405839095404,6.940004126931854e-13,1.2189928969583717,6,converged,gap_callback_with_solver_termination
483,0.2797187246817307,MEL-ADMM,1.0,0.01,13.702869415283203,36480.69791501249,36479.11128148833,0.004349430313463042,4.3309245079115044e-12,0.004907645007854455,16,converged,gap_residual_and_feasibility
483,0.2797187246817307,sMEL-ADMM,1.0,0.01,1.867796,36479.48335566485,36479.11128148833,0.0010199650250520078,2.0000667788622195e-13,0.007928333815771182,39,converged,gap_residual_and_feasibility
484,0.5136892433837885,IPOPT,1.0,1.0e-10,13.820886611938477,36479.11128157215,36479.11128148835,2.297128435940657e-10,1.5987211554602254e-14,NaN,33,INTERRUPTED,gap_and_residual
484,0.5136892433837885,MadNLP,1.0,0.01,18.86606216430664,36479.11128148834,36479.11128148835,3.989109031762884e-14,9.769962616701378e-15,NaN,34,LOCALLY_SOLVED,residual_tolerance_upper_bound
484,0.5136892433837885,ADMM,1.0,0.01,74.20778274536133,36588.97204731073,36479.11128148835,0.30116075190167013,1.0654810367327627e-12,1.134236984574291,6,converged,gap_callback_with_solver_termination
484,0.5136892433837885,MEL-ADMM,1.0,0.01,15.500783920288086,36481.10332464759,36479.11128148835,0.005460777659489922,5.1564308378715396e-12,0.009822655439026384,18,converged,gap_residual_and_feasibility
484,0.5136892433837885,sMEL-ADMM,1.0,0.01,1.2550389999999998,36480.670539115854,36479.11128148835,0.004274384908857332,2.0017321133991572e-13,0.008988418170856605,32,converged,gap_residual_and_feasibility
485,0.6660166205892751,IPOPT,1.0,1.0e-10,14.819860458374023,36479.11128155825,36479.11128148834,1.9165674343104785e-10,1.2434497875801753e-14,NaN,34,INTERRUPTED,gap_and_residual
485,0.6660166205892751,MadNLP,1.0,0.01,19.939184188842773,36479.111281488345,36479.11128148834,1.994554515881443e-14,1.2434497875801753e-14,NaN,35,LOCALLY_SOLVED,residual_tolerance_upper_bound
485,0.6660166205892751,ADMM,1.0,0.01,80.21783828735352,36559.74508691976,36479.11128148834,0.2210410358114636,4.773959005888173e-13,1.1244192760333434,6,converged,gap_callback_with_solver_termination
485,0.6660166205892751,MEL-ADMM,1.0,0.01,13.686180114746094,36480.67393098563,36479.11128148834,0.004283683024049892,3.7125857943465235e-13,0.007634551240909282,16,converged,gap_residual_and_feasibility
485,0.6660166205892751,sMEL-ADMM,1.0,0.01,1.248247,36480.72199164277,36479.11128148834,0.004415431456112271,2.0028423364237824e-13,0.009757477709785078,32,converged,gap_residual_and_feasibility
486,0.5030508820756948,IPOPT,1.0,1.0e-10,12.677907943725586,36479.11128157213,36479.111281488345,2.2967295250374813e-10,1.2434497875801753e-14,NaN,33,INTERRUPTED,gap_and_residual
486,0.5030508820756948,MadNLP,1.0,0.01,17.197132110595703,36479.11128148835,36479.111281488345,1.9945545158814427e-14,9.769962616701378e-15,NaN,34,LOCALLY_SOLVED,residual_tolerance_upper_bound
486,0.5030508820756948,ADMM,1.0,0.01,70.35374641418457,36588.972048211006,36479.111281488345,0.30116075436961226,2.3931967518819874e-12,1.1342369926248645,6,converged,gap_callback_with_solver_termination
486,0.5030508820756948,MEL-ADMM,1.0,0.01,15.774250030517578,36481.10332447716,36479.111281488345,0.005460777192305419,6.441513988875158e-13,0.009822655284144055,18,converged,gap_residual_and_feasibility
486,0.5030508820756948,sMEL-ADMM,1.0,0.01,1.205209,36480.66783113433,36479.111281488345,0.004266961533056985,2.0028423364237824e-13,0.008928609122561326,32,converged,gap_residual_and_feasibility
487,0.7389979586516147,IPOPT,1.0,1.0e-10,14.780998229980469,36479.11128157185,36479.11128148833,2.2895491287803088e-10,1.2434497875801753e-14,NaN,34,INTERRUPTED,gap_and_residual
487,0.7389979586516147,MadNLP,1.0,0.01,19.14811134338379,36479.11128148833,36479.11128148833,0.0,1.3322676295501878e-14,NaN,35,LOCALLY_SOLVED,residual_tolerance_upper_bound
487,0.7389979586516147,ADMM,1.0,0.01,93.46389770507812,36539.260363039735,36479.11128148833,0.16488636767290873,2.510214258677479e-12,0.8602176789591987,7,converged,gap_callback_with_solver_termination
487,0.7389979586516147,MEL-ADMM,1.0,0.01,16.258716583251953,36480.52535887736,36479.11128148833,0.003876403068376722,4.04121180963557e-13,0.006112305485523883,19,converged,gap_residual_and_feasibility
487,0.7389979586516147,sMEL-ADMM,1.0,0.01,1.298711,36480.779236473456,36479.11128148833,0.004572356415852506,2.0050627824730327e-13,0.00593025874548303,33,converged,gap_residual_and_feasibility
488,0.5929406903644836,IPOPT,1.0,1.0e-10,14.18304443359375,36479.11128157199,36479.111281488345,2.2929398714573064e-10,9.769962616701378e-15,NaN,33,INTERRUPTED,gap_and_residual
488,0.5929406903644836,MadNLP,1.0,0.01,19.20485496520996,36479.11128148836,36479.111281488345,3.9891090317628855e-14,1.2434497875801753e-14,NaN,34,LOCALLY_SOLVED,residual_tolerance_upper_bound
488,0.5929406903644836,ADMM,1.0,0.01,73.7299919128418,36596.82169861857,36479.111281488345,0.32267896063016305,6.117439887987075e-12,1.0744780862109913,6,converged,gap_callback_with_solver_termination
488,0.5929406903644836,MEL-ADMM,1.0,0.01,15.915155410766602,36480.99544267717,36479.111281488345,0.005165041369260426,1.9365620218536606e-12,0.009910620272949977,18,converged,gap_residual_and_feasibility
488,0.5929406903644836,sMEL-ADMM,1.0,0.01,1.257083,36480.693424422694,36479.111281488345,0.004337120282728871,2.0039525594484076e-13,0.00938839248483525,32,converged,gap_residual_and_feasibility
489,0.6230743809443313,IPOPT,1.0,1.0e-10,12.701988220214844,36479.11128156961,36479.11128148834,2.227917394239572e-10,1.2434497875801753e-14,NaN,33,INTERRUPTED,gap_and_residual
489,0.6230743809443313,MadNLP,1.0,0.01,17.230987548828125,36479.11128148835,36479.11128148834,3.989109031762886e-14,1.2434497875801753e-14,NaN,34,LOCALLY_SOLVED,residual_tolerance_upper_bound
489,0.6230743809443313,ADMM,1.0,0.01,71.91848754882812,36580.207550335086,36479.11128148834,0.277134681452753,1.1288747714388592e-12,1.1681252202749342,6,converged,gap_callback_with_solver_termination
489,0.6230743809443313,MEL-ADMM,1.0,0.01,16.12377166748047,36480.8716475129,36479.11128148834,0.004825682322617111,3.0703217746008704e-12,0.000955481780513523,19,converged,gap_residual_and_feasibility
489,0.6230743809443313,sMEL-ADMM,1.0,0.01,1.2799989999999999,36480.70284523344,36479.11128148834,0.00436294550276267,1.9961809982760315e-13,0.009534196162283237,32,converged,gap_residual_and_feasibility
490,0.5960945250824343,IPOPT,1.0,1.0e-10,14.66989517211914,36479.11128157198,36479.11128148835,2.2925409605541298e-10,1.4210854715202004e-14,NaN,33,INTERRUPTED,gap_and_residual
490,0.5960945250824343,MadNLP,1.0,0.01,19.150972366333008,36479.11128148834,36479.11128148835,3.989109031762884e-14,1.4210854715202004e-14,NaN,34,LOCALLY_SOLVED,residual_tolerance_upper_bound
490,0.5960945250824343,ADMM,1.0,0.01,74.85413551330566,36598.21278151732,36479.11128148835,0.32649232902066067,3.197442310920451e-13,1.1191085504715659,6,converged,gap_callback_with_solver_termination
490,0.5960945250824343,MEL-ADMM,1.0,0.01,15.823125839233398,36480.97160208622,36479.11128148835,0.005099687279961909,4.235500838944972e-12,0.009921142766558866,18,converged,gap_residual_and_feasibility
490,0.5960945250824343,sMEL-ADMM,1.0,0.01,1.3683750000000001,36480.76365792367,36479.11128148835,0.004529651017450203,1.9961809982760315e-13,0.009960527518519058,29,converged,gap_residual_and_feasibility
491,0.27863382999357783,IPOPT,1.0,1.0e-10,14.63007926940918,36479.11128157154,36479.11128148833,2.2809725443620188e-10,1.2434497875801753e-14,NaN,34,INTERRUPTED,gap_and_residual
491,0.27863382999357783,MadNLP,1.0,0.01,19.839048385620117,36479.111281488345,36479.11128148833,3.989109031762887e-14,1.1546319456101628e-14,NaN,35,LOCALLY_SOLVED,residual_tolerance_upper_bound
491,0.27863382999357783,ADMM,1.0,0.01,79.11849021911621,36577.62493825534,36479.11128148833,0.2700549802511338,6.752376435770202e-12,1.2404818102169965,6,converged,gap_callback_with_solver_termination
491,0.27863382999357783,MEL-ADMM,1.0,0.01,14.006614685058594,36480.69777474691,36479.11128148833,0.0043490458041609645,3.149869254315263e-12,0.004907619289902243,16,converged,gap_residual_and_feasibility
491,0.27863382999357783,sMEL-ADMM,1.0,0.01,1.567039,36479.48940994413,36479.11128148833,0.0010365615896758417,2.000621890374532e-13,0.007940532403253542,39,converged,gap_residual_and_feasibility
492,0.5754839351166554,IPOPT,1.0,1.0e-10,14.135122299194336,36479.1112815721,36479.111281488345,2.2959317032311286e-10,1.3322676295501878e-14,NaN,33,INTERRUPTED,gap_and_residual
492,0.5754839351166554,MadNLP,1.0,0.01,19.487857818603516,36479.11128148833,36479.111281488345,3.9891090317628855e-14,1.5987211554602254e-14,NaN,34,LOCALLY_SOLVED,residual_tolerance_upper_bound
492,0.5754839351166554,ADMM,1.0,0.01,74.49913024902344,36588.97205302018,36479.111281488345,0.3011607675529793,3.241851231905457e-13,1.1342369931858372,6,converged,gap_callback_with_solver_termination
492,0.5754839351166554,MEL-ADMM,1.0,0.01,15.401840209960938,36481.10332462943,36479.111281488345,0.005460777609725787,4.740985382056806e-12,0.009822655486201981,18,converged,gap_residual_and_feasibility
492,0.5754839351166554,sMEL-ADMM,1.0,0.01,1.18321,36480.68804300062,36479.111281488345,0.004322368218096125,2.0017321133991572e-13,0.00930456254466705,32,converged,gap_residual_and_feasibility
493,0.3857168566694862,IPOPT,1.0,1.0e-10,14.576911926269531,36479.111281571866,36479.111281488345,2.289549128780308e-10,1.0658141036401503e-14,NaN,33,INTERRUPTED,gap_and_residual
493,0.3857168566694862,MadNLP,1.0,0.01,19.20795440673828,36479.11128148834,36479.111281488345,1.9945545158814427e-14,1.5987211554602254e-14,NaN,34,LOCALLY_SOLVED,residual_tolerance_upper_bound
493,0.3857168566694862,ADMM,1.0,0.01,74.10717010498047,36592.55194304108,36479.111281488345,0.3109743016417719,2.549183086841822e-12,1.0896596243169894,6,converged,gap_callback_with_solver_termination
493,0.3857168566694862,MEL-ADMM,1.0,0.01,15.617847442626953,36481.06410305448,36479.111281488345,0.005353259708179655,4.94992935529126e-13,0.00990897999675866,18,converged,gap_residual_and_feasibility
493,0.3857168566694862,sMEL-ADMM,1.0,0.01,1.310452,36479.778304186286,36479.111281488345,0.001828505888735555,2.0017321133991572e-13,0.005190603892813783,34,converged,gap_residual_and_feasibility
494,0.31826700345190195,IPOPT,1.0,1.0e-10,15.475034713745117,36479.11128148833,36479.11128148833,0.0,1.4210854715202004e-14,NaN,35,INTERRUPTED,gap_and_residual
494,0.31826700345190195,MadNLP,1.0,0.01,19.662857055664062,36479.11128148835,36479.11128148833,5.98366354764433e-14,1.3322676295501878e-14,NaN,35,LOCALLY_SOLVED,residual_tolerance_upper_bound
494,0.31826700345190195,ADMM,1.0,0.01,76.16114616394043,36555.494800359615,36479.11128148833,0.20938974714015382,9.063305661527465e-13,1.135014642115582,6,converged,gap_callback_with_solver_termination
494,0.31826700345190195,MEL-ADMM,1.0,0.01,14.222145080566406,36480.733224380434,36479.11128148833,0.004446223702072964,4.01784161496721e-12,0.009666746141746785,16,converged,gap_residual_and_feasibility
494,0.31826700345190195,sMEL-ADMM,1.0,0.01,1.523042,36479.434167660926,36479.11128148833,0.0008851262030568904,1.999511667349907e-13,0.009559979358932935,38,converged,gap_residual_and_feasibility
495,0.4024229061726127,IPOPT,1.0,1.0e-10,12.631893157958984,36479.11128157193,36479.11128148834,2.2915436832961898e-10,1.2434497875801753e-14,NaN,33,INTERRUPTED,gap_and_residual
495,0.4024229061726127,MadNLP,1.0,0.01,17.420053482055664,36479.11128148834,36479.11128148834,0.0,1.509903313490213e-14,NaN,34,LOCALLY_SOLVED,residual_tolerance_upper_bound
495,0.4024229061726127,ADMM,1.0,0.01,66.9393539428711,36588.9720568725,36479.11128148834,0.30116077811334774,2.2116752873557743e-12,1.1342369948743283,6,converged,gap_callback_with_solver_termination
495,0.4024229061726127,MEL-ADMM,1.0,0.01,15.537023544311523,36481.103324479474,36479.11128148834,0.005460777198668048,9.588996263687477e-13,0.00982265560184814,18,converged,gap_residual_and_feasibility
495,0.4024229061726127,sMEL-ADMM,1.0,0.01,1.392706,36479.93579659567,36479.11128148834,0.0022602390200048028,2.0017321133991572e-13,0.003220252158371295,35,converged,gap_residual_and_feasibility
496,0.267975106940773,IPOPT,1.0,1.0e-10,14.636993408203125,36479.111281571444,36479.11128148836,2.2775818016850184e-10,1.3322676295501878e-14,NaN,34,INTERRUPTED,gap_and_residual
496,0.267975106940773,MadNLP,1.0,0.01,19.59991455078125,36479.11128148834,36479.11128148836,5.983663547644325e-14,1.2434497875801753e-14,NaN,35,LOCALLY_SOLVED,residual_tolerance_upper_bound
496,0.267975106940773,ADMM,1.0,0.01,80.32083511352539,36602.0128131648,36479.11128148836,0.3369093362173248,6.156186671546493e-12,1.4574592128579655,6,converged,gap_callback_with_solver_termination
496,0.267975106940773,MEL-ADMM,1.0,0.01,13.514041900634766,36480.691528834264,36479.11128148836,0.004331923915882962,1.4805934256401088e-12,0.0059224877183554625,16,converged,gap_residual_and_feasibility
496,0.267975106940773,sMEL-ADMM,1.0,0.01,1.798668,36479.61060926575,36479.11128148836,0.0013688046661474553,2.0061730054976579e-13,0.008161744529166626,39,converged,gap_residual_and_feasibility
497,0.3608702389278029,IPOPT,1.0,1.0e-10,14.395952224731445,36479.111281570695,36479.11128148834,2.2576362565262053e-10,1.4210854715202004e-14,NaN,33,INTERRUPTED,gap_and_residual
497,0.3608702389278029,MadNLP,1.0,0.01,19.00315284729004,36479.11128148835,36479.11128148834,3.989109031762886e-14,1.2434497875801753e-14,NaN,34,LOCALLY_SOLVED,residual_tolerance_upper_bound
497,0.3608702389278029,ADMM,1.0,0.01,75.52194595336914,36589.36228158805,36479.11128148834,0.3022304991176182,1.5711876244495215e-12,1.1555515970751902,6,converged,gap_callback_with_solver_termination
497,0.3608702389278029,MEL-ADMM,1.0,0.01,16.568899154663086,36480.96050819929,36479.11128148834,0.005069275664872094,4.039324430493707e-12,0.0013255915618763936,19,converged,gap_residual_and_feasibility
497,0.3608702389278029,sMEL-ADMM,1.0,0.01,1.4485,36479.642880761436,36479.11128148834,0.0014572703512305458,2.0017321133991572e-13,0.009780565549798226,35,converged,gap_residual_and_feasibility
498,0.25596895076423143,IPOPT,1.0,1.0e-10,12.977123260498047,36479.11128157139,36479.111281488316,2.277382346233433e-10,1.509903313490213e-14,NaN,34,INTERRUPTED,gap_and_residual
498,0.25596895076423143,MadNLP,1.0,0.01,17.688989639282227,36479.11128148836,36479.111281488316,1.1967327095288666e-13,1.2434497875801753e-14,NaN,35,LOCALLY_SOLVED,residual_tolerance_upper_bound
498,0.25596895076423143,ADMM,1.0,0.01,76.59626007080078,36642.78008827571,36479.111281488316,0.4486644576520877,6.257327989089845e-12,1.7275708802056142,6,converged,gap_callback_with_solver_termination
498,0.25596895076423143,MEL-ADMM,1.0,0.01,13.816356658935547,36480.68580167185,36479.111281488316,0.004316224075145438,3.658406910744816e-12,0.008144474594357298,16,converged,gap_residual_and_feasibility
498,0.25596895076423143,sMEL-ADMM,1.0,0.01,1.6272529999999998,36479.78213849833,36479.111281488316,0.0018390168686942964,2.0078383400345956e-13,0.008227348072979979,39,converged,gap_residual_and_feasibility
499,0.44418691807434296,IPOPT,1.0,1.0e-10,14.266014099121094,36479.11128157206,36479.11128148835,2.2947349705215992e-10,1.2434497875801753e-14,NaN,33,INTERRUPTED,gap_and_residual
499,0.44418691807434296,MadNLP,1.0,0.01,19.264936447143555,36479.111281488345,36479.11128148835,1.994554515881442e-14,1.7763568394002505e-14,NaN,34,LOCALLY_SOLVED,residual_tolerance_upper_bound
499,0.44418691807434296,ADMM,1.0,0.01,73.67920875549316,36588.97205491887,36479.11128148835,0.30116077275782915,1.3589129821411916e-12,1.1342369951967983,6,converged,gap_callback_with_solver_termination
499,0.44418691807434296,MEL-ADMM,1.0,0.01,15.757322311401367,36481.10332464834,36479.11128148835,0.005460777661544313,5.188960372493057e-12,0.009822655288665771,18,converged,gap_residual_and_feasibility
499,0.44418691807434296,sMEL-ADMM,1.0,0.01,1.459255,36480.333431934676,36479.11128148835,0.0033502747281658786,2.0017321133991572e-13,0.008583670179685754,35,converged,gap_residual_and_feasibility
500,0.4200191918208911,IPOPT,1.0,1.0e-10,14.787912368774414,36479.111281572,36479.11128148834,2.2933387823604832e-10,1.1546319456101628e-14,NaN,33,INTERRUPTED,gap_and_residual
500,0.4200191918208911,MadNLP,1.0,0.01,19.443035125732422,36479.11128148833,36479.11128148834,1.994554515881443e-14,1.3322676295501878e-14,NaN,34,LOCALLY_SOLVED,residual_tolerance_upper_bound
500,0.4200191918208911,ADMM,1.0,0.01,74.71561431884766,36588.97205592532,36479.11128148834,0.3011607755168367,2.0683454948766666e-12,1.1342369964086094,6,converged,gap_callback_with_solver_termination
500,0.4200191918208911,MEL-ADMM,1.0,0.01,15.755891799926758,36481.103324600575,36479.11128148834,0.0054607775306417024,3.935352044237561e-12,0.009822655250830259,18,converged,gap_residual_and_feasibility
500,0.4200191918208911,sMEL-ADMM,1.0,0.01,1.590125,36480.13019656284,36479.11128148834,0.0027931466494255,2.0017321133991572e-13,0.005375691285715689,36,converged,gap_residual_and_feasibility
501,0.7052646588045913,IPOPT,1.0,1.0e-10,14.53709602355957,36479.11128157187,36479.11128148834,2.2899480396834849e-10,1.3322676295501878e-14,NaN,34,INTERRUPTED,gap_and_residual
501,0.7052646588045913,MadNLP,1.0,0.01,19.934892654418945,36479.11128148834,36479.11128148834,0.0,1.4210854715202004e-14,NaN,35,LOCALLY_SOLVED,residual_tolerance_upper_bound
501,0.7052646588045913,ADMM,1.0,0.01,80.01255989074707,36641.92984913449,36479.11128148834,0.4463337014703386,6.961764498214507e-12,1.658734139870651,6,converged,gap_callback_with_solver_termination
501,0.7052646588045913,MEL-ADMM,1.0,0.01,14.021873474121094,36480.64991948902,36479.11128148834,0.004217860431986206,2.6968427491169678e-12,0.007289192141208822,16,converged,gap_residual_and_feasibility
501,0.7052646588045913,sMEL-ADMM,1.0,0.01,1.406332,36480.74685893843,36479.11128148834,0.0044836000457106765,2.0039525594484076e-13,0.009992452853598621,32,converged,gap_residual_and_feasibility
502,0.7189244891136846,IPOPT,1.0,1.0e-10,14.543771743774414,36479.11128157182,36479.11128148832,2.288950762425545e-10,9.769962616701378e-15,NaN,34,INTERRUPTED,gap_and_residual
502,0.7189244891136846,MadNLP,1.0,0.01,19.551992416381836,36479.11128148834,36479.11128148832,3.9891090317628874e-14,1.4210854715202004e-14,NaN,35,LOCALLY_SOLVED,residual_tolerance_upper_bound
502,0.7189244891136846,ADMM,1.0,0.01,80.41787147521973,36709.766601489675,36479.11128148832,0.6322942415496827,5.4888316114443114e-12,1.9710262159946832,6,converged,gap_callback_with_solver_termination
502,0.7189244891136846,MEL-ADMM,1.0,0.01,16.54648780822754,36480.56394073336,36479.11128148832,0.003982167311657902,5.998535002049721e-13,0.005081823971687882,19,converged,gap_residual_and_feasibility
502,0.7189244891136846,sMEL-ADMM,1.0,0.01,1.402748,36480.765907213965,36479.11128148832,0.0045358169854347215,2.000621890374532e-13,0.005839774204403625,33,converged,gap_residual_and_feasibility
503,0.6540302288674587,IPOPT,1.0,1.0e-10,12.623071670532227,36479.11134601585,36479.11128148835,1.7688890223110032e-7,1.4210854715202004e-14,NaN,33,INTERRUPTED,gap_and_residual
503,0.6540302288674587,MadNLP,1.0,0.01,17.620086669921875,36479.11128148833,36479.11128148835,5.983663547644327e-14,1.2434497875801753e-14,NaN,35,LOCALLY_SOLVED,residual_tolerance_upper_bound
503,0.6540302288674587,ADMM,1.0,0.01,72.50523567199707,36558.676717974246,36479.11128148835,0.2181123215199298,1.110556091532544e-12,1.1385529622637929,6,converged,gap_callback_with_solver_termination
503,0.6540302288674587,MEL-ADMM,1.0,0.01,13.81373405456543,36480.694567844555,36479.11128148835,0.004340254739172297,2.280287070277609e-12,0.0094974177147229,16,converged,gap_residual_and_feasibility
503,0.6540302288674587,sMEL-ADMM,1.0,0.01,1.342625,36480.714604907844,36479.11128148835,0.0043951822376349465,2.0050627824730327e-13,0.009694113301042862,32,converged,gap_residual_and_feasibility
504,0.6268028858462256,IPOPT,1.0,1.0e-10,14.41502571105957,36479.11128156895,36479.111281488316,2.2103653144998164e-10,1.4210854715202004e-14,NaN,33,INTERRUPTED,gap_and_residual
504,0.6268028858462256,MadNLP,1.0,0.01,18.862009048461914,36479.11128148836,36479.111281488316,1.1967327095288666e-13,1.2434497875801753e-14,NaN,34,LOCALLY_SOLVED,residual_tolerance_upper_bound
504,0.6268028858462256,ADMM,1.0,0.01,73.394775390625,36577.39224081338,36479.111281488316,0.26941708795120145,1.6840973060539e-12,1.1729682343284038,6,converged,gap_callback_with_solver_termination
504,0.6268028858462256,MEL-ADMM,1.0,0.01,15.034914016723633,36480.854812146914,36479.111281488316,0.004779531620558871,6.219025294740277e-12,0.0008502870621818204,19,converged,gap_residual_and_feasibility
504,0.6268028858462256,sMEL-ADMM,1.0,0.01,1.356791,36480.70400747379,36479.111281488316,0.004366131546304261,2.0061730054976579e-13,0.009553076032412733,32,converged,gap_residual_and_feasibility
505,0.7266579547038912,IPOPT,1.0,1.0e-10,13.509988784790039,36479.11128157172,36479.111281488316,2.2863578415548994e-10,1.2434497875801753e-14,NaN,34,INTERRUPTED,gap_and_residual
505,0.7266579547038912,MadNLP,1.0,0.01,18.159151077270508,36479.11128148833,36479.111281488316,3.9891090317628886e-14,1.4210854715202004e-14,NaN,35,LOCALLY_SOLVED,residual_tolerance_upper_bound
505,0.7266579547038912,ADMM,1.0,0.01,77.54135131835938,36760.44288847698,36479.111281488316,0.7712128862399907,1.1135425914687858e-11,2.1524890975918782,6,converged,gap_callback_with_solver_termination
505,0.7266579547038912,MEL-ADMM,1.0,0.01,15.01917839050293,36480.546651907796,36479.111281488316,0.0039347735431493796,9.234835118832052e-13,0.005501251428097653,19,converged,gap_residual_and_feasibility
505,0.7266579547038912,sMEL-ADMM,1.0,0.01,1.343122,36480.77104390287,36479.111281488316,0.004549898164303428,2.000621890374532e-13,0.005874287191206307,33,converged,gap_residual_and_feasibility
506,0.5642815271926636,IPOPT,1.0,1.0e-10,12.75491714477539,36479.11128157212,36479.11128148833,2.2969289804890702e-10,1.3322676295501878e-14,NaN,33,INTERRUPTED,gap_and_residual
506,0.5642815271926636,MadNLP,1.0,0.01,17.323017120361328,36479.11128148834,36479.11128148833,1.9945545158814434e-14,1.2434497875801753e-14,NaN,34,LOCALLY_SOLVED,residual_tolerance_upper_bound
506,0.5642815271926636,ADMM,1.0,0.01,69.28157806396484,36588.97205275651,36479.11128148833,0.30116076683021276,2.5632829192545614e-12,1.134236991921652,6,converged,gap_callback_with_solver_termination
506,0.5642815271926636,MEL-ADMM,1.0,0.01,14.529943466186523,36481.10332462183,36479.11128148833,0.005460777588922586,4.53947990308734e-12,0.009822655289278615,18,converged,gap_residual_and_feasibility
506,0.5642815271926636,sMEL-ADMM,1.0,0.01,1.2107080000000001,36480.684643432534,36479.11128148833,0.0043130489996391855,1.9972912213006566e-13,0.009250070797291343,32,converged,gap_residual_and_feasibility
507,0.5470187738546051,IPOPT,1.0,1.0e-10,13.911008834838867,36479.111281572135,36479.11128148834,2.2971284359406578e-10,1.1546319456101628e-14,NaN,33,INTERRUPTED,gap_and_residual
507,0.5470187738546051,MadNLP,1.0,0.01,17.53401756286621,36479.1112814883,36479.11128148834,9.972772579407215e-14,1.4210854715202004e-14,NaN,34,LOCALLY_SOLVED,residual_tolerance_upper_bound
507,0.5470187738546051,ADMM,1.0,0.01,69.07367706298828,36588.97204740054,36479.11128148834,0.301160752147898,4.841682610390308e-13,1.13423698476565,6,converged,gap_callback_with_solver_termination
507,0.5470187738546051,MEL-ADMM,1.0,0.01,14.692544937133789,36481.10332459997,36479.11128148834,0.005460777528986222,3.950839655431082e-12,0.009822655344016162,18,converged,gap_residual_and_feasibility
507,0.5470187738546051,sMEL-ADMM,1.0,0.01,1.244918,36480.67949768351,36479.11128148834,0.00429894298429841,2.0039525594484076e-13,0.00916469834093192,32,converged,gap_residual_and_feasibility
508,0.33309875571798325,IPOPT,1.0,1.0e-10,13.154029846191406,36479.111281557874,36479.11128148834,1.906195750827895e-10,1.509903313490213e-14,NaN,34,INTERRUPTED,gap_and_residual
508,0.33309875571798325,MadNLP,1.0,0.01,17.748117446899414,36479.111281488345,36479.11128148834,1.994554515881443e-14,1.4210854715202004e-14,NaN,35,LOCALLY_SOLVED,residual_tolerance_upper_bound
508,0.33309875571798325,ADMM,1.0,0.01,68.72129440307617,36566.17994681506,36479.11128148834,0.23868088412258626,1.1391998455678731e-12,1.1515864162196365,6,converged,gap_callback_with_solver_termination
508,0.33309875571798325,MEL-ADMM,1.0,0.01,15.246868133544922,36480.83064658591,36479.11128148834,0.004713286692506601,1.042721464727947e-12,0.0007570065902982037,19,converged,gap_residual_and_feasibility
508,0.33309875571798325,sMEL-ADMM,1.0,0.01,1.441916,36479.50885295616,36479.11128148834,0.0010898606184666924,1.9978463328129692e-13,0.009385692301995263,35,converged,gap_residual_and_feasibility
509,0.5027398509220828,IPOPT,1.0,1.0e-10,12.60995864868164,36479.11128157216,36479.11128148836,2.2971284359406565e-10,1.3322676295501878e-14,NaN,33,INTERRUPTED,gap_and_residual
509,0.5027398509220828,MadNLP,1.0,0.01,17.2119140625,36479.111281488345,36479.11128148836,3.9891090317628836e-14,1.0658141036401503e-14,NaN,34,LOCALLY_SOLVED,residual_tolerance_upper_bound
509,0.5027398509220828,ADMM,1.0,0.01,67.84391403198242,36588.97204797518,36479.11128148836,0.30116075372309725,4.1655567883935873e-13,1.134236988509345,6,converged,gap_callback_with_solver_termination
509,0.5027398509220828,MEL-ADMM,1.0,0.01,14.499664306640625,36481.10332446202,36479.11128148836,0.0054607771507588455,3.028688411177427e-13,0.009822655128544078,18,converged,gap_residual_and_feasibility
509,0.5027398509220828,sMEL-ADMM,1.0,0.01,1.1980009999999999,36480.667767262574,36479.11128148836,0.004266786441707119,2.007283228522283e-13,0.008926838166212647,32,converged,gap_residual_and_feasibility
510,0.5519234203472433,IPOPT,1.0,1.0e-10,13.007879257202148,36479.1112815721,36479.11128148833,2.2963306141343057e-10,1.0658141036401503e-14,NaN,33,INTERRUPTED,gap_and_residual
510,0.5519234203472433,MadNLP,1.0,0.01,17.087936401367188,36479.11128148833,36479.11128148833,0.0,1.3322676295501878e-14,NaN,34,LOCALLY_SOLVED,residual_tolerance_upper_bound
510,0.5519234203472433,ADMM,1.0,0.01,67.1243667602539,36588.97205240949,36479.11128148833,0.3011607658789299,3.419486915845482e-13,1.1342369958115208,6,converged,gap_callback_with_solver_termination
510,0.5519234203472433,MEL-ADMM,1.0,0.01,16.504287719726562,36481.103324534655,36479.11128148833,0.005460777349955009,2.2258861420709763e-12,0.009822655286070514,18,converged,gap_residual_and_feasibility
510,0.5519234203472433,sMEL-ADMM,1.0,0.01,1.211501,36480.68094392983,36479.11128148833,0.004302907571917936,2.0028423364237824e-13,0.009189297623475312,32,converged,gap_residual_and_feasibility
511,0.2799122524926309,IPOPT,1.0,1.0e-10,13.43393325805664,36479.111281571546,36479.11128148834,2.2809725443620183e-10,1.0658141036401503e-14,NaN,34,INTERRUPTED,gap_and_residual
511,0.2799122524926309,MadNLP,1.0,0.01,17.656803131103516,36479.11128148835,36479.11128148834,3.989109031762886e-14,1.509903313490213e-14,NaN,35,LOCALLY_SOLVED,residual_tolerance_upper_bound
511,0.2799122524926309,ADMM,1.0,0.01,72.48163223266602,36575.30582699834,36479.11128148834,0.2636976124986199,2.94320123828129e-12,1.2151539537692067,6,converged,gap_callback_with_solver_termination
511,0.2799122524926309,MEL-ADMM,1.0,0.01,12.861013412475586,36480.69794221378,36479.11128148834,0.0043495048802027455,5.4699023088744525e-12,0.0049088804235566386,16,converged,gap_residual_and_feasibility
511,0.2799122524926309,sMEL-ADMM,1.0,0.01,1.3587479999999998,36479.48236991327,36479.11128148834,0.001017262789290213,1.9989565558375944e-13,0.007922184200547022,39,converged,gap_residual_and_feasibility
512,0.6449146334725565,IPOPT,1.0,1.0e-10,12.60995864868164,36479.111281575686,36479.11128148832,2.3948616072188494e-10,1.7763568394002505e-14,NaN,34,INTERRUPTED,gap_and_residual
512,0.6449146334725565,MadNLP,1.0,0.01,18.146038055419922,36479.11128148833,36479.11128148832,1.9945545158814437e-14,1.3322676295501878e-14,NaN,35,LOCALLY_SOLVED,residual_tolerance_upper_bound
512,0.6449146334725565,ADMM,1.0,0.01,70.40834426879883,36563.10137189819,36479.11128148832,0.2302416025482785,1.4088730182493236e-12,1.148179771078035,6,converged,gap_callback_with_solver_termination
512,0.6449146334725565,MEL-ADMM,1.0,0.01,15.072822570800781,36480.77441254608,36479.11128148832,0.004559132608588745,4.5964343442506106e-12,0.001097987838111436,19,converged,gap_residual_and_feasibility
512,0.6449146334725565,sMEL-ADMM,1.0,0.01,1.063253,36480.71014781436,36479.11128148832,0.004382964030286812,1.999511667349907e-13,0.009646416439153427,32,converged,gap_residual_and_feasibility
513,0.7093761171278619,IPOPT,1.0,1.0e-10,13.711929321289062,36479.111281571815,36479.1112814883,2.2893496733287225e-10,1.1546319456101628e-14,NaN,34,INTERRUPTED,gap_and_residual
513,0.7093761171278619,MadNLP,1.0,0.01,17.718076705932617,36479.11128148834,36479.1112814883,9.972772579407225e-14,1.2434497875801753e-14,NaN,35,LOCALLY_SOLVED,residual_tolerance_upper_bound
513,0.7093761171278619,ADMM,1.0,0.01,72.65567779541016,36659.628192871416,36479.1112814883,0.49485008006409276,2.539302101922658e-12,1.7541142310210076,6,converged,gap_callback_with_solver_termination
513,0.7093761171278619,MEL-ADMM,1.0,0.01,12.983083724975586,36480.6491541526,36479.1112814883,0.004215762419289332,1.6954215809050766e-12,0.008101378704776785,16,converged,gap_residual_and_feasibility
513,0.7093761171278619,sMEL-ADMM,1.0,0.01,1.1139590000000001,36480.75945249328,36479.1112814883,0.004518122692900871,1.9972912213006566e-13,0.0057976372851982205,33,converged,gap_residual_and_feasibility
514,0.5550614857817,IPOPT,1.0,1.0e-10,13.211965560913086,36479.11128157211,36479.11128148833,2.296729525037482e-10,9.769962616701378e-15,NaN,33,INTERRUPTED,gap_and_residual
514,0.5550614857817,MadNLP,1.0,0.01,17.67897605895996,36479.11128148831,36479.11128148833,5.98366354764433e-14,1.4210854715202004e-14,NaN,34,LOCALLY_SOLVED,residual_tolerance_upper_bound
514,0.5550614857817,ADMM,1.0,0.01,69.83757019042969,36588.97205147692,36479.11128148833,0.3011607633224894,1.6302514893595799e-12,1.1342369895207352,6,converged,gap_callback_with_solver_termination
514,0.5550614857817,MEL-ADMM,1.0,0.01,14.543294906616211,36481.10332472477,36479.11128148833,0.005460777871112159,7.1916916866143765e-12,0.009822655447534245,18,converged,gap_residual_and_feasibility
514,0.5550614857817,sMEL-ADMM,1.0,0.01,1.167459,36480.68187691409,36479.11128148833,0.004305465156861867,2.0050627824730327e-13,0.009204851671771763,32,converged,gap_residual_and_feasibility
515,0.6410823832988424,IPOPT,1.0,1.0e-10,13.585090637207031,36479.111281488345,36479.111281488345,0.0,9.769962616701378e-15,NaN,34,INTERRUPTED,gap_and_residual
515,0.6410823832988424,MadNLP,1.0,0.01,18.085956573486328,36479.111281488345,36479.111281488345,0.0,1.0658141036401503e-14,NaN,35,LOCALLY_SOLVED,residual_tolerance_upper_bound
515,0.6410823832988424,ADMM,1.0,0.01,71.7780590057373,36565.820944087995,36479.111281488345,0.23769675179463806,3.673061854669868e-12,1.1495843640478967,6,converged,gap_callback_with_solver_termination
515,0.6410823832988424,MEL-ADMM,1.0,0.01,15.228033065795898,36480.7913806699,36479.111281488345,0.004605647239018617,1.617594946878853e-12,0.0009138680608300476,19,converged,gap_residual_and_feasibility
515,0.6410823832988424,sMEL-ADMM,1.0,0.01,1.103084,36480.70873683757,36479.111281488345,0.004379096126822561,2.0028423364237824e-13,0.009626503099749328,32,converged,gap_residual_and_feasibility
516,0.5019416403651165,IPOPT,1.0,1.0e-10,12.565851211547852,36479.11128157215,36479.111281488316,2.2981257131986e-10,1.0658141036401503e-14,NaN,33,INTERRUPTED,gap_and_residual
516,0.5019416403651165,MadNLP,1.0,0.01,17.23003387451172,36479.111281488345,36479.111281488316,7.978218063525777e-14,1.1546319456101628e-14,NaN,34,LOCALLY_SOLVED,residual_tolerance_upper_bound
516,0.5019416403651165,ADMM,1.0,0.01,66.59698486328125,36588.97204783334,36479.111281488316,0.3011607533343988,9.92761428619815e-13,1.1342369879398566,6,converged,gap_callback_with_solver_termination
516,0.5019416403651165,MEL-ADMM,1.0,0.01,14.306306838989258,36481.103324646756,36479.111281488316,0.005460777657295917,5.07305308872219e-12,0.009822655138779446,18,converged,gap_residual_and_feasibility
516,0.5019416403651165,sMEL-ADMM,1.0,0.01,1.2205409999999999,36480.667603122514,36479.111281488316,0.00426633648552652,2.0028423364237824e-13,0.008922288559181979,32,converged,gap_residual_and_feasibility
517,0.4537146165834508,IPOPT,1.0,1.0e-10,12.93492317199707,36479.1112815721,36479.11128148834,2.2961311586827173e-10,1.1546319456101628e-14,NaN,33,INTERRUPTED,gap_and_residual
517,0.4537146165834508,MadNLP,1.0,0.01,17.309904098510742,36479.11128148837,36479.11128148834,7.978218063525772e-14,1.2434497875801753e-14,NaN,34,LOCALLY_SOLVED,residual_tolerance_upper_bound
517,0.4537146165834508,ADMM,1.0,0.01,68.47691535949707,36588.97205380307,36479.11128148834,0.3011607696991201,4.167166611779294e-12,1.1342369895960944,6,converged,gap_callback_with_solver_termination
517,0.4537146165834508,MEL-ADMM,1.0,0.01,14.537811279296875,36481.10332448829,36479.11128148834,0.0054607772228420495,1.02828856540782e-12,0.009822655272231806,18,converged,gap_residual_and_feasibility
517,0.4537146165834508,sMEL-ADMM,1.0,0.01,1.3749980000000002,36480.455151579365,36479.11128148834,0.0036839441637067337,2.0039525594484076e-13,0.008770194577575552,37,converged,gap_residual_and_feasibility
518,0.3472199855238561,IPOPT,1.0,1.0e-10,14.77193832397461,36479.11128155828,36479.11128148834,1.917365256116831e-10,1.4210854715202004e-14,NaN,34,INTERRUPTED,gap_and_residual
518,0.3472199855238561,MadNLP,1.0,0.01,17.770051956176758,36479.11128148833,36479.11128148834,1.994554515881443e-14,1.1546319456101628e-14,NaN,35,LOCALLY_SOLVED,residual_tolerance_upper_bound
518,0.3472199855238561,ADMM,1.0,0.01,70.4646110534668,36578.138503571114,36479.11128148834,0.27146281420794327,3.561595462997502e-13,1.1761481209196827,6,converged,gap_callback_with_solver_termination
518,0.3472199855238561,MEL-ADMM,1.0,0.01,15.28024673461914,36480.88892177591,36479.11128148834,0.00487303617091482,4.489963956189058e-12,0.0009606435301954264,19,converged,gap_residual_and_feasibility
518,0.3472199855238561,sMEL-ADMM,1.0,0.01,1.053458,36479.56942207925,36479.11128148834,0.0012558984438433072,1.995625886763719e-13,0.006675082034798052,35,converged,gap_residual_and_feasibility
519,0.39604434183619314,IPOPT,1.0,1.0e-10,13.929128646850586,36479.11128157192,36479.111281488345,2.290945316941425e-10,1.509903313490213e-14,NaN,33,INTERRUPTED,gap_and_residual
519,0.39604434183619314,MadNLP,1.0,0.01,18.167972564697266,36479.111281488345,36479.111281488345,0.0,1.687538997430238e-14,NaN,34,LOCALLY_SOLVED,residual_tolerance_upper_bound
519,0.39604434183619314,ADMM,1.0,0.01,69.14830207824707,36588.97205726528,36479.111281488345,0.3011607791900481,2.7993163342898697e-12,1.1342369942505268,6,converged,gap_callback_with_solver_termination
519,0.39604434183619314,MEL-ADMM,1.0,0.01,14.385223388671875,36481.103324470976,36479.111281488345,0.005460777175351705,7.771006060863783e-13,0.009822655540045133,18,converged,gap_residual_and_feasibility
519,0.39604434183619314,sMEL-ADMM,1.0,0.01,1.257419,36479.86569027368,36479.111281488345,0.002068056920328569,2.0089485630592208e-13,0.0071594995164598885,34,converged,gap_residual_and_feasibility
520,0.5426454349709646,IPOPT,1.0,1.0e-10,12.491941452026367,36479.11128157212,36479.11128148832,2.2971284359406588e-10,1.509903313490213e-14,NaN,33,INTERRUPTED,gap_and_residual
520,0.5426454349709646,MadNLP,1.0,0.01,17.089128494262695,36479.11128148833,36479.11128148832,1.9945545158814437e-14,1.1546319456101628e-14,NaN,34,LOCALLY_SOLVED,residual_tolerance_upper_bound
520,0.5426454349709646,ADMM,1.0,0.01,68.52507591247559,36588.97204670893,36479.11128148832,0.30116075025203415,7.388534228880417e-13,1.1342369791281772,6,converged,gap_callback_with_solver_termination
520,0.5426454349709646,MEL-ADMM,1.0,0.01,14.684915542602539,36481.103324472955,36479.11128148832,0.005460777180836734,6.222800053024002e-13,0.009822655281862325,18,converged,gap_residual_and_feasibility
520,0.5426454349709646,sMEL-ADMM,1.0,0.01,1.337873,36480.67822119557,36479.11128148832,0.004295443754530225,2.0028423364237824e-13,0.009142432029175751,32,converged,gap_residual_and_feasibility
521,0.3253392578388923,IPOPT,1.0,1.0e-10,13.408184051513672,36479.111346012825,36479.111281488345,1.7688062482985945e-7,1.1546319456101628e-14,NaN,33,INTERRUPTED,gap_and_residual
521,0.3253392578388923,MadNLP,1.0,0.01,17.879009246826172,36479.11128148834,36479.111281488345,1.9945545158814427e-14,1.4210854715202004e-14,NaN,35,LOCALLY_SOLVED,residual_tolerance_upper_bound
521,0.3253392578388923,ADMM,1.0,0.01,75.13070106506348,36560.51813858797,36479.111281488345,0.22316019837066267,9.353628982466944e-13,1.1432773243365162,6,converged,gap_callback_with_solver_termination
521,0.3253392578388923,MEL-ADMM,1.0,0.01,15.108108520507812,36480.80056114554,36479.111281488345,0.004630813629632437,5.626721311102756e-12,0.0011242813205321056,19,converged,gap_residual_and_feasibility
521,0.3253392578388923,sMEL-ADMM,1.0,0.01,1.816041,36479.45487403058,36479.111281488345,0.0009418884675859507,1.990074771640593e-13,0.008196598639552022,36,converged,gap_residual_and_feasibility
522,0.6043468164945113,IPOPT,1.0,1.0e-10,13.618946075439453,36479.111281571946,36479.11128148834,2.291942594199366e-10,1.1546319456101628e-14,NaN,33,INTERRUPTED,gap_and_residual
522,0.6043468164945113,MadNLP,1.0,0.01,17.432212829589844,36479.11128148832,36479.11128148834,3.989109031762886e-14,9.769962616701378e-15,NaN,34,LOCALLY_SOLVED,residual_tolerance_upper_bound
522,0.6043468164945113,ADMM,1.0,0.01,69.4425106048584,36596.652900735455,36479.11128148834,0.32221623586198544,3.517186542012496e-13,1.155240838546252,6,converged,gap_callback_with_solver_termination
522,0.6043468164945113,MEL-ADMM,1.0,0.01,14.59813117980957,36480.91113406983,36479.11128148834,0.004933926617900769,3.435141060492697e-12,0.009999765608245781,18,converged,gap_residual_and_feasibility
522,0.6043468164945113,sMEL-ADMM,1.0,0.01,1.020833,36480.768085358846,36479.11128148834,0.004541787922747221,1.999511667349907e-13,0.00982494057796579,29,converged,gap_residual_and_feasibility
523,0.3264926228941273,IPOPT,1.0,1.0e-10,13.231039047241211,36479.111346015095,36479.11128148835,1.768868278944038e-7,1.3322676295501878e-14,NaN,33,INTERRUPTED,gap_and_residual
523,0.3264926228941273,MadNLP,1.0,0.01,18.22805404663086,36479.11128148834,36479.11128148835,3.989109031762884e-14,1.4210854715202004e-14,NaN,35,LOCALLY_SOLVED,residual_tolerance_upper_bound
523,0.3264926228941273,ADMM,1.0,0.01,72.49712944030762,36561.32623042189,36479.11128148835,0.22537541635575947,2.637223772694597e-12,1.143427954963208,6,converged,gap_callback_with_solver_termination
523,0.3264926228941273,MEL-ADMM,1.0,0.01,15.37179946899414,36480.80506484091,36479.11128148835,0.004643159586561781,3.383959779057477e-13,0.0010660749397288782,19,converged,gap_residual_and_feasibility
523,0.3264926228941273,sMEL-ADMM,1.0,0.01,1.350543,36479.4593011058,36479.11128148835,0.0009540243860771199,1.9978463328129692e-13,0.007789692855808994,36,converged,gap_residual_and_feasibility
524,0.6731353676761682,IPOPT,1.0,1.0e-10,12.562036514282227,36479.11134601798,36479.11128148834,1.7689476622137709e-7,1.2434497875801753e-14,NaN,33,INTERRUPTED,gap_and_residual
524,0.6731353676761682,MadNLP,1.0,0.01,17.464876174926758,36479.11128148836,36479.11128148834,5.983663547644329e-14,1.1546319456101628e-14,NaN,35,LOCALLY_SOLVED,residual_tolerance_upper_bound
524,0.6731353676761682,ADMM,1.0,0.01,70.51301002502441,36565.4815564411,36479.11128148834,0.23676639018502552,1.9199086764842832e-12,1.123206075910364,6,converged,gap_callback_with_solver_termination
524,0.6731353676761682,MEL-ADMM,1.0,0.01,12.70151138305664,36480.667500615324,36479.11128148834,0.004266055483032676,2.0080603846395206e-12,0.0066227271279881705,16,converged,gap_residual_and_feasibility
524,0.6731353676761682,sMEL-ADMM,1.0,0.01,1.184709,36480.72638443928,36479.11128148834,0.004427473406572667,1.9950707752514063e-13,0.009796335653661004,32,converged,gap_residual_and_feasibility
525,0.6891807129416317,IPOPT,1.0,1.0e-10,13.656139373779297,36479.111281571946,36479.111281488345,2.2917431387477775e-10,1.4210854715202004e-14,NaN,34,INTERRUPTED,gap_and_residual
525,0.6891807129416317,MadNLP,1.0,0.01,17.676115036010742,36479.11128148835,36479.111281488345,1.9945545158814427e-14,1.2434497875801753e-14,NaN,35,LOCALLY_SOLVED,residual_tolerance_upper_bound
525,0.6891807129416317,ADMM,1.0,0.01,73.59671592712402,36592.10118011125,36479.111281488345,0.30973862754227666,3.7192471324942744e-12,1.2928895522194424,6,converged,gap_callback_with_solver_termination
525,0.6891807129416317,MEL-ADMM,1.0,0.01,12.96854019165039,36480.65852552121,36479.111281488345,0.004241452103719128,3.032130102553765e-12,0.004963612871385692,16,converged,gap_residual_and_feasibility
525,0.6891807129416317,sMEL-ADMM,1.0,0.01,1.18296,36480.73629719869,36479.111281488345,0.004454647202896352,2.0050627824730327e-13,0.009889974555068903,32,converged,gap_residual_and_feasibility
526,0.35658318244970233,IPOPT,1.0,1.0e-10,13.42010498046875,36479.11134600216,36479.11128148834,1.7685140460620182e-7,1.4210854715202004e-14,NaN,32,INTERRUPTED,gap_and_residual
526,0.35658318244970233,MadNLP,1.0,0.01,17.374038696289062,36479.11128148835,36479.11128148834,3.989109031762886e-14,1.2434497875801753e-14,NaN,34,LOCALLY_SOLVED,residual_tolerance_upper_bound
526,0.35658318244970233,ADMM,1.0,0.01,70.47295570373535,36586.02800323441,36479.11128148834,0.2930902590281214,1.6628365351323282e-12,1.1687712140117226,6,converged,gap_callback_with_solver_termination
526,0.35658318244970233,MEL-ADMM,1.0,0.01,15.182018280029297,36480.937394449014,36479.11128148834,0.00500591406020062,7.570111204557861e-12,0.0012273761216192725,19,converged,gap_residual_and_feasibility
526,0.35658318244970233,sMEL-ADMM,1.0,0.01,1.304501,36479.618064091694,36479.11128148834,0.0013892405421968258,1.996736109788344e-13,0.008899018036039763,35,converged,gap_residual_and_feasibility
527,0.7275802755994719,IPOPT,1.0,1.0e-10,14.459848403930664,36479.11128157174,36479.111281488345,2.2861583861033095e-10,1.3322676295501878e-14,NaN,34,INTERRUPTED,gap_and_residual
527,0.7275802755994719,MadNLP,1.0,0.01,18.69511604309082,36479.11128148833,36479.111281488345,3.9891090317628855e-14,1.3322676295501878e-14,NaN,35,LOCALLY_SOLVED,residual_tolerance_upper_bound
527,0.7275802755994719,ADMM,1.0,0.01,77.00896263122559,36767.13439870186,36479.111281488345,0.7895562887785514,3.2073232958396147e-12,2.174268261913514,6,converged,gap_callback_with_solver_termination
527,0.7275802755994719,MEL-ADMM,1.0,0.01,15.113115310668945,36480.54461485991,36479.111281488345,0.0039291893941767785,4.566347300283269e-13,0.0055491730425680785,19,converged,gap_residual_and_feasibility
527,0.7275802755994719,sMEL-ADMM,1.0,0.01,1.388249,36480.77165372844,36479.111281488345,0.004551569875937073,2.0083934515469082e-13,0.005878356314100941,33,converged,gap_residual_and_feasibility
528,0.7475959746012837,IPOPT,1.0,1.0e-10,14.332056045532227,36479.111281568,36479.11128148835,2.1834388285354149e-10,1.3322676295501878e-14,NaN,34,INTERRUPTED,gap_and_residual
528,0.7475959746012837,MadNLP,1.0,0.01,18.59116554260254,36479.11128148834,36479.11128148835,3.989109031762884e-14,1.0658141036401503e-14,NaN,35,LOCALLY_SOLVED,residual_tolerance_upper_bound
528,0.7475959746012837,ADMM,1.0,0.01,87.43858337402344,36529.41401553675,36479.11128148835,0.1378946259415135,3.7125857943465235e-13,0.8282983132255755,7,converged,gap_callback_with_solver_termination
528,0.7475959746012837,MEL-ADMM,1.0,0.01,13.29946517944336,36480.51031356622,36479.11128148835,0.0038351594343210334,5.555556015224283e-13,0.009999496539595754,17,converged,gap_residual_and_feasibility
528,0.7475959746012837,sMEL-ADMM,1.0,0.01,1.2617939999999999,36480.78498230913,36479.11128148835,0.004588107445555167,1.9917401061775308e-13,0.005968157149260023,33,converged,gap_residual_and_feasibility
529,0.7044757041600438,IPOPT,1.0,1.0e-10,12.904882431030273,36479.111281571866,36479.11128148834,2.2897485842318967e-10,1.2434497875801753e-14,NaN,34,INTERRUPTED,gap_and_residual
529,0.7044757041600438,MadNLP,1.0,0.01,17.711877822875977,36479.11128148835,36479.11128148834,3.989109031762886e-14,1.3322676295501878e-14,NaN,35,LOCALLY_SOLVED,residual_tolerance_upper_bound
529,0.7044757041600438,ADMM,1.0,0.01,72.01290130615234,36638.78103303588,36479.11128148834,0.4377018681059941,1.0705880626460385e-12,1.6403243221662716,6,converged,gap_callback_with_solver_termination
529,0.7044757041600438,MEL-ADMM,1.0,0.01,13.124227523803711,36480.6501418843,36479.11128148834,0.004218470083031782,2.811195720653359e-12,0.0071319810519163696,16,converged,gap_residual_and_feasibility
529,0.7044757041600438,sMEL-ADMM,1.0,0.01,1.417043,36480.74628747535,36479.11128148834,0.00448203349690404,2.0083934515469082e-13,0.009987232798998491,32,converged,gap_residual_and_feasibility
530,0.3360271419566698,IPOPT,1.0,1.0e-10,13.36812973022461,36479.11128155791,36479.11128148836,1.9065946617310701e-10,1.0658141036401503e-14,NaN,34,INTERRUPTED,gap_and_residual
530,0.3360271419566698,MadNLP,1.0,0.01,17.714977264404297,36479.11128148835,36479.11128148836,1.9945545158814418e-14,1.509903313490213e-14,NaN,35,LOCALLY_SOLVED,residual_tolerance_upper_bound
530,0.3360271419566698,ADMM,1.0,0.01,69.63467597961426,36568.54289403077,36479.11128148836,0.24515841916299985,5.824229987183571e-13,1.1592226278455158,6,converged,gap_callback_with_solver_termination
530,0.3360271419566698,MEL-ADMM,1.0,0.01,15.33365249633789,36480.84125583555,36479.11128148836,0.004742369773866819,6.559808252148969e-12,0.0006995800998055302,19,converged,gap_residual_and_feasibility
530,0.3360271419566698,sMEL-ADMM,1.0,0.01,1.126461,36479.52055742694,36479.11128148836,0.0011219460239148742,1.9961809982760315e-13,0.008755681319135178,35,converged,gap_residual_and_feasibility
531,0.7097482229647474,IPOPT,1.0,1.0e-10,13.326883316040039,36479.11128157185,36479.111281488345,2.2891502178771317e-10,1.5987211554602254e-14,NaN,34,INTERRUPTED,gap_and_residual
531,0.7097482229647474,MadNLP,1.0,0.01,18.11504364013672,36479.11128148835,36479.111281488345,1.9945545158814427e-14,1.1546319456101628e-14,NaN,35,LOCALLY_SOLVED,residual_tolerance_upper_bound
531,0.7097482229647474,ADMM,1.0,0.01,73.83871078491211,36661.315855234054,36479.111281488345,0.4994764602123673,4.2998937743732313e-13,1.7627123805113118,6,converged,gap_callback_with_solver_termination
531,0.7097482229647474,MEL-ADMM,1.0,0.01,13.095855712890625,36480.64911738807,36479.111281488345,0.004215661636763323,7.428502257766922e-13,0.008175945989132849,16,converged,gap_residual_and_feasibility
531,0.7097482229647474,sMEL-ADMM,1.0,0.01,1.316751,36480.759706241675,36479.111281488345,0.004518818291953289,2.000621890374532e-13,0.005799214446057022,33,converged,gap_residual_and_feasibility
532,0.6962120320434411,IPOPT,1.0,1.0e-10,12.984037399291992,36479.11128157189,36479.11128148836,2.2897485842318952e-10,1.509903313490213e-14,NaN,34,INTERRUPTED,gap_and_residual
532,0.6962120320434411,MadNLP,1.0,0.01,17.539024353027344,36479.11128148832,36479.11128148836,9.972772579407209e-14,1.1546319456101628e-14,NaN,35,LOCALLY_SOLVED,residual_tolerance_upper_bound
532,0.6962120320434411,ADMM,1.0,0.01,72.95870780944824,36610.41710892457,36479.11128148836,0.35994798892714325,4.1389114358025836e-13,1.4447866601992434,6,converged,gap_callback_with_solver_termination
532,0.6962120320434411,MEL-ADMM,1.0,0.01,13.048410415649414,36480.65373303255,36479.11128148836,0.004228314479181387,1.9242385462803213e-12,0.005506049145049374,16,converged,gap_residual_and_feasibility
532,0.6962120320434411,sMEL-ADMM,1.0,0.01,1.223537,36480.74063273422,36479.11128148836,0.004466532184090411,2.0017321133991572e-13,0.009933572546570346,32,converged,gap_residual_and_feasibility
533,0.4909893251832591,IPOPT,1.0,1.0e-10,12.849092483520508,36479.11128157214,36479.11128148835,2.296928980489069e-10,1.2434497875801753e-14,NaN,33,INTERRUPTED,gap_and_residual
533,0.4909893251832591,MadNLP,1.0,0.01,17.1968936920166,36479.11128148834,36479.11128148835,3.989109031762884e-14,1.1546319456101628e-14,NaN,34,LOCALLY_SOLVED,residual_tolerance_upper_bound
533,0.4909893251832591,ADMM,1.0,0.01,66.7726993560791,36588.972047334224,36479.11128148835,0.3011607519660743,3.648970015035502e-12,1.1342369857078083,6,converged,gap_callback_with_solver_termination
533,0.4909893251832591,MEL-ADMM,1.0,0.01,14.580249786376953,36481.1033244307,36479.11128148835,0.005460777064913221,4.940492459581947e-13,0.009822655238151512,18,converged,gap_residual_and_feasibility
533,0.4909893251832591,sMEL-ADMM,1.0,0.01,1.153251,36480.66532755419,36479.11128148835,0.004260098481692521,2.0000667788622195e-13,0.008859971802447575,32,converged,gap_residual_and_feasibility
534,0.6937974626192154,IPOPT,1.0,1.0e-10,14.667034149169922,36479.111281571946,36479.11128148835,2.291543683296189e-10,1.2434497875801753e-14,NaN,34,INTERRUPTED,gap_and_residual
534,0.6937974626192154,MadNLP,1.0,0.01,18.184185028076172,36479.11128148833,36479.11128148835,5.983663547644327e-14,1.0658141036401503e-14,NaN,35,LOCALLY_SOLVED,residual_tolerance_upper_bound
534,0.6937974626192154,ADMM,1.0,0.01,72.91293144226074,36603.584991988326,36479.11128148835,0.3412191419343551,5.5176974100845655e-12,1.3890762640067384,6,converged,gap_callback_with_solver_termination
534,0.6937974626192154,MEL-ADMM,1.0,0.01,13.0615234375,36480.655205628624,36479.11128148835,0.004232351299233685,1.1745049377509531e-12,0.005043735871165467,16,converged,gap_residual_and_feasibility
534,0.6937974626192154,sMEL-ADMM,1.0,0.01,1.104375,36480.739146570726,36479.11128148835,0.0044624581717795115,2.0017321133991572e-13,0.009918282181580196,32,converged,gap_residual_and_feasibility
535,0.4492806517535179,IPOPT,1.0,1.0e-10,12.356996536254883,36479.1112815721,36479.111281488345,2.2959317032311286e-10,1.4210854715202004e-14,NaN,33,INTERRUPTED,gap_and_residual
535,0.4492806517535179,MadNLP,1.0,0.01,17.036914825439453,36479.11128148834,36479.111281488345,1.9945545158814427e-14,1.4210854715202004e-14,NaN,34,LOCALLY_SOLVED,residual_tolerance_upper_bound
535,0.4492806517535179,ADMM,1.0,0.01,67.64602661132812,36588.97205429006,36479.111281488345,0.3011607710340953,1.863009746472244e-12,1.1342369919208704,6,converged,gap_callback_with_solver_termination
535,0.4492806517535179,MEL-ADMM,1.0,0.01,14.647245407104492,36481.10332468149,36479.111281488345,0.005460777752436163,6.080413950115826e-12,0.009822655349170262,18,converged,gap_residual_and_feasibility
535,0.4492806517535179,sMEL-ADMM,1.0,0.01,1.0845,36480.398696339806,36479.111281488345,0.0035291837060556592,1.999511667349907e-13,0.009407819436482612,36,converged,gap_residual_and_feasibility
536,0.36136855902928866,IPOPT,1.0,1.0e-10,12.566089630126953,36479.11134600925,36479.111281488345,1.7687083156718646e-7,1.687538997430238e-14,NaN,33,INTERRUPTED,gap_and_residual
536,0.36136855902928866,MadNLP,1.0,0.01,17.83299446105957,36479.11128148835,36479.111281488345,1.9945545158814427e-14,1.1546319456101628e-14,NaN,35,LOCALLY_SOLVED,residual_tolerance_upper_bound
536,0.36136855902928866,ADMM,1.0,0.01,69.93317604064941,36590.109853529735,36479.111281488345,0.304279814233624,7.489564524121306e-13,1.1541655932776598,6,converged,gap_callback_with_solver_termination
536,0.36136855902928866,MEL-ADMM,1.0,0.01,15.147924423217773,36480.96320611822,36479.111281488345,0.005076671456123104,5.930589352942661e-12,0.0013372559009017237,19,converged,gap_residual_and_feasibility
536,0.36136855902928866,sMEL-ADMM,1.0,0.01,1.246045,36479.64574360655,36479.111281488345,0.0014651182537783157,2.0061730054976579e-13,0.00985496960081278,35,converged,gap_residual_and_feasibility
537,0.7175702590077365,IPOPT,1.0,1.0e-10,13.742923736572266,36479.11128157181,36479.11128148832,2.2885518515223686e-10,1.1546319456101628e-14,NaN,34,INTERRUPTED,gap_and_residual
537,0.7175702590077365,MadNLP,1.0,0.01,17.87590980529785,36479.11128148832,36479.11128148832,0.0,1.3322676295501878e-14,NaN,35,LOCALLY_SOLVED,residual_tolerance_upper_bound
537,0.7175702590077365,ADMM,1.0,0.01,74.55849647521973,36701.845504799734,36479.11128148832,0.6105801799629891,5.582867501630062e-12,1.9407259028809634,6,converged,gap_callback_with_solver_termination
537,0.7175702590077365,MEL-ADMM,1.0,0.01,13.088226318359375,36480.64969749032,36479.11128148832,0.004217251868132406,9.28368493191556e-13,0.009738000418681558,16,converged,gap_residual_and_feasibility
537,0.7175702590077365,sMEL-ADMM,1.0,0.01,1.261125,36480.76500117729,36479.11128148832,0.004533333271769226,2.0050627824730327e-13,0.005833685724823567,33,converged,gap_residual_and_feasibility
538,0.46395510659901107,IPOPT,1.0,1.0e-10,12.906074523925781,36479.11128157211,36479.11128148836,2.2959317032311276e-10,1.2434497875801753e-14,NaN,33,INTERRUPTED,gap_and_residual
538,0.46395510659901107,MadNLP,1.0,0.01,17.452001571655273,36479.11128148836,36479.11128148836,0.0,1.865174681370263e-14,NaN,34,LOCALLY_SOLVED,residual_tolerance_upper_bound
538,0.46395510659901107,ADMM,1.0,0.01,69.88048553466797,36588.97204919733,36479.11128148836,0.3011607570733704,1.3067880111350405e-12,1.1342369912684633,6,converged,gap_callback_with_solver_termination
538,0.46395510659901107,MEL-ADMM,1.0,0.01,14.513015747070312,36481.103324583026,36479.11128148836,0.005460777482473207,3.4927061243195112e-12,0.009822655243278966,18,converged,gap_residual_and_feasibility
538,0.46395510659901107,sMEL-ADMM,1.0,0.01,1.2480010000000001,36480.533303672644,36479.11128148836,0.003898182094709925,2.0039525594484076e-13,0.007028679340299604,33,converged,gap_residual_and_feasibility
539,0.6827778957239561,IPOPT,1.0,1.0e-10,13.409852981567383,36479.11134600529,36479.11128148833,1.768600011361653e-7,1.0658141036401503e-14,NaN,33,INTERRUPTED,gap_and_residual
539,0.6827778957239561,MadNLP,1.0,0.01,17.95196533203125,36479.11128148832,36479.11128148833,1.9945545158814434e-14,1.2434497875801753e-14,NaN,35,LOCALLY_SOLVED,residual_tolerance_upper_bound
539,0.6827778957239561,ADMM,1.0,0.01,73.78768920898438,36579.00730342275,36479.11128148833,0.2738444507695992,2.116640196447861e-12,1.1583436035397243,6,converged,gap_callback_with_solver_termination
539,0.6827778957239561,MEL-ADMM,1.0,0.01,13.234615325927734,36480.66035320179,36479.11128148833,0.004246462315122089,2.6365576388798218e-12,0.005153387738543458,16,converged,gap_residual_and_feasibility
539,0.6827778957239561,sMEL-ADMM,1.0,0.01,1.190624,36480.732344628195,36479.11128148833,0.004443812041789083,1.9972912213006566e-13,0.009851171091426636,32,converged,gap_residual_and_feasibility
540,0.49787568054100595,IPOPT,1.0,1.0e-10,13.325929641723633,36479.11128157214,36479.111281488316,2.297926257747012e-10,1.2434497875801753e-14,NaN,33,INTERRUPTED,gap_and_residual
540,0.49787568054100595,MadNLP,1.0,0.01,17.37499237060547,36479.11128148836,36479.111281488316,1.1967327095288666e-13,1.2434497875801753e-14,NaN,34,LOCALLY_SOLVED,residual_tolerance_upper_bound
540,0.49787568054100595,ADMM,1.0,0.01,69.01216506958008,36588.972048151016,36479.111281488316,0.30116075420524124,2.2296053892034706e-12,1.1342369892660225,6,converged,gap_callback_with_solver_termination
540,0.49787568054100595,MEL-ADMM,1.0,0.01,14.536857604980469,36481.10332445768,36479.111281488316,0.005460777138990981,3.668176873361517e-13,0.009822655233230115,18,converged,gap_residual_and_feasibility
540,0.49787568054100595,sMEL-ADMM,1.0,0.01,1.435999,36480.6667696533,36479.111281488316,0.004264051700650493,2.000621890374532e-13,0.008899123641130657,32,converged,gap_residual_and_feasibility
541,0.545909740429174,IPOPT,1.0,1.0e-10,13.602972030639648,36479.111281572135,36479.11128148833,2.2973278913922465e-10,1.0658141036401503e-14,NaN,33,INTERRUPTED,gap_and_residual
541,0.545909740429174,MadNLP,1.0,0.01,17.43793487548828,36479.11128148833,36479.11128148833,0.0,1.1546319456101628e-14,NaN,34,LOCALLY_SOLVED,residual_tolerance_upper_bound
541,0.545909740429174,ADMM,1.0,0.01,69.27227973937988,36588.972047997624,36479.11128148833,0.30116075378470925,3.055555808373356e-12,1.134236986949416,6,converged,gap_callback_with_solver_termination
541,0.545909740429174,MEL-ADMM,1.0,0.01,14.572620391845703,36481.10332457926,36479.11128148833,0.005460777472221201,3.407829574086918e-12,0.009822655298939331,18,converged,gap_residual_and_feasibility
541,0.545909740429174,sMEL-ADMM,1.0,0.01,1.1850829999999999,36480.67917278409,36479.11128148833,0.004298052339215904,1.999511667349907e-13,0.009159082851319056,32,converged,gap_residual_and_feasibility
542,0.5783537435613897,IPOPT,1.0,1.0e-10,13.016939163208008,36479.11128157209,36479.11128148834,2.2959317032311292e-10,1.687538997430238e-14,NaN,33,INTERRUPTED,gap_and_residual
542,0.5783537435613897,MadNLP,1.0,0.01,17.12799072265625,36479.111281488316,36479.11128148834,5.983663547644329e-14,1.2434497875801753e-14,NaN,34,LOCALLY_SOLVED,residual_tolerance_upper_bound
542,0.5783537435613897,ADMM,1.0,0.01,67.83151626586914,36589.24974819255,36479.11128148834,0.3019220118997405,2.560174294785611e-12,1.1277917114364904,6,converged,gap_callback_with_solver_termination
542,0.5783537435613897,MEL-ADMM,1.0,0.01,14.786720275878906,36481.09683930568,36479.11128148834,0.0054429994251319926,6.004308161777772e-12,0.009837568568483057,18,converged,gap_residual_and_feasibility
542,0.5783537435613897,sMEL-ADMM,1.0,0.01,1.241247,36480.68892145573,36479.11128148834,0.004324776322587944,1.9972912213006566e-13,0.009318405784201289,32,converged,gap_residual_and_feasibility
543,0.4346600192776876,IPOPT,1.0,1.0e-10,13.303995132446289,36479.11128157204,36479.11128148834,2.294535515070012e-10,1.0658141036401503e-14,NaN,33,INTERRUPTED,gap_and_residual
543,0.4346600192776876,MadNLP,1.0,0.01,17.30203628540039,36479.11128148834,36479.11128148834,0.0,1.1546319456101628e-14,NaN,34,LOCALLY_SOLVED,residual_tolerance_upper_bound
543,0.4346600192776876,ADMM,1.0,0.01,68.53222846984863,36588.972055340455,36479.11128148834,0.3011607739135539,3.536115844582355e-12,1.1342369985778618,6,converged,gap_callback_with_solver_termination
543,0.4346600192776876,MEL-ADMM,1.0,0.01,14.261484146118164,36481.10332462814,36479.11128148834,0.005460777606195427,4.6573300771513004e-12,0.00982265524611936,18,converged,gap_residual_and_feasibility
543,0.4346600192776876,sMEL-ADMM,1.0,0.01,1.030537,36480.205214508205,36479.11128148834,0.0029987929569496806,2.0022872249114698e-13,0.009870294440933236,33,converged,gap_residual_and_feasibility
544,0.601414495808873,IPOPT,1.0,1.0e-10,12.516021728515625,36479.111281571946,36479.11128148834,2.291942594199366e-10,1.2434497875801753e-14,NaN,33,INTERRUPTED,gap_and_residual
544,0.601414495808873,MadNLP,1.0,0.01,17.019033432006836,36479.11128148833,36479.11128148834,1.994554515881443e-14,1.2434497875801753e-14,NaN,34,LOCALLY_SOLVED,residual_tolerance_upper_bound
544,0.601414495808873,ADMM,1.0,0.01,68.60136985778809,36599.28158579093,36479.11128148834,0.3294222366748648,1.0116352200384426e-12,1.1601006209811189,6,converged,gap_callback_with_solver_termination
544,0.601414495808873,MEL-ADMM,1.0,0.01,14.508485794067383,36480.931593156405,36479.11128148834,0.004990011006629815,2.5378588119906453e-12,0.0099383107803801,18,converged,gap_residual_and_feasibility
544,0.601414495808873,sMEL-ADMM,1.0,0.01,1.232459,36480.76650644593,36479.11128148834,0.004537459656893146,1.999511667349907e-13,0.009873659315946526,29,converged,gap_residual_and_feasibility
545,0.41179148450156916,IPOPT,1.0,1.0e-10,13.509035110473633,36479.111281572,36479.11128148832,2.2937376932636605e-10,1.509903313490213e-14,NaN,33,INTERRUPTED,gap_and_residual
545,0.41179148450156916,MadNLP,1.0,0.01,17.515897750854492,36479.111281488345,36479.11128148832,5.983663547644332e-14,1.3322676295501878e-14,NaN,34,LOCALLY_SOLVED,residual_tolerance_upper_bound
545,0.41179148450156916,ADMM,1.0,0.01,69.59366798400879,36588.97205644439,36479.11128148832,0.3011607769398118,3.013145288832675e-13,1.1342369962105376,6,converged,gap_callback_with_solver_termination
545,0.41179148450156916,MEL-ADMM,1.0,0.01,14.678001403808594,36481.10332464909,36479.11128148832,0.005460777663678491,5.208888875785078e-12,0.009822655377695,18,converged,gap_residual_and_feasibility
545,0.41179148450156916,sMEL-ADMM,1.0,0.01,1.267001,36480.03786564777,36479.11128148832,0.0025400403872126933,2.007283228522283e-13,0.007829089478653017,35,converged,gap_residual_and_feasibility
546,0.625828420230385,IPOPT,1.0,1.0e-10,14.045953750610352,36479.11128156914,36479.11128148834,2.2149527898863426e-10,1.1546319456101628e-14,NaN,33,INTERRUPTED,gap_and_residual
546,0.625828420230385,MadNLP,1.0,0.01,17.818927764892578,36479.11128148834,36479.11128148834,0.0,1.3322676295501878e-14,NaN,34,LOCALLY_SOLVED,residual_tolerance_upper_bound
546,0.625828420230385,ADMM,1.0,0.01,71.24805450439453,36578.16095278664,36479.11128148834,0.2715243541269166,1.386335490849433e-12,1.172087840671728,6,converged,gap_callback_with_solver_termination
546,0.625828420230385,MEL-ADMM,1.0,0.01,15.378475189208984,36480.859167149254,36479.11128148834,0.004791469965999164,2.7154944959306704e-12,0.0008795413419591114,19,converged,gap_residual_and_feasibility
546,0.625828420230385,sMEL-ADMM,1.0,0.01,1.301957,36480.70370410066,36479.11128148834,0.004365299911054545,1.9950707752514063e-13,0.009548109575296948,32,converged,gap_residual_and_feasibility
547,0.622131696136362,IPOPT,1.0,1.0e-10,12.547969818115234,36479.11128156976,36479.111281488345,2.2319065032713342e-10,1.509903313490213e-14,NaN,33,INTERRUPTED,gap_and_residual
547,0.622131696136362,MadNLP,1.0,0.01,16.988039016723633,36479.111281488345,36479.111281488345,0.0,1.3322676295501878e-14,NaN,34,LOCALLY_SOLVED,residual_tolerance_upper_bound
547,0.622131696136362,ADMM,1.0,0.01,67.95358657836914,36580.88049270218,36479.111281488345,0.2789794149000437,4.568567746332519e-13,1.166172729435388,6,converged,gap_callback_with_solver_termination
547,0.622131696136362,MEL-ADMM,1.0,0.01,15.141487121582031,36480.87616907197,36479.111281488345,0.004838077249210672,8.100187187665142e-13,0.000980499350816899,19,converged,gap_residual_and_feasibility
547,0.622131696136362,sMEL-ADMM,1.0,0.01,1.1315819999999999,36480.777800897566,36479.111281488345,0.004568421079013211,2.0061730054976579e-13,0.009986726908365995,29,converged,gap_residual_and_feasibility
548,0.3795386046889341,IPOPT,1.0,1.0e-10,12.221097946166992,36479.111281562524,36479.11128148834,2.0336477843927193e-10,1.3322676295501878e-14,NaN,32,INTERRUPTED,gap_and_residual
548,0.3795386046889341,MadNLP,1.0,0.01,16.817808151245117,36479.11128148834,36479.11128148834,0.0,1.1546319456101628e-14,NaN,33,LOCALLY_SOLVED,residual_tolerance_upper_bound
548,0.3795386046889341,ADMM,1.0,0.01,66.33400917053223,36595.040378364385,36479.11128148834,0.3177958365857346,8.684719610130287e-13,1.0704145461006291,6,converged,gap_callback_with_solver_termination
548,0.3795386046889341,MEL-ADMM,1.0,0.01,14.36758041381836,36481.02286627388,36479.11128148834,0.00524021753378858,1.1638467967145516e-12,0.009899310437329056,18,converged,gap_residual_and_feasibility
548,0.3795386046889341,sMEL-ADMM,1.0,0.01,1.2569569999999999,36479.715192934826,36479.11128148834,0.001655499339957696,1.9950707752514063e-13,0.006626050321800747,33,converged,gap_residual_and_feasibility
549,0.2636414336350342,IPOPT,1.0,1.0e-10,13.906002044677734,36479.11128157143,36479.111281488345,2.2775818016850194e-10,1.4210854715202004e-14,NaN,34,INTERRUPTED,gap_and_residual
549,0.2636414336350342,MadNLP,1.0,0.01,17.51708984375,36479.11128148833,36479.111281488345,3.9891090317628855e-14,1.4210854715202004e-14,NaN,35,LOCALLY_SOLVED,residual_tolerance_upper_bound
549,0.2636414336350342,ADMM,1.0,0.01,72.30520248413086,36615.06184959071,36479.111281488345,0.3726805926090502,4.683031740171373e-12,1.555979310632111,6,converged,gap_callback_with_solver_termination
549,0.2636414336350342,MEL-ADMM,1.0,0.01,12.908935546875,36480.68868619215,36479.111281488345,0.004324131395731525,4.2543746303636e-13,0.006710231434207792,16,converged,gap_residual_and_feasibility
549,0.2636414336350342,sMEL-ADMM,1.0,0.01,1.392997,36479.67201743079,36479.111281488345,0.001537142552952427,2.0022872249114698e-13,0.008195885468403219,39,converged,gap_residual_and_feasibility
550,0.3654808006739798,IPOPT,1.0,1.0e-10,13.143062591552734,36479.1112815715,36479.11128148833,2.279975267104078e-10,1.1546319456101628e-14,NaN,33,INTERRUPTED,gap_and_residual
550,0.3654808006739798,MadNLP,1.0,0.01,17.258167266845703,36479.11128148833,36479.11128148833,0.0,1.2434497875801753e-14,NaN,34,LOCALLY_SOLVED,residual_tolerance_upper_bound
550,0.3654808006739798,ADMM,1.0,0.01,69.65804100036621,36595.85312013566,36479.11128148833,0.3200238014202141,8.965050923848139e-13,1.1618902589339362,6,converged,gap_callback_with_solver_termination
550,0.3654808006739798,MEL-ADMM,1.0,0.01,14.553546905517578,36480.92399074916,36479.11128148833,0.004969170566790642,2.365718732022515e-12,0.009993047680556089,18,converged,gap_residual_and_feasibility
550,0.3654808006739798,sMEL-ADMM,1.0,0.01,1.080916,36479.66722741809,36479.11128148833,0.0015240117158238692,2.003397447936095e-13,0.0068288616690797,36,converged,gap_residual_and_feasibility
551,0.37481885518155267,IPOPT,1.0,1.0e-10,13.206005096435547,36479.11134598857,36479.11128148833,1.7681416627339034e-7,1.2434497875801753e-14,NaN,32,INTERRUPTED,gap_and_residual
551,0.37481885518155267,MadNLP,1.0,0.01,17.77815818786621,36479.11128148833,36479.11128148833,0.0,1.1546319456101628e-14,NaN,34,LOCALLY_SOLVED,residual_tolerance_upper_bound
551,0.37481885518155267,ADMM,1.0,0.01,73.93574714660645,36596.63104437978,36479.11128148833,0.32215632114668075,9.832135106080386e-13,1.0940093609836001,6,converged,gap_callback_with_solver_termination
551,0.37481885518155267,MEL-ADMM,1.0,0.01,15.774726867675781,36480.99115699431,36479.11128148833,0.005153293048918241,5.05273600737155e-12,0.009920450429258487,18,converged,gap_residual_and_feasibility
551,0.37481885518155267,sMEL-ADMM,1.0,0.01,1.5123739999999999,36479.68541637624,36479.11128148833,0.0015738730131852681,2.0045076709607201e-13,0.007484128244232835,33,converged,gap_residual_and_feasibility
552,0.5273338255042035,IPOPT,1.0,1.0e-10,14.601945877075195,36479.11128157213,36479.11128148832,2.297327891392247e-10,1.1546319456101628e-14,NaN,33,INTERRUPTED,gap_and_residual
552,0.5273338255042035,MadNLP,1.0,0.01,17.930984497070312,36479.11128148836,36479.11128148832,9.972772579407219e-14,1.3322676295501878e-14,NaN,34,LOCALLY_SOLVED,residual_tolerance_upper_bound
552,0.5273338255042035,ADMM,1.0,0.01,71.16365432739258,36588.97204751314,36479.11128148832,0.3011607524566153,1.6155965454345278e-12,1.1342369850395153,6,converged,gap_callback_with_solver_termination
552,0.5273338255042035,MEL-ADMM,1.0,0.01,16.011953353881836,36481.10332449892,36479.11128148832,0.005460777252022384,1.323052778445799e-12,0.009822655380371081,18,converged,gap_residual_and_feasibility
552,0.5273338255042035,sMEL-ADMM,1.0,0.01,1.4809560000000002,36480.674086912695,36479.11128148832,0.004284110466157871,2.0039525594484076e-13,0.009062288808173946,32,converged,gap_residual_and_feasibility
553,0.5278128175891561,IPOPT,1.0,1.0e-10,13.092041015625,36479.111281572135,36479.11128148834,2.2971284359406578e-10,1.3322676295501878e-14,NaN,33,INTERRUPTED,gap_and_residual
553,0.5278128175891561,MadNLP,1.0,0.01,19.28091049194336,36479.111281488345,36479.11128148834,1.994554515881443e-14,1.4210854715202004e-14,NaN,34,LOCALLY_SOLVED,residual_tolerance_upper_bound
553,0.5278128175891561,ADMM,1.0,0.01,70.92022895812988,36588.97204697287,36479.11128148834,0.30116075097553874,5.63660229602192e-13,1.1342369793067295,6,converged,gap_callback_with_solver_termination
553,0.5278128175891561,MEL-ADMM,1.0,0.01,14.668464660644531,36481.10332467341,36479.11128148834,0.005460777730296609,5.852207607404125e-12,0.009822655419799986,18,converged,gap_residual_and_feasibility
553,0.5278128175891561,sMEL-ADMM,1.0,0.01,1.133249,36480.67421230606,36479.11128148834,0.0042844542063068935,2.0061730054976579e-13,0.009064832475347728,32,converged,gap_residual_and_feasibility
554,0.5616526727627922,IPOPT,1.0,1.0e-10,12.552022933959961,36479.111281572084,36479.11128148834,2.295732247779541e-10,1.4210854715202004e-14,NaN,33,INTERRUPTED,gap_and_residual
554,0.5616526727627922,MadNLP,1.0,0.01,17.13705062866211,36479.11128148833,36479.11128148834,1.994554515881443e-14,1.4210854715202004e-14,NaN,34,LOCALLY_SOLVED,residual_tolerance_upper_bound
554,0.5616526727627922,ADMM,1.0,0.01,68.72391700744629,36588.97205163754,36479.11128148834,0.30116076376276735,2.922551090023262e-12,1.1342369870551652,6,converged,gap_callback_with_solver_termination
554,0.5616526727627922,MEL-ADMM,1.0,0.01,15.224933624267578,36481.103324502285,36479.11128148834,0.005460777261197333,1.4073187060148484e-12,0.009822655359643662,18,converged,gap_residual_and_feasibility
554,0.5616526727627922,sMEL-ADMM,1.0,0.01,1.2981239999999998,36480.6838535714,36479.11128148834,0.004310883757350899,2.0028423364237824e-13,0.009237141778291047,32,converged,gap_residual_and_feasibility
555,0.34102369598122123,IPOPT,1.0,1.0e-10,13.953924179077148,36479.11134600376,36479.11128148832,1.7685583251722715e-7,1.3322676295501878e-14,NaN,33,INTERRUPTED,gap_and_residual
555,0.34102369598122123,MadNLP,1.0,0.01,18.26000213623047,36479.11128148836,36479.11128148832,9.972772579407219e-14,1.3322676295501878e-14,NaN,35,LOCALLY_SOLVED,residual_tolerance_upper_bound
555,0.34102369598122123,ADMM,1.0,0.01,74.18680191040039,36572.76191624408,36479.11128148832,0.2567240030413864,5.920264278813647e-13,1.168551870203597,6,converged,gap_callback_with_solver_termination
555,0.34102369598122123,MEL-ADMM,1.0,0.01,15.45858383178711,36480.86074051568,36479.11128148832,0.004795783027324274,3.733957587570558e-12,0.0007104385691327764,19,converged,gap_residual_and_feasibility
555,0.34102369598122123,sMEL-ADMM,1.0,0.01,1.4064189999999999,36479.541528123154,36479.11128148832,0.0011794328856064263,2.0017321133991572e-13,0.007587634297895107,35,converged,gap_residual_and_feasibility
556,0.3542430396108912,IPOPT,1.0,1.0e-10,12.894868850708008,36479.111281569916,36479.11128148834,2.2362945232062738e-10,1.2434497875801753e-14,NaN,33,INTERRUPTED,gap_and_residual
556,0.3542430396108912,MadNLP,1.0,0.01,17.359018325805664,36479.11128148833,36479.11128148834,1.994554515881443e-14,1.3322676295501878e-14,NaN,34,LOCALLY_SOLVED,residual_tolerance_upper_bound
556,0.3542430396108912,ADMM,1.0,0.01,70.83868980407715,36584.18140106359,36479.11128148834,0.288028178001623,1.08124620368244e-12,1.1746669960102132,6,converged,gap_callback_with_solver_termination
556,0.3542430396108912,MEL-ADMM,1.0,0.01,15.3045654296875,36480.924863171815,36479.11128148834,0.004971562134510751,2.3916979507987435e-12,0.0011753851250126957,19,converged,gap_residual_and_feasibility
556,0.3542430396108912,sMEL-ADMM,1.0,0.01,1.1532529999999999,36479.54701936289,36479.11128148834,0.0011944859928001111,1.9950707752514063e-13,0.00978543373639873,31,converged,gap_residual_and_feasibility
557,0.4316521435160443,IPOPT,1.0,1.0e-10,13.638973236083984,36479.11128157204,36479.11128148831,2.2953333368763665e-10,1.0658141036401503e-14,NaN,33,INTERRUPTED,gap_and_residual
557,0.4316521435160443,MadNLP,1.0,0.01,18.073081970214844,36479.11128148833,36479.11128148831,5.983663547644334e-14,1.5987211554602254e-14,NaN,34,LOCALLY_SOLVED,residual_tolerance_upper_bound
557,0.4316521435160443,ADMM,1.0,0.01,69.42248344421387,36588.97205635472,36479.11128148831,0.30116077669404295,3.130495862535554e-12,1.1342370028696607,6,converged,gap_callback_with_solver_termination
557,0.4316521435160443,MEL-ADMM,1.0,0.01,14.441251754760742,36481.103324636875,36479.11128148831,0.005460777630229814,4.905076345096404e-12,0.009822655269354996,18,converged,gap_residual_and_feasibility
557,0.4316521435160443,sMEL-ADMM,1.0,0.01,1.3292480000000002,36480.17956325892,36479.11128148831,0.0029284753193896357,2.0061730054976579e-13,0.007658181360426397,33,converged,gap_residual_and_feasibility
558,0.3893034727471781,IPOPT,1.0,1.0e-10,15.232086181640625,36479.11128157188,36479.11128148833,2.2903469505866614e-10,1.1546319456101628e-14,NaN,33,INTERRUPTED,gap_and_residual
558,0.3893034727471781,MadNLP,1.0,0.01,17.066001892089844,36479.11128148836,36479.11128148833,7.978218063525773e-14,1.3322676295501878e-14,NaN,34,LOCALLY_SOLVED,residual_tolerance_upper_bound
558,0.3893034727471781,ADMM,1.0,0.01,68.4506893157959,36589.95403565916,36479.11128148833,0.30385267150704387,1.3617440508539858e-12,1.1270248147627333,6,converged,gap_callback_with_solver_termination
558,0.3893034727471781,MEL-ADMM,1.0,0.01,14.695882797241211,36481.08775591315,36479.11128148833,0.0054180991679471735,6.358524817784428e-12,0.00986182152404691,18,converged,gap_residual_and_feasibility
558,0.3893034727471781,sMEL-ADMM,1.0,0.01,1.183916,36479.805352466465,36479.11128148833,0.0019026532000137725,2.0045076709607201e-13,0.004447558931293116,34,converged,gap_residual_and_feasibility
559,0.491133745186877,IPOPT,1.0,1.0e-10,13.256072998046875,36479.11128157215,36479.11128148834,2.297527346843834e-10,1.0658141036401503e-14,NaN,33,INTERRUPTED,gap_and_residual
559,0.491133745186877,MadNLP,1.0,0.01,17.686128616333008,36479.111281488345,36479.11128148834,1.994554515881443e-14,1.1546319456101628e-14,NaN,34,LOCALLY_SOLVED,residual_tolerance_upper_bound
559,0.491133745186877,ADMM,1.0,0.01,70.34826278686523,36588.97204743409,36479.11128148834,0.3011607522398669,4.156675004196586e-13,1.1342369858138355,6,converged,gap_callback_with_solver_termination
559,0.491133745186877,MEL-ADMM,1.0,0.01,15.375852584838867,36481.103324318225,36479.11128148834,0.005460776756634877,3.5121905384016827e-12,0.009822655204628994,18,converged,gap_residual_and_feasibility
559,0.491133745186877,sMEL-ADMM,1.0,0.01,1.194086,36480.66535832683,36479.11128148834,0.004260182838603342,2.0039525594484076e-13,0.008860789147522752,32,converged,gap_residual_and_feasibility
560,0.611030846297707,IPOPT,1.0,1.0e-10,12.79592514038086,36479.111281571626,36479.11128148834,2.283166554329488e-10,1.1546319456101628e-14,NaN,33,INTERRUPTED,gap_and_residual
560,0.611030846297707,MadNLP,1.0,0.01,17.408132553100586,36479.11128148832,36479.11128148834,3.989109031762886e-14,1.0658141036401503e-14,NaN,34,LOCALLY_SOLVED,residual_tolerance_upper_bound
560,0.611030846297707,ADMM,1.0,0.01,70.7247257232666,36589.178371490576,36479.11128148834,0.3017263473139829,4.083955396083638e-12,1.1397190230212075,6,converged,gap_callback_with_solver_termination
560,0.611030846297707,MEL-ADMM,1.0,0.01,16.3114070892334,36480.93459313021,36479.11128148834,0.0049982348193767226,1.0869083411080283e-12,0.0012718151338262373,19,converged,gap_residual_and_feasibility
560,0.611030846297707,sMEL-ADMM,1.0,0.01,1.099832,36480.7717071503,36479.11128148834,0.004551716321016288,1.9972912213006566e-13,0.00974664672722092,29,converged,gap_residual_and_feasibility
561,0.2843586276805266,IPOPT,1.0,1.0e-10,13.339996337890625,36479.11128157156,36479.111281488345,2.281171999813606e-10,9.769962616701378e-15,NaN,34,INTERRUPTED,gap_and_residual
561,0.2843586276805266,MadNLP,1.0,0.01,17.454862594604492,36479.11128148835,36479.111281488345,1.9945545158814427e-14,1.3322676295501878e-14,NaN,35,LOCALLY_SOLVED,residual_tolerance_upper_bound
561,0.2843586276805266,ADMM,1.0,0.01,75.43563842773438,36568.165157928845,36479.111281488345,0.2441229331310227,5.336786568221896e-12,1.1264047940481898,6,converged,gap_callback_with_solver_termination
561,0.2843586276805266,MEL-ADMM,1.0,0.01,13.508319854736328,36480.698796523466,36479.111281488345,0.00435184679492426,7.824296766045791e-13,0.0050229078011847506,16,converged,gap_residual_and_feasibility
561,0.2843586276805266,sMEL-ADMM,1.0,0.01,1.393836,36479.46217446224,36479.111281488345,0.0009619011033157237,1.9989565558375944e-13,0.007501517324916662,39,converged,gap_residual_and_feasibility
562,0.7266325584076374,IPOPT,1.0,1.0e-10,14.919042587280273,36479.111281571735,36479.11128148835,2.285759475200133e-10,1.509903313490213e-14,NaN,34,INTERRUPTED,gap_and_residual
562,0.7266325584076374,MadNLP,1.0,0.01,18.76091957092285,36479.11128148835,36479.11128148835,0.0,1.4210854715202004e-14,NaN,35,LOCALLY_SOLVED,residual_tolerance_upper_bound
562,0.7266325584076374,ADMM,1.0,0.01,77.36063003540039,36760.26059313151,36479.11128148835,0.7707131609476215,8.624212455288216e-13,2.1518889012619065,6,converged,gap_callback_with_solver_termination
562,0.7266325584076374,MEL-ADMM,1.0,0.01,15.36703109741211,36480.546708294176,36479.11128148835,0.003934928114741782,3.4372504842394846e-13,0.005499924262496236,19,converged,gap_residual_and_feasibility
562,0.7266325584076374,sMEL-ADMM,1.0,0.01,1.1837060000000001,36480.771027106406,36479.11128148835,0.004549852120152043,2.007283228522283e-13,0.005874174961761014,33,converged,gap_residual_and_feasibility
563,0.7473788804834778,IPOPT,1.0,1.0e-10,13.136148452758789,36479.11128156815,36479.111281488345,2.1876273930187663e-10,1.2434497875801753e-14,NaN,34,INTERRUPTED,gap_and_residual
563,0.7473788804834778,MadNLP,1.0,0.01,17.620086669921875,36479.11128148833,36479.111281488345,3.9891090317628855e-14,1.687538997430238e-14,NaN,35,LOCALLY_SOLVED,residual_tolerance_upper_bound
563,0.7473788804834778,ADMM,1.0,0.01,86.48824691772461,36529.656253553745,36479.111281488345,0.13855867177073783,1.5403234243649422e-12,0.8288057250395475,7,converged,gap_callback_with_solver_termination
563,0.7473788804834778,MEL-ADMM,1.0,0.01,15.096902847290039,36480.51327120874,36479.111281488345,0.003843267204564357,3.6293190674996367e-13,0.0066191920797136206,19,converged,gap_residual_and_feasibility
563,0.7473788804834778,sMEL-ADMM,1.0,0.01,1.272874,36480.7848350075,36479.111281488345,0.0045877036483723925,2.0095036745715333e-13,0.005967211186449717,33,converged,gap_residual_and_feasibility
564,0.6080699338013895,IPOPT,1.0,1.0e-10,12.986898422241211,36479.11128157198,36479.11128148836,2.2923415051025411e-10,1.1546319456101628e-14,NaN,33,INTERRUPTED,gap_and_residual
564,0.6080699338013895,MadNLP,1.0,0.01,17.492055892944336,36479.11128148834,36479.11128148836,5.983663547644325e-14,1.1546319456101628e-14,NaN,34,LOCALLY_SOLVED,residual_tolerance_upper_bound
564,0.6080699338013895,ADMM,1.0,0.01,70.14584541320801,36592.51329808942,36479.11128148836,0.31086836443465227,1.9897417047332056e-12,1.1445463899821524,6,converged,gap_callback_with_solver_termination
564,0.6080699338013895,MEL-ADMM,1.0,0.01,15.643835067749023,36480.953475355826,36479.11128148836,0.005049996567214554,1.291411422243982e-12,0.0013588617137738623,19,converged,gap_residual_and_feasibility
564,0.6080699338013895,sMEL-ADMM,1.0,0.01,0.9625840000000001,36480.770098909066,36479.11128148836,0.004547307657541835,1.999511667349907e-13,0.009762203189684016,29,converged,gap_residual_and_feasibility
565,0.6039557794428279,IPOPT,1.0,1.0e-10,13.82899284362793,36479.11128157197,36479.11128148832,2.292939871457308e-10,1.2434497875801753e-14,NaN,33,INTERRUPTED,gap_and_residual
565,0.6039557794428279,MadNLP,1.0,0.01,17.574071884155273,36479.11128148832,36479.11128148832,0.0,1.0658141036401503e-14,NaN,34,LOCALLY_SOLVED,residual_tolerance_upper_bound
565,0.6039557794428279,ADMM,1.0,0.01,72.56364822387695,36597.02342642898,36479.11128148832,0.32323195603861926,1.3474776849875525e-12,1.1560170730973454,6,converged,gap_callback_with_solver_termination
565,0.6039557794428279,MEL-ADMM,1.0,0.01,15.242815017700195,36480.91371381881,36479.11128148832,0.004940998470541081,6.659339746306614e-12,0.009989334648458303,18,converged,gap_residual_and_feasibility
565,0.6039557794428279,sMEL-ADMM,1.0,0.01,1.133834,36480.76787444703,36479.11128148832,0.004541209751316768,1.999511667349907e-13,0.009831472400554375,29,converged,gap_residual_and_feasibility
566,0.4984345671805677,IPOPT,1.0,1.0e-10,12.741804122924805,36479.11128157213,36479.111281488345,2.2967295250374813e-10,1.2434497875801753e-14,NaN,33,INTERRUPTED,gap_and_residual
566,0.4984345671805677,MadNLP,1.0,0.01,16.900062561035156,36479.11128148834,36479.111281488345,1.9945545158814427e-14,1.1546319456101628e-14,NaN,34,LOCALLY_SOLVED,residual_tolerance_upper_bound
566,0.4984345671805677,ADMM,1.0,0.01,68.41206550598145,36588.972047291005,36479.111281488345,0.30116075184761776,1.0591527654923993e-12,1.134236986407534,6,converged,gap_callback_with_solver_termination
566,0.4984345671805677,MEL-ADMM,1.0,0.01,14.698505401611328,36481.10332448963,36479.111281488345,0.005460777226492083,9.491296637520463e-13,0.009822655339363884,18,converged,gap_residual_and_feasibility
566,0.4984345671805677,sMEL-ADMM,1.0,0.01,1.228537,36480.66688464436,36479.111281488345,0.004264366924972729,2.0122792321330962e-13,0.008902312503691334,32,converged,gap_residual_and_feasibility
567,0.2730503479907027,IPOPT,1.0,1.0e-10,13.006210327148438,36479.11128157151,36479.111281488316,2.2805736334588433e-10,1.2434497875801753e-14,NaN,34,INTERRUPTED,gap_and_residual
567,0.2730503479907027,MadNLP,1.0,0.01,18.58997344970703,36479.111281488345,36479.111281488316,7.978218063525777e-14,1.2434497875801753e-14,NaN,35,LOCALLY_SOLVED,residual_tolerance_upper_bound
567,0.2730503479907027,ADMM,1.0,0.01,75.6080150604248,36589.272921137155,36479.111281488316,0.3019855357735689,1.9922952176898434e-12,1.3515118854603863,6,converged,gap_callback_with_solver_termination
567,0.2730503479907027,MEL-ADMM,1.0,0.01,12.831687927246094,36480.6956290562,36479.111281488316,0.004343163833294443,7.400746682151293e-13,0.005027456513121642,16,converged,gap_residual_and_feasibility
567,0.2730503479907027,sMEL-ADMM,1.0,0.01,1.679081,36479.54233337063,36479.111281488316,0.0011816403063800401,2.0011770018868447e-13,0.007998083877298612,39,converged,gap_residual_and_feasibility
568,0.4530989970246187,IPOPT,1.0,1.0e-10,13.26894760131836,36479.11128157211,36479.11128148836,2.2959317032311276e-10,1.2434497875801753e-14,NaN,33,INTERRUPTED,gap_and_residual
568,0.4530989970246187,MadNLP,1.0,0.01,18.239974975585938,36479.11128148836,36479.11128148836,0.0,1.1546319456101628e-14,NaN,34,LOCALLY_SOLVED,residual_tolerance_upper_bound
568,0.4530989970246187,ADMM,1.0,0.01,69.37193870544434,36588.972053797945,36479.11128148836,0.30116076968501837,3.959610417325621e-13,1.1342369915524069,6,converged,gap_callback_with_solver_termination
568,0.4530989970246187,MEL-ADMM,1.0,0.01,14.864206314086914,36481.103324582145,36479.11128148836,0.005460777480059797,3.4059421949450552e-12,0.009822655394606805,18,converged,gap_residual_and_feasibility
568,0.4530989970246187,sMEL-ADMM,1.0,0.01,1.322377,36480.44779975821,36479.11128148836,0.0036637906541472543,2.007283228522283e-13,0.009016476874094792,37,converged,gap_residual_and_feasibility
569,0.3657595222635088,IPOPT,1.0,1.0e-10,12.663125991821289,36479.11128157158,36479.111281488345,2.2817703661683704e-10,1.509903313490213e-14,NaN,33,INTERRUPTED,gap_and_residual
569,0.3657595222635088,MadNLP,1.0,0.01,17.16303825378418,36479.11128148834,36479.111281488345,1.9945545158814427e-14,1.3322676295501878e-14,NaN,34,LOCALLY_SOLVED,residual_tolerance_upper_bound
569,0.3657595222635088,ADMM,1.0,0.01,68.60637664794922,36596.220001152826,36479.111281488345,0.3210295304642144,1.0288991880713638e-12,1.1630015734427044,6,converged,gap_callback_with_solver_termination
569,0.3657595222635088,MEL-ADMM,1.0,0.01,14.639616012573242,36480.925854483394,36479.111281488345,0.004974279611820442,1.9178547638887267e-12,0.009983571460609575,18,converged,gap_residual_and_feasibility
569,0.3657595222635088,sMEL-ADMM,1.0,0.01,1.407916,36479.66907794676,36479.111281488345,0.001529084560506974,1.996736109788344e-13,0.006900738148468477,36,converged,gap_residual_and_feasibility
570,0.6783008359785956,IPOPT,1.0,1.0e-10,12.58993148803711,36479.111346011734,36479.11128148835,1.7687761305254042e-7,1.3322676295501878e-14,NaN,33,INTERRUPTED,gap_and_residual
570,0.6783008359785956,MadNLP,1.0,0.01,18.26190948486328,36479.11128148833,36479.11128148835,5.983663547644327e-14,9.769962616701378e-15,NaN,35,LOCALLY_SOLVED,residual_tolerance_upper_bound
570,0.6783008359785956,ADMM,1.0,0.01,73.1973648071289,36571.814226547714,36479.11128148835,0.25412610615435893,1.6404655411861313e-12,1.1223531401772027,6,converged,gap_callback_with_solver_termination
570,0.6783008359785956,MEL-ADMM,1.0,0.01,13.564348220825195,36480.66240197314,36479.11128148835,0.004252078601414158,5.859757123971576e-13,0.005848567252832559,16,converged,gap_residual_and_feasibility
570,0.6783008359785956,sMEL-ADMM,1.0,0.01,1.223503,36480.729578090235,36479.11128148835,0.0044362281454579724,2.007283228522283e-13,0.009825139671832517,32,converged,gap_residual_and_feasibility
571,0.29223559562905255,IPOPT,1.0,1.0e-10,13.404130935668945,36479.11128157161,36479.111281488345,2.282568187974723e-10,1.1546319456101628e-14,NaN,34,INTERRUPTED,gap_and_residual
571,0.29223559562905255,MadNLP,1.0,0.01,18.065929412841797,36479.11128148832,36479.111281488345,5.983663547644328e-14,1.2434497875801753e-14,NaN,35,LOCALLY_SOLVED,residual_tolerance_upper_bound
571,0.29223559562905255,ADMM,1.0,0.01,74.95903968811035,36558.935135632855,36479.111281488345,0.2188207205174353,4.147904242302047e-12,1.114371343588977,6,converged,gap_callback_with_solver_termination
571,0.29223559562905255,MEL-ADMM,1.0,0.01,13.309478759765625,36480.70234564906,36479.111281488345,0.004361575994640361,4.105826789668754e-12,0.006133504310994908,16,converged,gap_residual_and_feasibility
571,0.29223559562905255,sMEL-ADMM,1.0,0.01,1.501292,36479.441270065035,36479.111281488345,0.0009045959868477936,1.999511667349907e-13,0.007563798913695408,39,converged,gap_residual_and_feasibility
572,0.45789999187003805,IPOPT,1.0,1.0e-10,13.864994049072266,36479.111281572084,36479.11128148836,2.295133881424775e-10,1.5987211554602254e-14,NaN,33,INTERRUPTED,gap_and_residual
572,0.45789999187003805,MadNLP,1.0,0.01,17.76289939880371,36479.11128148835,36479.11128148836,1.9945545158814418e-14,1.0658141036401503e-14,NaN,34,LOCALLY_SOLVED,residual_tolerance_upper_bound
572,0.45789999187003805,ADMM,1.0,0.01,70.2354907989502,36588.972054040016,36479.11128148836,0.30116077034860667,4.760081218080359e-13,1.1342369965616435,6,converged,gap_callback_with_solver_termination
572,0.45789999187003805,MEL-ADMM,1.0,0.01,14.858007431030273,36481.10332445538,36479.11128148836,0.005460777132548563,3.694822225952521e-13,0.009822655281437775,18,converged,gap_residual_and_feasibility
572,0.45789999187003805,sMEL-ADMM,1.0,0.01,1.3210400000000002,36480.45061819482,36479.11128148836,0.0036715168199377515,2.0017321133991572e-13,0.008642505418738011,33,converged,gap_residual_and_feasibility
573,0.28383716741891274,IPOPT,1.0,1.0e-10,14.616012573242188,36479.111281571575,36479.11128148833,2.2819698216199593e-10,1.2434497875801753e-14,NaN,34,INTERRUPTED,gap_and_residual
573,0.28383716741891274,MadNLP,1.0,0.01,18.818140029907227,36479.11128148834,36479.11128148833,1.9945545158814434e-14,1.7763568394002505e-14,NaN,35,LOCALLY_SOLVED,residual_tolerance_upper_bound
573,0.28383716741891274,ADMM,1.0,0.01,75.4539966583252,36568.93057443152,36479.11128148833,0.24622116545029277,4.365952044338428e-13,1.1368302689720107,6,converged,gap_callback_with_solver_termination
573,0.28383716741891274,MEL-ADMM,1.0,0.01,13.063430786132812,36480.69867430675,36479.11128148833,0.0043515117629005255,5.206390873979672e-13,0.004947409711215656,16,converged,gap_residual_and_feasibility
573,0.28383716741891274,sMEL-ADMM,1.0,0.01,1.4451209999999999,36479.464353510244,36479.11128148833,0.0009678745164288549,1.9961809982760315e-13,0.007573694834363209,39,converged,gap_residual_and_feasibility
574,0.6985673689376242,IPOPT,1.0,1.0e-10,13.895988464355469,36479.1112815719,36479.11128148832,2.2911447723930145e-10,1.2434497875801753e-14,NaN,34,INTERRUPTED,gap_and_residual
574,0.6985673689376242,MadNLP,1.0,0.01,17.74907112121582,36479.11128148834,36479.11128148832,3.9891090317628874e-14,1.0658141036401503e-14,NaN,35,LOCALLY_SOLVED,residual_tolerance_upper_bound
574,0.6985673689376242,ADMM,1.0,0.01,72.65591621398926,36617.67788961916,36479.11128148832,0.37985192967448805,1.4689360838815446e-12,1.5009733263244014,6,converged,gap_callback_with_solver_termination
574,0.6985673689376242,MEL-ADMM,1.0,0.01,13.09967041015625,36480.652494790214,36479.11128148832,0.004224920091934707,2.0119461652257087e-12,0.005964177150460159,16,converged,gap_residual_and_feasibility
574,0.6985673689376242,sMEL-ADMM,1.0,0.01,1.099792,36480.74207947305,36479.11128148832,0.004470498121903674,2.0039525594484076e-13,0.009948693837618094,32,converged,gap_residual_and_feasibility
575,0.45400530799378475,IPOPT,1.0,1.0e-10,12.684106826782227,36479.11128157209,36479.11128148835,2.2955327923279518e-10,1.4210854715202004e-14,NaN,33,INTERRUPTED,gap_and_residual
575,0.45400530799378475,MadNLP,1.0,0.01,17.793893814086914,36479.11128148836,36479.11128148835,1.994554515881442e-14,1.4210854715202004e-14,NaN,34,LOCALLY_SOLVED,residual_tolerance_upper_bound
575,0.45400530799378475,ADMM,1.0,0.01,70.18280029296875,36588.972055497565,36479.11128148835,0.3011607743441981,1.4636625245145751e-12,1.1342370013153085,6,converged,gap_callback_with_solver_termination
575,0.45400530799378475,MEL-ADMM,1.0,0.01,14.372587203979492,36481.10332456027,36479.11128148835,0.0054607774201034884,2.849998015364008e-12,0.009822655476101616,18,converged,gap_residual_and_feasibility
575,0.45400530799378475,sMEL-ADMM,1.0,0.01,1.204542,36480.45864953607,36479.11128148835,0.0036935330943819495,2.000621890374532e-13,0.008651842271968135,37,converged,gap_residual_and_feasibility
576,0.5076163095864122,IPOPT,1.0,1.0e-10,12.984037399291992,36479.11128157216,36479.111281488345,2.2975273468438339e-10,1.2434497875801753e-14,NaN,33,INTERRUPTED,gap_and_residual
576,0.5076163095864122,MadNLP,1.0,0.01,17.470121383666992,36479.11128148833,36479.111281488345,3.9891090317628855e-14,9.769962616701378e-15,NaN,34,LOCALLY_SOLVED,residual_tolerance_upper_bound
576,0.5076163095864122,ADMM,1.0,0.01,69.69380378723145,36588.972048341966,36479.111281488345,0.30116075472861215,3.9168668308775523e-13,1.1342369907577199,6,converged,gap_callback_with_solver_termination
576,0.5076163095864122,MEL-ADMM,1.0,0.01,14.760732650756836,36481.10332444942,36479.111281488345,0.005460777116253055,3.161915174132446e-13,0.009822655306978234,18,converged,gap_residual_and_feasibility
576,0.5076163095864122,sMEL-ADMM,1.0,0.01,1.229082,36480.66896414073,36479.111281488345,0.004270067437671918,2.0061730054976579e-13,0.00895447134098859,32,converged,gap_residual_and_feasibility
577,0.4439225293183452,IPOPT,1.0,1.0e-10,13.74506950378418,36479.111281572055,36479.11128148836,2.2943360596184227e-10,1.3322676295501878e-14,NaN,33,INTERRUPTED,gap_and_residual
577,0.4439225293183452,MadNLP,1.0,0.01,17.758846282958984,36479.11128148834,36479.11128148836,5.983663547644325e-14,1.3322676295501878e-14,NaN,34,LOCALLY_SOLVED,residual_tolerance_upper_bound
577,0.4439225293183452,ADMM,1.0,0.01,69.46849822998047,36588.972055015045,36479.11128148836,0.30116077302144934,3.2862601528904634e-13,1.1342369960146153,6,converged,gap_callback_with_solver_termination
577,0.4439225293183452,MEL-ADMM,1.0,0.01,14.462471008300781,36481.10332457197,36479.11128148836,0.0054607774521559784,3.1629698860058397e-12,0.009822655427639049,18,converged,gap_residual_and_feasibility
577,0.4439225293183452,sMEL-ADMM,1.0,0.01,1.425879,36480.33140483373,36479.11128148836,0.0033447178467480663,2.003397447936095e-13,0.008114767775468934,35,converged,gap_residual_and_feasibility
578,0.3494929415783416,IPOPT,1.0,1.0e-10,13.505935668945312,36479.111346005986,36479.11128148836,1.7686183612631977e-7,1.2434497875801753e-14,NaN,33,INTERRUPTED,gap_and_residual
578,0.3494929415783416,MadNLP,1.0,0.01,17.879962921142578,36479.111281488345,36479.11128148836,3.9891090317628836e-14,1.2434497875801753e-14,NaN,35,LOCALLY_SOLVED,residual_tolerance_upper_bound
578,0.3494929415783416,ADMM,1.0,0.01,70.42360305786133,36580.14486531527,36479.11128148836,0.27696284333050536,2.592703829407128e-12,1.1775554635225278,6,converged,gap_callback_with_solver_termination
578,0.3494929415783416,MEL-ADMM,1.0,0.01,15.36870002746582,36480.90017327129,36479.11128148836,0.0049038798372289145,4.39870362356487e-13,0.0010450708484306404,19,converged,gap_residual_and_feasibility
578,0.3494929415783416,sMEL-ADMM,1.0,0.01,1.2877889999999999,36479.58083774707,36479.11128148836,0.0012871921552153566,1.9939605522267811e-13,0.007243929118688541,35,converged,gap_residual_and_feasibility
579,0.39644983445551935,IPOPT,1.0,1.0e-10,13.773918151855469,36479.11128157193,36479.11128148833,2.2917431387477785e-10,1.1546319456101628e-14,NaN,33,INTERRUPTED,gap_and_residual
579,0.39644983445551935,MadNLP,1.0,0.01,18.065929412841797,36479.111281488345,36479.11128148833,3.989109031762887e-14,1.4210854715202004e-14,NaN,34,LOCALLY_SOLVED,residual_tolerance_upper_bound
579,0.39644983445551935,ADMM,1.0,0.01,69.62394714355469,36588.97205764633,36479.11128148833,0.30116078023465626,2.8108626537459713e-12,1.1342370014405212,6,converged,gap_callback_with_solver_termination
579,0.39644983445551935,MEL-ADMM,1.0,0.01,14.317512512207031,36481.10332455179,36479.11128148833,0.005460777396926768,2.8275159991153487e-12,0.00982265571733354,18,converged,gap_residual_and_feasibility
579,0.39644983445551935,sMEL-ADMM,1.0,0.01,1.293542,36479.86969862662,36479.11128148833,0.002079044997667672,2.000621890374532e-13,0.007365020173981662,34,converged,gap_residual_and_feasibility
580,0.27618358474010446,IPOPT,1.0,1.0e-10,13.196945190429688,36479.11128157151,36479.11128148835,2.2795763562009004e-10,1.1546319456101628e-14,NaN,34,INTERRUPTED,gap_and_residual
580,0.27618358474010446,MadNLP,1.0,0.01,17.567157745361328,36479.11128148833,36479.11128148835,5.983663547644327e-14,1.3322676295501878e-14,NaN,35,LOCALLY_SOLVED,residual_tolerance_upper_bound
580,0.27618358474010446,ADMM,1.0,0.01,72.82257080078125,36582.40417464105,36479.11128148835,0.2831562763567527,1.1569079028106444e-12,1.2889132129057081,6,converged,gap_callback_with_solver_termination
580,0.27618358474010446,MEL-ADMM,1.0,0.01,12.691259384155273,36480.69753645526,36479.11128148835,0.004348392576427397,1.868172283536751e-12,0.004886832749676273,16,converged,gap_residual_and_feasibility
580,0.27618358474010446,sMEL-ADMM,1.0,0.01,1.541878,36479.50744400726,36479.11128148835,0.00108599827404528,2.0011770018868447e-13,0.007801238646710118,39,converged,gap_residual_and_feasibility
581,0.310671759432836,IPOPT,1.0,1.0e-10,13.23080062866211,36479.111281571706,36479.111281488345,2.2851611088453687e-10,1.3322676295501878e-14,NaN,34,INTERRUPTED,gap_and_residual
581,0.310671759432836,MadNLP,1.0,0.01,18.074989318847656,36479.11128148833,36479.111281488345,3.9891090317628855e-14,1.0658141036401503e-14,NaN,35,LOCALLY_SOLVED,residual_tolerance_upper_bound
581,0.310671759432836,ADMM,1.0,0.01,73.68993759155273,36550.940049218596,36479.111281488345,0.19690383128028863,3.6504133049675147e-13,1.1133094696824797,6,converged,gap_callback_with_solver_termination
581,0.310671759432836,MEL-ADMM,1.0,0.01,12.539386749267578,36480.71917506886,36479.111281488345,0.004407710396520952,1.1811107647474728e-12,0.008470424817723199,16,converged,gap_residual_and_feasibility
581,0.310671759432836,sMEL-ADMM,1.0,0.01,1.12604,36479.440627251075,36479.111281488345,0.0009028338442465682,1.9978463328129692e-13,0.0058665566268150116,39,converged,gap_residual_and_feasibility
582,0.3501341241067844,IPOPT,1.0,1.0e-10,13.401031494140625,36479.11134600618,36479.111281488345,1.7686241454712945e-7,1.0658141036401503e-14,NaN,33,INTERRUPTED,gap_and_residual
582,0.3501341241067844,MadNLP,1.0,0.01,18.29814910888672,36479.11128148834,36479.111281488345,1.9945545158814427e-14,8.881784197001252e-15,NaN,35,LOCALLY_SOLVED,residual_tolerance_upper_bound
582,0.3501341241067844,ADMM,1.0,0.01,69.9920654296875,36580.708020862316,36479.111281488345,0.27850661873313337,1.5195067426532205e-12,1.1786063543250842,6,converged,gap_callback_with_solver_termination
582,0.3501341241067844,MEL-ADMM,1.0,0.01,15.349626541137695,36480.903396560614,36479.111281488345,0.0049127158236940615,6.250333584034706e-12,0.001066966207098119,19,converged,gap_residual_and_feasibility
582,0.3501341241067844,sMEL-ADMM,1.0,0.01,1.467,36479.58413646705,36479.111281488345,0.0012962349193611194,1.9989565558375944e-13,0.00740785438428837,35,converged,gap_residual_and_feasibility
583,0.6749010692575479,IPOPT,1.0,1.0e-10,13.672113418579102,36479.111346016005,36479.11128148831,1.7688944076081981e-7,1.2434497875801753e-14,NaN,33,INTERRUPTED,gap_and_residual
583,0.6749010692575479,MadNLP,1.0,0.01,18.360137939453125,36479.11128148833,36479.11128148831,5.983663547644334e-14,1.2434497875801753e-14,NaN,35,LOCALLY_SOLVED,residual_tolerance_upper_bound
583,0.6749010692575479,ADMM,1.0,0.01,73.3346939086914,36567.39087279781,36479.11128148831,0.24200038928662626,7.959188863537747e-13,1.1228574378200005,6,converged,gap_callback_with_solver_termination
583,0.6749010692575479,MEL-ADMM,1.0,0.01,13.117551803588867,36480.66569998028,36479.11128148831,0.0042611194115347575,2.6114665985232932e-12,0.006360164221387521,16,converged,gap_residual_and_feasibility
583,0.6749010692575479,sMEL-ADMM,1.0,0.01,1.261547,36480.72747529621,36479.11128148831,0.004430463767143136,2.0083934515469082e-13,0.00980615654145467,32,converged,gap_residual_and_feasibility
584,0.42332260774334574,IPOPT,1.0,1.0e-10,12.491941452026367,36479.11128157203,36479.111281488345,2.2941366041668353e-10,1.4210854715202004e-14,NaN,33,INTERRUPTED,gap_and_residual
584,0.42332260774334574,MadNLP,1.0,0.01,16.952037811279297,36479.11128148832,36479.111281488345,5.983663547644328e-14,1.3322676295501878e-14,NaN,34,LOCALLY_SOLVED,residual_tolerance_upper_bound
584,0.42332260774334574,ADMM,1.0,0.01,67.1377182006836,36588.972056680206,36479.111281488345,0.3011607775861869,3.455014052633487e-13,1.1342370034905347,6,converged,gap_callback_with_solver_termination
584,0.42332260774334574,MEL-ADMM,1.0,0.01,14.551639556884766,36481.103324604475,36479.111281488345,0.005460777541312568,3.982758567389055e-12,0.00982265539204441,18,converged,gap_residual_and_feasibility
584,0.42332260774334574,sMEL-ADMM,1.0,0.01,1.332084,36480.16995125356,36479.111281488345,0.0029021259784778796,2.0067281170099704e-13,0.00685387094706158,36,converged,gap_residual_and_feasibility
585,0.692551890677884,IPOPT,1.0,1.0e-10,13.895034790039062,36479.11128157193,36479.11128148837,2.2907458614898354e-10,1.2434497875801753e-14,NaN,34,INTERRUPTED,gap_and_residual
585,0.692551890677884,MadNLP,1.0,0.01,17.922163009643555,36479.11128148833,36479.11128148837,9.972772579407208e-14,1.2434497875801753e-14,NaN,35,LOCALLY_SOLVED,residual_tolerance_upper_bound
585,0.692551890677884,ADMM,1.0,0.01,74.35250282287598,36600.32051146113,36479.11128148837,0.3322702382672021,9.058309657916652e-13,1.363232935354998,6,converged,gap_callback_with_solver_termination
585,0.692551890677884,MEL-ADMM,1.0,0.01,13.265371322631836,36480.65604011687,36479.11128148837,0.004234638877523201,3.792632874421997e-12,0.004936264525820633,16,converged,gap_residual_and_feasibility
585,0.692551890677884,sMEL-ADMM,1.0,0.01,1.4200840000000001,36480.73837818857,36479.11128148837,0.0044603518096979185,2.0050627824730327e-13,0.00991061300867635,32,converged,gap_residual_and_feasibility
586,0.6833614582068033,IPOPT,1.0,1.0e-10,13.576984405517578,36479.11134604524,36479.111281488345,1.7696948223354197e-7,1.509903313490213e-14,NaN,34,INTERRUPTED,gap_and_residual
586,0.6833614582068033,MadNLP,1.0,0.01,19.071102142333984,36479.111281488345,36479.111281488345,0.0,1.509903313490213e-14,NaN,35,LOCALLY_SOLVED,residual_tolerance_upper_bound
586,0.6833614582068033,ADMM,1.0,0.01,73.97317886352539,36580.06501318444,36479.111281488345,0.2767439450952912,6.359135440447972e-12,1.1705100778651003,6,converged,gap_callback_with_solver_termination
586,0.6833614582068033,MEL-ADMM,1.0,0.01,13.65351676940918,36480.660165824804,36479.111281488345,0.004245948659512113,1.240785252321075e-12,0.005058700053900189,16,converged,gap_residual_and_feasibility
586,0.6833614582068033,sMEL-ADMM,1.0,0.01,1.2432940000000001,36480.73270468801,36479.111281488345,0.0044447990718636315,2.013944566670034e-13,0.00985468941708234,32,converged,gap_residual_and_feasibility
587,0.40055554158812784,IPOPT,1.0,1.0e-10,12.978076934814453,36479.111281571946,36479.11128148836,2.2913442278446004e-10,1.3322676295501878e-14,NaN,33,INTERRUPTED,gap_and_residual
587,0.40055554158812784,MadNLP,1.0,0.01,16.971111297607422,36479.11128148836,36479.11128148836,0.0,1.509903313490213e-14,NaN,34,LOCALLY_SOLVED,residual_tolerance_upper_bound
587,0.40055554158812784,ADMM,1.0,0.01,68.28761100769043,36588.97205677657,36479.11128148836,0.3011607778503057,6.316058787092516e-13,1.134236993125823,6,converged,gap_callback_with_solver_termination
587,0.40055554158812784,MEL-ADMM,1.0,0.01,14.384031295776367,36481.10332449618,36479.11128148836,0.00546077724440318,1.3953282973488967e-12,0.009822655604859953,18,converged,gap_residual_and_feasibility
587,0.40055554158812784,sMEL-ADMM,1.0,0.01,1.34946,36479.917666989095,36479.11128148836,0.0022105404227435554,1.9945156637390937e-13,0.0028645835679217413,35,converged,gap_residual_and_feasibility
588,0.4689709467156518,IPOPT,1.0,1.0e-10,12.67385482788086,36479.11128157212,36479.11128148835,2.2963306141343044e-10,1.3322676295501878e-14,NaN,33,INTERRUPTED,gap_and_residual
588,0.4689709467156518,MadNLP,1.0,0.01,17.32182502746582,36479.11128148835,36479.11128148835,0.0,1.2434497875801753e-14,NaN,34,LOCALLY_SOLVED,residual_tolerance_upper_bound
588,0.4689709467156518,ADMM,1.0,0.01,66.8935775756836,36588.97204815144,36479.11128148835,0.30116075420629806,1.6328050023162177e-12,1.1342369872356395,6,converged,gap_callback_with_solver_termination
588,0.4689709467156518,MEL-ADMM,1.0,0.01,14.749765396118164,36481.10332456644,36479.11128148835,0.005460777437017311,3.0548341634073495e-12,0.00982265545253469,18,converged,gap_residual_and_feasibility
588,0.4689709467156518,sMEL-ADMM,1.0,0.01,1.1535,36480.59557088291,36479.11128148835,0.004068874877754588,2.000621890374532e-13,0.009571089911379005,32,converged,gap_residual_and_feasibility
589,0.7134718839901959,IPOPT,1.0,1.0e-10,13.85188102722168,36479.11128157185,36479.111281488345,2.2891502178771317e-10,1.3322676295501878e-14,NaN,34,INTERRUPTED,gap_and_residual
589,0.7134718839901959,MadNLP,1.0,0.01,18.635988235473633,36479.11128148832,36479.111281488345,5.983663547644328e-14,1.3322676295501878e-14,NaN,35,LOCALLY_SOLVED,residual_tolerance_upper_bound
589,0.7134718839901959,ADMM,1.0,0.01,75.25420188903809,36679.33898645862,36479.111281488345,0.5488831770742248,8.43813907636104e-12,1.8481877562172744,6,converged,gap_callback_with_solver_termination
589,0.7134718839901959,MEL-ADMM,1.0,0.01,13.146638870239258,36480.64906511255,36479.111281488345,0.00421551833414464,4.616085291786476e-12,0.008921948615646436,16,converged,gap_residual_and_feasibility
589,0.7134718839901959,sMEL-ADMM,1.0,0.01,1.398376,36480.762243207966,36479.111281488345,0.00452577286458861,2.007283228522283e-13,0.0058152342952642044,33,converged,gap_residual_and_feasibility
590,0.7376643039510541,IPOPT,1.0,1.0e-10,12.897014617919922,36479.111281571815,36479.111281488345,2.288152940619191e-10,1.3322676295501878e-14,NaN,34,INTERRUPTED,gap_and_residual
590,0.7376643039510541,MadNLP,1.0,0.01,17.58408546447754,36479.11128148832,36479.111281488345,5.983663547644328e-14,1.0658141036401503e-14,NaN,35,LOCALLY_SOLVED,residual_tolerance_upper_bound
590,0.7376643039510541,ADMM,1.0,0.01,86.65037155151367,36540.86721031956,36479.111281488345,0.16929120985069052,5.681011217006926e-13,0.8692858349260888,7,converged,gap_callback_with_solver_termination
590,0.7376643039510541,MEL-ADMM,1.0,0.01,15.883684158325195,36480.5272263459,36479.111281488345,0.0038815223502182278,5.737632591262809e-13,0.006050589055199396,19,converged,gap_residual_and_feasibility
590,0.7376643039510541,sMEL-ADMM,1.0,0.01,1.1907459999999999,36480.77835024386,36479.111281488345,0.004569926999186663,2.013944566670034e-13,0.005924263564191179,33,converged,gap_residual_and_feasibility
591,0.2677062891782063,IPOPT,1.0,1.0e-10,13.968944549560547,36479.11128157145,36479.11128148835,2.2779807125881952e-10,9.769962616701378e-15,NaN,34,INTERRUPTED,gap_and_residual
591,0.2677062891782063,MadNLP,1.0,0.01,17.953157424926758,36479.111281488345,36479.11128148835,1.994554515881442e-14,1.509903313490213e-14,NaN,35,LOCALLY_SOLVED,residual_tolerance_upper_bound
591,0.2677062891782063,ADMM,1.0,0.01,74.97215270996094,36602.75918637232,36479.11128148835,0.3389553652495764,4.771572026385229e-12,1.4636167956777757,6,converged,gap_callback_with_solver_termination
591,0.2677062891782063,MEL-ADMM,1.0,0.01,12.840747833251953,36480.691331399845,36479.11128148835,0.004331382689944826,8.287259767314481e-13,0.0059703723976518575,16,converged,gap_residual_and_feasibility
591,0.2677062891782063,sMEL-ADMM,1.0,0.01,1.237627,36479.61442541007,36479.11128148835,0.001379265842957538,1.999511667349907e-13,0.00816977672417174,39,converged,gap_residual_and_feasibility
592,0.5577149394119394,IPOPT,1.0,1.0e-10,14.232158660888672,36479.11128157212,36479.11128148832,2.2971284359406588e-10,1.3322676295501878e-14,NaN,33,INTERRUPTED,gap_and_residual
592,0.5577149394119394,MadNLP,1.0,0.01,17.493009567260742,36479.11128148832,36479.11128148832,0.0,1.509903313490213e-14,NaN,34,LOCALLY_SOLVED,residual_tolerance_upper_bound
592,0.5577149394119394,ADMM,1.0,0.01,69.79894638061523,36588.97205168867,36479.11128148832,0.3011607639029647,6.52145004664817e-13,1.134236989923333,6,converged,gap_callback_with_solver_termination
592,0.5577149394119394,MEL-ADMM,1.0,0.01,14.517545700073242,36481.10332472279,36479.11128148832,0.005460777865706918,7.1525008138451085e-12,0.00982265534742055,18,converged,gap_residual_and_feasibility
592,0.5577149394119394,sMEL-ADMM,1.0,0.01,1.380625,36480.68267016008,36479.11128148832,0.004307639678037163,2.0050627824730327e-13,0.009217903021729867,32,converged,gap_residual_and_feasibility
593,0.3823990519779501,IPOPT,1.0,1.0e-10,12.462139129638672,36479.111281562735,36479.11128148833,2.039631447940364e-10,9.769962616701378e-15,NaN,32,INTERRUPTED,gap_and_residual
593,0.3823990519779501,MadNLP,1.0,0.01,16.480207443237305,36479.11128148837,36479.11128148833,9.972772579407217e-14,1.509903313490213e-14,NaN,33,LOCALLY_SOLVED,residual_tolerance_upper_bound
593,0.3823990519779501,ADMM,1.0,0.01,67.32177734375,36594.090310038635,36479.11128148833,0.3151914191743242,1.0244582959728632e-12,1.0812727876763235,6,converged,gap_callback_with_solver_termination
593,0.3823990519779501,MEL-ADMM,1.0,0.01,14.393091201782227,36481.04194467826,36479.11128148833,0.00529251706554188,3.729683228925751e-12,0.009901957432325581,18,converged,gap_residual_and_feasibility
593,0.3823990519779501,sMEL-ADMM,1.0,0.01,1.2116710000000002,36479.73698638489,36479.11128148833,0.001715241612461627,2.003397447936095e-13,0.00817746952365539,33,converged,gap_residual_and_feasibility
594,0.5925733850091778,IPOPT,1.0,1.0e-10,12.58993148803711,36479.111281572004,36479.111281488345,2.2933387823604827e-10,1.4210854715202004e-14,NaN,33,INTERRUPTED,gap_and_residual
594,0.5925733850091778,MadNLP,1.0,0.01,17.628908157348633,36479.111281488345,36479.111281488345,0.0,1.687538997430238e-14,NaN,34,LOCALLY_SOLVED,residual_tolerance_upper_bound
594,0.5925733850091778,ADMM,1.0,0.01,69.45538520812988,36596.678559241074,36479.111281488345,0.3222865733913573,1.2921885783612197e-12,1.0692882673178907,6,converged,gap_callback_with_solver_termination
594,0.5925733850091778,MEL-ADMM,1.0,0.01,14.53089714050293,36480.99795071808,36479.111281488345,0.005171916648899552,2.9342084317818262e-12,0.009907414688432148,18,converged,gap_residual_and_feasibility
594,0.5925733850091778,sMEL-ADMM,1.0,0.01,1.062836,36480.69331035589,36479.111281488345,0.004336807591989506,1.9961809982760315e-13,0.00938663431612241,32,converged,gap_residual_and_feasibility
595,0.38685950352560805,IPOPT,1.0,1.0e-10,12.516021728515625,36479.11128157187,36479.11128148835,2.2895491287803075e-10,1.509903313490213e-14,NaN,33,INTERRUPTED,gap_and_residual
595,0.38685950352560805,MadNLP,1.0,0.01,17.055034637451172,36479.111281488345,36479.11128148835,1.994554515881442e-14,1.1546319456101628e-14,NaN,34,LOCALLY_SOLVED,residual_tolerance_upper_bound
595,0.38685950352560805,ADMM,1.0,0.01,68.14813613891602,36591.589713841,36479.11128148835,0.30833654768811636,1.0642042802544438e-12,1.102255107656859,6,converged,gap_callback_with_solver_termination
595,0.38685950352560805,MEL-ADMM,1.0,0.01,14.542102813720703,36481.07165540164,36479.11128148835,0.005373962918559351,4.388156504830931e-13,0.009899232328180574,18,converged,gap_residual_and_feasibility
595,0.38685950352560805,sMEL-ADMM,1.0,0.01,1.2749599999999999,36479.78664655859,36479.11128148835,0.0018513747909761264,2.0017321133991572e-13,0.0048888796607577945,34,converged,gap_residual_and_feasibility
596,0.4243576608565429,IPOPT,1.0,1.0e-10,12.695074081420898,36479.111281572026,36479.11128148836,2.29353823781207e-10,1.1546319456101628e-14,NaN,33,INTERRUPTED,gap_and_residual
596,0.4243576608565429,MadNLP,1.0,0.01,18.400907516479492,36479.111281488345,36479.11128148836,3.9891090317628836e-14,1.3322676295501878e-14,NaN,34,LOCALLY_SOLVED,residual_tolerance_upper_bound
596,0.4243576608565429,ADMM,1.0,0.01,68.58396530151367,36588.97205591377,36479.11128148836,0.3011607754851231,5.63660229602192e-13,1.1342369983999179,6,converged,gap_callback_with_solver_termination
596,0.4243576608565429,MEL-ADMM,1.0,0.01,14.438390731811523,36481.103324655625,36479.11128148836,0.005460777681489857,5.354217069708511e-12,0.009822655246122913,18,converged,gap_residual_and_feasibility
596,0.4243576608565429,sMEL-ADMM,1.0,0.01,1.269458,36480.182432020214,36479.11128148836,0.002936339439819735,2.0089485630592208e-13,0.007250162816459849,36,converged,gap_residual_and_feasibility
597,0.6350907997048585,IPOPT,1.0,1.0e-10,13.010978698730469,36479.111281488375,36479.111281488375,0.0,1.1546319456101628e-14,NaN,34,INTERRUPTED,gap_and_residual
597,0.6350907997048585,MadNLP,1.0,0.01,18.2340145111084,36479.11128148835,36479.111281488375,5.983663547644323e-14,1.3322676295501878e-14,NaN,35,LOCALLY_SOLVED,residual_tolerance_upper_bound
597,0.6350907997048585,ADMM,1.0,0.01,70.7862377166748,36570.43134734022,36479.111281488375,0.2503352265004008,3.4228175849193576e-13,1.1642776196627898,6,converged,gap_callback_with_solver_termination
597,0.6350907997048585,MEL-ADMM,1.0,0.01,15.227317810058594,36480.81879481141,36479.111281488375,0.004680797483951813,1.3328227410625004e-12,0.0007072271359405136,19,converged,gap_residual_and_feasibility
597,0.6350907997048585,sMEL-ADMM,1.0,0.01,1.045213,36480.70658881062,36479.111281488375,0.004373207751521265,2.000621890374532e-13,0.009595543808501361,32,converged,gap_residual_and_feasibility
598,0.3592450773570985,IPOPT,1.0,1.0e-10,14.017105102539062,36479.11128157011,36479.11128148833,2.2418792758507423e-10,1.1546319456101628e-14,NaN,33,INTERRUPTED,gap_and_residual
598,0.3592450773570985,MadNLP,1.0,0.01,18.568038940429688,36479.11128148835,36479.11128148833,5.98366354764433e-14,1.3322676295501878e-14,NaN,34,LOCALLY_SOLVED,residual_tolerance_upper_bound
598,0.3592450773570985,ADMM,1.0,0.01,70.39117813110352,36588.087499706744,36479.11128148833,0.2987359461076403,2.4479307469960077e-12,1.1608646373224092,6,converged,gap_callback_with_solver_termination
598,0.3592450773570985,MEL-ADMM,1.0,0.01,15.358924865722656,36480.951730777924,36479.11128148833,0.0050452141648728525,3.5825231670116864e-12,0.0012879198803688041,19,converged,gap_residual_and_feasibility
598,0.3592450773570985,sMEL-ADMM,1.0,0.01,1.329585,36479.63331030346,36479.11128148833,0.0014310349040688526,2.0050627824730327e-13,0.009470129001428518,35,converged,gap_residual_and_feasibility
599,0.5369020894738021,IPOPT,1.0,1.0e-10,12.756109237670898,36479.111281572135,36479.111281488345,2.2969289804890694e-10,1.2434497875801753e-14,NaN,33,INTERRUPTED,gap_and_residual
599,0.5369020894738021,MadNLP,1.0,0.01,18.8751220703125,36479.11128148834,36479.111281488345,1.9945545158814427e-14,1.3322676295501878e-14,NaN,34,LOCALLY_SOLVED,residual_tolerance_upper_bound
599,0.5369020894738021,ADMM,1.0,0.01,69.00954246520996,36588.97204893168,36479.111281488345,0.30116075634519857,4.606315329169774e-13,1.1342369910893364,6,converged,gap_callback_with_solver_termination
599,0.5369020894738021,MEL-ADMM,1.0,0.01,14.846086502075195,36481.10332449699,36479.111281488345,0.005460777246657029,1.2878587085651816e-12,0.009822655209591247,18,converged,gap_residual_and_feasibility
599,0.5369020894738021,sMEL-ADMM,1.0,0.01,1.0168359999999999,36480.676608110996,36479.111281488345,0.004291021814024399,2.0083934515469082e-13,0.009112663350299144,32,converged,gap_residual_and_feasibility
600,0.6039130162466684,IPOPT,1.0,1.0e-10,13.153076171875,36479.111281571924,36479.111281488345,2.2911447723930133e-10,1.687538997430238e-14,NaN,33,INTERRUPTED,gap_and_residual
600,0.6039130162466684,MadNLP,1.0,0.01,17.438888549804688,36479.11128148836,36479.111281488345,3.9891090317628855e-14,1.1546319456101628e-14,NaN,34,LOCALLY_SOLVED,residual_tolerance_upper_bound
600,0.6039130162466684,ADMM,1.0,0.01,70.77455520629883,36597.06318001706,36479.111281488345,0.32334093234494404,1.2079226507921703e-12,1.1560974862121718,6,converged,gap_callback_with_solver_termination
600,0.6039130162466684,MEL-ADMM,1.0,0.01,14.501810073852539,36480.91399643726,36479.111281488345,0.004941773210983607,6.2736482675518346e-12,0.009988220197458375,18,converged,gap_residual_and_feasibility
600,0.6039130162466684,sMEL-ADMM,1.0,0.01,1.09104,36480.76785138873,36479.111281488345,0.004541146541650256,2.0017321133991572e-13,0.009832186053909453,29,converged,gap_residual_and_feasibility
601,0.5753525017828202,IPOPT,1.0,1.0e-10,13.030052185058594,36479.111281572084,36479.11128148833,2.2959317032311294e-10,1.4210854715202004e-14,NaN,33,INTERRUPTED,gap_and_residual
601,0.5753525017828202,MadNLP,1.0,0.01,17.688989639282227,36479.111281488345,36479.11128148833,3.989109031762887e-14,1.0658141036401503e-14,NaN,34,LOCALLY_SOLVED,residual_tolerance_upper_bound
601,0.5753525017828202,ADMM,1.0,0.01,69.14615631103516,36588.97205322539,36479.11128148833,0.3011607681155635,2.4944490917278017e-12,1.1342369955088625,6,converged,gap_callback_with_solver_termination
601,0.5753525017828202,MEL-ADMM,1.0,0.01,14.439582824707031,36481.10332470287,36479.11128148833,0.005460777811076068,6.6626704153804894e-12,0.009822655418436632,18,converged,gap_residual_and_feasibility
601,0.5753525017828202,sMEL-ADMM,1.0,0.01,1.4049589999999998,36480.688002835486,36479.11128148833,0.004322258113660573,2.0050627824730327e-13,0.009303927647609456,32,converged,gap_residual_and_feasibility
602,0.4456374869852013,IPOPT,1.0,1.0e-10,14.169931411743164,36479.111281572084,36479.111281488345,2.2955327923279523e-10,9.769962616701378e-15,NaN,33,INTERRUPTED,gap_and_residual
602,0.4456374869852013,MadNLP,1.0,0.01,17.576932907104492,36479.11128148836,36479.111281488345,3.9891090317628855e-14,1.2434497875801753e-14,NaN,34,LOCALLY_SOLVED,residual_tolerance_upper_bound
602,0.4456374869852013,ADMM,1.0,0.01,71.02465629577637,36588.972055180304,36479.111281488345,0.30116077347451253,4.0478731477833207e-13,1.1342369956185205,6,converged,gap_callback_with_solver_termination
602,0.4456374869852013,MEL-ADMM,1.0,0.01,15.194416046142578,36481.103324586475,36479.111281488345,0.005460777491967289,3.55487861369852e-12,0.009822655298703076,18,converged,gap_residual_and_feasibility
602,0.4456374869852013,sMEL-ADMM,1.0,0.01,1.44679,36480.34643819404,36479.111281488345,0.0033859287200463744,2.0039525594484076e-13,0.009866306211435472,35,converged,gap_residual_and_feasibility
603,0.5964234970003599,IPOPT,1.0,1.0e-10,13.700008392333984,36479.111281572,36479.11128148834,2.2933387823604832e-10,1.0658141036401503e-14,NaN,33,INTERRUPTED,gap_and_residual
603,0.5964234970003599,MadNLP,1.0,0.01,17.37213134765625,36479.11128148836,36479.11128148834,5.983663547644329e-14,1.0658141036401503e-14,NaN,34,LOCALLY_SOLVED,residual_tolerance_upper_bound
603,0.5964234970003599,ADMM,1.0,0.01,70.22428512573242,36598.37491311528,36479.11128148834,0.3269367795356989,2.755240480212251e-12,1.1237656943641294,6,converged,gap_callback_with_solver_termination
603,0.5964234970003599,MEL-ADMM,1.0,0.01,14.791488647460938,36480.969113362946,36479.11128148834,0.005092864955705291,2.086331107875594e-12,0.009922065364035504,18,converged,gap_residual_and_feasibility
603,0.5964234970003599,sMEL-ADMM,1.0,0.01,1.12292,36480.7638334604,36479.11128148834,0.004530132215415251,1.9961809982760315e-13,0.009955211753482018,29,converged,gap_residual_and_feasibility
604,0.6835136310796825,IPOPT,1.0,1.0e-10,13.988018035888672,36479.11134604523,36479.11128148833,1.769695021790872e-7,1.3322676295501878e-14,NaN,34,INTERRUPTED,gap_and_residual
604,0.6835136310796825,MadNLP,1.0,0.01,18.00704002380371,36479.11128148836,36479.11128148833,7.978218063525773e-14,1.509903313490213e-14,NaN,35,LOCALLY_SOLVED,residual_tolerance_upper_bound
604,0.6835136310796825,ADMM,1.0,0.01,73.93884658813477,36580.345041979,36479.11128148833,0.27751158658857894,2.2462032234216167e-12,1.1737136517607993,6,converged,gap_callback_with_solver_termination
604,0.6835136310796825,MEL-ADMM,1.0,0.01,13.309001922607422,36480.660118415406,36479.11128148833,0.0042458186964141964,2.2825075163268593e-12,0.005033388914863046,16,converged,gap_residual_and_feasibility
604,0.6835136310796825,sMEL-ADMM,1.0,0.01,1.364334,36480.732798588375,36479.11128148833,0.004445056480492869,2.0028423364237824e-13,0.009855607422693424,32,converged,gap_residual_and_feasibility
605,0.48109021086811604,IPOPT,1.0,1.0e-10,14.391899108886719,36479.11128157213,36479.11128148836,2.296330614134304e-10,1.0658141036401503e-14,NaN,33,INTERRUPTED,gap_and_residual
605,0.48109021086811604,MadNLP,1.0,0.01,18.208026885986328,36479.11128148834,36479.11128148836,5.983663547644325e-14,1.2434497875801753e-14,NaN,34,LOCALLY_SOLVED,residual_tolerance_upper_bound
605,0.48109021086811604,ADMM,1.0,0.01,70.21737098693848,36588.97204739588,36479.11128148836,0.3011607521350728,2.459643599905803e-12,1.1342369870849547,6,converged,gap_callback_with_solver_termination
605,0.48109021086811604,MEL-ADMM,1.0,0.01,14.92452621459961,36481.10332449184,36479.11128148836,0.005460777232515635,1.0945688799779418e-12,0.009822655333279862,18,converged,gap_residual_and_feasibility
605,0.48109021086811604,sMEL-ADMM,1.0,0.01,1.267998,36480.66306787118,36479.11128148836,0.004253904024269177,2.0022872249114698e-13,0.00880717339882331,32,converged,gap_residual_and_feasibility
606,0.7411247274441792,IPOPT,1.0,1.0e-10,13.051033020019531,36479.11128157198,36479.111281488345,2.2927404160057182e-10,1.4210854715202004e-14,NaN,34,INTERRUPTED,gap_and_residual
606,0.7411247274441792,MadNLP,1.0,0.01,17.650842666625977,36479.11128148833,36479.111281488345,3.9891090317628855e-14,1.4210854715202004e-14,NaN,35,LOCALLY_SOLVED,residual_tolerance_upper_bound
606,0.7411247274441792,ADMM,1.0,0.01,86.40623092651367,36536.76258935956,36479.111281488345,0.15803923353930954,1.13420384195706e-12,0.8455061480376997,7,converged,gap_callback_with_solver_termination
606,0.7411247274441792,MEL-ADMM,1.0,0.01,15.026330947875977,36480.52241143617,36479.111281488345,0.0038683232629644973,4.9075188357505795e-12,0.006234621462977152,19,converged,gap_residual_and_feasibility
606,0.7411247274441792,sMEL-ADMM,1.0,0.01,1.2405000000000002,36480.78065202413,36479.111281488345,0.004576236857585078,1.9984014443252818e-13,0.0059397113559160886,33,converged,gap_residual_and_feasibility
607,0.525686618178862,IPOPT,1.0,1.0e-10,14.12200927734375,36479.11128157213,36479.11128148834,2.2969289804890697e-10,1.5987211554602254e-14,NaN,33,INTERRUPTED,gap_and_residual
607,0.525686618178862,MadNLP,1.0,0.01,17.797231674194336,36479.111281488345,36479.11128148834,1.994554515881443e-14,1.3322676295501878e-14,NaN,34,LOCALLY_SOLVED,residual_tolerance_upper_bound
607,0.525686618178862,ADMM,1.0,0.01,69.83232498168945,36588.97204722631,36479.11128148834,0.30116075167028195,1.1497469643018121e-12,1.1342369825615455,6,converged,gap_callback_with_solver_termination
607,0.525686618178862,MEL-ADMM,1.0,0.01,15.3961181640625,36481.103324568605,36479.11128148834,0.005460777443000977,3.0982993948214244e-12,0.009822655419051252,18,converged,gap_residual_and_feasibility
607,0.525686618178862,sMEL-ADMM,1.0,0.01,1.3761240000000001,36480.67365581804,36479.11128148834,0.004282928708563645,2.007283228522283e-13,0.009053565870747349,32,converged,gap_residual_and_feasibility
608,0.39886016403805763,IPOPT,1.0,1.0e-10,14.129877090454102,36479.11128157193,36479.111281488375,2.290546406038247e-10,1.4210854715202004e-14,NaN,33,INTERRUPTED,gap_and_residual
608,0.39886016403805763,MadNLP,1.0,0.01,17.91095733642578,36479.11128148834,36479.111281488375,9.972772579407205e-14,1.4210854715202004e-14,NaN,34,LOCALLY_SOLVED,residual_tolerance_upper_bound
608,0.39886016403805763,ADMM,1.0,0.01,71.27046585083008,36588.97205807867,36479.111281488375,0.30116078141970054,1.8112733535247116e-12,1.1342370023830997,6,converged,gap_callback_with_solver_termination
608,0.39886016403805763,MEL-ADMM,1.0,0.01,15.274286270141602,36481.10332440178,36479.111281488375,0.005460776985589784,1.09007247672821e-12,0.009822655686997805,18,converged,gap_residual_and_feasibility
608,0.39886016403805763,sMEL-ADMM,1.0,0.01,1.541293,36479.8945314252,36479.111281488375,0.0021471190204700357,2.0045076709607201e-13,0.008963335919968785,34,converged,gap_residual_and_feasibility
609,0.5210699546430333,IPOPT,1.0,1.0e-10,14.369964599609375,36479.11128157217,36479.11128148832,2.298524624101776e-10,1.4210854715202004e-14,NaN,33,INTERRUPTED,gap_and_residual
609,0.5210699546430333,MadNLP,1.0,0.01,17.489910125732422,36479.11128148834,36479.11128148832,3.9891090317628874e-14,1.2434497875801753e-14,NaN,34,LOCALLY_SOLVED,residual_tolerance_upper_bound
609,0.5210699546430333,ADMM,1.0,0.01,71.58231735229492,36588.9720480574,36479.11128148832,0.30116075394860187,1.2555512185485895e-12,1.1342369900702582,6,converged,gap_callback_with_solver_termination
609,0.5210699546430333,MEL-ADMM,1.0,0.01,15.206336975097656,36481.103324649084,36479.11128148832,0.005460777663658545,5.210831766078172e-12,0.009822655402923708,18,converged,gap_residual_and_feasibility
609,0.5210699546430333,sMEL-ADMM,1.0,0.01,1.258998,36480.67245276227,36479.11128148832,0.004279630778013243,1.999511667349907e-13,0.00902882511645231,32,converged,gap_residual_and_feasibility
610,0.36493350975439554,IPOPT,1.0,1.0e-10,13.765096664428711,36479.111281571444,36479.111281488345,2.2779807125881958e-10,1.4210854715202004e-14,NaN,33,INTERRUPTED,gap_and_residual
610,0.36493350975439554,MadNLP,1.0,0.01,17.755985260009766,36479.11128148834,36479.111281488345,1.9945545158814427e-14,1.2434497875801753e-14,NaN,34,LOCALLY_SOLVED,residual_tolerance_upper_bound
610,0.36493350975439554,ADMM,1.0,0.01,71.86365127563477,36595.13787910078,36479.111281488345,0.31806311485256583,3.6060043839825084e-13,1.1597076402143882,6,converged,gap_callback_with_solver_termination
610,0.36493350975439554,MEL-ADMM,1.0,0.01,15.595436096191406,36480.98776705359,36479.111281488345,0.005144000221848176,3.503031198448525e-12,0.0014538770775622822,19,converged,gap_residual_and_feasibility
610,0.36493350975439554,sMEL-ADMM,1.0,0.01,1.361999,36479.66361032439,36479.111281488345,0.0015140961954359239,1.996736109788344e-13,0.006687446040501754,36,converged,gap_residual_and_feasibility
611,0.25283764725913804,IPOPT,1.0,1.0e-10,12.985944747924805,36479.11128157146,36479.111281488345,2.2783796234913718e-10,8.881784197001252e-15,NaN,34,INTERRUPTED,gap_and_residual
611,0.25283764725913804,MadNLP,1.0,0.01,18.357038497924805,36479.11128148834,36479.111281488345,1.9945545158814427e-14,1.509903313490213e-14,NaN,35,LOCALLY_SOLVED,residual_tolerance_upper_bound
611,0.25283764725913804,ADMM,1.0,0.01,74.56755638122559,36656.057329259864,36479.111281488345,0.4850612900246592,4.73143746404503e-12,1.7970647124227446,6,converged,gap_callback_with_solver_termination
611,0.25283764725913804,MEL-ADMM,1.0,0.01,12.78376579284668,36480.685340552904,36479.111281488345,0.0043149600120796034,5.262512647874473e-12,0.008739103607854126,16,converged,gap_residual_and_feasibility
611,0.25283764725913804,sMEL-ADMM,1.0,0.01,1.40592,36479.827667315825,36479.111281488345,0.001963824781672689,1.9972912213006566e-13,0.008502575490382469,39,converged,gap_residual_and_feasibility
612,0.6193213993442694,IPOPT,1.0,1.0e-10,13.293981552124023,36479.11128157024,36479.11128148836,2.2446716521729746e-10,1.4210854715202004e-14,NaN,33,INTERRUPTED,gap_and_residual
612,0.6193213993442694,MadNLP,1.0,0.01,17.57192611694336,36479.11128148832,36479.11128148836,9.972772579407209e-14,1.3322676295501878e-14,NaN,34,LOCALLY_SOLVED,residual_tolerance_upper_bound
612,0.6193213993442694,ADMM,1.0,0.01,70.48964500427246,36582.851362012145,36479.11128148836,0.28438214879546325,3.739231146937527e-13,1.1594620561480342,6,converged,gap_callback_with_solver_termination
612,0.6193213993442694,MEL-ADMM,1.0,0.01,15.648841857910156,36480.890267502655,36479.11128148836,0.004876725204644854,4.688804899899424e-12,0.001053968175121156,19,converged,gap_residual_and_feasibility
612,0.6193213993442694,sMEL-ADMM,1.0,0.01,1.040872,36480.77624878133,36479.11128148836,0.004564166270727074,2.007283228522283e-13,0.009925556537107028,29,converged,gap_residual_and_feasibility
613,0.469656812102841,IPOPT,1.0,1.0e-10,14.259099960327148,36479.111281572106,36479.11128148835,2.295931703231128e-10,1.2434497875801753e-14,NaN,33,INTERRUPTED,gap_and_residual
613,0.469656812102841,MadNLP,1.0,0.01,17.966032028198242,36479.11128148835,36479.11128148835,0.0,1.865174681370263e-14,NaN,34,LOCALLY_SOLVED,residual_tolerance_upper_bound
613,0.469656812102841,ADMM,1.0,0.01,71.26140594482422,36588.97204965287,36479.11128148835,0.30116075832216105,1.887823231072616e-12,1.1342369871961626,6,converged,gap_callback_with_solver_termination
613,0.469656812102841,MEL-ADMM,1.0,0.01,15.551090240478516,36481.10332437874,36479.11128148835,0.0054607769224820826,1.8842705173938157e-12,0.00982265541371774,18,converged,gap_residual_and_feasibility
613,0.469656812102841,sMEL-ADMM,1.0,0.01,1.153458,36480.60586091531,36479.11128148835,0.004097082890605521,2.000621890374532e-13,0.009289362030809656,32,converged,gap_residual_and_feasibility
614,0.34291867767508133,IPOPT,1.0,1.0e-10,12.781858444213867,36479.11134600396,36479.11128148834,1.768563511014012e-7,1.3322676295501878e-14,NaN,33,INTERRUPTED,gap_and_residual
614,0.34291867767508133,MadNLP,1.0,0.01,20.336151123046875,36479.111281488316,36479.11128148834,5.983663547644329e-14,1.1546319456101628e-14,NaN,35,LOCALLY_SOLVED,residual_tolerance_upper_bound
614,0.34291867767508133,ADMM,1.0,0.01,77.25739479064941,36574.397494950084,36479.11128148834,0.26120760652987757,2.0063395389513516e-12,1.168747523879543,6,converged,gap_callback_with_solver_termination
614,0.34291867767508133,MEL-ADMM,1.0,0.01,15.011072158813477,36480.86886790108,36479.11128148834,0.004818062587053403,7.795986078917849e-13,0.0007874345119329718,19,converged,gap_residual_and_feasibility
614,0.34291867767508133,sMEL-ADMM,1.0,0.01,1.446374,36479.549833810685,36479.11128148834,0.0012022012240438414,1.9984014443252818e-13,0.007165723958825865,35,converged,gap_residual_and_feasibility
615,0.7349465815542003,IPOPT,1.0,1.0e-10,13.216972351074219,36479.11128157175,36479.11128148836,2.2859589306517205e-10,1.7763568394002505e-14,NaN,34,INTERRUPTED,gap_and_residual
615,0.7349465815542003,MadNLP,1.0,0.01,18.56088638305664,36479.111281488345,36479.11128148836,3.9891090317628836e-14,1.5987211554602254e-14,NaN,35,LOCALLY_SOLVED,residual_tolerance_upper_bound
615,0.7349465815542003,ADMM,1.0,0.01,77.09336280822754,36826.26435967315,36479.11128148836,0.9516489464505028,2.7888802378583932e-12,2.3475972987677167,6,converged,gap_callback_with_solver_termination
615,0.7349465815542003,MEL-ADMM,1.0,0.01,15.567541122436523,36480.531097849074,36479.11128148836,0.0038921352819108277,2.5484059307245843e-12,0.005921341881963471,19,converged,gap_residual_and_feasibility
615,0.7349465815542003,sMEL-ADMM,1.0,0.01,1.272623,36480.776546487614,36479.11128148836,0.0045649823714288325,2.0061730054976579e-13,0.005911898813936389,33,converged,gap_residual_and_feasibility
616,0.2668033387704408,IPOPT,1.0,1.0e-10,13.219118118286133,36479.11128157146,36479.11128148833,2.2787785343945491e-10,1.4210854715202004e-14,NaN,34,INTERRUPTED,gap_and_residual
616,0.2668033387704408,MadNLP,1.0,0.01,17.855167388916016,36479.11128148835,36479.11128148833,5.98366354764433e-14,1.5987211554602254e-14,NaN,35,LOCALLY_SOLVED,residual_tolerance_upper_bound
616,0.2668033387704408,ADMM,1.0,0.01,74.48649406433105,36605.346170563455,36479.11128148833,0.346047051697728,3.4283687000424834e-13,1.4842580429844734,6,converged,gap_callback_with_solver_termination
616,0.2668033387704408,MEL-ADMM,1.0,0.01,13.174772262573242,36480.69069049234,36479.11128148833,0.004329625773555128,3.1792346533165983e-12,0.006133633901012736,16,converged,gap_residual_and_feasibility
616,0.2668033387704408,sMEL-ADMM,1.0,0.01,1.228126,36479.62722787469,36479.11128148833,0.0014143611733819232,1.999511667349907e-13,0.008187222318170484,39,converged,gap_residual_and_feasibility
617,0.32876558636179987,IPOPT,1.0,1.0e-10,13.284921646118164,36479.111346017875,36479.11128148834,1.7689448698374484e-7,1.0658141036401503e-14,NaN,33,INTERRUPTED,gap_and_residual
617,0.32876558636179987,MadNLP,1.0,0.01,17.884016036987305,36479.11128148834,36479.11128148834,0.0,9.769962616701378e-15,NaN,35,LOCALLY_SOLVED,residual_tolerance_upper_bound
617,0.32876558636179987,ADMM,1.0,0.01,71.64788246154785,36562.93501792515,36479.11128148834,0.22978557725814913,5.564992910933597e-13,1.1438862189744095,6,converged,gap_callback_with_solver_termination
617,0.32876558636179987,MEL-ADMM,1.0,0.01,14.968395233154297,36480.813977866375,36479.11128148834,0.004667592817430468,3.064215547965432e-13,0.0009549583272328022,19,converged,gap_residual_and_feasibility
617,0.32876558636179987,sMEL-ADMM,1.0,0.01,1.3694600000000001,36479.46833592997,36479.11128148834,0.0009787915030979712,1.999511667349907e-13,0.006980184049110605,36,converged,gap_residual_and_feasibility
618,0.4807080591309327,IPOPT,1.0,1.0e-10,12.617826461791992,36479.111281572135,36479.11128148835,2.2967295250374807e-10,1.2434497875801753e-14,NaN,33,INTERRUPTED,gap_and_residual
618,0.4807080591309327,MadNLP,1.0,0.01,17.48180389404297,36479.111281488345,36479.11128148835,1.994554515881442e-14,1.1546319456101628e-14,NaN,34,LOCALLY_SOLVED,residual_tolerance_upper_bound
618,0.4807080591309327,ADMM,1.0,0.01,69.70906257629395,36588.972047525946,36479.11128148835,0.30116075249163937,2.0532464617417645e-12,1.1342369866884336,6,converged,gap_callback_with_solver_termination
618,0.4807080591309327,MEL-ADMM,1.0,0.01,14.465093612670898,36481.10332452351,36479.11128148835,0.005460777319338595,1.9578783039264636e-12,0.009822655340440356,18,converged,gap_residual_and_feasibility
618,0.4807080591309327,sMEL-ADMM,1.0,0.01,1.031793,36480.662930533595,36479.11128148835,0.00425352754147333,2.0045076709607201e-13,0.008805660657126069,32,converged,gap_residual_and_feasibility
619,0.6696300463658951,IPOPT,1.0,1.0e-10,13.898134231567383,36479.11128155886,36479.111281488345,1.932922781340706e-10,1.1546319456101628e-14,NaN,34,INTERRUPTED,gap_and_residual
619,0.6696300463658951,MadNLP,1.0,0.01,18.23711395263672,36479.11128148835,36479.111281488345,1.9945545158814427e-14,1.1546319456101628e-14,NaN,35,LOCALLY_SOLVED,residual_tolerance_upper_bound
619,0.6696300463658951,ADMM,1.0,0.01,72.21579551696777,36562.29352782925,36479.111281488345,0.22802706375995505,4.085620730620576e-13,1.1232701122338025,6,converged,gap_callback_with_solver_termination
619,0.6696300463658951,MEL-ADMM,1.0,0.01,13.067960739135742,36480.67130817625,36479.111281488345,0.004276493130182861,4.04121180963557e-13,0.007128285443708471,16,converged,gap_residual_and_feasibility
619,0.6696300463658951,sMEL-ADMM,1.0,0.01,0.96979,36480.72422117944,36479.111281488345,0.0044215432734774855,2.0039525594484076e-13,0.009776976538727666,32,converged,gap_residual_and_feasibility
620,0.3749802035784885,IPOPT,1.0,1.0e-10,12.518882751464844,36479.11128155565,36479.111281488345,1.8449629271903343e-10,1.3322676295501878e-14,NaN,33,INTERRUPTED,gap_and_residual
620,0.3749802035784885,MadNLP,1.0,0.01,17.07911491394043,36479.11128148834,36479.111281488345,1.9945545158814427e-14,1.1546319456101628e-14,NaN,34,LOCALLY_SOLVED,residual_tolerance_upper_bound
620,0.3749802035784885,ADMM,1.0,0.01,67.47150421142578,36596.56009927113,36479.111281488345,0.3219618396854652,1.3691825451189743e-12,1.0914433704271085,6,converged,gap_callback_with_solver_termination
620,0.3749802035784885,MEL-ADMM,1.0,0.01,14.396429061889648,36480.99234246405,36479.111281488345,0.005156542770986266,5.4959370388019124e-12,0.009920000347777957,18,converged,gap_residual_and_feasibility
620,0.3749802035784885,sMEL-ADMM,1.0,0.01,1.22133,36479.68636809496,36479.111281488345,0.0015764819547765324,2.000621890374532e-13,0.007451900939376088,33,converged,gap_residual_and_feasibility
621,0.5850610803668619,IPOPT,1.0,1.0e-10,13.051986694335938,36479.11128157205,36479.11128148834,2.2947349705216002e-10,1.1546319456101628e-14,NaN,33,INTERRUPTED,gap_and_residual
621,0.5850610803668619,MadNLP,1.0,0.01,16.99995994567871,36479.11128148833,36479.11128148834,1.994554515881443e-14,9.769962616701378e-15,NaN,34,LOCALLY_SOLVED,residual_tolerance_upper_bound
621,0.5850610803668619,ADMM,1.0,0.01,68.94397735595703,36593.94704790698,36479.11128148834,0.3147986954301571,1.6092682741941644e-12,1.0796533836873712,6,converged,gap_callback_with_solver_termination
621,0.5850610803668619,MEL-ADMM,1.0,0.01,14.397382736206055,36481.05004223936,36479.11128148834,0.005314714868082492,1.5614176618328202e-12,0.009913130199979747,18,converged,gap_residual_and_feasibility
621,0.5850610803668619,sMEL-ADMM,1.0,0.01,1.2227480000000002,36480.690984698726,36479.11128148834,0.004330432279990916,2.0039525594484076e-13,0.00935064389569007,32,converged,gap_residual_and_feasibility
622,0.3164439627840456,IPOPT,1.0,1.0e-10,12.953042984008789,36479.11128157172,36479.11128148832,2.286158386103311e-10,1.0658141036401503e-14,NaN,34,INTERRUPTED,gap_and_residual
622,0.3164439627840456,MadNLP,1.0,0.01,17.963886260986328,36479.11128148834,36479.11128148832,3.9891090317628874e-14,1.1546319456101628e-14,NaN,35,LOCALLY_SOLVED,residual_tolerance_upper_bound
622,0.3164439627840456,ADMM,1.0,0.01,71.62833213806152,36554.147975130494,36479.11128148832,0.20569770207162,1.447286734901354e-12,1.1297913197793177,6,converged,gap_callback_with_solver_termination
622,0.3164439627840456,MEL-ADMM,1.0,0.01,12.980937957763672,36480.73002816679,36479.11128148832,0.004437461938087415,5.3480553319218416e-12,0.00936922746672586,16,converged,gap_residual_and_feasibility
622,0.3164439627840456,sMEL-ADMM,1.0,0.01,1.642207,36479.429763320506,36479.11128148832,0.000873052607353565,1.9984014443252818e-13,0.009797740759598383,38,converged,gap_residual_and_feasibility
623,0.4512520885596244,IPOPT,1.0,1.0e-10,12.573003768920898,36479.1112815721,36479.111281488345,2.2959317032311286e-10,1.3322676295501878e-14,NaN,33,INTERRUPTED,gap_and_residual
623,0.4512520885596244,MadNLP,1.0,0.01,17.373085021972656,36479.11128148833,36479.111281488345,3.9891090317628855e-14,1.3322676295501878e-14,NaN,34,LOCALLY_SOLVED,residual_tolerance_upper_bound
623,0.4512520885596244,ADMM,1.0,0.01,69.9152946472168,36588.97205459498,36479.111281488345,0.3011607718699732,3.6021186033963204e-13,1.1342369939049401,6,converged,gap_callback_with_solver_termination
623,0.4512520885596244,MEL-ADMM,1.0,0.01,14.676094055175781,36481.103324452044,36479.111281488345,0.005460777123453397,3.206324095117452e-13,0.009822655219051235,18,converged,gap_residual_and_feasibility
623,0.4512520885596244,sMEL-ADMM,1.0,0.01,1.41954,36480.42064075811,36479.111281488345,0.003589339827000664,2.0017321133991572e-13,0.009493666295407016,36,converged,gap_residual_and_feasibility
624,0.6799940242532357,IPOPT,1.0,1.0e-10,14.069080352783203,36479.111346009595,36479.11128148834,1.7687178895335413e-7,1.1546319456101628e-14,NaN,33,INTERRUPTED,gap_and_residual
624,0.6799940242532357,MadNLP,1.0,0.01,18.414974212646484,36479.11128148837,36479.11128148834,7.978218063525772e-14,1.0658141036401503e-14,NaN,35,LOCALLY_SOLVED,residual_tolerance_upper_bound
624,0.6799940242532357,ADMM,1.0,0.01,74.30672645568848,36574.34979250845,36479.11128148834,0.26107684007215276,2.068234472574204e-12,1.122212698782783,6,converged,gap_callback_with_solver_termination
624,0.6799940242532357,MEL-ADMM,1.0,0.01,12.905597686767578,36480.661366470114,36479.11128148834,0.004249239982342753,9.160450176182167e-13,0.005588604014264753,16,converged,gap_residual_and_feasibility
624,0.6799940242532357,sMEL-ADMM,1.0,0.01,1.113665,36480.73062580445,36479.11128148834,0.004439100239077985,2.0039525594484076e-13,0.009834694735436855,32,converged,gap_residual_and_feasibility
625,0.29581518854332467,IPOPT,1.0,1.0e-10,14.079809188842773,36479.111281571604,36479.11128148835,2.2821692770715462e-10,1.4210854715202004e-14,NaN,34,INTERRUPTED,gap_and_residual
625,0.29581518854332467,MadNLP,1.0,0.01,17.551183700561523,36479.11128148834,36479.11128148835,3.989109031762884e-14,1.0658141036401503e-14,NaN,35,LOCALLY_SOLVED,residual_tolerance_upper_bound
625,0.29581518854332467,ADMM,1.0,0.01,72.04914093017578,36555.99961822554,36479.11128148835,0.21077360175769072,8.862910405582625e-13,1.1142932279610074,6,converged,gap_callback_with_solver_termination
625,0.29581518854332467,MEL-ADMM,1.0,0.01,12.451648712158203,36480.70357650914,36479.11128148835,0.004364950145037198,1.2198575483068907e-12,0.0066157493557241764,16,converged,gap_residual_and_feasibility
625,0.29581518854332467,sMEL-ADMM,1.0,0.01,1.513958,36479.43741868363,36479.11128148835,0.0008940382147996753,1.995625886763719e-13,0.007375766837249387,39,converged,gap_residual_and_feasibility
626,0.4688974242723554,IPOPT,1.0,1.0e-10,13.258934020996094,36479.11128157208,36479.11128148832,2.29593170323113e-10,1.3322676295501878e-14,NaN,33,INTERRUPTED,gap_and_residual
626,0.4688974242723554,MadNLP,1.0,0.01,17.251968383789062,36479.11128148833,36479.11128148832,1.9945545158814437e-14,1.0658141036401503e-14,NaN,34,LOCALLY_SOLVED,residual_tolerance_upper_bound
626,0.4688974242723554,ADMM,1.0,0.01,69.1075325012207,36588.97204872894,36479.11128148832,0.30116075578947593,3.2264191318631674e-12,1.134236988980998,6,converged,gap_callback_with_solver_termination
626,0.4688974242723554,MEL-ADMM,1.0,0.01,14.420509338378906,36481.10332443397,36479.11128148832,0.005460777073968502,3.869682352330983e-13,0.009822655329888796,18,converged,gap_residual_and_feasibility
626,0.4688974242723554,sMEL-ADMM,1.0,0.01,1.2018739999999999,36480.5944428283,36479.11128148832,0.004065782547519219,2.0045076709607201e-13,0.009603661807091157,32,converged,gap_residual_and_feasibility
627,0.4041357819747698,IPOPT,1.0,1.0e-10,13.523101806640625,36479.11128157197,36479.11128148837,2.2917431387477762e-10,1.0658141036401503e-14,NaN,33,INTERRUPTED,gap_and_residual
627,0.4041357819747698,MadNLP,1.0,0.01,17.48800277709961,36479.111281488345,36479.11128148837,5.983663547644324e-14,1.3322676295501878e-14,NaN,34,LOCALLY_SOLVED,residual_tolerance_upper_bound
627,0.4041357819747698,ADMM,1.0,0.01,69.50139999389648,36588.97205693595,36479.11128148837,0.3011607782871929,8.169576126704214e-13,1.1342369958621603,6,converged,gap_callback_with_solver_termination
627,0.4041357819747698,MEL-ADMM,1.0,0.01,14.320850372314453,36481.10332443983,36479.11128148837,0.005460777089904986,3.597122599785507e-13,0.00982265531564952,18,converged,gap_residual_and_feasibility
627,0.4041357819747698,sMEL-ADMM,1.0,0.01,1.126415,36479.953219797106,36479.11128148837,0.0023080011523353965,2.0050627824730327e-13,0.004005456394761353,35,converged,gap_residual_and_feasibility
628,0.2707376934671637,IPOPT,1.0,1.0e-10,12.962818145751953,36479.11128157149,36479.11128148834,2.279376900749313e-10,9.769962616701378e-15,NaN,34,INTERRUPTED,gap_and_residual
628,0.2707376934671637,MadNLP,1.0,0.01,17.518043518066406,36479.111281488345,36479.11128148834,1.994554515881443e-14,1.3322676295501878e-14,NaN,35,LOCALLY_SOLVED,residual_tolerance_upper_bound
628,0.2707376934671637,ADMM,1.0,0.01,72.13425636291504,36594.78667239752,36479.11128148834,0.31710035372456863,4.188316360398403e-12,1.3975972101824223,6,converged,gap_callback_with_solver_termination
628,0.2707376934671637,MEL-ADMM,1.0,0.01,12.616395950317383,36480.69367005675,36479.11128148834,0.004337793638130369,2.696676215663274e-12,0.0054358029100853855,16,converged,gap_residual_and_feasibility
628,0.2707376934671637,sMEL-ADMM,1.0,0.01,1.598915,36479.5726441549,36479.11128148834,0.0012647311032319556,2.0039525594484076e-13,0.008062756288166995,39,converged,gap_residual_and_feasibility
629,0.4509239004760037,IPOPT,1.0,1.0e-10,13.06605339050293,36479.11128157208,36479.11128148834,2.2955327923279529e-10,1.3322676295501878e-14,NaN,33,INTERRUPTED,gap_and_residual
629,0.4509239004760037,MadNLP,1.0,0.01,17.58122444152832,36479.111281488345,36479.11128148834,1.994554515881443e-14,1.0658141036401503e-14,NaN,34,LOCALLY_SOLVED,residual_tolerance_upper_bound
629,0.4509239004760037,ADMM,1.0,0.01,69.86236572265625,36588.972054514015,36479.11128148834,0.30116077164803917,7.027156634364928e-13,1.1342369959965728,6,converged,gap_callback_with_solver_termination
629,0.4509239004760037,MEL-ADMM,1.0,0.01,14.598369598388672,36481.10332454073,36479.11128148834,0.005460777366589593,2.3787638525618604e-12,0.009822655277151426,18,converged,gap_residual_and_feasibility
629,0.4509239004760037,sMEL-ADMM,1.0,0.01,1.015209,36480.4168791543,36479.11128148834,0.003579028161857474,2.0095036745715333e-13,0.009134149351323728,36,converged,gap_residual_and_feasibility
630,0.47419606045364643,IPOPT,1.0,1.0e-10,13.893842697143555,36479.11128157211,36479.11128148835,2.2961311586827163e-10,1.4210854715202004e-14,NaN,33,INTERRUPTED,gap_and_residual
630,0.47419606045364643,MadNLP,1.0,0.01,17.431020736694336,36479.11128148833,36479.11128148835,5.983663547644327e-14,1.5987211554602254e-14,NaN,34,LOCALLY_SOLVED,residual_tolerance_upper_bound
630,0.47419606045364643,ADMM,1.0,0.01,68.91798973083496,36588.97204959068,36479.11128148835,0.30116075815168647,3.7121417051366734e-12,1.1342369864033524,6,converged,gap_callback_with_solver_termination
630,0.47419606045364643,MEL-ADMM,1.0,0.01,14.51563835144043,36481.10332435673,36479.11128148835,0.0054607768621468085,2.4361068717837497e-12,0.009822655481471543,18,converged,gap_residual_and_feasibility
630,0.47419606045364643,sMEL-ADMM,1.0,0.01,1.2442060000000001,36480.647123211296,36479.11128148835,0.004210195010213869,2.0011770018868447e-13,0.008883910302628806,32,converged,gap_residual_and_feasibility
631,0.6819106947481548,IPOPT,1.0,1.0e-10,12.686014175415039,36479.11134600695,36479.11128148836,1.7686446893828073e-7,1.7763568394002505e-14,NaN,33,INTERRUPTED,gap_and_residual
631,0.6819106947481548,MadNLP,1.0,0.01,17.539024353027344,36479.11128148835,36479.11128148836,1.9945545158814418e-14,1.0658141036401503e-14,NaN,35,LOCALLY_SOLVED,residual_tolerance_upper_bound
631,0.6819106947481548,ADMM,1.0,0.01,71.47502899169922,36577.487701765865,36479.11128148836,0.26967877456879685,1.6316947792915926e-12,1.1413204615510661,6,converged,gap_callback_with_solver_termination
631,0.6819106947481548,MEL-ADMM,1.0,0.01,12.745380401611328,36480.66064974403,36479.11128148836,0.004247275224756019,1.901589996577968e-12,0.005290501189004537,16,converged,gap_residual_and_feasibility
631,0.6819106947481548,sMEL-ADMM,1.0,0.01,1.203749,36480.731809675046,36479.11128148836,0.004442345577394422,2.0061730054976579e-13,0.009845948705335061,32,converged,gap_residual_and_feasibility
632,0.5624546627171587,IPOPT,1.0,1.0e-10,12.576103210449219,36479.1112815721,36479.11128148832,2.2965300695858944e-10,1.5987211554602254e-14,NaN,33,INTERRUPTED,gap_and_residual
632,0.5624546627171587,MadNLP,1.0,0.01,17.459869384765625,36479.11128148833,36479.11128148832,1.9945545158814437e-14,1.0658141036401503e-14,NaN,34,LOCALLY_SOLVED,residual_tolerance_upper_bound
632,0.5624546627171587,ADMM,1.0,0.01,69.21863555908203,36588.97205217616,36479.11128148832,0.30116076523933616,1.5608625503205076e-12,1.13423699416116,6,converged,gap_callback_with_solver_termination
632,0.5624546627171587,MEL-ADMM,1.0,0.01,14.380216598510742,36481.10332449715,36479.11128148832,0.005460777247155671,1.2945200467129325e-12,0.009822655238614253,18,converged,gap_residual_and_feasibility
632,0.5624546627171587,sMEL-ADMM,1.0,0.01,1.1440029999999999,36480.684094178,36479.11128148832,0.004311543331038896,1.9961809982760315e-13,0.009241093029011438,32,converged,gap_residual_and_feasibility
633,0.31919386968756336,IPOPT,1.0,1.0e-10,13.231992721557617,36479.111281558,36479.11128148834,1.9095864935048934e-10,8.881784197001252e-15,NaN,34,INTERRUPTED,gap_and_residual
633,0.31919386968756336,MadNLP,1.0,0.01,17.98415184020996,36479.11128148832,36479.11128148834,3.989109031762886e-14,1.5987211554602254e-14,NaN,35,LOCALLY_SOLVED,residual_tolerance_upper_bound
633,0.31919386968756336,ADMM,1.0,0.01,70.12486457824707,36556.17053781939,36479.11128148834,0.21124214276062608,1.5687451337953462e-12,1.137092643510318,6,converged,gap_callback_with_solver_termination
633,0.31919386968756336,MEL-ADMM,1.0,0.01,13.253927230834961,36480.73490630841,36479.11128148834,0.004450834362560094,3.7925218521195347e-13,0.009816453818233484,16,converged,gap_residual_and_feasibility
633,0.31919386968756336,sMEL-ADMM,1.0,0.01,1.294126,36479.43652056068,36479.11128148834,0.0008915761950260457,1.996736109788344e-13,0.009437124051949297,38,converged,gap_residual_and_feasibility
634,0.630895032355473,IPOPT,1.0,1.0e-10,13.6260986328125,36479.11128156825,36479.11128148834,2.1906192247925888e-10,1.5987211554602254e-14,NaN,33,INTERRUPTED,gap_and_residual
634,0.630895032355473,MadNLP,1.0,0.01,18.362045288085938,36479.11128148833,36479.11128148834,1.994554515881443e-14,1.3322676295501878e-14,NaN,35,LOCALLY_SOLVED,residual_tolerance_upper_bound
634,0.630895032355473,ADMM,1.0,0.01,71.2423324584961,36573.93838571815,36479.11128148834,0.2599490527553932,3.5793590313915047e-13,1.169216997235523,6,converged,gap_callback_with_solver_termination
634,0.630895032355473,MEL-ADMM,1.0,0.01,15.564203262329102,36480.837030961804,36479.11128148834,0.0047307881492759584,3.6598502006768285e-12,0.0007050254025458003,19,converged,gap_residual_and_feasibility
634,0.630895032355473,sMEL-ADMM,1.0,0.01,1.302794,36480.70528173813,36479.11128148834,0.0043696246805343345,2.0083934515469082e-13,0.009573992924471142,32,converged,gap_residual_and_feasibility
635,0.3172856283541573,IPOPT,1.0,1.0e-10,12.840986251831055,36479.11128157175,36479.11128148833,2.286756752458075e-10,1.1546319456101628e-14,NaN,34,INTERRUPTED,gap_and_residual
635,0.3172856283541573,MadNLP,1.0,0.01,17.587900161743164,36479.11128148834,36479.11128148833,1.9945545158814434e-14,1.2434497875801753e-14,NaN,35,LOCALLY_SOLVED,residual_tolerance_upper_bound
635,0.3172856283541573,ADMM,1.0,0.01,68.73440742492676,36554.7588585436,36479.11128148833,0.2073723136277709,2.02082794942271e-12,1.1322589775220244,6,converged,gap_callback_with_solver_termination
635,0.3172856283541573,MEL-ADMM,1.0,0.01,13.008594512939453,36480.731485718316,36479.11128148833,0.0044414575165564775,4.760636329592671e-13,0.009506940251435836,16,converged,gap_residual_and_feasibility
635,0.3172856283541573,sMEL-ADMM,1.0,0.01,1.354794,36479.43175368169,36479.11128148833,0.0008785087741998446,1.999511667349907e-13,0.009692518397171668,38,converged,gap_residual_and_feasibility
636,0.44967582362451064,IPOPT,1.0,1.0e-10,13.677120208740234,36479.111281572084,36479.11128148834,2.295732247779541e-10,1.2434497875801753e-14,NaN,33,INTERRUPTED,gap_and_residual
636,0.44967582362451064,MadNLP,1.0,0.01,17.518043518066406,36479.11128148831,36479.11128148834,7.978218063525772e-14,1.4210854715202004e-14,NaN,34,LOCALLY_SOLVED,residual_tolerance_upper_bound
636,0.44967582362451064,ADMM,1.0,0.01,70.14131546020508,36588.97205502449,36479.11128148834,0.3011607730473987,1.1444734049348426e-12,1.1342369986894258,6,converged,gap_callback_with_solver_termination
636,0.44967582362451064,MEL-ADMM,1.0,0.01,14.396905899047852,36481.10332456382,36479.11128148834,0.005460777429876808,2.9768965070786635e-12,0.00982265530075388,18,converged,gap_residual_and_feasibility
636,0.44967582362451064,sMEL-ADMM,1.0,0.01,1.038878,36480.402751273774,36479.11128148834,0.0035402994756923638,1.9978463328129692e-13,0.009492499082689676,36,converged,gap_residual_and_feasibility
637,0.37117769328538064,IPOPT,1.0,1.0e-10,12.264013290405273,36479.111346006364,36479.11128148834,1.7686293313130362e-7,9.769962616701378e-15,NaN,32,INTERRUPTED,gap_and_residual
637,0.37117769328538064,MadNLP,1.0,0.01,17.27890968322754,36479.11128148833,36479.11128148834,1.994554515881443e-14,1.3322676295501878e-14,NaN,34,LOCALLY_SOLVED,residual_tolerance_upper_bound
637,0.37117769328538064,ADMM,1.0,0.01,67.46530532836914,36598.41609501305,36479.11128148834,0.3270496712601048,1.588507103633674e-12,1.1519636645664875,6,converged,gap_callback_with_solver_termination
637,0.37117769328538064,MEL-ADMM,1.0,0.01,14.556407928466797,36480.964471336854,36479.11128148834,0.005080139793473019,3.967381978497997e-12,0.009928557181756226,18,converged,gap_residual_and_feasibility
637,0.37117769328538064,sMEL-ADMM,1.0,0.01,1.0407909999999998,36479.66581114719,36479.11128148834,0.0015201292996817794,1.9989565558375944e-13,0.008203921625728583,33,converged,gap_residual_and_feasibility
638,0.6968531556922628,IPOPT,1.0,1.0e-10,12.91203498840332,36479.11128157191,36479.11128148832,2.2913442278446027e-10,1.4210854715202004e-14,NaN,34,INTERRUPTED,gap_and_residual
638,0.6968531556922628,MadNLP,1.0,0.01,17.513036727905273,36479.11128148834,36479.11128148832,3.9891090317628874e-14,1.3322676295501878e-14,NaN,35,LOCALLY_SOLVED,residual_tolerance_upper_bound
638,0.6968531556922628,ADMM,1.0,0.01,71.25616073608398,36612.334829302265,36479.11128148832,0.36520502592821263,6.025291376943187e-12,1.4601100549816506,6,converged,gap_callback_with_solver_termination
638,0.6968531556922628,MEL-ADMM,1.0,0.01,13.082504272460938,36480.65338069312,36479.11128148832,0.004227348613005679,2.5086599464430037e-12,0.00563042934859137,16,converged,gap_residual_and_feasibility
638,0.6968531556922628,sMEL-ADMM,1.0,0.01,1.3334169999999999,36480.74102681348,36479.11128148832,0.0044676124716356925,2.0106138975961585e-13,0.009937676376829074,32,converged,gap_residual_and_feasibility
639,0.7193683998819816,IPOPT,1.0,1.0e-10,13.289928436279297,36479.11128157178,36479.11128148833,2.2875545742644276e-10,1.1546319456101628e-14,NaN,34,INTERRUPTED,gap_and_residual
639,0.7193683998819816,MadNLP,1.0,0.01,19.297122955322266,36479.11128148834,36479.11128148833,1.9945545158814434e-14,1.2434497875801753e-14,NaN,35,LOCALLY_SOLVED,residual_tolerance_upper_bound
639,0.7193683998819816,ADMM,1.0,0.01,76.46512985229492,36712.419915652994,36479.11128148833,0.6395677580091096,4.679034937282722e-12,1.9809578260177565,6,converged,gap_callback_with_solver_termination
639,0.7193683998819816,MEL-ADMM,1.0,0.01,15.112876892089844,36480.56292644025,36479.11128148833,0.003979386835167038,1.5758505611529472e-12,0.00510608452905803,19,converged,gap_residual_and_feasibility
639,0.7193683998819816,sMEL-ADMM,1.0,0.01,1.2698340000000001,36480.76620369082,36479.11128148833,0.004536629715897821,1.9972912213006566e-13,0.005841768294514438,33,converged,gap_residual_and_feasibility
640,0.51889009687096,IPOPT,1.0,1.0e-10,14.986038208007812,36479.11128157212,36479.11128148836,2.2961311586827158e-10,1.4210854715202004e-14,NaN,33,INTERRUPTED,gap_and_residual
640,0.51889009687096,MadNLP,1.0,0.01,17.03810691833496,36479.11128148835,36479.11128148836,1.9945545158814418e-14,1.2434497875801753e-14,NaN,34,LOCALLY_SOLVED,residual_tolerance_upper_bound
640,0.51889009687096,ADMM,1.0,0.01,67.4753189086914,36588.97204788831,36479.11128148836,0.30116075348496735,3.659073044559591e-12,1.1342369904137186,6,converged,gap_callback_with_solver_termination
640,0.51889009687096,MEL-ADMM,1.0,0.01,14.796972274780273,36481.103324626805,36479.11128148836,0.005460777602485553,4.585998247819134e-12,0.009822655457409013,18,converged,gap_residual_and_feasibility
640,0.51889009687096,sMEL-ADMM,1.0,0.01,1.2021689999999998,36480.671886772405,36479.11128148836,0.004278079232804147,1.9972912213006566e-13,0.0090169968513365,32,converged,gap_residual_and_feasibility
641,0.2654601807779357,IPOPT,1.0,1.0e-10,13.210058212280273,36479.11128157146,36479.11128148833,2.2787785343945491e-10,1.2434497875801753e-14,NaN,34,INTERRUPTED,gap_and_residual
641,0.2654601807779357,MadNLP,1.0,0.01,17.95792579650879,36479.11128148835,36479.11128148833,5.98366354764433e-14,1.3322676295501878e-14,NaN,35,LOCALLY_SOLVED,residual_tolerance_upper_bound
641,0.2654601807779357,ADMM,1.0,0.01,74.04136657714844,36609.35158117274,36479.11128148833,0.3570270631853412,1.0047573884008898e-11,1.5148601522939726,6,converged,gap_callback_with_solver_termination
641,0.2654601807779357,MEL-ADMM,1.0,0.01,12.831926345825195,36480.68979074483,36479.11128148833,0.004327159300340175,5.2476911704957274e-12,0.006378081446108297,16,converged,gap_residual_and_feasibility
641,0.2654601807779357,sMEL-ADMM,1.0,0.01,1.092832,36479.64620924582,36479.11128148833,0.001466394708353152,2.0000667788622195e-13,0.008237535173334365,39,converged,gap_residual_and_feasibility
642,0.49449546539348327,IPOPT,1.0,1.0e-10,12.537956237792969,36479.11128157214,36479.11128148834,2.297327891392246e-10,1.509903313490213e-14,NaN,33,INTERRUPTED,gap_and_residual
642,0.49449546539348327,MadNLP,1.0,0.01,17.244815826416016,36479.11128148836,36479.11128148834,5.983663547644329e-14,1.0658141036401503e-14,NaN,34,LOCALLY_SOLVED,residual_tolerance_upper_bound
642,0.49449546539348327,ADMM,1.0,0.01,67.80695915222168,36588.97204648646,36479.11128148834,0.3011607496421391,2.2414292644157285e-12,1.1342369791469746,6,converged,gap_callback_with_solver_termination
642,0.49449546539348327,MEL-ADMM,1.0,0.01,14.679908752441406,36481.10332446804,36479.11128148834,0.005460777167313652,3.9890313274781874e-13,0.009822655294057903,18,converged,gap_residual_and_feasibility
642,0.49449546539348327,sMEL-ADMM,1.0,0.01,0.981377,36480.66606877963,36479.11128148834,0.004262130399220819,2.0083934515469082e-13,0.008879799309388758,32,converged,gap_residual_and_feasibility
643,0.5058227654505791,IPOPT,1.0,1.0e-10,12.932062149047852,36479.11128157212,36479.11128148833,2.2969289804890702e-10,1.0658141036401503e-14,NaN,33,INTERRUPTED,gap_and_residual
643,0.5058227654505791,MadNLP,1.0,0.01,17.1201229095459,36479.111281488345,36479.11128148833,3.989109031762887e-14,1.509903313490213e-14,NaN,34,LOCALLY_SOLVED,residual_tolerance_upper_bound
643,0.5058227654505791,ADMM,1.0,0.01,67.15106964111328,36588.972047874806,36479.11128148833,0.30116075344802845,1.4189760477734126e-12,1.134236986700154,6,converged,gap_callback_with_solver_termination
643,0.5058227654505791,MEL-ADMM,1.0,0.01,14.235258102416992,36481.10332463886,36479.11128148833,0.005460777635615107,4.851785639914397e-12,0.009822655334946084,18,converged,gap_residual_and_feasibility
643,0.5058227654505791,sMEL-ADMM,1.0,0.01,1.201418,36480.668497352635,36479.11128148833,0.004268787833914904,1.999511667349907e-13,0.008944342473096611,32,converged,gap_residual_and_feasibility
644,0.2994751301724946,IPOPT,1.0,1.0e-10,12.953996658325195,36479.11128157164,36479.11128148834,2.283565465232664e-10,1.1546319456101628e-14,NaN,34,INTERRUPTED,gap_and_residual
644,0.2994751301724946,MadNLP,1.0,0.01,17.715930938720703,36479.11128148834,36479.11128148834,0.0,1.2434497875801753e-14,NaN,35,LOCALLY_SOLVED,residual_tolerance_upper_bound
644,0.2994751301724946,ADMM,1.0,0.01,72.5255012512207,36553.66279399383,36479.11128148834,0.20436767751885226,3.42204042880212e-12,1.1141682922161449,6,converged,gap_callback_with_solver_termination
644,0.2994751301724946,MEL-ADMM,1.0,0.01,13.202428817749023,36480.70717166744,36479.11128148834,0.004374805534014456,4.342470827367606e-12,0.007096471947646954,16,converged,gap_residual_and_feasibility
644,0.2994751301724946,sMEL-ADMM,1.0,0.01,1.380083,36479.43494457176,36479.11128148834,0.00088725594470815,1.996736109788344e-13,0.007058789447272673,39,converged,gap_residual_and_feasibility
645,0.31161872977604776,IPOPT,1.0,1.0e-10,13.022184371948242,36479.11128157172,36479.11128148834,2.2857594752001337e-10,1.2434497875801753e-14,NaN,34,INTERRUPTED,gap_and_residual
645,0.31161872977604776,MadNLP,1.0,0.01,17.889976501464844,36479.11128148832,36479.11128148834,3.989109031762886e-14,1.0658141036401503e-14,NaN,35,LOCALLY_SOLVED,residual_tolerance_upper_bound
645,0.31161872977604776,ADMM,1.0,0.01,73.5330581665039,36551.03462833042,36479.11128148834,0.19716310051275035,1.6182610806936282e-12,1.1135393847277024,6,converged,gap_callback_with_solver_termination
645,0.31161872977604776,MEL-ADMM,1.0,0.01,12.629508972167969,36480.72027740131,36479.11128148834,0.004410732214826278,8.948397578478762e-13,0.008582799121251483,16,converged,gap_residual_and_feasibility
645,0.31161872977604776,sMEL-ADMM,1.0,0.01,1.452333,36479.441712380074,36479.11128148834,0.0009058085028062811,1.9950707752514063e-13,0.005853849292330793,39,converged,gap_residual_and_feasibility
646,0.3776927824784013,IPOPT,1.0,1.0e-10,13.078927993774414,36479.11128157199,36479.11128148834,2.293139326908895e-10,1.2434497875801753e-14,NaN,32,INTERRUPTED,gap_and_residual
646,0.3776927824784013,MadNLP,1.0,0.01,17.14491844177246,36479.11128148835,36479.11128148834,3.989109031762886e-14,1.3322676295501878e-14,NaN,33,LOCALLY_SOLVED,residual_tolerance_upper_bound
646,0.3776927824784013,ADMM,1.0,0.01,68.07589530944824,36595.58092299138,36479.11128148834,0.319277628789561,1.1001755062522989e-12,1.0583642531768902,6,converged,gap_callback_with_solver_termination
646,0.3776927824784013,MEL-ADMM,1.0,0.01,14.413118362426758,36481.01059892275,36479.11128148834,0.0052065891072788865,4.831579580866219e-12,0.009898382464156086,18,converged,gap_residual_and_feasibility
646,0.3776927824784013,sMEL-ADMM,1.0,0.01,1.184668,36479.70275970923,36479.11128148834,0.0016214162026283972,1.9961809982760315e-13,0.006744251725043782,33,converged,gap_residual_and_feasibility
647,0.6594898138032033,IPOPT,1.0,1.0e-10,12.856006622314453,36479.11134600872,36479.111281488316,1.7686945532457064e-7,1.4210854715202004e-14,NaN,33,INTERRUPTED,gap_and_residual
647,0.6594898138032033,MadNLP,1.0,0.01,17.593860626220703,36479.11128148837,36479.111281488316,1.396188161117011e-13,1.2434497875801753e-14,NaN,35,LOCALLY_SOLVED,residual_tolerance_upper_bound
647,0.6594898138032033,ADMM,1.0,0.01,70.12319564819336,36558.00995062224,36479.111281488316,0.21628451560978995,6.095124405192109e-13,1.1312957567004354,6,converged,gap_callback_with_solver_termination
647,0.6594898138032033,MEL-ADMM,1.0,0.01,12.897968292236328,36480.68181751304,36479.111281488316,0.004305302321112064,3.640532320048351e-12,0.008642433610233091,16,converged,gap_residual_and_feasibility
647,0.6594898138032033,sMEL-ADMM,1.0,0.01,1.1434170000000001,36480.71796558172,36479.111281488316,0.0044043948357441656,2.0095036745715333e-13,0.009722887587502171,32,converged,gap_residual_and_feasibility
648,0.6826724324720643,IPOPT,1.0,1.0e-10,12.897014617919922,36479.11134600553,36479.11128148837,1.7686055961142957e-7,1.1546319456101628e-14,NaN,33,INTERRUPTED,gap_and_residual
648,0.6826724324720643,MadNLP,1.0,0.01,18.078088760375977,36479.111281488345,36479.11128148837,5.983663547644324e-14,1.0658141036401503e-14,NaN,35,LOCALLY_SOLVED,residual_tolerance_upper_bound
648,0.6826724324720643,ADMM,1.0,0.01,72.93462753295898,36578.81907665267,36479.11128148837,0.27332846569345576,1.818656336638469e-12,1.1561864036233045,6,converged,gap_callback_with_solver_termination
648,0.6826724324720643,MEL-ADMM,1.0,0.01,12.828826904296875,36480.66038825775,36479.11128148837,0.004246558413735992,1.0621503676588873e-12,0.005170182811227164,16,converged,gap_residual_and_feasibility
648,0.6826724324720643,sMEL-ADMM,1.0,0.01,1.1538329999999999,36480.73227956332,36479.11128148837,0.004443633679688936,2.0117241206207837e-13,0.009850535599676746,32,converged,gap_residual_and_feasibility
649,0.5134718033992187,IPOPT,1.0,1.0e-10,13.602972030639648,36479.11128157213,36479.111281488375,2.2959317032311268e-10,1.687538997430238e-14,NaN,33,INTERRUPTED,gap_and_residual
649,0.5134718033992187,MadNLP,1.0,0.01,17.338991165161133,36479.11128148832,36479.111281488375,1.3961881611170086e-13,1.2434497875801753e-14,NaN,34,LOCALLY_SOLVED,residual_tolerance_upper_bound
649,0.5134718033992187,ADMM,1.0,0.01,69.69928741455078,36588.972046951465,36479.111281488375,0.3011607509167589,1.1536327448880002e-12,1.1342369840921984,6,converged,gap_callback_with_solver_termination
649,0.5134718033992187,MEL-ADMM,1.0,0.01,14.489173889160156,36481.10332472493,36479.111281488375,0.005460777871431281,7.158718062783009e-12,0.009822655479611697,18,converged,gap_residual_and_feasibility
649,0.5134718033992187,sMEL-ADMM,1.0,0.01,0.9963769999999998,36480.670482798305,36479.111281488375,0.004274230525790216,2.0106138975961585e-13,0.008987212898311725,32,converged,gap_residual_and_feasibility
650,0.46321226342718635,IPOPT,1.0,1.0e-10,12.887954711914062,36479.111281572084,36479.11128148835,2.2953333368763637e-10,1.2434497875801753e-14,NaN,33,INTERRUPTED,gap_and_residual
650,0.46321226342718635,MadNLP,1.0,0.01,17.008066177368164,36479.11128148834,36479.11128148835,3.989109031762884e-14,1.2434497875801753e-14,NaN,34,LOCALLY_SOLVED,residual_tolerance_upper_bound
650,0.46321226342718635,ADMM,1.0,0.01,66.72835350036621,36588.972048293756,36479.11128148835,0.30116075459643293,9.908740494779522e-13,1.1342369842900526,6,converged,gap_callback_with_solver_termination
650,0.46321226342718635,MEL-ADMM,1.0,0.01,14.413833618164062,36481.10332448479,36479.11128148835,0.0054607772132083485,8.816281038548368e-13,0.00982265547568506,18,converged,gap_residual_and_feasibility
650,0.46321226342718635,sMEL-ADMM,1.0,0.01,1.225671,36480.523771333676,36479.11128148835,0.003872051142977359,2.0017321133991572e-13,0.007119290987528615,33,converged,gap_residual_and_feasibility
651,0.6931045446330355,IPOPT,1.0,1.0e-10,12.959003448486328,36479.111281571924,36479.11128148834,2.2913442278446017e-10,1.5987211554602254e-14,NaN,34,INTERRUPTED,gap_and_residual
651,0.6931045446330355,MadNLP,1.0,0.01,17.601966857910156,36479.111281488316,36479.11128148834,5.983663547644329e-14,1.0658141036401503e-14,NaN,35,LOCALLY_SOLVED,residual_tolerance_upper_bound
651,0.6931045446330355,ADMM,1.0,0.01,72.45779037475586,36601.74716765515,36479.11128148834,0.33618112354904045,3.2287506002148803e-12,1.3746928787839297,6,converged,gap_callback_with_solver_termination
651,0.6931045446330355,MEL-ADMM,1.0,0.01,13.336658477783203,36480.65566523786,36479.11128148834,0.004233611223698626,3.0329072586710026e-12,0.0049321828398944945,16,converged,gap_residual_and_feasibility
651,0.6931045446330355,sMEL-ADMM,1.0,0.01,1.110707,36480.73871916217,36479.11128148834,0.0044612865189375414,2.0050627824730327e-13,0.009914012666977001,32,converged,gap_residual_and_feasibility
652,0.7079936887909583,IPOPT,1.0,1.0e-10,14.79196548461914,36479.11128157185,36479.11128148834,2.2893496733287204e-10,1.3322676295501878e-14,NaN,34,INTERRUPTED,gap_and_residual
652,0.7079936887909583,MadNLP,1.0,0.01,17.938852310180664,36479.11128148833,36479.11128148834,1.994554515881443e-14,1.4210854715202004e-14,NaN,35,LOCALLY_SOLVED,residual_tolerance_upper_bound
652,0.7079936887909583,ADMM,1.0,0.01,73.78792762756348,36653.48641438261,36479.11128148834,0.4780136543040255,2.8692603848412546e-12,1.7221196774747964,6,converged,gap_callback_with_solver_termination
652,0.7079936887909583,MEL-ADMM,1.0,0.01,13.126373291015625,36480.64933917778,36479.11128148834,0.0042162696277611225,5.259459534556754e-12,0.007826995103692447,16,converged,gap_residual_and_feasibility
652,0.7079936887909583,sMEL-ADMM,1.0,0.01,1.2522959999999999,36480.75850795041,36479.11128148834,0.004515533422304332,2.000621890374532e-13,0.005791779940352626,33,converged,gap_residual_and_feasibility
653,0.4133726718138773,IPOPT,1.0,1.0e-10,13.324975967407227,36479.11128157202,36479.111281488345,2.293737693263659e-10,1.3322676295501878e-14,NaN,33,INTERRUPTED,gap_and_residual
653,0.4133726718138773,MadNLP,1.0,0.01,17.52305030822754,36479.111281488345,36479.111281488345,0.0,1.4210854715202004e-14,NaN,34,LOCALLY_SOLVED,residual_tolerance_upper_bound
653,0.4133726718138773,ADMM,1.0,0.01,69.5643424987793,36588.97205657638,36479.111281488345,0.301160777301564,1.09051656593806e-12,1.1342369972298112,6,converged,gap_callback_with_solver_termination
653,0.4133726718138773,MEL-ADMM,1.0,0.01,14.681816101074219,36481.10332468054,36479.111281488345,0.005460777749823297,6.0100813215058224e-12,0.009822655272412106,18,converged,gap_residual_and_feasibility
653,0.4133726718138773,sMEL-ADMM,1.0,0.01,1.130042,36480.05660916046,36479.111281488345,0.0025914218820280595,2.0050627824730327e-13,0.008803971699093083,35,converged,gap_residual_and_feasibility
654,0.4468844964024063,IPOPT,1.0,1.0e-10,13.295173645019531,36479.11128157206,36479.11128148834,2.2951338814247766e-10,1.687538997430238e-14,NaN,33,INTERRUPTED,gap_and_residual
654,0.4468844964024063,MadNLP,1.0,0.01,17.239093780517578,36479.11128148834,36479.11128148834,0.0,1.1546319456101628e-14,NaN,34,LOCALLY_SOLVED,residual_tolerance_upper_bound
654,0.4468844964024063,ADMM,1.0,0.01,68.66836547851562,36588.97205510554,36479.11128148834,0.30116077326959206,5.169753514167041e-13,1.134236997953038,6,converged,gap_callback_with_solver_termination
654,0.4468844964024063,MEL-ADMM,1.0,0.01,14.427661895751953,36481.10332460971,36479.11128148834,0.0054607775556733615,4.14845935381436e-12,0.009822655254773771,18,converged,gap_residual_and_feasibility
654,0.4468844964024063,sMEL-ADMM,1.0,0.01,1.3509550000000001,36480.359607746956,36479.11128148834,0.003422030347682642,2.0000667788622195e-13,0.009613480805555241,35,converged,gap_residual_and_feasibility
655,0.3625526173204429,IPOPT,1.0,1.0e-10,12.387990951538086,36479.1112815711,36479.111281488345,2.2686063063635529e-10,1.2434497875801753e-14,NaN,33,INTERRUPTED,gap_and_residual
655,0.3625526173204429,MadNLP,1.0,0.01,17.46201515197754,36479.11128148837,36479.111281488345,5.983663547644328e-14,1.2434497875801753e-14,NaN,34,LOCALLY_SOLVED,residual_tolerance_upper_bound
655,0.3625526173204429,ADMM,1.0,0.01,69.87357139587402,36591.93107742915,36479.111281488345,0.309272325935357,2.365996287778671e-12,1.1523300171924875,6,converged,gap_callback_with_solver_termination
655,0.3625526173204429,MEL-ADMM,1.0,0.01,15.132904052734375,36480.97130167129,36479.111281488345,0.005098863754092165,5.6910032242285524e-12,0.0013757649036332253,19,converged,gap_residual_and_feasibility
655,0.3625526173204429,sMEL-ADMM,1.0,0.01,1.339419,36479.64787993331,36479.111281488345,0.0014709745553465317,1.9978463328129692e-13,0.006056972916717029,36,converged,gap_residual_and_feasibility
656,0.3444934655959763,IPOPT,1.0,1.0e-10,14.551877975463867,36479.111281558,36479.111281488345,1.909387038053305e-10,1.2434497875801753e-14,NaN,34,INTERRUPTED,gap_and_residual
656,0.3444934655959763,MadNLP,1.0,0.01,17.767906188964844,36479.111281488345,36479.111281488345,0.0,1.687538997430238e-14,NaN,35,LOCALLY_SOLVED,residual_tolerance_upper_bound
656,0.3444934655959763,ADMM,1.0,0.01,72.48330116271973,36575.73270084523,36479.111281488345,0.26486779957798107,1.5643042416968456e-12,1.1696408457753469,6,converged,gap_callback_with_solver_termination
656,0.3444934655959763,MEL-ADMM,1.0,0.01,14.806985855102539,36480.87596559532,36479.111281488345,0.004837519459713959,4.976186129823645e-12,0.0008511153990014009,19,converged,gap_residual_and_feasibility
656,0.3444934655959763,sMEL-ADMM,1.0,0.01,1.1555389999999999,36479.55658474571,36479.111281488345,0.0012207075274653627,2.0028423364237824e-13,0.006822129854549885,35,converged,gap_residual_and_feasibility
657,0.3609878369653106,IPOPT,1.0,1.0e-10,13.128995895385742,36479.11128157071,36479.11128148836,2.2574368010746158e-10,1.0658141036401503e-14,NaN,33,INTERRUPTED,gap_and_residual
657,0.3609878369653106,MadNLP,1.0,0.01,17.386913299560547,36479.111281488345,36479.11128148836,3.9891090317628836e-14,1.5987211554602254e-14,NaN,34,LOCALLY_SOLVED,residual_tolerance_upper_bound
657,0.3609878369653106,ADMM,1.0,0.01,70.91832160949707,36589.48388396616,36479.11128148836,0.3025638470907876,1.9693136010801027e-12,1.155135748697388,6,converged,gap_callback_with_solver_termination
657,0.3609878369653106,MEL-ADMM,1.0,0.01,15.276193618774414,36480.96114451936,36479.11128148836,0.005071020005735187,2.374989094278135e-12,0.0013283392027965135,19,converged,gap_residual_and_feasibility
657,0.3609878369653106,sMEL-ADMM,1.0,0.01,1.3582519999999998,36479.64356029843,36479.11128148836,0.0014591331624288207,2.0022872249114698e-13,0.009799444735460128,35,converged,gap_residual_and_feasibility
658,0.6269869531084611,IPOPT,1.0,1.0e-10,13.273000717163086,36479.11128156891,36479.11128148835,2.2083707599839328e-10,1.509903313490213e-14,NaN,33,INTERRUPTED,gap_and_residual
658,0.6269869531084611,MadNLP,1.0,0.01,17.655134201049805,36479.11128148836,36479.11128148835,1.994554515881442e-14,1.1546319456101628e-14,NaN,34,LOCALLY_SOLVED,residual_tolerance_upper_bound
658,0.6269869531084611,ADMM,1.0,0.01,71.23827934265137,36577.24266249656,36479.11128148835,0.2690070496810709,4.064748537757623e-12,1.173088990291716,6,converged,gap_callback_with_solver_termination
658,0.6269869531084611,MEL-ADMM,1.0,0.01,15.422344207763672,36480.85399480658,36479.11128148835,0.00477729104961105,6.518119377574294e-12,0.0008444433428529408,19,converged,gap_residual_and_feasibility
658,0.6269869531084611,sMEL-ADMM,1.0,0.01,1.165749,36480.704064781086,36479.11128148835,0.004366288642404314,2.0039525594484076e-13,0.009554014766679941,32,converged,gap_residual_and_feasibility
659,0.3539924915785594,IPOPT,1.0,1.0e-10,12.769937515258789,36479.1112815699,36479.11128148834,2.2358956123030975e-10,1.687538997430238e-14,NaN,33,INTERRUPTED,gap_and_residual
659,0.3539924915785594,MadNLP,1.0,0.01,17.00305938720703,36479.11128148834,36479.11128148834,0.0,1.1546319456101628e-14,NaN,34,LOCALLY_SOLVED,residual_tolerance_upper_bound
659,0.3539924915785594,ADMM,1.0,0.01,69.45395469665527,36583.97927119943,36479.11128148834,0.2874740804453441,9.94926363517834e-13,1.1752050927613658,6,converged,gap_callback_with_solver_termination
659,0.3539924915785594,MEL-ADMM,1.0,0.01,15.4571533203125,36480.92352594936,36479.11128148834,0.00496789641347297,2.0411450307733503e-12,0.0011697328761837156,19,converged,gap_residual_and_feasibility
659,0.3539924915785594,sMEL-ADMM,1.0,0.01,1.094292,36479.54613452431,36479.11128148834,0.00119206038934354,2.0000667788622195e-13,0.009838559940147817,31,converged,gap_residual_and_feasibility
660,0.2665355135307084,IPOPT,1.0,1.0e-10,15.093088150024414,36479.11128157146,36479.11128148835,2.2781801680397834e-10,1.4210854715202004e-14,NaN,34,INTERRUPTED,gap_and_residual
660,0.2665355135307084,MadNLP,1.0,0.01,18.537044525146484,36479.111281488345,36479.11128148835,1.994554515881442e-14,1.509903313490213e-14,NaN,35,LOCALLY_SOLVED,residual_tolerance_upper_bound
660,0.2665355135307084,ADMM,1.0,0.01,76.98535919189453,36606.128374180866,36479.11128148835,0.34819130244811886,1.5094037131291316e-12,1.4903719269028675,6,converged,gap_callback_with_solver_termination
660,0.2665355135307084,MEL-ADMM,1.0,0.01,13.261556625366211,36480.69050525202,36479.11128148835,0.004329117975173887,5.788147738883254e-13,0.006182127923374026,16,converged,gap_residual_and_feasibility
660,0.2665355135307084,sMEL-ADMM,1.0,0.01,1.3995819999999999,36479.63101863317,36479.11128148835,0.0014247527600253812,1.9972912213006566e-13,0.008202352924328693,39,converged,gap_residual_and_feasibility
661,0.313410009532503,IPOPT,1.0,1.0e-10,14.241933822631836,36479.111281571735,36479.11128148834,2.28615838610331e-10,1.1546319456101628e-14,NaN,34,INTERRUPTED,gap_and_residual
661,0.313410009532503,MadNLP,1.0,0.01,18.347978591918945,36479.11128148832,36479.11128148834,3.989109031762886e-14,1.2434497875801753e-14,NaN,35,LOCALLY_SOLVED,residual_tolerance_upper_bound
661,0.313410009532503,ADMM,1.0,0.01,72.49855995178223,36552.09116307501,36479.11128148834,0.20005937377018454,3.6262659541819176e-12,1.1205341918492913,6,converged,gap_callback_with_solver_termination
661,0.313410009532503,MEL-ADMM,1.0,0.01,12.978076934814453,36480.72377320862,36479.11128148834,0.004420315253407945,6.8121064344950355e-12,0.008867925621210304,16,converged,gap_residual_and_feasibility
661,0.313410009532503,sMEL-ADMM,1.0,0.01,1.5358749999999999,36479.44403442436,36479.11128148834,0.0009121739108643687,1.9972912213006566e-13,0.005823846207157146,39,converged,gap_residual_and_feasibility
662,0.27413247743176034,IPOPT,1.0,1.0e-10,12.98213005065918,36479.11128157148,36479.11128148835,2.2787785343945478e-10,1.2434497875801753e-14,NaN,34,INTERRUPTED,gap_and_residual
662,0.27413247743176034,MadNLP,1.0,0.01,17.35687255859375,36479.111281488345,36479.11128148835,1.994554515881442e-14,1.2434497875801753e-14,NaN,35,LOCALLY_SOLVED,residual_tolerance_upper_bound
662,0.27413247743176034,ADMM,1.0,0.01,73.32968711853027,36586.81021758442,36479.11128148835,0.29523453919974724,4.1466829969749597e-13,1.3298327394961964,6,converged,gap_callback_with_solver_termination
662,0.27413247743176034,MEL-ADMM,1.0,0.01,12.84646987915039,36480.696407383955,36479.11128148835,0.004345297459061381,3.721523089694756e-12,0.004870612925675033,16,converged,gap_residual_and_feasibility
662,0.27413247743176034,sMEL-ADMM,1.0,0.01,1.515749,36479.52883102307,36479.11128148835,0.0011446263904111393,2.000621890374532e-13,0.007914326774203673,39,converged,gap_residual_and_feasibility
663,0.35747942595372423,IPOPT,1.0,1.0e-10,13.507843017578125,36479.111281570236,36479.111281488345,2.2448711076245636e-10,1.509903313490213e-14,NaN,33,INTERRUPTED,gap_and_residual
663,0.35747942595372423,MadNLP,1.0,0.01,17.354965209960938,36479.11128148833,36479.111281488345,3.9891090317628855e-14,1.3322676295501878e-14,NaN,34,LOCALLY_SOLVED,residual_tolerance_upper_bound
663,0.35747942595372423,ADMM,1.0,0.01,71.68054580688477,36586.72850962863,36479.111281488345,0.29501055360110867,8.201772594418344e-13,1.1661664891671446,6,converged,gap_callback_with_solver_termination
663,0.35747942595372423,MEL-ADMM,1.0,0.01,15.179872512817383,36480.94221138852,36479.111281488345,0.005019118711663082,2.7290947279823285e-12,0.0012475880231104242,19,converged,gap_residual_and_feasibility
663,0.35747942595372423,sMEL-ADMM,1.0,0.01,1.34875,36479.62298308951,36479.111281488345,0.0014027249655728304,1.9978463328129692e-13,0.009093315201628371,35,converged,gap_residual_and_feasibility
664,0.6216649256042217,IPOPT,1.0,1.0e-10,13.947010040283203,36479.11128156984,36479.111281488345,2.234100513238804e-10,1.4210854715202004e-14,NaN,33,INTERRUPTED,gap_and_residual
664,0.6216649256042217,MadNLP,1.0,0.01,17.51089096069336,36479.111281488345,36479.111281488345,0.0,1.2434497875801753e-14,NaN,34,LOCALLY_SOLVED,residual_tolerance_upper_bound
664,0.6216649256042217,ADMM,1.0,0.01,70.64628601074219,36581.205020923844,36479.111281488345,0.27986904244377003,4.1588954502458364e-13,1.1651635859476306,6,converged,gap_callback_with_solver_termination
664,0.6216649256042217,MEL-ADMM,1.0,0.01,14.984607696533203,36480.87850128418,36479.111281488345,0.004844470530549807,4.786393503763975e-12,0.0009926158540025654,19,converged,gap_residual_and_feasibility
664,0.6216649256042217,sMEL-ADMM,1.0,0.01,1.11542,36480.77754273628,36479.111281488345,0.0045677133828081395,2.0039525594484076e-13,0.009976553834805557,29,converged,gap_residual_and_feasibility
665,0.6038145683592002,IPOPT,1.0,1.0e-10,12.602090835571289,36479.11128157195,36479.11128148834,2.2921420496509543e-10,1.1546319456101628e-14,NaN,33,INTERRUPTED,gap_and_residual
665,0.6038145683592002,MadNLP,1.0,0.01,16.946077346801758,36479.11128148834,36479.11128148834,0.0,1.2434497875801753e-14,NaN,34,LOCALLY_SOLVED,residual_tolerance_upper_bound
665,0.6038145683592002,ADMM,1.0,0.01,68.01891326904297,36597.154763170576,36479.11128148834,0.32359198877232603,1.5648593532091581e-12,1.1562824371695015,6,converged,gap_callback_with_solver_termination
665,0.6038145683592002,MEL-ADMM,1.0,0.01,14.707803726196289,36480.91464762727,36479.11128148834,0.004943558314836584,3.925193503562241e-12,0.00998568710670078,18,converged,gap_residual_and_feasibility
665,0.6038145683592002,sMEL-ADMM,1.0,0.01,1.176375,36480.767798309564,36479.11128148834,0.004541001036026165,2.0039525594484076e-13,0.009833828509512088,29,converged,gap_residual_and_feasibility
666,0.44071716057145655,IPOPT,1.0,1.0e-10,12.727022171020508,36479.111281572055,36479.111281488345,2.2947349705215997e-10,1.0658141036401503e-14,NaN,33,INTERRUPTED,gap_and_residual
666,0.44071716057145655,MadNLP,1.0,0.01,16.85309410095215,36479.111281488345,36479.111281488345,0.0,1.687538997430238e-14,NaN,34,LOCALLY_SOLVED,residual_tolerance_upper_bound
666,0.44071716057145655,ADMM,1.0,0.01,67.00420379638672,36588.972055428996,36479.111281488345,0.30116077415625125,9.34863297885613e-13,1.1342369994088166,6,converged,gap_callback_with_solver_termination
666,0.44071716057145655,MEL-ADMM,1.0,0.01,14.749526977539062,36481.10332455468,36479.111281488345,0.005460777404805257,2.7456370510492434e-12,0.009822655302214045,18,converged,gap_residual_and_feasibility
666,0.44071716057145655,sMEL-ADMM,1.0,0.01,1.348959,36480.28042403032,36479.111281488345,0.0032049644328120655,2.0028423364237824e-13,0.009670364499145379,34,converged,gap_residual_and_feasibility
667,0.40815661393224534,IPOPT,1.0,1.0e-10,14.081954956054688,36479.111281571975,36479.111281488345,2.29254096055413e-10,1.4210854715202004e-14,NaN,33,INTERRUPTED,gap_and_residual
667,0.40815661393224534,MadNLP,1.0,0.01,17.824888229370117,36479.11128148832,36479.111281488345,5.983663547644328e-14,1.4210854715202004e-14,NaN,34,LOCALLY_SOLVED,residual_tolerance_upper_bound
667,0.40815661393224534,ADMM,1.0,0.01,68.34006309509277,36588.97205725618,36479.111281488345,0.3011607791650962,8.98892071887758e-13,1.1342370016314334,6,converged,gap_callback_with_solver_termination
667,0.40815661393224534,MEL-ADMM,1.0,0.01,14.306783676147461,36481.10332451984,36479.111281488345,0.005460777309305986,1.8750001551381956e-12,0.009822655234459354,18,converged,gap_residual_and_feasibility
667,0.40815661393224534,sMEL-ADMM,1.0,0.01,1.1325429999999999,36479.99642376252,36479.111281488345,0.0024264359604094466,2.0083934515469082e-13,0.006050486797112953,35,converged,gap_residual_and_feasibility
668,0.47207142946898634,IPOPT,1.0,1.0e-10,14.348030090332031,36479.11128157211,36479.11128148834,2.2965300695858936e-10,1.1546319456101628e-14,NaN,33,INTERRUPTED,gap_and_residual
668,0.47207142946898634,MadNLP,1.0,0.01,17.147064208984375,36479.11128148833,36479.11128148834,1.994554515881443e-14,1.4210854715202004e-14,NaN,34,LOCALLY_SOLVED,residual_tolerance_upper_bound
668,0.47207142946898634,ADMM,1.0,0.01,66.66874885559082,36588.9720501523,36479.11128148834,0.3011607596912832,2.978284285859445e-12,1.1342369910931254,6,converged,gap_callback_with_solver_termination
668,0.47207142946898634,MEL-ADMM,1.0,0.01,14.364480972290039,36481.103324323085,36479.11128148834,0.005460776769958501,3.2763236568200682e-12,0.009822655306569672,18,converged,gap_residual_and_feasibility
668,0.47207142946898634,sMEL-ADMM,1.0,0.01,1.2645849999999998,36480.62812563339,36479.11128148834,0.004158117047717588,2.0106138975961585e-13,0.009297502403695646,32,converged,gap_residual_and_feasibility
669,0.6573455824110795,IPOPT,1.0,1.0e-10,13.425111770629883,36479.1113460116,36479.111281488316,1.7687735376045354e-7,1.3322676295501878e-14,NaN,33,INTERRUPTED,gap_and_residual
669,0.6573455824110795,MadNLP,1.0,0.01,17.963171005249023,36479.11128148833,36479.111281488316,3.9891090317628886e-14,1.0658141036401503e-14,NaN,35,LOCALLY_SOLVED,residual_tolerance_upper_bound
669,0.6573455824110795,ADMM,1.0,0.01,71.22611999511719,36558.03769476376,36479.111281488316,0.2163605704821514,1.7604806501481107e-12,1.1326760971181535,6,converged,gap_callback_with_solver_termination
669,0.6573455824110795,MEL-ADMM,1.0,0.01,12.588977813720703,36480.68655244882,36479.111281488316,0.004318282176188141,1.598610133157763e-12,0.008989292580579011,16,converged,gap_residual_and_feasibility
669,0.6573455824110795,sMEL-ADMM,1.0,0.01,1.203458,36480.71664504062,36479.111281488316,0.004400774843219513,2.000621890374532e-13,0.009711568895660605,32,converged,gap_residual_and_feasibility
670,0.6118185180482071,IPOPT,1.0,1.0e-10,12.974023818969727,36479.11128157147,36479.11128148834,2.2789779898461368e-10,1.3322676295501878e-14,NaN,33,INTERRUPTED,gap_and_residual
670,0.6118185180482071,MadNLP,1.0,0.01,18.375873565673828,36479.11128148833,36479.11128148834,1.994554515881443e-14,1.4210854715202004e-14,NaN,34,LOCALLY_SOLVED,residual_tolerance_upper_bound
670,0.6118185180482071,ADMM,1.0,0.01,69.97323036193848,36588.554537783384,36479.11128148834,0.3000162351832952,2.0218271501448726e-12,1.141443394597978,6,converged,gap_callback_with_solver_termination
670,0.6118185180482071,MEL-ADMM,1.0,0.01,15.744209289550781,36480.93008992496,36479.11128148834,0.004985890205999244,3.5126346276115328e-12,0.0012511253265614641,19,converged,gap_residual_and_feasibility
670,0.6118185180482071,sMEL-ADMM,1.0,0.01,0.9612499999999999,36480.77213599429,36479.11128148834,0.004552891908835083,2.0039525594484076e-13,0.009763530366011963,29,converged,gap_residual_and_feasibility
671,0.6906377629787686,IPOPT,1.0,1.0e-10,12.85099983215332,36479.11128157195,36479.111281488345,2.2919425941993656e-10,1.4210854715202004e-14,NaN,34,INTERRUPTED,gap_and_residual
671,0.6906377629787686,MadNLP,1.0,0.01,17.505168914794922,36479.111281488375,36479.111281488345,7.978218063525771e-14,1.2434497875801753e-14,NaN,35,LOCALLY_SOLVED,residual_tolerance_upper_bound
671,0.6906377629787686,ADMM,1.0,0.01,71.7473030090332,36595.534317390455,36479.111281488345,0.319149869095603,3.955502592134508e-12,1.323360441030994,6,converged,gap_callback_with_solver_termination
671,0.6906377629787686,MEL-ADMM,1.0,0.01,13.092517852783203,36480.65741767502,36479.111281488345,0.004238415170659736,1.905697821769081e-12,0.004951361045613112,16,converged,gap_residual_and_feasibility
671,0.6906377629787686,sMEL-ADMM,1.0,0.01,1.165165,36480.73719678394,36479.111281488345,0.004457113231325647,2.000621890374532e-13,0.009898874595704044,32,converged,gap_residual_and_feasibility
672,0.6014952728454872,IPOPT,1.0,1.0e-10,12.953042984008789,36479.111281571924,36479.11128148833,2.2915436832961903e-10,1.2434497875801753e-14,NaN,33,INTERRUPTED,gap_and_residual
672,0.6014952728454872,MadNLP,1.0,0.01,17.409086227416992,36479.11128148835,36479.11128148833,5.98366354764433e-14,1.1546319456101628e-14,NaN,34,LOCALLY_SOLVED,residual_tolerance_upper_bound
672,0.6014952728454872,ADMM,1.0,0.01,70.79052925109863,36599.22732280605,36479.11128148833,0.32927348583372534,3.801403636316536e-13,1.160056346784403,6,converged,gap_callback_with_solver_termination
672,0.6014952728454872,MEL-ADMM,1.0,0.01,14.622926712036133,36480.93099903793,36479.11128148833,0.004988382352740962,1.322164600026099e-12,0.009939159994205582,18,converged,gap_residual_and_feasibility
672,0.6014952728454872,sMEL-ADMM,1.0,0.01,1.090373,36480.76654985721,36479.11128148833,0.004537578660033674,2.007283228522283e-13,0.009872325319191688,29,converged,gap_residual_and_feasibility
673,0.30746601075843394,IPOPT,1.0,1.0e-10,12.974023818969727,36479.111281571684,36479.11128148834,2.284762197942193e-10,1.3322676295501878e-14,NaN,34,INTERRUPTED,gap_and_residual
673,0.30746601075843394,MadNLP,1.0,0.01,17.663002014160156,36479.11128148832,36479.11128148834,3.989109031762886e-14,1.0658141036401503e-14,NaN,35,LOCALLY_SOLVED,residual_tolerance_upper_bound
673,0.30746601075843394,ADMM,1.0,0.01,72.76558876037598,36551.08674390436,36479.11128148834,0.19730596466735797,7.485123632022805e-13,1.1134057140053102,6,converged,gap_callback_with_solver_termination
673,0.30746601075843394,MEL-ADMM,1.0,0.01,12.969017028808594,36480.71590749109,36479.11128148834,0.004398753002419976,4.238220885355304e-12,0.008090097315767153,16,converged,gap_residual_and_feasibility
673,0.30746601075843394,sMEL-ADMM,1.0,0.01,1.388663,36479.43763817676,36479.11128148834,0.0008946399102254915,1.9972912213006566e-13,0.006038589224196755,39,converged,gap_residual_and_feasibility
674,0.6775680455107855,IPOPT,1.0,1.0e-10,12.557029724121094,36479.11134601266,36479.111281488345,1.768801660823208e-7,1.3322676295501878e-14,NaN,33,INTERRUPTED,gap_and_residual
674,0.6775680455107855,MadNLP,1.0,0.01,17.416000366210938,36479.111281488316,36479.111281488345,7.978218063525771e-14,1.509903313490213e-14,NaN,35,LOCALLY_SOLVED,residual_tolerance_upper_bound
674,0.6775680455107855,ADMM,1.0,0.01,70.5571174621582,36570.7786170732,36479.111281488345,0.2512871952321155,1.5296652833285407e-12,1.1226049809182728,6,converged,gap_callback_with_solver_termination
674,0.6775680455107855,MEL-ADMM,1.0,0.01,12.778043746948242,36480.663095442695,36479.111281488345,0.004253979605957895,3.711919660531748e-12,0.005959430072709715,16,converged,gap_residual_and_feasibility
674,0.6775680455107855,sMEL-ADMM,1.0,0.01,1.228,36480.72912474066,36479.111281488345,0.004434985380624228,1.992850329202156e-13,0.00982102504110216,32,converged,gap_residual_and_feasibility
675,0.3772617590960719,IPOPT,1.0,1.0e-10,12.259960174560547,36479.11128157195,36479.11128148836,2.2915436832961885e-10,1.0658141036401503e-14,NaN,32,INTERRUPTED,gap_and_residual
675,0.3772617590960719,MadNLP,1.0,0.01,17.130136489868164,36479.11128148837,36479.11128148836,1.9945545158814418e-14,1.2434497875801753e-14,NaN,33,LOCALLY_SOLVED,residual_tolerance_upper_bound
675,0.3772617590960719,ADMM,1.0,0.01,68.76492500305176,36595.71638557297,36479.11128148836,0.3196489716671884,3.0294100561434334e-12,1.0572625796114918,6,converged,gap_callback_with_solver_termination
675,0.3772617590960719,MEL-ADMM,1.0,0.01,14.526844024658203,36481.00774496618,36479.11128148836,0.005198765570747609,2.43788322862315e-12,0.009902341470730214,18,converged,gap_residual_and_feasibility
675,0.3772617590960719,sMEL-ADMM,1.0,0.01,1.2342080000000002,36479.70003937065,36479.11128148836,0.001613958952411156,1.9950707752514063e-13,0.0068660825402080405,33,converged,gap_residual_and_feasibility
676,0.583845254036155,IPOPT,1.0,1.0e-10,13.859987258911133,36479.111281572084,36479.11128148833,2.2959317032311294e-10,1.2434497875801753e-14,NaN,33,INTERRUPTED,gap_and_residual
676,0.583845254036155,MadNLP,1.0,0.01,17.709016799926758,36479.11128148834,36479.11128148833,1.9945545158814434e-14,1.687538997430238e-14,NaN,34,LOCALLY_SOLVED,residual_tolerance_upper_bound
676,0.583845254036155,ADMM,1.0,0.01,69.66280937194824,36593.29804021292,36479.11128148833,0.3130195739788544,3.632649736573512e-13,1.0827550702214204,6,converged,gap_callback_with_solver_termination
676,0.583845254036155,MEL-ADMM,1.0,0.01,14.767169952392578,36481.05861942418,36479.11128148833,0.005338227460695301,1.5489831639570184e-12,0.009917305699469914,18,converged,gap_residual_and_feasibility
676,0.583845254036155,sMEL-ADMM,1.0,0.01,0.9937520000000001,36480.69060971224,36479.11128148833,0.004329404331490854,1.999511667349907e-13,0.009344809777099172,32,converged,gap_residual_and_feasibility
677,0.558324991230319,IPOPT,1.0,1.0e-10,13.842105865478516,36479.1112815721,36479.11128148833,2.2963306141343057e-10,1.2434497875801753e-14,NaN,33,INTERRUPTED,gap_and_residual
677,0.558324991230319,MadNLP,1.0,0.01,16.96610450744629,36479.11128148833,36479.11128148833,0.0,1.3322676295501878e-14,NaN,34,LOCALLY_SOLVED,residual_tolerance_upper_bound
677,0.558324991230319,ADMM,1.0,0.01,66.53404235839844,36588.972052456455,36479.11128148833,0.3011607660076784,3.481659405224491e-13,1.134236995570049,6,converged,gap_callback_with_solver_termination
677,0.558324991230319,MEL-ADMM,1.0,0.01,14.65606689453125,36481.10332468992,36479.11128148833,0.005460777775572998,6.3119509619014025e-12,0.009822655279145387,18,converged,gap_residual_and_feasibility
677,0.558324991230319,sMEL-ADMM,1.0,0.01,1.2662879999999999,36480.68285306985,36479.11128148833,0.004308141087620939,2.0028423364237824e-13,0.009220891536475762,32,converged,gap_residual_and_feasibility
678,0.6685527496424155,IPOPT,1.0,1.0e-10,13.473033905029297,36479.11128155854,36479.111281488345,1.9241467414708278e-10,1.0658141036401503e-14,NaN,34,INTERRUPTED,gap_and_residual
678,0.6685527496424155,MadNLP,1.0,0.01,18.75901222229004,36479.111281488345,36479.111281488345,0.0,1.1546319456101628e-14,NaN,35,LOCALLY_SOLVED,residual_tolerance_upper_bound
678,0.6685527496424155,ADMM,1.0,0.01,73.95410537719727,36561.46086502838,36479.111281488345,0.22574448950959172,3.8458125573015423e-13,1.1234500222244534,6,converged,gap_callback_with_solver_termination
678,0.6685527496424155,MEL-ADMM,1.0,0.01,12.996435165405273,36480.6723422606,36479.111281488345,0.00427932786029182,2.6788571361180402e-12,0.007279996978425629,16,converged,gap_residual_and_feasibility
678,0.6685527496424155,sMEL-ADMM,1.0,0.01,1.054208,36480.723556577046,36479.111281488345,0.004419721402365584,1.9972912213006566e-13,0.00977112494646093,32,converged,gap_residual_and_feasibility
679,0.5814654060864329,IPOPT,1.0,1.0e-10,12.659072875976562,36479.11128157206,36479.111281488345,2.294934425973188e-10,1.0658141036401503e-14,NaN,33,INTERRUPTED,gap_and_residual
679,0.5814654060864329,MadNLP,1.0,0.01,17.524003982543945,36479.11128148832,36479.111281488345,5.983663547644328e-14,9.769962616701378e-15,NaN,34,LOCALLY_SOLVED,residual_tolerance_upper_bound
679,0.5814654060864329,ADMM,1.0,0.01,68.80831718444824,36591.23830345876,36479.111281488345,0.3073732282159966,2.723821168615359e-12,1.1098155308388815,6,converged,gap_callback_with_solver_termination
679,0.5814654060864329,MEL-ADMM,1.0,0.01,14.675378799438477,36481.0751762349,36479.111281488345,0.005383614560681307,2.7801094759638545e-12,0.009886479932805337,18,converged,gap_residual_and_feasibility
679,0.5814654060864329,sMEL-ADMM,1.0,0.01,1.1949949999999998,36480.68987695174,36479.111281488345,0.0043273956188690866,2.0117241206207837e-13,0.009333378922269375,32,converged,gap_residual_and_feasibility
680,0.6547970584912466,IPOPT,1.0,1.0e-10,13.555049896240234,36479.11134601534,36479.11128148832,1.7688758582511999e-7,1.3322676295501878e-14,NaN,33,INTERRUPTED,gap_and_residual
680,0.6547970584912466,MadNLP,1.0,0.01,18.48006248474121,36479.11128148833,36479.11128148832,1.9945545158814437e-14,1.2434497875801753e-14,NaN,35,LOCALLY_SOLVED,residual_tolerance_upper_bound
680,0.6547970584912466,ADMM,1.0,0.01,71.75159454345703,36558.474024895106,36479.11128148832,0.2175566800254136,2.2810642263948466e-12,1.1381981252909945,6,converged,gap_callback_with_solver_termination
680,0.6547970584912466,MEL-ADMM,1.0,0.01,12.794256210327148,36480.692652326565,36479.11128148832,0.004335003739643213,2.822631017806998e-12,0.009383193208346796,16,converged,gap_residual_and_feasibility
680,0.6547970584912466,sMEL-ADMM,1.0,0.01,1.029375,36480.71507662487,36479.11128148832,0.004396475353162459,1.9950707752514063e-13,0.009698145780237866,32,converged,gap_residual_and_feasibility
681,0.6016245695623791,IPOPT,1.0,1.0e-10,13.073921203613281,36479.11128157194,36479.11128148836,2.2911447723930122e-10,1.1546319456101628e-14,NaN,33,INTERRUPTED,gap_and_residual
681,0.6016245695623791,MadNLP,1.0,0.01,17.438888549804688,36479.11128148833,36479.11128148836,7.978218063525767e-14,1.2434497875801753e-14,NaN,34,LOCALLY_SOLVED,residual_tolerance_upper_bound
681,0.6016245695623791,ADMM,1.0,0.01,70.58238983154297,36599.13622498696,36479.11128148836,0.3290237598510554,9.556799795973347e-13,1.1599647386509222,6,converged,gap_callback_with_solver_termination
681,0.6016245695623791,MEL-ADMM,1.0,0.01,14.674901962280273,36480.9300500538,36479.11128148836,0.0049857809073437665,5.326183938336726e-12,0.009940594114952184,18,converged,gap_residual_and_feasibility
681,0.6016245695623791,sMEL-ADMM,1.0,0.01,0.9819150000000001,36480.766619353904,36479.11128148836,0.004537769170885587,2.0106138975961585e-13,0.009870189096021775,29,converged,gap_residual_and_feasibility
682,0.26043404466370995,IPOPT,1.0,1.0e-10,13.762950897216797,36479.11128157143,36479.11128148835,2.2773823462334308e-10,1.1546319456101628e-14,NaN,34,INTERRUPTED,gap_and_residual
682,0.26043404466370995,MadNLP,1.0,0.01,18.194198608398438,36479.11128148833,36479.11128148835,5.983663547644327e-14,1.1546319456101628e-14,NaN,35,LOCALLY_SOLVED,residual_tolerance_upper_bound
682,0.26043404466370995,ADMM,1.0,0.01,74.20659065246582,36625.9000034482,36479.11128148835,0.4023911679951973,8.279765761898261e-12,1.6281505446401132,6,converged,gap_callback_with_solver_termination
682,0.26043404466370995,MEL-ADMM,1.0,0.01,12.781858444213867,36480.6871348064,36479.11128148835,0.004319878589938232,1.5813461651248417e-12,0.00730651268324678,16,converged,gap_residual_and_feasibility
682,0.26043404466370995,sMEL-ADMM,1.0,0.01,1.3853330000000001,36479.717827470944,36479.11128148835,0.0016627213802194224,2.0022872249114698e-13,0.008411845563237819,39,converged,gap_residual_and_feasibility
683,0.6125926981991755,IPOPT,1.0,1.0e-10,13.18812370300293,36479.11128157139,36479.11128148835,2.27638506897549e-10,1.509903313490213e-14,NaN,33,INTERRUPTED,gap_and_residual
683,0.6125926981991755,MadNLP,1.0,0.01,17.081022262573242,36479.11128148832,36479.11128148835,7.978218063525768e-14,1.3322676295501878e-14,NaN,34,LOCALLY_SOLVED,residual_tolerance_upper_bound
683,0.6125926981991755,ADMM,1.0,0.01,68.35126876831055,36587.9515681583,36479.11128148835,0.2983633176534623,2.8989033395987462e-12,1.1435134880813793,6,converged,gap_callback_with_solver_termination
683,0.6125926981991755,MEL-ADMM,1.0,0.01,15.362977981567383,36480.925668854354,36479.11128148835,0.004973770747868399,2.1680435224880057e-12,0.0012308590458953717,19,converged,gap_residual_and_feasibility
683,0.6125926981991755,sMEL-ADMM,1.0,0.01,1.020875,36480.77255790434,36479.11128148835,0.004554048488649066,1.9972912213006566e-13,0.009780135792322397,29,converged,gap_residual_and_feasibility
684,0.5600549768933586,IPOPT,1.0,1.0e-10,13.108968734741211,36479.1112815721,36479.11128148835,2.29573224777954e-10,1.3322676295501878e-14,NaN,33,INTERRUPTED,gap_and_residual
684,0.5600549768933586,MadNLP,1.0,0.01,17.589092254638672,36479.11128148832,36479.11128148835,7.978218063525768e-14,1.2434497875801753e-14,NaN,34,LOCALLY_SOLVED,residual_tolerance_upper_bound
684,0.5600549768933586,ADMM,1.0,0.01,68.7408447265625,36588.97205150655,36479.11128148835,0.30116076340364767,1.1683987111155147e-12,1.1342369873039244,6,converged,gap_callback_with_solver_termination
684,0.5600549768933586,MEL-ADMM,1.0,0.01,15.01321792602539,36481.10332438928,36479.11128148835,0.005460776951383178,1.556421658222007e-12,0.009822655349450038,18,converged,gap_residual_and_feasibility
684,0.5600549768933586,sMEL-ADMM,1.0,0.01,1.215873,36480.6833728109,36479.11128148835,0.004309565851026618,2.007283228522283e-13,0.009229343252876276,32,converged,gap_residual_and_feasibility
685,0.661294733332394,IPOPT,1.0,1.0e-10,12.575864791870117,36479.11134600668,36479.111281488316,1.7686385062638102e-7,1.509903313490213e-14,NaN,33,INTERRUPTED,gap_and_residual
685,0.661294733332394,MadNLP,1.0,0.01,17.518043518066406,36479.11128148837,36479.111281488316,1.396188161117011e-13,1.3322676295501878e-14,NaN,35,LOCALLY_SOLVED,residual_tolerance_upper_bound
685,0.661294733332394,ADMM,1.0,0.01,71.72155380249023,36558.14969943694,36479.111281488316,0.21666760831624135,8.961720254774264e-13,1.1289675440095381,6,converged,gap_callback_with_solver_termination
685,0.661294733332394,MEL-ADMM,1.0,0.01,12.969017028808594,36480.67886044442,36479.111281488316,0.004297196124133452,1.9662049766111522e-12,0.008339283417622134,16,converged,gap_residual_and_feasibility
685,0.661294733332394,sMEL-ADMM,1.0,0.01,1.275873,36480.71907791206,36479.111281488316,0.004407444061163257,1.9972912213006566e-13,0.00973243256989953,32,converged,gap_residual_and_feasibility
686,0.5308168984140746,IPOPT,1.0,1.0e-10,12.887001037597656,36479.111281572135,36479.11128148834,2.2971284359406578e-10,1.3322676295501878e-14,NaN,33,INTERRUPTED,gap_and_residual
686,0.5308168984140746,MadNLP,1.0,0.01,17.07315444946289,36479.11128148832,36479.11128148834,3.989109031762886e-14,1.509903313490213e-14,NaN,34,LOCALLY_SOLVED,residual_tolerance_upper_bound
686,0.5308168984140746,ADMM,1.0,0.01,67.71540641784668,36588.972047920004,36479.11128148834,0.3011607535719102,7.503997423441433e-13,1.1342369847183082,6,converged,gap_callback_with_solver_termination
686,0.5308168984140746,MEL-ADMM,1.0,0.01,14.88947868347168,36481.10332442181,36479.11128148834,0.0054607770405996035,7.487344078072056e-13,0.009822655400713032,18,converged,gap_residual_and_feasibility
686,0.5308168984140746,sMEL-ADMM,1.0,0.01,1.169003,36480.67499976068,36479.11128148834,0.0042866128516061185,2.0106138975961585e-13,0.009080810853070886,32,converged,gap_residual_and_feasibility
687,0.5131967333204281,IPOPT,1.0,1.0e-10,13.226032257080078,36479.11128157213,36479.11128148833,2.2971284359406583e-10,1.2434497875801753e-14,NaN,33,INTERRUPTED,gap_and_residual
687,0.5131967333204281,MadNLP,1.0,0.01,18.97907257080078,36479.11128148832,36479.11128148833,1.9945545158814434e-14,1.509903313490213e-14,NaN,34,LOCALLY_SOLVED,residual_tolerance_upper_bound
687,0.5131967333204281,ADMM,1.0,0.01,70.75691223144531,36588.97204801677,36479.11128148833,0.301160753837186,7.602807272633072e-13,1.1342369866563606,6,converged,gap_callback_with_solver_termination
687,0.5131967333204281,MEL-ADMM,1.0,0.01,14.780282974243164,36481.103324494776,36479.11128148833,0.005460777240633477,1.2113643421685083e-12,0.00982265520106651,18,converged,gap_residual_and_feasibility
687,0.5131967333204281,sMEL-ADMM,1.0,0.01,1.309666,36480.67041155213,36479.11128148833,0.0042740352191317,2.0028423364237824e-13,0.008985687035242051,32,converged,gap_residual_and_feasibility
688,0.5720576731230281,IPOPT,1.0,1.0e-10,14.72783088684082,36479.111281572106,36479.111281488316,2.2969289804890712e-10,1.2434497875801753e-14,NaN,33,INTERRUPTED,gap_and_residual
688,0.5720576731230281,MadNLP,1.0,0.01,17.563819885253906,36479.11128148832,36479.111281488316,1.9945545158814443e-14,1.2434497875801753e-14,NaN,34,LOCALLY_SOLVED,residual_tolerance_upper_bound
688,0.5720576731230281,ADMM,1.0,0.01,70.28031349182129,36588.97205234689,36479.111281488316,0.3011607657073784,1.2921885783612197e-12,1.1342369917815232,6,converged,gap_callback_with_solver_termination
688,0.5720576731230281,MEL-ADMM,1.0,0.01,14.800548553466797,36481.10332469717,36479.111281488316,0.005460777795498599,6.654010675788413e-12,0.009822655729690766,18,converged,gap_residual_and_feasibility
688,0.5720576731230281,sMEL-ADMM,1.0,0.01,1.112586,36480.68699797656,36479.111281488316,0.0043195034991020936,2.0017321133991572e-13,0.009287982445018272,32,converged,gap_residual_and_feasibility
689,0.37520816539709,IPOPT,1.0,1.0e-10,13.173103332519531,36479.11128157198,36479.11128148836,2.2923415051025411e-10,1.0658141036401503e-14,NaN,33,INTERRUPTED,gap_and_residual
689,0.37520816539709,MadNLP,1.0,0.01,17.492055892944336,36479.111281488345,36479.11128148836,3.9891090317628836e-14,1.0658141036401503e-14,NaN,34,LOCALLY_SOLVED,residual_tolerance_upper_bound
689,0.37520816539709,ADMM,1.0,0.01,69.65494155883789,36596.46121050256,36479.11128148836,0.3216907564131071,1.5991097335188442e-12,1.0878184214459754,6,converged,gap_callback_with_solver_termination
689,0.37520816539709,MEL-ADMM,1.0,0.01,14.833927154541016,36480.99401606072,36479.11128148836,0.005161130592886747,2.13690176664727e-12,0.009919339550223505,18,converged,gap_residual_and_feasibility
689,0.37520816539709,sMEL-ADMM,1.0,0.01,1.057625,36479.68770991765,36479.11128148836,0.0015801602863652938,2.000621890374532e-13,0.007403338559676342,33,converged,gap_residual_and_feasibility
690,0.42599395219704356,IPOPT,1.0,1.0e-10,13.147115707397461,36479.111281572026,36479.11128148835,2.2937376932636585e-10,1.509903313490213e-14,NaN,33,INTERRUPTED,gap_and_residual
690,0.42599395219704356,MadNLP,1.0,0.01,18.926143646240234,36479.11128148834,36479.11128148835,3.989109031762884e-14,1.5987211554602254e-14,NaN,34,LOCALLY_SOLVED,residual_tolerance_upper_bound
690,0.42599395219704356,ADMM,1.0,0.01,69.08583641052246,36588.97205546322,36479.11128148835,0.3011607742500551,4.014566457044566e-13,1.1342369929181677,6,converged,gap_callback_with_solver_termination
690,0.42599395219704356,MEL-ADMM,1.0,0.01,14.963150024414062,36481.10332461847,36479.11128148835,0.005460777579647904,4.407196829703253e-12,0.009822655090861332,18,converged,gap_residual_and_feasibility
690,0.42599395219704356,sMEL-ADMM,1.0,0.01,1.1019580000000002,36480.20188574564,36479.11128148835,0.0029896678372291,2.003397447936095e-13,0.007973800945041631,36,converged,gap_residual_and_feasibility
691,0.36764192159215925,IPOPT,1.0,1.0e-10,14.466047286987305,36479.11128157186,36479.11128148834,2.2895491287803086e-10,1.2434497875801753e-14,NaN,33,INTERRUPTED,gap_and_residual
691,0.36764192159215925,MadNLP,1.0,0.01,18.512964248657227,36479.111281488345,36479.11128148834,1.994554515881443e-14,1.1546319456101628e-14,NaN,34,LOCALLY_SOLVED,residual_tolerance_upper_bound
691,0.36764192159215925,ADMM,1.0,0.01,70.88422775268555,36598.6751439646,36479.11128148834,0.32775980081767736,1.395605853105053e-12,1.170258589957058,6,converged,gap_callback_with_solver_termination
691,0.36764192159215925,MEL-ADMM,1.0,0.01,14.76144790649414,36480.93880966906,36479.11128148834,0.0050097935956275675,2.0933255129307327e-12,0.009940052325156046,18,converged,gap_residual_and_feasibility
691,0.36764192159215925,sMEL-ADMM,1.0,0.01,1.081123,36479.62450715514,36479.11128148834,0.0014069028788558293,2.0039525594484076e-13,0.009810348572754535,32,converged,gap_residual_and_feasibility
692,0.4119859305390835,IPOPT,1.0,1.0e-10,13.270139694213867,36479.111281572004,36479.111281488345,2.2933387823604827e-10,1.509903313490213e-14,NaN,33,INTERRUPTED,gap_and_residual
692,0.4119859305390835,MadNLP,1.0,0.01,17.402172088623047,36479.111281488375,36479.111281488345,7.978218063525771e-14,1.4210854715202004e-14,NaN,34,LOCALLY_SOLVED,residual_tolerance_upper_bound
692,0.4119859305390835,ADMM,1.0,0.01,68.9687728881836,36588.972056402636,36479.111281488345,0.3011607768252843,3.339550858072471e-13,1.1342369969200279,6,converged,gap_callback_with_solver_termination
692,0.4119859305390835,MEL-ADMM,1.0,0.01,14.625787734985352,36481.1033245916,36479.111281488345,0.005460777506008953,3.7093661475751105e-12,0.00982265540946603,18,converged,gap_residual_and_feasibility
692,0.4119859305390835,sMEL-ADMM,1.0,0.01,1.12029,36480.040145426436,36479.111281488345,0.0025462899326760113,2.000621890374532e-13,0.007945378080757237,35,converged,gap_residual_and_feasibility
693,0.6098191962276676,IPOPT,1.0,1.0e-10,12.656927108764648,36479.11128157182,36479.11128148834,2.2885518515223678e-10,1.509903313490213e-14,NaN,33,INTERRUPTED,gap_and_residual
693,0.6098191962276676,MadNLP,1.0,0.01,18.86916160583496,36479.11128148834,36479.11128148834,0.0,1.0658141036401503e-14,NaN,34,LOCALLY_SOLVED,residual_tolerance_upper_bound
693,0.6098191962276676,ADMM,1.0,0.01,68.44925880432129,36590.40662337786,36479.11128148834,0.3050933478908444,2.2306601010768645e-12,1.1384428157170738,6,converged,gap_callback_with_solver_termination
693,0.6098191962276676,MEL-ADMM,1.0,0.01,15.581369400024414,36480.941738903515,36479.11128148834,0.005017823490963065,6.051603662626803e-12,0.0013047291608732081,19,converged,gap_residual_and_feasibility
693,0.6098191962276676,sMEL-ADMM,1.0,0.01,0.939209,36480.77104830248,36479.11128148834,0.004549910224875944,2.007283228522283e-13,0.009732380480381053,29,converged,gap_residual_and_feasibility
694,0.7318810303359118,IPOPT,1.0,1.0e-10,13.354063034057617,36479.11128157173,36479.111281488345,2.2857594752001332e-10,1.5987211554602254e-14,NaN,34,INTERRUPTED,gap_and_residual
694,0.7318810303359118,MadNLP,1.0,0.01,17.666101455688477,36479.11128148833,36479.111281488345,3.9891090317628855e-14,1.3322676295501878e-14,NaN,35,LOCALLY_SOLVED,residual_tolerance_upper_bound
694,0.7318810303359118,ADMM,1.0,0.01,75.94418525695801,36800.57793448703,36479.111281488345,0.8812348812944282,4.626521388217952e-12,2.275695794425002,6,converged,gap_callback_with_solver_termination
694,0.7318810303359118,MEL-ADMM,1.0,0.01,14.76430892944336,36480.53563708736,36479.111281488345,0.0039045786725091466,6.91779966643935e-13,0.0057688301683391785,19,converged,gap_residual_and_feasibility
694,0.7318810303359118,sMEL-ADMM,1.0,0.01,1.285204,36480.77451223667,36479.111281488345,0.004559405889822978,1.9972912213006566e-13,0.005897840339978089,33,converged,gap_residual_and_feasibility
695,0.3332612025519381,IPOPT,1.0,1.0e-10,13.509035110473633,36479.11128155788,36479.11128148835,1.9059962953763062e-10,1.687538997430238e-14,NaN,34,INTERRUPTED,gap_and_residual
695,0.3332612025519381,MadNLP,1.0,0.01,18.6769962310791,36479.11128148833,36479.11128148835,5.983663547644327e-14,1.0658141036401503e-14,NaN,35,LOCALLY_SOLVED,residual_tolerance_upper_bound
695,0.3332612025519381,ADMM,1.0,0.01,69.7481632232666,36566.30923208431,36479.11128148835,0.2390352931657359,5.614952947041729e-13,1.152011453180112,6,converged,gap_callback_with_solver_termination
695,0.3332612025519381,MEL-ADMM,1.0,0.01,15.259504318237305,36480.83122930955,36479.11128148835,0.004714884109776908,1.3782863739209006e-12,0.0007496604017074304,19,converged,gap_residual_and_feasibility
695,0.3332612025519381,sMEL-ADMM,1.0,0.01,1.382915,36479.5095073797,36479.11128148835,0.0010916545862994461,1.9978463328129692e-13,0.009354422091435666,35,converged,gap_residual_and_feasibility
696,0.31053227710721365,IPOPT,1.0,1.0e-10,13.046979904174805,36479.11128157173,36479.111281488345,2.2857594752001332e-10,1.5987211554602254e-14,NaN,34,INTERRUPTED,gap_and_residual
696,0.31053227710721365,MadNLP,1.0,0.01,17.880916595458984,36479.11128148833,36479.111281488345,3.9891090317628855e-14,1.2434497875801753e-14,NaN,35,LOCALLY_SOLVED,residual_tolerance_upper_bound
696,0.31053227710721365,ADMM,1.0,0.01,72.70646095275879,36550.93275509552,36479.111281488345,0.19688383593824407,1.5628054406136016e-12,1.1133113798446654,6,converged,gap_callback_with_solver_termination
696,0.31053227710721365,MEL-ADMM,1.0,0.01,12.76850700378418,36480.71902781646,36479.111281488345,0.0044073067342897355,3.341049659155715e-12,0.008454120535445142,16,converged,gap_residual_and_feasibility
696,0.31053227710721365,sMEL-ADMM,1.0,0.01,1.1282480000000001,36479.440476303535,36479.111281488345,0.0009024200525306242,2.0000667788622195e-13,0.005868019818411341,39,converged,gap_residual_and_feasibility
697,0.7057247856453359,IPOPT,1.0,1.0e-10,13.962030410766602,36479.111281571895,36479.11128148834,2.290546406038249e-10,1.1546319456101628e-14,NaN,34,INTERRUPTED,gap_and_residual
697,0.7057247856453359,MadNLP,1.0,0.01,18.178939819335938,36479.11128148837,36479.11128148834,7.978218063525772e-14,1.3322676295501878e-14,NaN,35,LOCALLY_SOLVED,residual_tolerance_upper_bound
697,0.7057247856453359,ADMM,1.0,0.01,73.59862327575684,36643.824649493356,36479.11128148834,0.4515279079416683,9.356182495423582e-12,1.66944265686837,6,converged,gap_callback_with_solver_termination
697,0.7057247856453359,MEL-ADMM,1.0,0.01,13.098716735839844,36480.64980077524,36479.11128148834,0.00421753500250584,7.721601136267964e-13,0.007380605091804604,16,converged,gap_residual_and_feasibility
697,0.7057247856453359,sMEL-ADMM,1.0,0.01,1.4521270000000002,36480.747191915114,36479.11128148834,0.004484512832981121,2.0106138975961585e-13,0.009995505904742075,32,converged,gap_residual_and_feasibility
698,0.611876713552174,IPOPT,1.0,1.0e-10,13.502836227416992,36479.11128157147,36479.11128148833,2.2791774452977254e-10,1.2434497875801753e-14,NaN,33,INTERRUPTED,gap_and_residual
698,0.611876713552174,MadNLP,1.0,0.01,18.130064010620117,36479.111281488375,36479.11128148833,1.196732709528866e-13,1.4210854715202004e-14,NaN,34,LOCALLY_SOLVED,residual_tolerance_upper_bound
698,0.611876713552174,ADMM,1.0,0.01,69.55504417419434,36588.50903143208,36479.11128148833,0.2998914888566952,2.1931345628445342e-12,1.1415885941128465,6,converged,gap_callback_with_solver_termination
698,0.611876713552174,MEL-ADMM,1.0,0.01,15.280723571777344,36480.929757464364,36479.11128148833,0.0049849788335062095,3.0079272406169366e-12,0.001249599784975075,19,converged,gap_residual_and_feasibility
698,0.611876713552174,sMEL-ADMM,1.0,0.01,1.134999,36480.77216769533,36479.11128148833,0.004552978810757573,2.007283228522283e-13,0.009764778222507431,29,converged,gap_residual_and_feasibility
699,0.7271301455282153,IPOPT,1.0,1.0e-10,13.75889778137207,36479.111281571735,36479.11128148835,2.285759475200133e-10,1.3322676295501878e-14,NaN,34,INTERRUPTED,gap_and_residual
699,0.7271301455282153,MadNLP,1.0,0.01,18.040895462036133,36479.11128148834,36479.11128148835,3.989109031762884e-14,1.4210854715202004e-14,NaN,35,LOCALLY_SOLVED,residual_tolerance_upper_bound
699,0.7271301455282153,ADMM,1.0,0.01,77.37374305725098,36763.84907225794,36479.11128148835,0.7805502403071899,1.1982637104779315e-11,2.163645004833369,6,converged,gap_callback_with_solver_termination
699,0.7271301455282153,MEL-ADMM,1.0,0.01,14.747381210327148,36480.5456062583,36479.11128148835,0.003931907109476715,3.9879211044535623e-13,0.005525830990783298,19,converged,gap_residual_and_feasibility
699,0.7271301455282153,sMEL-ADMM,1.0,0.01,1.142119,36480.771356149075,36479.11128148835,0.004550754123125513,2.0050627824730327e-13,0.0058763720781893625,33,converged,gap_residual_and_feasibility
700,0.5520380093081121,IPOPT,1.0,1.0e-10,13.585090637207031,36479.11128157211,36479.11128148832,2.2969289804890707e-10,1.0658141036401503e-14,NaN,33,INTERRUPTED,gap_and_residual
700,0.5520380093081121,MadNLP,1.0,0.01,17.54903793334961,36479.11128148835,36479.11128148832,7.978218063525775e-14,1.3322676295501878e-14,NaN,34,LOCALLY_SOLVED,residual_tolerance_upper_bound
700,0.5520380093081121,ADMM,1.0,0.01,69.23055648803711,36588.97205163681,36479.11128148832,0.3011607637608128,4.3354209111612363e-13,1.1342369925476925,6,converged,gap_callback_with_solver_termination
700,0.5520380093081121,MEL-ADMM,1.0,0.01,14.39523696899414,36481.10332456177,36479.11128148832,0.005460777424312003,2.9134472612213358e-12,0.009822655281537251,18,converged,gap_residual_and_feasibility
700,0.5520380093081121,sMEL-ADMM,1.0,0.01,1.158919,36480.680977896605,36479.11128148832,0.004303000684883189,1.9984014443252818e-13,0.00918986800625099,32,converged,gap_residual_and_feasibility
701,0.7469039595545515,IPOPT,1.0,1.0e-10,12.88294792175293,36479.111281568505,36479.11128148832,2.197999076501351e-10,1.2434497875801753e-14,NaN,34,INTERRUPTED,gap_and_residual
701,0.7469039595545515,MadNLP,1.0,0.01,17.490148544311523,36479.11128148836,36479.11128148832,9.972772579407219e-14,1.4210854715202004e-14,NaN,35,LOCALLY_SOLVED,residual_tolerance_upper_bound
701,0.7469039595545515,ADMM,1.0,0.01,86.35330200195312,36530.186023007656,36479.11128148832,0.14001092604811102,1.3044010316320964e-12,0.8299167565569912,7,converged,gap_callback_with_solver_termination
701,0.7469039595545515,MEL-ADMM,1.0,0.01,15.121221542358398,36480.5139378105,36479.11128148832,0.003845094556592397,4.410583009928359e-12,0.006592320210829783,19,converged,gap_residual_and_feasibility
701,0.7469039595545515,sMEL-ADMM,1.0,0.01,1.313667,36480.784512915336,36479.11128148832,0.004586820698839687,2.0017321133991572e-13,0.005965136333040633,33,converged,gap_residual_and_feasibility
702,0.5079521151705014,IPOPT,1.0,1.0e-10,14.086008071899414,36479.11128157212,36479.11128148833,2.2969289804890702e-10,1.3322676295501878e-14,NaN,33,INTERRUPTED,gap_and_residual
702,0.5079521151705014,MadNLP,1.0,0.01,17.066001892089844,36479.111281488345,36479.11128148833,3.989109031762887e-14,1.2434497875801753e-14,NaN,34,LOCALLY_SOLVED,residual_tolerance_upper_bound
702,0.5079521151705014,ADMM,1.0,0.01,67.38805770874023,36588.972047817406,36479.11128148833,0.30116075329067804,7.797096301942474e-13,1.1342369864898227,6,converged,gap_callback_with_solver_termination
702,0.5079521151705014,MEL-ADMM,1.0,0.01,14.575958251953125,36481.1033244683,36479.11128148833,0.005460777168051638,4.668487818548783e-13,0.009822655228262533,18,converged,gap_residual_and_feasibility
702,0.5079521151705014,sMEL-ADMM,1.0,0.01,1.23475,36480.669051422235,36479.11128148833,0.004270306702058125,2.0039525594484076e-13,0.008956362926769046,32,converged,gap_residual_and_feasibility
703,0.7262709707646927,IPOPT,1.0,1.0e-10,12.867927551269531,36479.11128157174,36479.111281488345,2.2861583861033095e-10,1.3322676295501878e-14,NaN,34,INTERRUPTED,gap_and_residual
703,0.7262709707646927,MadNLP,1.0,0.01,17.75503158569336,36479.11128148832,36479.111281488345,5.983663547644328e-14,1.4210854715202004e-14,NaN,35,LOCALLY_SOLVED,residual_tolerance_upper_bound
703,0.7262709707646927,ADMM,1.0,0.01,75.87432861328125,36757.67317754563,36479.111281488345,0.7636202919193419,1.003974681168529e-12,2.1433415897580987,6,converged,gap_callback_with_solver_termination
703,0.7262709707646927,MEL-ADMM,1.0,0.01,14.928102493286133,36480.54751483346,36479.111281488345,0.003937139076747212,6.181721801112872e-13,0.005480906663355434,19,converged,gap_residual_and_feasibility
703,0.7262709707646927,sMEL-ADMM,1.0,0.01,1.41075,36480.770787929774,36479.111281488345,0.004549196466501658,2.0028423364237824e-13,0.005872576026563436,33,converged,gap_residual_and_feasibility
704,0.46076345798588164,IPOPT,1.0,1.0e-10,14.24098014831543,36479.111281572084,36479.11128148832,2.296131158682718e-10,1.509903313490213e-14,NaN,33,INTERRUPTED,gap_and_residual
704,0.46076345798588164,MadNLP,1.0,0.01,17.435073852539062,36479.11128148833,36479.11128148832,1.9945545158814437e-14,1.2434497875801753e-14,NaN,34,LOCALLY_SOLVED,residual_tolerance_upper_bound
704,0.46076345798588164,ADMM,1.0,0.01,69.50187683105469,36588.97204837393,36479.11128148832,0.3011607548162929,2.048583525038339e-12,1.1342369871078635,6,converged,gap_callback_with_solver_termination
704,0.46076345798588164,MEL-ADMM,1.0,0.01,14.422893524169922,36481.10332454356,36479.11128148832,0.005460777374388303,2.4629187578284473e-12,0.009822655392408564,18,converged,gap_residual_and_feasibility
704,0.46076345798588164,sMEL-ADMM,1.0,0.01,1.444463,36480.4905690586,36479.11128148832,0.0037810339172882367,2.0045076709607201e-13,0.007582801966897534,33,converged,gap_residual_and_feasibility
705,0.5328910042744051,IPOPT,1.0,1.0e-10,13.679981231689453,36479.11128157213,36479.11128148834,2.2969289804890697e-10,1.7763568394002505e-14,NaN,33,INTERRUPTED,gap_and_residual
705,0.5328910042744051,MadNLP,1.0,0.01,17.858028411865234,36479.111281488345,36479.11128148834,1.994554515881443e-14,1.3322676295501878e-14,NaN,34,LOCALLY_SOLVED,residual_tolerance_upper_bound
705,0.5328910042744051,ADMM,1.0,0.01,69.72789764404297,36588.972048235795,36479.11128148834,0.3011607544375867,1.1324274851176597e-12,1.134236987615127,6,converged,gap_callback_with_solver_termination
705,0.5328910042744051,MEL-ADMM,1.0,0.01,14.56451416015625,36481.10332464843,36479.11128148834,0.0054607776618235526,5.165978755883316e-12,0.00982265540449756,18,converged,gap_residual_and_feasibility
705,0.5328910042744051,sMEL-ADMM,1.0,0.01,0.885248,36480.675545978134,36479.11128148834,0.004288110194696513,1.999511667349907e-13,0.009091735652738464,32,converged,gap_residual_and_feasibility
706,0.30699961269995835,IPOPT,1.0,1.0e-10,14.017105102539062,36479.11128157169,36479.11128148837,2.2841638315874266e-10,1.1546319456101628e-14,NaN,34,INTERRUPTED,gap_and_residual
706,0.30699961269995835,MadNLP,1.0,0.01,17.53401756286621,36479.11128148837,36479.11128148837,0.0,1.4210854715202004e-14,NaN,35,LOCALLY_SOLVED,residual_tolerance_upper_bound
706,0.30699961269995835,ADMM,1.0,0.01,71.34318351745605,36551.16900923075,36479.11128148837,0.19753147818309444,3.719413665947968e-12,1.1134467761560032,6,converged,gap_callback_with_solver_termination
706,0.30699961269995835,MEL-ADMM,1.0,0.01,12.515783309936523,36480.71545216741,36479.11128148837,0.004397504825881132,3.793521052841697e-12,0.008033870056566528,16,converged,gap_residual_and_feasibility
706,0.30699961269995835,sMEL-ADMM,1.0,0.01,1.273505,36479.437285888656,36479.11128148837,0.0008936741845860902,1.9945156637390937e-13,0.00610696804456623,39,converged,gap_residual_and_feasibility
707,0.5158596687146526,IPOPT,1.0,1.0e-10,12.562036514282227,36479.11128157216,36479.11128148834,2.2977268022954223e-10,1.1546319456101628e-14,NaN,33,INTERRUPTED,gap_and_residual
707,0.5158596687146526,MadNLP,1.0,0.01,17.48800277709961,36479.11128148832,36479.11128148834,3.989109031762886e-14,1.509903313490213e-14,NaN,34,LOCALLY_SOLVED,residual_tolerance_upper_bound
707,0.5158596687146526,ADMM,1.0,0.01,69.26774978637695,36588.97204820043,36479.11128148834,0.30116075434063144,3.703704010149522e-13,1.134236989582634,6,converged,gap_callback_with_solver_termination
707,0.5158596687146526,MEL-ADMM,1.0,0.01,14.639139175415039,36481.10332453102,36479.11128148834,0.00546077733996229,2.1153079288183108e-12,0.009822655402554226,18,converged,gap_residual_and_feasibility
707,0.5158596687146526,sMEL-ADMM,1.0,0.01,1.1473760000000002,36480.67110127061,36479.11128148834,0.004275925940829409,2.0028423364237824e-13,0.009000403996969553,32,converged,gap_residual_and_feasibility
708,0.29561187383369986,IPOPT,1.0,1.0e-10,14.447927474975586,36479.111281571626,36479.111281488345,2.2829670988778993e-10,1.2434497875801753e-14,NaN,34,INTERRUPTED,gap_and_residual
708,0.29561187383369986,MadNLP,1.0,0.01,18.535852432250977,36479.11128148835,36479.111281488345,1.9945545158814427e-14,1.5987211554602254e-14,NaN,35,LOCALLY_SOLVED,residual_tolerance_upper_bound
708,0.29561187383369986,ADMM,1.0,0.01,72.8912353515625,36556.148972584255,36479.111281488345,0.2111830260925322,1.7605916724505732e-12,1.1142721981752173,6,converged,gap_callback_with_solver_termination
708,0.29561187383369986,MEL-ADMM,1.0,0.01,12.82358169555664,36480.703500183496,36479.111281488345,0.004364740913954799,7.576717031554381e-13,0.006588801030118496,16,converged,gap_residual_and_feasibility
708,0.29561187383369986,sMEL-ADMM,1.0,0.01,1.2287489999999999,36479.43759504371,36479.111281488345,0.0008945216698026115,2.0000667788622195e-13,0.007389653863691947,39,converged,gap_residual_and_feasibility
709,0.5778141897579268,IPOPT,1.0,1.0e-10,12.48788833618164,36479.11128157205,36479.11128148833,2.294934425973189e-10,1.4210854715202004e-14,NaN,33,INTERRUPTED,gap_and_residual
709,0.5778141897579268,MadNLP,1.0,0.01,16.99090003967285,36479.11128148832,36479.11128148833,1.9945545158814434e-14,1.509903313490213e-14,NaN,34,LOCALLY_SOLVED,residual_tolerance_upper_bound
709,0.5778141897579268,ADMM,1.0,0.01,66.5433406829834,36588.98334259138,36479.11128148833,0.3011917155964456,5.532241331707155e-13,1.1339609614389428,6,converged,gap_callback_with_solver_termination
709,0.5778141897579268,MEL-ADMM,1.0,0.01,14.688730239868164,36481.10060170542,36479.11128148833,0.005453313272178206,2.5907054279628028e-12,0.009828930769087307,18,converged,gap_residual_and_feasibility
709,0.5778141897579268,sMEL-ADMM,1.0,0.01,1.310126,36480.68875608793,36479.11128148833,0.004324323000716269,2.0039525594484076e-13,0.009315805811562328,32,converged,gap_residual_and_feasibility
710,0.39062836751629954,IPOPT,1.0,1.0e-10,12.822151184082031,36479.111281571895,36479.11128148837,2.2897485842318946e-10,1.0658141036401503e-14,NaN,33,INTERRUPTED,gap_and_residual
710,0.39062836751629954,MadNLP,1.0,0.01,17.795085906982422,36479.11128148834,36479.11128148837,7.978218063525766e-14,1.2434497875801753e-14,NaN,34,LOCALLY_SOLVED,residual_tolerance_upper_bound
710,0.39062836751629954,ADMM,1.0,0.01,69.53120231628418,36589.26685780967,36479.11128148837,0.30196891440500373,5.489497745259087e-13,1.1275509887486992,6,converged,gap_callback_with_solver_termination
710,0.39062836751629954,MEL-ADMM,1.0,0.01,14.861583709716797,36481.096133128,36479.11128148837,0.0054410635837988065,5.13922238098985e-13,0.009841049383137346,18,converged,gap_residual_and_feasibility
710,0.39062836751629954,sMEL-ADMM,1.0,0.01,1.306667,36479.816098257565,36479.11128148837,0.0019321105817482335,2.0045076709607201e-13,0.0045126161319686275,34,converged,gap_residual_and_feasibility
711,0.49287291203535527,IPOPT,1.0,1.0e-10,12.534141540527344,36479.11128157214,36479.11128148834,2.297327891392246e-10,1.0658141036401503e-14,NaN,33,INTERRUPTED,gap_and_residual
711,0.49287291203535527,MadNLP,1.0,0.01,19.526958465576172,36479.11128148834,36479.11128148834,0.0,1.5987211554602254e-14,NaN,34,LOCALLY_SOLVED,residual_tolerance_upper_bound
711,0.49287291203535527,ADMM,1.0,0.01,70.05524635314941,36588.97204816931,36479.11128148834,0.30116075425532435,9.000022949123831e-13,1.1342369890112627,6,converged,gap_callback_with_solver_termination
711,0.49287291203535527,MEL-ADMM,1.0,0.01,14.477252960205078,36481.10332457776,36479.11128148834,0.005460777468092473,3.268718629101386e-12,0.009822655350208542,18,converged,gap_residual_and_feasibility
711,0.49287291203535527,sMEL-ADMM,1.0,0.01,1.2209969999999999,36480.66572724712,36479.11128148834,0.004261194157904039,2.0067281170099704e-13,0.00887062819423079,32,converged,gap_residual_and_feasibility
712,0.39497959812260897,IPOPT,1.0,1.0e-10,13.700008392333984,36479.11128157193,36479.11128148837,2.2907458614898354e-10,1.3322676295501878e-14,NaN,33,INTERRUPTED,gap_and_residual
712,0.39497959812260897,MadNLP,1.0,0.01,17.7919864654541,36479.111281488345,36479.11128148837,5.983663547644324e-14,1.2434497875801753e-14,NaN,34,LOCALLY_SOLVED,residual_tolerance_upper_bound
712,0.39497959812260897,ADMM,1.0,0.01,69.34762001037598,36588.97205868208,36479.11128148837,0.3011607830738445,2.7622348852673895e-13,1.1342370034157314,6,converged,gap_callback_with_solver_termination
712,0.39497959812260897,MEL-ADMM,1.0,0.01,14.465808868408203,36481.103324508804,36479.11128148837,0.005460777278988755,1.77280412572145e-12,0.009822655528097357,18,converged,gap_residual_and_feasibility
712,0.39497959812260897,sMEL-ADMM,1.0,0.01,1.19854,36479.855363626375,36479.11128148837,0.0020397485351716575,2.000621890374532e-13,0.006619058250302956,34,converged,gap_residual_and_feasibility
713,0.7410791989217509,IPOPT,1.0,1.0e-10,12.869834899902344,36479.11128157201,36479.11128148836,2.2931393269088937e-10,1.5987211554602254e-14,NaN,34,INTERRUPTED,gap_and_residual
713,0.7410791989217509,MadNLP,1.0,0.01,17.46392250061035,36479.111281488316,36479.11128148836,1.196732709528865e-13,1.687538997430238e-14,NaN,35,LOCALLY_SOLVED,residual_tolerance_upper_bound
713,0.7410791989217509,ADMM,1.0,0.01,85.38031578063965,36536.815595985216,36479.11128148836,0.1581845403293534,2.474909166494399e-12,0.845914551517235,7,converged,gap_callback_with_solver_termination
713,0.7410791989217509,MEL-ADMM,1.0,0.01,14.802217483520508,36480.522474138874,36479.11128148836,0.0038684951495240013,3.490541189421492e-12,0.006231618727017718,19,converged,gap_residual_and_feasibility
713,0.7410791989217509,sMEL-ADMM,1.0,0.01,1.363958,36480.78062168595,36479.11128148836,0.00457615369166265,2.0128343436454088e-13,0.00593951044907115,33,converged,gap_residual_and_feasibility
714,0.6801187372722435,IPOPT,1.0,1.0e-10,13.34691047668457,36479.11134600943,36479.11128148835,1.7687129031472509e-7,1.2434497875801753e-14,NaN,33,INTERRUPTED,gap_and_residual
714,0.6801187372722435,MadNLP,1.0,0.01,18.156051635742188,36479.111281488345,36479.11128148835,1.994554515881442e-14,1.3322676295501878e-14,NaN,35,LOCALLY_SOLVED,residual_tolerance_upper_bound
714,0.6801187372722435,ADMM,1.0,0.01,73.87256622314453,36574.54486922746,36479.11128148835,0.2616116028778762,3.7836400679225335e-13,1.1221852818847253,6,converged,gap_callback_with_solver_termination
714,0.6801187372722435,MEL-ADMM,1.0,0.01,12.784004211425781,36480.661317453014,36479.11128148835,0.004249105611977447,1.9546586571550506e-12,0.0055693107872603065,16,converged,gap_residual_and_feasibility
714,0.6801187372722435,sMEL-ADMM,1.0,0.01,1.311502,36480.730703003355,36479.11128148835,0.0044393118640047675,2.0028423364237824e-13,0.009835399275681667,32,converged,gap_residual_and_feasibility
715,0.2968981564878838,IPOPT,1.0,1.0e-10,13.921022415161133,36479.111281571626,36479.111281488345,2.2829670988778993e-10,1.509903313490213e-14,NaN,34,INTERRUPTED,gap_and_residual
715,0.2968981564878838,MadNLP,1.0,0.01,17.863035202026367,36479.11128148834,36479.111281488345,1.9945545158814427e-14,1.0658141036401503e-14,NaN,35,LOCALLY_SOLVED,residual_tolerance_upper_bound
715,0.2968981564878838,ADMM,1.0,0.01,73.83942604064941,36555.240192170844,36479.111281488345,0.20869179102269175,1.6950330028464577e-12,1.1143659194016697,6,converged,gap_callback_with_solver_termination
715,0.2968981564878838,MEL-ADMM,1.0,0.01,12.882709503173828,36480.70449107872,36479.111281488345,0.004367457249940507,2.0287105328975485e-12,0.006758413621221315,16,converged,gap_residual_and_feasibility
715,0.2968981564878838,sMEL-ADMM,1.0,0.01,1.524663,36479.43654088913,36479.111281488345,0.0008916319212835756,1.9984014443252818e-13,0.007295647003669359,39,converged,gap_residual_and_feasibility
716,0.34381814309446546,IPOPT,1.0,1.0e-10,14.171123504638672,36479.11128155798,36479.111281488345,1.9089881271501287e-10,1.509903313490213e-14,NaN,34,INTERRUPTED,gap_and_residual
716,0.34381814309446546,MadNLP,1.0,0.01,18.15009117126465,36479.11128148834,36479.111281488345,1.9945545158814427e-14,1.687538997430238e-14,NaN,35,LOCALLY_SOLVED,residual_tolerance_upper_bound
716,0.34381814309446546,ADMM,1.0,0.01,72.18313217163086,36575.15477093989,36479.111281488345,0.26328352330304744,1.2476131239225197e-12,1.1687186606952196,6,converged,gap_callback_with_solver_termination
716,0.34381814309446546,MEL-ADMM,1.0,0.01,14.328479766845703,36480.87287846389,36479.111281488345,0.004829056722213588,1.99568139791495e-12,0.0008238394700263996,19,converged,gap_residual_and_feasibility
716,0.34381814309446546,sMEL-ADMM,1.0,0.01,1.447959,36479.55369828237,36479.111281488345,0.0012127948803616012,1.9945156637390937e-13,0.0069672581336615025,35,converged,gap_residual_and_feasibility
717,0.5005465263676113,IPOPT,1.0,1.0e-10,13.195037841796875,36479.111281572135,36479.111281488345,2.2969289804890694e-10,1.509903313490213e-14,NaN,33,INTERRUPTED,gap_and_residual
717,0.5005465263676113,MadNLP,1.0,0.01,18.48912239074707,36479.111281488375,36479.111281488345,7.978218063525771e-14,1.0658141036401503e-14,NaN,34,LOCALLY_SOLVED,residual_tolerance_upper_bound
717,0.5005465263676113,ADMM,1.0,0.01,69.34499740600586,36588.97204889008,36479.111281488345,0.3011607562311499,3.979039320256561e-13,1.1342369916208623,6,converged,gap_callback_with_solver_termination
717,0.5005465263676113,MEL-ADMM,1.0,0.01,14.644861221313477,36481.10332464862,36479.111281488345,0.00546077766232219,5.111133738466833e-12,0.009822655257772261,18,converged,gap_residual_and_feasibility
717,0.5005465263676113,sMEL-ADMM,1.0,0.01,1.03546,36480.66731716649,36479.111281488345,0.004265552595663512,2.0050627824730327e-13,0.008914341891339106,32,converged,gap_residual_and_feasibility
718,0.34579436548634196,IPOPT,1.0,1.0e-10,13.146162033081055,36479.11128155814,36479.11128148835,1.9129772361818913e-10,1.0658141036401503e-14,NaN,34,INTERRUPTED,gap_and_residual
718,0.34579436548634196,MadNLP,1.0,0.01,17.544984817504883,36479.11128148834,36479.11128148835,3.989109031762884e-14,1.7763568394002505e-14,NaN,35,LOCALLY_SOLVED,residual_tolerance_upper_bound
718,0.34579436548634196,ADMM,1.0,0.01,69.27490234375,36576.87671701657,36479.11128148835,0.2680038852202679,3.8191672047105385e-13,1.17278248718136,6,converged,gap_callback_with_solver_termination
718,0.34579436548634196,MEL-ADMM,1.0,0.01,14.639854431152344,36480.881994976975,36479.11128148835,0.004854047772597031,4.680533738365966e-12,0.0009035239571826281,19,converged,gap_residual_and_feasibility
718,0.34579436548634196,sMEL-ADMM,1.0,0.01,1.292708,36479.56244132838,36479.11128148835,0.0012367621473734485,2.0056178939853453e-13,0.006562597329905273,35,converged,gap_residual_and_feasibility
719,0.47244162692038655,IPOPT,1.0,1.0e-10,13.466835021972656,36479.11128157213,36479.11128148833,2.2971284359406583e-10,1.2434497875801753e-14,NaN,33,INTERRUPTED,gap_and_residual
719,0.47244162692038655,MadNLP,1.0,0.01,17.686128616333008,36479.11128148832,36479.11128148833,1.9945545158814434e-14,1.3322676295501878e-14,NaN,34,LOCALLY_SOLVED,residual_tolerance_upper_bound
719,0.47244162692038655,ADMM,1.0,0.01,69.14186477661133,36588.97205029293,36479.11128148833,0.3011607600768107,6.389333506717776e-13,1.1342369930531673,6,converged,gap_callback_with_solver_termination
719,0.47244162692038655,MEL-ADMM,1.0,0.01,14.345884323120117,36481.10332458486,36479.11128148833,0.005460777487579271,3.5069724901859445e-12,0.009822655313866058,18,converged,gap_residual_and_feasibility
719,0.47244162692038655,sMEL-ADMM,1.0,0.01,1.215875,36480.631246996236,36479.11128148833,0.0041666736236425795,2.0106138975961585e-13,0.009248411225426523,32,converged,gap_residual_and_feasibility
720,0.6303304590353573,IPOPT,1.0,1.0e-10,12.451887130737305,36479.111281568345,36479.11128148832,2.193611056566412e-10,1.2434497875801753e-14,NaN,33,INTERRUPTED,gap_and_residual
720,0.6303304590353573,MadNLP,1.0,0.01,17.477035522460938,36479.11128148834,36479.11128148832,3.9891090317628874e-14,1.7763568394002505e-14,NaN,35,LOCALLY_SOLVED,residual_tolerance_upper_bound
720,0.6303304590353573,ADMM,1.0,0.01,75.69670677185059,36574.414935882036,36479.11128148832,0.2612554172669089,1.2879697308676441e-12,1.170588147336538,6,converged,gap_callback_with_solver_termination
720,0.6303304590353573,MEL-ADMM,1.0,0.01,15.492439270019531,36480.83943485244,36479.11128148832,0.0047373779223381825,5.800915303666443e-13,0.0007218856413011565,19,converged,gap_residual_and_feasibility
720,0.6303304590353573,sMEL-ADMM,1.0,0.01,1.446497,36480.70510590638,36479.11128148832,0.004369142673897108,1.9984014443252818e-13,0.009571101198423193,32,converged,gap_residual_and_feasibility
721,0.6460471202038807,IPOPT,1.0,1.0e-10,14.206171035766602,36479.11128157569,36479.111281488345,2.394462696315672e-10,1.4210854715202004e-14,NaN,34,INTERRUPTED,gap_and_residual
721,0.6460471202038807,MadNLP,1.0,0.01,18.193960189819336,36479.11128148834,36479.111281488345,1.9945545158814427e-14,1.3322676295501878e-14,NaN,35,LOCALLY_SOLVED,residual_tolerance_upper_bound
721,0.6460471202038807,ADMM,1.0,0.01,70.65224647521973,36562.35553262325,36479.111281488345,0.22819703718261988,2.5139890169612045e-12,1.1480058715797021,6,converged,gap_callback_with_solver_termination
721,0.6460471202038807,MEL-ADMM,1.0,0.01,15.001296997070312,36480.76947554047,36479.111281488345,0.004545598820447217,1.8102186416513177e-12,0.0011534186388280077,19,converged,gap_residual_and_feasibility
721,0.6460471202038807,sMEL-ADMM,1.0,0.01,1.3356659999999998,36480.71056501639,36479.111281488345,0.004384107703996725,2.007283228522283e-13,0.009652317308843195,32,converged,gap_residual_and_feasibility
722,0.6246814979111623,IPOPT,1.0,1.0e-10,13.11182975769043,36479.11128156931,36479.11128148834,2.219739720724458e-10,1.0658141036401503e-14,NaN,33,INTERRUPTED,gap_and_residual
722,0.6246814979111623,MadNLP,1.0,0.01,17.65298843383789,36479.11128148835,36479.11128148834,3.989109031762886e-14,1.4210854715202004e-14,NaN,34,LOCALLY_SOLVED,residual_tolerance_upper_bound
722,0.6246814979111623,ADMM,1.0,0.01,71.90370559692383,36579.02968052512,36479.11128148834,0.273905793005123,9.616751839303106e-13,1.1708320166314117,6,converged,gap_callback_with_solver_termination
722,0.6246814979111623,MEL-ADMM,1.0,0.01,15.32602310180664,36480.864340969405,36479.11128148834,0.004805652932549622,2.5600632724831485e-12,0.0009116439973482215,19,converged,gap_residual_and_feasibility
722,0.6246814979111623,sMEL-ADMM,1.0,0.01,1.005001,36480.70334707399,36479.11128148834,0.004364321195679404,2.0106138975961585e-13,0.009542271157631177,32,converged,gap_residual_and_feasibility
723,0.25073788404803904,IPOPT,1.0,1.0e-10,14.322996139526367,36479.11128157151,36479.11128148834,2.2799752671040775e-10,1.2434497875801753e-14,NaN,34,INTERRUPTED,gap_and_residual
723,0.25073788404803904,MadNLP,1.0,0.01,18.40496063232422,36479.11128148833,36479.11128148834,1.994554515881443e-14,1.3322676295501878e-14,NaN,35,LOCALLY_SOLVED,residual_tolerance_upper_bound
723,0.25073788404803904,ADMM,1.0,0.01,75.76727867126465,36665.58082453363,36479.11128148834,0.5111679986017581,7.635003740347202e-13,1.8433833966477704,6,converged,gap_callback_with_solver_termination
723,0.25073788404803904,MEL-ADMM,1.0,0.01,12.844562530517578,36480.68535622192,36479.11128148834,0.004315002965489252,1.3085643679744408e-12,0.009142746623798104,16,converged,gap_residual_and_feasibility
723,0.25073788404803904,sMEL-ADMM,1.0,0.01,1.6742899999999998,36479.85859895443,36479.11128148834,0.0020486175233962053,1.9989565558375944e-13,0.008531324072237112,39,converged,gap_residual_and_feasibility
724,0.5465442742342869,IPOPT,1.0,1.0e-10,13.017892837524414,36479.11128157211,36479.111281488345,2.296330614134305e-10,1.509903313490213e-14,NaN,33,INTERRUPTED,gap_and_residual
724,0.5465442742342869,MadNLP,1.0,0.01,18.463850021362305,36479.111281488345,36479.111281488345,0.0,1.2434497875801753e-14,NaN,34,LOCALLY_SOLVED,residual_tolerance_upper_bound
724,0.5465442742342869,ADMM,1.0,0.01,67.9633617401123,36588.97204758859,36479.111281488345,0.30116075266339054,3.668176873361517e-13,1.1342369833927615,6,converged,gap_callback_with_solver_termination
724,0.5465442742342869,MEL-ADMM,1.0,0.01,15.043973922729492,36481.10332473043,36479.111281488345,0.0054607778865899,7.385203559806541e-12,0.009822655189191565,18,converged,gap_residual_and_feasibility
724,0.5465442742342869,sMEL-ADMM,1.0,0.01,0.990168,36480.679358577196,36479.111281488345,0.004298561652860206,2.0095036745715333e-13,0.009162298261827573,32,converged,gap_residual_and_feasibility
725,0.5456446590024076,IPOPT,1.0,1.0e-10,13.20195198059082,36479.11128157213,36479.11128148835,2.2965300695858926e-10,1.5987211554602254e-14,NaN,33,INTERRUPTED,gap_and_residual
725,0.5456446590024076,MadNLP,1.0,0.01,17.146825790405273,36479.11128148832,36479.11128148835,7.978218063525768e-14,1.3322676295501878e-14,NaN,34,LOCALLY_SOLVED,residual_tolerance_upper_bound
725,0.5456446590024076,ADMM,1.0,0.01,69.11563873291016,36588.97204754964,36479.11128148835,0.301160752556602,1.493138945818373e-12,1.1342369868188298,6,converged,gap_callback_with_solver_termination
725,0.5456446590024076,MEL-ADMM,1.0,0.01,14.183998107910156,36481.10332454129,36479.11128148835,0.0054607773680855065,2.425837308805967e-12,0.009822655250939505,18,converged,gap_residual_and_feasibility
725,0.5456446590024076,sMEL-ADMM,1.0,0.01,1.205331,36480.67909524571,36479.11128148835,0.00429783978359009,2.0017321133991572e-13,0.009157737582437875,32,converged,gap_residual_and_feasibility
726,0.6784680513586986,IPOPT,1.0,1.0e-10,13.464927673339844,36479.11134601151,36479.11128148835,1.768769947406405e-7,1.1546319456101628e-14,NaN,33,INTERRUPTED,gap_and_residual
726,0.6784680513586986,MadNLP,1.0,0.01,18.12601089477539,36479.111281488316,36479.11128148835,9.972772579407211e-14,1.2434497875801753e-14,NaN,35,LOCALLY_SOLVED,residual_tolerance_upper_bound
726,0.6784680513586986,ADMM,1.0,0.01,73.38595390319824,36572.05725761298,36479.11128148835,0.25479232596269846,3.4413583094305977e-12,1.1225082295994815,6,converged,gap_callback_with_solver_termination
726,0.6784680513586986,MEL-ADMM,1.0,0.01,12.944936752319336,36480.66224528972,36479.11128148835,0.004251649085966763,2.9416469260468148e-12,0.005823204209943533,16,converged,gap_residual_and_feasibility
726,0.6784680513586986,sMEL-ADMM,1.0,0.01,1.208542,36480.72968152668,36479.11128148835,0.004436511695257223,2.0083934515469082e-13,0.009826082472958575,32,converged,gap_residual_and_feasibility
727,0.45463103246974546,IPOPT,1.0,1.0e-10,12.47406005859375,36479.11128157209,36479.11128148834,2.2959317032311292e-10,1.3322676295501878e-14,NaN,33,INTERRUPTED,gap_and_residual
727,0.45463103246974546,MadNLP,1.0,0.01,16.963958740234375,36479.11128148834,36479.11128148834,0.0,1.4210854715202004e-14,NaN,34,LOCALLY_SOLVED,residual_tolerance_upper_bound
727,0.45463103246974546,ADMM,1.0,0.01,67.54779815673828,36588.97205436676,36479.11128148834,0.3011607712443613,2.847611035861064e-12,1.1342369986877214,6,converged,gap_callback_with_solver_termination
727,0.45463103246974546,MEL-ADMM,1.0,0.01,14.511585235595703,36481.10332467467,36479.11128148834,0.005460777733747189,5.818789894362908e-12,0.009822655352416554,18,converged,gap_residual_and_feasibility
727,0.45463103246974546,sMEL-ADMM,1.0,0.01,1.423665,36480.46618187527,36479.11128148834,0.0037141814571053826,2.0050627824730327e-13,0.00867310032364596,37,converged,gap_residual_and_feasibility
728,0.5817226217941325,IPOPT,1.0,1.0e-10,13.365983963012695,36479.11128157205,36479.11128148833,2.294934425973189e-10,1.7763568394002505e-14,NaN,33,INTERRUPTED,gap_and_residual
728,0.5817226217941325,MadNLP,1.0,0.01,17.59791374206543,36479.11128148832,36479.11128148833,1.9945545158814434e-14,1.1546319456101628e-14,NaN,34,LOCALLY_SOLVED,residual_tolerance_upper_bound
728,0.5817226217941325,ADMM,1.0,0.01,69.30994987487793,36591.43643948376,36479.11128148833,0.3079163774815721,8.308909116294672e-13,1.1068947995272476,6,converged,gap_callback_with_solver_termination
728,0.5817226217941325,MEL-ADMM,1.0,0.01,14.655113220214844,36481.0733883978,36479.11128148833,0.005378713572080916,4.709566070459914e-12,0.009890447141727599,18,converged,gap_residual_and_feasibility
728,0.5817226217941325,sMEL-ADMM,1.0,0.01,1.201001,36480.689956068316,36479.11128148833,0.004327612500763427,2.000621890374532e-13,0.009334615167905014,32,converged,gap_residual_and_feasibility
729,0.45965184593177605,IPOPT,1.0,1.0e-10,12.567996978759766,36479.111281572106,36479.11128148837,2.295532792327951e-10,1.4210854715202004e-14,NaN,33,INTERRUPTED,gap_and_residual
729,0.45965184593177605,MadNLP,1.0,0.01,17.188072204589844,36479.11128148834,36479.11128148837,7.978218063525766e-14,1.2434497875801753e-14,NaN,34,LOCALLY_SOLVED,residual_tolerance_upper_bound
729,0.45965184593177605,ADMM,1.0,0.01,67.33345985412598,36588.97204856199,36479.11128148837,0.3011607553317054,5.444533712761768e-13,1.1342369888585218,6,converged,gap_callback_with_solver_termination
729,0.45965184593177605,MEL-ADMM,1.0,0.01,14.288187026977539,36481.10332472111,36479.11128148837,0.005460777860979817,7.037426197342711e-12,0.009822655421250381,18,converged,gap_residual_and_feasibility
729,0.45965184593177605,sMEL-ADMM,1.0,0.01,1.180047,36480.474865337535,36479.11128148837,0.0037379853874350555,2.003397447936095e-13,0.007865997442335626,33,converged,gap_residual_and_feasibility
730,0.45524553703642595,IPOPT,1.0,1.0e-10,12.633085250854492,36479.11128157208,36479.11128148834,2.2955327923279529e-10,1.1546319456101628e-14,NaN,33,INTERRUPTED,gap_and_residual
730,0.45524553703642595,MadNLP,1.0,0.01,17.05789566040039,36479.111281488345,36479.11128148834,1.994554515881443e-14,1.1546319456101628e-14,NaN,34,LOCALLY_SOLVED,residual_tolerance_upper_bound
730,0.45524553703642595,ADMM,1.0,0.01,66.95008277893066,36588.972054294536,36479.11128148834,0.3011607710463818,3.819722316222851e-12,1.1342369944070363,6,converged,gap_callback_with_solver_termination
730,0.45524553703642595,MEL-ADMM,1.0,0.01,14.602422714233398,36481.10332457722,36479.11128148834,0.005460777466616502,3.3239522245764874e-12,0.00982265531182236,18,converged,gap_residual_and_feasibility
730,0.45524553703642595,sMEL-ADMM,1.0,0.01,1.370254,36480.472826739686,36479.11128148834,0.003732396989722267,2.0061730054976579e-13,0.008828266341295077,38,converged,gap_residual_and_feasibility
731,0.7494637271610043,IPOPT,1.0,1.0e-10,13.490915298461914,36479.111281566606,36479.111281488345,2.1453428372820797e-10,9.769962616701378e-15,NaN,34,INTERRUPTED,gap_and_residual
731,0.7494637271610043,MadNLP,1.0,0.01,18.351078033447266,36479.11128148837,36479.111281488345,5.983663547644328e-14,1.3322676295501878e-14,NaN,36,LOCALLY_SOLVED,residual_tolerance_upper_bound
731,0.7494637271610043,ADMM,1.0,0.01,86.41815185546875,36527.37844928564,36479.111281488345,0.13231453865432077,1.3701262346899057e-12,0.8239288078883034,7,converged,gap_callback_with_solver_termination
731,0.7494637271610043,MEL-ADMM,1.0,0.01,13.440608978271484,36480.50964360518,36479.111281488345,0.003833322873594361,2.011169009108471e-12,0.009761448399972394,17,converged,gap_residual_and_feasibility
731,0.7494637271610043,sMEL-ADMM,1.0,0.01,1.232374,36480.78624884325,36479.111281488345,0.004591579389039701,2.0106138975961585e-13,0.0059763444022706835,33,converged,gap_residual_and_feasibility
732,0.5071428835326428,IPOPT,1.0,1.0e-10,12.790918350219727,36479.111281572135,36479.111281488345,2.2969289804890694e-10,1.3322676295501878e-14,NaN,33,INTERRUPTED,gap_and_residual
732,0.5071428835326428,MadNLP,1.0,0.01,17.534971237182617,36479.11128148834,36479.111281488345,1.9945545158814427e-14,9.769962616701378e-15,NaN,34,LOCALLY_SOLVED,residual_tolerance_upper_bound
732,0.5071428835326428,ADMM,1.0,0.01,69.58484649658203,36588.97204748686,36479.111281488345,0.3011607523845119,3.1441516057384433e-13,1.1342369850164644,6,converged,gap_callback_with_solver_termination
732,0.5071428835326428,MEL-ADMM,1.0,0.01,14.531612396240234,36481.10332447395,36479.111281488345,0.005460777183509433,5.968558980384842e-13,0.009822655154457571,18,converged,gap_residual_and_feasibility
732,0.5071428835326428,sMEL-ADMM,1.0,0.01,1.250167,36480.66884103156,36479.111281488345,0.004269729959147558,1.9950707752514063e-13,0.008951801896397882,32,converged,gap_residual_and_feasibility
733,0.5397442004144614,IPOPT,1.0,1.0e-10,12.994050979614258,36479.11128157214,36479.11128148834,2.297327891392246e-10,1.4210854715202004e-14,NaN,33,INTERRUPTED,gap_and_residual
733,0.5397442004144614,MadNLP,1.0,0.01,17.39215850830078,36479.11128148834,36479.11128148834,0.0,1.2434497875801753e-14,NaN,34,LOCALLY_SOLVED,residual_tolerance_upper_bound
733,0.5397442004144614,ADMM,1.0,0.01,69.37646865844727,36588.97204810358,36479.11128148834,0.30116075407513626,4.3809400551708677e-13,1.1342369929438494,6,converged,gap_callback_with_solver_termination
733,0.5397442004144614,MEL-ADMM,1.0,0.01,14.603137969970703,36481.10332454116,36479.11128148834,0.005460777367766381,2.417399613818816e-12,0.009822655272174963,18,converged,gap_residual_and_feasibility
733,0.5397442004144614,sMEL-ADMM,1.0,0.01,1.067873,36480.677381449,36479.11128148834,0.004293141761535383,2.0028423364237824e-13,0.009127472373316792,32,converged,gap_residual_and_feasibility
734,0.6994988307563231,IPOPT,1.0,1.0e-10,13.746023178100586,36479.11128157192,36479.11128148836,2.2905464060382478e-10,1.2434497875801753e-14,NaN,34,INTERRUPTED,gap_and_residual
734,0.6994988307563231,MadNLP,1.0,0.01,18.661022186279297,36479.111281488345,36479.11128148836,3.9891090317628836e-14,1.2434497875801753e-14,NaN,35,LOCALLY_SOLVED,residual_tolerance_upper_bound
734,0.6994988307563231,ADMM,1.0,0.01,73.30822944641113,36620.70590629704,36479.11128148836,0.3881526162084163,6.290523657526137e-12,1.523107685495264,6,converged,gap_callback_with_solver_termination
734,0.6994988307563231,MEL-ADMM,1.0,0.01,13.174772262573242,36480.65204934653,36479.11128148836,0.0042236989993519065,3.716138508025324e-12,0.006148282070007838,16,converged,gap_residual_and_feasibility
734,0.6994988307563231,sMEL-ADMM,1.0,0.01,1.246454,36480.74266906727,36479.11128148836,0.004472114373413197,2.0017321133991572e-13,0.009954709235348247,32,converged,gap_residual_and_feasibility
735,0.5437758154026266,IPOPT,1.0,1.0e-10,13.08894157409668,36479.11128157215,36479.111281488316,2.2981257131986e-10,1.1546319456101628e-14,NaN,33,INTERRUPTED,gap_and_residual
735,0.5437758154026266,MadNLP,1.0,0.01,17.043113708496094,36479.111281488345,36479.111281488316,7.978218063525777e-14,1.3322676295501878e-14,NaN,34,LOCALLY_SOLVED,residual_tolerance_upper_bound
735,0.5437758154026266,ADMM,1.0,0.01,66.7722225189209,36588.97204771198,36479.111281488316,0.30116075300170714,4.384270724244743e-13,1.1342369905319538,6,converged,gap_callback_with_solver_termination
735,0.5437758154026266,MEL-ADMM,1.0,0.01,14.81318473815918,36481.103324512595,36479.111281488316,0.00546077728952001,1.645128477889557e-12,0.009822655334939867,18,converged,gap_residual_and_feasibility
735,0.5437758154026266,sMEL-ADMM,1.0,0.01,1.137334,36480.6785499128,36479.111281488316,0.004296344865399297,2.0028423364237824e-13,0.009148219102156574,32,converged,gap_residual_and_feasibility
736,0.43626021559194383,IPOPT,1.0,1.0e-10,13.106107711791992,36479.11128157205,36479.111281488375,2.2937376932636572e-10,1.7763568394002505e-14,NaN,33,INTERRUPTED,gap_and_residual
736,0.43626021559194383,MadNLP,1.0,0.01,17.347097396850586,36479.11128148834,36479.111281488375,9.972772579407205e-14,1.687538997430238e-14,NaN,34,LOCALLY_SOLVED,residual_tolerance_upper_bound
736,0.43626021559194383,ADMM,1.0,0.01,69.05961036682129,36588.97205508441,36479.111281488375,0.3011607732115502,5.850875339774575e-13,1.1342369953381004,6,converged,gap_callback_with_solver_termination
736,0.43626021559194383,MEL-ADMM,1.0,0.01,14.482975006103516,36481.10332450774,36479.111281488375,0.005460777276056758,1.542654892716655e-12,0.009822655175308448,18,converged,gap_residual_and_feasibility
736,0.43626021559194383,sMEL-ADMM,1.0,0.01,1.202456,36480.244675237416,36479.111281488375,0.003106966450733863,1.9989565558375944e-13,0.008164115739937472,34,converged,gap_residual_and_feasibility
737,0.3042270006588669,IPOPT,1.0,1.0e-10,13.503074645996094,36479.11128157168,36479.11128148834,2.2845627424906048e-10,1.1546319456101628e-14,NaN,34,INTERRUPTED,gap_and_residual
737,0.3042270006588669,MadNLP,1.0,0.01,18.14413070678711,36479.11128148834,36479.11128148834,0.0,1.7763568394002505e-14,NaN,35,LOCALLY_SOLVED,residual_tolerance_upper_bound
737,0.3042270006588669,ADMM,1.0,0.01,71.54607772827148,36551.796593874904,36479.11128148834,0.19925187273805822,5.167699601571485e-12,1.113670724939066,6,converged,gap_callback_with_solver_termination
737,0.3042270006588669,MEL-ADMM,1.0,0.01,13.356208801269531,36480.71269353304,36479.11128148834,0.004389942595757476,2.3675506000131463e-12,0.0076945305489735105,16,converged,gap_residual_and_feasibility
737,0.3042270006588669,sMEL-ADMM,1.0,0.01,1.341042,36479.43566063959,36479.11128148834,0.000889218897761574,2.003397447936095e-13,0.006494706405135275,39,converged,gap_residual_and_feasibility
738,0.7465863910856473,IPOPT,1.0,1.0e-10,14.066219329833984,36479.11128156876,36479.11128148833,2.2047805618553476e-10,1.1546319456101628e-14,NaN,34,INTERRUPTED,gap_and_residual
738,0.7465863910856473,MadNLP,1.0,0.01,21.81100845336914,36479.11128148835,36479.11128148833,5.98366354764433e-14,1.2434497875801753e-14,NaN,35,LOCALLY_SOLVED,residual_tolerance_upper_bound
738,0.7465863910856473,ADMM,1.0,0.01,93.93072128295898,36530.53234924727,36479.11128148833,0.14096030838621434,2.1124213489542853e-12,0.8306599431563457,7,converged,gap_callback_with_solver_termination
738,0.7465863910856473,MEL-ADMM,1.0,0.01,17.748117446899414,36480.514383554895,36479.11128148833,0.0038463164733849556,2.8012037134317325e-12,0.0065741074478893324,19,converged,gap_residual_and_feasibility
738,0.7465863910856473,sMEL-ADMM,1.0,0.01,1.2730029999999999,36480.78429997912,36479.11128148833,0.004586236977860474,2.0083934515469082e-13,0.005963755563882955,33,converged,gap_residual_and_feasibility
739,0.57001067574516,IPOPT,1.0,1.0e-10,13.190984725952148,36479.111281572084,36479.11128148834,2.295732247779541e-10,1.3322676295501878e-14,NaN,33,INTERRUPTED,gap_and_residual
739,0.57001067574516,MadNLP,1.0,0.01,19.414901733398438,36479.11128148834,36479.11128148834,0.0,9.769962616701378e-15,NaN,34,LOCALLY_SOLVED,residual_tolerance_upper_bound
739,0.57001067574516,ADMM,1.0,0.01,71.67840003967285,36588.972052662524,36479.11128148834,0.30116076657255614,6.336042801535768e-13,1.1342369941319674,6,converged,gap_callback_with_solver_termination
739,0.57001067574516,MEL-ADMM,1.0,0.01,15.463590621948242,36481.10332436997,36479.11128148834,0.005460776898487594,1.9031443088124433e-12,0.009822655681176684,18,converged,gap_residual_and_feasibility
739,0.57001067574516,sMEL-ADMM,1.0,0.01,1.0938759999999998,36480.68637573274,36479.11128148834,0.004317797745249678,2.000621890374532e-13,0.009278044357557746,32,converged,gap_residual_and_feasibility
740,0.435020073464316,IPOPT,1.0,1.0e-10,13.089895248413086,36479.11128157204,36479.11128148833,2.2947349705216008e-10,9.769962616701378e-15,NaN,33,INTERRUPTED,gap_and_residual
740,0.435020073464316,MadNLP,1.0,0.01,19.150972366333008,36479.11128148835,36479.11128148833,5.98366354764433e-14,1.3322676295501878e-14,NaN,34,LOCALLY_SOLVED,residual_tolerance_upper_bound
740,0.435020073464316,ADMM,1.0,0.01,71.00272178649902,36588.97205515833,36479.11128148833,0.30116077341431696,1.1405876243486546e-12,1.1342369964374868,6,converged,gap_callback_with_solver_termination
740,0.435020073464316,MEL-ADMM,1.0,0.01,15.345335006713867,36481.103324517026,36479.11128148833,0.0054607773016269534,1.7602030943919544e-12,0.009822655263757696,18,converged,gap_residual_and_feasibility
740,0.435020073464316,sMEL-ADMM,1.0,0.01,1.4778339999999999,36480.23657780189,36479.11128148833,0.0030847689925131996,2.003397447936095e-13,0.009318636305176486,34,converged,gap_residual_and_feasibility
741,0.5227928994433959,IPOPT,1.0,1.0e-10,13.422012329101562,36479.11128157215,36479.111281488345,2.2973278913922457e-10,1.2434497875801753e-14,NaN,33,INTERRUPTED,gap_and_residual
741,0.5227928994433959,MadNLP,1.0,0.01,19.60301399230957,36479.111281488345,36479.111281488345,0.0,9.769962616701378e-15,NaN,34,LOCALLY_SOLVED,residual_tolerance_upper_bound
741,0.5227928994433959,ADMM,1.0,0.01,70.07074356079102,36588.97204743687,36479.111281488345,0.301160752247486,1.1622924844800764e-12,1.1342369838855069,6,converged,gap_callback_with_solver_termination
741,0.5227928994433959,MEL-ADMM,1.0,0.01,15.307188034057617,36481.10332463071,36479.111281488345,0.005460777613236204,4.7482018317168695e-12,0.009822655262918367,18,converged,gap_residual_and_feasibility
741,0.5227928994433959,sMEL-ADMM,1.0,0.01,1.272791,36480.67290095248,36479.111281488345,0.004280859399460914,2.000621890374532e-13,0.00903810833466423,32,converged,gap_residual_and_feasibility
742,0.557867831261286,IPOPT,1.0,1.0e-10,12.801885604858398,36479.11128157212,36479.11128148835,2.2963306141343044e-10,9.769962616701378e-15,NaN,33,INTERRUPTED,gap_and_residual
742,0.557867831261286,MadNLP,1.0,0.01,18.893003463745117,36479.11128148832,36479.11128148835,7.978218063525768e-14,1.4210854715202004e-14,NaN,34,LOCALLY_SOLVED,residual_tolerance_upper_bound
742,0.557867831261286,ADMM,1.0,0.01,70.56283950805664,36588.972051526325,36479.11128148835,0.3011607634578597,8.789635685957364e-13,1.1342369874356475,6,converged,gap_callback_with_solver_termination
742,0.557867831261286,MEL-ADMM,1.0,0.01,15.378952026367188,36481.10332453408,36479.11128148835,0.005460777348319471,2.2003510125045977e-12,0.009822655468741281,18,converged,gap_residual_and_feasibility
742,0.557867831261286,sMEL-ADMM,1.0,0.01,1.3827500000000001,36480.68271598274,36479.11128148835,0.004307765291370698,2.0039525594484076e-13,0.009218652416940643,32,converged,gap_residual_and_feasibility
743,0.6961871412786534,IPOPT,1.0,1.0e-10,13.510942459106445,36479.11128157191,36479.11128148837,2.290147495135071e-10,1.2434497875801753e-14,NaN,34,INTERRUPTED,gap_and_residual
743,0.6961871412786534,MadNLP,1.0,0.01,18.48006248474121,36479.11128148833,36479.11128148837,9.972772579407208e-14,1.2434497875801753e-14,NaN,35,LOCALLY_SOLVED,residual_tolerance_upper_bound
743,0.6961871412786534,ADMM,1.0,0.01,74.74756240844727,36610.34391608945,36479.11128148837,0.35974734578491907,1.918354364249808e-12,1.4441911235465303,6,converged,gap_callback_with_solver_termination
743,0.6961871412786534,MEL-ADMM,1.0,0.01,13.550996780395508,36480.65374697004,36479.11128148837,0.004228352685930251,1.5693002453076588e-12,0.005501220833196818,16,converged,gap_residual_and_feasibility
743,0.6961871412786534,sMEL-ADMM,1.0,0.01,1.25125,36480.74061743087,36479.11128148837,0.004466490233084024,2.0083934515469082e-13,0.009933413397810398,32,converged,gap_residual_and_feasibility
744,0.3108643404094773,IPOPT,1.0,1.0e-10,13.72385025024414,36479.11128157171,36479.11128148834,2.2855600197485455e-10,1.4210854715202004e-14,NaN,34,INTERRUPTED,gap_and_residual
744,0.3108643404094773,MadNLP,1.0,0.01,18.284082412719727,36479.11128148833,36479.11128148834,1.994554515881443e-14,1.2434497875801753e-14,NaN,35,LOCALLY_SOLVED,residual_tolerance_upper_bound
744,0.3108643404094773,ADMM,1.0,0.01,74.88703727722168,36550.95119716712,36479.11128148834,0.19693439109422958,1.139810468231417e-12,1.1133069119218435,6,converged,gap_callback_with_solver_termination
744,0.3108643404094773,MEL-ADMM,1.0,0.01,13.41867446899414,36480.71937945265,36479.11128148834,0.0044082706727684,1.5177303858138202e-12,0.008492940849293973,16,converged,gap_residual_and_feasibility
744,0.3108643404094773,sMEL-ADMM,1.0,0.01,1.743624,36479.44083864643,36479.11128148834,0.0009034133412579541,2.0011770018868447e-13,0.005864488955550584,39,converged,gap_residual_and_feasibility
745,0.6584052880845612,IPOPT,1.0,1.0e-10,13.298988342285156,36479.11134601014,36479.11128148833,1.7687330481478623e-7,1.3322676295501878e-14,NaN,33,INTERRUPTED,gap_and_residual
745,0.6584052880845612,MadNLP,1.0,0.01,18.516063690185547,36479.11128148833,36479.11128148833,0.0,1.509903313490213e-14,NaN,35,LOCALLY_SOLVED,residual_tolerance_upper_bound
745,0.6584052880845612,ADMM,1.0,0.01,74.91469383239746,36557.99452378939,36479.11128148833,0.21624222611226515,3.984479413077224e-12,1.1317253843446817,6,converged,gap_callback_with_solver_termination
745,0.6584052880845612,MEL-ADMM,1.0,0.01,13.827800750732422,36480.68413821511,36479.11128148833,0.004311664049715706,3.2960301155071647e-12,0.008819247788323104,16,converged,gap_residual_and_feasibility
745,0.6584052880845612,sMEL-ADMM,1.0,0.01,1.466501,36480.71729755283,36479.11128148833,0.004402563571537062,2.0050627824730327e-13,0.009717159908060324,32,converged,gap_residual_and_feasibility
746,0.7118088728258046,IPOPT,1.0,1.0e-10,15.022993087768555,36479.11128157183,36479.11128148834,2.288751306973956e-10,1.1546319456101628e-14,NaN,34,INTERRUPTED,gap_and_residual
746,0.7118088728258046,MadNLP,1.0,0.01,18.46599578857422,36479.11128148832,36479.11128148834,3.989109031762886e-14,1.3322676295501878e-14,NaN,35,LOCALLY_SOLVED,residual_tolerance_upper_bound
746,0.7118088728258046,ADMM,1.0,0.01,78.10235023498535,36671.063300103575,36479.11128148834,0.5261970806636525,8.453793221008254e-12,1.8101109884779247,6,converged,gap_callback_with_solver_termination
746,0.7118088728258046,MEL-ADMM,1.0,0.01,13.736486434936523,36480.64901582005,36479.11128148834,0.004215383208880343,9.404699241599701e-13,0.008589484577998796,16,converged,gap_residual_and_feasibility
746,0.7118088728258046,sMEL-ADMM,1.0,0.01,1.231169,36480.76111331612,36479.11128148834,0.00452267549790363,2.0050627824730327e-13,0.00580797401060984,33,converged,gap_residual_and_feasibility
747,0.6577463387366064,IPOPT,1.0,1.0e-10,12.96687126159668,36479.111346011014,36479.11128148834,1.768756783346601e-7,1.5987211554602254e-14,NaN,33,INTERRUPTED,gap_and_residual
747,0.6577463387366064,MadNLP,1.0,0.01,17.69113540649414,36479.11128148834,36479.11128148834,0.0,1.3322676295501878e-14,NaN,35,LOCALLY_SOLVED,residual_tolerance_upper_bound
747,0.6577463387366064,ADMM,1.0,0.01,69.26536560058594,36558.014392539495,36479.11128148834,0.2162966922146401,2.010724919898621e-12,1.1319580388735853,6,converged,gap_callback_with_solver_termination
747,0.6577463387366064,MEL-ADMM,1.0,0.01,13.168096542358398,36480.68563014991,36479.11128148834,0.0043157538828729166,4.3653969328261155e-13,0.00892547963875856,16,converged,gap_residual_and_feasibility
747,0.6577463387366064,sMEL-ADMM,1.0,0.01,1.027083,36480.71689178012,36479.11128148834,0.004401451228867901,2.0017321133991572e-13,0.009713682635904775,32,converged,gap_residual_and_feasibility
748,0.609802597665176,IPOPT,1.0,1.0e-10,12.942075729370117,36479.1112815718,36479.111281488345,2.2877540297160147e-10,1.7763568394002505e-14,NaN,33,INTERRUPTED,gap_and_residual
748,0.609802597665176,MadNLP,1.0,0.01,18.110036849975586,36479.11128148834,36479.111281488345,1.9945545158814427e-14,9.769962616701378e-15,NaN,34,LOCALLY_SOLVED,residual_tolerance_upper_bound
748,0.609802597665176,ADMM,1.0,0.01,70.7850456237793,36590.427610730905,36479.111281488345,0.30515088041371285,2.5609514509028486e-12,1.138506481104688,6,converged,gap_callback_with_solver_termination
748,0.609802597665176,MEL-ADMM,1.0,0.01,15.578269958496094,36480.94184976041,36479.111281488345,0.005018127382386109,4.196420988478167e-12,0.0013052668297977021,19,converged,gap_residual_and_feasibility
748,0.609802597665176,sMEL-ADMM,1.0,0.01,1.148788,36480.771039283834,36479.111281488345,0.004549885502093481,2.0061730054976579e-13,0.009732664517839495,29,converged,gap_residual_and_feasibility
749,0.26079598865273557,IPOPT,1.0,1.0e-10,13.695955276489258,36479.11128157144,36479.111281488345,2.2777812571366076e-10,1.2434497875801753e-14,NaN,34,INTERRUPTED,gap_and_residual
749,0.26079598865273557,MadNLP,1.0,0.01,17.915010452270508,36479.11128148834,36479.111281488345,1.9945545158814427e-14,1.5987211554602254e-14,NaN,35,LOCALLY_SOLVED,residual_tolerance_upper_bound
749,0.26079598865273557,ADMM,1.0,0.01,74.72801208496094,36624.634225191716,36479.111281488345,0.3989212965756031,5.823064253007715e-12,1.6200245476988986,6,converged,gap_callback_with_solver_termination
749,0.26079598865273557,MEL-ADMM,1.0,0.01,12.985944747924805,36480.68727705169,36479.111281488345,0.004320268526243637,2.2057355941740298e-12,0.007238843751563806,16,converged,gap_residual_and_feasibility
749,0.26079598865273557,sMEL-ADMM,1.0,0.01,1.468835,36479.71264846505,36479.111281488345,0.0016485241980401279,1.992850329202156e-13,0.008377459459966374,39,converged,gap_residual_and_feasibility
750,0.42738907287258576,IPOPT,1.0,1.0e-10,12.79902458190918,36479.11128157204,36479.11128148835,2.2941366041668348e-10,1.2434497875801753e-14,NaN,33,INTERRUPTED,gap_and_residual
750,0.42738907287258576,MadNLP,1.0,0.01,17.24410057067871,36479.111281488345,36479.11128148835,1.994554515881442e-14,1.1546319456101628e-14,NaN,34,LOCALLY_SOLVED,residual_tolerance_upper_bound
750,0.42738907287258576,ADMM,1.0,0.01,68.50433349609375,36588.97205547598,36479.11128148835,0.30116077428501964,3.4727776210274897e-13,1.1342369969843613,6,converged,gap_callback_with_solver_termination
750,0.42738907287258576,MEL-ADMM,1.0,0.01,14.594793319702148,36481.10332460594,36479.11128148835,0.005460777545301675,4.0760728126088e-12,0.009822655290115279,18,converged,gap_residual_and_feasibility
750,0.42738907287258576,sMEL-ADMM,1.0,0.01,1.305539,36480.21860203716,36479.11128148835,0.00303549212112625,2.0045076709607201e-13,0.00864094113897984,36,converged,gap_residual_and_feasibility
751,0.4279647611370578,IPOPT,1.0,1.0e-10,13.796806335449219,36479.11128157204,36479.11128148834,2.294535515070012e-10,1.3322676295501878e-14,NaN,33,INTERRUPTED,gap_and_residual
751,0.4279647611370578,MadNLP,1.0,0.01,17.800092697143555,36479.111281488345,36479.11128148834,1.994554515881443e-14,1.2434497875801753e-14,NaN,34,LOCALLY_SOLVED,residual_tolerance_upper_bound
751,0.4279647611370578,ADMM,1.0,0.01,69.12946701049805,36588.972055044585,36479.11128148834,0.3011607731024883,2.8954616482224083e-13,1.1342369908922958,6,converged,gap_callback_with_solver_termination
751,0.4279647611370578,MEL-ADMM,1.0,0.01,14.722585678100586,36481.10332449157,36479.11128148834,0.005460777231817544,1.076083666617933e-12,0.009822655269419833,18,converged,gap_residual_and_feasibility
751,0.4279647611370578,sMEL-ADMM,1.0,0.01,1.0491229999999998,36480.22555555617,36479.11128148834,0.0030545537670452236,2.0056178939853453e-13,0.008898409242560135,36,converged,gap_residual_and_feasibility
752,0.5315717172088279,IPOPT,1.0,1.0e-10,12.873172760009766,36479.11128157214,36479.11128148833,2.2975273468438346e-10,1.7763568394002505e-14,NaN,33,INTERRUPTED,gap_and_residual
752,0.5315717172088279,MadNLP,1.0,0.01,17.06099510192871,36479.11128148834,36479.11128148833,1.9945545158814434e-14,1.0658141036401503e-14,NaN,34,LOCALLY_SOLVED,residual_tolerance_upper_bound
752,0.5315717172088279,ADMM,1.0,0.01,67.40021705627441,36588.972048254225,36479.11128148833,0.3011607544881288,1.7352785874891197e-12,1.1342369869054112,6,converged,gap_callback_with_solver_termination
752,0.5315717172088279,MEL-ADMM,1.0,0.01,14.699459075927734,36481.10332450582,36479.11128148833,0.005460777270910815,1.5070167336261875e-12,0.009822655311706008,18,converged,gap_residual_and_feasibility
752,0.5315717172088279,sMEL-ADMM,1.0,0.01,1.214002,36480.67519829338,36479.11128148833,0.0042871570882844065,1.999511667349907e-13,0.009084796757118596,32,converged,gap_residual_and_feasibility
753,0.7008301001830131,IPOPT,1.0,1.0e-10,12.835979461669922,36479.11128157188,36479.11128148835,2.2897485842318957e-10,1.865174681370263e-14,NaN,34,INTERRUPTED,gap_and_residual
753,0.7008301001830131,MadNLP,1.0,0.01,18.166065216064453,36479.111281488345,36479.11128148835,1.994554515881442e-14,1.2434497875801753e-14,NaN,35,LOCALLY_SOLVED,residual_tolerance_upper_bound
753,0.7008301001830131,ADMM,1.0,0.01,74.8903751373291,36625.24476621683,36479.11128148835,0.4005949695452998,5.717759599122019e-12,1.5546219247319373,6,converged,gap_callback_with_solver_termination
753,0.7008301001830131,MEL-ADMM,1.0,0.01,13.042211532592773,36480.65145888466,36479.11128148835,0.004222080369296229,4.2721381987576024e-13,0.006411283292286463,16,converged,gap_residual_and_feasibility
753,0.7008301001830131,sMEL-ADMM,1.0,0.01,1.0234580000000002,36480.74363901312,36479.11128148835,0.0044747732809885515,2.0028423364237824e-13,0.009963343911820743,32,converged,gap_residual_and_feasibility
754,0.3779686515007719,IPOPT,1.0,1.0e-10,12.323856353759766,36479.11128157202,36479.11128148834,2.2939371487152476e-10,1.0658141036401503e-14,NaN,32,INTERRUPTED,gap_and_residual
754,0.3779686515007719,MadNLP,1.0,0.01,16.76201820373535,36479.11128148832,36479.11128148834,3.989109031762886e-14,1.3322676295501878e-14,NaN,33,LOCALLY_SOLVED,residual_tolerance_upper_bound
754,0.3779686515007719,ADMM,1.0,0.01,67.94190406799316,36595.49610545178,36479.11128148834,0.31904511890480053,1.940114735532461e-12,1.0601950879272533,6,converged,gap_callback_with_solver_termination
754,0.3779686515007719,MEL-ADMM,1.0,0.01,14.531612396240234,36481.0124281101,36479.11128148834,0.005211603449144957,1.6097678745552457e-12,0.0098970070224631,18,converged,gap_residual_and_feasibility
754,0.3779686515007719,sMEL-ADMM,1.0,0.01,1.212835,36479.70452920819,36479.11128148834,0.001626266921015302,2.0056178939853453e-13,0.00666622229923064,33,converged,gap_residual_and_feasibility
755,0.37609367028777857,IPOPT,1.0,1.0e-10,13.665914535522461,36479.11128157184,36479.11128148834,2.288950762425544e-10,1.1546319456101628e-14,NaN,32,INTERRUPTED,gap_and_residual
755,0.37609367028777857,MadNLP,1.0,0.01,17.06695556640625,36479.11128148833,36479.11128148834,1.994554515881443e-14,1.509903313490213e-14,NaN,33,LOCALLY_SOLVED,residual_tolerance_upper_bound
755,0.37609367028777857,ADMM,1.0,0.01,67.17658042907715,36596.10886219459,36479.11128148834,0.32072486581004656,1.5623058402525203e-12,1.0741808261563621,6,converged,gap_callback_with_solver_termination
755,0.37609367028777857,MEL-ADMM,1.0,0.01,14.543771743774414,36481.000020703985,36479.11128148834,0.0051775910906171,3.882061339055554e-12,0.009912826452951329,18,converged,gap_residual_and_feasibility
755,0.37609367028777857,sMEL-ADMM,1.0,0.01,1.2491679999999998,36479.69294560055,36479.11128148834,0.0015945128370213617,2.0061730054976579e-13,0.007190070467251175,33,converged,gap_residual_and_feasibility
756,0.65677921599706,IPOPT,1.0,1.0e-10,13.465166091918945,36479.11134601241,36479.11128148833,1.7687952782487577e-7,1.4210854715202004e-14,NaN,33,INTERRUPTED,gap_and_residual
756,0.65677921599706,MadNLP,1.0,0.01,17.97795295715332,36479.111281488345,36479.11128148833,3.989109031762887e-14,1.2434497875801753e-14,NaN,35,LOCALLY_SOLVED,residual_tolerance_upper_bound
756,0.65677921599706,ADMM,1.0,0.01,70.88804244995117,36558.08731529019,36479.11128148833,0.21649659497581455,3.0109248427834245e-13,1.1340742015887386,6,converged,gap_callback_with_solver_termination
756,0.65677921599706,MEL-ADMM,1.0,0.01,12.936592102050781,36480.68787233763,36479.11128148833,0.004321900380554778,1.4476198018087416e-12,0.0090787791872593,16,converged,gap_residual_and_feasibility
756,0.65677921599706,sMEL-ADMM,1.0,0.01,1.39696,36480.71629638878,36479.11128148833,0.004399819085685433,2.0039525594484076e-13,0.009708583024089279,32,converged,gap_residual_and_feasibility
757,0.2761855139959684,IPOPT,1.0,1.0e-10,14.242887496948242,36479.111281571495,36479.11128148834,2.2795763562009012e-10,1.2434497875801753e-14,NaN,34,INTERRUPTED,gap_and_residual
757,0.2761855139959684,MadNLP,1.0,0.01,18.165111541748047,36479.11128148834,36479.11128148834,0.0,1.1546319456101628e-14,NaN,35,LOCALLY_SOLVED,residual_tolerance_upper_bound
757,0.2761855139959684,ADMM,1.0,0.01,75.39653778076172,36582.39999905489,36479.11128148834,0.28314482984394307,3.268496584496461e-13,1.288874312010229,6,converged,gap_callback_with_solver_termination
757,0.2761855139959684,MEL-ADMM,1.0,0.01,12.604951858520508,36480.69753671315,36479.11128148834,0.004348393283417192,4.298783551348606e-13,0.004886848411551625,16,converged,gap_residual_and_feasibility
757,0.2761855139959684,sMEL-ADMM,1.0,0.01,1.6885430000000001,36479.50742780073,36479.11128148834,0.0010859538472183204,1.9989565558375944e-13,0.007801447105858728,39,converged,gap_residual_and_feasibility
758,0.40777612200670493,IPOPT,1.0,1.0e-10,13.615131378173828,36479.111281572004,36479.11128148834,2.2935382378120713e-10,1.4210854715202004e-14,NaN,33,INTERRUPTED,gap_and_residual
758,0.40777612200670493,MadNLP,1.0,0.01,17.834901809692383,36479.11128148833,36479.11128148834,1.994554515881443e-14,1.4210854715202004e-14,NaN,34,LOCALLY_SOLVED,residual_tolerance_upper_bound
758,0.40777612200670493,ADMM,1.0,0.01,69.09847259521484,36588.97205597894,36479.11128148834,0.30116077566383537,1.9073076451547877e-12,1.1342369926576001,6,converged,gap_callback_with_solver_termination
758,0.40777612200670493,MEL-ADMM,1.0,0.01,14.673471450805664,36481.103324466836,36479.11128148834,0.005460777164022637,5.029310301551959e-13,0.009822655247465839,18,converged,gap_residual_and_feasibility
758,0.40777612200670493,sMEL-ADMM,1.0,0.01,1.2192450000000001,36479.99220600055,36479.11128148834,0.002414873831252624,2.0039525594484076e-13,0.005861427861674429,35,converged,gap_residual_and_feasibility
759,0.556938682437112,IPOPT,1.0,1.0e-10,13.187885284423828,36479.11128157209,36479.11128148833,2.2961311586827176e-10,1.3322676295501878e-14,NaN,33,INTERRUPTED,gap_and_residual
759,0.556938682437112,MadNLP,1.0,0.01,17.26388931274414,36479.11128148833,36479.11128148833,0.0,1.2434497875801753e-14,NaN,34,LOCALLY_SOLVED,residual_tolerance_upper_bound
759,0.556938682437112,ADMM,1.0,0.01,67.28935241699219,36588.97205157548,36479.11128148833,0.3011607635926718,9.460210392830959e-13,1.1342369885941732,6,converged,gap_callback_with_solver_termination
759,0.556938682437112,MEL-ADMM,1.0,0.01,14.89710807800293,36481.103324895936,36479.11128148833,0.005460778340331109,1.1632361740510078e-11,0.009822655305401717,18,converged,gap_residual_and_feasibility
759,0.556938682437112,sMEL-ADMM,1.0,0.01,1.057834,36480.68243770276,36479.11128148833,0.0043070024439581115,2.0061730054976579e-13,0.009214093910621557,32,converged,gap_residual_and_feasibility
760,0.5782083490519507,IPOPT,1.0,1.0e-10,12.757062911987305,36479.111281572084,36479.11128148831,2.2965300695858954e-10,1.1546319456101628e-14,NaN,33,INTERRUPTED,gap_and_residual
760,0.5782083490519507,MadNLP,1.0,0.01,17.541885375976562,36479.11128148836,36479.11128148831,1.3961881611170111e-13,1.0658141036401503e-14,NaN,34,LOCALLY_SOLVED,residual_tolerance_upper_bound
760,0.5782083490519507,ADMM,1.0,0.01,68.46761703491211,36589.17533905111,36479.11128148831,0.30171803450335605,1.6499024368954451e-12,1.1294540356733629,6,converged,gap_callback_with_solver_termination
760,0.5782083490519507,MEL-ADMM,1.0,0.01,14.91093635559082,36481.09785294424,36479.11128148831,0.0054457781073615095,3.842592910530129e-12,0.009835244632959927,18,converged,gap_residual_and_feasibility
760,0.5782083490519507,sMEL-ADMM,1.0,0.01,1.2491670000000001,36480.68887688442,36479.11128148831,0.004324654139569047,2.007283228522283e-13,0.009317705280489363,32,converged,gap_residual_and_feasibility
761,0.5242125007177181,IPOPT,1.0,1.0e-10,14.025211334228516,36479.11128157214,36479.111281488345,2.2971284359406576e-10,1.509903313490213e-14,NaN,33,INTERRUPTED,gap_and_residual
761,0.5242125007177181,MadNLP,1.0,0.01,17.04096794128418,36479.111281488345,36479.111281488345,0.0,1.2434497875801753e-14,NaN,34,LOCALLY_SOLVED,residual_tolerance_upper_bound
761,0.5242125007177181,ADMM,1.0,0.01,67.04020500183105,36588.972047582305,36479.111281488345,0.3011607526461576,5.220268661787486e-13,1.1342369855196166,6,converged,gap_callback_with_solver_termination
761,0.5242125007177181,MEL-ADMM,1.0,0.01,14.716386795043945,36481.103324488904,36479.111281488345,0.005460777224497528,1.0283995877102825e-12,0.009822655428703975,18,converged,gap_residual_and_feasibility
761,0.5242125007177181,sMEL-ADMM,1.0,0.01,1.073376,36480.67327091127,36479.111281488345,0.004281873565589272,2.0061730054976579e-13,0.009045712640473269,32,converged,gap_residual_and_feasibility
762,0.7326301259800152,IPOPT,1.0,1.0e-10,13.505220413208008,36479.111281571735,36479.11128148832,2.2865572970064873e-10,1.4210854715202004e-14,NaN,34,INTERRUPTED,gap_and_residual
762,0.7326301259800152,MadNLP,1.0,0.01,17.791032791137695,36479.11128148834,36479.11128148832,3.9891090317628874e-14,1.509903313490213e-14,NaN,35,LOCALLY_SOLVED,residual_tolerance_upper_bound
762,0.7326301259800152,ADMM,1.0,0.01,76.59101486206055,36806.7121016889,36479.11128148832,0.898050442272754,4.764078020969009e-12,2.2933040663639623,6,converged,gap_callback_with_solver_termination
762,0.7326301259800152,MEL-ADMM,1.0,0.01,15.428543090820312,36480.53448518547,36479.11128148832,0.0039014209698320238,2.7968738436356944e-12,0.005806432403105077,19,converged,gap_residual_and_feasibility
762,0.7326301259800152,sMEL-ADMM,1.0,0.01,1.3025440000000001,36480.77500949501,36479.11128148832,0.004560769021613794,1.9984014443252818e-13,0.005901279011597538,33,converged,gap_residual_and_feasibility
763,0.6175271343187287,IPOPT,1.0,1.0e-10,13.175010681152344,36479.11128157054,36479.11128148836,2.2528493256880886e-10,1.4210854715202004e-14,NaN,33,INTERRUPTED,gap_and_residual
763,0.6175271343187287,MadNLP,1.0,0.01,17.765045166015625,36479.11128148831,36479.11128148836,1.3961881611170094e-13,1.2434497875801753e-14,NaN,34,LOCALLY_SOLVED,residual_tolerance_upper_bound
763,0.6175271343187287,ADMM,1.0,0.01,70.83606719970703,36584.1599428436,36479.11128148836,0.2879693546935446,9.562350911096473e-13,1.1552625744487033,6,converged,gap_callback_with_solver_termination
763,0.6175271343187287,MEL-ADMM,1.0,0.01,15.644073486328125,36480.89934126213,36479.11128148836,0.004901599054785543,3.999134357002276e-12,0.001101574893217716,19,converged,gap_residual_and_feasibility
763,0.6175271343187287,sMEL-ADMM,1.0,0.01,1.2490430000000001,36480.77526058611,36479.11128148836,0.0045614573362539376,2.0017321133991572e-13,0.009886597620338833,29,converged,gap_residual_and_feasibility
764,0.3337802816971094,IPOPT,1.0,1.0e-10,12.998104095458984,36479.11128155791,36479.111281488345,1.9069935726342472e-10,1.4210854715202004e-14,NaN,34,INTERRUPTED,gap_and_residual
764,0.3337802816971094,MadNLP,1.0,0.01,18.645048141479492,36479.11128148834,36479.111281488345,1.9945545158814427e-14,1.3322676295501878e-14,NaN,35,LOCALLY_SOLVED,residual_tolerance_upper_bound
764,0.3337802816971094,ADMM,1.0,0.01,72.33619689941406,36566.72409971587,36479.111281488345,0.24017256766885056,7.601697049608447e-13,1.1533718135685689,6,converged,gap_callback_with_solver_termination
764,0.3337802816971094,MEL-ADMM,1.0,0.01,15.701770782470703,36480.83309636143,36479.111281488345,0.00472000224949661,2.6438295996911165e-12,0.0007260821887946634,19,converged,gap_residual_and_feasibility
764,0.3337802816971094,sMEL-ADMM,1.0,0.01,1.255125,36479.51159499761,36479.111281488345,0.0010973773625552153,1.996736109788344e-13,0.00925166716311665,35,converged,gap_residual_and_feasibility
765,0.5512188534974878,IPOPT,1.0,1.0e-10,12.853145599365234,36479.11128157215,36479.11128148833,2.2977268022954228e-10,1.687538997430238e-14,NaN,33,INTERRUPTED,gap_and_residual
765,0.5512188534974878,MadNLP,1.0,0.01,17.00592041015625,36479.11128148832,36479.11128148833,1.9945545158814434e-14,1.2434497875801753e-14,NaN,34,LOCALLY_SOLVED,residual_tolerance_upper_bound
765,0.5512188534974878,ADMM,1.0,0.01,68.58229637145996,36588.97205159974,36479.11128148833,0.30116076365917027,9.65005853004186e-13,1.1342369915726476,6,converged,gap_callback_with_solver_termination
765,0.5512188534974878,MEL-ADMM,1.0,0.01,14.395713806152344,36481.10332471375,36479.11128148833,0.005460777840914604,6.905920280075861e-12,0.009822655215896425,18,converged,gap_residual_and_feasibility
765,0.5512188534974878,sMEL-ADMM,1.0,0.01,1.0887099999999998,36480.68073525426,36479.11128148833,0.004302335530651058,2.0061730054976579e-13,0.009185786359497072,32,converged,gap_residual_and_feasibility
766,0.5561136528763756,IPOPT,1.0,1.0e-10,13.601064682006836,36479.11128157211,36479.111281488316,2.2971284359406594e-10,1.3322676295501878e-14,NaN,33,INTERRUPTED,gap_and_residual
766,0.5561136528763756,MadNLP,1.0,0.01,17.55809783935547,36479.11128148835,36479.111281488316,9.972772579407222e-14,1.4210854715202004e-14,NaN,34,LOCALLY_SOLVED,residual_tolerance_upper_bound
766,0.5561136528763756,ADMM,1.0,0.01,72.74007797241211,36588.97205174762,36479.111281488316,0.30116076406460346,1.866506948999813e-12,1.134236992357759,6,converged,gap_callback_with_solver_termination
766,0.5561136528763756,MEL-ADMM,1.0,0.01,16.026020050048828,36481.10332460839,36479.111281488316,0.005460777552123057,4.089062421996914e-12,0.009822655413166181,18,converged,gap_residual_and_feasibility
766,0.5561136528763756,sMEL-ADMM,1.0,0.01,1.305162,36480.68219099647,36479.111281488316,0.004306326149321245,2.0083934515469082e-13,0.009210037407545002,32,converged,gap_residual_and_feasibility
767,0.7034261608398973,IPOPT,1.0,1.0e-10,14.703989028930664,36479.11128157192,36479.11128148837,2.290346950586659e-10,1.1546319456101628e-14,NaN,34,INTERRUPTED,gap_and_residual
767,0.7034261608398973,MadNLP,1.0,0.01,19.65808868408203,36479.11128148833,36479.11128148837,9.972772579407208e-14,1.3322676295501878e-14,NaN,35,LOCALLY_SOLVED,residual_tolerance_upper_bound
767,0.7034261608398973,ADMM,1.0,0.01,79.59151268005371,36634.73458241934,36479.11128148837,0.42660935385765547,6.049827305787403e-12,1.6157677394433394,6,converged,gap_callback_with_solver_termination
767,0.7034261608398973,MEL-ADMM,1.0,0.01,14.048099517822266,36480.65047469247,36479.11128148837,0.00421938240826367,3.665290293497492e-12,0.006923774562472396,16,converged,gap_residual_and_feasibility
767,0.7034261608398973,sMEL-ADMM,1.0,0.01,1.361583,36480.745526272396,36479.11128148837,0.0044799468150918545,1.9972912213006566e-13,0.009980317036086817,32,converged,gap_residual_and_feasibility
768,0.6332907490558539,IPOPT,1.0,1.0e-10,14.33706283569336,36479.11128148833,36479.11128148833,0.0,1.0658141036401503e-14,NaN,34,INTERRUPTED,gap_and_residual
768,0.6332907490558539,MadNLP,1.0,0.01,19.164085388183594,36479.11128148831,36479.11128148833,5.98366354764433e-14,1.2434497875801753e-14,NaN,35,LOCALLY_SOLVED,residual_tolerance_upper_bound
768,0.6332907490558539,ADMM,1.0,0.01,75.71268081665039,36571.93889451057,36479.11128148833,0.25446785779932873,2.9616309404900676e-12,1.1670300766657347,6,converged,gap_callback_with_solver_termination
768,0.6332907490558539,MEL-ADMM,1.0,0.01,16.376495361328125,36480.826927383496,36479.11128148833,0.004703091262082216,3.6090019861489964e-12,0.0007063219666143539,19,converged,gap_residual_and_feasibility
768,0.6332907490558539,sMEL-ADMM,1.0,0.01,1.251421,36480.706027976354,36479.11128148833,0.004371670339545969,1.999511667349907e-13,0.00958628508069026,32,converged,gap_residual_and_feasibility
769,0.4854041920288544,IPOPT,1.0,1.0e-10,14.981985092163086,36479.11128157214,36479.11128148833,2.2975273468438346e-10,1.0658141036401503e-14,NaN,33,INTERRUPTED,gap_and_residual
769,0.4854041920288544,MadNLP,1.0,0.01,19.744873046875,36479.11128148831,36479.11128148833,5.98366354764433e-14,1.1546319456101628e-14,NaN,34,LOCALLY_SOLVED,residual_tolerance_upper_bound
769,0.4854041920288544,ADMM,1.0,0.01,75.20532608032227,36588.972046974966,36479.11128148833,0.30116075098130307,1.1659562204613394e-12,1.1342369825354792,6,converged,gap_callback_with_solver_termination
769,0.4854041920288544,MEL-ADMM,1.0,0.01,16.063451766967773,36481.103324579526,36479.11128148833,0.0054607774729591866,3.3650859876388495e-12,0.009822655366272137,18,converged,gap_residual_and_feasibility
769,0.4854041920288544,sMEL-ADMM,1.0,0.01,1.446918,36480.664108693105,36479.11128148833,0.004256757224132465,2.0039525594484076e-13,0.008829525027774565,32,converged,gap_residual_and_feasibility
770,0.5869833251907249,IPOPT,1.0,1.0e-10,14.69111442565918,36479.11128157204,36479.11128148834,2.294535515070012e-10,1.3322676295501878e-14,NaN,33,INTERRUPTED,gap_and_residual
770,0.5869833251907249,MadNLP,1.0,0.01,19.474029541015625,36479.11128148833,36479.11128148834,1.994554515881443e-14,1.4210854715202004e-14,NaN,34,LOCALLY_SOLVED,residual_tolerance_upper_bound
770,0.5869833251907249,ADMM,1.0,0.01,75.78539848327637,36594.84980026056,36479.11128148834,0.3172734058106217,3.273714632712199e-12,1.0747896668610561,6,converged,gap_callback_with_solver_termination
770,0.5869833251907249,MEL-ADMM,1.0,0.01,15.537500381469727,36481.03647210852,36479.11128148834,0.005277515138258052,4.190869873355041e-12,0.009909458549010708,18,converged,gap_residual_and_feasibility
770,0.5869833251907249,sMEL-ADMM,1.0,0.01,1.347666,36480.69157839522,36479.11128148834,0.0043320597771378784,1.9984014443252818e-13,0.009359861195335384,32,converged,gap_residual_and_feasibility
771,0.5568232396987278,IPOPT,1.0,1.0e-10,14.631986618041992,36479.11128157213,36479.11128148832,2.297327891392247e-10,1.2434497875801753e-14,NaN,33,INTERRUPTED,gap_and_residual
771,0.5568232396987278,MadNLP,1.0,0.01,19.218921661376953,36479.111281488316,36479.11128148832,1.9945545158814437e-14,1.2434497875801753e-14,NaN,34,LOCALLY_SOLVED,residual_tolerance_upper_bound
771,0.5568232396987278,ADMM,1.0,0.01,74.82576370239258,36588.972051940305,36479.11128148832,0.3011607645927814,1.5625278848574453e-12,1.1342369933042278,6,converged,gap_callback_with_solver_termination
771,0.5568232396987278,MEL-ADMM,1.0,0.01,15.669822692871094,36481.1033244756,36479.11128148832,0.005460777188096912,6.680211939169567e-13,0.009822655348043163,18,converged,gap_residual_and_feasibility
771,0.5568232396987278,sMEL-ADMM,1.0,0.01,1.249543,36480.68240315996,36479.11128148832,0.0043069077519838316,2.0061730054976579e-13,0.009213526807483774,32,converged,gap_residual_and_feasibility
772,0.6215838129155686,IPOPT,1.0,1.0e-10,12.663841247558594,36479.11128156985,36479.11128148834,2.2344994241419807e-10,1.2434497875801753e-14,NaN,33,INTERRUPTED,gap_and_residual
772,0.6215838129155686,MadNLP,1.0,0.01,17.402172088623047,36479.111281488316,36479.11128148834,5.983663547644329e-14,1.3322676295501878e-14,NaN,34,LOCALLY_SOLVED,residual_tolerance_upper_bound
772,0.6215838129155686,ADMM,1.0,0.01,72.53050804138184,36581.261249219046,36479.11128148834,0.28002318078002186,3.369304835132425e-12,1.1649774427605255,6,converged,gap_callback_with_solver_termination
772,0.6215838129155686,MEL-ADMM,1.0,0.01,16.48426055908203,36480.87890708826,36479.11128148834,0.004845582959204214,6.376232875027199e-12,0.0009947252572199972,19,converged,gap_residual_and_feasibility
772,0.6215838129155686,sMEL-ADMM,1.0,0.01,1.267163,36480.77749788932,36479.11128148834,0.004567590444092425,2.0083934515469082e-13,0.009974786557870985,29,converged,gap_residual_and_feasibility
773,0.4003672830324921,IPOPT,1.0,1.0e-10,14.346837997436523,36479.11128157194,36479.11128148837,2.2909453169414236e-10,9.769962616701378e-15,NaN,33,INTERRUPTED,gap_and_residual
773,0.4003672830324921,MadNLP,1.0,0.01,19.19102668762207,36479.11128148835,36479.11128148837,3.989109031762883e-14,1.2434497875801753e-14,NaN,34,LOCALLY_SOLVED,residual_tolerance_upper_bound
773,0.4003672830324921,ADMM,1.0,0.01,74.45883750915527,36588.97205746368,36479.11128148837,0.30116077973386324,4.4630965589931293e-13,1.1342369990866912,6,converged,gap_callback_with_solver_termination
773,0.4003672830324921,MEL-ADMM,1.0,0.01,15.749216079711914,36481.10332445865,36479.11128148837,0.005460777141504111,4.566347300283269e-13,0.009822655717303341,18,converged,gap_residual_and_feasibility
773,0.4003672830324921,sMEL-ADMM,1.0,0.01,1.473496,36479.91588857139,36479.11128148837,0.002205665255426523,2.0056178939853453e-13,0.002988107227212211,35,converged,gap_residual_and_feasibility
774,0.5937584338128817,IPOPT,1.0,1.0e-10,14.185905456542969,36479.111281572004,36479.111281488345,2.2933387823604827e-10,1.687538997430238e-14,NaN,33,INTERRUPTED,gap_and_residual
774,0.5937584338128817,MadNLP,1.0,0.01,19.70195770263672,36479.111281488345,36479.111281488345,0.0,1.2434497875801753e-14,NaN,34,LOCALLY_SOLVED,residual_tolerance_upper_bound
774,0.5937584338128817,ADMM,1.0,0.01,74.19466972351074,36597.15488602948,36479.111281488345,0.3235923255647834,3.300359985303203e-12,1.0860360624055039,6,converged,gap_callback_with_solver_termination
774,0.5937584338128817,MEL-ADMM,1.0,0.01,15.653610229492188,36480.989306941556,36479.111281488345,0.005148221508793459,2.6615376569338878e-12,0.00991393023834064,18,converged,gap_residual_and_feasibility
774,0.5937584338128817,sMEL-ADMM,1.0,0.01,1.172292,36480.76241373703,36479.111281488345,0.0045262403350322,2.0028423364237824e-13,0.00999806694195371,29,converged,gap_residual_and_feasibility
775,0.5428174474025038,IPOPT,1.0,1.0e-10,14.586925506591797,36479.11128157213,36479.11128148833,2.2971284359406583e-10,1.3322676295501878e-14,NaN,33,INTERRUPTED,gap_and_residual
775,0.5428174474025038,MadNLP,1.0,0.01,19.01984214782715,36479.111281488345,36479.11128148833,3.989109031762887e-14,1.687538997430238e-14,NaN,34,LOCALLY_SOLVED,residual_tolerance_upper_bound
775,0.5428174474025038,ADMM,1.0,0.01,74.27000999450684,36588.97204685952,36479.11128148833,0.30116075066482706,1.4526158054195548e-12,1.1342369822366285,6,converged,gap_callback_with_solver_termination
775,0.5428174474025038,MEL-ADMM,1.0,0.01,15.626668930053711,36481.103324482516,36479.11128148833,0.005460777207025233,8.700817843987352e-13,0.009822655305192995,18,converged,gap_residual_and_feasibility
775,0.5428174474025038,sMEL-ADMM,1.0,0.01,1.333585,36480.67827116186,36479.11128148833,0.004295580726831785,2.0050627824730327e-13,0.00914331413502012,32,converged,gap_residual_and_feasibility
776,0.6647639703651202,IPOPT,1.0,1.0e-10,14.670848846435547,36479.11134600407,36479.11128148833,1.7685667023012376e-7,1.4210854715202004e-14,NaN,33,INTERRUPTED,gap_and_residual
776,0.6647639703651202,MadNLP,1.0,0.01,19.548892974853516,36479.11128148834,36479.11128148833,1.9945545158814434e-14,1.2434497875801753e-14,NaN,35,LOCALLY_SOLVED,residual_tolerance_upper_bound
776,0.6647639703651202,ADMM,1.0,0.01,80.86419105529785,36559.04723910449,36479.11128148833,0.21912802918727617,9.86322135076989e-13,1.124788411367656,6,converged,gap_callback_with_solver_termination
776,0.6647639703651202,MEL-ADMM,1.0,0.01,13.658523559570312,36480.67480210656,36479.11128148833,0.0042860710233923,1.954769679457513e-12,0.007805967780028844,16,converged,gap_residual_and_feasibility
776,0.6647639703651202,sMEL-ADMM,1.0,0.01,1.440125,36480.721218108716,36479.11128148833,0.004413310971208465,2.0028423364237824e-13,0.009750823138858777,32,converged,gap_residual_and_feasibility
777,0.5978858933580051,IPOPT,1.0,1.0e-10,14.719963073730469,36479.111281571946,36479.11128148834,2.291942594199366e-10,1.5987211554602254e-14,NaN,33,INTERRUPTED,gap_and_residual
777,0.5978858933580051,MadNLP,1.0,0.01,19.57392692565918,36479.111281488345,36479.11128148834,1.994554515881443e-14,1.2434497875801753e-14,NaN,34,LOCALLY_SOLVED,residual_tolerance_upper_bound
777,0.5978858933580051,ADMM,1.0,0.01,75.74653625488281,36599.1364511095,36479.11128148834,0.32902437971966547,1.2434497875801753e-12,1.144477022722512,6,converged,gap_callback_with_solver_termination
777,0.5978858933580051,MEL-ADMM,1.0,0.01,15.948057174682617,36480.958064111415,36479.11128148834,0.005062575699354627,1.9058088440715437e-12,0.009925850903579558,18,converged,gap_residual_and_feasibility
777,0.5978858933580051,sMEL-ADMM,1.0,0.01,1.218291,36480.7646147585,36479.11128148834,0.004532273983871221,1.999511667349907e-13,0.0099314927177101,29,converged,gap_residual_and_feasibility
778,0.6355044634008673,IPOPT,1.0,1.0e-10,13.293027877807617,36479.11128148836,36479.11128148836,0.0,1.4210854715202004e-14,NaN,34,INTERRUPTED,gap_and_residual
778,0.6355044634008673,MadNLP,1.0,0.01,17.77505874633789,36479.111281488345,36479.11128148836,3.9891090317628836e-14,1.1546319456101628e-14,NaN,35,LOCALLY_SOLVED,residual_tolerance_upper_bound
778,0.6355044634008673,ADMM,1.0,0.01,72.1125602722168,36570.08697206384,36479.11128148836,0.24939119232776655,1.581401676276073e-12,1.1632602406663937,6,converged,gap_callback_with_solver_termination
778,0.6355044634008673,MEL-ADMM,1.0,0.01,16.3881778717041,36480.81686867066,36479.11128148836,0.004675517364285815,1.1430856261540612e-12,0.0007074252402112791,19,converged,gap_residual_and_feasibility
778,0.6355044634008673,sMEL-ADMM,1.0,0.01,1.391833,36480.70671771411,36479.11128148836,0.004373561114019588,2.0017321133991572e-13,0.009597674303648773,32,converged,gap_residual_and_feasibility
779,0.5530937717250616,IPOPT,1.0,1.0e-10,14.857053756713867,36479.111281572135,36479.11128148833,2.2973278913922465e-10,1.2434497875801753e-14,NaN,33,INTERRUPTED,gap_and_residual
779,0.5530937717250616,MadNLP,1.0,0.01,19.21987533569336,36479.11128148834,36479.11128148833,1.9945545158814434e-14,1.1546319456101628e-14,NaN,34,LOCALLY_SOLVED,residual_tolerance_upper_bound
779,0.5530937717250616,ADMM,1.0,0.01,74.26238059997559,36588.972051846795,36479.11128148833,0.30116076433642125,1.3802292642139946e-12,1.1342369935264642,6,converged,gap_callback_with_solver_termination
779,0.5530937717250616,MEL-ADMM,1.0,0.01,15.537023544311523,36481.103324474476,36479.11128148833,0.0054607771849854055,6.561418075534675e-13,0.00982265524180903,18,converged,gap_residual_and_feasibility
779,0.5530937717250616,sMEL-ADMM,1.0,0.01,1.256541,36480.68129121666,36479.11128148833,0.0043038595875081785,2.0083934515469082e-13,0.009195114425535778,32,converged,gap_residual_and_feasibility
780,0.674598771981645,IPOPT,1.0,1.0e-10,13.925790786743164,36479.111346016405,36479.111281488345,1.768904380380776e-7,1.687538997430238e-14,NaN,33,INTERRUPTED,gap_and_residual
780,0.674598771981645,MadNLP,1.0,0.01,19.533157348632812,36479.111281488316,36479.111281488345,7.978218063525771e-14,1.0658141036401503e-14,NaN,35,LOCALLY_SOLVED,residual_tolerance_upper_bound
780,0.674598771981645,ADMM,1.0,0.01,80.99651336669922,36567.04767690428,36479.111281488345,0.2410595881499956,2.7166047189552955e-12,1.1229284613096429,6,converged,gap_callback_with_solver_termination
780,0.674598771981645,MEL-ADMM,1.0,0.01,14.019250869750977,36480.666003894046,36479.111281488345,0.004261952528678636,3.7948533204712476e-12,0.00640527366089394,16,converged,gap_residual_and_feasibility
780,0.674598771981645,sMEL-ADMM,1.0,0.01,1.483619,36480.72728846785,36479.111281488345,0.004429951615427262,2.0050627824730327e-13,0.009804473885372644,32,converged,gap_residual_and_feasibility
781,0.5764839233161475,IPOPT,1.0,1.0e-10,14.307022094726562,36479.11128157207,36479.11128148833,2.295532792327953e-10,1.4210854715202004e-14,NaN,33,INTERRUPTED,gap_and_residual
781,0.5764839233161475,MadNLP,1.0,0.01,18.969058990478516,36479.111281488316,36479.11128148833,3.989109031762887e-14,1.3322676295501878e-14,NaN,34,LOCALLY_SOLVED,residual_tolerance_upper_bound
781,0.5764839233161475,ADMM,1.0,0.01,74.73182678222656,36588.97205275261,36479.11128148833,0.3011607668195219,3.2220892620671293e-12,1.134236992541318,6,converged,gap_callback_with_solver_termination
781,0.5764839233161475,MEL-ADMM,1.0,0.01,15.773296356201172,36481.10332455647,36479.11128148833,0.005460777409751754,2.840949697713313e-12,0.00982265540250804,18,converged,gap_residual_and_feasibility
781,0.5764839233161475,sMEL-ADMM,1.0,0.01,1.291547,36480.688348785065,36479.11128148833,0.00432320646345907,2.0117241206207837e-13,0.009309390376399662,32,converged,gap_residual_and_feasibility
782,0.5892550765693398,IPOPT,1.0,1.0e-10,14.29605484008789,36479.111281572026,36479.11128148834,2.2941366041668358e-10,1.1546319456101628e-14,NaN,33,INTERRUPTED,gap_and_residual
782,0.5892550765693398,MadNLP,1.0,0.01,18.68605613708496,36479.11128148833,36479.11128148834,1.994554515881443e-14,1.7763568394002505e-14,NaN,34,LOCALLY_SOLVED,residual_tolerance_upper_bound
782,0.5892550765693398,ADMM,1.0,0.01,74.52678680419922,36595.6723033269,36479.11128148834,0.3195281292329967,4.584110868677271e-13,1.070571921959166,6,converged,gap_callback_with_solver_termination
782,0.5892550765693398,MEL-ADMM,1.0,0.01,15.56253433227539,36481.020659157075,36479.11128148834,0.005234167175848342,6.333156221671743e-12,0.00990745246503888,18,converged,gap_residual_and_feasibility
782,0.5892550765693398,sMEL-ADMM,1.0,0.01,1.236084,36480.69228130565,36479.11128148834,0.004333986661884116,2.0050627824730327e-13,0.009370746048668721,32,converged,gap_residual_and_feasibility
783,0.6318106753798132,IPOPT,1.0,1.0e-10,15.217065811157227,36479.11128148834,36479.11128148834,0.0,1.1546319456101628e-14,NaN,34,INTERRUPTED,gap_and_residual
783,0.6318106753798132,MadNLP,1.0,0.01,19.851207733154297,36479.11128148835,36479.11128148834,3.989109031762886e-14,1.2434497875801753e-14,NaN,35,LOCALLY_SOLVED,residual_tolerance_upper_bound
783,0.6318106753798132,ADMM,1.0,0.01,76.73454284667969,36573.17574611721,36479.11128148834,0.25785843274258974,3.97015753605956e-13,1.1673561747799122,6,converged,gap_callback_with_solver_termination
783,0.6318106753798132,MEL-ADMM,1.0,0.01,16.59536361694336,36480.833152196974,36479.11128148834,0.004720155311211249,4.799827202361939e-12,0.0007055284236017201,19,converged,gap_residual_and_feasibility
783,0.6318106753798132,sMEL-ADMM,1.0,0.01,1.105335,36480.70556692815,36479.11128148834,0.004370406470450563,2.0039525594484076e-13,0.009578686894501587,32,converged,gap_residual_and_feasibility
784,0.6228523440078941,IPOPT,1.0,1.0e-10,14.036178588867188,36479.11128156964,36479.11128148834,2.2287152160459246e-10,1.1546319456101628e-14,NaN,33,INTERRUPTED,gap_and_residual
784,0.6228523440078941,MadNLP,1.0,0.01,19.516944885253906,36479.111281488345,36479.11128148834,1.994554515881443e-14,1.3322676295501878e-14,NaN,34,LOCALLY_SOLVED,residual_tolerance_upper_bound
784,0.6228523440078941,ADMM,1.0,0.01,77.84891128540039,36580.36403440302,36479.11128148834,0.2775636504227679,5.039302308773586e-13,1.16768079536795,6,converged,gap_callback_with_solver_termination
784,0.6228523440078941,MEL-ADMM,1.0,0.01,17.01664924621582,36480.87266994219,36479.11128148834,0.004828485102775047,1.9592105715560137e-12,0.0009613990619676827,19,converged,gap_residual_and_feasibility
784,0.6228523440078941,sMEL-ADMM,1.0,0.01,1.383875,36480.70277570693,36479.11128148834,0.0043627549100941285,2.0017321133991572e-13,0.009533092894498552,32,converged,gap_residual_and_feasibility
785,0.7450807174989436,IPOPT,1.0,1.0e-10,13.092041015625,36479.11128157002,36479.11128148834,2.239086899528508e-10,1.2434497875801753e-14,NaN,34,INTERRUPTED,gap_and_residual
785,0.7450807174989436,MadNLP,1.0,0.01,17.709016799926758,36479.111281488345,36479.11128148834,1.994554515881443e-14,1.3322676295501878e-14,NaN,35,LOCALLY_SOLVED,residual_tolerance_upper_bound
785,0.7450807174989436,ADMM,1.0,0.01,90.3463363647461,36532.21488230142,36479.11128148834,0.1455726275876438,3.5672576004230905e-12,0.8342139815214153,7,converged,gap_callback_with_solver_termination
785,0.7450807174989436,MEL-ADMM,1.0,0.01,16.312837600708008,36480.51649968335,36479.11128148834,0.0038521174054017703,1.5474288517225432e-12,0.006485214319315702,19,converged,gap_residual_and_feasibility
785,0.7450807174989436,sMEL-ADMM,1.0,0.01,1.2675379999999998,36480.78329208018,36479.11128148834,0.004583474029674259,2.007283228522283e-13,0.005957160942889672,33,converged,gap_residual_and_feasibility
786,0.5653633673891703,IPOPT,1.0,1.0e-10,14.522075653076172,36479.11128157211,36479.1112814883,2.2975273468438364e-10,1.1546319456101628e-14,NaN,33,INTERRUPTED,gap_and_residual
786,0.5653633673891703,MadNLP,1.0,0.01,19.51313018798828,36479.111281488345,36479.1112814883,1.196732709528867e-13,1.1546319456101628e-14,NaN,34,LOCALLY_SOLVED,residual_tolerance_upper_bound
786,0.5653633673891703,ADMM,1.0,0.01,74.79381561279297,36588.97205256497,36479.1112814883,0.3011607663052263,2.0241586184965854e-12,1.1342369944837687,6,converged,gap_callback_with_solver_termination
786,0.5653633673891703,MEL-ADMM,1.0,0.01,15.749454498291016,36481.1033246747,36479.1112814883,0.005460777733946649,5.9108273831043334e-12,0.009822655378793677,18,converged,gap_residual_and_feasibility
786,0.5653633673891703,sMEL-ADMM,1.0,0.01,1.3781240000000001,36480.68496943578,36479.1112814883,0.004313942670740134,1.9961809982760315e-13,0.009255373134990919,32,converged,gap_residual_and_feasibility
787,0.7421319441277965,IPOPT,1.0,1.0e-10,14.834165573120117,36479.11128157216,36479.11128148831,2.2985246241017767e-10,1.1546319456101628e-14,NaN,34,INTERRUPTED,gap_and_residual
787,0.7421319441277965,MadNLP,1.0,0.01,19.526004791259766,36479.111281488316,36479.11128148831,1.9945545158814446e-14,1.687538997430238e-14,NaN,35,LOCALLY_SOLVED,residual_tolerance_upper_bound
787,0.7421319441277965,ADMM,1.0,0.01,94.55585479736328,36535.57119229027,36479.11128148831,0.1547732628854153,1.5494272531668685e-12,0.8411113823897196,7,converged,gap_callback_with_solver_termination
787,0.7421319441277965,MEL-ADMM,1.0,0.01,16.2503719329834,36480.5210260822,36479.11128148831,0.0038645255993531185,1.7256196471748808e-12,0.006300436251888364,19,converged,gap_residual_and_feasibility
787,0.7421319441277965,sMEL-ADMM,1.0,0.01,1.0975819999999998,36480.781323630865,36479.11128148831,0.004578077929774669,2.0095036745715333e-13,0.005944139192875397,33,converged,gap_residual_and_feasibility
788,0.6610790301590233,IPOPT,1.0,1.0e-10,14.575958251953125,36479.1113460069,36479.11128148835,1.7686436921055498e-7,1.1546319456101628e-14,NaN,33,INTERRUPTED,gap_and_residual
788,0.6610790301590233,MadNLP,1.0,0.01,19.794940948486328,36479.11128148834,36479.11128148835,3.989109031762884e-14,1.4210854715202004e-14,NaN,35,LOCALLY_SOLVED,residual_tolerance_upper_bound
788,0.6610790301590233,ADMM,1.0,0.01,79.76508140563965,36558.125903363965,36479.11128148835,0.21660237626378062,2.8961277820371834e-12,1.1292106598805365,6,converged,gap_callback_with_solver_termination
788,0.6610790301590233,MEL-ADMM,1.0,0.01,13.735532760620117,36480.67920384502,36479.11128148835,0.004298137486329328,2.9646285426565555e-12,0.008375975685917858,16,converged,gap_residual_and_feasibility
788,0.6610790301590233,sMEL-ADMM,1.0,0.01,1.4111239999999998,36480.71894494037,36479.11128148835,0.0044070795464524306,1.9984014443252818e-13,0.009731291032839096,32,converged,gap_residual_and_feasibility
789,0.7148180026827617,IPOPT,1.0,1.0e-10,14.629840850830078,36479.111281571815,36479.11128148833,2.288551851522368e-10,1.1546319456101628e-14,NaN,34,INTERRUPTED,gap_and_residual
789,0.7148180026827617,MadNLP,1.0,0.01,19.685029983520508,36479.11128148837,36479.11128148833,9.972772579407217e-14,1.4210854715202004e-14,NaN,35,LOCALLY_SOLVED,residual_tolerance_upper_bound
789,0.7148180026827617,ADMM,1.0,0.01,80.8863639831543,36686.46752689857,36479.11128148833,0.5684246082920902,6.98530122633656e-12,1.8787451769014716,6,converged,gap_callback_with_solver_termination
789,0.7148180026827617,MEL-ADMM,1.0,0.01,14.007329940795898,36480.649192291676,36479.11128148833,0.004215866969668433,4.791722574282176e-13,0.009190172948468245,16,converged,gap_residual_and_feasibility
789,0.7148180026827617,sMEL-ADMM,1.0,0.01,1.338207,36480.763151855834,36479.11128148833,0.004528263736351245,1.9961809982760315e-13,0.005821296756954197,33,converged,gap_residual_and_feasibility
790,0.5753357296014969,IPOPT,1.0,1.0e-10,12.902021408081055,36479.11128157209,36479.11128148833,2.2961311586827176e-10,1.4210854715202004e-14,NaN,33,INTERRUPTED,gap_and_residual
790,0.5753357296014969,MadNLP,1.0,0.01,17.598867416381836,36479.11128148836,36479.11128148833,7.978218063525773e-14,1.4210854715202004e-14,NaN,34,LOCALLY_SOLVED,residual_tolerance_upper_bound
790,0.5753357296014969,ADMM,1.0,0.01,71.39754295349121,36588.972053201185,36479.11128148833,0.30116076804920466,2.9101165921474603e-12,1.1342369951578481,6,converged,gap_callback_with_solver_termination
790,0.5753357296014969,MEL-ADMM,1.0,0.01,15.857934951782227,36481.10332451648,36479.11128148833,0.005460777300131038,1.779687508474126e-12,0.00982265543988703,18,converged,gap_residual_and_feasibility
790,0.5753357296014969,sMEL-ADMM,1.0,0.01,1.209082,36480.68799771046,36479.11128148833,0.004322244064457365,1.999511667349907e-13,0.00930384662250816,32,converged,gap_residual_and_feasibility
791,0.5157092219668262,IPOPT,1.0,1.0e-10,13.825178146362305,36479.11128157213,36479.11128148833,2.2971284359406583e-10,1.509903313490213e-14,NaN,33,INTERRUPTED,gap_and_residual
791,0.5157092219668262,MadNLP,1.0,0.01,18.89801025390625,36479.11128148834,36479.11128148833,1.9945545158814434e-14,9.769962616701378e-15,NaN,34,LOCALLY_SOLVED,residual_tolerance_upper_bound
791,0.5157092219668262,ADMM,1.0,0.01,74.9044418334961,36588.9720486948,36479.11128148833,0.3011607556958715,2.5845992013273644e-12,1.1342369921855475,6,converged,gap_callback_with_solver_termination
791,0.5157092219668262,MEL-ADMM,1.0,0.01,15.535116195678711,36481.10332469367,36479.11128148833,0.005460777785864899,6.357470105911034e-12,0.009822655395022473,18,converged,gap_residual_and_feasibility
791,0.5157092219668262,sMEL-ADMM,1.0,0.01,1.514621,36480.67106229868,36479.11128148833,0.004275819107303697,2.0095036745715333e-13,0.00899957585819422,32,converged,gap_residual_and_feasibility
792,0.4562242296651821,IPOPT,1.0,1.0e-10,14.430999755859375,36479.11128157209,36479.11128148835,2.2955327923279518e-10,1.509903313490213e-14,NaN,33,INTERRUPTED,gap_and_residual
792,0.4562242296651821,MadNLP,1.0,0.01,19.14191246032715,36479.11128148835,36479.11128148835,0.0,1.687538997430238e-14,NaN,34,LOCALLY_SOLVED,residual_tolerance_upper_bound
792,0.4562242296651821,ADMM,1.0,0.01,74.55134391784668,36588.97205433223,36479.11128148835,0.30116077114967965,2.001065979584382e-12,1.1342369959332776,6,converged,gap_callback_with_solver_termination
792,0.4562242296651821,MEL-ADMM,1.0,0.01,15.416383743286133,36481.103324562195,36479.11128148835,0.005460777425389058,2.9412028368369647e-12,0.009822655324494889,18,converged,gap_residual_and_feasibility
792,0.4562242296651821,sMEL-ADMM,1.0,0.01,1.352704,36480.42843265787,36479.11128148835,0.003610699721696848,2.0050627824730327e-13,0.009560428439279012,33,converged,gap_residual_and_feasibility
793,0.3974001972311764,IPOPT,1.0,1.0e-10,14.470100402832031,36479.111281571946,36479.11128148833,2.2921420496509548e-10,1.4210854715202004e-14,NaN,33,INTERRUPTED,gap_and_residual
793,0.3974001972311764,MadNLP,1.0,0.01,19.181013107299805,36479.11128148837,36479.11128148833,9.972772579407217e-14,1.2434497875801753e-14,NaN,34,LOCALLY_SOLVED,residual_tolerance_upper_bound
793,0.3974001972311764,ADMM,1.0,0.01,74.66340065002441,36588.97205708084,36479.11128148833,0.3011607786844885,4.843347944927245e-13,1.1342369963906895,6,converged,gap_callback_with_solver_termination
793,0.3974001972311764,MEL-ADMM,1.0,0.01,15.522003173828125,36481.10332458501,36479.11128148833,0.005460777487998128,3.6805003489348564e-12,0.009822655662181212,18,converged,gap_residual_and_feasibility
793,0.3974001972311764,sMEL-ADMM,1.0,0.01,1.551337,36479.87928596229,36479.11128148833,0.002105326711592975,2.0022872249114698e-13,0.007934101791448711,34,converged,gap_residual_and_feasibility
794,0.5920159165070101,IPOPT,1.0,1.0e-10,12.87698745727539,36479.11128157199,36479.11128148835,2.292740416005718e-10,1.2434497875801753e-14,NaN,33,INTERRUPTED,gap_and_residual
794,0.5920159165070101,MadNLP,1.0,0.01,17.117023468017578,36479.11128148834,36479.11128148835,3.989109031762884e-14,1.1546319456101628e-14,NaN,34,LOCALLY_SOLVED,residual_tolerance_upper_bound
794,0.5920159165070101,ADMM,1.0,0.01,70.7857608795166,36596.47653297962,36479.11128148835,0.32173275984063326,2.2528645615693677e-12,1.0615978200387346,6,converged,gap_callback_with_solver_termination
794,0.5920159165070101,MEL-ADMM,1.0,0.01,15.734672546386719,36481.001758665465,36479.11128148835,0.005182355355437423,1.1463052729254741e-12,0.00990384362298613,18,converged,gap_residual_and_feasibility
794,0.5920159165070101,sMEL-ADMM,1.0,0.01,1.2084190000000001,36480.69313729343,36479.11128148835,0.0043363331767264915,2.007283228522283e-13,0.009383965755814572,32,converged,gap_residual_and_feasibility
795,0.4592118616353414,IPOPT,1.0,1.0e-10,14.825105667114258,36479.11128157211,36479.111281488345,2.296330614134305e-10,1.2434497875801753e-14,NaN,33,INTERRUPTED,gap_and_residual
795,0.4592118616353414,MadNLP,1.0,0.01,19.709110260009766,36479.111281488345,36479.111281488345,0.0,1.0658141036401503e-14,NaN,34,LOCALLY_SOLVED,residual_tolerance_upper_bound
795,0.4592118616353414,ADMM,1.0,0.01,76.88403129577637,36588.972053777085,36479.111281488345,0.3011607696278745,3.907985046680551e-13,1.1342369939258425,6,converged,gap_callback_with_solver_termination
795,0.4592118616353414,MEL-ADMM,1.0,0.01,16.23082160949707,36481.10332428952,36479.111281488345,0.0054607766779297545,4.206246462246099e-12,0.009822655323554308,18,converged,gap_residual_and_feasibility
795,0.4592118616353414,sMEL-ADMM,1.0,0.01,1.266461,36480.468679812795,36479.111281488345,0.0037210290403605004,2.0028423364237824e-13,0.007981808795655354,33,converged,gap_residual_and_feasibility
796,0.3865424502683664,IPOPT,1.0,1.0e-10,14.725923538208008,36479.11128157189,36479.11128148834,2.290346950586661e-10,1.3322676295501878e-14,NaN,33,INTERRUPTED,gap_and_residual
796,0.3865424502683664,MadNLP,1.0,0.01,19.41394805908203,36479.11128148834,36479.11128148834,0.0,1.509903313490213e-14,NaN,34,LOCALLY_SOLVED,residual_tolerance_upper_bound
796,0.3865424502683664,ADMM,1.0,0.01,76.42316818237305,36591.843925974186,36479.11128148834,0.30903341810044416,1.4752088439706768e-12,1.0987603131577748,6,converged,gap_callback_with_solver_termination
796,0.3865424502683664,MEL-ADMM,1.0,0.01,16.097307205200195,36481.06956987744,36479.11128148834,0.005368245881853605,2.8518298833546396e-12,0.009903996781585711,18,converged,gap_residual_and_feasibility
796,0.3865424502683664,sMEL-ADMM,1.0,0.01,1.274208,36479.78431652079,36479.11128148834,0.001844987470383108,2.0039525594484076e-13,0.004943293685510497,34,converged,gap_residual_and_feasibility
797,0.6704662300912608,IPOPT,1.0,1.0e-10,14.817953109741211,36479.111281559235,36479.11128148836,1.9428955539201125e-10,1.2434497875801753e-14,NaN,34,INTERRUPTED,gap_and_residual
797,0.6704662300912608,MadNLP,1.0,0.01,19.87600326538086,36479.11128148832,36479.11128148836,9.972772579407209e-14,1.509903313490213e-14,NaN,35,LOCALLY_SOLVED,residual_tolerance_upper_bound
797,0.6704662300912608,ADMM,1.0,0.01,78.14359664916992,36562.98302765606,36479.11128148836,0.22991718608633446,1.0629275237761249e-12,1.1232348839562398,6,converged,gap_callback_with_solver_termination
797,0.6704662300912608,MEL-ADMM,1.0,0.01,14.177322387695312,36480.67037165334,36479.11128148836,0.004273925844703094,9.144907053837414e-13,0.007008927060237369,16,converged,gap_residual_and_feasibility
797,0.6704662300912608,sMEL-ADMM,1.0,0.01,1.235752,36480.72473728617,36479.11128148836,0.00442295807416314,2.0061730054976579e-13,0.009781522923351105,32,converged,gap_residual_and_feasibility
798,0.40993138939884877,IPOPT,1.0,1.0e-10,12.695074081420898,36479.111281572,36479.11128148834,2.2933387823604832e-10,1.2434497875801753e-14,NaN,33,INTERRUPTED,gap_and_residual
798,0.40993138939884877,MadNLP,1.0,0.01,17.294883728027344,36479.11128148835,36479.11128148834,3.989109031762886e-14,1.1546319456101628e-14,NaN,34,LOCALLY_SOLVED,residual_tolerance_upper_bound
798,0.40993138939884877,ADMM,1.0,0.01,68.31645965576172,36588.97205645012,36479.11128148834,0.30116077695546895,1.467492793949532e-12,1.1342369959810163,6,converged,gap_callback_with_solver_termination
798,0.40993138939884877,MEL-ADMM,1.0,0.01,14.612436294555664,36481.10332444742,36479.11128148834,0.005460777110787977,3.6504133049675147e-13,0.009822655338981967,18,converged,gap_residual_and_feasibility
798,0.40993138939884877,sMEL-ADMM,1.0,0.01,1.1712090000000002,36480.016376735985,36479.11128148834,0.0024811329438984586,2.0050627824730327e-13,0.0068895639388912855,35,converged,gap_residual_and_feasibility
799,0.5449035782299121,IPOPT,1.0,1.0e-10,14.041900634765625,36479.111281572135,36479.11128148832,2.2975273468438352e-10,1.4210854715202004e-14,NaN,33,INTERRUPTED,gap_and_residual
799,0.5449035782299121,MadNLP,1.0,0.01,17.822980880737305,36479.11128148832,36479.11128148832,0.0,1.0658141036401503e-14,NaN,34,LOCALLY_SOLVED,residual_tolerance_upper_bound
799,0.5449035782299121,ADMM,1.0,0.01,69.75817680358887,36588.97204806089,36479.11128148832,0.3011607539581558,3.0229152514493762e-12,1.1342369896337416,6,converged,gap_callback_with_solver_termination
799,0.5449035782299121,MEL-ADMM,1.0,0.01,14.533042907714844,36481.10332448601,36479.11128148832,0.005460777216619041,9.444667270486207e-13,0.009822655297489824,18,converged,gap_residual_and_feasibility
799,0.5449035782299121,sMEL-ADMM,1.0,0.01,1.2468309999999998,36480.67887871952,36479.11128148832,0.004297246221538736,1.9984014443252818e-13,0.009153970302017811,32,converged,gap_residual_and_feasibility
800,0.5756063086713493,IPOPT,1.0,1.0e-10,13.012170791625977,36479.1112815721,36479.11128148833,2.2963306141343057e-10,1.4210854715202004e-14,NaN,33,INTERRUPTED,gap_and_residual
800,0.5756063086713493,MadNLP,1.0,0.01,17.129182815551758,36479.11128148834,36479.11128148833,1.9945545158814434e-14,1.4210854715202004e-14,NaN,34,LOCALLY_SOLVED,residual_tolerance_upper_bound
800,0.5756063086713493,ADMM,1.0,0.01,68.3286190032959,36588.97205263359,36479.11128148833,0.3011607664932527,3.4205971388701073e-12,1.1342369897411286,6,converged,gap_callback_with_solver_termination
800,0.5756063086713493,MEL-ADMM,1.0,0.01,14.704227447509766,36481.10332462607,36479.11128148833,0.005460777600550839,4.668709863153708e-12,0.009822655345335107,18,converged,gap_residual_and_feasibility
800,0.5756063086713493,sMEL-ADMM,1.0,0.01,1.233832,36480.688080402535,36479.11128148833,0.004322470747811996,2.0017321133991572e-13,0.009305153603058613,32,converged,gap_residual_and_feasibility
801,0.4352471987743773,IPOPT,1.0,1.0e-10,13.109207153320312,36479.11128157203,36479.11128148835,2.2939371487152466e-10,1.1546319456101628e-14,NaN,33,INTERRUPTED,gap_and_residual
801,0.4352471987743773,MadNLP,1.0,0.01,17.56000518798828,36479.11128148835,36479.11128148835,0.0,1.3322676295501878e-14,NaN,34,LOCALLY_SOLVED,residual_tolerance_upper_bound
801,0.4352471987743773,ADMM,1.0,0.01,69.43798065185547,36588.97205471461,36479.11128148835,0.30116077219789783,2.1073143230410096e-12,1.1342369905974063,6,converged,gap_callback_with_solver_termination
801,0.4352471987743773,MEL-ADMM,1.0,0.01,15.195131301879883,36481.10332469903,36479.11128148835,0.00546077780048498,6.430300736326444e-12,0.00982265544589378,18,converged,gap_residual_and_feasibility
801,0.4352471987743773,sMEL-ADMM,1.0,0.01,1.446999,36480.23800048639,36479.11128148835,0.003088668990154706,2.0050627824730327e-13,0.009105657189831362,34,converged,gap_residual_and_feasibility
802,0.2509744518991284,IPOPT,1.0,1.0e-10,14.507055282592773,36479.111281571495,36479.11128148835,2.2791774452977241e-10,1.1546319456101628e-14,NaN,34,INTERRUPTED,gap_and_residual
802,0.2509744518991284,MadNLP,1.0,0.01,18.207073211669922,36479.11128148833,36479.11128148835,5.983663547644327e-14,1.2434497875801753e-14,NaN,35,LOCALLY_SOLVED,residual_tolerance_upper_bound
802,0.2509744518991284,ADMM,1.0,0.01,76.95221900939941,36664.48637598198,36479.11128148835,0.5081677924201398,3.652689262167996e-12,1.8381914673337172,6,converged,gap_callback_with_solver_termination
802,0.2509744518991284,MEL-ADMM,1.0,0.01,13.035058975219727,36480.685306190106,36479.11128148835,0.004314865813498273,1.3359313655314509e-12,0.00909763281529763,16,converged,gap_residual_and_feasibility
802,0.2509744518991284,sMEL-ADMM,1.0,0.01,1.455752,36479.85509186072,36479.11128148835,0.002039003545424505,1.9978463328129692e-13,0.008541744271928664,39,converged,gap_residual_and_feasibility
803,0.47663616395029845,IPOPT,1.0,1.0e-10,13.772010803222656,36479.111281572106,36479.11128148834,2.2963306141343055e-10,1.4210854715202004e-14,NaN,33,INTERRUPTED,gap_and_residual
803,0.47663616395029845,MadNLP,1.0,0.01,17.36307144165039,36479.11128148834,36479.11128148834,0.0,1.1546319456101628e-14,NaN,34,LOCALLY_SOLVED,residual_tolerance_upper_bound
803,0.47663616395029845,ADMM,1.0,0.01,69.4129467010498,36588.97204879282,36479.11128148834,0.3011607559645578,1.2184697695261093e-12,1.1342369934300578,6,converged,gap_callback_with_solver_termination
803,0.47663616395029845,MEL-ADMM,1.0,0.01,14.410018920898438,36481.1033245385,36479.11128148834,0.0054607773604663104,2.2804536037313028e-12,0.0098226554480485,18,converged,gap_residual_and_feasibility
803,0.47663616395029845,sMEL-ADMM,1.0,0.01,1.4225430000000001,36480.65964867052,36479.11128148834,0.004244530987146647,2.0011770018868447e-13,0.008775478623167743,32,converged,gap_residual_and_feasibility
804,0.26960592287016333,IPOPT,1.0,1.0e-10,14.204025268554688,36479.111281571495,36479.11128148835,2.2791774452977241e-10,9.769962616701378e-15,NaN,34,INTERRUPTED,gap_and_residual
804,0.26960592287016333,MadNLP,1.0,0.01,18.427133560180664,36479.111281488345,36479.11128148835,1.994554515881442e-14,1.3322676295501878e-14,NaN,35,LOCALLY_SOLVED,residual_tolerance_upper_bound
804,0.26960592287016333,ADMM,1.0,0.01,75.07467269897461,36597.633400503764,36479.11128148835,0.3249040748302349,6.41908748377773e-12,1.420109646067544,6,converged,gap_callback_with_solver_termination
804,0.26960592287016333,MEL-ADMM,1.0,0.01,13.0767822265625,36480.692766074724,36479.11128148835,0.004335315556807588,7.061351503523383e-12,0.005635819198386294,16,converged,gap_residual_and_feasibility
804,0.26960592287016333,sMEL-ADMM,1.0,0.01,1.3307930000000001,36479.587796864245,36479.11128148835,0.0013062691473365022,1.9945156637390937e-13,0.008090119898664483,39,converged,gap_residual_and_feasibility
805,0.5130420454795059,IPOPT,1.0,1.0e-10,12.552976608276367,36479.11128157212,36479.111281488345,2.296530069585893e-10,1.2434497875801753e-14,NaN,33,INTERRUPTED,gap_and_residual
805,0.5130420454795059,MadNLP,1.0,0.01,17.11297035217285,36479.11128148834,36479.111281488345,1.9945545158814427e-14,1.4210854715202004e-14,NaN,34,LOCALLY_SOLVED,residual_tolerance_upper_bound
805,0.5130420454795059,ADMM,1.0,0.01,67.11626052856445,36588.972047217605,36479.111281488345,0.3011607516464071,4.218847493575595e-13,1.1342369853852334,6,converged,gap_callback_with_solver_termination
805,0.5130420454795059,MEL-ADMM,1.0,0.01,14.432668685913086,36481.10332457371,36479.111281488345,0.005460777456982803,3.191891195797325e-12,0.009822655353463716,18,converged,gap_residual_and_feasibility
805,0.5130420454795059,sMEL-ADMM,1.0,0.01,1.310253,36480.67037148481,36479.111281488345,0.00427392538276427,2.0028423364237824e-13,0.008984828394879685,32,converged,gap_residual_and_feasibility
806,0.6696953093600115,IPOPT,1.0,1.0e-10,13.41104507446289,36479.11128155888,36479.11128148834,1.933720603147059e-10,1.4210854715202004e-14,NaN,34,INTERRUPTED,gap_and_residual
806,0.6696953093600115,MadNLP,1.0,0.01,17.500877380371094,36479.11128148834,36479.11128148834,0.0,1.1546319456101628e-14,NaN,35,LOCALLY_SOLVED,residual_tolerance_upper_bound
806,0.6696953093600115,ADMM,1.0,0.01,72.72839546203613,36562.34597739181,36479.11128148834,0.2281708434758596,1.1610712391529887e-12,1.1232676995274318,6,converged,gap_callback_with_solver_termination
806,0.6696953093600115,MEL-ADMM,1.0,0.01,12.953996658325195,36480.671234592024,36479.11128148834,0.004276291414143077,3.740452392264615e-12,0.007119027879936901,16,converged,gap_residual_and_feasibility
806,0.6696953093600115,sMEL-ADMM,1.0,0.01,1.139375,36480.72426145313,36479.11128148834,0.004421653675560411,2.0028423364237824e-13,0.009777331213763674,32,converged,gap_residual_and_feasibility
807,0.36068637547291343,IPOPT,1.0,1.0e-10,13.386011123657227,36479.11128157067,36479.11128148833,2.2572373456230295e-10,1.2434497875801753e-14,NaN,33,INTERRUPTED,gap_and_residual
807,0.36068637547291343,MadNLP,1.0,0.01,17.596960067749023,36479.111281488345,36479.11128148833,3.989109031762887e-14,1.3322676295501878e-14,NaN,34,LOCALLY_SOLVED,residual_tolerance_upper_bound
807,0.36068637547291343,ADMM,1.0,0.01,69.88263130187988,36589.216730515574,36479.11128148833,0.30183150071179954,1.0493272917244667e-12,1.1561793952702084,6,converged,gap_callback_with_solver_termination
807,0.36068637547291343,MEL-ADMM,1.0,0.01,15.165567398071289,36480.95951344095,36479.11128148833,0.00506654873895875,1.6692203175239229e-12,0.0013213015617115076,19,converged,gap_residual_and_feasibility
807,0.36068637547291343,sMEL-ADMM,1.0,0.01,1.356961,36479.64181923041,36479.11128148833,0.0014543603817183727,2.0028423364237824e-13,0.009750942299922016,35,converged,gap_residual_and_feasibility
808,0.42420790565598226,IPOPT,1.0,1.0e-10,13.695955276489258,36479.11128157205,36479.111281488345,2.2945355150700116e-10,1.3322676295501878e-14,NaN,33,INTERRUPTED,gap_and_residual
808,0.42420790565598226,MadNLP,1.0,0.01,17.022132873535156,36479.11128148833,36479.111281488345,3.9891090317628855e-14,1.3322676295501878e-14,NaN,34,LOCALLY_SOLVED,residual_tolerance_upper_bound
808,0.42420790565598226,ADMM,1.0,0.01,66.55216217041016,36588.972056134124,36479.111281488345,0.30116077608921393,3.6867731090239886e-12,1.1342369977173243,6,converged,gap_callback_with_solver_termination
808,0.42420790565598226,MEL-ADMM,1.0,0.01,14.31894302368164,36481.10332423332,36479.111281488345,0.005460776523870363,5.631883848167263e-12,0.009822655118354007,18,converged,gap_residual_and_feasibility
808,0.42420790565598226,sMEL-ADMM,1.0,0.01,1.293122,36480.180618192135,36479.111281488345,0.002931367202281456,1.9978463328129692e-13,0.007192803662620761,36,converged,gap_residual_and_feasibility
809,0.40838176193067194,IPOPT,1.0,1.0e-10,13.377904891967773,36479.11128157198,36479.11128148835,2.2925409605541298e-10,9.769962616701378e-15,NaN,33,INTERRUPTED,gap_and_residual
809,0.40838176193067194,MadNLP,1.0,0.01,17.34304428100586,36479.111281488345,36479.11128148835,1.994554515881442e-14,1.3322676295501878e-14,NaN,34,LOCALLY_SOLVED,residual_tolerance_upper_bound
809,0.40838176193067194,ADMM,1.0,0.01,69.65517997741699,36588.972056540006,36479.11128148835,0.3011607772018362,1.9746981827495347e-12,1.1342369953064138,6,converged,gap_callback_with_solver_termination
809,0.40838176193067194,MEL-ADMM,1.0,0.01,14.720916748046875,36481.10332442328,36479.11128148835,0.00546077704458871,6.715739075957572e-13,0.009822655385611334,18,converged,gap_residual_and_feasibility
809,0.40838176193067194,sMEL-ADMM,1.0,0.01,1.447457,36479.998933442104,36479.11128148835,0.002433315732124416,2.003397447936095e-13,0.006162389204698471,35,converged,gap_residual_and_feasibility
810,0.4341957525283303,IPOPT,1.0,1.0e-10,13.560056686401367,36479.11128157205,36479.11128148835,2.294336059618423e-10,1.4210854715202004e-14,NaN,33,INTERRUPTED,gap_and_residual
810,0.4341957525283303,MadNLP,1.0,0.01,17.533063888549805,36479.11128148835,36479.11128148835,0.0,1.3322676295501878e-14,NaN,34,LOCALLY_SOLVED,residual_tolerance_upper_bound
810,0.4341957525283303,ADMM,1.0,0.01,68.77255439758301,36588.97205498402,36479.11128148835,0.3011607729364215,6.708522626297508e-13,1.1342369939654722,6,converged,gap_callback_with_solver_termination
810,0.4341957525283303,MEL-ADMM,1.0,0.01,14.40882682800293,36481.1033245957,36479.11128148835,0.005460777517238294,3.804290216180561e-12,0.00982265528950066,18,converged,gap_residual_and_feasibility
810,0.4341957525283303,sMEL-ADMM,1.0,0.01,1.15683,36480.20088869209,36479.11128148835,0.002986934619453644,2.0106138975961585e-13,0.00978977150899496,33,converged,gap_residual_and_feasibility
811,0.325309333297812,IPOPT,1.0,1.0e-10,12.820959091186523,36479.11134601274,36479.111281488345,1.7688038548331753e-7,1.687538997430238e-14,NaN,33,INTERRUPTED,gap_and_residual
811,0.325309333297812,MadNLP,1.0,0.01,17.60101318359375,36479.11128148835,36479.111281488345,1.9945545158814427e-14,1.4210854715202004e-14,NaN,35,LOCALLY_SOLVED,residual_tolerance_upper_bound
811,0.325309333297812,ADMM,1.0,0.01,72.5548267364502,36560.49709549981,36479.111281488345,0.22310251306140783,1.9670931550308524e-12,1.1432747965111787,6,converged,gap_callback_with_solver_termination
811,0.325309333297812,MEL-ADMM,1.0,0.01,15.268325805664062,36480.8004446142,36479.111281488345,0.0046304941828781785,3.623767952376511e-13,0.0011258271818599397,19,converged,gap_residual_and_feasibility
811,0.325309333297812,sMEL-ADMM,1.0,0.01,1.242581,36479.45476060226,36479.111281488345,0.0009415775271080638,1.995625886763719e-13,0.008207200217336563,36,converged,gap_residual_and_feasibility
812,0.6432181893290159,IPOPT,1.0,1.0e-10,13.315916061401367,36479.1112815757,36479.11128148834,2.394861607218849e-10,1.0658141036401503e-14,NaN,34,INTERRUPTED,gap_and_residual
812,0.6432181893290159,MadNLP,1.0,0.01,17.976045608520508,36479.11128148833,36479.11128148834,1.994554515881443e-14,1.3322676295501878e-14,NaN,35,LOCALLY_SOLVED,residual_tolerance_upper_bound
812,0.6432181893290159,ADMM,1.0,0.01,74.06330108642578,36564.28916272992,36479.11128148834,0.23349768744175492,1.1434186930614487e-12,1.1484962709226831,6,converged,gap_callback_with_solver_termination
812,0.6432181893290159,MEL-ADMM,1.0,0.01,15.261650085449219,36480.78187201501,36479.11128148834,0.00457958121232928,1.5276668818842154e-12,0.0010157928320495557,19,converged,gap_residual_and_feasibility
812,0.6432181893290159,sMEL-ADMM,1.0,0.01,1.279585,36480.70952307601,36479.11128148834,0.004381251438223913,2.0050627824730327e-13,0.009637590761919057,32,converged,gap_residual_and_feasibility
813,0.5144698159295191,IPOPT,1.0,1.0e-10,13.41104507446289,36479.11128157213,36479.111281488345,2.2967295250374813e-10,1.2434497875801753e-14,NaN,33,INTERRUPTED,gap_and_residual
813,0.5144698159295191,MadNLP,1.0,0.01,17.665863037109375,36479.11128148835,36479.111281488345,1.9945545158814427e-14,1.509903313490213e-14,NaN,34,LOCALLY_SOLVED,residual_tolerance_upper_bound
813,0.5144698159295191,ADMM,1.0,0.01,69.8094367980957,36588.9720477521,36479.111281488345,0.30116075311160684,6.222800053024002e-13,1.1342369877081833,6,converged,gap_callback_with_solver_termination
813,0.5144698159295191,MEL-ADMM,1.0,0.01,14.646053314208984,36481.10332456583,36479.111281488345,0.0054607774353817775,3.0294655672946647e-12,0.009822655244836831,18,converged,gap_residual_and_feasibility
813,0.5144698159295191,sMEL-ADMM,1.0,0.01,1.318334,36480.67074128003,36479.111281488345,0.004274939100496828,2.0028423364237824e-13,0.008992738228345232,32,converged,gap_residual_and_feasibility
814,0.37176030891354517,IPOPT,1.0,1.0e-10,13.724088668823242,36479.111346006015,36479.11128148834,1.76861975745136e-7,1.509903313490213e-14,NaN,32,INTERRUPTED,gap_and_residual
814,0.37176030891354517,MadNLP,1.0,0.01,17.544031143188477,36479.11128148835,36479.11128148834,3.989109031762886e-14,1.1546319456101628e-14,NaN,34,LOCALLY_SOLVED,residual_tolerance_upper_bound
814,0.37176030891354517,ADMM,1.0,0.01,74.6922492980957,36598.10318262551,36479.11128148834,0.32619188614268246,6.021294574054536e-13,1.1427139720158124,6,converged,gap_callback_with_solver_termination
814,0.37176030891354517,MEL-ADMM,1.0,0.01,14.714479446411133,36480.9687327276,36479.11128148834,0.0050918215219826046,4.83779682980412e-12,0.009927531546894741,18,converged,gap_residual_and_feasibility
814,0.37176030891354517,sMEL-ADMM,1.0,0.01,1.114957,36479.66874064433,36479.11128148834,0.0015281599151112939,1.9961809982760315e-13,0.008086540060944003,33,converged,gap_residual_and_feasibility
815,0.47522009657838127,IPOPT,1.0,1.0e-10,13.208150863647461,36479.11128157213,36479.11128148834,2.2969289804890697e-10,1.2434497875801753e-14,NaN,33,INTERRUPTED,gap_and_residual
815,0.47522009657838127,MadNLP,1.0,0.01,18.185138702392578,36479.11128148834,36479.11128148834,0.0,1.2434497875801753e-14,NaN,34,LOCALLY_SOLVED,residual_tolerance_upper_bound
815,0.47522009657838127,ADMM,1.0,0.01,69.10490989685059,36588.972049656266,36479.11128148834,0.3011607583315156,4.2826853174915414e-13,1.1342369870968554,6,converged,gap_callback_with_solver_termination
815,0.47522009657838127,MEL-ADMM,1.0,0.01,14.518976211547852,36481.10332447281,36479.11128148834,0.005460777180397929,5.984102102729594e-13,0.009822655371169553,18,converged,gap_residual_and_feasibility
815,0.47522009657838127,sMEL-ADMM,1.0,0.01,0.9898750000000001,36480.65555237472,36479.11128148834,0.004233301832570741,2.003397447936095e-13,0.00877082252346284,32,converged,gap_residual_and_feasibility
816,0.3398986969607681,IPOPT,1.0,1.0e-10,13.705015182495117,36479.11128155795,36479.11128148834,1.9081903053437766e-10,1.3322676295501878e-14,NaN,34,INTERRUPTED,gap_and_residual
816,0.3398986969607681,MadNLP,1.0,0.01,18.080949783325195,36479.111281488345,36479.11128148834,1.994554515881443e-14,1.2434497875801753e-14,NaN,35,LOCALLY_SOLVED,residual_tolerance_upper_bound
816,0.3398986969607681,ADMM,1.0,0.01,72.16715812683105,36571.77840420793,36479.11128148834,0.25402790655872126,3.7569947153315297e-13,1.1658771290000551,6,converged,gap_callback_with_solver_termination
816,0.3398986969607681,MEL-ADMM,1.0,0.01,16.09659194946289,36480.85595683226,36479.11128148834,0.00478266954054621,4.609812531697344e-12,0.0006973289222500512,19,converged,gap_residual_and_feasibility
816,0.3398986969607681,sMEL-ADMM,1.0,0.01,1.408712,36479.536690128894,36479.11128148834,0.0011661705168024413,1.9978463328129692e-13,0.007848196711101707,35,converged,gap_residual_and_feasibility
817,0.46807464644178676,IPOPT,1.0,1.0e-10,12.603998184204102,36479.11128157211,36479.11128148835,2.2961311586827163e-10,1.0658141036401503e-14,NaN,33,INTERRUPTED,gap_and_residual
817,0.46807464644178676,MadNLP,1.0,0.01,17.6088809967041,36479.11128148835,36479.11128148835,0.0,8.881784197001252e-15,NaN,34,LOCALLY_SOLVED,residual_tolerance_upper_bound
817,0.46807464644178676,ADMM,1.0,0.01,68.71390342712402,36588.972048322335,36479.11128148835,0.30116075467477904,8.380518501382994e-13,1.1342369858976715,6,converged,gap_callback_with_solver_termination
817,0.46807464644178676,MEL-ADMM,1.0,0.01,15.011787414550781,36481.10332455492,36479.11128148835,0.005460777405443513,2.724265257825209e-12,0.009822655414986059,18,converged,gap_residual_and_feasibility
817,0.46807464644178676,sMEL-ADMM,1.0,0.01,1.167873,36480.595237020156,36479.11128148835,0.0040679596614957075,2.0061730054976579e-13,0.005818302891713145,33,converged,gap_residual_and_feasibility
818,0.25538314162508097,IPOPT,1.0,1.0e-10,13.324975967407227,36479.11128157142,36479.11128148834,2.2775818016850197e-10,1.3322676295501878e-14,NaN,34,INTERRUPTED,gap_and_residual
818,0.25538314162508097,MadNLP,1.0,0.01,18.91303062438965,36479.11128148835,36479.11128148834,3.989109031762886e-14,1.4210854715202004e-14,NaN,35,LOCALLY_SOLVED,residual_tolerance_upper_bound
818,0.25538314162508097,ADMM,1.0,0.01,74.84841346740723,36645.18355260354,36479.11128148834,0.45525306204342675,3.9137026952573706e-12,1.7405703738464084,6,converged,gap_callback_with_solver_termination
818,0.25538314162508097,MEL-ADMM,1.0,0.01,12.984275817871094,36480.68568445168,36479.11128148834,0.00431590274004669,1.3875567361765206e-12,0.00825508220829363,16,converged,gap_residual_and_feasibility
818,0.25538314162508097,sMEL-ADMM,1.0,0.01,1.444042,36479.790624176676,36479.11128148834,0.0018622786150015722,1.9939605522267811e-13,0.008175226210846986,39,converged,gap_residual_and_feasibility
819,0.5152937293381158,IPOPT,1.0,1.0e-10,13.056039810180664,36479.11128157213,36479.11128148834,2.2969289804890697e-10,1.1546319456101628e-14,NaN,33,INTERRUPTED,gap_and_residual
819,0.5152937293381158,MadNLP,1.0,0.01,17.125844955444336,36479.11128148835,36479.11128148834,3.989109031762886e-14,9.769962616701378e-15,NaN,34,LOCALLY_SOLVED,residual_tolerance_upper_bound
819,0.5152937293381158,ADMM,1.0,0.01,69.60487365722656,36588.97204769689,36479.11128148834,0.30116075296028005,3.412825577697731e-13,1.1342369865544173,6,converged,gap_callback_with_solver_termination
819,0.5152937293381158,MEL-ADMM,1.0,0.01,14.659881591796875,36481.103324664065,36479.11128148834,0.00546077770468653,5.610178988035841e-12,0.00982265541367422,18,converged,gap_residual_and_feasibility
819,0.5152937293381158,sMEL-ADMM,1.0,0.01,1.296585,36480.670954675516,36479.11128148834,0.004275524080458797,2.0028423364237824e-13,0.008997286667032256,32,converged,gap_residual_and_feasibility
820,0.2696641077471604,IPOPT,1.0,1.0e-10,12.964010238647461,36479.11128157149,36479.11128148837,2.2785790789429587e-10,1.3322676295501878e-14,NaN,34,INTERRUPTED,gap_and_residual
820,0.2696641077471604,MadNLP,1.0,0.01,17.821073532104492,36479.11128148834,36479.11128148837,7.978218063525766e-14,1.2434497875801753e-14,NaN,35,LOCALLY_SOLVED,residual_tolerance_upper_bound
820,0.2696641077471604,ADMM,1.0,0.01,76.03049278259277,36597.48364513019,36479.11128148837,0.3244935511953954,8.334999357373363e-13,1.418912871794439,6,converged,gap_callback_with_solver_termination
820,0.2696641077471604,MEL-ADMM,1.0,0.01,12.949228286743164,36480.692811396046,36479.11128148837,0.004335439795873118,4.046207813246383e-12,0.0056255582015580785,16,converged,gap_residual_and_feasibility
820,0.2696641077471604,sMEL-ADMM,1.0,0.01,1.299709,36479.587018045,36479.11128148837,0.0013041341741083655,1.996736109788344e-13,0.008086675308030422,39,converged,gap_residual_and_feasibility
821,0.3311873671817632,IPOPT,1.0,1.0e-10,13.677120208740234,36479.11128157571,36479.11128148836,2.394462696315671e-10,1.2434497875801753e-14,NaN,34,INTERRUPTED,gap_and_residual
821,0.3311873671817632,MadNLP,1.0,0.01,17.87590980529785,36479.11128148834,36479.11128148836,5.983663547644325e-14,1.1546319456101628e-14,NaN,35,LOCALLY_SOLVED,residual_tolerance_upper_bound
821,0.3311873671817632,ADMM,1.0,0.01,72.74150848388672,36564.69896297113,36479.11128148836,0.23462107073371546,1.1952105971602123e-12,1.1469899641352361,6,converged,gap_callback_with_solver_termination
821,0.3311873671817632,MEL-ADMM,1.0,0.01,15.323162078857422,36480.82355313802,36479.11128148836,0.004693841460245707,1.815436689867056e-12,0.0008420068618839593,19,converged,gap_residual_and_feasibility
821,0.3311873671817632,sMEL-ADMM,1.0,0.01,1.4056680000000001,36479.50160798324,36479.11128148836,0.0010700000114318817,2.0017321133991572e-13,0.009712657271787606,35,converged,gap_residual_and_feasibility
822,0.4385918001429886,IPOPT,1.0,1.0e-10,12.60519027709961,36479.111281572026,36479.111281488345,2.293937148715247e-10,1.2434497875801753e-14,NaN,33,INTERRUPTED,gap_and_residual
822,0.4385918001429886,MadNLP,1.0,0.01,17.206907272338867,36479.11128148837,36479.111281488345,5.983663547644328e-14,1.509903313490213e-14,NaN,34,LOCALLY_SOLVED,residual_tolerance_upper_bound
822,0.4385918001429886,ADMM,1.0,0.01,66.71428680419922,36588.97205574578,36479.111281488345,0.3011607750246404,9.621192731401607e-13,1.134237000790698,6,converged,gap_callback_with_solver_termination
822,0.4385918001429886,MEL-ADMM,1.0,0.01,14.581441879272461,36481.10332436295,36479.111281488345,0.005460776879220196,2.2827850720830156e-12,0.009822655216448872,18,converged,gap_residual_and_feasibility
822,0.4385918001429886,sMEL-ADMM,1.0,0.01,1.459751,36480.261567850386,36479.111281488345,0.003153274083802889,2.003397447936095e-13,0.0078001498487516585,34,converged,gap_residual_and_feasibility
823,0.25404131374429045,IPOPT,1.0,1.0e-10,13.850212097167969,36479.11128157143,36479.11128148833,2.2779807125881965e-10,1.1546319456101628e-14,NaN,34,INTERRUPTED,gap_and_residual
823,0.25404131374429045,MadNLP,1.0,0.01,18.266916275024414,36479.11128148834,36479.11128148833,1.9945545158814434e-14,1.5987211554602254e-14,NaN,35,LOCALLY_SOLVED,residual_tolerance_upper_bound
823,0.25404131374429045,ADMM,1.0,0.01,74.3567943572998,36650.83308321304,36479.11128148833,0.47074009122543714,4.990785562597466e-12,1.7703833749927695,6,converged,gap_callback_with_solver_termination
823,0.25404131374429045,MEL-ADMM,1.0,0.01,13.180255889892578,36480.685469381715,36479.11128148833,0.004315313169876796,5.328071317478589e-12,0.008510632396045104,16,converged,gap_residual_and_feasibility
823,0.25404131374429045,sMEL-ADMM,1.0,0.01,1.415416,36479.810106546145,36479.11128148833,0.0019156855341727372,2.0000667788622195e-13,0.008381321718154311,39,converged,gap_residual_and_feasibility
824,0.4618453832330752,IPOPT,1.0,1.0e-10,13.386011123657227,36479.11128157209,36479.11128148832,2.2963306141343062e-10,1.2434497875801753e-14,NaN,33,INTERRUPTED,gap_and_residual
824,0.4618453832330752,MadNLP,1.0,0.01,17.770051956176758,36479.11128148835,36479.11128148832,7.978218063525775e-14,1.1546319456101628e-14,NaN,34,LOCALLY_SOLVED,residual_tolerance_upper_bound
824,0.4618453832330752,ADMM,1.0,0.01,69.45514678955078,36588.97204848502,36479.11128148832,0.3011607551208215,4.050981772252271e-12,1.1342369864730841,6,converged,gap_callback_with_solver_termination
824,0.4618453832330752,MEL-ADMM,1.0,0.01,14.587640762329102,36481.103324464864,36479.11128148832,0.005460777158657287,4.2771342023684156e-13,0.009822655358998844,18,converged,gap_residual_and_feasibility
824,0.4618453832330752,sMEL-ADMM,1.0,0.01,1.420625,36480.505829399175,36479.11128148832,0.0038228670103572933,2.0022872249114698e-13,0.007325261371606828,33,converged,gap_residual_and_feasibility
825,0.46902326278143125,IPOPT,1.0,1.0e-10,13.437986373901367,36479.11128157212,36479.111281488345,2.296530069585893e-10,1.4210854715202004e-14,NaN,33,INTERRUPTED,gap_and_residual
825,0.46902326278143125,MadNLP,1.0,0.01,17.483949661254883,36479.11128148835,36479.111281488345,1.9945545158814427e-14,1.5987211554602254e-14,NaN,34,LOCALLY_SOLVED,residual_tolerance_upper_bound
825,0.46902326278143125,ADMM,1.0,0.01,68.83978843688965,36588.97204802875,36479.111281488345,0.3011607538699963,1.7075230118734908e-12,1.1342369846238611,6,converged,gap_callback_with_solver_termination
825,0.46902326278143125,MEL-ADMM,1.0,0.01,14.313220977783203,36481.10332445437,36479.111281488345,0.005460777129835971,3.3306690738754696e-13,0.009822655376021672,18,converged,gap_residual_and_feasibility
825,0.46902326278143125,sMEL-ADMM,1.0,0.01,1.259417,36480.596374508204,36479.111281488345,0.004071077851648963,2.0061730054976579e-13,0.009547912071242948,32,converged,gap_residual_and_feasibility
826,0.5412069703432272,IPOPT,1.0,1.0e-10,12.603998184204102,36479.11128157215,36479.11128148834,2.297527346843834e-10,1.2434497875801753e-14,NaN,33,INTERRUPTED,gap_and_residual
826,0.5412069703432272,MadNLP,1.0,0.01,17.054080963134766,36479.11128148834,36479.11128148834,0.0,1.3322676295501878e-14,NaN,34,LOCALLY_SOLVED,residual_tolerance_upper_bound
826,0.5412069703432272,ADMM,1.0,0.01,66.8020248413086,36588.972047857504,36479.11128148834,0.30116075340057796,1.7634782523145986e-12,1.1342369893003958,6,converged,gap_callback_with_solver_termination
826,0.5412069703432272,MEL-ADMM,1.0,0.01,14.665842056274414,36481.103324647556,36479.11128148834,0.005460777659430087,5.199951580436846e-12,0.009822655238679978,18,converged,gap_residual_and_feasibility
826,0.5412069703432272,sMEL-ADMM,1.0,0.01,1.0869129999999998,36480.67780412935,36479.11128148834,0.004294300453004179,1.9972912213006566e-13,0.009135034317106161,32,converged,gap_residual_and_feasibility
827,0.4404675768035045,IPOPT,1.0,1.0e-10,13.046026229858398,36479.11128157206,36479.111281488345,2.294934425973188e-10,1.1546319456101628e-14,NaN,33,INTERRUPTED,gap_and_residual
827,0.4404675768035045,MadNLP,1.0,0.01,17.586946487426758,36479.11128148834,36479.111281488345,1.9945545158814427e-14,1.509903313490213e-14,NaN,34,LOCALLY_SOLVED,residual_tolerance_upper_bound
827,0.4404675768035045,ADMM,1.0,0.01,69.21601295471191,36588.972055144855,36479.111281488345,0.3011607733773378,8.886780200612066e-13,1.1342369951800313,6,converged,gap_callback_with_solver_termination
827,0.4404675768035045,MEL-ADMM,1.0,0.01,14.549493789672852,36481.10332448244,36479.111281488345,0.005460777206785884,8.197331702319843e-13,0.009822655461618979,18,converged,gap_residual_and_feasibility
827,0.4404675768035045,sMEL-ADMM,1.0,0.01,1.1297970000000002,36480.27808064712,36479.111281488345,0.0031985405284990272,2.0050627824730327e-13,0.009497748350957735,34,converged,gap_residual_and_feasibility
828,0.25001057643783886,IPOPT,1.0,1.0e-10,13.911962509155273,36479.11128157151,36479.11128148833,2.2801747225556662e-10,1.3322676295501878e-14,NaN,34,INTERRUPTED,gap_and_residual
828,0.25001057643783886,MadNLP,1.0,0.01,18.153905868530273,36479.11128148834,36479.11128148833,1.9945545158814434e-14,1.3322676295501878e-14,NaN,35,LOCALLY_SOLVED,residual_tolerance_upper_bound
828,0.25001057643783886,ADMM,1.0,0.01,76.5225887298584,36668.98734292523,36479.11128148833,0.5205062699355192,3.785527447064396e-12,1.8593244946384755,6,converged,gap_callback_with_solver_termination
828,0.25001057643783886,MEL-ADMM,1.0,0.01,12.94565200805664,36480.685524461805,36479.11128148833,0.00431546416064548,3.836486683894691e-12,0.00928129274394962,16,converged,gap_residual_and_feasibility
828,0.25001057643783886,sMEL-ADMM,1.0,0.01,1.483629,36479.86938295552,36479.11128148833,0.002078179650098511,1.995625886763719e-13,0.008474456606702319,39,converged,gap_residual_and_feasibility
829,0.321131180686424,IPOPT,1.0,1.0e-10,13.256072998046875,36479.11134601698,36479.11128148835,1.7689199379059993e-7,1.1546319456101628e-14,NaN,33,INTERRUPTED,gap_and_residual
829,0.321131180686424,MadNLP,1.0,0.01,17.98105239868164,36479.11128148834,36479.11128148835,3.989109031762884e-14,1.4210854715202004e-14,NaN,35,LOCALLY_SOLVED,residual_tolerance_upper_bound
829,0.321131180686424,ADMM,1.0,0.01,71.98333740234375,36557.58789766884,36479.11128148835,0.2151275440208188,3.633260359237056e-12,1.141021258817446,6,converged,gap_callback_with_solver_termination
829,0.321131180686424,MEL-ADMM,1.0,0.01,15.380859375,36480.785730465555,36479.11128148835,0.004590158362910598,3.3166802637651926e-12,0.0013436577901426716,19,converged,gap_residual_and_feasibility
829,0.321131180686424,sMEL-ADMM,1.0,0.01,1.284667,36479.439725360724,36479.11128148835,0.0009003614968491647,2.0028423364237824e-13,0.009699818938248228,36,converged,gap_residual_and_feasibility
830,0.6085331023972673,IPOPT,1.0,1.0e-10,13.62299919128418,36479.111281572,36479.11128148836,2.2927404160057174e-10,1.2434497875801753e-14,NaN,33,INTERRUPTED,gap_and_residual
830,0.6085331023972673,MadNLP,1.0,0.01,17.516136169433594,36479.11128148835,36479.11128148836,1.9945545158814418e-14,1.0658141036401503e-14,NaN,34,LOCALLY_SOLVED,residual_tolerance_upper_bound
830,0.6085331023972673,ADMM,1.0,0.01,71.02560997009277,36591.96723316607,36479.11128148836,0.30937143947083834,1.1052270210143433e-12,1.14300378841972,6,converged,gap_callback_with_solver_termination
830,0.6085331023972673,MEL-ADMM,1.0,0.01,15.460729598999023,36480.95036133795,36479.11128148836,0.005041460126038164,3.86557452713987e-12,0.0013447514161004648,19,converged,gap_residual_and_feasibility
830,0.6085331023972673,sMEL-ADMM,1.0,0.01,1.127669,36480.77035008223,36479.11128148836,0.004547996197247515,2.0028423364237824e-13,0.00975432850002278,29,converged,gap_residual_and_feasibility
831,0.7044537829217756,IPOPT,1.0,1.0e-10,13.255119323730469,36479.11128157187,36479.11128148834,2.2899480396834849e-10,1.509903313490213e-14,NaN,34,INTERRUPTED,gap_and_residual
831,0.7044537829217756,MadNLP,1.0,0.01,17.73810386657715,36479.11128148834,36479.11128148834,0.0,1.3322676295501878e-14,NaN,35,LOCALLY_SOLVED,residual_tolerance_upper_bound
831,0.7044537829217756,ADMM,1.0,0.01,74.46479797363281,36638.69491725512,36479.11128148834,0.4374657993594314,5.211941989102797e-12,1.639812157738974,6,converged,gap_callback_with_solver_termination
831,0.7044537829217756,MEL-ADMM,1.0,0.01,12.938499450683594,36480.65014826679,36479.11128148834,0.004218487579303887,4.4142467459096224e-13,0.007127613391459953,16,converged,gap_residual_and_feasibility
831,0.7044537829217756,sMEL-ADMM,1.0,0.01,1.1854159999999998,36480.74627158785,36479.11128148834,0.004481989944589508,2.0050627824730327e-13,0.009987088023645896,32,converged,gap_residual_and_feasibility
832,0.4226938786432334,IPOPT,1.0,1.0e-10,14.209985733032227,36479.11128157202,36479.111281488345,2.293737693263659e-10,1.3322676295501878e-14,NaN,33,INTERRUPTED,gap_and_residual
832,0.4226938786432334,MadNLP,1.0,0.01,17.989158630371094,36479.111281488345,36479.111281488345,0.0,1.3322676295501878e-14,NaN,34,LOCALLY_SOLVED,residual_tolerance_upper_bound
832,0.4226938786432334,ADMM,1.0,0.01,68.98617744445801,36588.972056481536,36479.111281488345,0.3011607770415738,3.5349501104064984e-13,1.1342370037266871,6,converged,gap_callback_with_solver_termination
832,0.4226938786432334,MEL-ADMM,1.0,0.01,14.372825622558594,36481.103324507436,36479.111281488345,0.005460777275298832,1.5119017149345382e-12,0.009822655168444605,18,converged,gap_residual_and_feasibility
832,0.4226938786432334,sMEL-ADMM,1.0,0.01,1.373664,36480.16243368651,36479.111281488345,0.002881518110616363,2.003397447936095e-13,0.00661332678682669,36,converged,gap_residual_and_feasibility
833,0.5626021766985969,IPOPT,1.0,1.0e-10,12.510061264038086,36479.11128157211,36479.11128148835,2.2961311586827163e-10,1.3322676295501878e-14,NaN,33,INTERRUPTED,gap_and_residual
833,0.5626021766985969,MadNLP,1.0,0.01,17.062902450561523,36479.111281488316,36479.11128148835,9.972772579407211e-14,9.769962616701378e-15,NaN,34,LOCALLY_SOLVED,residual_tolerance_upper_bound
833,0.5626021766985969,ADMM,1.0,0.01,67.63792037963867,36588.972052320074,36479.11128148835,0.3011607656337591,4.46753745109163e-13,1.134236993565116,6,converged,gap_callback_with_solver_termination
833,0.5626021766985969,MEL-ADMM,1.0,0.01,14.578819274902344,36481.10332451878,36479.11128148835,0.00546077730637399,1.8600676554569873e-12,0.009822655355942622,18,converged,gap_residual_and_feasibility
833,0.5626021766985969,sMEL-ADMM,1.0,0.01,1.067625,36480.68413846868,36479.11128148835,0.004311664744758116,2.0039525594484076e-13,0.009241819119372607,32,converged,gap_residual_and_feasibility
834,0.309297311377678,IPOPT,1.0,1.0e-10,14.065027236938477,36479.11128157172,36479.11128148834,2.2857594752001337e-10,1.3322676295501878e-14,NaN,34,INTERRUPTED,gap_and_residual
834,0.309297311377678,MadNLP,1.0,0.01,18.07689666748047,36479.11128148836,36479.11128148834,5.983663547644329e-14,1.1546319456101628e-14,NaN,35,LOCALLY_SOLVED,residual_tolerance_upper_bound
834,0.309297311377678,ADMM,1.0,0.01,75.03986358642578,36550.901483998,36479.11128148834,0.19679811263958444,1.8233192733418946e-12,1.1133308568578109,6,converged,gap_callback_with_solver_termination
834,0.309297311377678,MEL-ADMM,1.0,0.01,13.14997673034668,36480.71774184413,36479.11128148834,0.004403781504964906,1.5747958492795533e-12,0.008309266338521581,16,converged,gap_residual_and_feasibility
834,0.309297311377678,sMEL-ADMM,1.0,0.01,1.577874,36479.43922159267,36479.11128148834,0.0008989805201181723,2.000621890374532e-13,0.005878490372911216,39,converged,gap_residual_and_feasibility
835,0.3824144407465508,IPOPT,1.0,1.0e-10,12.453794479370117,36479.11128156272,36479.11128148836,2.0384347152308336e-10,1.0658141036401503e-14,NaN,32,INTERRUPTED,gap_and_residual
835,0.3824144407465508,MadNLP,1.0,0.01,18.413066864013672,36479.111281488375,36479.11128148836,3.9891090317628836e-14,1.509903313490213e-14,NaN,33,LOCALLY_SOLVED,residual_tolerance_upper_bound
835,0.3824144407465508,ADMM,1.0,0.01,68.81904602050781,36594.084086073046,36479.11128148836,0.31517435744940936,1.0468848010702914e-12,1.0813139398696432,6,converged,gap_callback_with_solver_termination
835,0.3824144407465508,MEL-ADMM,1.0,0.01,14.870405197143555,36481.042047584364,36479.11128148836,0.005292799161430557,5.053790719244944e-12,0.009901967751991592,18,converged,gap_residual_and_feasibility
835,0.3824144407465508,sMEL-ADMM,1.0,0.01,1.3055,36479.737109165515,36479.11128148836,0.0017155781902850567,2.0050627824730327e-13,0.008188555218751503,33,converged,gap_residual_and_feasibility
836,0.36885770910021787,IPOPT,1.0,1.0e-10,12.351036071777344,36479.11134600557,36479.11128148833,1.7686077901242648e-7,1.4210854715202004e-14,NaN,32,INTERRUPTED,gap_and_residual
836,0.36885770910021787,MadNLP,1.0,0.01,17.043113708496094,36479.11128148834,36479.11128148833,1.9945545158814434e-14,1.2434497875801753e-14,NaN,34,LOCALLY_SOLVED,residual_tolerance_upper_bound
836,0.36885770910021787,ADMM,1.0,0.01,68.96352767944336,36599.30202849452,36479.11128148833,0.32947827615302766,8.656408923002346e-13,1.1698985486052447,6,converged,gap_callback_with_solver_termination
836,0.36885770910021787,MEL-ADMM,1.0,0.01,15.221595764160156,36480.94755119665,36479.11128148833,0.005033756700243488,3.3593128279107987e-12,0.009932519554707753,18,converged,gap_residual_and_feasibility
836,0.36885770910021787,sMEL-ADMM,1.0,0.01,1.194998,36479.63167591762,36479.11128148833,0.001426554570566166,2.0045076709607201e-13,0.009523340218182241,32,converged,gap_residual_and_feasibility
837,0.3180507212585153,IPOPT,1.0,1.0e-10,14.27602767944336,36479.111281558326,36479.111281488345,1.9183625333747716e-10,1.7763568394002505e-14,NaN,34,INTERRUPTED,gap_and_residual
837,0.3180507212585153,MadNLP,1.0,0.01,18.886804580688477,36479.11128148834,36479.111281488345,1.9945545158814427e-14,1.3322676295501878e-14,NaN,35,LOCALLY_SOLVED,residual_tolerance_upper_bound
837,0.3180507212585153,ADMM,1.0,0.01,72.13401794433594,36555.331845828,36479.111281488345,0.20894304072130923,2.2429280654989725e-12,1.1344816069348482,6,converged,gap_callback_with_solver_termination
837,0.3180507212585153,MEL-ADMM,1.0,0.01,12.906312942504883,36480.73283738843,36479.111281488345,0.0044451628428449665,8.164025011581089e-13,0.009631609972540645,16,converged,gap_residual_and_feasibility
837,0.3180507212585153,sMEL-ADMM,1.0,0.01,1.301955,36479.43362892033,36479.111281488345,0.0008836493561882101,1.9972912213006566e-13,0.009588970821988951,38,converged,gap_residual_and_feasibility
838,0.358083589031456,IPOPT,1.0,1.0e-10,13.849973678588867,36479.11128157022,36479.11128148834,2.244671652172976e-10,1.509903313490213e-14,NaN,33,INTERRUPTED,gap_and_residual
838,0.358083589031456,MadNLP,1.0,0.01,17.068862915039062,36479.11128148834,36479.11128148834,0.0,1.7763568394002505e-14,NaN,34,LOCALLY_SOLVED,residual_tolerance_upper_bound
838,0.358083589031456,ADMM,1.0,0.01,69.13638114929199,36587.19011327907,36479.11128148834,0.2962759453122451,7.782663402622347e-13,1.1644050831805979,6,converged,gap_callback_with_solver_termination
838,0.358083589031456,MEL-ADMM,1.0,0.01,15.392780303955078,36480.94546442442,36479.11128148834,0.005028036242238486,1.4808154702450338e-12,0.0012613121697011564,19,converged,gap_residual_and_feasibility
838,0.358083589031456,sMEL-ADMM,1.0,0.01,1.062625,36479.62646008883,36479.11128148834,0.0014122564459374855,1.9984014443252818e-13,0.009223623392639269,35,converged,gap_residual_and_feasibility
839,0.6555482843738965,IPOPT,1.0,1.0e-10,12.588024139404297,36479.111346014215,36479.11128148834,1.7688445437452998e-7,1.1546319456101628e-14,NaN,33,INTERRUPTED,gap_and_residual
839,0.6555482843738965,MadNLP,1.0,0.01,17.563819885253906,36479.11128148834,36479.11128148834,0.0,1.9539925233402755e-14,NaN,35,LOCALLY_SOLVED,residual_tolerance_upper_bound
839,0.6555482843738965,ADMM,1.0,0.01,70.90544700622559,36558.294402906206,36479.11128148834,0.21706428319170587,9.170442183403793e-13,1.1370771329238885,6,converged,gap_callback_with_solver_termination
839,0.6555482843738965,MEL-ADMM,1.0,0.01,13.11635971069336,36480.690807694395,36479.11128148834,0.004329947058929629,6.241007710627855e-12,0.009269941598441633,16,converged,gap_residual_and_feasibility
839,0.6555482843738965,sMEL-ADMM,1.0,0.01,1.052334,36480.71553883111,36479.11128148834,0.0043977423967110464,2.0039525594484076e-13,0.00970209910459019,32,converged,gap_residual_and_feasibility
840,0.7159988734138394,IPOPT,1.0,1.0e-10,12.976884841918945,36479.111281571786,36479.111281488345,2.2873551188128384e-10,1.3322676295501878e-14,NaN,34,INTERRUPTED,gap_and_residual
840,0.7159988734138394,MadNLP,1.0,0.01,18.696069717407227,36479.11128148834,36479.111281488345,1.9945545158814427e-14,1.2434497875801753e-14,NaN,35,LOCALLY_SOLVED,residual_tolerance_upper_bound
840,0.7159988734138394,ADMM,1.0,0.01,75.40583610534668,36692.95437527546,36479.111281488345,0.5862069723601869,6.089573290068984e-13,1.9054382654587418,6,converged,gap_callback_with_solver_termination
840,0.7159988734138394,MEL-ADMM,1.0,0.01,12.964248657226562,36480.64937024657,36479.111281488345,0.004216354796455628,9.53570555850547e-13,0.009424145765626335,16,converged,gap_residual_and_feasibility
840,0.7159988734138394,sMEL-ADMM,1.0,0.01,1.20004,36480.76394667812,36479.111281488345,0.004530442578549386,1.9939605522267811e-13,0.005826613945973946,33,converged,gap_residual_and_feasibility
841,0.7001250440380363,IPOPT,1.0,1.0e-10,13.370990753173828,36479.11128157189,36479.11128148834,2.290346950586661e-10,1.4210854715202004e-14,NaN,34,INTERRUPTED,gap_and_residual
841,0.7001250440380363,MadNLP,1.0,0.01,18.503904342651367,36479.11128148836,36479.11128148834,5.983663547644329e-14,1.1546319456101628e-14,NaN,35,LOCALLY_SOLVED,residual_tolerance_upper_bound
841,0.7001250440380363,ADMM,1.0,0.01,73.23074340820312,36622.814886144944,36479.11128148834,0.39393395181074503,4.231726080661247e-12,1.537946033245241,6,converged,gap_callback_with_solver_termination
841,0.7001250440380363,MEL-ADMM,1.0,0.01,13.130426406860352,36480.65176457085,36479.11128148834,0.004222918345314532,5.302869254819598e-12,0.006272170159881796,16,converged,gap_residual_and_feasibility
841,0.7001250440380363,sMEL-ADMM,1.0,0.01,1.1543759999999998,36480.743125483554,36479.11128148834,0.004473365545074829,1.9961809982760315e-13,0.009958765292994443,32,converged,gap_residual_and_feasibility
842,0.632572886039071,IPOPT,1.0,1.0e-10,12.907981872558594,36479.11128148837,36479.11128148837,0.0,1.1546319456101628e-14,NaN,34,INTERRUPTED,gap_and_residual
842,0.632572886039071,MadNLP,1.0,0.01,17.750978469848633,36479.11128148835,36479.11128148837,3.989109031762883e-14,1.2434497875801753e-14,NaN,35,LOCALLY_SOLVED,residual_tolerance_upper_bound
842,0.632572886039071,ADMM,1.0,0.01,71.83432579040527,36572.53570178531,36479.11128148837,0.25610388250974503,1.655453552018571e-12,1.1671909571117451,6,converged,gap_callback_with_solver_termination
842,0.632572886039071,MEL-ADMM,1.0,0.01,15.176534652709961,36480.82993952127,36479.11128148837,0.004711348419751625,4.370059869529541e-12,0.0007059396285491459,19,converged,gap_residual_and_feasibility
842,0.632572886039071,sMEL-ADMM,1.0,0.01,1.0563339999999999,36480.70580435003,36479.11128148837,0.004371057313754038,1.9972912213006566e-13,0.009582598164913136,32,converged,gap_residual_and_feasibility
843,0.5894222110487413,IPOPT,1.0,1.0e-10,12.601852416992188,36479.111281572,36479.111281488345,2.2931393269088945e-10,1.1546319456101628e-14,NaN,33,INTERRUPTED,gap_and_residual
843,0.5894222110487413,MadNLP,1.0,0.01,17.232894897460938,36479.111281488345,36479.111281488345,0.0,1.4210854715202004e-14,NaN,34,LOCALLY_SOLVED,residual_tolerance_upper_bound
843,0.5894222110487413,ADMM,1.0,0.01,66.79892539978027,36595.714784373435,36479.111281488345,0.3196445823071922,3.6770586575585185e-13,1.0695795080628976,6,converged,gap_callback_with_solver_termination
843,0.5894222110487413,MEL-ADMM,1.0,0.01,14.569282531738281,36481.01951258452,36479.111281488345,0.005231024082385494,3.090860900556436e-13,0.009907275087012835,18,converged,gap_residual_and_feasibility
843,0.5894222110487413,sMEL-ADMM,1.0,0.01,1.277042,36480.69233307169,36479.111281488345,0.0043341285678359445,2.0028423364237824e-13,0.009371546565413169,32,converged,gap_residual_and_feasibility
844,0.5156276123750012,IPOPT,1.0,1.0e-10,12.884855270385742,36479.11128157215,36479.11128148834,2.297527346843834e-10,1.4210854715202004e-14,NaN,33,INTERRUPTED,gap_and_residual
844,0.5156276123750012,MadNLP,1.0,0.01,17.22097396850586,36479.11128148834,36479.11128148834,0.0,1.1546319456101628e-14,NaN,34,LOCALLY_SOLVED,residual_tolerance_upper_bound
844,0.5156276123750012,ADMM,1.0,0.01,69.57888603210449,36588.972047781266,36479.11128148834,0.3011607531915885,9.904299602681021e-13,1.1342369896294926,6,converged,gap_callback_with_solver_termination
844,0.5156276123750012,MEL-ADMM,1.0,0.01,14.613628387451172,36481.10332442546,36479.11128148834,0.005460777050592321,6.443734434924409e-13,0.009822655313545425,18,converged,gap_residual_and_feasibility
844,0.5156276123750012,sMEL-ADMM,1.0,0.01,1.3276270000000001,36480.671041159,36479.11128148834,0.004275761157197663,1.999511667349907e-13,0.008999126466191498,32,converged,gap_residual_and_feasibility
845,0.5895800869992167,IPOPT,1.0,1.0e-10,12.656927108764648,36479.11128157201,36479.11128148836,2.2931393269088937e-10,1.2434497875801753e-14,NaN,33,INTERRUPTED,gap_and_residual
845,0.5895800869992167,MadNLP,1.0,0.01,17.083168029785156,36479.11128148832,36479.11128148836,9.972772579407209e-14,8.881784197001252e-15,NaN,34,LOCALLY_SOLVED,residual_tolerance_upper_bound
845,0.5895800869992167,ADMM,1.0,0.01,68.2229995727539,36595.75754434226,36479.11128148836,0.3197617999896129,3.2344127376404685e-12,1.0687023149382808,6,converged,gap_callback_with_solver_termination
845,0.5895800869992167,MEL-ADMM,1.0,0.01,14.597177505493164,36481.01843009179,36479.11128148836,0.005228056650595429,1.4408474413585282e-12,0.009907102841806292,18,converged,gap_residual_and_feasibility
845,0.5895800869992167,sMEL-ADMM,1.0,0.01,0.9385389999999999,36480.692381976536,36479.11128148836,0.004334262630401594,2.0061730054976579e-13,0.009372302705411784,32,converged,gap_residual_and_feasibility
846,0.43364058837888064,IPOPT,1.0,1.0e-10,13.12398910522461,36479.111281572055,36479.11128148834,2.2949344259731884e-10,1.1546319456101628e-14,NaN,33,INTERRUPTED,gap_and_residual
846,0.43364058837888064,MadNLP,1.0,0.01,17.94600486755371,36479.11128148836,36479.11128148834,5.983663547644329e-14,1.687538997430238e-14,NaN,34,LOCALLY_SOLVED,residual_tolerance_upper_bound
846,0.43364058837888064,ADMM,1.0,0.01,69.27108764648438,36588.97205450189,36479.11128148834,0.3011607716148099,3.811395643538162e-12,1.1342369906680467,6,converged,gap_callback_with_solver_termination
846,0.43364058837888064,MEL-ADMM,1.0,0.01,14.796257019042969,36481.103324646116,36479.11128148834,0.005460777655480869,5.19706500057282e-12,0.009822655107448952,18,converged,gap_residual_and_feasibility
846,0.43364058837888064,sMEL-ADMM,1.0,0.01,1.131501,36480.195942742204,36479.11128148834,0.0029733763125326935,2.0017321133991572e-13,0.009406602773283979,33,converged,gap_residual_and_feasibility
847,0.6615470483202068,IPOPT,1.0,1.0e-10,13.833045959472656,36479.11134600639,36479.11128148836,1.7686295307684865e-7,1.2434497875801753e-14,NaN,33,INTERRUPTED,gap_and_residual
847,0.6615470483202068,MadNLP,1.0,0.01,17.482995986938477,36479.11128148832,36479.11128148836,9.972772579407209e-14,1.2434497875801753e-14,NaN,35,LOCALLY_SOLVED,residual_tolerance_upper_bound
847,0.6615470483202068,ADMM,1.0,0.01,72.69096374511719,36558.17956577472,36479.11128148836,0.21674948075416686,2.4532598175142084e-12,1.1284975833008115,6,converged,gap_callback_with_solver_termination
847,0.6615470483202068,MEL-ADMM,1.0,0.01,12.752056121826172,36480.67846101735,36479.11128148836,0.004296101176632423,4.670930309202959e-12,0.008296352389101536,16,converged,gap_residual_and_feasibility
847,0.6615470483202068,sMEL-ADMM,1.0,0.01,1.16975,36480.71923346718,36479.11128148836,0.004407870483495395,2.0028423364237824e-13,0.00973376814805782,32,converged,gap_residual_and_feasibility
848,0.31321915789696786,IPOPT,1.0,1.0e-10,14.566898345947266,36479.11128157173,36479.11128148836,2.285360564296956e-10,1.1546319456101628e-14,NaN,34,INTERRUPTED,gap_and_residual
848,0.31321915789696786,MadNLP,1.0,0.01,17.92597770690918,36479.11128148834,36479.11128148836,5.983663547644325e-14,1.3322676295501878e-14,NaN,35,LOCALLY_SOLVED,residual_tolerance_upper_bound
848,0.31321915789696786,ADMM,1.0,0.01,74.92423057556152,36551.97194368256,36479.11128148836,0.19973255826321487,1.1881606809538425e-12,1.119826395100623,6,converged,gap_callback_with_solver_termination
848,0.31321915789696786,MEL-ADMM,1.0,0.01,13.442754745483398,36480.72336103405,36479.11128148836,0.004419185361311801,6.7791883218149e-12,0.008836166707137494,16,converged,gap_residual_and_feasibility
848,0.31321915789696786,sMEL-ADMM,1.0,0.01,1.143914,36479.44377182175,36479.11128148836,0.0009114540396192933,2.0000667788622195e-13,0.005827111892351411,39,converged,gap_residual_and_feasibility
849,0.7182568353814505,IPOPT,1.0,1.0e-10,13.952016830444336,36479.11128157181,36479.11128148835,2.2877540297160142e-10,1.3322676295501878e-14,NaN,34,INTERRUPTED,gap_and_residual
849,0.7182568353814505,MadNLP,1.0,0.01,19.29497718811035,36479.11128148835,36479.11128148835,0.0,1.3322676295501878e-14,NaN,35,LOCALLY_SOLVED,residual_tolerance_upper_bound
849,0.7182568353814505,ADMM,1.0,0.01,77.71086692810059,36705.831136790606,36479.11128148835,0.621505972425662,7.765343923438195e-12,1.9560957708080808,6,converged,gap_callback_with_solver_termination
849,0.7182568353814505,MEL-ADMM,1.0,0.01,13.318777084350586,36480.649874000344,36479.11128148835,0.004217735734073406,2.6517676943171864e-12,0.009875119554571654,16,converged,gap_residual_and_feasibility
849,0.7182568353814505,sMEL-ADMM,1.0,0.01,1.329001,36480.765460829985,36479.11128148835,0.004534593315249229,2.0061730054976579e-13,0.005836773376231008,33,converged,gap_residual_and_feasibility
850,0.38057181610005675,IPOPT,1.0,1.0e-10,14.520883560180664,36479.11128157183,36479.11128148835,2.2883523960707786e-10,9.769962616701378e-15,NaN,33,INTERRUPTED,gap_and_residual
850,0.38057181610005675,MadNLP,1.0,0.01,17.225980758666992,36479.11128148833,36479.11128148835,5.983663547644327e-14,1.0658141036401503e-14,NaN,34,LOCALLY_SOLVED,residual_tolerance_upper_bound
850,0.38057181610005675,ADMM,1.0,0.01,68.20988655090332,36594.76055852184,36479.11128148835,0.31702876789154477,3.4638958368304884e-13,1.0760199766188991,6,converged,gap_callback_with_solver_termination
850,0.38057181610005675,MEL-ADMM,1.0,0.01,14.89400863647461,36481.0297485256,36479.11128148835,0.0052590838149676016,6.150635556423367e-13,0.009900465522391322,18,converged,gap_residual_and_feasibility
850,0.38057181610005675,sMEL-ADMM,1.0,0.01,1.243917,36479.722791451495,36479.11128148835,0.0016763291145548518,2.0050627824730327e-13,0.007135548908200562,33,converged,gap_residual_and_feasibility
851,0.41036554137648334,IPOPT,1.0,1.0e-10,12.598991394042969,36479.11128157199,36479.11128148834,2.293139326908895e-10,1.509903313490213e-14,NaN,33,INTERRUPTED,gap_and_residual
851,0.41036554137648334,MadNLP,1.0,0.01,17.868995666503906,36479.11128148835,36479.11128148834,3.989109031762886e-14,1.1546319456101628e-14,NaN,34,LOCALLY_SOLVED,residual_tolerance_upper_bound
851,0.41036554137648334,ADMM,1.0,0.01,70.05047798156738,36588.97205601814,36479.11128148834,0.301160775771282,1.1952661083114435e-12,1.1342369948374937,6,converged,gap_callback_with_solver_termination
851,0.41036554137648334,MEL-ADMM,1.0,0.01,14.898061752319336,36481.103324709286,36479.11128148834,0.005460777828648092,6.796951890208902e-12,0.009822655413451287,18,converged,gap_residual_and_feasibility
851,0.41036554137648334,sMEL-ADMM,1.0,0.01,1.409832,36480.02133639177,36479.11128148834,0.0024947288227813555,2.0017321133991572e-13,0.007091423820336118,35,converged,gap_residual_and_feasibility
852,0.6893245998624031,IPOPT,1.0,1.0e-10,14.033079147338867,36479.11128157197,36479.11128148833,2.2927404160057192e-10,1.4210854715202004e-14,NaN,34,INTERRUPTED,gap_and_residual
852,0.6893245998624031,MadNLP,1.0,0.01,18.077850341796875,36479.11128148834,36479.11128148833,1.9945545158814434e-14,1.509903313490213e-14,NaN,35,LOCALLY_SOLVED,residual_tolerance_upper_bound
852,0.6893245998624031,ADMM,1.0,0.01,74.0807056427002,36592.43271443069,36479.11128148833,0.31064746086581124,1.832201057538896e-12,1.2959020678570674,6,converged,gap_callback_with_solver_termination
852,0.6893245998624031,MEL-ADMM,1.0,0.01,13.072729110717773,36480.658414089434,36479.11128148833,0.004241146636398562,1.8735013540549517e-12,0.004962396286845916,16,converged,gap_residual_and_feasibility
852,0.6893245998624031,sMEL-ADMM,1.0,0.01,1.213959,36480.736386041004,36479.11128148833,0.004454890745921124,2.0050627824730327e-13,0.00989085216983554,32,converged,gap_residual_and_feasibility
853,0.5171671870441996,IPOPT,1.0,1.0e-10,13.434171676635742,36479.11128157216,36479.11128148833,2.297926257747011e-10,1.0658141036401503e-14,NaN,33,INTERRUPTED,gap_and_residual
853,0.5171671870441996,MadNLP,1.0,0.01,17.884016036987305,36479.11128148835,36479.11128148833,5.98366354764433e-14,1.509903313490213e-14,NaN,34,LOCALLY_SOLVED,residual_tolerance_upper_bound
853,0.5171671870441996,ADMM,1.0,0.01,69.14019584655762,36588.97204759645,36479.11128148833,0.3011607526849717,6.715739075957572e-13,1.134236985578676,6,converged,gap_callback_with_solver_termination
853,0.5171671870441996,MEL-ADMM,1.0,0.01,14.406442642211914,36481.10332443196,36479.11128148833,0.005460777068443585,4.64184246595778e-13,0.009822655372734523,18,converged,gap_residual_and_feasibility
853,0.5171671870441996,sMEL-ADMM,1.0,0.01,1.1391660000000001,36480.67144004881,36479.11128148833,0.0042768546317999605,2.000621890374532e-13,0.009007584022432624,32,converged,gap_residual_and_feasibility
854,0.296278837383173,IPOPT,1.0,1.0e-10,14.631986618041992,36479.11128157163,36479.11128148834,2.2833660097810759e-10,1.2434497875801753e-14,NaN,34,INTERRUPTED,gap_and_residual
854,0.296278837383173,MadNLP,1.0,0.01,17.480134963989258,36479.11128148834,36479.11128148834,0.0,1.2434497875801753e-14,NaN,35,LOCALLY_SOLVED,residual_tolerance_upper_bound
854,0.296278837383173,ADMM,1.0,0.01,71.22969627380371,36555.667906393755,36479.11128148834,0.20986428182055694,1.8293144776748704e-12,1.1143349611247428,6,converged,gap_callback_with_solver_termination
854,0.296278837383173,MEL-ADMM,1.0,0.01,12.70747184753418,36480.70392024316,36479.11128148834,0.004365892421377305,3.277378368693462e-13,0.0066769466143909995,16,converged,gap_residual_and_feasibility
854,0.296278837383173,sMEL-ADMM,1.0,0.01,1.381665,36479.43703013894,36479.11128148834,0.0008929730992920705,2.0017321133991572e-13,0.007342715453976467,39,converged,gap_residual_and_feasibility
855,0.7415473685250004,IPOPT,1.0,1.0e-10,14.948129653930664,36479.11128157204,36479.111281488345,2.2943360596184234e-10,1.4210854715202004e-14,NaN,34,INTERRUPTED,gap_and_residual
855,0.7415473685250004,MadNLP,1.0,0.01,18.16415786743164,36479.11128148833,36479.111281488345,3.9891090317628855e-14,1.4210854715202004e-14,NaN,35,LOCALLY_SOLVED,residual_tolerance_upper_bound
855,0.7415473685250004,ADMM,1.0,0.01,86.84134483337402,36536.259905759216,36479.111281488345,0.15666122957296721,3.6770586575585185e-13,0.8424906782451194,7,converged,gap_callback_with_solver_termination
855,0.7415473685250004,MEL-ADMM,1.0,0.01,15.3045654296875,36480.52182931786,36479.111281488345,0.003866727505043873,1.198596777385319e-12,0.006262383113499581,19,converged,gap_residual_and_feasibility
855,0.7415473685250004,sMEL-ADMM,1.0,0.01,1.193876,36480.78093373396,36479.111281488345,0.0045770091072877645,1.999511667349907e-13,0.005941573261033284,33,converged,gap_residual_and_feasibility
856,0.2741556218731971,IPOPT,1.0,1.0e-10,12.925863265991211,36479.111281571495,36479.11128148834,2.2795763562009012e-10,1.1546319456101628e-14,NaN,34,INTERRUPTED,gap_and_residual
856,0.2741556218731971,MadNLP,1.0,0.01,17.637014389038086,36479.11128148835,36479.11128148834,3.989109031762886e-14,1.2434497875801753e-14,NaN,35,LOCALLY_SOLVED,residual_tolerance_upper_bound
856,0.2741556218731971,ADMM,1.0,0.01,73.93002510070801,36586.758411223476,36479.11128148834,0.2950925226891826,7.732148255001903e-13,1.329368678151459,6,converged,gap_callback_with_solver_termination
856,0.2741556218731971,MEL-ADMM,1.0,0.01,13.109922409057617,36480.69642342871,36479.11128148834,0.0043453414424988734,3.358702205247255e-12,0.004870789133494924,16,converged,gap_residual_and_feasibility
856,0.2741556218731971,sMEL-ADMM,1.0,0.01,1.285332,36479.52857094817,36479.11128148834,0.001143913448467854,1.9961809982760315e-13,0.007912224227796472,39,converged,gap_residual_and_feasibility
857,0.6793961393800697,IPOPT,1.0,1.0e-10,14.778852462768555,36479.111346010366,36479.11128148834,1.7687390318114095e-7,1.1546319456101628e-14,NaN,33,INTERRUPTED,gap_and_residual
857,0.6793961393800697,MadNLP,1.0,0.01,17.544031143188477,36479.11128148835,36479.11128148834,3.989109031762886e-14,9.769962616701378e-15,NaN,35,LOCALLY_SOLVED,residual_tolerance_upper_bound
857,0.6793961393800697,ADMM,1.0,0.01,70.83439826965332,36573.43208399126,36479.11128148834,0.2585611304373729,4.377609386096992e-13,1.1223402578699329,6,converged,gap_callback_with_solver_termination
857,0.6793961393800697,MEL-ADMM,1.0,0.01,12.829780578613281,36480.66160520955,36479.11128148834,0.004249894437525168,4.723998969780041e-13,0.005680898712571825,16,converged,gap_residual_and_feasibility
857,0.6793961393800697,sMEL-ADMM,1.0,0.01,1.161373,36480.73025575993,36479.11128148834,0.004438085837951214,2.0028423364237824e-13,0.009831318565177938,32,converged,gap_residual_and_feasibility
858,0.29795788664914424,IPOPT,1.0,1.0e-10,14.328956604003906,36479.111281571626,36479.11128148832,2.283565465232665e-10,1.9539925233402755e-14,NaN,34,INTERRUPTED,gap_and_residual
858,0.29795788664914424,MadNLP,1.0,0.01,18.206119537353516,36479.111281488345,36479.11128148832,5.983663547644332e-14,1.2434497875801753e-14,NaN,35,LOCALLY_SOLVED,residual_tolerance_upper_bound
858,0.29795788664914424,ADMM,1.0,0.01,72.58129119873047,36554.5489152275,36479.11128148832,0.206796797095917,3.82804898890754e-13,1.1144397862638025,6,converged,gap_callback_with_solver_termination
858,0.29795788664914424,MEL-ADMM,1.0,0.01,12.906312942504883,36480.705499307376,36479.11128148832,0.004370221102018938,7.793765632868599e-13,0.006897486181578927,16,converged,gap_residual_and_feasibility
858,0.29795788664914424,sMEL-ADMM,1.0,0.01,1.6849580000000002,36479.43578289707,36479.11128148832,0.0008895540416000362,1.9978463328129692e-13,0.007206369132958912,39,converged,gap_residual_and_feasibility
859,0.3036208127036701,IPOPT,1.0,1.0e-10,13.016223907470703,36479.11128157168,36479.11128148836,2.283964376135839e-10,1.2434497875801753e-14,NaN,34,INTERRUPTED,gap_and_residual
859,0.3036208127036701,MadNLP,1.0,0.01,17.48204231262207,36479.11128148835,36479.11128148836,1.9945545158814418e-14,1.4210854715202004e-14,NaN,35,LOCALLY_SOLVED,residual_tolerance_upper_bound
859,0.3036208127036701,ADMM,1.0,0.01,70.05119323730469,36551.962065450025,36479.11128148836,0.19970547911520464,1.156408302449563e-12,1.1137047699494875,6,converged,gap_callback_with_solver_termination
859,0.3036208127036701,MEL-ADMM,1.0,0.01,13.14234733581543,36480.711963985326,36479.11128148836,0.004387942690310574,2.9026225867312405e-12,0.007619734683599333,16,converged,gap_residual_and_feasibility
859,0.3036208127036701,sMEL-ADMM,1.0,0.01,1.474372,36479.435417143286,36479.11128148836,0.0008885514025407539,1.9984014443252818e-13,0.006574327621864384,39,converged,gap_residual_and_feasibility
860,0.5267861266625407,IPOPT,1.0,1.0e-10,12.814044952392578,36479.11128157212,36479.111281488345,2.296530069585893e-10,1.1546319456101628e-14,NaN,33,INTERRUPTED,gap_and_residual
860,0.5267861266625407,MadNLP,1.0,0.01,17.699003219604492,36479.111281488316,36479.111281488345,7.978218063525771e-14,1.4210854715202004e-14,NaN,34,LOCALLY_SOLVED,residual_tolerance_upper_bound
860,0.5267861266625407,ADMM,1.0,0.01,69.31138038635254,36588.972047955256,36479.111281488345,0.30116075366852635,1.797562099170591e-12,1.1342369866733524,6,converged,gap_callback_with_solver_termination
860,0.5267861266625407,MEL-ADMM,1.0,0.01,14.493703842163086,36481.10332455923,36479.111281488345,0.005460777417291168,2.858380199199928e-12,0.009822655383232792,18,converged,gap_residual_and_feasibility
860,0.5267861266625407,sMEL-ADMM,1.0,0.01,1.235334,36480.67394345067,36479.111281488345,0.004283717194378893,2.0017321133991572e-13,0.009059394580722469,32,converged,gap_residual_and_feasibility
861,0.7369114884466754,IPOPT,1.0,1.0e-10,14.322042465209961,36479.1112815718,36479.11128148834,2.2879534851676033e-10,1.1546319456101628e-14,NaN,34,INTERRUPTED,gap_and_residual
861,0.7369114884466754,MadNLP,1.0,0.01,18.002033233642578,36479.11128148835,36479.11128148834,3.989109031762886e-14,1.0658141036401503e-14,NaN,35,LOCALLY_SOLVED,residual_tolerance_upper_bound
861,0.7369114884466754,ADMM,1.0,0.01,78.10568809509277,36843.634980011935,36479.11128148834,0.999266938579663,1.758371226401323e-12,2.3934660761934032,6,converged,gap_callback_with_solver_termination
861,0.7369114884466754,MEL-ADMM,1.0,0.01,14.971494674682617,36480.528289049595,36479.11128148834,0.003884435534413752,3.0230262737518387e-12,0.006015478810937225,19,converged,gap_residual_and_feasibility
861,0.7369114884466754,sMEL-ADMM,1.0,0.01,1.345498,36480.777850359846,36479.11128148834,0.004568556669726751,2.000621890374532e-13,0.005920857710526306,33,converged,gap_residual_and_feasibility
862,0.3343560920064526,IPOPT,1.0,1.0e-10,13.299942016601562,36479.1112815579,36479.11128148834,1.9069935726342477e-10,1.1546319456101628e-14,NaN,34,INTERRUPTED,gap_and_residual
862,0.3343560920064526,MadNLP,1.0,0.01,18.172025680541992,36479.111281488345,36479.11128148834,1.994554515881443e-14,1.2434497875801753e-14,NaN,35,LOCALLY_SOLVED,residual_tolerance_upper_bound
862,0.3343560920064526,ADMM,1.0,0.01,71.3355541229248,36567.190301494564,36479.11128148834,0.24145056420528022,2.053968106707771e-12,1.1548824977186243,6,converged,gap_callback_with_solver_termination
862,0.3343560920064526,MEL-ADMM,1.0,0.01,15.35487174987793,36480.83517509515,36479.11128148834,0.004725700671563592,1.1812772982011666e-12,0.0007004984550640359,19,converged,gap_residual_and_feasibility
862,0.3343560920064526,sMEL-ADMM,1.0,0.01,1.5087080000000002,36479.51387521278,36479.11128148834,0.0011036281046914078,2.0017321133991572e-13,0.009132364775018331,35,converged,gap_residual_and_feasibility
863,0.5797383842652172,IPOPT,1.0,1.0e-10,13.641834259033203,36479.111281572084,36479.11128148834,2.295732247779541e-10,1.509903313490213e-14,NaN,33,INTERRUPTED,gap_and_residual
863,0.5797383842652172,MadNLP,1.0,0.01,17.449140548706055,36479.11128148834,36479.11128148834,0.0,1.2434497875801753e-14,NaN,34,LOCALLY_SOLVED,residual_tolerance_upper_bound
863,0.5797383842652172,ADMM,1.0,0.01,69.31877136230469,36590.05412129151,36479.11128148834,0.3041270357358544,1.393218873602109e-12,1.1271072710788355,6,converged,gap_callback_with_solver_termination
863,0.5797383842652172,MEL-ADMM,1.0,0.01,14.745235443115234,36481.08719191945,36479.11128148834,0.0054165530948981225,4.650058116340006e-12,0.009859535093719174,18,converged,gap_residual_and_feasibility
863,0.5797383842652172,sMEL-ADMM,1.0,0.01,1.151044,36480.68934626243,36479.11128148834,0.004325940843002695,2.013944566670034e-13,0.009325072839057924,32,converged,gap_residual_and_feasibility
864,0.29823192902299617,IPOPT,1.0,1.0e-10,13.738870620727539,36479.11128157164,36479.11128148835,2.283166554329487e-10,1.1546319456101628e-14,NaN,34,INTERRUPTED,gap_and_residual
864,0.29823192902299617,MadNLP,1.0,0.01,17.758846282958984,36479.11128148834,36479.11128148835,3.989109031762884e-14,1.2434497875801753e-14,NaN,35,LOCALLY_SOLVED,residual_tolerance_upper_bound
864,0.29823192902299617,ADMM,1.0,0.01,74.00751113891602,36554.38052876025,36479.11128148835,0.20633520013985407,8.072986723561826e-13,1.1144090523948975,6,converged,gap_callback_with_solver_termination
864,0.29823192902299617,MEL-ADMM,1.0,0.01,12.766599655151367,36480.705798639545,36479.11128148835,0.004371041659672431,1.446176511876729e-12,0.006933498723297404,16,converged,gap_residual_and_feasibility
864,0.29823192902299617,sMEL-ADMM,1.0,0.01,1.41425,36479.43560480313,36479.11128148835,0.0008890658335337971,1.9961809982760315e-13,0.007181203226982902,39,converged,gap_residual_and_feasibility
865,0.6435685355819514,IPOPT,1.0,1.0e-10,13.399124145507812,36479.111281575715,36479.111281488316,2.395858884476791e-10,1.2434497875801753e-14,NaN,34,INTERRUPTED,gap_and_residual
865,0.6435685355819514,MadNLP,1.0,0.01,17.62700080871582,36479.11128148833,36479.111281488316,3.9891090317628886e-14,1.1546319456101628e-14,NaN,35,LOCALLY_SOLVED,residual_tolerance_upper_bound
865,0.6435685355819514,ADMM,1.0,0.01,70.58262825012207,36564.048071227975,36479.111281488316,0.2328367845484238,9.556799795973347e-13,1.1484278934020784,6,converged,gap_callback_with_solver_termination
865,0.6435685355819514,MEL-ADMM,1.0,0.01,15.416860580444336,36480.78032505582,36479.111281488316,0.004575340541126427,3.0810909379397344e-12,0.0010327192289603104,19,converged,gap_residual_and_feasibility
865,0.6435685355819514,sMEL-ADMM,1.0,0.01,1.250749,36480.7096520762,36479.111281488316,0.004381605065838423,2.0028423364237824e-13,0.009639412063826569,32,converged,gap_residual_and_feasibility
866,0.6580743065145913,IPOPT,1.0,1.0e-10,12.911081314086914,36479.11134601059,36479.11128148836,1.768744616564053e-7,1.1546319456101628e-14,NaN,33,INTERRUPTED,gap_and_residual
866,0.6580743065145913,MadNLP,1.0,0.01,18.4628963470459,36479.11128148834,36479.11128148836,5.983663547644325e-14,1.509903313490213e-14,NaN,35,LOCALLY_SOLVED,residual_tolerance_upper_bound
866,0.6580743065145913,ADMM,1.0,0.01,70.79768180847168,36558.002101905,36479.11128148836,0.2162629999614882,1.0751399770470016e-12,1.1318423872895789,6,converged,gap_callback_with_solver_termination
866,0.6580743065145913,MEL-ADMM,1.0,0.01,12.81881332397461,36480.68488426054,36479.11128148836,0.004313709180130498,8.492095915357822e-13,0.008872759729987578,16,converged,gap_residual_and_feasibility
866,0.6580743065145913,sMEL-ADMM,1.0,0.01,1.173414,36480.717093727864,36479.11128148836,0.004402004827127426,2.0039525594484076e-13,0.009715413052592936,32,converged,gap_residual_and_feasibility
867,0.3126624056375288,IPOPT,1.0,1.0e-10,13.633966445922852,36479.1112815717,36479.11128148833,2.285360564296958e-10,1.1546319456101628e-14,NaN,34,INTERRUPTED,gap_and_residual
867,0.3126624056375288,MadNLP,1.0,0.01,17.989158630371094,36479.111281488345,36479.11128148833,3.989109031762887e-14,1.2434497875801753e-14,NaN,35,LOCALLY_SOLVED,residual_tolerance_upper_bound
867,0.3126624056375288,ADMM,1.0,0.01,71.53487205505371,36551.63404587145,36479.11128148833,0.19880628073282886,4.823363930483993e-13,1.117672325961431,6,converged,gap_callback_with_solver_termination
867,0.3126624056375288,MEL-ADMM,1.0,0.01,12.78996467590332,36480.72216739781,36479.11128148833,0.004415913252523455,6.156353205000187e-12,0.008743164442316598,16,converged,gap_residual_and_feasibility
867,0.3126624056375288,sMEL-ADMM,1.0,0.01,1.4682899999999999,36479.44302504019,36479.11128148833,0.0009094068912538586,1.9989565558375944e-13,0.005836671009319616,39,converged,gap_residual_and_feasibility
868,0.7195072807981313,IPOPT,1.0,1.0e-10,13.412952423095703,36479.11128157178,36479.11128148837,2.2865572970064845e-10,1.4210854715202004e-14,NaN,34,INTERRUPTED,gap_and_residual
868,0.7195072807981313,MadNLP,1.0,0.01,17.921924591064453,36479.11128148833,36479.11128148837,9.972772579407208e-14,1.509903313490213e-14,NaN,35,LOCALLY_SOLVED,residual_tolerance_upper_bound
868,0.7195072807981313,ADMM,1.0,0.01,76.31659507751465,36713.25573654672,36479.11128148837,0.6418589895230623,2.063016424358466e-12,1.9840701309066517,6,converged,gap_callback_with_solver_termination
868,0.7195072807981313,MEL-ADMM,1.0,0.01,15.249490737915039,36480.56261017347,36479.11128148837,0.003978519854556363,2.78432832345743e-12,0.005113669852720548,19,converged,gap_residual_and_feasibility
868,0.7195072807981313,sMEL-ADMM,1.0,0.01,1.3554140000000001,36480.76629639553,36479.11128148837,0.0045368838467359975,1.999511667349907e-13,0.005842391960158011,33,converged,gap_residual_and_feasibility
869,0.6093973659399006,IPOPT,1.0,1.0e-10,13.412952423095703,36479.11128157188,36479.11128148835,2.2897485842318957e-10,1.2434497875801753e-14,NaN,33,INTERRUPTED,gap_and_residual
869,0.6093973659399006,MadNLP,1.0,0.01,17.395973205566406,36479.11128148833,36479.11128148835,5.983663547644327e-14,1.0658141036401503e-14,NaN,34,LOCALLY_SOLVED,residual_tolerance_upper_bound
869,0.6093973659399006,ADMM,1.0,0.01,70.8913803100586,36590.941227846335,36479.11128148835,0.3065588563686624,3.383959779057477e-13,1.1400564243618225,6,converged,gap_callback_with_solver_termination
869,0.6093973659399006,MEL-ADMM,1.0,0.01,15.96379280090332,36480.94455984238,36479.11128148835,0.005025556516106322,2.460032177964422e-12,0.001318307622300452,19,converged,gap_residual_and_feasibility
869,0.6093973659399006,sMEL-ADMM,1.0,0.01,1.206463,36480.77081916475,36479.11128148835,0.004549282090752414,2.0061730054976579e-13,0.009739592635755301,29,converged,gap_residual_and_feasibility
870,0.6393794068973937,IPOPT,1.0,1.0e-10,13.07988166809082,36479.11128148835,36479.11128148835,0.0,1.1546319456101628e-14,NaN,34,INTERRUPTED,gap_and_residual
870,0.6393794068973937,MadNLP,1.0,0.01,17.779111862182617,36479.111281488345,36479.11128148835,1.994554515881442e-14,1.9539925233402755e-14,NaN,35,LOCALLY_SOLVED,residual_tolerance_upper_bound
870,0.6393794068973937,ADMM,1.0,0.01,72.00860977172852,36567.073674451975,36479.11128148835,0.2411308550936632,1.315281217273423e-12,1.153732711780667,6,converged,gap_callback_with_solver_termination
870,0.6393794068973937,MEL-ADMM,1.0,0.01,15.941619873046875,36480.799044680374,36479.11128148835,0.00462665655146591,5.685452109105427e-12,0.0008335216172676851,19,converged,gap_residual_and_feasibility
870,0.6393794068973937,sMEL-ADMM,1.0,0.01,1.153752,36480.70811010868,36479.11128148835,0.004377378078117254,1.9961809982760315e-13,0.009617681686981072,32,converged,gap_residual_and_feasibility
871,0.7098189355303404,IPOPT,1.0,1.0e-10,13.217926025390625,36479.111281571866,36479.11128148835,2.2893496733287194e-10,1.2434497875801753e-14,NaN,34,INTERRUPTED,gap_and_residual
871,0.7098189355303404,MadNLP,1.0,0.01,17.709016799926758,36479.11128148835,36479.11128148835,0.0,1.1546319456101628e-14,NaN,35,LOCALLY_SOLVED,residual_tolerance_upper_bound
871,0.7098189355303404,ADMM,1.0,0.01,75.09350776672363,36661.63829985753,36479.11128148835,0.5003603759990733,1.0095035918311623e-11,1.7643455501599643,6,converged,gap_callback_with_solver_termination
871,0.7098189355303404,MEL-ADMM,1.0,0.01,13.484954833984375,36480.649110951876,36479.11128148835,0.004215643993233258,1.5015766408055242e-12,0.008190118119254741,16,converged,gap_residual_and_feasibility
871,0.7098189355303404,sMEL-ADMM,1.0,0.01,1.0663719999999999,36480.7597544385,36479.11128148835,0.004518950413637886,2.0039525594484076e-13,0.005799514186223931,33,converged,gap_residual_and_feasibility
872,0.31159116703249196,IPOPT,1.0,1.0e-10,13.663053512573242,36479.1112815717,36479.11128148834,2.2851611088453692e-10,1.5987211554602254e-14,NaN,34,INTERRUPTED,gap_and_residual
872,0.31159116703249196,MadNLP,1.0,0.01,18.811941146850586,36479.11128148835,36479.11128148834,3.989109031762886e-14,1.2434497875801753e-14,NaN,35,LOCALLY_SOLVED,residual_tolerance_upper_bound
872,0.31159116703249196,ADMM,1.0,0.01,75.39534568786621,36551.01933541945,36479.11128148834,0.19712117813462515,8.827938380306932e-13,1.113430132534524,6,converged,gap_callback_with_solver_termination
872,0.31159116703249196,MEL-ADMM,1.0,0.01,13.341665267944336,36480.72024424557,36479.11128148834,0.0044106413251510535,2.0715651416480796e-12,0.008579349387959567,16,converged,gap_residual_and_feasibility
872,0.31159116703249196,sMEL-ADMM,1.0,0.01,1.356793,36479.441679412885,36479.11128148834,0.0009057181300198596,1.9950707752514063e-13,0.0058542662093419295,39,converged,gap_residual_and_feasibility
873,0.5742252375653354,IPOPT,1.0,1.0e-10,14.117002487182617,36479.111281572084,36479.11128148833,2.2959317032311294e-10,1.2434497875801753e-14,NaN,33,INTERRUPTED,gap_and_residual
873,0.5742252375653354,MadNLP,1.0,0.01,17.481088638305664,36479.11128148834,36479.11128148833,1.9945545158814434e-14,1.3322676295501878e-14,NaN,34,LOCALLY_SOLVED,residual_tolerance_upper_bound
873,0.5742252375653354,ADMM,1.0,0.01,71.76661491394043,36588.97205230533,36479.11128148833,0.30116076559340943,4.50417481090426e-13,1.1342369905946565,6,converged,gap_callback_with_solver_termination
873,0.5742252375653354,MEL-ADMM,1.0,0.01,15.204906463623047,36481.10332458272,36479.11128148833,0.005460777481715281,3.5484948313069253e-12,0.009822655529330149,18,converged,gap_residual_and_feasibility
873,0.5742252375653354,sMEL-ADMM,1.0,0.01,1.0971259999999998,36480.68765860019,36479.11128148833,0.004321314463212024,2.0039525594484076e-13,0.009298478805698451,32,converged,gap_residual_and_feasibility
874,0.4048638821513221,IPOPT,1.0,1.0e-10,14.65606689453125,36479.11128157198,36479.11128148833,2.2931393269088956e-10,1.509903313490213e-14,NaN,33,INTERRUPTED,gap_and_residual
874,0.4048638821513221,MadNLP,1.0,0.01,17.457008361816406,36479.11128148837,36479.11128148833,9.972772579407217e-14,1.509903313490213e-14,NaN,34,LOCALLY_SOLVED,residual_tolerance_upper_bound
874,0.4048638821513221,ADMM,1.0,0.01,71.49219512939453,36588.97205632036,36479.11128148833,0.30116077659978013,8.942846463355636e-13,1.134236994203583,6,converged,gap_callback_with_solver_termination
874,0.4048638821513221,MEL-ADMM,1.0,0.01,15.330314636230469,36481.103324588876,36479.11128148833,0.0054607774985892124,3.706868145769704e-12,0.009822655334037478,18,converged,gap_residual_and_feasibility
874,0.4048638821513221,sMEL-ADMM,1.0,0.01,1.37779,36479.96083722599,36479.11128148833,0.0023288827710290665,2.0067281170099704e-13,0.004378154908982523,35,converged,gap_residual_and_feasibility
875,0.4099896566656986,IPOPT,1.0,1.0e-10,12.832164764404297,36479.111281571975,36479.11128148838,2.2915436832961872e-10,1.5987211554602254e-14,NaN,33,INTERRUPTED,gap_and_residual
875,0.4099896566656986,MadNLP,1.0,0.01,17.531156539916992,36479.11128148834,36479.11128148838,1.1967327095288643e-13,1.1546319456101628e-14,NaN,34,LOCALLY_SOLVED,residual_tolerance_upper_bound
875,0.4099896566656986,ADMM,1.0,0.01,68.62449645996094,36588.97205726238,36479.11128148838,0.3011607791819898,5.743738817898247e-13,1.13423700332483,6,converged,gap_callback_with_solver_termination
875,0.4099896566656986,MEL-ADMM,1.0,0.01,14.90020751953125,36481.103324386975,36479.11128148838,0.005460776944980653,1.5545342790801442e-12,0.009822655219402954,18,converged,gap_residual_and_feasibility
875,0.4099896566656986,sMEL-ADMM,1.0,0.01,1.394378,36480.017040428786,36479.11128148838,0.0024829523214382468,2.003397447936095e-13,0.006916650592428297,35,converged,gap_residual_and_feasibility
876,0.2960190820855654,IPOPT,1.0,1.0e-10,13.934850692749023,36479.11128157161,36479.11128148834,2.2827676434263117e-10,1.1546319456101628e-14,NaN,34,INTERRUPTED,gap_and_residual
876,0.2960190820855654,MadNLP,1.0,0.01,17.540931701660156,36479.11128148834,36479.11128148834,0.0,1.2434497875801753e-14,NaN,35,LOCALLY_SOLVED,residual_tolerance_upper_bound
876,0.2960190820855654,ADMM,1.0,0.01,72.2813606262207,36555.85251866218,36479.11128148834,0.21037035848179292,1.0237921621580881e-12,1.114313577099665,6,converged,gap_callback_with_solver_termination
876,0.2960190820855654,MEL-ADMM,1.0,0.01,12.422800064086914,36480.70368268476,36479.11128148834,0.004365241203755781,1.46344047990965e-12,0.0066426977435245504,16,converged,gap_residual_and_feasibility
876,0.2960190820855654,sMEL-ADMM,1.0,0.01,1.2834560000000002,36479.437245477944,36479.11128148834,0.0008935634069883878,1.9989565558375944e-13,0.007361467060627902,39,converged,gap_residual_and_feasibility
877,0.6732095276236182,IPOPT,1.0,1.0e-10,12.913942337036133,36479.11134601791,36479.11128148836,1.7689452687483505e-7,1.4210854715202004e-14,NaN,33,INTERRUPTED,gap_and_residual
877,0.6732095276236182,MadNLP,1.0,0.01,18.069028854370117,36479.111281488345,36479.11128148836,3.9891090317628836e-14,1.1546319456101628e-14,NaN,35,LOCALLY_SOLVED,residual_tolerance_upper_bound
877,0.6732095276236182,ADMM,1.0,0.01,71.99430465698242,36565.558459706044,36479.11128148836,0.23697720470935002,3.2828184615141254e-12,1.1232011245415476,6,converged,gap_callback_with_solver_termination
877,0.6732095276236182,MEL-ADMM,1.0,0.01,13.295650482177734,36480.66742389449,36479.11128148836,0.004265845168548153,5.97599747464983e-12,0.006611743523822433,16,converged,gap_residual_and_feasibility
877,0.6732095276236182,sMEL-ADMM,1.0,0.01,1.151247,36480.72643023613,36479.11128148836,0.0044275989491793,2.0050627824730327e-13,0.009796747777107484,32,converged,gap_residual_and_feasibility
878,0.5729293517027763,IPOPT,1.0,1.0e-10,12.527227401733398,36479.11128157209,36479.11128148832,2.2963306141343062e-10,1.1546319456101628e-14,NaN,33,INTERRUPTED,gap_and_residual
878,0.5729293517027763,MadNLP,1.0,0.01,16.985177993774414,36479.11128148833,36479.11128148832,1.9945545158814437e-14,1.0658141036401503e-14,NaN,34,LOCALLY_SOLVED,residual_tolerance_upper_bound
878,0.5729293517027763,ADMM,1.0,0.01,67.81244277954102,36588.97205241406,36479.11128148832,0.3011607658914757,4.363176486776865e-13,1.134236992103527,6,converged,gap_callback_with_solver_termination
878,0.5729293517027763,MEL-ADMM,1.0,0.01,14.619588851928711,36481.10332463273,36479.11128148832,0.00546077761882096,4.778621942591599e-12,0.009822655413900705,18,converged,gap_residual_and_feasibility
878,0.5729293517027763,sMEL-ADMM,1.0,0.01,1.139586,36480.687263435655,36479.11128148832,0.00432023120072885,2.0039525594484076e-13,0.0092922066805734,32,converged,gap_residual_and_feasibility
879,0.3949554078806883,IPOPT,1.0,1.0e-10,12.460947036743164,36479.11128157191,36479.11128148836,2.2903469505866596e-10,1.1546319456101628e-14,NaN,33,INTERRUPTED,gap_and_residual
879,0.3949554078806883,MadNLP,1.0,0.01,18.67508888244629,36479.11128148836,36479.11128148836,0.0,1.509903313490213e-14,NaN,34,LOCALLY_SOLVED,residual_tolerance_upper_bound
879,0.3949554078806883,ADMM,1.0,0.01,69.09847259521484,36588.97205698407,36479.11128148836,0.3011607784191327,2.5180968421523175e-12,1.134236993999636,6,converged,gap_callback_with_solver_termination
879,0.3949554078806883,MEL-ADMM,1.0,0.01,14.869451522827148,36481.10332450779,36479.11128148836,0.00546077727623627,1.7109647032498287e-12,0.009822655623691112,18,converged,gap_residual_and_feasibility
879,0.3949554078806883,sMEL-ADMM,1.0,0.01,1.182415,36479.855132177094,36479.11128148836,0.002039114064468106,2.0050627824730327e-13,0.0066067826509161875,34,converged,gap_residual_and_feasibility
880,0.5587002415573697,IPOPT,1.0,1.0e-10,13.041973114013672,36479.111281572106,36479.111281488345,2.2961311586827168e-10,1.4210854715202004e-14,NaN,33,INTERRUPTED,gap_and_residual
880,0.5587002415573697,MadNLP,1.0,0.01,17.553091049194336,36479.11128148835,36479.111281488345,1.9945545158814427e-14,9.769962616701378e-15,NaN,34,LOCALLY_SOLVED,residual_tolerance_upper_bound
880,0.5587002415573697,ADMM,1.0,0.01,68.19295883178711,36588.97205168145,36479.111281488345,0.3011607638831187,9.829914660031136e-13,1.1342369914351957,6,converged,gap_callback_with_solver_termination
880,0.5587002415573697,MEL-ADMM,1.0,0.01,14.835357666015625,36481.10332448635,36479.111281488345,0.005460777217496642,9.676703882632864e-13,0.009822655300454564,18,converged,gap_residual_and_feasibility
880,0.5587002415573697,sMEL-ADMM,1.0,0.01,1.2810860000000002,36480.682965676475,36479.111281488345,0.004308449775548682,2.000621890374532e-13,0.009222727660191055,32,converged,gap_residual_and_feasibility
881,0.590086218047151,IPOPT,1.0,1.0e-10,12.544870376586914,36479.111281572004,36479.111281488345,2.2933387823604827e-10,1.2434497875801753e-14,NaN,33,INTERRUPTED,gap_and_residual
881,0.590086218047151,MadNLP,1.0,0.01,17.28200912475586,36479.11128148833,36479.111281488345,3.9891090317628855e-14,1.1546319456101628e-14,NaN,34,LOCALLY_SOLVED,residual_tolerance_upper_bound
881,0.590086218047151,ADMM,1.0,0.01,68.22395324707031,36595.89627493105,36479.111281488345,0.32014210143866734,4.452216373351803e-12,1.0658163733669372,6,converged,gap_callback_with_solver_termination
881,0.590086218047151,MEL-ADMM,1.0,0.01,14.478683471679688,36481.01496131025,36479.111281488345,0.005218547697646974,4.089284466601839e-12,0.00990652321455876,18,converged,gap_residual_and_feasibility
881,0.590086218047151,sMEL-ADMM,1.0,0.01,0.959832,36480.692538801515,36479.111281488345,0.004334692533949408,1.9950707752514063e-13,0.009374726601528494,32,converged,gap_residual_and_feasibility
882,0.5251103475500368,IPOPT,1.0,1.0e-10,12.493133544921875,36479.11128157216,36479.11128148835,2.2973278913922452e-10,1.3322676295501878e-14,NaN,33,INTERRUPTED,gap_and_residual
882,0.5251103475500368,MadNLP,1.0,0.01,17.084121704101562,36479.11128148834,36479.11128148835,3.989109031762884e-14,1.509903313490213e-14,NaN,34,LOCALLY_SOLVED,residual_tolerance_upper_bound
882,0.5251103475500368,ADMM,1.0,0.01,66.59626960754395,36588.97204758254,36479.11128148835,0.30116075264677583,1.2106982083537332e-12,1.1342369825039134,6,converged,gap_callback_with_solver_termination
882,0.5251103475500368,MEL-ADMM,1.0,0.01,14.330148696899414,36481.10332445701,36479.11128148835,0.005460777137056257,3.694822225952521e-13,0.009822655310590456,18,converged,gap_residual_and_feasibility
882,0.5251103475500368,sMEL-ADMM,1.0,0.01,0.946999,36480.67350525288,36479.11128148835,0.0042825159650259886,2.0061730054976579e-13,0.0090505010950519,32,converged,gap_residual_and_feasibility
883,0.38161661792650337,IPOPT,1.0,1.0e-10,13.553857803344727,36479.11128156392,36479.11128148833,2.0721426865492315e-10,1.509903313490213e-14,NaN,32,INTERRUPTED,gap_and_residual
883,0.38161661792650337,MadNLP,1.0,0.01,16.93582534790039,36479.11128148837,36479.11128148833,9.972772579407217e-14,1.509903313490213e-14,NaN,33,LOCALLY_SOLVED,residual_tolerance_upper_bound
883,0.38161661792650337,ADMM,1.0,0.01,69.41962242126465,36594.405294462886,36479.11128148833,0.3160548843553155,6.911693439803912e-13,1.0791113055732504,6,converged,gap_callback_with_solver_termination
883,0.38161661792650337,MEL-ADMM,1.0,0.01,14.697790145874023,36481.03671824409,36479.11128148833,0.0052781898684461405,4.133804409889308e-12,0.009901396312557154,18,converged,gap_residual_and_feasibility
883,0.38161661792650337,sMEL-ADMM,1.0,0.01,1.368544,36479.73081147458,36479.11128148833,0.001698314362626496,2.0017321133991572e-13,0.007641012698837102,33,converged,gap_residual_and_feasibility
884,0.731430754790833,IPOPT,1.0,1.0e-10,13.711929321289062,36479.11128157172,36479.111281488345,2.285560019748545e-10,1.4210854715202004e-14,NaN,34,INTERRUPTED,gap_and_residual
884,0.731430754790833,MadNLP,1.0,0.01,18.851041793823242,36479.111281488345,36479.111281488345,0.0,1.3322676295501878e-14,NaN,35,LOCALLY_SOLVED,residual_tolerance_upper_bound
884,0.731430754790833,ADMM,1.0,0.01,77.03709602355957,36796.93343150924,36479.111281488345,0.8712442240394662,5.4048987507826496e-12,2.265102688124639,6,converged,gap_callback_with_solver_termination
884,0.731430754790833,MEL-ADMM,1.0,0.01,14.918804168701172,36480.53655478237,36479.111281488345,0.00390709434510116,3.659295089164516e-13,0.005746131423998158,19,converged,gap_residual_and_feasibility
884,0.731430754790833,sMEL-ADMM,1.0,0.01,1.4680389999999999,36480.77421329582,36479.111281488345,0.004558586404820954,2.007283228522283e-13,0.005895767943487229,33,converged,gap_residual_and_feasibility
885,0.32039270974347606,IPOPT,1.0,1.0e-10,14.041900634765625,36479.111281571786,36479.11128148834,2.287554574264427e-10,1.4210854715202004e-14,NaN,34,INTERRUPTED,gap_and_residual
885,0.32039270974347606,MadNLP,1.0,0.01,18.335819244384766,36479.11128148833,36479.11128148834,1.994554515881443e-14,1.0658141036401503e-14,NaN,35,LOCALLY_SOLVED,residual_tolerance_upper_bound
885,0.32039270974347606,ADMM,1.0,0.01,71.9139575958252,36557.03730953988,36479.11128148834,0.21361821961679436,3.5089708916302698e-12,1.1394566475738799,6,converged,gap_callback_with_solver_termination
885,0.32039270974347606,MEL-ADMM,1.0,0.01,16.324520111083984,36480.7833221824,36479.11128148834,0.004583556548722764,2.5370816558734077e-12,0.0013830006774773196,19,converged,gap_residual_and_feasibility
885,0.32039270974347606,sMEL-ADMM,1.0,0.01,1.373959,36479.43723418211,36479.11128148834,0.0008935324417688752,1.9989565558375944e-13,0.00995306566621501,36,converged,gap_residual_and_feasibility
886,0.28157146109212045,IPOPT,1.0,1.0e-10,15.356063842773438,36479.11128157155,36479.11128148835,2.280773088910429e-10,1.0658141036401503e-14,NaN,34,INTERRUPTED,gap_and_residual
886,0.28157146109212045,MadNLP,1.0,0.01,18.12601089477539,36479.111281488345,36479.11128148835,1.994554515881442e-14,1.3322676295501878e-14,NaN,35,LOCALLY_SOLVED,residual_tolerance_upper_bound
886,0.28157146109212045,ADMM,1.0,0.01,77.4078369140625,36572.465176809055,36479.11128148835,0.2559105527553678,1.490751966315429e-12,1.1821660259332516,6,converged,gap_callback_with_solver_termination
886,0.28157146109212045,MEL-ADMM,1.0,0.01,13.52238655090332,36480.698208351365,36479.11128148835,0.004350234441751587,5.5485060990179136e-12,0.004923920562923456,16,converged,gap_residual_and_feasibility
886,0.28157146109212045,sMEL-ADMM,1.0,0.01,1.599209,36479.474021639304,36479.11128148835,0.000994377708799106,1.9961809982760315e-13,0.007822362230289315,39,converged,gap_residual_and_feasibility
887,0.5631712885367546,IPOPT,1.0,1.0e-10,12.716054916381836,36479.111281572106,36479.11128148832,2.2967295250374825e-10,1.2434497875801753e-14,NaN,33,INTERRUPTED,gap_and_residual
887,0.5631712885367546,MadNLP,1.0,0.01,17.611980438232422,36479.1112814883,36479.11128148832,5.983663547644332e-14,1.3322676295501878e-14,NaN,34,LOCALLY_SOLVED,residual_tolerance_upper_bound
887,0.5631712885367546,ADMM,1.0,0.01,68.2990550994873,36588.9720529114,36479.11128148832,0.30116076725483354,2.320144076861652e-12,1.1342369953023024,6,converged,gap_callback_with_solver_termination
887,0.5631712885367546,MEL-ADMM,1.0,0.01,15.35654067993164,36481.1033245358,36479.11128148832,0.005460777353106407,2.3386848013728923e-12,0.009822655212250453,18,converged,gap_residual_and_feasibility
887,0.5631712885367546,sMEL-ADMM,1.0,0.01,1.418667,36480.68430944285,36479.11128148832,0.004312133435450217,2.000621890374532e-13,0.00924461844598845,32,converged,gap_residual_and_feasibility
888,0.312184049819574,IPOPT,1.0,1.0e-10,13.035058975219727,36479.11128157173,36479.111281488316,2.2865572970064876e-10,1.2434497875801753e-14,NaN,34,INTERRUPTED,gap_and_residual
888,0.312184049819574,MadNLP,1.0,0.01,17.52018928527832,36479.11128148834,36479.111281488316,5.983663547644333e-14,1.0658141036401503e-14,NaN,35,LOCALLY_SOLVED,residual_tolerance_upper_bound
888,0.312184049819574,ADMM,1.0,0.01,72.36957550048828,36551.35553995215,36479.111281488316,0.1980428138897531,6.448175327022909e-13,1.1157794960472565,6,converged,gap_callback_with_solver_termination
888,0.312184049819574,MEL-ADMM,1.0,0.01,12.786626815795898,36480.7211522199,36479.111281488316,0.004413130350574519,3.5083047578154947e-13,0.008663075640381379,16,converged,gap_residual_and_feasibility
888,0.312184049819574,sMEL-ADMM,1.0,0.01,1.58279,36479.44240756516,36479.111281488316,0.0009077142101704907,1.999511667349907e-13,0.005844819222657449,39,converged,gap_residual_and_feasibility
889,0.6622456078004373,IPOPT,1.0,1.0e-10,12.955188751220703,36479.11134600575,36479.11128148834,1.7686125770551028e-7,1.4210854715202004e-14,NaN,33,INTERRUPTED,gap_and_residual
889,0.6622456078004373,MadNLP,1.0,0.01,18.527984619140625,36479.11128148835,36479.11128148834,3.989109031762886e-14,1.0658141036401503e-14,NaN,35,LOCALLY_SOLVED,residual_tolerance_upper_bound
889,0.6622456078004373,ADMM,1.0,0.01,72.98970222473145,36558.27603470495,36479.11128148834,0.21701393053613866,9.019451852054772e-13,1.1273327441949235,6,converged,gap_callback_with_solver_termination
889,0.6622456078004373,MEL-ADMM,1.0,0.01,12.833833694458008,36480.67741538842,36479.11128148834,0.00429323479948544,3.503863865716994e-13,0.008177137926753453,16,converged,gap_residual_and_feasibility
889,0.6622456078004373,sMEL-ADMM,1.0,0.01,1.138876,36480.719664216245,36479.11128148834,0.004409051293756009,2.0061730054976579e-13,0.009737467433144076,32,converged,gap_residual_and_feasibility
890,0.48395170823705663,IPOPT,1.0,1.0e-10,12.73202896118164,36479.111281572135,36479.11128148832,2.2975273468438352e-10,1.0658141036401503e-14,NaN,33,INTERRUPTED,gap_and_residual
890,0.48395170823705663,MadNLP,1.0,0.01,17.719030380249023,36479.11128148833,36479.11128148832,1.9945545158814437e-14,2.042810365310288e-14,NaN,34,LOCALLY_SOLVED,residual_tolerance_upper_bound
890,0.48395170823705663,ADMM,1.0,0.01,69.19455528259277,36588.97204801412,36479.11128148832,0.30116075382994584,8.853473509873311e-13,1.1342369893973796,6,converged,gap_callback_with_solver_termination
890,0.48395170823705663,MEL-ADMM,1.0,0.01,14.595508575439453,36481.10332439057,36479.11128148832,0.005460776954993325,1.5510925877038062e-12,0.00982265533279314,18,converged,gap_residual_and_feasibility
890,0.48395170823705663,sMEL-ADMM,1.0,0.01,0.9747939999999999,36480.66378480897,36479.11128148832,0.004255869362231385,2.0061730054976579e-13,0.008821716001490287,32,converged,gap_residual_and_feasibility
891,0.3623974996892698,IPOPT,1.0,1.0e-10,14.257192611694336,36479.11128157107,36479.11128148834,2.268007940008789e-10,1.3322676295501878e-14,NaN,33,INTERRUPTED,gap_and_residual
891,0.3623974996892698,MadNLP,1.0,0.01,17.58408546447754,36479.11128148835,36479.11128148834,3.989109031762886e-14,1.509903313490213e-14,NaN,34,LOCALLY_SOLVED,residual_tolerance_upper_bound
891,0.3623974996892698,ADMM,1.0,0.01,70.63579559326172,36591.694211934686,36479.11128148834,0.3086230077745315,1.716404796070492e-12,1.1514402578477458,6,converged,gap_callback_with_solver_termination
891,0.3623974996892698,MEL-ADMM,1.0,0.01,15.422821044921875,36480.97023170093,36479.11128148834,0.0050959306498618365,2.9859448247293585e-12,0.0013706700836007002,19,converged,gap_residual_and_feasibility
891,0.3623974996892698,sMEL-ADMM,1.0,0.01,1.4238339999999998,36479.64686397612,36479.11128148834,0.0014681895171499261,2.000621890374532e-13,0.006015551240205141,36,converged,gap_residual_and_feasibility
892,0.40506528612631926,IPOPT,1.0,1.0e-10,13.796091079711914,36479.111281571975,36479.11128148836,2.292142049650953e-10,1.2434497875801753e-14,NaN,33,INTERRUPTED,gap_and_residual
892,0.40506528612631926,MadNLP,1.0,0.01,17.812013626098633,36479.11128148835,36479.11128148836,1.9945545158814418e-14,1.2434497875801753e-14,NaN,34,LOCALLY_SOLVED,residual_tolerance_upper_bound
892,0.40506528612631926,ADMM,1.0,0.01,69.79012489318848,36588.97205674048,36479.11128148836,0.3011607777513758,3.7481129311345285e-13,1.1342369977052122,6,converged,gap_callback_with_solver_termination
892,0.40506528612631926,MEL-ADMM,1.0,0.01,14.83011245727539,36481.10332465508,36479.11128148836,0.005460777679993941,5.392963853267929e-12,0.00982265540356142,18,converged,gap_residual_and_feasibility
892,0.40506528612631926,sMEL-ADMM,1.0,0.01,1.210418,36479.96295325472,36479.11128148836,0.002334683429612402,1.9989565558375944e-13,0.004482957121172859,35,converged,gap_residual_and_feasibility
893,0.5957888893465587,IPOPT,1.0,1.0e-10,12.493133544921875,36479.111281571975,36479.11128148833,2.2929398714573074e-10,1.4210854715202004e-14,NaN,33,INTERRUPTED,gap_and_residual
893,0.5957888893465587,MadNLP,1.0,0.01,17.084836959838867,36479.1112814883,36479.11128148833,7.978218063525773e-14,1.3322676295501878e-14,NaN,34,LOCALLY_SOLVED,residual_tolerance_upper_bound
893,0.5957888893465587,ADMM,1.0,0.01,67.2304630279541,36598.06500360014,36479.11128148833,0.3260872261769497,4.122036045828281e-12,1.1147824754172646,6,converged,gap_callback_with_solver_termination
893,0.5957888893465587,MEL-ADMM,1.0,0.01,14.640092849731445,36480.97391507029,36479.11128148833,0.005106027851348475,1.184830011879967e-12,0.009920303880060821,18,converged,gap_residual_and_feasibility
893,0.5957888893465587,sMEL-ADMM,1.0,0.01,1.0937080000000001,36480.76349491143,36479.11128148833,0.004529204152888938,1.9961809982760315e-13,0.009965459669377452,29,converged,gap_residual_and_feasibility
894,0.6028670228263786,IPOPT,1.0,1.0e-10,13.974189758300781,36479.11128157195,36479.11128148832,2.2925409605541316e-10,1.2434497875801753e-14,NaN,33,INTERRUPTED,gap_and_residual
894,0.6028670228263786,MadNLP,1.0,0.01,17.316102981567383,36479.11128148834,36479.11128148832,3.9891090317628874e-14,1.2434497875801753e-14,NaN,34,LOCALLY_SOLVED,residual_tolerance_upper_bound
894,0.6028670228263786,ADMM,1.0,0.01,71.07019424438477,36598.043883590595,36479.11128148832,0.32602933000351114,1.8482992913959606e-12,1.1580633003876004,6,converged,gap_callback_with_solver_termination
894,0.6028670228263786,MEL-ADMM,1.0,0.01,14.409542083740234,36480.92108935454,36479.11128148832,0.004961216988675731,2.7599034169156766e-12,0.009963027680092829,18,converged,gap_residual_and_feasibility
894,0.6028670228263786,sMEL-ADMM,1.0,0.01,1.281,36480.76728778706,36479.11128148832,0.0045396015433469645,1.9972912213006566e-13,0.009849601936448238,29,converged,gap_residual_and_feasibility
895,0.6115082681322191,IPOPT,1.0,1.0e-10,12.592792510986328,36479.111281571524,36479.111281488316,2.2809725443620196e-10,1.1546319456101628e-14,NaN,33,INTERRUPTED,gap_and_residual
895,0.6115082681322191,MadNLP,1.0,0.01,17.15087890625,36479.11128148835,36479.111281488316,9.972772579407222e-14,1.2434497875801753e-14,NaN,34,LOCALLY_SOLVED,residual_tolerance_upper_bound
895,0.6115082681322191,ADMM,1.0,0.01,68.9249038696289,36588.799661008255,36479.111281488316,0.3006881902180595,1.818656336638469e-12,1.1406654701915144,6,converged,gap_callback_with_solver_termination
895,0.6115082681322191,MEL-ADMM,1.0,0.01,15.286922454833984,36480.93186275488,36479.111281488316,0.004990750055596345,2.5731639041737253e-12,0.0012592759478220472,19,converged,gap_residual_and_feasibility
895,0.6115082681322191,sMEL-ADMM,1.0,0.01,1.102707,36480.77196702974,36479.111281488316,0.0045524287272421795,1.992850329202156e-13,0.009756878870708974,29,converged,gap_residual_and_feasibility
896,0.5690908816803395,IPOPT,1.0,1.0e-10,13.535022735595703,36479.111281572106,36479.11128148834,2.2963306141343055e-10,1.1546319456101628e-14,NaN,33,INTERRUPTED,gap_and_residual
896,0.5690908816803395,MadNLP,1.0,0.01,18.468856811523438,36479.111281488345,36479.11128148834,1.994554515881443e-14,1.4210854715202004e-14,NaN,34,LOCALLY_SOLVED,residual_tolerance_upper_bound
896,0.5690908816803395,ADMM,1.0,0.01,68.70627403259277,36588.9720525875,36479.11128148834,0.3011607663668976,3.4994229736184934e-13,1.1342369946864261,6,converged,gap_callback_with_solver_termination
896,0.5690908816803395,MEL-ADMM,1.0,0.01,14.72330093383789,36481.10332463384,36479.11128148834,0.005460777621832735,4.856892665827672e-12,0.009822655484263976,18,converged,gap_residual_and_feasibility
896,0.5690908816803395,sMEL-ADMM,1.0,0.01,1.311998,36480.686096675854,36479.11128148834,0.004317032768051776,2.0017321133991572e-13,0.009273569888616606,32,converged,gap_residual_and_feasibility
897,0.38803587767798486,IPOPT,1.0,1.0e-10,12.614965438842773,36479.11128157188,36479.111281488345,2.2899480396834843e-10,1.1546319456101628e-14,NaN,33,INTERRUPTED,gap_and_residual
897,0.38803587767798486,MadNLP,1.0,0.01,17.557859420776367,36479.11128148832,36479.111281488345,5.983663547644328e-14,1.1546319456101628e-14,NaN,34,LOCALLY_SOLVED,residual_tolerance_upper_bound
897,0.38803587767798486,ADMM,1.0,0.01,69.53263282775879,36590.73273254601,36479.111281488345,0.3059873092750051,2.7193802765168584e-12,1.115229622719779,6,converged,gap_callback_with_solver_termination
897,0.38803587767798486,MEL-ADMM,1.0,0.01,14.695167541503906,36481.079399991126,36479.111281488345,0.005395193121875781,6.544209618652985e-13,0.009881371376271986,18,converged,gap_residual_and_feasibility
897,0.38803587767798486,sMEL-ADMM,1.0,0.01,1.134204,36479.795489000484,36479.111281488345,0.001875614531447577,2.003397447936095e-13,0.004686857303022762,34,converged,gap_residual_and_feasibility
898,0.6199912762545099,IPOPT,1.0,1.0e-10,12.514114379882812,36479.11128157011,36479.11128148834,2.241679820399154e-10,1.1546319456101628e-14,NaN,33,INTERRUPTED,gap_and_residual
898,0.6199912762545099,MadNLP,1.0,0.01,16.942977905273438,36479.11128148834,36479.11128148834,0.0,1.1546319456101628e-14,NaN,34,LOCALLY_SOLVED,residual_tolerance_upper_bound
898,0.6199912762545099,ADMM,1.0,0.01,69.02813911437988,36582.37642918125,36479.11128148834,0.2830802178706376,1.4314105456492143e-12,1.1610552713841296,6,converged,gap_callback_with_solver_termination
898,0.6199912762545099,MEL-ADMM,1.0,0.01,15.501737594604492,36480.886894342606,36479.11128148834,0.004867478378424397,5.041966844032686e-12,0.0010363370412154183,19,converged,gap_residual_and_feasibility
898,0.6199912762545099,sMEL-ADMM,1.0,0.01,1.0466259999999998,36480.77661827197,36479.11128148834,0.004565179153579005,2.0083934515469082e-13,0.00994012045419801,29,converged,gap_residual_and_feasibility
899,0.42347814224849917,IPOPT,1.0,1.0e-10,13.005971908569336,36479.11128157203,36479.11128148836,2.2937376932636582e-10,1.4210854715202004e-14,NaN,33,INTERRUPTED,gap_and_residual
899,0.42347814224849917,MadNLP,1.0,0.01,17.545223236083984,36479.11128148837,36479.11128148836,1.9945545158814418e-14,1.1546319456101628e-14,NaN,34,LOCALLY_SOLVED,residual_tolerance_upper_bound
899,0.42347814224849917,ADMM,1.0,0.01,68.59850883483887,36588.97205442348,36479.11128148836,0.30116077139979675,3.232969447708456e-13,1.1342369893545579,6,converged,gap_callback_with_solver_termination
899,0.42347814224849917,MEL-ADMM,1.0,0.01,14.679670333862305,36481.10332468513,36479.11128148836,0.005460777762369043,6.146971820442104e-12,0.009822655231722877,18,converged,gap_residual_and_feasibility
899,0.42347814224849917,sMEL-ADMM,1.0,0.01,1.266209,36480.17181837645,36479.11128148836,0.0029072443128062633,2.003397447936095e-13,0.006913397507243957,36,converged,gap_residual_and_feasibility
900,0.4710232419819081,IPOPT,1.0,1.0e-10,12.972116470336914,36479.11128157211,36479.11128148836,2.2959317032311276e-10,1.4210854715202004e-14,NaN,33,INTERRUPTED,gap_and_residual
900,0.4710232419819081,MadNLP,1.0,0.01,17.601966857910156,36479.11128148835,36479.11128148836,1.9945545158814418e-14,1.1546319456101628e-14,NaN,34,LOCALLY_SOLVED,residual_tolerance_upper_bound
900,0.4710232419819081,ADMM,1.0,0.01,69.091796875,36588.97205072717,36479.11128148836,0.3011607612671207,3.454292407667481e-12,1.134236992200611,6,converged,gap_callback_with_solver_termination
900,0.4710232419819081,MEL-ADMM,1.0,0.01,14.653921127319336,36481.10332465773,36479.11128148836,0.005460777687254119,5.4595772347454385e-12,0.009822655379214673,18,converged,gap_residual_and_feasibility
900,0.4710232419819081,sMEL-ADMM,1.0,0.01,1.052252,36480.620014814536,36479.11128148836,0.004135882901681099,2.0011770018868447e-13,0.00927075314894843,32,converged,gap_residual_and_feasibility
901,0.438429665236251,IPOPT,1.0,1.0e-10,12.545108795166016,36479.11128157206,36479.11128148836,2.2945355150700108e-10,1.1546319456101628e-14,NaN,33,INTERRUPTED,gap_and_residual
901,0.438429665236251,MadNLP,1.0,0.01,17.56906509399414,36479.11128148835,36479.11128148836,1.9945545158814418e-14,1.1546319456101628e-14,NaN,34,LOCALLY_SOLVED,residual_tolerance_upper_bound
901,0.438429665236251,ADMM,1.0,0.01,70.05620002746582,36588.97205632461,36479.11128148836,0.30116077661134827,3.2240876635114546e-13,1.1342370044193784,6,converged,gap_callback_with_solver_termination
901,0.438429665236251,MEL-ADMM,1.0,0.01,14.600038528442383,36481.10332455608,36479.11128148836,0.005460777408614854,2.715827562838058e-12,0.009822655323612928,18,converged,gap_residual_and_feasibility
901,0.438429665236251,sMEL-ADMM,1.0,0.01,1.222665,36480.26030420232,36479.11128148836,0.0031498100518185697,2.0067281170099704e-13,0.007666150970694119,34,converged,gap_residual_and_feasibility
902,0.3848476554730084,IPOPT,1.0,1.0e-10,12.616872787475586,36479.111281571866,36479.11128148834,2.2897485842318967e-10,1.2434497875801753e-14,NaN,33,INTERRUPTED,gap_and_residual
902,0.3848476554730084,MadNLP,1.0,0.01,17.637014389038086,36479.111281488345,36479.11128148834,1.994554515881443e-14,9.769962616701378e-15,NaN,34,LOCALLY_SOLVED,residual_tolerance_upper_bound
902,0.3848476554730084,ADMM,1.0,0.01,68.30406188964844,36592.98471349889,36479.11128148834,0.3121606530703411,3.3928415632544784e-13,1.087458322022548,6,converged,gap_callback_with_solver_termination
902,0.3848476554730084,MEL-ADMM,1.0,0.01,14.438152313232422,36481.05830009839,36479.11128148834,0.0053373520945386435,3.2746028111318992e-12,0.009906208535373828,18,converged,gap_residual_and_feasibility
902,0.3848476554730084,sMEL-ADMM,1.0,0.01,1.1485,36479.757275419,36479.11128148834,0.0017708598372201808,2.0050627824730327e-13,0.009931975127173587,33,converged,gap_residual_and_feasibility
903,0.648721621435964,IPOPT,1.0,1.0e-10,12.926816940307617,36479.11128157572,36479.11128148833,2.3956594290252015e-10,1.1546319456101628e-14,NaN,34,INTERRUPTED,gap_and_residual
903,0.648721621435964,MadNLP,1.0,0.01,17.66800880432129,36479.11128148831,36479.11128148833,5.98366354764433e-14,1.2434497875801753e-14,NaN,35,LOCALLY_SOLVED,residual_tolerance_upper_bound
903,0.648721621435964,ADMM,1.0,0.01,68.07875633239746,36560.81086298111,36479.11128148833,0.2239626422429835,8.240075288767912e-13,1.146486177722636,6,converged,gap_callback_with_solver_termination
903,0.648721621435964,MEL-ADMM,1.0,0.01,15.45262336730957,36480.757951571846,36479.11128148833,0.004514008224621865,2.6070257064247926e-12,0.0012858194655693822,19,converged,gap_residual_and_feasibility
903,0.648721621435964,sMEL-ADMM,1.0,0.01,1.171877,36480.71156090078,36479.11128148833,0.004386837716802314,1.999511667349907e-13,0.009666281431233159,32,converged,gap_residual_and_feasibility
904,0.7403600096067815,IPOPT,1.0,1.0e-10,12.990951538085938,36479.1112815719,36479.11128148835,2.2903469505866601e-10,1.0658141036401503e-14,NaN,34,INTERRUPTED,gap_and_residual
904,0.7403600096067815,MadNLP,1.0,0.01,18.146038055419922,36479.11128148833,36479.11128148835,5.983663547644327e-14,1.0658141036401503e-14,NaN,35,LOCALLY_SOLVED,residual_tolerance_upper_bound
904,0.7403600096067815,ADMM,1.0,0.01,88.10162544250488,36537.65059148068,36479.11128148835,0.16047350918340564,2.2639667918156192e-12,0.8508878588230493,7,converged,gap_callback_with_solver_termination
904,0.7403600096067815,MEL-ADMM,1.0,0.01,15.66624641418457,36480.523467164116,36479.11128148835,0.003871217324528163,5.079270337660091e-13,0.006183895249420424,19,converged,gap_residual_and_feasibility
904,0.7403600096067815,sMEL-ADMM,1.0,0.01,1.283001,36480.78014266578,36479.11128148835,0.004574840556153209,2.0106138975961585e-13,0.005936328292165172,33,converged,gap_residual_and_feasibility
905,0.3577835139701612,IPOPT,1.0,1.0e-10,12.588024139404297,36479.11128157022,36479.111281488345,2.2444721967213873e-10,1.1546319456101628e-14,NaN,33,INTERRUPTED,gap_and_residual
905,0.3577835139701612,MadNLP,1.0,0.01,17.116069793701172,36479.11128148835,36479.111281488345,1.9945545158814427e-14,1.5987211554602254e-14,NaN,34,LOCALLY_SOLVED,residual_tolerance_upper_bound
905,0.3577835139701612,ADMM,1.0,0.01,68.82977485656738,36586.96043172836,36479.111281488345,0.2956463204594101,1.1562417689958693e-12,1.1652858250027052,6,converged,gap_callback_with_solver_termination
905,0.3577835139701612,MEL-ADMM,1.0,0.01,16.610145568847656,36480.94384814014,36479.111281488345,0.005023605530439831,1.638245095136881e-12,0.0012544858303993323,19,converged,gap_residual_and_feasibility
905,0.3577835139701612,sMEL-ADMM,1.0,0.01,1.033959,36479.6247041233,36479.111281488345,0.0014074428266435412,2.0011770018868447e-13,0.009159111358096439,35,converged,gap_residual_and_feasibility
906,0.532180166040849,IPOPT,1.0,1.0e-10,12.674093246459961,36479.11128157214,36479.11128148834,2.297327891392246e-10,1.1546319456101628e-14,NaN,33,INTERRUPTED,gap_and_residual
906,0.532180166040849,MadNLP,1.0,0.01,17.22097396850586,36479.111281488316,36479.11128148834,5.983663547644329e-14,1.0658141036401503e-14,NaN,34,LOCALLY_SOLVED,residual_tolerance_upper_bound
906,0.532180166040849,ADMM,1.0,0.01,67.82412528991699,36588.9720474982,36479.11128148834,0.301160752415627,2.066458115734804e-12,1.1342369831558887,6,converged,gap_callback_with_solver_termination
906,0.532180166040849,MEL-ADMM,1.0,0.01,14.549732208251953,36481.10332455054,36479.11128148834,0.005460777393476188,2.6464386237989856e-12,0.009822655463313623,18,converged,gap_residual_and_feasibility
906,0.532180166040849,sMEL-ADMM,1.0,0.01,1.177624,36480.67535853424,36479.11128148834,0.004287596355707196,2.0095036745715333e-13,0.009088001319556227,32,converged,gap_residual_and_feasibility
907,0.42490022442652803,IPOPT,1.0,1.0e-10,14.545202255249023,36479.11128157204,36479.11128148832,2.2949344259731892e-10,1.7763568394002505e-14,NaN,33,INTERRUPTED,gap_and_residual
907,0.42490022442652803,MadNLP,1.0,0.01,17.064809799194336,36479.11128148833,36479.11128148832,1.9945545158814437e-14,1.2434497875801753e-14,NaN,34,LOCALLY_SOLVED,residual_tolerance_upper_bound
907,0.42490022442652803,ADMM,1.0,0.01,66.11514091491699,36588.97205594217,36479.11128148832,0.3011607755630706,3.1796787425264483e-13,1.1342369958062504,6,converged,gap_callback_with_solver_termination
907,0.42490022442652803,MEL-ADMM,1.0,0.01,14.35995101928711,36481.103324768796,36479.11128148832,0.0054607779918226,8.30174817778584e-12,0.009822655499173827,18,converged,gap_residual_and_feasibility
907,0.42490022442652803,sMEL-ADMM,1.0,0.01,1.245248,36480.18901676059,36479.11128148832,0.0029543901548176677,2.010058786083846e-13,0.007456543282154726,36,converged,gap_residual_and_feasibility
908,0.7129326947737706,IPOPT,1.0,1.0e-10,13.788938522338867,36479.11128157183,36479.11128148836,2.28815294061919e-10,1.509903313490213e-14,NaN,34,INTERRUPTED,gap_and_residual
908,0.7129326947737706,MadNLP,1.0,0.01,17.7609920501709,36479.11128148834,36479.11128148836,5.983663547644325e-14,1.509903313490213e-14,NaN,35,LOCALLY_SOLVED,residual_tolerance_upper_bound
908,0.7129326947737706,ADMM,1.0,0.01,75.35886764526367,36676.60499020374,36479.11128148836,0.5413884872124094,7.484235453603105e-12,1.8358702470596837,6,converged,gap_callback_with_solver_termination
908,0.7129326947737706,MEL-ADMM,1.0,0.01,13.173103332519531,36480.64903615198,36479.11128148836,0.004215438944651895,5.531242130984992e-12,0.008814322073481762,16,converged,gap_residual_and_feasibility
908,0.7129326947737706,sMEL-ADMM,1.0,0.01,1.3326639999999998,36480.76187845505,36479.11128148836,0.004524772969258464,1.999511667349907e-13,0.005812805936109555,33,converged,gap_residual_and_feasibility
909,0.42976407377533554,IPOPT,1.0,1.0e-10,12.810945510864258,36479.11128157204,36479.11128148834,2.294535515070012e-10,1.1546319456101628e-14,NaN,33,INTERRUPTED,gap_and_residual
909,0.42976407377533554,MadNLP,1.0,0.01,17.447948455810547,36479.11128148834,36479.11128148834,0.0,1.5987211554602254e-14,NaN,34,LOCALLY_SOLVED,residual_tolerance_upper_bound
909,0.42976407377533554,ADMM,1.0,0.01,69.30184364318848,36588.97205609115,36479.11128148834,0.30116077597143553,4.437006317914438e-13,1.1342370000950268,6,converged,gap_callback_with_solver_termination
909,0.42976407377533554,MEL-ADMM,1.0,0.01,14.479637145996094,36481.10332440548,36479.11128148834,0.005460776995821854,1.1783907183371412e-12,0.009822655296981786,18,converged,gap_residual_and_feasibility
909,0.42976407377533554,sMEL-ADMM,1.0,0.01,1.33604,36480.2457659325,36479.11128148834,0.003109956367655571,2.0078383400345956e-13,0.009400919132147578,36,converged,gap_residual_and_feasibility
910,0.5984486998377455,IPOPT,1.0,1.0e-10,13.80610466003418,36479.111281571946,36479.111281488345,2.2917431387477775e-10,1.3322676295501878e-14,NaN,33,INTERRUPTED,gap_and_residual
910,0.5984486998377455,MadNLP,1.0,0.01,17.827987670898438,36479.111281488345,36479.111281488345,0.0,1.4210854715202004e-14,NaN,34,LOCALLY_SOLVED,residual_tolerance_upper_bound
910,0.5984486998377455,ADMM,1.0,0.01,70.3592300415039,36599.444325945704,36479.111281488345,0.3298683554235121,3.5349501104064984e-13,1.1523460308931206,6,converged,gap_callback_with_solver_termination
910,0.5984486998377455,MEL-ADMM,1.0,0.01,14.603614807128906,36480.95381773631,36479.111281488345,0.005050935133104842,2.1729285037963564e-12,0.0099271620861483,18,converged,gap_residual_and_feasibility
910,0.5984486998377455,sMEL-ADMM,1.0,0.01,1.159541,36480.76491586567,36479.111281488345,0.004533099407400023,2.0017321133991572e-13,0.009922325670839172,29,converged,gap_residual_and_feasibility
911,0.30206898692696976,IPOPT,1.0,1.0e-10,12.784957885742188,36479.11128157167,36479.11128148833,2.2845627424906053e-10,1.1546319456101628e-14,NaN,34,INTERRUPTED,gap_and_residual
911,0.30206898692696976,MadNLP,1.0,0.01,17.55690574645996,36479.111281488345,36479.11128148833,3.989109031762887e-14,1.1546319456101628e-14,NaN,35,LOCALLY_SOLVED,residual_tolerance_upper_bound
911,0.30206898692696976,ADMM,1.0,0.01,71.49600982666016,36552.47943770699,36479.11128148833,0.20112374902042235,1.0858536292346344e-12,1.1138222889336173,6,converged,gap_callback_with_solver_termination
911,0.30206898692696976,MEL-ADMM,1.0,0.01,13.179302215576172,36480.710123937875,36479.11128148833,0.00438289857778364,5.178135698002961e-12,0.007427589727464046,16,converged,gap_residual_and_feasibility
911,0.30206898692696976,sMEL-ADMM,1.0,0.01,1.533251,36479.43496104164,36479.11128148833,0.0008873010935239538,2.0000667788622195e-13,0.006767952803675925,39,converged,gap_residual_and_feasibility
912,0.3137852994704594,IPOPT,1.0,1.0e-10,13.261795043945312,36479.11128157175,36479.111281488345,2.2863578415548976e-10,1.0658141036401503e-14,NaN,34,INTERRUPTED,gap_and_residual
912,0.3137852994704594,MadNLP,1.0,0.01,18.963098526000977,36479.111281488345,36479.111281488345,0.0,1.3322676295501878e-14,NaN,35,LOCALLY_SOLVED,residual_tolerance_upper_bound
912,0.3137852994704594,ADMM,1.0,0.01,73.92263412475586,36552.325173647616,36479.111281488345,0.20070086574840304,4.1588954502458364e-13,1.121856536583012,6,converged,gap_callback_with_solver_termination
912,0.3137852994704594,MEL-ADMM,1.0,0.01,13.049840927124023,36480.7245882734,36479.111281488345,0.0044225495862668385,6.409650588068416e-12,0.008930317578290214,16,converged,gap_residual_and_feasibility
912,0.3137852994704594,sMEL-ADMM,1.0,0.01,1.399706,36479.44456102619,36479.111281488345,0.0009136174817224014,2.0017321133991572e-13,0.005817429927940765,39,converged,gap_residual_and_feasibility
913,0.526920636181357,IPOPT,1.0,1.0e-10,12.804985046386719,36479.11128157213,36479.11128148834,2.2969289804890697e-10,9.769962616701378e-15,NaN,33,INTERRUPTED,gap_and_residual
913,0.526920636181357,MadNLP,1.0,0.01,16.952991485595703,36479.111281488345,36479.11128148834,1.994554515881443e-14,1.2434497875801753e-14,NaN,34,LOCALLY_SOLVED,residual_tolerance_upper_bound
913,0.526920636181357,ADMM,1.0,0.01,69.4890022277832,36588.97204738487,36479.11128148834,0.30116075210495524,1.2480017019811385e-12,1.1342369836024293,6,converged,gap_callback_with_solver_termination
913,0.526920636181357,MEL-ADMM,1.0,0.01,15.127182006835938,36481.10332451736,36479.11128148834,0.005460777302524502,1.7726931034189874e-12,0.009822655287526239,18,converged,gap_residual_and_feasibility
913,0.526920636181357,sMEL-ADMM,1.0,0.01,1.5101680000000002,36480.673978672006,36479.11128148834,0.0042838137464747145,2.0028423364237824e-13,0.009060105944374897,32,converged,gap_residual_and_feasibility
914,0.34971953202584777,IPOPT,1.0,1.0e-10,13.18812370300293,36479.11134600604,36479.11128148835,1.7686199569068106e-7,1.1546319456101628e-14,NaN,33,INTERRUPTED,gap_and_residual
914,0.34971953202584777,MadNLP,1.0,0.01,20.695924758911133,36479.11128148835,36479.11128148835,0.0,1.3322676295501878e-14,NaN,35,LOCALLY_SOLVED,residual_tolerance_upper_bound
914,0.34971953202584777,ADMM,1.0,0.01,77.93116569519043,36580.343603480316,36479.11128148835,0.27750764323947436,2.4401036746724003e-12,1.177948227140651,6,converged,gap_callback_with_solver_termination
914,0.34971953202584777,MEL-ADMM,1.0,0.01,15.588998794555664,36480.901310032874,36479.11128148835,0.004906996035919213,1.5337175973684225e-12,0.0010528795485811315,19,converged,gap_residual_and_feasibility
914,0.34971953202584777,sMEL-ADMM,1.0,0.01,1.41425,36479.58199925932,36479.11128148835,0.0012903762027862953,2.0045076709607201e-13,0.0073020034437298875,35,converged,gap_residual_and_feasibility
915,0.2660451743200934,IPOPT,1.0,1.0e-10,14.493942260742188,36479.111281571444,36479.11128148834,2.2781801680397842e-10,1.1546319456101628e-14,NaN,34,INTERRUPTED,gap_and_residual
915,0.2660451743200934,MadNLP,1.0,0.01,17.827987670898438,36479.111281488345,36479.11128148834,1.994554515881443e-14,1.3322676295501878e-14,NaN,35,LOCALLY_SOLVED,residual_tolerance_upper_bound
915,0.2660451743200934,ADMM,1.0,0.01,74.03159141540527,36607.58239736689,36479.11128148834,0.3521772087242273,2.3016588635016433e-12,1.5015500620102804,6,converged,gap_callback_with_solver_termination
915,0.2660451743200934,MEL-ADMM,1.0,0.01,13.069391250610352,36480.69017460383,36479.11128148834,0.0043282115710164245,7.451261829771738e-13,0.006271417805427504,16,converged,gap_residual_and_feasibility
915,0.2660451743200934,sMEL-ADMM,1.0,0.01,1.639708,36479.63794662936,36479.11128148834,0.0014437444403626798,2.0022872249114698e-13,0.008223557085999644,39,converged,gap_residual_and_feasibility
916,0.3669595363063312,IPOPT,1.0,1.0e-10,12.850046157836914,36479.11128157176,36479.11128148835,2.2863578415548974e-10,1.2434497875801753e-14,NaN,33,INTERRUPTED,gap_and_residual
916,0.3669595363063312,MadNLP,1.0,0.01,18.091917037963867,36479.111281488345,36479.11128148835,1.994554515881442e-14,1.4210854715202004e-14,NaN,34,LOCALLY_SOLVED,residual_tolerance_upper_bound
916,0.3669595363063312,ADMM,1.0,0.01,68.49384307861328,36597.817220441786,36479.11128148835,0.3254079794802231,1.5777934514460412e-12,1.1677861002911092,6,converged,gap_callback_with_solver_termination
916,0.3669595363063312,MEL-ADMM,1.0,0.01,14.739274978637695,36480.93403179682,36479.11128148835,0.004996696039017347,6.308620292827527e-12,0.009951321685242931,18,converged,gap_residual_and_feasibility
916,0.3669595363063312,sMEL-ADMM,1.0,0.01,1.3224580000000001,36479.6207055294,36479.11128148835,0.001396481501745576,1.9939605522267811e-13,0.009966729558399834,32,converged,gap_residual_and_feasibility
917,0.7098074788583117,IPOPT,1.0,1.0e-10,13.05699348449707,36479.11128157186,36479.11128148832,2.2899480396834856e-10,1.509903313490213e-14,NaN,34,INTERRUPTED,gap_and_residual
917,0.7098074788583117,MadNLP,1.0,0.01,17.427921295166016,36479.111281488345,36479.11128148832,5.983663547644332e-14,1.3322676295501878e-14,NaN,35,LOCALLY_SOLVED,residual_tolerance_upper_bound
917,0.7098074788583117,ADMM,1.0,0.01,72.6170539855957,36661.58601631882,36479.11128148832,0.5002170514035905,4.994116231671342e-12,1.7640809689486305,6,converged,gap_callback_with_solver_termination
917,0.7098074788583117,MEL-ADMM,1.0,0.01,12.978792190551758,36480.64911203792,36479.11128148832,0.004215646970484842,4.304334666471732e-13,0.008187821685241126,16,converged,gap_residual_and_feasibility
917,0.7098074788583117,sMEL-ADMM,1.0,0.01,1.026626,36480.7597466303,36479.11128148832,0.004518929009135939,2.0061730054976579e-13,0.0057994656224842345,33,converged,gap_residual_and_feasibility
918,0.5503094298555711,IPOPT,1.0,1.0e-10,13.08298110961914,36479.11128157213,36479.11128148833,2.2971284359406583e-10,1.1546319456101628e-14,NaN,33,INTERRUPTED,gap_and_residual
918,0.5503094298555711,MadNLP,1.0,0.01,17.54593849182129,36479.11128148833,36479.11128148833,0.0,1.0658141036401503e-14,NaN,34,LOCALLY_SOLVED,residual_tolerance_upper_bound
918,0.5503094298555711,ADMM,1.0,0.01,69.72360610961914,36588.972052200625,36479.11128148833,0.3011607653063731,3.4283687000424834e-13,1.1342369954880196,6,converged,gap_callback_with_solver_termination
918,0.5503094298555711,MEL-ADMM,1.0,0.01,14.534473419189453,36481.10332465925,36479.11128148833,0.005460777691502525,5.469513730815834e-12,0.009822655319187135,18,converged,gap_residual_and_feasibility
918,0.5503094298555711,sMEL-ADMM,1.0,0.01,1.069997,36480.68046635228,36479.11128148833,0.004301598391031678,2.0039525594484076e-13,0.009181243356604085,32,converged,gap_residual_and_feasibility
919,0.5001853205902966,IPOPT,1.0,1.0e-10,14.269828796386719,36479.111281572106,36479.11128148833,2.296530069585894e-10,1.4210854715202004e-14,NaN,33,INTERRUPTED,gap_and_residual
919,0.5001853205902966,MadNLP,1.0,0.01,17.55690574645996,36479.111281488375,36479.11128148833,1.196732709528866e-13,1.509903313490213e-14,NaN,34,LOCALLY_SOLVED,residual_tolerance_upper_bound
919,0.5001853205902966,ADMM,1.0,0.01,69.98705863952637,36588.97204780603,36479.11128148833,0.30116075325950314,4.0234482412415673e-13,1.1342369874347886,6,converged,gap_callback_with_solver_termination
919,0.5001853205902966,MEL-ADMM,1.0,0.01,14.788150787353516,36481.10332472143,36479.11128148833,0.005460777861957154,7.0429218013146055e-12,0.00982265520707859,18,converged,gap_residual_and_feasibility
919,0.5001853205902966,sMEL-ADMM,1.0,0.01,1.33925,36480.66724340686,36479.11128148833,0.004265350398816417,2.0028423364237824e-13,0.008912287044909206,32,converged,gap_residual_and_feasibility
920,0.7211341561152502,IPOPT,1.0,1.0e-10,14.09006118774414,36479.111281571786,36479.11128148835,2.2871556633612497e-10,1.687538997430238e-14,NaN,34,INTERRUPTED,gap_and_residual
920,0.7211341561152502,MadNLP,1.0,0.01,18.501996994018555,36479.111281488375,36479.11128148835,5.983663547644327e-14,1.4210854715202004e-14,NaN,35,LOCALLY_SOLVED,residual_tolerance_upper_bound
920,0.7211341561152502,ADMM,1.0,0.01,75.20461082458496,36723.258714656484,36479.11128148835,0.6692801019306243,5.058953256309451e-12,2.0213081088189213,6,converged,gap_callback_with_solver_termination
920,0.7211341561152502,MEL-ADMM,1.0,0.01,15.757560729980469,36480.55894075437,36479.11128148835,0.0039684608949028055,2.5845992013273644e-13,0.005202351405454664,19,converged,gap_residual_and_feasibility
920,0.7211341561152502,sMEL-ADMM,1.0,0.01,1.2068750000000001,36480.76738066461,36479.11128148835,0.004539856148031458,2.0028423364237824e-13,0.00584968927778462,33,converged,gap_residual_and_feasibility
921,0.5853392935547325,IPOPT,1.0,1.0e-10,13.607978820800781,36479.11128157206,36479.11128148835,2.2947349705215992e-10,1.2434497875801753e-14,NaN,33,INTERRUPTED,gap_and_residual
921,0.5853392935547325,MadNLP,1.0,0.01,18.297910690307617,36479.11128148834,36479.11128148835,3.989109031762884e-14,1.0658141036401503e-14,NaN,34,LOCALLY_SOLVED,residual_tolerance_upper_bound
921,0.5853392935547325,ADMM,1.0,0.01,69.6256160736084,36594.09095042557,36479.11128148835,0.31519317466366975,5.848654893725325e-13,1.0789957370796603,6,converged,gap_callback_with_solver_termination
921,0.5853392935547325,MEL-ADMM,1.0,0.01,14.698982238769531,36481.04807835307,36479.11128148835,0.005309331276672523,3.432365502931134e-12,0.009912425228157495,18,converged,gap_residual_and_feasibility
921,0.5853392935547325,sMEL-ADMM,1.0,0.01,1.298376,36480.69107056381,36479.11128148835,0.00433066766145817,2.0050627824730327e-13,0.00935197841756974,32,converged,gap_residual_and_feasibility
922,0.4001024222285051,IPOPT,1.0,1.0e-10,12.760162353515625,36479.11128157194,36479.11128148834,2.291743138747778e-10,1.4210854715202004e-14,NaN,33,INTERRUPTED,gap_and_residual
922,0.4001024222285051,MadNLP,1.0,0.01,16.95704460144043,36479.11128148837,36479.11128148834,7.978218063525772e-14,1.1546319456101628e-14,NaN,34,LOCALLY_SOLVED,residual_tolerance_upper_bound
922,0.4001024222285051,ADMM,1.0,0.01,67.54183769226074,36588.97205728901,36479.11128148834,0.30116077925511053,2.0073942508247455e-12,1.1342370003898683,6,converged,gap_callback_with_solver_termination
922,0.4001024222285051,MEL-ADMM,1.0,0.01,14.520406723022461,36481.10332446852,36479.11128148834,0.005460777168630058,6.87894186057747e-13,0.009822655709824879,18,converged,gap_residual_and_feasibility
922,0.4001024222285051,sMEL-ADMM,1.0,0.01,1.050214,36479.90792184031,36479.11128148834,0.002183826096605571,2.0022872249114698e-13,0.009842876808832557,34,converged,gap_residual_and_feasibility
923,0.6794937394150021,IPOPT,1.0,1.0e-10,12.545108795166016,36479.11134601023,36479.11128148832,1.7687356410687333e-7,1.1546319456101628e-14,NaN,33,INTERRUPTED,gap_and_residual
923,0.6794937394150021,MadNLP,1.0,0.01,17.742156982421875,36479.11128148834,36479.11128148832,3.9891090317628874e-14,1.0658141036401503e-14,NaN,35,LOCALLY_SOLVED,residual_tolerance_upper_bound
923,0.6794937394150021,ADMM,1.0,0.01,71.91085815429688,36573.57998228416,36479.11128148832,0.258966563266506,1.8182122474286189e-12,1.1223200839953824,6,converged,gap_callback_with_solver_termination
923,0.6794937394150021,MEL-ADMM,1.0,0.01,12.974023818969727,36480.66156583031,36479.11128148832,0.004249786487467784,3.8957725934096743e-13,0.005665853287923461,16,converged,gap_residual_and_feasibility
923,0.6794937394150021,sMEL-ADMM,1.0,0.01,1.021084,36480.73031616074,36479.11128148832,0.004438251414418381,1.9895196601282805e-13,0.009831869535199544,32,converged,gap_residual_and_feasibility
924,0.27112963584422706,IPOPT,1.0,1.0e-10,12.829065322875977,36479.11128157147,36479.111281488345,2.278778534394548e-10,1.2434497875801753e-14,NaN,34,INTERRUPTED,gap_and_residual
924,0.27112963584422706,MadNLP,1.0,0.01,17.452001571655273,36479.11128148832,36479.111281488345,5.983663547644328e-14,1.3322676295501878e-14,NaN,35,LOCALLY_SOLVED,residual_tolerance_upper_bound
924,0.27112963584422706,ADMM,1.0,0.01,72.19696044921875,36593.82465402037,36479.111281488345,0.31446317769872856,5.086209231563998e-12,1.389815082060136,6,converged,gap_callback_with_solver_termination
924,0.27112963584422706,MEL-ADMM,1.0,0.01,13.017416000366211,36480.69399377699,36479.111281488345,0.004338681050738099,1.1386447340555605e-12,0.005366006202043749,16,converged,gap_residual_and_feasibility
924,0.27112963584422706,sMEL-ADMM,1.0,0.01,1.216456,36479.5673877541,36479.111281488345,0.0012503217587529992,1.9972912213006566e-13,0.008064506869054355,39,converged,gap_residual_and_feasibility
925,0.6679121372656048,IPOPT,1.0,1.0e-10,13.426065444946289,36479.11128155838,36479.11128148831,1.9207559987938312e-10,1.2434497875801753e-14,NaN,34,INTERRUPTED,gap_and_residual
925,0.6679121372656048,MadNLP,1.0,0.01,17.602920532226562,36479.111281488345,36479.11128148831,9.972772579407223e-14,1.1546319456101628e-14,NaN,35,LOCALLY_SOLVED,residual_tolerance_upper_bound
925,0.6679121372656048,ADMM,1.0,0.01,73.80509376525879,36560.993733293784,36479.11128148831,0.2244639436899532,8.40549851943706e-13,1.1237122139325022,6,converged,gap_callback_with_solver_termination
925,0.6679121372656048,MEL-ADMM,1.0,0.01,12.816905975341797,36480.67273138317,36479.11128148831,0.004280394560094027,2.098099471936621e-12,0.007369797965623093,16,converged,gap_residual_and_feasibility
925,0.6679121372656048,sMEL-ADMM,1.0,0.01,1.23225,36480.723161546404,36479.11128148831,0.004418638507000118,1.999511667349907e-13,0.009767648006254959,32,converged,gap_residual_and_feasibility
926,0.5425066694505695,IPOPT,1.0,1.0e-10,13.000011444091797,36479.11128157212,36479.111281488316,2.2973278913922475e-10,1.0658141036401503e-14,NaN,33,INTERRUPTED,gap_and_residual
926,0.5425066694505695,MadNLP,1.0,0.01,17.532825469970703,36479.11128148834,36479.111281488316,5.983663547644333e-14,1.509903313490213e-14,NaN,34,LOCALLY_SOLVED,residual_tolerance_upper_bound
926,0.5425066694505695,ADMM,1.0,0.01,68.55177879333496,36588.97204719777,36479.111281488316,0.3011607515921155,2.113642594281373e-12,1.1342369826538103,6,converged,gap_callback_with_solver_termination
926,0.5425066694505695,MEL-ADMM,1.0,0.01,14.503002166748047,36481.10332451203,36479.111281488316,0.0054607772879642575,1.628142065612792e-12,0.009822655335383068,18,converged,gap_residual_and_feasibility
926,0.5425066694505695,sMEL-ADMM,1.0,0.01,1.02763,36480.678180901334,36479.111281488316,0.004295333296160973,1.9972912213006566e-13,0.009141720029759881,32,converged,gap_residual_and_feasibility
927,0.3064836869078528,IPOPT,1.0,1.0e-10,13.945817947387695,36479.1112815717,36479.11128148834,2.2851611088453692e-10,1.1546319456101628e-14,NaN,34,INTERRUPTED,gap_and_residual
927,0.3064836869078528,MadNLP,1.0,0.01,18.01896095275879,36479.11128148834,36479.11128148834,0.0,1.1546319456101628e-14,NaN,35,LOCALLY_SOLVED,residual_tolerance_upper_bound
927,0.3064836869078528,ADMM,1.0,0.01,73.40836524963379,36551.269073944786,36479.11128148834,0.1978057850687421,1.9223511671384585e-12,1.1135073889318026,6,converged,gap_callback_with_solver_termination
927,0.3064836869078528,MEL-ADMM,1.0,0.01,13.198137283325195,36480.714953745824,36479.11128148834,0.004396138505435908,7.329914453180209e-12,0.007971559706808407,16,converged,gap_residual_and_feasibility
927,0.3064836869078528,sMEL-ADMM,1.0,0.01,1.7185869999999999,36479.43691912608,36479.11128148834,0.0008926687802963743,1.9989565558375944e-13,0.006181747296087892,39,converged,gap_residual_and_feasibility
928,0.611793938011277,IPOPT,1.0,1.0e-10,13.821840286254883,36479.111281571495,36479.11128148834,2.2795763562009012e-10,1.1546319456101628e-14,NaN,33,INTERRUPTED,gap_and_residual
928,0.611793938011277,MadNLP,1.0,0.01,17.960071563720703,36479.11128148835,36479.11128148834,3.989109031762886e-14,1.2434497875801753e-14,NaN,34,LOCALLY_SOLVED,residual_tolerance_upper_bound
928,0.611793938011277,ADMM,1.0,0.01,71.31743431091309,36588.573919778624,36479.11128148834,0.30006936694708886,1.9839685450051547e-12,1.1413816325828172,6,converged,gap_callback_with_solver_termination
928,0.611793938011277,MEL-ADMM,1.0,0.01,15.421390533447266,36480.93023033426,36479.11128148834,0.00498627510930562,3.113065361048939e-12,0.0012517700137095744,19,converged,gap_residual_and_feasibility
928,0.611793938011277,sMEL-ADMM,1.0,0.01,1.1216679999999999,36480.77212260542,36479.11128148834,0.004552855206000268,2.0050627824730327e-13,0.0097630033273024,29,converged,gap_residual_and_feasibility
929,0.3702572405331903,IPOPT,1.0,1.0e-10,12.363910675048828,36479.11134600653,36479.11128148834,1.7686339187884227e-7,1.3322676295501878e-14,NaN,32,INTERRUPTED,gap_and_residual
929,0.3702572405331903,MadNLP,1.0,0.01,16.956090927124023,36479.11128148835,36479.11128148834,3.989109031762886e-14,1.3322676295501878e-14,NaN,34,LOCALLY_SOLVED,residual_tolerance_upper_bound
929,0.3702572405331903,ADMM,1.0,0.01,66.90263748168945,36598.90532255175,36479.11128148834,0.3283907881939042,3.1168956304838957e-12,1.1635558364466831,6,converged,gap_callback_with_solver_termination
929,0.3702572405331903,MEL-ADMM,1.0,0.01,14.31894302368164,36480.957745639585,36479.11128148834,0.005061702674166713,4.51522152999928e-12,0.009929959847424286,18,converged,gap_residual_and_feasibility
929,0.3702572405331903,sMEL-ADMM,1.0,0.01,1.234917,36479.66134031568,36479.11128148834,0.001507873432272223,2.0017321133991572e-13,0.008388579642762295,33,converged,gap_residual_and_feasibility
930,0.45049537998358874,IPOPT,1.0,1.0e-10,13.396978378295898,36479.11128157207,36479.111281488345,2.295133881424776e-10,1.5987211554602254e-14,NaN,33,INTERRUPTED,gap_and_residual
930,0.45049537998358874,MadNLP,1.0,0.01,17.587900161743164,36479.11128148834,36479.111281488345,1.9945545158814427e-14,1.2434497875801753e-14,NaN,34,LOCALLY_SOLVED,residual_tolerance_upper_bound
930,0.45049537998358874,ADMM,1.0,0.01,69.40698623657227,36588.972054864236,36479.111281488345,0.30116077260807805,4.799494135454552e-13,1.1342369961251295,6,converged,gap_callback_with_solver_termination
930,0.45049537998358874,MEL-ADMM,1.0,0.01,14.501571655273438,36481.10332472152,36479.111281488345,0.005460777862156607,7.051637052057913e-12,0.009822655447329076,18,converged,gap_residual_and_feasibility
930,0.45049537998358874,sMEL-ADMM,1.0,0.01,1.35329,36480.411984927676,36479.111281488345,0.0035656116435886,2.0061730054976579e-13,0.009258561431058965,36,converged,gap_residual_and_feasibility
931,0.6223001688445022,IPOPT,1.0,1.0e-10,12.537956237792969,36479.111281569734,36479.11128148832,2.2317070478197476e-10,1.2434497875801753e-14,NaN,33,INTERRUPTED,gap_and_residual
931,0.6223001688445022,MadNLP,1.0,0.01,17.014026641845703,36479.11128148833,36479.11128148832,1.9945545158814437e-14,1.7763568394002505e-14,NaN,34,LOCALLY_SOLVED,residual_tolerance_upper_bound
931,0.6223001688445022,ADMM,1.0,0.01,69.32902336120605,36580.76333456686,36479.11128148832,0.2786582499067596,8.125722317231521e-13,1.1665232176584155,6,converged,gap_callback_with_solver_termination
931,0.6223001688445022,MEL-ADMM,1.0,0.01,14.881372451782227,36480.875327235655,36479.11128148832,0.004835769527715646,1.2427836537654002e-12,0.0009760987379756614,19,converged,gap_residual_and_feasibility
931,0.6223001688445022,sMEL-ADMM,1.0,0.01,0.866378,36480.77789411217,36479.11128148832,0.004568676607794764,2.0050627824730327e-13,0.009990400011803402,29,converged,gap_residual_and_feasibility
932,0.5036589840060844,IPOPT,1.0,1.0e-10,13.64898681640625,36479.11128157213,36479.111281488345,2.2967295250374813e-10,1.509903313490213e-14,NaN,33,INTERRUPTED,gap_and_residual
932,0.5036589840060844,MadNLP,1.0,0.01,17.377138137817383,36479.11128148834,36479.111281488345,1.9945545158814427e-14,1.0658141036401503e-14,NaN,34,LOCALLY_SOLVED,residual_tolerance_upper_bound
932,0.5036589840060844,ADMM,1.0,0.01,69.38529014587402,36588.97204819557,36479.111281488345,0.3011607543272878,5.633271626948044e-13,1.1342369899586906,6,converged,gap_callback_with_solver_termination
932,0.5036589840060844,MEL-ADMM,1.0,0.01,14.588594436645508,36481.10332453314,36479.111281488345,0.005460777345766443,2.107647389948397e-12,0.009822655226579435,18,converged,gap_residual_and_feasibility
932,0.5036589840060844,sMEL-ADMM,1.0,0.01,1.075379,36480.6679558771,36479.111281488345,0.0042673034897750895,1.999511667349907e-13,0.00893206845371175,32,converged,gap_residual_and_feasibility
933,0.5581902826406613,IPOPT,1.0,1.0e-10,13.520956039428711,36479.111281572106,36479.11128148832,2.2967295250374825e-10,1.3322676295501878e-14,NaN,33,INTERRUPTED,gap_and_residual
933,0.5581902826406613,MadNLP,1.0,0.01,17.431020736694336,36479.11128148833,36479.11128148832,1.9945545158814437e-14,9.769962616701378e-15,NaN,34,LOCALLY_SOLVED,residual_tolerance_upper_bound
933,0.5581902826406613,ADMM,1.0,0.01,69.51069831848145,36588.97205213488,36479.11128148832,0.30116076512616513,1.859401521642212e-12,1.1342369928735403,6,converged,gap_callback_with_solver_termination
933,0.5581902826406613,MEL-ADMM,1.0,0.01,14.814615249633789,36481.103324671276,36479.11128148832,0.005460777724492457,5.817457626733358e-12,0.009822655436670935,18,converged,gap_residual_and_feasibility
933,0.5581902826406613,sMEL-ADMM,1.0,0.01,1.0655370000000002,36480.68281266383,36479.11128148832,0.004308030322828277,2.0017321133991572e-13,0.009220232002050466,32,converged,gap_residual_and_feasibility
934,0.5307189278240935,IPOPT,1.0,1.0e-10,12.70604133605957,36479.11128157214,36479.11128148832,2.2977268022954233e-10,1.3322676295501878e-14,NaN,33,INTERRUPTED,gap_and_residual
934,0.5307189278240935,MadNLP,1.0,0.01,17.344951629638672,36479.11128148831,36479.11128148832,3.9891090317628874e-14,1.2434497875801753e-14,NaN,34,LOCALLY_SOLVED,residual_tolerance_upper_bound
934,0.5307189278240935,ADMM,1.0,0.01,66.72477722167969,36588.972047686955,36479.11128148832,0.30116075293309436,1.2675416272145412e-12,1.1342369855958792,6,converged,gap_callback_with_solver_termination
934,0.5307189278240935,MEL-ADMM,1.0,0.01,14.559507369995117,36481.10332460599,36479.11128148832,0.005460777545521081,4.090616734231389e-12,0.009822655403796787,18,converged,gap_residual_and_feasibility
934,0.5307189278240935,sMEL-ADMM,1.0,0.01,1.0186279999999999,36480.674974012945,36479.11128148832,0.0042865422695076445,2.0017321133991572e-13,0.009080292659183087,32,converged,gap_residual_and_feasibility
935,0.6735668924574718,IPOPT,1.0,1.0e-10,12.958049774169922,36479.11134601754,36479.11128148833,1.7689358943421274e-7,1.3322676295501878e-14,NaN,33,INTERRUPTED,gap_and_residual
935,0.6735668924574718,MadNLP,1.0,0.01,17.98391342163086,36479.11128148834,36479.11128148833,1.9945545158814434e-14,1.2434497875801753e-14,NaN,35,LOCALLY_SOLVED,residual_tolerance_upper_bound
935,0.6735668924574718,ADMM,1.0,0.01,71.6097354888916,36565.929141644054,36479.11128148833,0.23799335319821627,2.614242156084856e-12,1.123185308501518,6,converged,gap_callback_with_solver_termination
935,0.6735668924574718,MEL-ADMM,1.0,0.01,13.329505920410156,36480.667054913436,36479.11128148833,0.004264833682761993,3.3494318429916348e-12,0.006558757533566606,16,converged,gap_residual_and_feasibility
935,0.6735668924574718,sMEL-ADMM,1.0,0.01,1.2961699999999998,36480.72665094788,36479.11128148833,0.004428203985244587,2.0039525594484076e-13,0.009798734168004586,32,converged,gap_residual_and_feasibility
936,0.669857374606101,IPOPT,1.0,1.0e-10,13.199090957641602,36479.11128155896,36479.111281488345,1.93571515766294e-10,1.3322676295501878e-14,NaN,34,INTERRUPTED,gap_and_residual
936,0.669857374606101,MadNLP,1.0,0.01,17.58599281311035,36479.11128148831,36479.111281488345,9.972772579407213e-14,1.5987211554602254e-14,NaN,35,LOCALLY_SOLVED,residual_tolerance_upper_bound
936,0.669857374606101,ADMM,1.0,0.01,71.28143310546875,36562.47722048207,36479.111281488345,0.2285306194836732,1.1840528557627295e-12,1.1232614668192964,6,converged,gap_callback_with_solver_termination
936,0.669857374606101,MEL-ADMM,1.0,0.01,12.904882431030273,36480.67105185326,36479.111281488345,0.004275790473299556,3.043787444312329e-12,0.007095970021889109,16,converged,gap_residual_and_feasibility
936,0.669857374606101,sMEL-ADMM,1.0,0.01,1.055377,36480.7243614691,36479.111281488345,0.004421927848819262,2.0017321133991572e-13,0.009778212056613,32,converged,gap_residual_and_feasibility
937,0.6397095030183244,IPOPT,1.0,1.0e-10,13.51618766784668,36479.11128148836,36479.11128148836,0.0,1.0658141036401503e-14,NaN,34,INTERRUPTED,gap_and_residual
937,0.6397095030183244,MadNLP,1.0,0.01,18.13220977783203,36479.11128148836,36479.11128148836,0.0,1.0658141036401503e-14,NaN,35,LOCALLY_SOLVED,residual_tolerance_upper_bound
937,0.6397095030183244,ADMM,1.0,0.01,71.66600227355957,36566.834111601645,36479.11128148836,0.24047414268505266,1.2033707363912072e-12,1.152903410577676,6,converged,gap_callback_with_solver_termination
937,0.6397095030183244,MEL-ADMM,1.0,0.01,15.308856964111328,36480.79755292922,36479.11128148836,0.004622567221694367,1.226352353000948e-12,0.0008490130377127869,19,converged,gap_residual_and_feasibility
937,0.6397095030183244,sMEL-ADMM,1.0,0.01,1.343043,36480.70823158109,36479.11128148836,0.004377711069791502,1.9950707752514063e-13,0.009619390235169334,32,converged,gap_residual_and_feasibility
938,0.3765206276984674,IPOPT,1.0,1.0e-10,12.634992599487305,36479.11128157185,36479.111281488345,2.2891502178771317e-10,1.0658141036401503e-14,NaN,32,INTERRUPTED,gap_and_residual
938,0.3765206276984674,MadNLP,1.0,0.01,16.972064971923828,36479.11128148834,36479.111281488345,1.9945545158814427e-14,1.1546319456101628e-14,NaN,33,LOCALLY_SOLVED,residual_tolerance_upper_bound
938,0.3765206276984674,ADMM,1.0,0.01,69.44847106933594,36595.960975810776,36479.111281488345,0.3203194656272433,6.250000517127319e-13,1.0679935555850202,6,converged,gap_callback_with_solver_termination
938,0.3765206276984674,MEL-ADMM,1.0,0.01,14.710187911987305,36481.00284310505,36479.111281488345,0.005185328124116841,1.0052181309561092e-11,0.009909035826201062,18,converged,gap_residual_and_feasibility
938,0.3765206276984674,sMEL-ADMM,1.0,0.01,1.286458,36479.69549501161,36479.111281488345,0.001601501524417394,2.003397447936095e-13,0.007072894658566753,33,converged,gap_residual_and_feasibility
939,0.3091273568345448,IPOPT,1.0,1.0e-10,14.200925827026367,36479.111281571684,36479.11128148834,2.284762197942193e-10,1.1546319456101628e-14,NaN,34,INTERRUPTED,gap_and_residual
939,0.3091273568345448,MadNLP,1.0,0.01,18.764019012451172,36479.11128148832,36479.11128148834,3.989109031762886e-14,1.1546319456101628e-14,NaN,35,LOCALLY_SOLVED,residual_tolerance_upper_bound
939,0.3091273568345448,ADMM,1.0,0.01,73.77767562866211,36550.905664615806,36479.11128148834,0.19680957294565618,2.779165786392923e-12,1.1133360067901377,6,converged,gap_callback_with_solver_termination
939,0.3091273568345448,MEL-ADMM,1.0,0.01,12.784481048583984,36480.71756797957,36479.11128148834,0.004403304890944885,1.3324341630038816e-12,0.008289119435776371,16,converged,gap_residual_and_feasibility
939,0.3091273568345448,sMEL-ADMM,1.0,0.01,1.425041,36479.43906092161,36479.11128148834,0.0008985400733751335,1.9989565558375944e-13,0.005879172795726362,39,converged,gap_residual_and_feasibility
940,0.5774708866887683,IPOPT,1.0,1.0e-10,12.490034103393555,36479.11128157208,36479.11128148832,2.29593170323113e-10,1.5987211554602254e-14,NaN,33,INTERRUPTED,gap_and_residual
940,0.5774708866887683,MadNLP,1.0,0.01,16.946077346801758,36479.111281488316,36479.11128148832,1.9945545158814437e-14,1.3322676295501878e-14,NaN,34,LOCALLY_SOLVED,residual_tolerance_upper_bound
940,0.5774708866887683,ADMM,1.0,0.01,67.15106964111328,36588.972050303615,36479.11128148832,0.30116076010613074,2.3077095789858504e-12,1.134236985679797,6,converged,gap_callback_with_solver_termination
940,0.5774708866887683,MEL-ADMM,1.0,0.01,14.619112014770508,36481.10299658228,36479.11128148832,0.005459878335821483,3.6060043839825084e-13,0.00982341210051274,18,converged,gap_residual_and_feasibility
940,0.5774708866887683,sMEL-ADMM,1.0,0.01,1.348627,36480.68865091863,36479.11128148832,0.004324034700666038,2.0039525594484076e-13,0.009314150899866647,32,converged,gap_residual_and_feasibility
941,0.7249479280048622,IPOPT,1.0,1.0e-10,13.89002799987793,36479.11128157175,36479.11128148833,2.286756752458075e-10,1.2434497875801753e-14,NaN,34,INTERRUPTED,gap_and_residual
941,0.7249479280048622,MadNLP,1.0,0.01,17.762184143066406,36479.11128148836,36479.11128148833,7.978218063525773e-14,1.9539925233402755e-14,NaN,35,LOCALLY_SOLVED,residual_tolerance_upper_bound
941,0.7249479280048622,ADMM,1.0,0.01,78.67145538330078,36748.40809173786,36479.11128148833,0.7382219598814239,9.745537710159624e-13,2.1120149123279073,6,converged,gap_callback_with_solver_termination
941,0.7249479280048622,MEL-ADMM,1.0,0.01,15.95163345336914,36480.55050605348,36479.11128148833,0.003945338892829231,2.0373702724896248e-12,0.005410083507897845,19,converged,gap_residual_and_feasibility
941,0.7249479280048622,sMEL-ADMM,1.0,0.01,1.632795,36480.76991220703,36479.11128148833,0.004546795852300034,2.0083934515469082e-13,0.005866709988795904,33,converged,gap_residual_and_feasibility
942,0.26287492878328766,IPOPT,1.0,1.0e-10,13.108015060424805,36479.11128157145,36479.11128148832,2.2787785343945497e-10,1.509903313490213e-14,NaN,34,INTERRUPTED,gap_and_residual
942,0.26287492878328766,MadNLP,1.0,0.01,17.817020416259766,36479.111281488345,36479.11128148832,5.983663547644332e-14,1.5987211554602254e-14,NaN,35,LOCALLY_SOLVED,residual_tolerance_upper_bound
942,0.26287492878328766,ADMM,1.0,0.01,74.493408203125,36617.57363272229,36479.11128148832,0.37956613077970375,9.497236330702208e-12,1.5732584951361823,6,converged,gap_callback_with_solver_termination
942,0.26287492878328766,MEL-ADMM,1.0,0.01,13.536453247070312,36480.688264903016,36479.11128148832,0.00432297651805042,1.381394998389851e-12,0.00685093325354913,16,converged,gap_residual_and_feasibility
942,0.26287492878328766,sMEL-ADMM,1.0,0.01,1.251959,36479.6829486025,36479.11128148832,0.0015671081177578584,1.999511667349907e-13,0.008133046394382504,39,converged,gap_residual_and_feasibility
943,0.3405441753754078,IPOPT,1.0,1.0e-10,13.482093811035156,36479.11134600378,36479.11128148836,1.7685579262613665e-7,1.1546319456101628e-14,NaN,33,INTERRUPTED,gap_and_residual
943,0.3405441753754078,MadNLP,1.0,0.01,18.093109130859375,36479.11128148832,36479.11128148836,9.972772579407209e-14,1.2434497875801753e-14,NaN,35,LOCALLY_SOLVED,residual_tolerance_upper_bound
943,0.3405441753754078,ADMM,1.0,0.01,73.04072380065918,36572.34146834415,36479.11128148836,0.25557143137722765,1.952382699954569e-12,1.1676472225858738,6,converged,gap_callback_with_solver_termination
943,0.3405441753754078,MEL-ADMM,1.0,0.01,15.426874160766602,36480.85869776885,36479.11128148836,0.004790183255843862,3.769151657451175e-12,0.000696936582059493,19,converged,gap_residual_and_feasibility
943,0.3405441753754078,sMEL-ADMM,1.0,0.01,1.23221,36479.53945652264,36479.11128148836,0.0011737540176732242,2.000621890374532e-13,0.007698373924194257,35,converged,gap_residual_and_feasibility
944,0.6909912661293705,IPOPT,1.0,1.0e-10,12.991905212402344,36479.11128157195,36479.11128148835,2.2917431387477772e-10,1.2434497875801753e-14,NaN,34,INTERRUPTED,gap_and_residual
944,0.6909912661293705,MadNLP,1.0,0.01,17.856121063232422,36479.11128148833,36479.11128148835,5.983663547644327e-14,1.1546319456101628e-14,NaN,35,LOCALLY_SOLVED,residual_tolerance_upper_bound
944,0.6909912661293705,ADMM,1.0,0.01,72.0968246459961,36596.39276829928,36479.11128148835,0.3215031361535463,5.914380096783134e-12,1.330739367539925,6,converged,gap_callback_with_solver_termination
944,0.6909912661293705,MEL-ADMM,1.0,0.01,13.177633285522461,36480.65715604753,36479.11128148835,0.004237697972536568,3.566036355096003e-13,0.0049484751669197635,16,converged,gap_residual_and_feasibility
944,0.6909912661293705,sMEL-ADMM,1.0,0.01,1.096208,36480.73741500779,36479.11128148835,0.004457711447211218,2.0095036745715333e-13,0.009901038363317127,32,converged,gap_residual_and_feasibility
945,0.48435965142488047,IPOPT,1.0,1.0e-10,13.642072677612305,36479.11128157213,36479.11128148835,2.2965300695858926e-10,1.1546319456101628e-14,NaN,33,INTERRUPTED,gap_and_residual
945,0.48435965142488047,MadNLP,1.0,0.01,17.024993896484375,36479.11128148834,36479.11128148835,3.989109031762884e-14,1.2434497875801753e-14,NaN,34,LOCALLY_SOLVED,residual_tolerance_upper_bound
945,0.48435965142488047,ADMM,1.0,0.01,68.1910514831543,36588.97204783877,36479.11128148835,0.30116075334917813,1.6827095272731185e-12,1.134236987112362,6,converged,gap_callback_with_solver_termination
945,0.48435965142488047,MEL-ADMM,1.0,0.01,14.791011810302734,36481.10332448773,36479.11128148835,0.005460777221266349,1.0064726829739357e-12,0.009822655340676612,18,converged,gap_residual_and_feasibility
945,0.48435965142488047,sMEL-ADMM,1.0,0.01,1.196295,36480.663876149934,36479.11128148835,0.0042561197546760335,2.0083934515469082e-13,0.008823898081624648,32,converged,gap_residual_and_feasibility
946,0.7014645208965749,IPOPT,1.0,1.0e-10,13.799905776977539,36479.11128157188,36479.11128148836,2.289549128780307e-10,1.3322676295501878e-14,NaN,34,INTERRUPTED,gap_and_residual
946,0.7014645208965749,MadNLP,1.0,0.01,18.232107162475586,36479.11128148835,36479.11128148836,1.9945545158814418e-14,1.1546319456101628e-14,NaN,35,LOCALLY_SOLVED,residual_tolerance_upper_bound
946,0.7014645208965749,ADMM,1.0,0.01,74.27549362182617,36627.49203483051,36479.11128148836,0.4067553954294019,3.3091307471977416e-12,1.5695876846223418,6,converged,gap_callback_with_solver_termination
946,0.7014645208965749,MEL-ADMM,1.0,0.01,13.23843002319336,36480.651197456005,36479.11128148836,0.004221363716244919,3.710254325994811e-12,0.006536684194720976,16,converged,gap_residual_and_feasibility
946,0.7014645208965749,sMEL-ADMM,1.0,0.01,1.315419,36480.744100758006,36479.11128148836,0.0044760390598499586,1.9950707752514063e-13,0.009967474881062088,32,converged,gap_residual_and_feasibility
947,0.49681101510473563,IPOPT,1.0,1.0e-10,13.209819793701172,36479.11128157213,36479.111281488316,2.2975273468438357e-10,1.4210854715202004e-14,NaN,33,INTERRUPTED,gap_and_residual
947,0.49681101510473563,MadNLP,1.0,0.01,17.256975173950195,36479.111281488345,36479.111281488316,7.978218063525777e-14,1.1546319456101628e-14,NaN,34,LOCALLY_SOLVED,residual_tolerance_upper_bound
947,0.49681101510473563,ADMM,1.0,0.01,67.06619262695312,36588.97204691318,36479.111281488316,0.30116075081196547,1.9259593919684903e-12,1.134236980398982,6,converged,gap_callback_with_solver_termination
947,0.49681101510473563,MEL-ADMM,1.0,0.01,14.775991439819336,36481.10332461355,36479.111281488316,0.005460777566264449,4.215849891409107e-12,0.009822655255189439,18,converged,gap_residual_and_feasibility
947,0.49681101510473563,sMEL-ADMM,1.0,0.01,1.243747,36480.66654993043,36479.111281488316,0.00426344937548398,2.0056178939853453e-13,0.008893043322775185,32,converged,gap_residual_and_feasibility
948,0.6574849395447647,IPOPT,1.0,1.0e-10,13.514041900634766,36479.111346011385,36479.11128148833,1.7687671550300837e-7,1.3322676295501878e-14,NaN,33,INTERRUPTED,gap_and_residual
948,0.6574849395447647,MadNLP,1.0,0.01,18.233060836791992,36479.111281488345,36479.11128148833,3.989109031762887e-14,1.509903313490213e-14,NaN,35,LOCALLY_SOLVED,residual_tolerance_upper_bound
948,0.6574849395447647,ADMM,1.0,0.01,72.1273422241211,36558.028615113144,36479.11128148833,0.21633568048260135,9.71889235756862e-13,1.132332528813599,6,converged,gap_callback_with_solver_termination
948,0.6574849395447647,MEL-ADMM,1.0,0.01,13.039588928222656,36480.68623030439,36479.11128148833,0.004317399083286852,2.66076050081665e-12,0.008967196548621104,16,converged,gap_residual_and_feasibility
948,0.6574849395447647,sMEL-ADMM,1.0,0.01,1.20729,36480.716730837215,36479.11128148833,0.00440101003693935,2.0028423364237824e-13,0.009712303827640767,32,converged,gap_residual_and_feasibility
949,0.5627509897891084,IPOPT,1.0,1.0e-10,13.104915618896484,36479.111281572106,36479.111281488345,2.2961311586827168e-10,1.2434497875801753e-14,NaN,33,INTERRUPTED,gap_and_residual
949,0.5627509897891084,MadNLP,1.0,0.01,17.108917236328125,36479.111281488316,36479.111281488345,7.978218063525771e-14,1.1546319456101628e-14,NaN,34,LOCALLY_SOLVED,residual_tolerance_upper_bound
949,0.5627509897891084,ADMM,1.0,0.01,67.03901290893555,36588.97205197588,36479.111281488345,0.3011607646902351,2.275957200481571e-12,1.134236994811081,6,converged,gap_callback_with_solver_termination
949,0.5627509897891084,MEL-ADMM,1.0,0.01,14.533042907714844,36481.10332450203,36479.111281488345,0.005460777260479292,1.4066525722000733e-12,0.009822655352454746,18,converged,gap_residual_and_feasibility
949,0.5627509897891084,sMEL-ADMM,1.0,0.01,1.2473759999999998,36480.684183160265,36479.111281488345,0.004311787257596552,2.0028423364237824e-13,0.009242551392661724,32,converged,gap_residual_and_feasibility
950,0.4002722719871718,IPOPT,1.0,1.0e-10,14.052867889404297,36479.111281571946,36479.111281488345,2.2917431387477775e-10,1.2434497875801753e-14,NaN,33,INTERRUPTED,gap_and_residual
950,0.4002722719871718,MadNLP,1.0,0.01,17.416000366210938,36479.11128148835,36479.111281488345,1.9945545158814427e-14,1.0658141036401503e-14,NaN,34,LOCALLY_SOLVED,residual_tolerance_upper_bound
950,0.4002722719871718,ADMM,1.0,0.01,69.36979293823242,36588.97205710997,36479.111281488345,0.3011607787642905,2.4278912214015236e-12,1.1342369967342005,6,converged,gap_callback_with_solver_termination
950,0.4002722719871718,MEL-ADMM,1.0,0.01,14.682769775390625,36481.103324570475,36479.111281488345,0.005460777448107035,3.3624769635309804e-12,0.009822655631348098,18,converged,gap_residual_and_feasibility
950,0.4002722719871718,sMEL-ADMM,1.0,0.01,1.410336,36479.90977492984,36479.111281488345,0.002188905961362641,2.003397447936095e-13,0.009964817520048186,34,converged,gap_residual_and_feasibility
951,0.5578389277974436,IPOPT,1.0,1.0e-10,13.840913772583008,36479.11128157213,36479.111281488316,2.2975273468438357e-10,1.4210854715202004e-14,NaN,33,INTERRUPTED,gap_and_residual
951,0.5578389277974436,MadNLP,1.0,0.01,18.023967742919922,36479.11128148837,36479.111281488316,1.396188161117011e-13,1.5987211554602254e-14,NaN,34,LOCALLY_SOLVED,residual_tolerance_upper_bound
951,0.5578389277974436,ADMM,1.0,0.01,69.7011947631836,36588.972050555,36479.111281488316,0.3011607607952693,8.710809851208978e-13,1.1342369824208314,6,converged,gap_callback_with_solver_termination
951,0.5578389277974436,MEL-ADMM,1.0,0.01,14.38760757446289,36481.103324653865,36479.111281488316,0.005460777676782715,5.366040944920769e-12,0.00982265533521609,18,converged,gap_residual_and_feasibility
951,0.5578389277974436,sMEL-ADMM,1.0,0.01,1.1091689999999998,36480.68270731924,36479.111281488316,0.0043077415422699186,2.007283228522283e-13,0.00921851076857827,32,converged,gap_residual_and_feasibility
952,0.42394163494434134,IPOPT,1.0,1.0e-10,12.574911117553711,36479.111281572004,36479.11128148835,2.2931393269088943e-10,1.1546319456101628e-14,NaN,33,INTERRUPTED,gap_and_residual
952,0.42394163494434134,MadNLP,1.0,0.01,16.94488525390625,36479.11128148834,36479.11128148835,3.989109031762884e-14,1.3322676295501878e-14,NaN,34,LOCALLY_SOLVED,residual_tolerance_upper_bound
952,0.42394163494434134,ADMM,1.0,0.01,66.84160232543945,36588.972054316015,36479.11128148835,0.30116077110522105,1.145639139110699e-12,1.1342369908499697,6,converged,gap_callback_with_solver_termination
952,0.42394163494434134,MEL-ADMM,1.0,0.01,14.603137969970703,36481.103324490105,36479.11128148835,0.0054607772277685965,1.0149658891123181e-12,0.009822655334552621,18,converged,gap_residual_and_feasibility
952,0.42394163494434134,sMEL-ADMM,1.0,0.01,1.139416,36480.177399870256,36479.11128148835,0.0029225448330588467,1.996736109788344e-13,0.007090835255224803,36,converged,gap_residual_and_feasibility
953,0.392998933725164,IPOPT,1.0,1.0e-10,12.40992546081543,36479.11128157192,36479.111281488345,2.290945316941425e-10,8.881784197001252e-15,NaN,33,INTERRUPTED,gap_and_residual
953,0.392998933725164,MadNLP,1.0,0.01,17.56882667541504,36479.11128148833,36479.111281488345,3.9891090317628855e-14,1.4210854715202004e-14,NaN,34,LOCALLY_SOLVED,residual_tolerance_upper_bound
953,0.392998933725164,ADMM,1.0,0.01,69.45157051086426,36588.97205807262,36479.111281488345,0.3011607814032058,3.0895286329268856e-12,1.134237000371182,6,converged,gap_callback_with_solver_termination
953,0.392998933725164,MEL-ADMM,1.0,0.01,14.64390754699707,36481.10332452548,36479.111281488345,0.0054607773247637836,2.119915354370505e-12,0.0098226557488017,18,converged,gap_residual_and_feasibility
953,0.392998933725164,sMEL-ADMM,1.0,0.01,1.077665,36479.83673915843,36479.111281488345,0.0019886933771196148,2.003397447936095e-13,0.005640070511098827,34,converged,gap_residual_and_feasibility
954,0.717925996200018,IPOPT,1.0,1.0e-10,13.696908950805664,36479.1112815718,36479.11128148836,2.2873551188128376e-10,1.1546319456101628e-14,NaN,34,INTERRUPTED,gap_and_residual
954,0.717925996200018,MadNLP,1.0,0.01,17.904996871948242,36479.11128148833,36479.11128148836,7.978218063525767e-14,1.2434497875801753e-14,NaN,35,LOCALLY_SOLVED,residual_tolerance_upper_bound
954,0.717925996200018,ADMM,1.0,0.01,75.2875804901123,36703.90282055051,36479.11128148836,0.6162198890415996,1.3365308859647484e-11,1.948692297608615,6,converged,gap_callback_with_solver_termination
954,0.717925996200018,MEL-ADMM,1.0,0.01,13.120651245117188,36480.64978647521,36479.11128148836,0.004217495801850511,1.131206239790572e-12,0.009809043541925355,16,converged,gap_residual_and_feasibility
954,0.717925996200018,sMEL-ADMM,1.0,0.01,0.930207,36480.76523941773,36479.11128148836,0.00453398635894653,2.0050627824730327e-13,0.005835285739239637,33,converged,gap_residual_and_feasibility
955,0.6480428362197537,IPOPT,1.0,1.0e-10,13.410091400146484,36479.11128157571,36479.11128148834,2.395061062670437e-10,1.5987211554602254e-14,NaN,34,INTERRUPTED,gap_and_residual
955,0.6480428362197537,MadNLP,1.0,0.01,17.995119094848633,36479.11128148837,36479.11128148834,7.978218063525772e-14,1.7763568394002505e-14,NaN,35,LOCALLY_SOLVED,residual_tolerance_upper_bound
955,0.6480428362197537,ADMM,1.0,0.01,70.42336463928223,36561.176163552285,36479.11128148834,0.22496403881854363,1.0393907956540716e-12,1.1475465114944035,6,converged,gap_callback_with_solver_termination
955,0.6480428362197537,MEL-ADMM,1.0,0.01,15.63715934753418,36480.76085792333,36479.11128148834,0.004521975390958545,3.369748924342275e-12,0.0012520590715050517,19,converged,gap_residual_and_feasibility
955,0.6480428362197537,sMEL-ADMM,1.0,0.01,1.164169,36480.7113005792,36479.11128148834,0.004386124098565428,2.0128343436454088e-13,0.009662733604359985,32,converged,gap_residual_and_feasibility
956,0.6796245984709455,IPOPT,1.0,1.0e-10,13.725996017456055,36479.11134601007,36479.11128148834,1.7687308541378945e-7,1.3322676295501878e-14,NaN,33,INTERRUPTED,gap_and_residual
956,0.6796245984709455,MadNLP,1.0,0.01,18.390893936157227,36479.11128148834,36479.11128148834,0.0,1.3322676295501878e-14,NaN,35,LOCALLY_SOLVED,residual_tolerance_upper_bound
956,0.6796245984709455,ADMM,1.0,0.01,72.30734825134277,36573.779413966025,36479.11128148834,0.2595132643095051,3.254507774386184e-12,1.1222925776979498,6,converged,gap_callback_with_solver_termination
956,0.6796245984709455,MEL-ADMM,1.0,0.01,13.026952743530273,36480.66151332605,36479.11128148834,0.004249642557761159,2.4380497620768438e-12,0.005645670115455914,16,converged,gap_residual_and_feasibility
956,0.6796245984709455,sMEL-ADMM,1.0,0.01,1.146334,36480.7303971479,36479.11128148834,0.004438473424053087,2.0106138975961585e-13,0.009832608358083306,32,converged,gap_residual_and_feasibility
957,0.6182986539414073,IPOPT,1.0,1.0e-10,13.691902160644531,36479.1112815704,36479.111281488345,2.249259127559503e-10,1.4210854715202004e-14,NaN,33,INTERRUPTED,gap_and_residual
957,0.6182986539414073,MadNLP,1.0,0.01,17.019033432006836,36479.111281488316,36479.111281488345,7.978218063525771e-14,9.769962616701378e-15,NaN,34,LOCALLY_SOLVED,residual_tolerance_upper_bound
957,0.6182986539414073,ADMM,1.0,0.01,67.75140762329102,36583.58957241957,36479.111281488345,0.2864058011858571,9.083844787483031e-13,1.1570677436076888,6,converged,gap_callback_with_solver_termination
957,0.6182986539414073,MEL-ADMM,1.0,0.01,15.338659286499023,36480.89543261711,36479.111281488345,0.004890884306350532,7.491784970170556e-13,0.0010810401654577362,19,converged,gap_residual_and_feasibility
957,0.6182986539414073,sMEL-ADMM,1.0,0.01,1.006664,36480.77568523666,36479.111281488345,0.004562621428657237,2.007283228522283e-13,0.009903340745379907,29,converged,gap_residual_and_feasibility
958,0.5436491921669948,IPOPT,1.0,1.0e-10,12.685060501098633,36479.11128157213,36479.11128148832,2.297327891392247e-10,1.687538997430238e-14,NaN,33,INTERRUPTED,gap_and_residual
958,0.5436491921669948,MadNLP,1.0,0.01,17.31109619140625,36479.11128148835,36479.11128148832,7.978218063525775e-14,1.2434497875801753e-14,NaN,34,LOCALLY_SOLVED,residual_tolerance_upper_bound
958,0.5436491921669948,ADMM,1.0,0.01,68.82119178771973,36588.97204757859,36479.11128148832,0.30116075263602543,3.632649736573512e-13,1.1342369850376928,6,converged,gap_callback_with_solver_termination
958,0.5436491921669948,MEL-ADMM,1.0,0.01,14.735937118530273,36481.10332446618,36479.11128148832,0.00546077716226743,4.767297667740422e-13,0.009822655166161098,18,converged,gap_residual_and_feasibility
958,0.5436491921669948,sMEL-ADMM,1.0,0.01,1.0882509999999999,36480.6785130479,36479.11128148832,0.004296243807804279,2.0039525594484076e-13,0.009147571975182345,32,converged,gap_residual_and_feasibility
959,0.35344366190683235,IPOPT,1.0,1.0e-10,12.970924377441406,36479.11134600655,36479.11128148834,1.7686345171547773e-7,1.3322676295501878e-14,NaN,33,INTERRUPTED,gap_and_residual
959,0.35344366190683235,MadNLP,1.0,0.01,17.594099044799805,36479.11128148834,36479.11128148834,0.0,1.2434497875801753e-14,NaN,35,LOCALLY_SOLVED,residual_tolerance_upper_bound
959,0.35344366190683235,ADMM,1.0,0.01,67.49439239501953,36583.53424121346,36479.11128148834,0.28625412203535644,1.1096124019616127e-12,1.1763357507643368,6,converged,gap_callback_with_solver_termination
959,0.35344366190683235,MEL-ADMM,1.0,0.01,15.51198959350586,36480.92060282232,36479.11128148834,0.004959883260368242,2.875144566871768e-12,0.0011573036375445156,19,converged,gap_residual_and_feasibility
959,0.35344366190683235,sMEL-ADMM,1.0,0.01,1.372916,36479.54426950863,36479.11128148834,0.001186947831464434,1.9984014443252818e-13,0.009962121348809916,31,converged,gap_residual_and_feasibility
960,0.5889426419191459,IPOPT,1.0,1.0e-10,12.579917907714844,36479.11128157202,36479.11128148832,2.2943360596184247e-10,1.1546319456101628e-14,NaN,33,INTERRUPTED,gap_and_residual
960,0.5889426419191459,MadNLP,1.0,0.01,17.59505271911621,36479.11128148833,36479.11128148832,1.9945545158814437e-14,1.5987211554602254e-14,NaN,34,LOCALLY_SOLVED,residual_tolerance_upper_bound
960,0.5889426419191459,ADMM,1.0,0.01,69.84329223632812,36595.584567712765,36479.11128148832,0.3192876200455775,2.5114355040045666e-12,1.0722118097194686,6,converged,gap_callback_with_solver_termination
960,0.5889426419191459,MEL-ADMM,1.0,0.01,14.439821243286133,36481.02280273628,36479.11128148832,0.005240043358537607,3.710254325994811e-12,0.009907769767884211,18,converged,gap_residual_and_feasibility
960,0.5889426419191459,sMEL-ADMM,1.0,0.01,1.249335,36480.69218455522,36479.11128148832,0.00433372144046517,1.999511667349907e-13,0.009369249498272225,32,converged,gap_residual_and_feasibility
961,0.25993323030551735,IPOPT,1.0,1.0e-10,13.067007064819336,36479.11128157139,36479.11128148835,2.27638506897549e-10,1.3322676295501878e-14,NaN,34,INTERRUPTED,gap_and_residual
961,0.25993323030551735,MadNLP,1.0,0.01,17.692089080810547,36479.11128148834,36479.11128148835,3.989109031762884e-14,1.865174681370263e-14,NaN,35,LOCALLY_SOLVED,residual_tolerance_upper_bound
961,0.25993323030551735,ADMM,1.0,0.01,74.54800605773926,36627.6691971154,36479.11128148835,0.40724104948914674,5.591083152012288e-13,1.639386310439622,6,converged,gap_callback_with_solver_termination
961,0.25993323030551735,MEL-ADMM,1.0,0.01,13.237714767456055,36480.686945870104,36479.11128148835,0.004319360659838365,2.6010305020918167e-12,0.007399858408982496,16,converged,gap_residual_and_feasibility
961,0.25993323030551735,sMEL-ADMM,1.0,0.01,1.4634500000000001,36479.72501757983,36479.11128148835,0.0016824315887086754,2.0050627824730327e-13,0.008450729726465767,39,converged,gap_residual_and_feasibility
962,0.5452768742959824,IPOPT,1.0,1.0e-10,13.444900512695312,36479.111281572135,36479.11128148833,2.2973278913922465e-10,1.5987211554602254e-14,NaN,33,INTERRUPTED,gap_and_residual
962,0.5452768742959824,MadNLP,1.0,0.01,17.21501350402832,36479.11128148832,36479.11128148833,1.9945545158814434e-14,1.509903313490213e-14,NaN,34,LOCALLY_SOLVED,residual_tolerance_upper_bound
962,0.5452768742959824,ADMM,1.0,0.01,68.07756423950195,36588.97204767882,36479.11128148833,0.30116075291077526,2.5036639428321905e-12,1.134236985044235,6,converged,gap_callback_with_solver_termination
962,0.5452768742959824,MEL-ADMM,1.0,0.01,15.179157257080078,36481.10332457484,36479.11128148833,0.005460777460114256,3.2543967520837214e-12,0.009822655369355893,18,converged,gap_residual_and_feasibility
962,0.5452768742959824,sMEL-ADMM,1.0,0.01,1.181454,36480.67898774242,36479.11128148833,0.004297545085447776,2.0061730054976579e-13,0.009155869125239136,32,converged,gap_residual_and_feasibility
963,0.3882366302405641,IPOPT,1.0,1.0e-10,13.22793960571289,36479.111281571895,36479.11128148836,2.2899480396834833e-10,1.2434497875801753e-14,NaN,33,INTERRUPTED,gap_and_residual
963,0.3882366302405641,MadNLP,1.0,0.01,17.894983291625977,36479.111281488345,36479.11128148836,3.9891090317628836e-14,1.3322676295501878e-14,NaN,34,LOCALLY_SOLVED,residual_tolerance_upper_bound
963,0.3882366302405641,ADMM,1.0,0.01,70.6949234008789,36590.60010853856,36479.11128148836,0.3056237477659546,2.6016411247553606e-12,1.1174439836148053,6,converged,gap_callback_with_solver_termination
963,0.3882366302405641,MEL-ADMM,1.0,0.01,14.987468719482422,36481.080722734776,36479.11128148836,0.005398819152196189,4.7449821849454565e-12,0.009878295682684168,18,converged,gap_residual_and_feasibility
963,0.3882366302405641,sMEL-ADMM,1.0,0.01,1.1378320000000002,36479.79703559683,36479.11128148836,0.001879854208005986,2.0000667788622195e-13,0.004652268493321898,34,converged,gap_residual_and_feasibility
964,0.3223266738379567,IPOPT,1.0,1.0e-10,14.394998550415039,36479.1112815718,36479.11128148833,2.288152940619192e-10,1.0658141036401503e-14,NaN,34,INTERRUPTED,gap_and_residual
964,0.3223266738379567,MadNLP,1.0,0.01,18.18680763244629,36479.111281488345,36479.11128148833,3.989109031762887e-14,1.2434497875801753e-14,NaN,35,LOCALLY_SOLVED,residual_tolerance_upper_bound
964,0.3223266738379567,ADMM,1.0,0.01,75.1957893371582,36558.411851120436,36479.11128148833,0.21738624337689663,3.818667604349457e-12,1.1428006295281925,6,converged,gap_callback_with_solver_termination
964,0.3223266738379567,MEL-ADMM,1.0,0.01,15.373706817626953,36480.78966079192,36479.11128148833,0.004600932546397484,3.9879211044535623e-13,0.0012803842429445211,19,converged,gap_residual_and_feasibility
964,0.3223266738379567,sMEL-ADMM,1.0,0.01,1.292085,36479.44387926081,36479.11128148833,0.0009117485618419013,1.9989565558375944e-13,0.009274675379879582,36,converged,gap_residual_and_feasibility
965,0.6409104891823395,IPOPT,1.0,1.0e-10,14.024972915649414,36479.11128148835,36479.11128148835,0.0,1.0658141036401503e-14,NaN,34,INTERRUPTED,gap_and_residual
965,0.6409104891823395,MadNLP,1.0,0.01,18.17488670349121,36479.111281488345,36479.11128148835,1.994554515881442e-14,1.1546319456101628e-14,NaN,35,LOCALLY_SOLVED,residual_tolerance_upper_bound
965,0.6409104891823395,ADMM,1.0,0.01,72.4644660949707,36565.948112918486,36479.11128148835,0.23804535905511337,8.678613383494849e-13,1.1499977386949212,6,converged,gap_callback_with_solver_termination
965,0.6409104891823395,MEL-ADMM,1.0,0.01,15.518426895141602,36480.792152201924,36479.11128148835,0.004607762235766052,4.84090545427307e-12,0.0009056970500171957,19,converged,gap_residual_and_feasibility
965,0.6409104891823395,sMEL-ADMM,1.0,0.01,1.250418,36480.70867357114,36479.11128148835,0.00437892269486227,2.0050627824730327e-13,0.009625611907566167,32,converged,gap_residual_and_feasibility
966,0.3844628080182292,IPOPT,1.0,1.0e-10,12.681961059570312,36479.111281571866,36479.11128148832,2.2901474951350738e-10,1.1546319456101628e-14,NaN,33,INTERRUPTED,gap_and_residual
966,0.3844628080182292,MadNLP,1.0,0.01,17.1051025390625,36479.11128148835,36479.11128148832,7.978218063525775e-14,1.5987211554602254e-14,NaN,34,LOCALLY_SOLVED,residual_tolerance_upper_bound
966,0.3844628080182292,ADMM,1.0,0.01,67.30318069458008,36593.173852429194,36479.11128148832,0.31267913864654,8.813505480986805e-13,1.0865454519091804,6,converged,gap_callback_with_solver_termination
966,0.3844628080182292,MEL-ADMM,1.0,0.01,14.693021774291992,36481.05572960657,36479.11128148832,0.00533030561857555,2.7385871348428736e-12,0.009905252576525747,18,converged,gap_residual_and_feasibility
966,0.3844628080182292,sMEL-ADMM,1.0,0.01,1.303747,36479.75397179578,36479.11128148832,0.0017618036319311011,2.0000667788622195e-13,0.009657903528843548,33,converged,gap_residual_and_feasibility
967,0.381602516890798,IPOPT,1.0,1.0e-10,12.249946594238281,36479.11128156389,36479.11128148835,2.0707464983881134e-10,1.1546319456101628e-14,NaN,32,INTERRUPTED,gap_and_residual
967,0.381602516890798,MadNLP,1.0,0.01,16.80588722229004,36479.111281488345,36479.11128148835,1.994554515881442e-14,1.1546319456101628e-14,NaN,33,LOCALLY_SOLVED,residual_tolerance_upper_bound
967,0.381602516890798,ADMM,1.0,0.01,68.46117973327637,36594.410753499156,36479.11128148835,0.3160698491832868,5.691003224228552e-13,1.0790715431365978,6,converged,gap_callback_with_solver_termination
967,0.381602516890798,MEL-ADMM,1.0,0.01,15.137910842895508,36481.03662401249,36479.11128148835,0.005277931551795959,1.5933920849420247e-12,0.009901384970653737,18,converged,gap_residual_and_feasibility
967,0.381602516890798,sMEL-ADMM,1.0,0.01,1.246539,36479.730701193905,36479.11128148835,0.001698012050711117,2.0039525594484076e-13,0.007634224719346605,33,converged,gap_residual_and_feasibility
968,0.7013905467139522,IPOPT,1.0,1.0e-10,13.863086700439453,36479.11128157189,36479.11128148832,2.2907458614898382e-10,1.0658141036401503e-14,NaN,34,INTERRUPTED,gap_and_residual
968,0.7013905467139522,MadNLP,1.0,0.01,18.041133880615234,36479.11128148836,36479.11128148832,9.972772579407219e-14,1.1546319456101628e-14,NaN,35,LOCALLY_SOLVED,residual_tolerance_upper_bound
968,0.7013905467139522,ADMM,1.0,0.01,74.0046501159668,36627.22752409166,36479.11128148832,0.4060302935025075,1.949107542031925e-12,1.567842687008997,6,converged,gap_callback_with_solver_termination
968,0.7013905467139522,MEL-ADMM,1.0,0.01,13.043403625488281,36480.65122716761,36479.11128148832,0.004221445164616564,8.844036614163997e-13,0.0065220652998752016,16,converged,gap_residual_and_feasibility
968,0.7013905467139522,sMEL-ADMM,1.0,0.01,1.030042,36480.74404693503,36479.11128148832,0.004475891515312462,2.007283228522283e-13,0.009966992656837093,32,converged,gap_residual_and_feasibility
969,0.5915885606460163,IPOPT,1.0,1.0e-10,13.32402229309082,36479.11128157197,36479.111281488345,2.292341505102542e-10,1.3322676295501878e-14,NaN,33,INTERRUPTED,gap_and_residual
969,0.5915885606460163,MadNLP,1.0,0.01,17.10200309753418,36479.11128148832,36479.111281488345,5.983663547644328e-14,1.4210854715202004e-14,NaN,34,LOCALLY_SOLVED,residual_tolerance_upper_bound
969,0.5915885606460163,ADMM,1.0,0.01,68.0534839630127,36596.342494404606,36479.111281488345,0.3213653205848525,3.502753642692369e-13,1.0571973276576472,6,converged,gap_callback_with_solver_termination
969,0.5915885606460163,MEL-ADMM,1.0,0.01,15.922069549560547,36481.004678950805,36479.111281488345,0.00519036071862998,2.3812063432160357e-12,0.009904507762366066,18,converged,gap_residual_and_feasibility
969,0.5915885606460163,sMEL-ADMM,1.0,0.01,1.2679099999999999,36480.693004672925,36479.111281488345,0.004335969624846971,2.0050627824730327e-13,0.009381919897304414,32,converged,gap_residual_and_feasibility
970,0.6984748495547941,IPOPT,1.0,1.0e-10,14.580011367797852,36479.11128157187,36479.11128148832,2.290346950586662e-10,1.3322676295501878e-14,NaN,34,INTERRUPTED,gap_and_residual
970,0.6984748495547941,MadNLP,1.0,0.01,19.04296875,36479.11128148834,36479.11128148832,3.9891090317628874e-14,1.4210854715202004e-14,NaN,35,LOCALLY_SOLVED,residual_tolerance_upper_bound
970,0.6984748495547941,ADMM,1.0,0.01,79.27107810974121,36617.38214427823,36479.11128148832,0.37904120449357415,3.1459279625778436e-12,1.498771731105125,6,converged,gap_callback_with_solver_termination
970,0.6984748495547941,MEL-ADMM,1.0,0.01,14.796018600463867,36480.652540390765,36479.11128148832,0.004225045096490317,6.166178678768119e-13,0.005945904996103479,16,converged,gap_residual_and_feasibility
970,0.6984748495547941,sMEL-ADMM,1.0,0.01,1.43054,36480.74202270048,36479.11128148832,0.0044703424915418935,2.0061730054976579e-13,0.0099480974794659,32,converged,gap_residual_and_feasibility
971,0.7002382945048554,IPOPT,1.0,1.0e-10,13.009071350097656,36479.1112815719,36479.11128148833,2.290945316941426e-10,1.865174681370263e-14,NaN,34,INTERRUPTED,gap_and_residual
971,0.7002382945048554,MadNLP,1.0,0.01,18.346071243286133,36479.11128148832,36479.11128148833,1.9945545158814434e-14,1.2434497875801753e-14,NaN,35,LOCALLY_SOLVED,residual_tolerance_upper_bound
971,0.7002382945048554,ADMM,1.0,0.01,73.05550575256348,36623.19838213347,36479.11128148833,0.3949852273902845,2.545519350860559e-12,1.5406305914960545,6,converged,gap_callback_with_solver_termination
971,0.7002382945048554,MEL-ADMM,1.0,0.01,13.654470443725586,36480.651714698084,36479.11128148833,0.004222781629373063,3.3900660056929155e-12,0.006294285615105366,16,converged,gap_residual_and_feasibility
971,0.7002382945048554,sMEL-ADMM,1.0,0.01,1.2885419999999999,36480.74320799546,36479.11128148833,0.004473591734557817,2.0039525594484076e-13,0.009959499881450284,32,converged,gap_residual_and_feasibility
972,0.3254835342133677,IPOPT,1.0,1.0e-10,14.694929122924805,36479.11134601312,36479.11128148835,1.768814027061206e-7,1.3322676295501878e-14,NaN,33,INTERRUPTED,gap_and_residual
972,0.3254835342133677,MadNLP,1.0,0.01,17.688989639282227,36479.11128148836,36479.11128148835,1.994554515881442e-14,1.4210854715202004e-14,NaN,35,LOCALLY_SOLVED,residual_tolerance_upper_bound
972,0.3254835342133677,ADMM,1.0,0.01,74.43571090698242,36560.62000843338,36479.11128148835,0.2234394536535566,1.8741119767184955e-12,1.1432896294233998,6,converged,gap_callback_with_solver_termination
972,0.3254835342133677,MEL-ADMM,1.0,0.01,16.559839248657227,36480.80112242012,36479.11128148835,0.004632352248732077,6.204925462327537e-12,0.0011169093522287454,19,converged,gap_residual_and_feasibility
972,0.3254835342133677,sMEL-ADMM,1.0,0.01,1.47225,36479.4554235052,36479.11128148835,0.0009433947394990913,1.9950707752514063e-13,0.008145438745961187,36,converged,gap_residual_and_feasibility
973,0.3109216032850044,IPOPT,1.0,1.0e-10,13.653039932250977,36479.11128157171,36479.11128148834,2.2855600197485455e-10,1.2434497875801753e-14,NaN,34,INTERRUPTED,gap_and_residual
973,0.3109216032850044,MadNLP,1.0,0.01,20.045995712280273,36479.11128148834,36479.11128148834,0.0,1.1546319456101628e-14,NaN,35,LOCALLY_SOLVED,residual_tolerance_upper_bound
973,0.3109216032850044,ADMM,1.0,0.01,75.57868957519531,36550.954751292025,36479.11128148834,0.19694413399852978,5.258571356137054e-13,1.1133061684540966,6,converged,gap_callback_with_solver_termination
973,0.3109216032850044,MEL-ADMM,1.0,0.01,13.052701950073242,36480.71944469064,36479.11128148834,0.004408449509353116,1.6326939800137552e-12,0.008499642629285376,16,converged,gap_residual_and_feasibility
973,0.3109216032850044,sMEL-ADMM,1.0,0.01,1.394795,36479.440902167895,36479.11128148834,0.0009035874723295472,2.0022872249114698e-13,0.005863866467095136,39,converged,gap_residual_and_feasibility
974,0.6976685178963393,IPOPT,1.0,1.0e-10,14.534950256347656,36479.11128157188,36479.11128148836,2.289549128780307e-10,1.2434497875801753e-14,NaN,34,INTERRUPTED,gap_and_residual
974,0.6976685178963393,MadNLP,1.0,0.01,18.7380313873291,36479.11128148834,36479.11128148836,5.983663547644325e-14,1.2434497875801753e-14,NaN,35,LOCALLY_SOLVED,residual_tolerance_upper_bound
974,0.6976685178963393,ADMM,1.0,0.01,76.23410224914551,36614.84322798994,36479.11128148836,0.37208128634005655,6.303957356124101e-12,1.4795631562821834,6,converged,gap_callback_with_solver_termination
974,0.6976685178963393,MEL-ADMM,1.0,0.01,13.468027114868164,36480.652948903036,36479.11128148836,0.004226164948976353,3.479994070687553e-12,0.005788645125633707,16,converged,gap_residual_and_feasibility
974,0.6976685178963393,sMEL-ADMM,1.0,0.01,1.323713,36480.74152770501,36479.11128148836,0.004468985562915348,1.9961809982760315e-13,0.009942908491764157,32,converged,gap_residual_and_feasibility
975,0.6222877258719,IPOPT,1.0,1.0e-10,12.715816497802734,36479.11128156974,36479.11128148836,2.2309092260133927e-10,1.509903313490213e-14,NaN,33,INTERRUPTED,gap_and_residual
975,0.6222877258719,MadNLP,1.0,0.01,17.14801788330078,36479.11128148833,36479.11128148836,7.978218063525767e-14,1.509903313490213e-14,NaN,34,LOCALLY_SOLVED,residual_tolerance_upper_bound
975,0.6222877258719,ADMM,1.0,0.01,71.50793075561523,36580.77200100372,36479.11128148836,0.2786820071654308,2.048805569643264e-12,1.1664973466574544,6,converged,gap_callback_with_solver_termination
975,0.6222877258719,MEL-ADMM,1.0,0.01,15.470266342163086,36480.875389416295,36479.11128148836,0.004835939983082554,2.209010752096674e-12,0.0009764271596530705,19,converged,gap_residual_and_feasibility
975,0.6222877258719,sMEL-ADMM,1.0,0.01,1.2995400000000001,36480.777887226905,36479.11128148836,0.0045686577331458655,2.0050627824730327e-13,0.009990128701726775,29,converged,gap_residual_and_feasibility
976,0.4747433973527587,IPOPT,1.0,1.0e-10,13.292074203491211,36479.111281572135,36479.111281488345,2.2969289804890694e-10,1.1546319456101628e-14,NaN,33,INTERRUPTED,gap_and_residual
976,0.4747433973527587,MadNLP,1.0,0.01,18.779993057250977,36479.111281488345,36479.111281488345,0.0,1.2434497875801753e-14,NaN,34,LOCALLY_SOLVED,residual_tolerance_upper_bound
976,0.4747433973527587,ADMM,1.0,0.01,72.22294807434082,36588.97204979341,36479.111281488345,0.3011607587074492,1.6845969064149813e-12,1.134236985696523,6,converged,gap_callback_with_solver_termination
976,0.4747433973527587,MEL-ADMM,1.0,0.01,16.05367660522461,36481.10332453989,36479.111281488345,0.005460777364255963,2.3893664824470306e-12,0.009822655307535122,18,converged,gap_residual_and_feasibility
976,0.4747433973527587,sMEL-ADMM,1.0,0.01,1.42834,36480.65285360934,36479.111281488345,0.0042259037208948955,2.0022872249114698e-13,0.008739703592206993,32,converged,gap_residual_and_feasibility
977,0.2675846144910458,IPOPT,1.0,1.0e-10,14.069080352783203,36479.11128157145,36479.11128148835,2.2779807125881952e-10,1.2434497875801753e-14,NaN,34,INTERRUPTED,gap_and_residual
977,0.2675846144910458,MadNLP,1.0,0.01,19.757986068725586,36479.111281488345,36479.11128148835,1.994554515881442e-14,1.0658141036401503e-14,NaN,35,LOCALLY_SOLVED,residual_tolerance_upper_bound
977,0.2675846144910458,ADMM,1.0,0.01,77.96287536621094,36603.10151629782,36479.11128148835,0.33989379251239926,1.8448020888683914e-12,1.466404677190929,6,converged,gap_callback_with_solver_termination
977,0.2675846144910458,MEL-ADMM,1.0,0.01,13.633966445922852,36480.69124323036,36479.11128148835,0.004331140991384344,1.2925771564198385e-12,0.005992245141221986,16,converged,gap_residual_and_feasibility
977,0.2675846144910458,sMEL-ADMM,1.0,0.01,1.582249,36479.61615213152,36479.11128148835,0.0013839992955805725,2.0022872249114698e-13,0.00817254756396224,39,converged,gap_residual_and_feasibility
978,0.41550630416393797,IPOPT,1.0,1.0e-10,13.409852981567383,36479.11128157202,36479.11128148834,2.2939371487152476e-10,1.509903313490213e-14,NaN,33,INTERRUPTED,gap_and_residual
978,0.41550630416393797,MadNLP,1.0,0.01,17.978906631469727,36479.11128148834,36479.11128148834,0.0,1.3322676295501878e-14,NaN,34,LOCALLY_SOLVED,residual_tolerance_upper_bound
978,0.41550630416393797,ADMM,1.0,0.01,71.9747543334961,36588.97205540786,36479.11128148834,0.3011607740983295,8.645306692756094e-13,1.1342369920400843,6,converged,gap_callback_with_solver_termination
978,0.41550630416393797,MEL-ADMM,1.0,0.01,15.373706817626953,36481.10332459414,36479.11128148834,0.00546077751300984,3.7696512578122565e-12,0.009822655341987563,18,converged,gap_residual_and_feasibility
978,0.41550630416393797,sMEL-ADMM,1.0,0.01,1.355162,36480.081763562936,36479.11128148834,0.002660377516076892,2.0045076709607201e-13,0.00997497275948156,35,converged,gap_residual_and_feasibility
979,0.34275184129303227,IPOPT,1.0,1.0e-10,14.234781265258789,36479.11134600392,36479.11128148834,1.7685623142813026e-7,1.0658141036401503e-14,NaN,33,INTERRUPTED,gap_and_residual
979,0.34275184129303227,MadNLP,1.0,0.01,18.148183822631836,36479.111281488345,36479.11128148834,1.994554515881443e-14,1.5987211554602254e-14,NaN,35,LOCALLY_SOLVED,residual_tolerance_upper_bound
979,0.34275184129303227,ADMM,1.0,0.01,75.44493675231934,36574.258564683616,36479.11128148834,0.2608267577054741,1.599054222367613e-12,1.1687422197220787,6,converged,gap_callback_with_solver_termination
979,0.34275184129303227,MEL-ADMM,1.0,0.01,15.743732452392578,36480.86814905294,36479.11128148834,0.004816092012348426,2.169431301268787e-12,0.0007806722124588106,19,converged,gap_residual_and_feasibility
979,0.34275184129303227,sMEL-ADMM,1.0,0.01,1.442626,36479.54909771515,36479.11128148834,0.0012001833691421056,2.0017321133991572e-13,0.0072016851862422016,35,converged,gap_residual_and_feasibility
980,0.3980152756121738,IPOPT,1.0,1.0e-10,14.452934265136719,36479.111281571924,36479.111281488345,2.2911447723930133e-10,1.4210854715202004e-14,NaN,33,INTERRUPTED,gap_and_residual
980,0.3980152756121738,MadNLP,1.0,0.01,17.797231674194336,36479.11128148834,36479.111281488345,1.9945545158814427e-14,1.2434497875801753e-14,NaN,34,LOCALLY_SOLVED,residual_tolerance_upper_bound
980,0.3980152756121738,ADMM,1.0,0.01,71.77495956420898,36588.97205727888,36479.111281488345,0.3011607792273263,8.762990333366361e-13,1.1342369965758934,6,converged,gap_callback_with_solver_termination
980,0.3980152756121738,MEL-ADMM,1.0,0.01,15.174388885498047,36481.103324425196,36479.111281488345,0.005460777049854335,4.263256414560601e-13,0.009822655504952316,18,converged,gap_residual_and_feasibility
980,0.3980152756121738,sMEL-ADMM,1.0,0.01,1.297372,36479.88564276974,36479.111281488345,0.0021227525950906346,2.0061730054976579e-13,0.008363944407888013,34,converged,gap_residual_and_feasibility
981,0.549038168970805,IPOPT,1.0,1.0e-10,12.839078903198242,36479.11128157212,36479.11128148833,2.2969289804890702e-10,1.687538997430238e-14,NaN,33,INTERRUPTED,gap_and_residual
981,0.549038168970805,MadNLP,1.0,0.01,17.289161682128906,36479.11128148833,36479.11128148833,0.0,1.3322676295501878e-14,NaN,34,LOCALLY_SOLVED,residual_tolerance_upper_bound
981,0.549038168970805,ADMM,1.0,0.01,68.41564178466797,36588.97205099576,36479.11128148833,0.30116076200349057,1.6183721029960907e-12,1.1342369882190413,6,converged,gap_callback_with_solver_termination
981,0.549038168970805,MEL-ADMM,1.0,0.01,15.92874526977539,36481.103324629155,36479.11128148833,0.0054607776090077505,4.697575661793962e-12,0.009822655359148058,18,converged,gap_residual_and_feasibility
981,0.549038168970805,sMEL-ADMM,1.0,0.01,1.377669,36480.680091319395,36479.11128148833,0.004300570315318927,2.000621890374532e-13,0.009174871805099016,32,converged,gap_residual_and_feasibility
982,0.4686780319641861,IPOPT,1.0,1.0e-10,13.12708854675293,36479.11128157211,36479.11128148835,2.2961311586827163e-10,1.4210854715202004e-14,NaN,33,INTERRUPTED,gap_and_residual
982,0.4686780319641861,MadNLP,1.0,0.01,17.53711700439453,36479.111281488345,36479.11128148835,1.994554515881442e-14,1.2434497875801753e-14,NaN,34,LOCALLY_SOLVED,residual_tolerance_upper_bound
982,0.4686780319641861,ADMM,1.0,0.01,72.5104808807373,36588.9720487899,36479.11128148835,0.30116075595651964,1.6737167207736547e-12,1.1342369897904945,6,converged,gap_callback_with_solver_termination
982,0.4686780319641861,MEL-ADMM,1.0,0.01,15.46335220336914,36481.10332436138,36479.11128148835,0.005460776874892012,2.279176847252984e-12,0.009822655283479698,18,converged,gap_residual_and_feasibility
982,0.4686780319641861,sMEL-ADMM,1.0,0.01,1.18154,36480.590667404744,36479.11128148835,0.004055432998286243,2.0095036745715333e-13,0.009753387651608492,32,converged,gap_residual_and_feasibility
983,0.48754784859832395,IPOPT,1.0,1.0e-10,14.116048812866211,36479.11128157213,36479.11128148835,2.2965300695858926e-10,1.5987211554602254e-14,NaN,33,INTERRUPTED,gap_and_residual
983,0.48754784859832395,MadNLP,1.0,0.01,18.3718204498291,36479.11128148835,36479.11128148835,0.0,1.3322676295501878e-14,NaN,34,LOCALLY_SOLVED,residual_tolerance_upper_bound
983,0.48754784859832395,ADMM,1.0,0.01,71.60186767578125,36588.97204735611,36479.11128148835,0.30116075202607046,4.26364499261922e-12,1.134236983332534,6,converged,gap_callback_with_solver_termination
983,0.48754784859832395,MEL-ADMM,1.0,0.01,15.453815460205078,36481.10332456943,36479.11128148835,0.00546077744521493,3.047839758352211e-12,0.009822655364112087,18,converged,gap_residual_and_feasibility
983,0.48754784859832395,sMEL-ADMM,1.0,0.01,1.5945040000000001,36480.6645816444,36479.11128148835,0.0042580537230227965,2.000621890374532e-13,0.008841106287308165,32,converged,gap_residual_and_feasibility
984,0.5992820455577464,IPOPT,1.0,1.0e-10,14.249086380004883,36479.11128157194,36479.11128148833,2.2919425941993666e-10,1.2434497875801753e-14,NaN,33,INTERRUPTED,gap_and_residual
984,0.5992820455577464,MadNLP,1.0,0.01,17.96412467956543,36479.11128148832,36479.11128148833,1.9945545158814434e-14,1.0658141036401503e-14,NaN,34,LOCALLY_SOLVED,residual_tolerance_upper_bound
984,0.5992820455577464,ADMM,1.0,0.01,72.3414421081543,36599.778179794506,36479.11128148833,0.33078354726094705,3.7836400679225335e-13,1.1567431630888407,6,converged,gap_callback_with_solver_termination
984,0.5992820455577464,MEL-ADMM,1.0,0.01,15.882253646850586,36480.94753624376,36479.11128148833,0.005033715709954176,4.671263376110346e-12,0.009928976840291703,18,converged,gap_residual_and_feasibility
984,0.5992820455577464,sMEL-ADMM,1.0,0.01,0.977459,36480.765362143604,36479.11128148833,0.0045343227868393015,1.9984014443252818e-13,0.009908712297226785,29,converged,gap_residual_and_feasibility
985,0.7218843273610189,IPOPT,1.0,1.0e-10,13.312101364135742,36479.11128157177,36479.11128148835,2.2867567524580734e-10,1.1546319456101628e-14,NaN,34,INTERRUPTED,gap_and_residual
985,0.7218843273610189,MadNLP,1.0,0.01,18.069028854370117,36479.111281488345,36479.11128148835,1.994554515881442e-14,1.3322676295501878e-14,NaN,35,LOCALLY_SOLVED,residual_tolerance_upper_bound
985,0.7218843273610189,ADMM,1.0,0.01,74.90205764770508,36728.00881135611,36479.11128148835,0.6823015175648193,1.23262511309008e-11,2.039053898018831,6,converged,gap_callback_with_solver_termination
985,0.7218843273610189,MEL-ADMM,1.0,0.01,15.722990036010742,36480.55727131032,36479.11128148835,0.003963884456523311,2.7645663536191023e-12,0.005243136608630294,19,converged,gap_residual_and_feasibility
985,0.7218843273610189,sMEL-ADMM,1.0,0.01,1.1615,36480.76787965735,36479.11128148835,0.004541224034261816,2.0095036745715333e-13,0.00585304799107611,33,converged,gap_residual_and_feasibility
986,0.30805346569841363,IPOPT,1.0,1.0e-10,13.341903686523438,36479.1112815717,36479.111281488345,2.2849616533937805e-10,1.4210854715202004e-14,NaN,34,INTERRUPTED,gap_and_residual
986,0.30805346569841363,MadNLP,1.0,0.01,17.902135848999023,36479.111281488316,36479.111281488345,7.978218063525771e-14,1.0658141036401503e-14,NaN,35,LOCALLY_SOLVED,residual_tolerance_upper_bound
986,0.30805346569841363,ADMM,1.0,0.01,73.07791709899902,36550.99273446214,36479.111281488345,0.1970482570672457,1.7805201757425948e-12,1.1133674424908273,6,converged,gap_callback_with_solver_termination
986,0.30805346569841363,MEL-ADMM,1.0,0.01,13.360023498535156,36480.71648718985,36479.111281488345,0.004400342127629067,4.393763131105288e-12,0.00816081338494179,16,converged,gap_residual_and_feasibility
986,0.30805346569841363,sMEL-ADMM,1.0,0.01,1.5305449999999998,36479.43810975385,36479.111281488345,0.0008959326420605477,1.995625886763719e-13,0.0059513977304437304,39,converged,gap_residual_and_feasibility
987,0.7089951788962969,IPOPT,1.0,1.0e-10,13.807058334350586,36479.11128157184,36479.11128148836,2.288352396070778e-10,1.4210854715202004e-14,NaN,34,INTERRUPTED,gap_and_residual
987,0.7089951788962969,MadNLP,1.0,0.01,18.199920654296875,36479.11128148835,36479.11128148836,1.9945545158814418e-14,1.3322676295501878e-14,NaN,35,LOCALLY_SOLVED,residual_tolerance_upper_bound
987,0.7089951788962969,ADMM,1.0,0.01,75.47354698181152,36657.91559268122,36479.11128148836,0.4901553379771952,3.657074643115266e-12,1.7453058110915598,6,converged,gap_callback_with_solver_termination
987,0.7089951788962969,MEL-ADMM,1.0,0.01,13.647794723510742,36480.649197653205,36479.11128148836,0.0042158816671218,2.392641640369675e-12,0.008025053903494062,16,converged,gap_residual_and_feasibility
987,0.7089951788962969,sMEL-ADMM,1.0,0.01,1.23458,36480.759192504054,36479.11128148836,0.004517409985616917,2.0083934515469082e-13,0.005796022933235889,33,converged,gap_residual_and_feasibility
988,0.3158800944550596,IPOPT,1.0,1.0e-10,15.303850173950195,36479.11128157175,36479.111281488345,2.2863578415548976e-10,1.509903313490213e-14,NaN,34,INTERRUPTED,gap_and_residual
988,0.3158800944550596,MadNLP,1.0,0.01,18.275022506713867,36479.11128148834,36479.111281488345,1.9945545158814427e-14,1.4210854715202004e-14,NaN,35,LOCALLY_SOLVED,residual_tolerance_upper_bound
988,0.3158800944550596,ADMM,1.0,0.01,74.93782043457031,36553.75104847028,36479.111281488345,0.2046096090608737,3.5438318946034997e-13,1.128475562550629,6,converged,gap_callback_with_solver_termination
988,0.3158800944550596,MEL-ADMM,1.0,0.01,13.524293899536133,36480.72906876682,36479.111281488345,0.004434831939824559,5.69266855876549e-12,0.009276640807252434,16,converged,gap_residual_and_feasibility
988,0.3158800944550596,sMEL-ADMM,1.0,0.01,1.362372,36479.42847322769,36479.111281488345,0.0008695160824875449,1.996736109788344e-13,0.009865681050365893,38,converged,gap_residual_and_feasibility
989,0.6014127362609514,IPOPT,1.0,1.0e-10,12.773990631103516,36479.111281571924,36479.11128148832,2.291743138747779e-10,1.3322676295501878e-14,NaN,33,INTERRUPTED,gap_and_residual
989,0.6014127362609514,MadNLP,1.0,0.01,17.490148544311523,36479.11128148833,36479.11128148832,1.9945545158814437e-14,1.4210854715202004e-14,NaN,34,LOCALLY_SOLVED,residual_tolerance_upper_bound
989,0.6014127362609514,ADMM,1.0,0.01,69.5493221282959,36599.28276365236,36479.11128148832,0.32942546554037505,3.7125857943465235e-13,1.16010158822714,6,converged,gap_callback_with_solver_termination
989,0.6014127362609514,MEL-ADMM,1.0,0.01,15.891313552856445,36480.93160617098,36479.11128148832,0.004990046683465789,4.278688514602891e-12,0.009938292842441854,18,converged,gap_residual_and_feasibility
989,0.6014127362609514,sMEL-ADMM,1.0,0.01,0.993501,36480.76650550034,36479.11128148832,0.004537457064790045,2.0083934515469082e-13,0.009873688369047784,29,converged,gap_residual_and_feasibility
990,0.5584834406315371,IPOPT,1.0,1.0e-10,12.798070907592773,36479.11128157213,36479.11128148835,2.2965300695858926e-10,1.2434497875801753e-14,NaN,33,INTERRUPTED,gap_and_residual
990,0.5584834406315371,MadNLP,1.0,0.01,19.438982009887695,36479.11128148832,36479.11128148835,7.978218063525768e-14,1.3322676295501878e-14,NaN,34,LOCALLY_SOLVED,residual_tolerance_upper_bound
990,0.5584834406315371,ADMM,1.0,0.01,68.35651397705078,36588.97205167398,36479.11128148835,0.3011607638626346,3.5349501104064984e-13,1.1342369932171126,6,converged,gap_callback_with_solver_termination
990,0.5584834406315371,MEL-ADMM,1.0,0.01,15.095233917236328,36481.103324451185,36479.11128148835,0.005460777121079875,3.375077994860476e-13,0.009822655457188745,18,converged,gap_residual_and_feasibility
990,0.5584834406315371,sMEL-ADMM,1.0,0.01,1.122621,36480.68290060905,36479.11128148835,0.004308271406527435,2.0017321133991572e-13,0.00922166703711369,32,converged,gap_residual_and_feasibility
991,0.6626264699469292,IPOPT,1.0,1.0e-10,13.360977172851562,36479.11134600543,36479.11128148833,1.768604000470685e-7,1.3322676295501878e-14,NaN,33,INTERRUPTED,gap_and_residual
991,0.6626264699469292,MadNLP,1.0,0.01,17.721176147460938,36479.11128148834,36479.11128148833,1.9945545158814434e-14,1.4210854715202004e-14,NaN,35,LOCALLY_SOLVED,residual_tolerance_upper_bound
991,0.6626264699469292,ADMM,1.0,0.01,72.69763946533203,36558.33915460392,36479.11128148833,0.21718696079033661,4.922728891187944e-13,1.1263543153153917,6,converged,gap_callback_with_solver_termination
991,0.6626264699469292,MEL-ADMM,1.0,0.01,13.769865036010742,36480.676855028425,36479.11128148833,0.004291698687540826,2.2540858068964553e-12,0.008111993293407949,16,converged,gap_residual_and_feasibility
991,0.6626264699469292,sMEL-ADMM,1.0,0.01,1.225503,36480.71989911505,36479.11128148833,0.0044096952206624665,2.0028423364237824e-13,0.00973948531346025,32,converged,gap_residual_and_feasibility
992,0.3125275493745688,IPOPT,1.0,1.0e-10,13.17596435546875,36479.11128157171,36479.11128148833,2.2857594752001342e-10,1.0658141036401503e-14,NaN,34,INTERRUPTED,gap_and_residual
992,0.3125275493745688,MadNLP,1.0,0.01,17.99488067626953,36479.11128148834,36479.11128148833,1.9945545158814434e-14,1.3322676295501878e-14,NaN,35,LOCALLY_SOLVED,residual_tolerance_upper_bound
992,0.3125275493745688,ADMM,1.0,0.01,72.35312461853027,36551.5552579277,36479.11128148833,0.19859029974814835,2.795930154064763e-12,1.117140025069581,6,converged,gap_callback_with_solver_termination
992,0.3125275493745688,MEL-ADMM,1.0,0.01,13.073444366455078,36480.7218801042,36479.11128148833,0.004415125696030992,8.947287355454137e-13,0.008720636501442058,16,converged,gap_residual_and_feasibility
992,0.3125275493745688,sMEL-ADMM,1.0,0.01,1.190123,36479.44284849119,36479.11128148833,0.0009089229183847881,2.000621890374532e-13,0.005838990303669078,39,converged,gap_residual_and_feasibility
993,0.3053777267085338,IPOPT,1.0,1.0e-10,13.917207717895508,36479.11128157168,36479.111281488345,2.2843632870390164e-10,1.1546319456101628e-14,NaN,34,INTERRUPTED,gap_and_residual
993,0.3053777267085338,MadNLP,1.0,0.01,17.571210861206055,36479.11128148835,36479.111281488345,1.9945545158814427e-14,1.0658141036401503e-14,NaN,35,LOCALLY_SOLVED,residual_tolerance_upper_bound
993,0.3053777267085338,ADMM,1.0,0.01,72.65305519104004,36551.52005182294,36479.111281488345,0.19849378943433443,3.2058244947563708e-12,1.1135984464665567,6,converged,gap_callback_with_solver_termination
993,0.3053777267085338,MEL-ADMM,1.0,0.01,13.420820236206055,36480.71390692126,36479.111281488345,0.0043932688506175405,1.7290058273999875e-12,0.007836424910698803,16,converged,gap_residual_and_feasibility
993,0.3053777267085338,sMEL-ADMM,1.0,0.01,1.2726650000000002,36479.436229934654,36479.111281488345,0.0008907795033741727,2.0000667788622195e-13,0.00633844037652409,39,converged,gap_residual_and_feasibility
994,0.2722948924383902,IPOPT,1.0,1.0e-10,14.039993286132812,36479.111281571495,36479.11128148833,2.27977581165249e-10,1.3322676295501878e-14,NaN,34,INTERRUPTED,gap_and_residual
994,0.2722948924383902,MadNLP,1.0,0.01,18.414974212646484,36479.11128148831,36479.11128148833,5.98366354764433e-14,1.2434497875801753e-14,NaN,35,LOCALLY_SOLVED,residual_tolerance_upper_bound
994,0.2722948924383902,ADMM,1.0,0.01,77.67128944396973,36591.024960079754,36479.11128148833,0.30678839110922923,1.079303313389346e-12,1.3666022660882224,6,converged,gap_callback_with_solver_termination
994,0.2722948924383902,MEL-ADMM,1.0,0.01,13.217687606811523,36480.69497570913,36479.11128148833,0.00434137281628542,2.6658120155786946e-12,0.0051606332860867354,16,converged,gap_residual_and_feasibility
994,0.2722948924383902,sMEL-ADMM,1.0,0.01,1.693999,36479.55183394273,36479.11128148833,0.0012076841757427696,1.9972912213006566e-13,0.008037745910749905,39,converged,gap_residual_and_feasibility
995,0.6392393060452219,IPOPT,1.0,1.0e-10,14.036893844604492,36479.11128148836,36479.11128148836,0.0,1.5987211554602254e-14,NaN,34,INTERRUPTED,gap_and_residual
995,0.6392393060452219,MadNLP,1.0,0.01,19.288063049316406,36479.11128148833,36479.11128148836,7.978218063525767e-14,1.0658141036401503e-14,NaN,35,LOCALLY_SOLVED,residual_tolerance_upper_bound
995,0.6392393060452219,ADMM,1.0,0.01,74.86414909362793,36567.17634686206,36479.11128148836,0.24141231044296943,3.0464519795714295e-13,1.1541088650134679,6,converged,gap_callback_with_solver_termination
995,0.6392393060452219,MEL-ADMM,1.0,0.01,15.945911407470703,36480.79968164259,36479.11128148836,0.0046284026526829305,6.541434061091422e-13,0.0008269844463981713,19,converged,gap_residual_and_feasibility
995,0.6392393060452219,sMEL-ADMM,1.0,0.01,1.308042,36480.708058553995,36479.11128148836,0.004377236751503729,2.0039525594484076e-13,0.009616956734250337,32,converged,gap_residual_and_feasibility
996,0.4118128035667213,IPOPT,1.0,1.0e-10,12.593984603881836,36479.11128157201,36479.11128148835,2.2933387823604822e-10,1.509903313490213e-14,NaN,33,INTERRUPTED,gap_and_residual
996,0.4118128035667213,MadNLP,1.0,0.01,19.173860549926758,36479.11128148835,36479.11128148835,0.0,1.687538997430238e-14,NaN,34,LOCALLY_SOLVED,residual_tolerance_upper_bound
996,0.4118128035667213,ADMM,1.0,0.01,69.76723670959473,36588.97205696497,36479.11128148835,0.30116077836679567,3.774758283725532e-13,1.134236999189711,6,converged,gap_callback_with_solver_termination
996,0.4118128035667213,MEL-ADMM,1.0,0.01,15.027046203613281,36481.10332460748,36479.11128148835,0.0054607775495301315,4.1548431362059546e-12,0.009822655225759647,18,converged,gap_residual_and_feasibility
996,0.4118128035667213,sMEL-ADMM,1.0,0.01,1.3784990000000001,36480.03811488561,36479.11128148835,0.0025407236215429776,2.003397447936095e-13,0.007841401173399376,35,converged,gap_residual_and_feasibility
997,0.35221804195385803,IPOPT,1.0,1.0e-10,12.857198715209961,36479.11134600673,36479.11128148832,1.7686397029965195e-7,1.0658141036401503e-14,NaN,33,INTERRUPTED,gap_and_residual
997,0.35221804195385803,MadNLP,1.0,0.01,19.868135452270508,36479.11128148834,36479.11128148832,3.9891090317628874e-14,1.4210854715202004e-14,NaN,35,LOCALLY_SOLVED,residual_tolerance_upper_bound
997,0.35221804195385803,ADMM,1.0,0.01,71.13862037658691,36582.517468113285,36479.11128148832,0.28346684716915166,3.561595462997502e-13,1.178391473798623,6,converged,gap_callback_with_solver_termination
997,0.35221804195385803,MEL-ADMM,1.0,0.01,15.776872634887695,36480.91414782913,36479.11128148832,0.004942188220793942,1.0378364834195963e-12,0.0011268353570645928,19,converged,gap_residual_and_feasibility
997,0.35221804195385803,sMEL-ADMM,1.0,0.01,1.475626,36479.59503530685,36479.11128148832,0.001326111852865568,2.0022872249114698e-13,0.007935597006966333,35,converged,gap_residual_and_feasibility
998,0.580188481384609,IPOPT,1.0,1.0e-10,12.988805770874023,36479.11128157207,36479.11128148832,2.2957322477795418e-10,1.3322676295501878e-14,NaN,33,INTERRUPTED,gap_and_residual
998,0.580188481384609,MadNLP,1.0,0.01,17.145872116088867,36479.11128148836,36479.11128148832,9.972772579407219e-14,1.3322676295501878e-14,NaN,34,LOCALLY_SOLVED,residual_tolerance_upper_bound
998,0.580188481384609,ADMM,1.0,0.01,69.35620307922363,36590.34267229314,36479.11128148832,0.3049180391115004,1.0703660180411134e-12,1.124181761586681,6,converged,gap_callback_with_solver_termination
998,0.580188481384609,MEL-ADMM,1.0,0.01,15.269756317138672,36481.08405846712,36479.11128148832,0.005407963378193283,2.3938628856967625e-12,0.009866607946616313,18,converged,gap_residual_and_feasibility
998,0.580188481384609,sMEL-ADMM,1.0,0.01,1.345002,36480.68948448228,36479.11128148832,0.004326319744415296,2.0017321133991572e-13,0.009327238546370964,32,converged,gap_residual_and_feasibility
999,0.47417181335465736,IPOPT,1.0,1.0e-10,14.141082763671875,36479.11128157212,36479.11128148835,2.2963306141343044e-10,1.5987211554602254e-14,NaN,33,INTERRUPTED,gap_and_residual
999,0.47417181335465736,MadNLP,1.0,0.01,17.972946166992188,36479.11128148832,36479.11128148835,7.978218063525768e-14,1.0658141036401503e-14,NaN,34,LOCALLY_SOLVED,residual_tolerance_upper_bound
999,0.47417181335465736,ADMM,1.0,0.01,71.75230979919434,36588.97204992663,36479.11128148835,0.3011607590726321,3.1246116805050406e-12,1.1342369883071912,6,converged,gap_callback_with_solver_termination
999,0.47417181335465736,MEL-ADMM,1.0,0.01,15.276193618774414,36481.10332448467,36479.11128148835,0.005460777212869274,8.93729534823251e-13,0.00982265547016059,18,converged,gap_residual_and_feasibility
999,0.47417181335465736,sMEL-ADMM,1.0,0.01,1.323419,36480.646707539905,36479.11128148835,0.004209055532368506,2.0056178939853453e-13,0.008904347296670778,32,converged,gap_residual_and_feasibility
1000,0.48467668361493044,IPOPT,1.0,1.0e-10,13.701915740966797,36479.11128157216,36479.11128148833,2.297926257747011e-10,9.769962616701378e-15,NaN,33,INTERRUPTED,gap_and_residual
1000,0.48467668361493044,MadNLP,1.0,0.01,18.18704605102539,36479.11128148833,36479.11128148833,0.0,1.509903313490213e-14,NaN,34,LOCALLY_SOLVED,residual_tolerance_upper_bound
1000,0.48467668361493044,ADMM,1.0,0.01,71.81644439697266,36588.97204754355,36479.11128148833,0.3011607525399676,2.2097879082139116e-12,1.1342369856527057,6,converged,gap_callback_with_solver_termination
1000,0.48467668361493044,MEL-ADMM,1.0,0.01,15.207290649414062,36481.10332452067,36479.11128148833,0.005460777311619672,1.8438028881462287e-12,0.009822655368012967,18,converged,gap_residual_and_feasibility
1000,0.48467668361493044,sMEL-ADMM,1.0,0.01,1.242788,36480.66394698518,36479.11128148833,0.004256313935029568,2.0022872249114698e-13,0.008825595419185817,32,converged,gap_residual_and_feasibility
