sample,x0,solver,target_gap_pct,residual_tol,solve_time_ms,objective,reference_objective,opt_gap_pct,feasibility_residual,stopping_residual,iterations,status,stopping_mode
1,0.2757921849194162,IPOPT,1.0,1.0e-10,14.471769332885742,36479.1112815715,36479.11128148833,2.279975267104078e-10,1.1546319456101628e-14,NaN,34,INTERRUPTED,gap_and_residual
1,0.2757921849194162,MadNLP,1.0,0.01,20.93195915222168,36479.11128148835,36479.11128148833,5.98366354764433e-14,1.0658141036401503e-14,NaN,35,LOCALLY_SOLVED,residual_tolerance_upper_bound
1,0.2757921849194162,ADMM,1.0,0.01,79.5431137084961,36583.21529060178,36479.11128148833,0.2853797843651901,3.313960217354861e-12,1.2967325250549049,6,converged,gap_callback_with_solver_termination
1,0.2757921849194162,MEL-ADMM,1.0,0.01,13.638496398925781,36486.40692532437,36479.11128148833,0.019999510897470263,6.938893903907228e-13,0.004892786343661193,16,converged,gap_residual_and_feasibility
1,0.2757921849194162,sMEL-ADMM,1.0,0.01,1.719293,36484.94829945648,36479.11128148833,0.016000987313288893,2.0017321133991572e-13,0.00696012001852786,39,converged,gap_residual_and_feasibility
2,0.461889806461838,IPOPT,1.0,1.0e-10,14.116048812866211,36479.11128157209,36479.111281488345,2.2957322477795405e-10,1.4210854715202004e-14,NaN,33,INTERRUPTED,gap_and_residual
2,0.461889806461838,MadNLP,1.0,0.01,20.612001419067383,36479.111281488345,36479.111281488345,0.0,1.3322676295501878e-14,NaN,34,LOCALLY_SOLVED,residual_tolerance_upper_bound
2,0.461889806461838,ADMM,1.0,0.01,71.98572158813477,36588.97204898087,36479.111281488345,0.30116075648003043,2.1490587087669155e-12,1.1342369887193193,6,converged,gap_callback_with_solver_termination
2,0.461889806461838,MEL-ADMM,1.0,0.01,16.646385192871094,36486.17719090607,36479.111281488345,0.0193697411189678,1.922684234045846e-12,0.009379143059383033,18,converged,gap_residual_and_feasibility
2,0.461889806461838,sMEL-ADMM,1.0,0.01,1.4700469999999999,36485.86919017247,36479.111281488345,0.018525420293204524,2.0067281170099704e-13,0.007506540511375448,33,converged,gap_residual_and_feasibility
3,0.4357974476962958,IPOPT,1.0,1.0e-10,13.996124267578125,36479.11128157205,36479.111281488345,2.2945355150700116e-10,1.509903313490213e-14,NaN,33,INTERRUPTED,gap_and_residual
3,0.4357974476962958,MadNLP,1.0,0.01,19.60015296936035,36479.11128148835,36479.111281488345,1.9945545158814427e-14,1.1546319456101628e-14,NaN,34,LOCALLY_SOLVED,residual_tolerance_upper_bound
3,0.4357974476962958,ADMM,1.0,0.01,69.21529769897461,36588.97205553974,36479.111281488345,0.3011607744598424,5.655476087440547e-13,1.134236999084309,6,converged,gap_callback_with_solver_termination
3,0.4357974476962958,MEL-ADMM,1.0,0.01,15.701532363891602,36486.17719091177,36479.111281488345,0.019369741134585162,2.6685320619890263e-12,0.009379143429590009,18,converged,gap_residual_and_feasibility
3,0.4357974476962958,sMEL-ADMM,1.0,0.01,1.212791,36485.69329781566,36479.111281488345,0.01804324748080315,1.9984014443252818e-13,0.008905501217660206,34,converged,gap_residual_and_feasibility
4,0.38537641182373616,IPOPT,1.0,1.0e-10,12.88604736328125,36479.111281571866,36479.11128148833,2.289948039683485e-10,1.3322676295501878e-14,NaN,33,INTERRUPTED,gap_and_residual
4,0.38537641182373616,MadNLP,1.0,0.01,19.500017166137695,36479.11128148835,36479.11128148833,5.98366354764433e-14,1.1546319456101628e-14,NaN,34,LOCALLY_SOLVED,residual_tolerance_upper_bound
4,0.38537641182373616,ADMM,1.0,0.01,70.41311264038086,36592.7262871647,36479.11128148833,0.31145223029056546,1.3680168109431179e-12,1.0886686008693145,6,converged,gap_callback_with_solver_termination
4,0.38537641182373616,MEL-ADMM,1.0,0.01,15.280008316040039,36486.13561054087,36479.11128148833,0.01925575707789818,3.190614439319006e-12,0.009433014464529599,18,converged,gap_residual_and_feasibility
4,0.38537641182373616,sMEL-ADMM,1.0,0.01,1.291167,36485.251430737044,36479.11128148833,0.016831959532492405,2.0022872249114698e-13,0.005896572865259131,34,converged,gap_residual_and_feasibility
5,0.25796867475512036,IPOPT,1.0,1.0e-10,13.298988342285156,36479.1112815714,36479.11128148836,2.2763850689754895e-10,1.0658141036401503e-14,NaN,34,INTERRUPTED,gap_and_residual
5,0.25796867475512036,MadNLP,1.0,0.01,19.84691619873047,36479.11128148833,36479.11128148836,7.978218063525767e-14,1.4210854715202004e-14,NaN,35,LOCALLY_SOLVED,residual_tolerance_upper_bound
5,0.25796867475512036,ADMM,1.0,0.01,87.05902099609375,36634.914342475626,36479.11128148836,0.42710212917475704,6.8753891468986694e-12,1.6832920698078118,6,converged,gap_callback_with_solver_termination
5,0.25796867475512036,MEL-ADMM,1.0,0.01,13.702392578125,36486.55862315536,36479.11128148836,0.020415359380698363,1.3832823775317138e-12,0.007600344552599836,16,converged,gap_residual_and_feasibility
5,0.25796867475512036,sMEL-ADMM,1.0,0.01,1.741582,36485.181948372534,36479.11128148836,0.016641487884203474,1.9961809982760315e-13,0.007223765352728506,39,converged,gap_residual_and_feasibility
6,0.7208970006295407,IPOPT,1.0,1.0e-10,13.142108917236328,36479.111281571764,36479.11128148838,2.285759475200131e-10,1.4210854715202004e-14,NaN,34,INTERRUPTED,gap_and_residual
6,0.7208970006295407,MadNLP,1.0,0.01,19.987106323242188,36479.11128148836,36479.11128148838,5.983663547644322e-14,1.4210854715202004e-14,NaN,35,LOCALLY_SOLVED,residual_tolerance_upper_bound
6,0.7208970006295407,ADMM,1.0,0.01,78.02581787109375,36721.77550032272,36479.11128148838,0.6652141741114217,6.654676809603188e-13,2.015754984190979,6,converged,gap_callback_with_solver_termination
6,0.7208970006295407,MEL-ADMM,1.0,0.01,13.75269889831543,36486.65181682739,36479.11128148838,0.020670830714111417,6.571410082756302e-13,0.0096522535823782,16,converged,gap_residual_and_feasibility
6,0.7208970006295407,sMEL-ADMM,1.0,0.01,1.271879,36486.66448124725,36479.11128148838,0.0207055476230928,1.992850329202156e-13,0.00862819691589145,30,converged,gap_residual_and_feasibility
7,0.6358466462547939,IPOPT,1.0,1.0e-10,13.55290412902832,36479.111281488345,36479.111281488345,0.0,1.3322676295501878e-14,NaN,34,INTERRUPTED,gap_and_residual
7,0.6358466462547939,MadNLP,1.0,0.01,20.181894302368164,36479.11128148832,36479.111281488345,5.983663547644328e-14,1.0658141036401503e-14,NaN,35,LOCALLY_SOLVED,residual_tolerance_upper_bound
7,0.6358466462547939,ADMM,1.0,0.01,73.2111930847168,36569.804916901754,36479.111281488345,0.24861799596371179,1.5772938510849599e-12,1.162418579251467,6,converged,gap_callback_with_solver_termination
7,0.6358466462547939,MEL-ADMM,1.0,0.01,14.95361328125,36485.7970870284,36479.111281488345,0.01832776431547671,2.3732127374387346e-12,0.00994172768495627,18,converged,gap_residual_and_feasibility
7,0.6358466462547939,sMEL-ADMM,1.0,0.01,1.4797099999999999,36486.11068280734,36479.111281488345,0.019187422810229993,2.0061730054976579e-13,0.008456314784828223,32,converged,gap_residual_and_feasibility
8,0.6985131866188585,IPOPT,1.0,1.0e-10,13.371944427490234,36479.111281571895,36479.11128148834,2.290546406038249e-10,1.1546319456101628e-14,NaN,34,INTERRUPTED,gap_and_residual
8,0.6985131866188585,MadNLP,1.0,0.01,20.195960998535156,36479.111281488316,36479.11128148834,5.983663547644329e-14,1.1546319456101628e-14,NaN,35,LOCALLY_SOLVED,residual_tolerance_upper_bound
8,0.6985131866188585,ADMM,1.0,0.01,74.88036155700684,36617.504577215324,36479.11128148834,0.37937682927384037,4.795275287960976e-12,1.499684073955832,6,converged,gap_callback_with_solver_termination
8,0.6985131866188585,MEL-ADMM,1.0,0.01,13.245105743408203,36486.422364809885,36479.11128148834,0.02004183507961988,2.1062041000163845e-12,0.005880726092846622,16,converged,gap_residual_and_feasibility
8,0.6985131866188585,sMEL-ADMM,1.0,0.01,1.276665,36486.60953983054,36479.11128148834,0.020554937000363607,2.015054789694659e-13,0.00912884488915644,30,converged,gap_residual_and_feasibility
9,0.46885009045376125,IPOPT,1.0,1.0e-10,13.61703872680664,36479.111281572106,36479.11128148833,2.296530069585894e-10,1.865174681370263e-14,NaN,33,INTERRUPTED,gap_and_residual
9,0.46885009045376125,MadNLP,1.0,0.01,19.26898956298828,36479.11128148833,36479.11128148833,0.0,1.3322676295501878e-14,NaN,34,LOCALLY_SOLVED,residual_tolerance_upper_bound
9,0.46885009045376125,ADMM,1.0,0.01,69.13614273071289,36588.97204829023,36479.11128148833,0.30116075458681935,7.168154958492323e-13,1.1342369862956891,6,converged,gap_callback_with_solver_termination
9,0.46885009045376125,MEL-ADMM,1.0,0.01,15.379905700683594,36486.177190879025,36479.11128148833,0.019369741044870107,1.1737277816337155e-12,0.009379143055762817,18,converged,gap_residual_and_feasibility
9,0.46885009045376125,sMEL-ADMM,1.0,0.01,1.459378,36485.9199629595,36479.11128148833,0.01866460347301983,1.9989565558375944e-13,0.00928416755683692,32,converged,gap_residual_and_feasibility
10,0.40015212307604836,IPOPT,1.0,1.0e-10,12.952804565429688,36479.11128157194,36479.111281488345,2.2915436832961896e-10,1.3322676295501878e-14,NaN,33,INTERRUPTED,gap_and_residual
10,0.40015212307604836,MadNLP,1.0,0.01,19.775867462158203,36479.11128148836,36479.111281488345,3.9891090317628855e-14,1.509903313490213e-14,NaN,34,LOCALLY_SOLVED,residual_tolerance_upper_bound
10,0.40015212307604836,ADMM,1.0,0.01,69.84663009643555,36588.97205759405,36479.111281488345,0.30116078009130753,7.794875855893224e-13,1.1342369978871965,6,converged,gap_callback_with_solver_termination
10,0.40015212307604836,MEL-ADMM,1.0,0.01,15.173196792602539,36486.17719091433,36479.111281488345,0.019369741141605994,3.7354008775025704e-12,0.00937914387251837,18,converged,gap_residual_and_feasibility
10,0.40015212307604836,sMEL-ADMM,1.0,0.01,1.44775,36485.523279118985,36479.111281488345,0.017577176102678414,2.0122792321330962e-13,0.0032206625485180496,35,converged,gap_residual_and_feasibility
11,0.7193853112471236,IPOPT,1.0,1.0e-10,13.262033462524414,36479.11128157179,36479.11128148834,2.2877540297160152e-10,1.4210854715202004e-14,NaN,34,INTERRUPTED,gap_and_residual
11,0.7193853112471236,MadNLP,1.0,0.01,19.713163375854492,36479.11128148837,36479.11128148834,7.978218063525772e-14,1.4210854715202004e-14,NaN,35,LOCALLY_SOLVED,residual_tolerance_upper_bound
11,0.7193853112471236,ADMM,1.0,0.01,76.98535919189453,36712.52155427521,36479.11128148834,0.6398463794410478,4.940492459581947e-13,1.9813366152172578,6,converged,gap_callback_with_solver_termination
11,0.7193853112471236,MEL-ADMM,1.0,0.01,13.808012008666992,36486.63532734441,36479.11128148834,0.020625628179409796,3.268496584496461e-13,0.009395863946011218,16,converged,gap_residual_and_feasibility
11,0.7193853112471236,sMEL-ADMM,1.0,0.01,1.2382929999999999,36486.66073848057,36479.11128148834,0.02069528759616823,2.000621890374532e-13,0.008660720124289867,30,converged,gap_residual_and_feasibility
12,0.5267441347098047,IPOPT,1.0,1.0e-10,13.175010681152344,36479.11128157216,36479.11128148836,2.2971284359406565e-10,1.1546319456101628e-14,NaN,33,INTERRUPTED,gap_and_residual
12,0.5267441347098047,MadNLP,1.0,0.01,19.3939208984375,36479.11128148833,36479.11128148836,7.978218063525767e-14,1.1546319456101628e-14,NaN,34,LOCALLY_SOLVED,residual_tolerance_upper_bound
12,0.5267441347098047,ADMM,1.0,0.01,70.07098197937012,36588.97204789796,36479.11128148836,0.30116075351141514,1.869504551166301e-12,1.1342369859729011,6,converged,gap_callback_with_solver_termination
12,0.5267441347098047,MEL-ADMM,1.0,0.01,15.474081039428711,36486.177190953786,36479.11128148836,0.019369741249730787,2.9291014058685505e-12,0.0093791429112553,18,converged,gap_residual_and_feasibility
12,0.5267441347098047,sMEL-ADMM,1.0,0.01,1.175165,36486.622217964046,36479.11128148836,0.020589691502429258,2.0017321133991572e-13,0.00841616574106574,29,converged,gap_residual_and_feasibility
13,0.2569077543027698,IPOPT,1.0,1.0e-10,13.319015502929688,36479.11128157141,36479.11128148836,2.2765845244270777e-10,9.769962616701378e-15,NaN,34,INTERRUPTED,gap_and_residual
13,0.2569077543027698,MadNLP,1.0,0.01,20.269155502319336,36479.111281488345,36479.11128148836,3.9891090317628836e-14,1.4210854715202004e-14,NaN,35,LOCALLY_SOLVED,residual_tolerance_upper_bound
13,0.2569077543027698,ADMM,1.0,0.01,75.22797584533691,36639.04026474676,36479.11128148836,0.43841249866073617,6.635914040487023e-12,1.7068042720387986,6,converged,gap_callback_with_solver_termination
13,0.2569077543027698,MEL-ADMM,1.0,0.01,13.562917709350586,36486.56874178613,36479.11128148836,0.020443097531156147,3.7925218521195347e-13,0.007771842596115519,16,converged,gap_residual_and_feasibility
13,0.2569077543027698,sMEL-ADMM,1.0,0.01,1.539795,36485.1971884725,36479.11128148836,0.016683265491797623,1.9972912213006566e-13,0.00713470731524346,39,converged,gap_residual_and_feasibility
14,0.26346455923970324,IPOPT,1.0,1.0e-10,12.820005416870117,36479.11128157142,36479.11128148834,2.2775818016850197e-10,1.0658141036401503e-14,NaN,34,INTERRUPTED,gap_and_residual
14,0.26346455923970324,MadNLP,1.0,0.01,22.108078002929688,36479.111281488345,36479.11128148834,1.994554515881443e-14,1.2434497875801753e-14,NaN,35,LOCALLY_SOLVED,residual_tolerance_upper_bound
14,0.26346455923970324,ADMM,1.0,0.01,78.77540588378906,36615.63712662025,36479.11128148834,0.3742575965692204,4.695577260349637e-12,1.559968521484815,6,converged,gap_callback_with_solver_termination
14,0.26346455923970324,MEL-ADMM,1.0,0.01,13.69476318359375,36486.50867022148,36479.11128148834,0.02027842366022437,9.709455461859307e-13,0.0067405013984149775,16,converged,gap_residual_and_feasibility
14,0.26346455923970324,sMEL-ADMM,1.0,0.01,1.475665,36485.10980031955,36479.11128148834,0.01644370879796353,1.9978463328129692e-13,0.007361304702376614,39,converged,gap_residual_and_feasibility
15,0.675422755642642,IPOPT,1.0,1.0e-10,12.883186340332031,36479.11134601534,36479.11128148833,1.768875658795748e-7,1.687538997430238e-14,NaN,33,INTERRUPTED,gap_and_residual
15,0.675422755642642,MadNLP,1.0,0.01,19.895076751708984,36479.11128148834,36479.11128148833,1.9945545158814434e-14,1.1546319456101628e-14,NaN,35,LOCALLY_SOLVED,residual_tolerance_upper_bound
15,0.675422755642642,ADMM,1.0,0.01,76.90572738647461,36568.006885390794,36479.11128148833,0.2436890614371251,1.7701395904623496e-12,1.1227303074297001,6,converged,gap_callback_with_solver_termination
15,0.675422755642642,MEL-ADMM,1.0,0.01,13.611793518066406,36486.224349307326,36479.11128148833,0.019499016201648376,4.014566457044566e-13,0.00493657291755234,16,converged,gap_residual_and_feasibility
15,0.675422755642642,sMEL-ADMM,1.0,0.01,1.124582,36486.557320409236,36479.11128148833,0.02041178816953205,1.992850329202156e-13,0.009671948705301858,30,converged,gap_residual_and_feasibility
16,0.4329462404269192,IPOPT,1.0,1.0e-10,14.667034149169922,36479.11128157208,36479.11128148834,2.2955327923279529e-10,1.4210854715202004e-14,NaN,33,INTERRUPTED,gap_and_residual
16,0.4329462404269192,MadNLP,1.0,0.01,19.197940826416016,36479.11128148836,36479.11128148834,5.983663547644329e-14,1.1546319456101628e-14,NaN,34,LOCALLY_SOLVED,residual_tolerance_upper_bound
16,0.4329462404269192,ADMM,1.0,0.01,70.95885276794434,36588.97205507087,36479.11128148834,0.30116077317455153,3.2507330161024584e-13,1.1342369941657182,6,converged,gap_callback_with_solver_termination
16,0.4329462404269192,MEL-ADMM,1.0,0.01,15.497922897338867,36486.17719105887,36479.11128148834,0.019369741537864145,6.396161378319221e-12,0.009379143341372576,18,converged,gap_residual_and_feasibility
16,0.4329462404269192,sMEL-ADMM,1.0,0.01,1.335836,36485.51374648369,36479.11128148834,0.01755104433862363,2.0022872249114698e-13,0.008994343324483012,33,converged,gap_residual_and_feasibility
17,0.2779516321195472,IPOPT,1.0,1.0e-10,14.707803726196289,36479.111281571524,36479.11128148834,2.2803741780072538e-10,1.687538997430238e-14,NaN,34,INTERRUPTED,gap_and_residual
17,0.2779516321195472,MadNLP,1.0,0.01,22.449970245361328,36479.11128148834,36479.11128148834,0.0,1.5987211554602254e-14,NaN,35,LOCALLY_SOLVED,residual_tolerance_upper_bound
17,0.2779516321195472,ADMM,1.0,0.01,82.51237869262695,36578.908653585146,36479.11128148834,0.2735740224774901,1.111166714196088e-12,1.2539649771865786,6,converged,gap_callback_with_solver_termination
17,0.2779516321195472,MEL-ADMM,1.0,0.01,14.667749404907227,36486.38829542311,36479.11128148834,0.019948440845002587,3.943512183468556e-13,0.004575167050160367,16,converged,gap_residual_and_feasibility
17,0.2779516321195472,sMEL-ADMM,1.0,0.01,2.1012090000000003,36484.926728672435,36479.11128148834,0.015941855433984325,1.9989565558375944e-13,0.006865657837666461,39,converged,gap_residual_and_feasibility
18,0.35417114365979185,IPOPT,1.0,1.0e-10,14.780044555664062,36479.1112815699,36479.11128148837,2.2350977904967434e-10,1.1546319456101628e-14,NaN,33,INTERRUPTED,gap_and_residual
18,0.35417114365979185,MadNLP,1.0,0.01,19.285917282104492,36479.11128148833,36479.11128148837,9.972772579407208e-14,9.769962616701378e-15,NaN,34,LOCALLY_SOLVED,residual_tolerance_upper_bound
18,0.35417114365979185,ADMM,1.0,0.01,71.12598419189453,36584.12351123438,36479.11128148837,0.28786948491067127,3.5782488083668795e-13,1.1748219916012301,6,converged,gap_callback_with_solver_termination
18,0.35417114365979185,MEL-ADMM,1.0,0.01,15.602827072143555,36485.93268097977,36479.11128148837,0.018699467316424415,1.392996828997184e-12,0.009516855216118003,18,converged,gap_residual_and_feasibility
18,0.35417114365979185,sMEL-ADMM,1.0,0.01,1.348128,36485.38445237935,36479.11128148837,0.017196611075797865,1.9950707752514063e-13,0.005495345958729914,36,converged,gap_residual_and_feasibility
19,0.591016545349401,IPOPT,1.0,1.0e-10,13.191938400268555,36479.111281572004,36479.11128148833,2.29373769326366e-10,1.3322676295501878e-14,NaN,33,INTERRUPTED,gap_and_residual
19,0.591016545349401,MadNLP,1.0,0.01,20.987987518310547,36479.11128148835,36479.11128148833,5.98366354764433e-14,1.1546319456101628e-14,NaN,34,LOCALLY_SOLVED,residual_tolerance_upper_bound
19,0.591016545349401,ADMM,1.0,0.01,71.63500785827637,36596.16738155717,36479.11128148833,0.32088528463751437,2.5486279753295094e-12,1.0604843543485742,6,converged,gap_callback_with_solver_termination
19,0.591016545349401,MEL-ADMM,1.0,0.01,15.641927719116211,36486.084436520236,36479.11128148833,0.01911547399852185,1.3944401189291966e-12,0.009404132866785098,18,converged,gap_residual_and_feasibility
19,0.591016545349401,sMEL-ADMM,1.0,0.01,1.090498,36486.72969832109,36479.11128148833,0.0208843268520799,1.9961809982760315e-13,0.009634317413961924,29,converged,gap_residual_and_feasibility
20,0.5330147075864293,IPOPT,1.0,1.0e-10,13.106107711791992,36479.11128157213,36479.11128148834,2.2969289804890697e-10,1.509903313490213e-14,NaN,33,INTERRUPTED,gap_and_residual
20,0.5330147075864293,MadNLP,1.0,0.01,20.895957946777344,36479.11128148834,36479.11128148834,0.0,1.1546319456101628e-14,NaN,34,LOCALLY_SOLVED,residual_tolerance_upper_bound
20,0.5330147075864293,ADMM,1.0,0.01,71.5632438659668,36588.97204840357,36479.11128148834,0.30116075489751104,2.9309887850104133e-13,1.1342369893734157,6,converged,gap_callback_with_solver_termination
20,0.5330147075864293,MEL-ADMM,1.0,0.01,15.268564224243164,36486.17719104169,36479.11128148834,0.019369741490752764,5.320410778608675e-12,0.009379142975541654,18,converged,gap_residual_and_feasibility
20,0.5330147075864293,sMEL-ADMM,1.0,0.01,1.382751,36486.63232819577,36479.11128148834,0.02061740662866722,2.0061730054976579e-13,0.008498891832322997,29,converged,gap_residual_and_feasibility
21,0.4724846693080612,IPOPT,1.0,1.0e-10,14.018058776855469,36479.11128157212,36479.11128148833,2.2969289804890702e-10,1.1546319456101628e-14,NaN,33,INTERRUPTED,gap_and_residual
21,0.4724846693080612,MadNLP,1.0,0.01,20.032167434692383,36479.11128148834,36479.11128148833,1.9945545158814434e-14,1.2434497875801753e-14,NaN,34,LOCALLY_SOLVED,residual_tolerance_upper_bound
21,0.4724846693080612,ADMM,1.0,0.01,70.63007354736328,36588.972049663374,36479.11128148833,0.3011607583510224,2.5504043321689096e-12,1.134236988827027,6,converged,gap_callback_with_solver_termination
21,0.4724846693080612,MEL-ADMM,1.0,0.01,15.353918075561523,36486.17719089391,36479.11128148833,0.019369741085678693,2.31298313835282e-12,0.009379143251497801,18,converged,gap_residual_and_feasibility
21,0.4724846693080612,sMEL-ADMM,1.0,0.01,1.3259560000000001,36486.50983936278,36479.11128148833,0.020281628621257885,1.9989565558375944e-13,0.009862211176249858,29,converged,gap_residual_and_feasibility
22,0.34714340215163997,IPOPT,1.0,1.0e-10,13.21101188659668,36479.11128155827,36479.11128148834,1.9169663452136548e-10,1.1546319456101628e-14,NaN,34,INTERRUPTED,gap_and_residual
22,0.34714340215163997,MadNLP,1.0,0.01,20.33400535583496,36479.11128148832,36479.11128148834,3.989109031762886e-14,1.687538997430238e-14,NaN,35,LOCALLY_SOLVED,residual_tolerance_upper_bound
22,0.34714340215163997,ADMM,1.0,0.01,72.65353202819824,36578.07107016256,36479.11128148834,0.2712779593521444,2.8421709430404007e-13,1.1760219364854096,6,converged,gap_callback_with_solver_termination
22,0.34714340215163997,MEL-ADMM,1.0,0.01,14.925479888916016,36485.886806848124,36479.11128148834,0.018573712795531886,3.8546943414985435e-13,0.00967960725120065,18,converged,gap_residual_and_feasibility
22,0.34714340215163997,sMEL-ADMM,1.0,0.01,1.559082,36485.274881342804,36479.11128148834,0.01689624455734461,2.0000667788622195e-13,0.008357906787191283,35,converged,gap_residual_and_feasibility
23,0.2702404435837083,IPOPT,1.0,1.0e-10,13.441085815429688,36479.11128157148,36479.11128148835,2.2787785343945478e-10,1.2434497875801753e-14,NaN,34,INTERRUPTED,gap_and_residual
23,0.2702404435837083,MadNLP,1.0,0.01,19.84691619873047,36479.11128148834,36479.11128148835,3.989109031762884e-14,1.0658141036401503e-14,NaN,35,LOCALLY_SOLVED,residual_tolerance_upper_bound
23,0.2702404435837083,ADMM,1.0,0.01,78.38320732116699,36596.02328845087,36479.11128148835,0.3204902829468013,5.691724869194559e-12,1.4074634070919494,6,converged,gap_callback_with_solver_termination
23,0.2702404435837083,MEL-ADMM,1.0,0.01,13.602495193481445,36486.4518485426,36479.11128148835,0.020122658684324522,1.2654877146189847e-12,0.00571407053394779,16,converged,gap_residual_and_feasibility
23,0.2702404435837083,sMEL-ADMM,1.0,0.01,1.640711,36485.02174572356,36479.11128148835,0.016202325187153616,1.9939605522267811e-13,0.00717532676348398,39,converged,gap_residual_and_feasibility
24,0.509143559208959,IPOPT,1.0,1.0e-10,12.806892395019531,36479.111281572135,36479.11128148833,2.2973278913922465e-10,1.5987211554602254e-14,NaN,33,INTERRUPTED,gap_and_residual
24,0.509143559208959,MadNLP,1.0,0.01,19.455909729003906,36479.111281488316,36479.11128148833,3.989109031762887e-14,1.0658141036401503e-14,NaN,34,LOCALLY_SOLVED,residual_tolerance_upper_bound
24,0.509143559208959,ADMM,1.0,0.01,70.48702239990234,36588.972048069445,36479.11128148833,0.30116075398159176,7.005507285384738e-13,1.1342369920340163,6,converged,gap_callback_with_solver_termination
24,0.509143559208959,MEL-ADMM,1.0,0.01,15.543937683105469,36486.177190829905,36479.11128148833,0.01936974091021773,2.993161274389422e-13,0.00937914306892651,18,converged,gap_residual_and_feasibility
24,0.509143559208959,sMEL-ADMM,1.0,0.01,1.1932939999999999,36486.5939859201,36479.11128148833,0.020512299145754895,1.999511667349907e-13,0.008662023500678018,29,converged,gap_residual_and_feasibility
25,0.608597687821486,IPOPT,1.0,1.0e-10,13.468027114868164,36479.11128157197,36479.111281488345,2.292341505102542e-10,1.2434497875801753e-14,NaN,33,INTERRUPTED,gap_and_residual
25,0.608597687821486,MadNLP,1.0,0.01,19.719839096069336,36479.111281488345,36479.111281488345,0.0,1.2434497875801753e-14,NaN,34,LOCALLY_SOLVED,residual_tolerance_upper_bound
25,0.608597687821486,ADMM,1.0,0.01,73.31109046936035,36591.891191271694,36479.111281488345,0.3091629862172101,3.659295089164516e-13,1.1427883667795617,6,converged,gap_callback_with_solver_termination
25,0.608597687821486,MEL-ADMM,1.0,0.01,15.470743179321289,36485.95539956758,36479.111281488345,0.01876174566431715,7.284173264565652e-13,0.009551451500236396,18,converged,gap_residual_and_feasibility
25,0.608597687821486,sMEL-ADMM,1.0,0.01,1.257125,36486.76068248978,36479.111281488345,0.020969263594197044,1.999511667349907e-13,0.009966547210320087,29,converged,gap_residual_and_feasibility
26,0.5156405416126328,IPOPT,1.0,1.0e-10,12.910842895507812,36479.11128157214,36479.111281488345,2.2971284359406576e-10,1.3322676295501878e-14,NaN,33,INTERRUPTED,gap_and_residual
26,0.5156405416126328,MadNLP,1.0,0.01,19.740819931030273,36479.11128148834,36479.111281488345,1.9945545158814427e-14,1.2434497875801753e-14,NaN,34,LOCALLY_SOLVED,residual_tolerance_upper_bound
26,0.5156405416126328,ADMM,1.0,0.01,69.10371780395508,36588.97204822436,36479.111281488345,0.3011607544062123,3.304023721284466e-13,1.1342369910321821,6,converged,gap_callback_with_solver_termination
26,0.5156405416126328,MEL-ADMM,1.0,0.01,15.326976776123047,36486.17719095559,36479.111281488345,0.01936974125471718,2.984501534797346e-12,0.00937914294858988,18,converged,gap_residual_and_feasibility
26,0.5156405416126328,sMEL-ADMM,1.0,0.01,1.39,36486.60438198801,36479.111281488345,0.020540797833153254,2.0050627824730327e-13,0.008576692980593492,29,converged,gap_residual_and_feasibility
27,0.7328939743119018,IPOPT,1.0,1.0e-10,14.72783088684082,36479.111281571735,36479.111281488345,2.2859589306517213e-10,1.2434497875801753e-14,NaN,34,INTERRUPTED,gap_and_residual
27,0.7328939743119018,MadNLP,1.0,0.01,20.46799659729004,36479.11128148834,36479.111281488345,1.9945545158814427e-14,1.0658141036401503e-14,NaN,35,LOCALLY_SOLVED,residual_tolerance_upper_bound
27,0.7328939743119018,ADMM,1.0,0.01,80.16347885131836,36808.89392542298,36479.111281488345,0.904031464445196,1.500466417780899e-12,2.2995016797001595,6,converged,gap_callback_with_solver_termination
27,0.7328939743119018,MEL-ADMM,1.0,0.01,15.54107666015625,36485.88474543284,36479.111281488345,0.018568061848409964,1.5161205624281138e-12,0.005148748007036019,19,converged,gap_residual_and_feasibility
27,0.7328939743119018,sMEL-ADMM,1.0,0.01,1.3040420000000001,36486.69439406987,36479.111281488345,0.02078754748987542,2.0028423364237824e-13,0.00837537282311196,30,converged,gap_residual_and_feasibility
28,0.3874249457193082,IPOPT,1.0,1.0e-10,15.214920043945312,36479.11128157188,36479.11128148834,2.2901474951350728e-10,1.2434497875801753e-14,NaN,33,INTERRUPTED,gap_and_residual
28,0.3874249457193082,MadNLP,1.0,0.01,22.047996520996094,36479.11128148833,36479.11128148834,1.994554515881443e-14,1.2434497875801753e-14,NaN,34,LOCALLY_SOLVED,residual_tolerance_upper_bound
28,0.3874249457193082,ADMM,1.0,0.01,71.72203063964844,36591.16076080079,36479.11128148834,0.30716066092682787,4.386102592235375e-12,1.108479378985697,6,converged,gap_callback_with_solver_termination
28,0.3874249457193082,MEL-ADMM,1.0,0.01,15.203714370727539,36486.14972016962,36479.11128148834,0.019294435730543583,2.4648616481215413e-12,0.009420841952230141,18,converged,gap_residual_and_feasibility
28,0.3874249457193082,sMEL-ADMM,1.0,0.01,1.345296,36485.26245821803,36479.11128148834,0.016862189109338593,2.0000667788622195e-13,0.005566742921919499,34,converged,gap_residual_and_feasibility
29,0.39897867351998323,IPOPT,1.0,1.0e-10,12.73798942565918,36479.111281571946,36479.11128148836,2.2913442278446004e-10,1.0658141036401503e-14,NaN,33,INTERRUPTED,gap_and_residual
29,0.39897867351998323,MadNLP,1.0,0.01,19.340038299560547,36479.11128148835,36479.11128148836,1.9945545158814418e-14,1.0658141036401503e-14,NaN,34,LOCALLY_SOLVED,residual_tolerance_upper_bound
29,0.39897867351998323,ADMM,1.0,0.01,69.41866874694824,36588.97205702558,36479.11128148836,0.30116077853292206,2.4311663793241678e-12,1.1342369984401133,6,converged,gap_callback_with_solver_termination
29,0.39897867351998323,MEL-ADMM,1.0,0.01,15.476703643798828,36486.17719093436,36479.11128148836,0.019369741196476182,3.896105660317062e-12,0.009379143685339209,18,converged,gap_residual_and_feasibility
29,0.39897867351998323,sMEL-ADMM,1.0,0.01,1.1997920000000002,36485.35116577867,36479.11128148836,0.017105362688699985,2.0028423364237824e-13,0.00933292204988767,34,converged,gap_residual_and_feasibility
30,0.37412909015079604,IPOPT,1.0,1.0e-10,12.91203498840332,36479.111345991754,36479.11128148836,1.7682282263998912e-7,1.5987211554602254e-14,NaN,32,INTERRUPTED,gap_and_residual
30,0.37412909015079604,MadNLP,1.0,0.01,19.86980438232422,36479.11128148834,36479.11128148836,5.983663547644325e-14,9.769962616701378e-15,NaN,34,LOCALLY_SOLVED,residual_tolerance_upper_bound
30,0.37412909015079604,ADMM,1.0,0.01,68.31908226013184,36596.940566661564,36479.11128148836,0.3230048129845681,3.2559510643181966e-12,1.1049835058640154,6,converged,gap_callback_with_solver_termination
30,0.37412909015079604,MEL-ADMM,1.0,0.01,15.208721160888672,36486.06292731676,36479.11128148836,0.01905651092965513,1.9701462683485715e-12,0.009381892712655215,18,converged,gap_residual_and_feasibility
30,0.37412909015079604,sMEL-ADMM,1.0,0.01,1.4231669999999998,36484.99886910595,36479.11128148836,0.016139613633010034,2.0050627824730327e-13,0.007817616282354223,33,converged,gap_residual_and_feasibility
31,0.44054030536947375,IPOPT,1.0,1.0e-10,13.116121292114258,36479.111281572055,36479.11128148833,2.295133881424777e-10,1.1546319456101628e-14,NaN,33,INTERRUPTED,gap_and_residual
31,0.44054030536947375,MadNLP,1.0,0.01,19.93393898010254,36479.11128148834,36479.11128148833,1.9945545158814434e-14,1.5987211554602254e-14,NaN,34,LOCALLY_SOLVED,residual_tolerance_upper_bound
31,0.44054030536947375,ADMM,1.0,0.01,71.91658020019531,36588.97205517775,36479.11128148833,0.30116077346755166,1.4345191701181648e-12,1.1342369957530165,6,converged,gap_callback_with_solver_termination
31,0.44054030536947375,MEL-ADMM,1.0,0.01,15.44642448425293,36486.17719095712,36479.11128148833,0.019369741258945646,3.860745056982751e-12,0.009379143425117142,18,converged,gap_residual_and_feasibility
31,0.44054030536947375,sMEL-ADMM,1.0,0.01,1.507625,36485.7314068999,36479.11128148833,0.01814771571731044,2.0050627824730327e-13,0.009247176500041476,34,converged,gap_residual_and_feasibility
32,0.6219976619441033,IPOPT,1.0,1.0e-10,13.982057571411133,36479.11128156979,36479.11128148835,2.2325048696260984e-10,1.0658141036401503e-14,NaN,33,INTERRUPTED,gap_and_residual
32,0.6219976619441033,MadNLP,1.0,0.01,19.72508430480957,36479.11128148834,36479.11128148835,3.989109031762884e-14,1.2434497875801753e-14,NaN,34,LOCALLY_SOLVED,residual_tolerance_upper_bound
32,0.6219976619441033,ADMM,1.0,0.01,74.6157169342041,36580.97380107575,36479.11128148835,0.27923520066424545,2.9398705692074145e-13,1.1658918385188883,6,converged,gap_callback_with_solver_termination
32,0.6219976619441033,MEL-ADMM,1.0,0.01,14.881134033203125,36485.87990983318,36479.11128148835,0.018554806043924236,4.4317882696987e-12,0.009584918252203423,18,converged,gap_residual_and_feasibility
32,0.6219976619441033,sMEL-ADMM,1.0,0.01,1.3580020000000002,36486.09863868028,36479.11128148835,0.019154406306703085,2.0028423364237824e-13,0.008467047395424032,32,converged,gap_residual_and_feasibility
33,0.6603922323320581,IPOPT,1.0,1.0e-10,13.909101486206055,36479.11134600765,36479.11128148834,1.7686646349279673e-7,1.2434497875801753e-14,NaN,33,INTERRUPTED,gap_and_residual
33,0.6603922323320581,MadNLP,1.0,0.01,20.617008209228516,36479.11128148834,36479.11128148834,0.0,1.2434497875801753e-14,NaN,35,LOCALLY_SOLVED,residual_tolerance_upper_bound
33,0.6603922323320581,ADMM,1.0,0.01,76.52473449707031,36558.063817718496,36479.11128148834,0.21643218120344565,3.055777852978281e-12,1.130070180689426,6,converged,gap_callback_with_solver_termination
33,0.6603922323320581,MEL-ADMM,1.0,0.01,13.423919677734375,36486.1029664072,36479.11128148834,0.019166269882258308,1.1756151607755783e-12,0.006829028582004959,16,converged,gap_residual_and_feasibility
33,0.6603922323320581,sMEL-ADMM,1.0,0.01,1.247584,36486.13720346893,36479.11128148834,0.019260123763359973,2.0050627824730327e-13,0.008437812327393601,32,converged,gap_residual_and_feasibility
34,0.3928217334956574,IPOPT,1.0,1.0e-10,12.938976287841797,36479.11128157192,36479.111281488345,2.290945316941425e-10,1.1546319456101628e-14,NaN,33,INTERRUPTED,gap_and_residual
34,0.3928217334956574,MadNLP,1.0,0.01,19.435882568359375,36479.11128148835,36479.111281488345,1.9945545158814427e-14,1.687538997430238e-14,NaN,34,LOCALLY_SOLVED,residual_tolerance_upper_bound
34,0.3928217334956574,ADMM,1.0,0.01,71.40612602233887,36588.97205767034,36479.111281488345,0.3011607803004365,5.594413821086164e-13,1.134236997907628,6,converged,gap_callback_with_solver_termination
34,0.3928217334956574,MEL-ADMM,1.0,0.01,15.913724899291992,36486.177190811315,36479.111281488345,0.019369740859216965,1.734057342162032e-12,0.009379144053915489,18,converged,gap_residual_and_feasibility
34,0.3928217334956574,sMEL-ADMM,1.0,0.01,1.3051670000000002,36485.2980379465,36479.111281488345,0.016959723635851874,1.999511667349907e-13,0.00576933076932562,34,converged,gap_residual_and_feasibility
35,0.27881544293397387,IPOPT,1.0,1.0e-10,13.837099075317383,36479.11128157154,36479.11128148835,2.2803741780072528e-10,9.769962616701378e-15,NaN,34,INTERRUPTED,gap_and_residual
35,0.27881544293397387,MadNLP,1.0,0.01,19.879817962646484,36479.11128148833,36479.11128148835,5.983663547644327e-14,1.1546319456101628e-14,NaN,35,LOCALLY_SOLVED,residual_tolerance_upper_bound
35,0.27881544293397387,ADMM,1.0,0.01,75.97064971923828,36577.288493636304,36479.11128148835,0.2691326863485639,1.166289287368727e-12,1.236888865222892,6,converged,gap_callback_with_solver_termination
35,0.27881544293397387,MEL-ADMM,1.0,0.01,13.726949691772461,36486.380961561095,36479.11128148835,0.019928336566772925,1.6855405959859127e-12,0.004449177136374161,16,converged,gap_residual_and_feasibility
35,0.27881544293397387,sMEL-ADMM,1.0,0.01,1.791291,36484.919656462145,36479.11128148835,0.015922468420276555,1.9922952176898434e-13,0.006823821382534234,39,converged,gap_residual_and_feasibility
36,0.5816818806183403,IPOPT,1.0,1.0e-10,12.785196304321289,36479.111281572055,36479.11128148835,2.294535515070011e-10,1.865174681370263e-14,NaN,33,INTERRUPTED,gap_and_residual
36,0.5816818806183403,MadNLP,1.0,0.01,20.020008087158203,36479.11128148833,36479.11128148835,5.983663547644327e-14,1.5987211554602254e-14,NaN,34,LOCALLY_SOLVED,residual_tolerance_upper_bound
36,0.5816818806183403,ADMM,1.0,0.01,70.86992263793945,36591.40465612422,36479.11128148835,0.3078292499215922,3.116062963215427e-12,1.1073566935047845,6,converged,gap_callback_with_solver_termination
36,0.5816818806183403,MEL-ADMM,1.0,0.01,15.920877456665039,36486.14907192269,36479.11128148835,0.01929265869454394,2.0791146582155307e-12,0.009398051196273904,18,converged,gap_residual_and_feasibility
36,0.5816818806183403,sMEL-ADMM,1.0,0.01,1.2148759999999998,36486.71357317521,36479.11128148835,0.020840123072621026,2.0017321133991572e-13,0.009457007119587857,29,converged,gap_residual_and_feasibility
37,0.28534507615587235,IPOPT,1.0,1.0e-10,13.193845748901367,36479.111281571575,36479.11128148833,2.2819698216199593e-10,1.509903313490213e-14,NaN,34,INTERRUPTED,gap_and_residual
37,0.28534507615587235,MadNLP,1.0,0.01,20.058870315551758,36479.11128148833,36479.11128148833,0.0,1.3322676295501878e-14,NaN,35,LOCALLY_SOLVED,residual_tolerance_upper_bound
37,0.28534507615587235,ADMM,1.0,0.01,74.19466972351074,36566.78307942015,36479.11128148833,0.24033424842866147,1.7085222125956534e-12,1.115040750870385,6,converged,gap_callback_with_solver_termination
37,0.28534507615587235,MEL-ADMM,1.0,0.01,13.53907585144043,36486.328108029316,36479.11128148833,0.019783449452201268,1.1585732373475821e-12,0.004215106917339284,16,converged,gap_residual_and_feasibility
37,0.28534507615587235,sMEL-ADMM,1.0,0.01,1.773875,36484.88162091629,36479.11128148833,0.01581820177425186,2.003397447936095e-13,0.006425621084629185,39,converged,gap_residual_and_feasibility
38,0.7267954993753094,IPOPT,1.0,1.0e-10,13.278961181640625,36479.11128157175,36479.111281488345,2.2863578415548976e-10,1.3322676295501878e-14,NaN,34,INTERRUPTED,gap_and_residual
38,0.7267954993753094,MadNLP,1.0,0.01,20.127058029174805,36479.11128148836,36479.111281488345,3.9891090317628855e-14,1.4210854715202004e-14,NaN,35,LOCALLY_SOLVED,residual_tolerance_upper_bound
38,0.7267954993753094,ADMM,1.0,0.01,79.15472984313965,36761.431803578314,36479.111281488345,0.7739237941173066,1.3592460490485792e-12,2.155739421472467,6,converged,gap_callback_with_solver_termination
38,0.7267954993753094,MEL-ADMM,1.0,0.01,15.809059143066406,36485.91345484327,36479.111281488345,0.018646762807450066,8.110179194886769e-13,0.004908724344004689,19,converged,gap_residual_and_feasibility
38,0.7267954993753094,sMEL-ADMM,1.0,0.01,1.256208,36486.67915945639,36479.111281488345,0.02074578492235922,1.9984014443252818e-13,0.008502358712812352,30,converged,gap_residual_and_feasibility
39,0.4508793717567228,IPOPT,1.0,1.0e-10,14.312028884887695,36479.11128157208,36479.11128148834,2.2955327923279529e-10,1.4210854715202004e-14,NaN,33,INTERRUPTED,gap_and_residual
39,0.4508793717567228,MadNLP,1.0,0.01,19.16790008544922,36479.11128148835,36479.11128148834,3.989109031762886e-14,1.2434497875801753e-14,NaN,34,LOCALLY_SOLVED,residual_tolerance_upper_bound
39,0.4508793717567228,ADMM,1.0,0.01,71.00844383239746,36588.97205479953,36479.11128148834,0.3011607724307223,1.7733592372337625e-12,1.1342369953591405,6,converged,gap_callback_with_solver_termination
39,0.4508793717567228,MEL-ADMM,1.0,0.01,15.401363372802734,36486.17719097397,36479.11128148834,0.019369741305119578,4.348688076305507e-12,0.009379143449426586,18,converged,gap_residual_and_feasibility
39,0.4508793717567228,sMEL-ADMM,1.0,0.01,1.547124,36486.08893410751,36479.11128148834,0.01912780321134554,2.0067281170099704e-13,0.0091237957611785,36,converged,gap_residual_and_feasibility
40,0.6116850634187863,IPOPT,1.0,1.0e-10,14.405965805053711,36479.11128157148,36479.111281488345,2.2789779898461363e-10,1.4210854715202004e-14,NaN,33,INTERRUPTED,gap_and_residual
40,0.6116850634187863,MadNLP,1.0,0.01,19.665002822875977,36479.11128148832,36479.111281488345,5.983663547644328e-14,1.3322676295501878e-14,NaN,34,LOCALLY_SOLVED,residual_tolerance_upper_bound
40,0.6116850634187863,ADMM,1.0,0.01,70.85871696472168,36588.659745312616,36479.111281488345,0.3003046400416612,1.8893775433070914e-12,1.1411092610514046,6,converged,gap_callback_with_solver_termination
40,0.6116850634187863,MEL-ADMM,1.0,0.01,15.702962875366211,36485.93481105634,36479.111281488345,0.01870530648441033,1.0971223929345797e-12,0.00957209898748701,18,converged,gap_residual_and_feasibility
40,0.6116850634187863,sMEL-ADMM,1.0,0.01,1.209084,36486.089888428774,36479.111281488345,0.01913041928729874,2.0039525594484076e-13,0.008473933857528593,32,converged,gap_residual_and_feasibility
41,0.4868256657990442,IPOPT,1.0,1.0e-10,15.074968338012695,36479.11128157212,36479.111281488345,2.296530069585893e-10,1.0658141036401503e-14,NaN,33,INTERRUPTED,gap_and_residual
41,0.4868256657990442,MadNLP,1.0,0.01,19.170045852661133,36479.11128148833,36479.111281488345,3.9891090317628855e-14,9.769962616701378e-15,NaN,34,LOCALLY_SOLVED,residual_tolerance_upper_bound
41,0.4868256657990442,ADMM,1.0,0.01,69.43535804748535,36588.97204672756,36479.111281488345,0.30116075030305467,3.6415315207705135e-13,1.1342369799634673,6,converged,gap_callback_with_solver_termination
41,0.4868256657990442,MEL-ADMM,1.0,0.01,15.234231948852539,36486.17719085322,36479.111281488345,0.01936974097408336,9.89985871058252e-13,0.009379143107515198,18,converged,gap_residual_and_feasibility
41,0.4868256657990442,sMEL-ADMM,1.0,0.01,1.328795,36486.55930433379,36479.111281488345,0.020417226691651524,2.0045076709607201e-13,0.0089963245839364,29,converged,gap_residual_and_feasibility
42,0.6930088414984616,IPOPT,1.0,1.0e-10,13.375997543334961,36479.11128157194,36479.11128148837,2.2909453169414236e-10,1.3322676295501878e-14,NaN,34,INTERRUPTED,gap_and_residual
42,0.6930088414984616,MadNLP,1.0,0.01,19.769906997680664,36479.111281488345,36479.11128148837,5.983663547644324e-14,1.1546319456101628e-14,NaN,35,LOCALLY_SOLVED,residual_tolerance_upper_bound
42,0.6930088414984616,ADMM,1.0,0.01,75.58274269104004,36601.49641867737,36479.11128148837,0.3354937466667682,8.193445921733655e-13,1.372705660864121,6,converged,gap_callback_with_solver_termination
42,0.6930088414984616,MEL-ADMM,1.0,0.01,13.788461685180664,36486.37328759173,36479.11128148837,0.019907299954000306,2.503997009739578e-12,0.005008085128819673,16,converged,gap_residual_and_feasibility
42,0.6930088414984616,sMEL-ADMM,1.0,0.01,1.19321,36486.596853099174,36479.11128148837,0.020520158928886565,2.0050627824730327e-13,0.009255951944929564,30,converged,gap_residual_and_feasibility
43,0.6545689732203787,IPOPT,1.0,1.0e-10,13.112068176269531,36479.11134601561,36479.11128148834,1.7688828391920046e-7,1.3322676295501878e-14,NaN,33,INTERRUPTED,gap_and_residual
43,0.6545689732203787,MadNLP,1.0,0.01,21.29197120666504,36479.111281488345,36479.11128148834,1.994554515881443e-14,1.3322676295501878e-14,NaN,35,LOCALLY_SOLVED,residual_tolerance_upper_bound
43,0.6545689732203787,ADMM,1.0,0.01,74.76615905761719,36558.531854740395,36479.11128148834,0.217715208682618,1.5776269179923474e-12,1.1383402975713643,6,converged,gap_callback_with_solver_termination
43,0.6545689732203787,MEL-ADMM,1.0,0.01,13.263702392578125,36486.05664205048,36479.11128148834,0.019039281161607857,6.458167334244536e-13,0.007714778651110699,16,converged,gap_residual_and_feasibility
43,0.6545689732203787,sMEL-ADMM,1.0,0.01,1.282043,36486.13013065379,36479.11128148834,0.019240735091638872,2.0061730054976579e-13,0.008441492633361136,32,converged,gap_residual_and_feasibility
44,0.28576540787769134,IPOPT,1.0,1.0e-10,14.101028442382812,36479.11128157158,36479.11128148834,2.281969821619959e-10,1.4210854715202004e-14,NaN,34,INTERRUPTED,gap_and_residual
44,0.28576540787769134,MadNLP,1.0,0.01,20.659208297729492,36479.111281488345,36479.11128148834,1.994554515881443e-14,1.2434497875801753e-14,NaN,35,LOCALLY_SOLVED,residual_tolerance_upper_bound
44,0.28576540787769134,ADMM,1.0,0.01,76.85351371765137,36566.215297133334,36479.11128148834,0.23877778976813502,1.2041478925084448e-12,1.114739386631598,6,converged,gap_callback_with_solver_termination
44,0.28576540787769134,MEL-ADMM,1.0,0.01,13.716459274291992,36486.325021254735,36479.11128148834,0.01977498769291021,3.5793590313915047e-13,0.004204155117044195,16,converged,gap_residual_and_feasibility
44,0.28576540787769134,sMEL-ADMM,1.0,0.01,1.429745,36484.87977103152,36479.11128148834,0.015813130694629824,2.0011770018868447e-13,0.006458130602794654,39,converged,gap_residual_and_feasibility
45,0.7041459771315879,IPOPT,1.0,1.0e-10,13.63515853881836,36479.11128157188,36479.111281488345,2.2899480396834843e-10,1.2434497875801753e-14,NaN,34,INTERRUPTED,gap_and_residual
45,0.7041459771315879,MadNLP,1.0,0.01,19.93107795715332,36479.11128148834,36479.111281488345,1.9945545158814427e-14,1.4210854715202004e-14,NaN,35,LOCALLY_SOLVED,residual_tolerance_upper_bound
45,0.7041459771315879,ADMM,1.0,0.01,73.45032691955566,36637.49027592514,36479.111281488345,0.4341635222817701,2.0383694732117874e-12,1.632618964741659,6,converged,gap_callback_with_solver_termination
45,0.7041459771315879,MEL-ADMM,1.0,0.01,13.491153717041016,36486.4764852245,36479.111281488345,0.020190195093626167,1.2257972414886353e-12,0.006816687322810822,16,converged,gap_residual_and_feasibility
45,0.7041459771315879,sMEL-ADMM,1.0,0.01,1.366585,36486.6232127624,36479.111281488345,0.020592418538083,1.9961809982760315e-13,0.009000069865761517,30,converged,gap_residual_and_feasibility
46,0.39495427032477404,IPOPT,1.0,1.0e-10,12.984037399291992,36479.11128157191,36479.111281488345,2.290745861489837e-10,1.2434497875801753e-14,NaN,33,INTERRUPTED,gap_and_residual
46,0.39495427032477404,MadNLP,1.0,0.01,19.546985626220703,36479.111281488375,36479.111281488345,7.978218063525771e-14,1.1546319456101628e-14,NaN,34,LOCALLY_SOLVED,residual_tolerance_upper_bound
46,0.39495427032477404,ADMM,1.0,0.01,70.40643692016602,36588.97205802388,36479.111281488345,0.30116078126959056,4.005684672847565e-13,1.1342370044563914,6,converged,gap_callback_with_solver_termination
46,0.39495427032477404,MEL-ADMM,1.0,0.01,15.508413314819336,36486.17719099805,36479.111281488345,0.01936974137111938,6.264433416447446e-12,0.009379144031647968,18,converged,gap_residual_and_feasibility
46,0.39495427032477404,sMEL-ADMM,1.0,0.01,1.413498,36485.31543949098,36479.111281488345,0.01700742640016758,2.0045076709607201e-13,0.006835255281657737,34,converged,gap_residual_and_feasibility
47,0.5214327740944773,IPOPT,1.0,1.0e-10,13.238906860351562,36479.11128157215,36479.11128148835,2.297128435940657e-10,1.4210854715202004e-14,NaN,33,INTERRUPTED,gap_and_residual
47,0.5214327740944773,MadNLP,1.0,0.01,19.329071044921875,36479.111281488316,36479.11128148835,9.972772579407211e-14,1.2434497875801753e-14,NaN,34,LOCALLY_SOLVED,residual_tolerance_upper_bound
47,0.5214327740944773,ADMM,1.0,0.01,71.29240036010742,36588.97204809587,36479.11128148835,0.30116075405397397,1.8209878049901818e-12,1.134236988874366,6,converged,gap_callback_with_solver_termination
47,0.5214327740944773,MEL-ADMM,1.0,0.01,16.217708587646484,36486.177190905066,36479.11128148835,0.019369741116195365,1.3379297669757761e-12,0.009379142784005978,18,converged,gap_residual_and_feasibility
47,0.5214327740944773,sMEL-ADMM,1.0,0.01,1.482373,36486.61367560894,36479.11128148835,0.020566274388363254,2.0028423364237824e-13,0.00849521796512498,29,converged,gap_residual_and_feasibility
48,0.3161929620779189,IPOPT,1.0,1.0e-10,15.161991119384766,36479.111281571706,36479.111281488345,2.2851611088453687e-10,1.2434497875801753e-14,NaN,34,INTERRUPTED,gap_and_residual
48,0.3161929620779189,MadNLP,1.0,0.01,20.335912704467773,36479.11128148833,36479.111281488345,3.9891090317628855e-14,1.1546319456101628e-14,NaN,35,LOCALLY_SOLVED,residual_tolerance_upper_bound
48,0.3161929620779189,ADMM,1.0,0.01,75.74105262756348,36553.966869961,36479.111281488345,0.20520123940255683,1.488198453358791e-12,1.1290684524303645,6,converged,gap_callback_with_solver_termination
48,0.3161929620779189,MEL-ADMM,1.0,0.01,14.649152755737305,36486.10004785246,36479.111281488345,0.019158269263153553,2.1755375279042255e-12,0.007509989533680539,16,converged,gap_residual_and_feasibility
48,0.3161929620779189,sMEL-ADMM,1.0,0.01,1.52375,36484.89125776399,36479.111281488345,0.015844619215218497,1.9961809982760315e-13,0.008856565108690262,38,converged,gap_residual_and_feasibility
49,0.3290178857468601,IPOPT,1.0,1.0e-10,13.317108154296875,36479.11134601841,36479.11128148834,1.768959629540866e-7,1.1546319456101628e-14,NaN,33,INTERRUPTED,gap_and_residual
49,0.3290178857468601,MadNLP,1.0,0.01,19.886016845703125,36479.11128148834,36479.11128148834,0.0,1.4210854715202004e-14,NaN,35,LOCALLY_SOLVED,residual_tolerance_upper_bound
49,0.3290178857468601,ADMM,1.0,0.01,76.68900489807129,36563.11324284508,36479.11128148834,0.23027414431384333,7.579492589115944e-13,1.1439650324764772,6,converged,gap_callback_with_solver_termination
49,0.3290178857468601,MEL-ADMM,1.0,0.01,14.03665542602539,36486.00363916008,36479.11128148834,0.01889398461096856,1.209143896119258e-12,0.009493114822067383,16,converged,gap_residual_and_feasibility
49,0.3290178857468601,sMEL-ADMM,1.0,0.01,1.835166,36485.09973782521,36479.11128148834,0.016416124534008567,1.9950707752514063e-13,0.0075405984110386015,35,converged,gap_residual_and_feasibility
50,0.6960363289468714,IPOPT,1.0,1.0e-10,14.671087265014648,36479.1112815719,36479.111281488345,2.2905464060382488e-10,1.4210854715202004e-14,NaN,34,INTERRUPTED,gap_and_residual
50,0.6960363289468714,MadNLP,1.0,0.01,21.020889282226562,36479.111281488345,36479.111281488345,0.0,1.3322676295501878e-14,NaN,35,LOCALLY_SOLVED,residual_tolerance_upper_bound
50,0.6960363289468714,ADMM,1.0,0.01,80.67774772644043,36609.90161258898,36479.111281488345,0.358534861475664,9.089395902606157e-13,1.4405819728816036,6,converged,gap_callback_with_solver_termination
50,0.6960363289468714,MEL-ADMM,1.0,0.01,14.003753662109375,36486.40002017082,36479.111281488345,0.019980581835533726,1.9113599591946695e-12,0.0054865313501961666,16,converged,gap_residual_and_feasibility
50,0.6960363289468714,sMEL-ADMM,1.0,0.01,1.6778710000000001,36486.60376593958,36479.111281488345,0.02053910906277298,1.9984014443252818e-13,0.00918588801724951,30,converged,gap_residual_and_feasibility
51,0.5861669802270939,IPOPT,1.0,1.0e-10,12.933015823364258,36479.11128157203,36479.11128148833,2.2945355150700126e-10,1.2434497875801753e-14,NaN,33,INTERRUPTED,gap_and_residual
51,0.5861669802270939,MadNLP,1.0,0.01,19.23990249633789,36479.11128148833,36479.11128148833,0.0,1.1546319456101628e-14,NaN,34,LOCALLY_SOLVED,residual_tolerance_upper_bound
51,0.5861669802270939,ADMM,1.0,0.01,73.53019714355469,36594.483720551914,36479.11128148833,0.31626987338951507,1.596056620201125e-12,1.076911314297785,6,converged,gap_callback_with_solver_termination
51,0.5861669802270939,MEL-ADMM,1.0,0.01,15.531301498413086,36486.116938431805,36479.11128148833,0.019204571321422767,5.682343484636476e-12,0.009403588402343566,18,converged,gap_residual_and_feasibility
51,0.5861669802270939,sMEL-ADMM,1.0,0.01,1.41096,36486.721294538365,36479.11128148833,0.020861289605748266,2.0050627824730327e-13,0.00954233629861534,29,converged,gap_residual_and_feasibility
52,0.7029108507999683,IPOPT,1.0,1.0e-10,14.77193832397461,36479.11128157186,36479.11128148835,2.2891502178771312e-10,1.509903313490213e-14,NaN,34,INTERRUPTED,gap_and_residual
52,0.7029108507999683,MadNLP,1.0,0.01,21.281003952026367,36479.11128148835,36479.11128148835,0.0,1.0658141036401503e-14,NaN,35,LOCALLY_SOLVED,residual_tolerance_upper_bound
52,0.7029108507999683,ADMM,1.0,0.01,77.93378829956055,36632.79664431243,36479.11128148835,0.42129689409968646,4.562683564302006e-12,1.6036884440924353,6,converged,gap_callback_with_solver_termination
52,0.7029108507999683,MEL-ADMM,1.0,0.01,13.322830200195312,36486.46432956166,36479.11128148835,0.020156872837637178,7.490674747145931e-13,0.006611291521379847,16,converged,gap_residual_and_feasibility
52,0.7029108507999683,sMEL-ADMM,1.0,0.01,1.206708,36486.62020341734,36479.11128148835,0.02058416903593267,1.999511667349907e-13,0.00902819257724552,30,converged,gap_residual_and_feasibility
53,0.2750178068860151,IPOPT,1.0,1.0e-10,13.340950012207031,36479.111281571495,36479.11128148834,2.2795763562009012e-10,1.1546319456101628e-14,NaN,34,INTERRUPTED,gap_and_residual
53,0.2750178068860151,MadNLP,1.0,0.01,19.884824752807617,36479.11128148835,36479.11128148834,3.989109031762886e-14,1.5987211554602254e-14,NaN,35,LOCALLY_SOLVED,residual_tolerance_upper_bound
53,0.2750178068860151,ADMM,1.0,0.01,77.65579223632812,36584.86736019948,36479.11128148834,0.28990859425023946,8.301692666634608e-13,1.312167763673318,6,converged,gap_callback_with_solver_termination
53,0.2750178068860151,MEL-ADMM,1.0,0.01,13.964176177978516,36486.41326411644,36479.11128148834,0.020016887395518868,8.765765890927923e-13,0.005007637970381396,16,converged,gap_residual_and_feasibility
53,0.2750178068860151,sMEL-ADMM,1.0,0.01,1.605001,36484.95771116159,36479.11128148834,0.0160267875720314,2.0067281170099704e-13,0.006991441440799662,39,converged,gap_residual_and_feasibility
54,0.5747040421967808,IPOPT,1.0,1.0e-10,14.472007751464844,36479.1112815721,36479.11128148833,2.2963306141343057e-10,1.509903313490213e-14,NaN,33,INTERRUPTED,gap_and_residual
54,0.5747040421967808,MadNLP,1.0,0.01,19.748926162719727,36479.111281488345,36479.11128148833,3.989109031762887e-14,1.1546319456101628e-14,NaN,34,LOCALLY_SOLVED,residual_tolerance_upper_bound
54,0.5747040421967808,ADMM,1.0,0.01,74.66530799865723,36588.972053075624,36479.11128148833,0.3011607677050044,2.205124971510486e-12,1.1342369929037943,6,converged,gap_callback_with_solver_termination
54,0.5747040421967808,MEL-ADMM,1.0,0.01,16.385555267333984,36486.17719096671,36479.11128148833,0.019369741285233874,4.059419467239422e-12,0.00937914341260715,18,converged,gap_residual_and_feasibility
54,0.5747040421967808,sMEL-ADMM,1.0,0.01,1.408461,36486.70165211342,36479.11128148833,0.020807443927346854,2.0028423364237824e-13,0.009323596577095472,29,converged,gap_residual_and_feasibility
55,0.451339088841107,IPOPT,1.0,1.0e-10,14.802932739257812,36479.1112815721,36479.11128148836,2.2955327923279513e-10,1.509903313490213e-14,NaN,33,INTERRUPTED,gap_and_residual
55,0.451339088841107,MadNLP,1.0,0.01,19.355058670043945,36479.111281488345,36479.11128148836,3.9891090317628836e-14,1.3322676295501878e-14,NaN,34,LOCALLY_SOLVED,residual_tolerance_upper_bound
55,0.451339088841107,ADMM,1.0,0.01,73.40502738952637,36588.97205513506,36479.11128148836,0.3011607733504511,2.1453949727856525e-12,1.134236997598049,6,converged,gap_callback_with_solver_termination
55,0.451339088841107,MEL-ADMM,1.0,0.01,16.19267463684082,36486.177190790666,36479.11128148836,0.01936974080257161,1.0896283875183599e-12,0.009379143084633057,18,converged,gap_residual_and_feasibility
55,0.451339088841107,sMEL-ADMM,1.0,0.01,2.169374,36486.094227518144,36479.11128148836,0.01914231401061509,2.0022872249114698e-13,0.008979586822142949,36,converged,gap_residual_and_feasibility
56,0.7226966482718395,IPOPT,1.0,1.0e-10,13.274908065795898,36479.11128157176,36479.1112814883,2.2877540297160175e-10,1.2434497875801753e-14,NaN,34,INTERRUPTED,gap_and_residual
56,0.7226966482718395,MadNLP,1.0,0.01,19.908905029296875,36479.11128148836,36479.1112814883,1.595643612705156e-13,1.3322676295501878e-14,NaN,35,LOCALLY_SOLVED,residual_tolerance_upper_bound
56,0.7226966482718395,ADMM,1.0,0.01,80.13701438903809,36733.29812597603,36479.1112814883,0.6968010885087411,1.1715739489659427e-11,2.0584645181347434,6,converged,gap_callback_with_solver_termination
56,0.7226966482718395,MEL-ADMM,1.0,0.01,14.321565628051758,36486.67146497123,36479.1112814883,0.020724692069910823,4.1300296516055823e-13,0.00995663480924236,16,converged,gap_residual_and_feasibility
56,0.7226966482718395,sMEL-ADMM,1.0,0.01,1.638044,36486.668946711674,36479.1112814883,0.020717788777950254,2.0106138975961585e-13,0.008589611153901444,30,converged,gap_residual_and_feasibility
57,0.4962443575910711,IPOPT,1.0,1.0e-10,15.053987503051758,36479.11128157213,36479.11128148834,2.2969289804890697e-10,1.4210854715202004e-14,NaN,33,INTERRUPTED,gap_and_residual
57,0.4962443575910711,MadNLP,1.0,0.01,19.552946090698242,36479.11128148836,36479.11128148834,5.983663547644329e-14,1.4210854715202004e-14,NaN,34,LOCALLY_SOLVED,residual_tolerance_upper_bound
57,0.4962443575910711,ADMM,1.0,0.01,72.63898849487305,36588.97204742605,36479.11128148834,0.30116075221782707,5.456746166032644e-13,1.1342369881444156,6,converged,gap_callback_with_solver_termination
57,0.4962443575910711,MEL-ADMM,1.0,0.01,16.321182250976562,36486.17719096915,36479.11128148834,0.019369741291915626,3.4249825198173767e-12,0.009379142897868675,18,converged,gap_residual_and_feasibility
57,0.4962443575910711,sMEL-ADMM,1.0,0.01,1.462292,36486.57374256085,36479.11128148834,0.020456806129215906,1.992850329202156e-13,0.008842999000362894,29,converged,gap_residual_and_feasibility
58,0.3374662042179045,IPOPT,1.0,1.0e-10,15.260934829711914,36479.1112815579,36479.11128148835,1.9065946617310707e-10,1.0658141036401503e-14,NaN,34,INTERRUPTED,gap_and_residual
58,0.3374662042179045,MadNLP,1.0,0.01,21.636009216308594,36479.11128148832,36479.11128148835,7.978218063525768e-14,1.3322676295501878e-14,NaN,35,LOCALLY_SOLVED,residual_tolerance_upper_bound
58,0.3374662042179045,ADMM,1.0,0.01,73.17185401916504,36569.72447408158,36479.11128148835,0.24839747847478452,1.4040435480922042e-12,1.1627821441357113,6,converged,gap_callback_with_solver_termination
58,0.3374662042179045,MEL-ADMM,1.0,0.01,15.943288803100586,36485.824744087855,36479.11128148835,0.018403580470199233,2.2954416145637424e-12,0.009993134999795927,18,converged,gap_residual_and_feasibility
58,0.3374662042179045,sMEL-ADMM,1.0,0.01,1.328166,36485.201669435664,36479.11128148835,0.01669554913307963,1.9978463328129692e-13,0.006277022068214677,35,converged,gap_residual_and_feasibility
59,0.6115661856852312,IPOPT,1.0,1.0e-10,13.892889022827148,36479.11128157152,36479.111281488345,2.279975267104077e-10,1.4210854715202004e-14,NaN,33,INTERRUPTED,gap_and_residual
59,0.6115661856852312,MadNLP,1.0,0.01,20.409107208251953,36479.111281488316,36479.111281488345,7.978218063525771e-14,1.2434497875801753e-14,NaN,34,LOCALLY_SOLVED,residual_tolerance_upper_bound
59,0.6115661856852312,ADMM,1.0,0.01,76.48658752441406,36588.75386771951,36479.111281488345,0.3005626573112414,1.2126966097980585e-12,1.1408109681712766,6,converged,gap_callback_with_solver_termination
59,0.6115661856852312,MEL-ADMM,1.0,0.01,16.237974166870117,36485.93551352544,36479.111281488345,0.01870723215933958,1.8676171720244383e-12,0.009571808480505872,18,converged,gap_residual_and_feasibility
59,0.6115661856852312,sMEL-ADMM,1.0,0.01,1.302419,36486.089788347934,36479.111281488345,0.01913014493620541,1.999511667349907e-13,0.008474007970612263,32,converged,gap_residual_and_feasibility
60,0.29616698039461326,IPOPT,1.0,1.0e-10,13.325929641723633,36479.111281571626,36479.11128148835,2.2827676434263106e-10,1.3322676295501878e-14,NaN,34,INTERRUPTED,gap_and_residual
60,0.29616698039461326,MadNLP,1.0,0.01,19.87004280090332,36479.11128148832,36479.11128148835,7.978218063525768e-14,1.4210854715202004e-14,NaN,35,LOCALLY_SOLVED,residual_tolerance_upper_bound
60,0.29616698039461326,ADMM,1.0,0.01,77.68821716308594,36555.74702037593,36479.11128148835,0.21008115657265536,1.4491741140432168e-12,1.11432637522765,6,converged,gap_callback_with_solver_termination
60,0.29616698039461326,MEL-ADMM,1.0,0.01,14.155864715576172,36486.24437436484,36479.11128148835,0.019553910788684986,3.1086244689504383e-13,0.005087382866483914,16,converged,gap_residual_and_feasibility
60,0.29616698039461326,sMEL-ADMM,1.0,0.01,1.7029969999999999,36484.87173317963,36479.11128148835,0.01579109657257274,2.0017321133991572e-13,0.0064517192725848105,39,converged,gap_residual_and_feasibility
61,0.7023878301046271,IPOPT,1.0,1.0e-10,13.221979141235352,36479.111281571866,36479.111281488345,2.289549128780308e-10,1.2434497875801753e-14,NaN,34,INTERRUPTED,gap_and_residual
61,0.7023878301046271,MadNLP,1.0,0.01,19.697189331054688,36479.11128148832,36479.111281488345,5.983663547644328e-14,1.3322676295501878e-14,NaN,35,LOCALLY_SOLVED,residual_tolerance_upper_bound
61,0.7023878301046271,ADMM,1.0,0.01,78.60684394836426,36630.85377634122,36479.111281488345,0.41597092013004866,5.4319881925835034e-12,1.5913717714384186,6,converged,gap_callback_with_solver_termination
61,0.7023878301046271,MEL-ADMM,1.0,0.01,14.267444610595703,36486.45921902937,36479.111281488345,0.020142863361786643,3.028688411177427e-13,0.006524417044803776,16,converged,gap_residual_and_feasibility
61,0.7023878301046271,sMEL-ADMM,1.0,0.01,1.62379,36486.618930991375,36479.111281488345,0.020580680941203876,2.0017321133991572e-13,0.009040120777962457,30,converged,gap_residual_and_feasibility
62,0.7249969404162471,IPOPT,1.0,1.0e-10,13.40794563293457,36479.111281571786,36479.11128148835,2.2871556633612497e-10,1.0658141036401503e-14,NaN,34,INTERRUPTED,gap_and_residual
62,0.7249969404162471,MadNLP,1.0,0.01,20.196914672851562,36479.11128148834,36479.11128148835,3.989109031762884e-14,1.2434497875801753e-14,NaN,35,LOCALLY_SOLVED,residual_tolerance_upper_bound
62,0.7249969404162471,ADMM,1.0,0.01,80.6124210357666,36748.74465631873,36479.11128148835,0.7391445826346332,8.549827512638331e-13,2.1131773379264924,6,converged,gap_callback_with_solver_termination
62,0.7249969404162471,MEL-ADMM,1.0,0.01,16.622543334960938,36485.92246338406,36479.11128148835,0.018671457873921566,7.639444632445702e-13,0.00483519710488256,19,converged,gap_residual_and_feasibility
62,0.7249969404162471,sMEL-ADMM,1.0,0.01,1.263419,36486.674671146255,36479.11128148835,0.020733481140863527,2.0039525594484076e-13,0.008540533764177738,30,converged,gap_residual_and_feasibility
63,0.48781234582387767,IPOPT,1.0,1.0e-10,14.681100845336914,36479.11128157212,36479.111281488345,2.296530069585893e-10,1.3322676295501878e-14,NaN,33,INTERRUPTED,gap_and_residual
63,0.48781234582387767,MadNLP,1.0,0.01,21.22807502746582,36479.11128148833,36479.111281488345,3.9891090317628855e-14,1.5987211554602254e-14,NaN,34,LOCALLY_SOLVED,residual_tolerance_upper_bound
63,0.48781234582387767,ADMM,1.0,0.01,74.31793212890625,36588.97204757156,36479.111281488345,0.301160752616698,5.430655924953953e-13,1.1342369865086281,6,converged,gap_callback_with_solver_termination
63,0.48781234582387767,MEL-ADMM,1.0,0.01,16.31450653076172,36486.17719090187,36479.111281488345,0.01936974110745922,2.6444402223546604e-12,0.009379143311802451,18,converged,gap_residual_and_feasibility
63,0.48781234582387767,sMEL-ADMM,1.0,0.01,1.1785809999999999,36486.56080890496,36479.111281488345,0.020421351164855325,2.0067281170099704e-13,0.008977816856377885,29,converged,gap_residual_and_feasibility
64,0.5406903974996202,IPOPT,1.0,1.0e-10,14.45913314819336,36479.11128157213,36479.111281488345,2.2967295250374813e-10,1.2434497875801753e-14,NaN,33,INTERRUPTED,gap_and_residual
64,0.5406903974996202,MadNLP,1.0,0.01,21.10004425048828,36479.11128148832,36479.111281488345,5.983663547644328e-14,1.1546319456101628e-14,NaN,34,LOCALLY_SOLVED,residual_tolerance_upper_bound
64,0.5406903974996202,ADMM,1.0,0.01,74.88679885864258,36588.97204712168,36479.111281488345,0.301160751383445,7.233103005432895e-13,1.1342369880554886,6,converged,gap_callback_with_solver_termination
64,0.5406903974996202,MEL-ADMM,1.0,0.01,15.871763229370117,36486.17719082469,36479.111281488345,0.019369740895876876,3.375077994860476e-13,0.009379143124024658,18,converged,gap_residual_and_feasibility
64,0.5406903974996202,sMEL-ADMM,1.0,0.01,1.87462,36486.64480917499,36479.111281488345,0.020651620672758064,2.0061730054976579e-13,0.008654745657555196,29,converged,gap_residual_and_feasibility
65,0.39288181146734297,IPOPT,1.0,1.0e-10,13.686895370483398,36479.111281571924,36479.11128148837,2.2905464060382473e-10,1.4210854715202004e-14,NaN,33,INTERRUPTED,gap_and_residual
65,0.39288181146734297,MadNLP,1.0,0.01,19.917964935302734,36479.11128148833,36479.11128148837,9.972772579407208e-14,1.2434497875801753e-14,NaN,34,LOCALLY_SOLVED,residual_tolerance_upper_bound
65,0.39288181146734297,ADMM,1.0,0.01,73.99535179138184,36588.972057961524,36479.11128148837,0.30116078109859723,3.552713678800501e-13,1.1342370003752942,6,converged,gap_callback_with_solver_termination
65,0.39288181146734297,MEL-ADMM,1.0,0.01,16.695022583007812,36486.177190731236,36479.11128148837,0.019369740639636448,3.82804898890754e-13,0.009379144266743467,18,converged,gap_residual_and_feasibility
65,0.39288181146734297,sMEL-ADMM,1.0,0.01,1.726289,36485.29851326917,36479.11128148837,0.016961026635374334,2.003397447936095e-13,0.005799063565337548,34,converged,gap_residual_and_feasibility
66,0.5627048085520532,IPOPT,1.0,1.0e-10,13.193130493164062,36479.11128157212,36479.11128148833,2.2969289804890702e-10,1.3322676295501878e-14,NaN,33,INTERRUPTED,gap_and_residual
66,0.5627048085520532,MadNLP,1.0,0.01,19.565820693969727,36479.111281488345,36479.11128148833,3.989109031762887e-14,1.2434497875801753e-14,NaN,34,LOCALLY_SOLVED,residual_tolerance_upper_bound
66,0.5627048085520532,ADMM,1.0,0.01,72.09396362304688,36588.97205199731,36479.11128148833,0.30116076474903475,3.9257486150745535e-13,1.1342369928147678,6,converged,gap_callback_with_solver_termination
66,0.5627048085520532,MEL-ADMM,1.0,0.01,15.863418579101562,36486.17719096294,36479.11128148833,0.01936974127490208,4.8859805090728514e-12,0.009379143642542331,18,converged,gap_residual_and_feasibility
66,0.5627048085520532,sMEL-ADMM,1.0,0.01,1.325165,36486.681387333716,36479.11128148833,0.02075189219104314,2.0061730054976579e-13,0.009091648377546946,29,converged,gap_residual_and_feasibility
67,0.6569580530278702,IPOPT,1.0,1.0e-10,14.766931533813477,36479.111346012134,36479.111281488345,1.7687873000306936e-7,1.2434497875801753e-14,NaN,33,INTERRUPTED,gap_and_residual
67,0.6569580530278702,MadNLP,1.0,0.01,21.566152572631836,36479.11128148833,36479.111281488345,3.9891090317628855e-14,9.769962616701378e-15,NaN,35,LOCALLY_SOLVED,residual_tolerance_upper_bound
67,0.6569580530278702,ADMM,1.0,0.01,77.99053192138672,36558.069128390045,36479.111281488345,0.21644673932001063,3.552713678800501e-13,1.133632297759057,6,converged,gap_callback_with_solver_termination
67,0.6569580530278702,MEL-ADMM,1.0,0.01,14.297723770141602,36486.074668811794,36479.111281488345,0.019088697829605504,1.5554224574998443e-12,0.0073586307398789685,16,converged,gap_residual_and_feasibility
67,0.6569580530278702,sMEL-ADMM,1.0,0.01,1.303873,36486.13303610469,36479.111281488345,0.019248699789215697,1.986188991054405e-13,0.008439814888964392,32,converged,gap_residual_and_feasibility
68,0.47822060822139323,IPOPT,1.0,1.0e-10,14.030933380126953,36479.1112815721,36479.11128148834,2.2961311586827173e-10,1.2434497875801753e-14,NaN,33,INTERRUPTED,gap_and_residual
68,0.47822060822139323,MadNLP,1.0,0.01,19.954204559326172,36479.11128148834,36479.11128148834,0.0,1.2434497875801753e-14,NaN,34,LOCALLY_SOLVED,residual_tolerance_upper_bound
68,0.47822060822139323,ADMM,1.0,0.01,74.41258430480957,36588.97204775854,36479.11128148834,0.3011607531292986,1.4616641230702498e-12,1.1342369836458595,6,converged,gap_callback_with_solver_termination
68,0.47822060822139323,MEL-ADMM,1.0,0.01,16.607284545898438,36486.17719078284,36479.11128148834,0.019369740781170052,4.865552405419749e-13,0.0093791433082826,18,converged,gap_residual_and_feasibility
68,0.47822060822139323,sMEL-ADMM,1.0,0.01,1.1477950000000001,36486.545413438376,36479.11128148834,0.020379147651578493,1.999511667349907e-13,0.009117033453810208,29,converged,gap_residual_and_feasibility
69,0.290607237923707,IPOPT,1.0,1.0e-10,15.42520523071289,36479.11128157161,36479.111281488345,2.282568187974723e-10,1.509903313490213e-14,NaN,34,INTERRUPTED,gap_and_residual
69,0.290607237923707,MadNLP,1.0,0.01,22.108793258666992,36479.11128148834,36479.111281488345,1.9945545158814427e-14,1.1546319456101628e-14,NaN,35,LOCALLY_SOLVED,residual_tolerance_upper_bound
69,0.290607237923707,ADMM,1.0,0.01,82.27396011352539,36560.51145138369,36479.111281488345,0.2231418667719865,1.8088308628705363e-12,1.114093787407092,6,converged,gap_callback_with_solver_termination
69,0.290607237923707,MEL-ADMM,1.0,0.01,14.972925186157227,36486.28761312146,36479.111281488345,0.019672440969674233,3.086364497306704e-12,0.004483667354620913,16,converged,gap_residual_and_feasibility
69,0.290607237923707,sMEL-ADMM,1.0,0.01,1.549289,36484.86728887272,36479.111281488345,0.015778913416947246,1.9939605522267811e-13,0.006657385876723154,39,converged,gap_residual_and_feasibility
70,0.314471201230871,IPOPT,1.0,1.0e-10,13.479948043823242,36479.11128157172,36479.11128148834,2.2857594752001337e-10,1.7763568394002505e-14,NaN,34,INTERRUPTED,gap_and_residual
70,0.314471201230871,MadNLP,1.0,0.01,20.05481719970703,36479.11128148837,36479.11128148834,7.978218063525772e-14,1.3322676295501878e-14,NaN,35,LOCALLY_SOLVED,residual_tolerance_upper_bound
70,0.314471201230871,ADMM,1.0,0.01,82.20934867858887,36552.77791836119,36479.11128148834,0.2019419725014999,3.7569947153315297e-13,1.1242769000083719,6,converged,gap_callback_with_solver_termination
70,0.314471201230871,MEL-ADMM,1.0,0.01,14.23025131225586,36486.115059248856,36479.11128148834,0.01919941992685464,1.1963208201848374e-12,0.007230108946151503,16,converged,gap_residual_and_feasibility
70,0.314471201230871,sMEL-ADMM,1.0,0.01,1.3660020000000002,36484.861662028554,36479.11128148834,0.015763488578006517,2.003397447936095e-13,0.009128502636592373,38,converged,gap_residual_and_feasibility
71,0.574193741399072,IPOPT,1.0,1.0e-10,14.577865600585938,36479.11128157208,36479.11128148833,2.2957322477795413e-10,1.1546319456101628e-14,NaN,33,INTERRUPTED,gap_and_residual
71,0.574193741399072,MadNLP,1.0,0.01,20.641803741455078,36479.1112814883,36479.11128148833,7.978218063525773e-14,1.5987211554602254e-14,NaN,34,LOCALLY_SOLVED,residual_tolerance_upper_bound
71,0.574193741399072,ADMM,1.0,0.01,74.95236396789551,36588.97205192703,36479.11128148833,0.30116076455636076,3.5603742176704145e-12,1.134236985893616,6,converged,gap_callback_with_solver_termination
71,0.574193741399072,MEL-ADMM,1.0,0.01,16.654253005981445,36486.17719093877,36479.11128148833,0.019369741208642977,3.3476554861522345e-12,0.009379143431913484,18,converged,gap_residual_and_feasibility
71,0.574193741399072,sMEL-ADMM,1.0,0.01,1.165959,36486.70078447382,36479.11128148833,0.020805065471369386,1.999511667349907e-13,0.009313802872430443,29,converged,gap_residual_and_feasibility
72,0.6458490394516732,IPOPT,1.0,1.0e-10,15.083074569702148,36479.1112815757,36479.11128148835,2.3944626963156715e-10,1.4210854715202004e-14,NaN,34,INTERRUPTED,gap_and_residual
72,0.6458490394516732,MadNLP,1.0,0.01,22.771120071411133,36479.11128148833,36479.11128148835,5.983663547644327e-14,1.1546319456101628e-14,NaN,35,LOCALLY_SOLVED,residual_tolerance_upper_bound
72,0.6458490394516732,ADMM,1.0,0.01,78.44233512878418,36562.48325912588,36479.11128148835,0.22854717318685625,7.986944439153376e-13,1.1479701258458572,6,converged,gap_callback_with_solver_termination
72,0.6458490394516732,MEL-ADMM,1.0,0.01,14.713764190673828,36485.9996144605,36479.11128148835,0.01888295172269118,2.4642510254579975e-12,0.00897574214844532,16,converged,gap_residual_and_feasibility
72,0.6458490394516732,sMEL-ADMM,1.0,0.01,1.705167,36486.12012816641,36479.11128148835,0.019213315324418924,2.007283228522283e-13,0.008448152804760412,32,converged,gap_residual_and_feasibility
73,0.2971031068627258,IPOPT,1.0,1.0e-10,13.550996780395508,36479.111281571626,36479.11128148833,2.2833660097810764e-10,1.2434497875801753e-14,NaN,34,INTERRUPTED,gap_and_residual
73,0.2971031068627258,MadNLP,1.0,0.01,19.887924194335938,36479.111281488345,36479.11128148833,3.989109031762887e-14,1.2434497875801753e-14,NaN,35,LOCALLY_SOLVED,residual_tolerance_upper_bound
73,0.2971031068627258,ADMM,1.0,0.01,79.39815521240234,36555.1025460071,36479.11128148833,0.2083144623025256,1.736444321664976e-12,1.114368010107829,6,converged,gap_callback_with_solver_termination
73,0.2971031068627258,MEL-ADMM,1.0,0.01,13.720273971557617,36486.23778789961,36479.11128148833,0.019535855345515808,1.4552803406786552e-12,0.005188544742914303,16,converged,gap_residual_and_feasibility
73,0.2971031068627258,sMEL-ADMM,1.0,0.01,1.774207,36484.873940329264,36479.11128148833,0.015797147020567125,1.995625886763719e-13,0.0063786516644253055,39,converged,gap_residual_and_feasibility
74,0.6598603640769429,IPOPT,1.0,1.0e-10,14.340877532958984,36479.11134600828,36479.111281488345,1.768681588641352e-7,1.3322676295501878e-14,NaN,33,INTERRUPTED,gap_and_residual
74,0.6598603640769429,MadNLP,1.0,0.01,21.188974380493164,36479.11128148832,36479.111281488345,5.983663547644328e-14,1.3322676295501878e-14,NaN,35,LOCALLY_SOLVED,residual_tolerance_upper_bound
74,0.6598603640769429,ADMM,1.0,0.01,78.66716384887695,36558.03151364479,36479.111281488345,0.21634362621244335,4.192202140984591e-13,1.1311953199919778,6,converged,gap_callback_with_solver_termination
74,0.6598603640769429,MEL-ADMM,1.0,0.01,14.26386833190918,36486.09820624657,36479.111281488345,0.019153220878410517,3.6148861681795097e-13,0.006913455082156794,16,converged,gap_residual_and_feasibility
74,0.6598603640769429,sMEL-ADMM,1.0,0.01,1.315377,36486.136561374944,36479.111281488345,0.019258363594410327,2.0039525594484076e-13,0.008438059926872299,32,converged,gap_residual_and_feasibility
75,0.3793683115619419,IPOPT,1.0,1.0e-10,12.634992599487305,36479.11128156272,36479.11128148835,2.038634170682422e-10,1.1546319456101628e-14,NaN,32,INTERRUPTED,gap_and_residual
75,0.3793683115619419,MadNLP,1.0,0.01,18.95904541015625,36479.111281488345,36479.11128148835,1.994554515881442e-14,1.3322676295501878e-14,NaN,33,LOCALLY_SOLVED,residual_tolerance_upper_bound
75,0.3793683115619419,ADMM,1.0,0.01,71.65384292602539,36595.08685828553,36479.11128148835,0.31792325175430725,8.277822871605167e-13,1.0693252979142667,6,converged,gap_callback_with_solver_termination
75,0.3793683115619419,MEL-ADMM,1.0,0.01,16.237974166870117,36486.09638912739,36479.11128148835,0.019148239618943682,4.596323321948148e-13,0.00939488558914725,18,converged,gap_residual_and_feasibility
75,0.3793683115619419,sMEL-ADMM,1.0,0.01,1.511331,36485.02102174898,36479.11128148835,0.01620034055935605,2.0017321133991572e-13,0.007537348369618613,33,converged,gap_residual_and_feasibility
76,0.6082901571998751,IPOPT,1.0,1.0e-10,14.436960220336914,36479.111281572004,36479.11128148834,2.2935382378120713e-10,1.509903313490213e-14,NaN,33,INTERRUPTED,gap_and_residual
76,0.6082901571998751,MadNLP,1.0,0.01,20.725011825561523,36479.11128148832,36479.11128148834,3.989109031762886e-14,1.3322676295501878e-14,NaN,34,LOCALLY_SOLVED,residual_tolerance_upper_bound
76,0.6082901571998751,ADMM,1.0,0.01,76.64704322814941,36592.25298168388,36479.11128148834,0.31015476041203965,1.8738344209623392e-12,1.1438131345239935,6,converged,gap_callback_with_solver_termination
76,0.6082901571998751,MEL-ADMM,1.0,0.01,16.323566436767578,36485.95769635268,36479.11128148834,0.01876804182950045,2.2492008255881046e-12,0.009547888657435166,18,converged,gap_residual_and_feasibility
76,0.6082901571998751,sMEL-ADMM,1.0,0.01,1.244042,36486.76013101405,36479.11128148834,0.020967751836640677,2.0017321133991572e-13,0.009960701114140491,29,converged,gap_residual_and_feasibility
77,0.7098282452565958,IPOPT,1.0,1.0e-10,14.127016067504883,36479.11128157182,36479.11128148836,2.287953485167602e-10,1.4210854715202004e-14,NaN,34,INTERRUPTED,gap_and_residual
77,0.7098282452565958,MadNLP,1.0,0.01,21.320104598999023,36479.111281488345,36479.11128148836,3.9891090317628836e-14,1.3322676295501878e-14,NaN,35,LOCALLY_SOLVED,residual_tolerance_upper_bound
77,0.7098282452565958,ADMM,1.0,0.01,78.96876335144043,36661.680799162605,36479.11128148836,0.5004768791253179,9.425571434462654e-12,1.7645605525134576,6,converged,gap_callback_with_solver_termination
77,0.7098282452565958,MEL-ADMM,1.0,0.01,14.404296875,36486.533914699256,36479.11128148836,0.020347626217150368,1.3240519791679617e-12,0.007772490564550871,16,converged,gap_residual_and_feasibility
77,0.7098282452565958,sMEL-ADMM,1.0,0.01,1.492583,36486.63713777623,36479.11128148836,0.02063059110678644,2.0050627824730327e-13,0.008871539518503724,30,converged,gap_residual_and_feasibility
78,0.4365619816606586,IPOPT,1.0,1.0e-10,13.128995895385742,36479.111281572055,36479.11128148833,2.295133881424777e-10,1.3322676295501878e-14,NaN,33,INTERRUPTED,gap_and_residual
78,0.4365619816606586,MadNLP,1.0,0.01,19.443035125732422,36479.11128148832,36479.11128148833,1.9945545158814434e-14,1.509903313490213e-14,NaN,34,LOCALLY_SOLVED,residual_tolerance_upper_bound
78,0.4365619816606586,ADMM,1.0,0.01,68.85266304016113,36588.972055234546,36479.11128148833,0.30116077362324656,1.5717982471130654e-12,1.1342369955940983,6,converged,gap_callback_with_solver_termination
78,0.4365619816606586,MEL-ADMM,1.0,0.01,16.09039306640625,36486.17719085471,36479.11128148833,0.019369740978212095,7.529532553007812e-13,0.009379143180524352,18,converged,gap_residual_and_feasibility
78,0.4365619816606586,sMEL-ADMM,1.0,0.01,1.460665,36485.69866323241,36479.11128148833,0.018057955670163103,2.0061730054976579e-13,0.008213045566261457,34,converged,gap_residual_and_feasibility
79,0.5079668477555298,IPOPT,1.0,1.0e-10,13.030052185058594,36479.11128157213,36479.11128148836,2.296330614134304e-10,1.7763568394002505e-14,NaN,33,INTERRUPTED,gap_and_residual
79,0.5079668477555298,MadNLP,1.0,0.01,20.56884765625,36479.11128148834,36479.11128148836,5.983663547644325e-14,1.1546319456101628e-14,NaN,34,LOCALLY_SOLVED,residual_tolerance_upper_bound
79,0.5079668477555298,ADMM,1.0,0.01,71.29430770874023,36588.97204785967,36479.11128148836,0.3011607534064617,1.0624834345662748e-12,1.1342369867061652,6,converged,gap_callback_with_solver_termination
79,0.5079668477555298,MEL-ADMM,1.0,0.01,16.034841537475586,36486.17719090447,36479.11128148836,0.01936974111453988,2.177813485104707e-12,0.009379143080200159,18,converged,gap_residual_and_feasibility
79,0.5079668477555298,sMEL-ADMM,1.0,0.01,1.303706,36486.59210550814,36479.11128148836,0.020507144382045102,1.999511667349907e-13,0.008676823948620793,29,converged,gap_residual_and_feasibility
80,0.5598125186475604,IPOPT,1.0,1.0e-10,13.499021530151367,36479.11128157212,36479.111281488345,2.296530069585893e-10,1.0658141036401503e-14,NaN,33,INTERRUPTED,gap_and_residual
80,0.5598125186475604,MadNLP,1.0,0.01,19.20008659362793,36479.111281488345,36479.111281488345,0.0,1.3322676295501878e-14,NaN,34,LOCALLY_SOLVED,residual_tolerance_upper_bound
80,0.5598125186475604,ADMM,1.0,0.01,71.55799865722656,36588.97205220778,36479.111281488345,0.30116076532593955,8.073541835074138e-13,1.1342369948174431,6,converged,gap_callback_with_solver_termination
80,0.5598125186475604,MEL-ADMM,1.0,0.01,16.50857925415039,36486.177190903785,36479.111281488345,0.0193697411127049,2.9451996397256153e-12,0.009379143511472066,18,converged,gap_residual_and_feasibility
80,0.5598125186475604,sMEL-ADMM,1.0,0.01,1.511623,36486.67654220726,36479.111281488345,0.02073861027077807,1.9972912213006566e-13,0.009035157139839711,29,converged,gap_residual_and_feasibility
81,0.2851026186558792,IPOPT,1.0,1.0e-10,14.576196670532227,36479.11128157157,36479.11128148832,2.2819698216199598e-10,1.2434497875801753e-14,NaN,34,INTERRUPTED,gap_and_residual
81,0.2851026186558792,MadNLP,1.0,0.01,21.611928939819336,36479.11128148835,36479.11128148832,7.978218063525775e-14,1.4210854715202004e-14,NaN,35,LOCALLY_SOLVED,residual_tolerance_upper_bound
81,0.2851026186558792,ADMM,1.0,0.01,83.13584327697754,36567.11667166101,36479.11128148832,0.24124872312156684,3.5698666245309596e-12,1.116070558470149,6,converged,gap_callback_with_solver_termination
81,0.2851026186558792,MEL-ADMM,1.0,0.01,15.128612518310547,36486.32989389363,36479.11128148832,0.019788345032866278,1.8138823776325808e-12,0.0042214699341407425,16,converged,gap_residual_and_feasibility
81,0.2851026186558792,sMEL-ADMM,1.0,0.01,1.857416,36484.88272443759,36479.11128148832,0.015821226851539593,2.0056178939853453e-13,0.006443337550782857,39,converged,gap_residual_and_feasibility
82,0.634837436219009,IPOPT,1.0,1.0e-10,14.636993408203125,36479.11128148833,36479.11128148833,0.0,1.2434497875801753e-14,NaN,34,INTERRUPTED,gap_and_residual
82,0.634837436219009,MadNLP,1.0,0.01,22.1250057220459,36479.11128148837,36479.11128148833,9.972772579407217e-14,1.4210854715202004e-14,NaN,35,LOCALLY_SOLVED,residual_tolerance_upper_bound
82,0.634837436219009,ADMM,1.0,0.01,71.54464721679688,36570.64386429199,36479.11128148833,0.25091779812658843,5.115907697472721e-13,1.1648965481834432,6,converged,gap_callback_with_solver_termination
82,0.634837436219009,MEL-ADMM,1.0,0.01,14.768600463867188,36485.80386871618,36479.11128148833,0.018346354921337776,2.1382895454280515e-12,0.009907661642573728,18,converged,gap_residual_and_feasibility
82,0.634837436219009,sMEL-ADMM,1.0,0.01,1.650248,36486.10979254056,36479.11128148833,0.019184982326539084,2.0039525594484076e-13,0.008457139321034646,32,converged,gap_residual_and_feasibility
83,0.5772616859633901,IPOPT,1.0,1.0e-10,14.47296142578125,36479.11128157208,36479.11128148834,2.2955327923279529e-10,1.2434497875801753e-14,NaN,33,INTERRUPTED,gap_and_residual
83,0.5772616859633901,MadNLP,1.0,0.01,20.145177841186523,36479.11128148832,36479.11128148834,3.989109031762886e-14,1.0658141036401503e-14,NaN,34,LOCALLY_SOLVED,residual_tolerance_upper_bound
83,0.5772616859633901,ADMM,1.0,0.01,71.30217552185059,36588.97204975855,36479.11128148834,0.3011607586119101,3.590461261637756e-13,1.1342369848114044,6,converged,gap_callback_with_solver_termination
83,0.5772616859633901,MEL-ADMM,1.0,0.01,15.598058700561523,36486.1771908071,36479.11128148834,0.019369740847688444,1.1021183965453929e-12,0.009379143755725572,18,converged,gap_residual_and_feasibility
83,0.5772616859633901,sMEL-ADMM,1.0,0.01,1.3093359999999998,36486.706009138245,36479.11128148834,0.020819387817050335,2.0028423364237824e-13,0.009372602189145596,29,converged,gap_residual_and_feasibility
84,0.7338694255220637,IPOPT,1.0,1.0e-10,13.833045959472656,36479.11128157174,36479.11128148833,2.2865572970064868e-10,1.3322676295501878e-14,NaN,34,INTERRUPTED,gap_and_residual
84,0.7338694255220637,MadNLP,1.0,0.01,19.980907440185547,36479.11128148834,36479.11128148833,1.9945545158814434e-14,1.3322676295501878e-14,NaN,35,LOCALLY_SOLVED,residual_tolerance_upper_bound
84,0.7338694255220637,ADMM,1.0,0.01,77.96907424926758,36817.05682379803,36479.11128148833,0.9264083757467965,7.929878975687643e-12,2.3223943136018987,6,converged,gap_callback_with_solver_termination
84,0.7338694255220637,MEL-ADMM,1.0,0.01,15.496253967285156,36485.880734208185,36479.11128148833,0.01855706589894316,4.923839114212569e-13,0.005185961992894228,19,converged,gap_residual_and_feasibility
84,0.7338694255220637,sMEL-ADMM,1.0,0.01,1.228417,36486.6968151648,36479.11128148833,0.020794184424996948,2.000621890374532e-13,0.008355734124330993,30,converged,gap_residual_and_feasibility
85,0.667927226597046,IPOPT,1.0,1.0e-10,13.489007949829102,36479.111281558384,36479.111281488316,1.9207559987938307e-10,1.3322676295501878e-14,NaN,34,INTERRUPTED,gap_and_residual
85,0.667927226597046,MadNLP,1.0,0.01,19.878864288330078,36479.11128148833,36479.111281488316,3.9891090317628886e-14,1.2434497875801753e-14,NaN,35,LOCALLY_SOLVED,residual_tolerance_upper_bound
85,0.667927226597046,ADMM,1.0,0.01,76.84707641601562,36561.006021147885,36479.111281488316,0.22449762832113423,1.3737899706711687e-12,1.1237026482171917,6,converged,gap_callback_with_solver_termination
85,0.667927226597046,MEL-ADMM,1.0,0.01,13.248443603515625,36486.16649668351,36479.111281488316,0.019340425101783305,5.059286323216838e-13,0.005818155574155881,16,converged,gap_residual_and_feasibility
85,0.667927226597046,sMEL-ADMM,1.0,0.01,1.2402929999999999,36486.54079763134,36479.111281488316,0.020366494363576963,2.0083934515469082e-13,0.00985271832978718,30,converged,gap_residual_and_feasibility
86,0.2860748221638096,IPOPT,1.0,1.0e-10,13.990163803100586,36479.11128157158,36479.11128148834,2.281969821619959e-10,1.2434497875801753e-14,NaN,34,INTERRUPTED,gap_and_residual
86,0.2860748221638096,MadNLP,1.0,0.01,20.972013473510742,36479.11128148834,36479.11128148834,0.0,1.2434497875801753e-14,NaN,35,LOCALLY_SOLVED,residual_tolerance_upper_bound
86,0.2860748221638096,ADMM,1.0,0.01,76.05457305908203,36565.804167211354,36479.11128148834,0.23765076142907307,1.1103895580788503e-12,1.114748788626411,6,converged,gap_callback_with_solver_termination
86,0.2860748221638096,MEL-ADMM,1.0,0.01,13.628959655761719,36486.32275276285,36479.11128148834,0.019768769087774363,1.6946999359390702e-12,0.00419616384410304,16,converged,gap_residual_and_feasibility
86,0.2860748221638096,sMEL-ADMM,1.0,0.01,1.592043,36484.878438119194,36479.11128148834,0.015809476788934084,1.996736109788344e-13,0.0064824278058619456,39,converged,gap_residual_and_feasibility
87,0.5781820038530925,IPOPT,1.0,1.0e-10,13.366937637329102,36479.11128157208,36479.11128148834,2.2955327923279529e-10,1.5987211554602254e-14,NaN,33,INTERRUPTED,gap_and_residual
87,0.5781820038530925,MadNLP,1.0,0.01,20.284175872802734,36479.11128148833,36479.11128148834,1.994554515881443e-14,9.769962616701378e-15,NaN,34,LOCALLY_SOLVED,residual_tolerance_upper_bound
87,0.5781820038530925,ADMM,1.0,0.01,71.82455062866211,36589.162055168454,36479.11128148834,0.30168161946412825,1.4562795414008178e-12,1.1297552687624188,6,converged,gap_callback_with_solver_termination
87,0.5781820038530925,MEL-ADMM,1.0,0.01,15.148162841796875,36486.175156061094,36479.11128148834,0.01936416300892786,2.7626789744772395e-12,0.009379977270953965,18,converged,gap_residual_and_feasibility
87,0.5781820038530925,sMEL-ADMM,1.0,0.01,1.441082,36486.707580413,36479.11128148834,0.020823695144450066,2.0050627824730327e-13,0.009390204580123296,29,converged,gap_residual_and_feasibility
88,0.432012774600436,IPOPT,1.0,1.0e-10,12.861967086791992,36479.11128157203,36479.11128148833,2.2945355150700126e-10,1.3322676295501878e-14,NaN,33,INTERRUPTED,gap_and_residual
88,0.432012774600436,MadNLP,1.0,0.01,19.54793930053711,36479.11128148833,36479.11128148833,0.0,1.3322676295501878e-14,NaN,34,LOCALLY_SOLVED,residual_tolerance_upper_bound
88,0.432012774600436,ADMM,1.0,0.01,70.44053077697754,36588.972055741826,36479.11128148833,0.30116077501384997,3.0584423882373812e-12,1.1342369980936517,6,converged,gap_callback_with_solver_termination
88,0.432012774600436,MEL-ADMM,1.0,0.01,15.563249588012695,36486.1771909525,36479.11128148833,0.01936974124628022,3.721134511636137e-12,0.009379143411225144,18,converged,gap_residual_and_feasibility
88,0.432012774600436,sMEL-ADMM,1.0,0.01,1.3212059999999999,36485.50515890869,36479.11128148833,0.017527503263493102,1.9972912213006566e-13,0.008189551476860402,33,converged,gap_residual_and_feasibility
89,0.7058821427020365,IPOPT,1.0,1.0e-10,13.163089752197266,36479.11128157183,36479.111281488345,2.2885518515223673e-10,1.0658141036401503e-14,NaN,34,INTERRUPTED,gap_and_residual
89,0.7058821427020365,MadNLP,1.0,0.01,19.989013671875,36479.11128148834,36479.111281488345,1.9945545158814427e-14,1.2434497875801753e-14,NaN,35,LOCALLY_SOLVED,residual_tolerance_upper_bound
89,0.7058821427020365,ADMM,1.0,0.01,75.12187957763672,36644.477934356575,36479.111281488345,0.45331875437477154,2.578715019296851e-12,1.6731026483784,6,converged,gap_callback_with_solver_termination
89,0.7058821427020365,MEL-ADMM,1.0,0.01,13.362646102905273,36486.49379184357,36479.111281488345,0.020237637639404178,8.968381592922015e-13,0.007107351238484938,16,converged,gap_residual_and_feasibility
89,0.7058821427020365,sMEL-ADMM,1.0,0.01,1.184001,36486.62745348176,36479.111281488345,0.02060404360022173,2.0061730054976579e-13,0.008960649145629773,30,converged,gap_residual_and_feasibility
90,0.6402641737169238,IPOPT,1.0,1.0e-10,14.294147491455078,36479.11128148835,36479.11128148835,0.0,1.1546319456101628e-14,NaN,34,INTERRUPTED,gap_and_residual
90,0.6402641737169238,MadNLP,1.0,0.01,19.788026809692383,36479.11128148832,36479.11128148835,7.978218063525768e-14,1.2434497875801753e-14,NaN,35,LOCALLY_SOLVED,residual_tolerance_upper_bound
90,0.6402641737169238,ADMM,1.0,0.01,81.98976516723633,36566.43053366663,36479.11128148835,0.2393678165690061,6.34492458573277e-13,1.1515559106894848,6,converged,gap_callback_with_solver_termination
90,0.6402641737169238,MEL-ADMM,1.0,0.01,13.485908508300781,36485.9686556676,36479.11128148835,0.018798084543056235,3.0520030946945553e-12,0.009751822864849657,16,converged,gap_residual_and_feasibility
90,0.6402641737169238,sMEL-ADMM,1.0,0.01,1.521292,36486.11481440264,36479.11128148835,0.01919874873113682,1.9972912213006566e-13,0.008452689053180862,32,converged,gap_residual_and_feasibility
91,0.29970048240485025,IPOPT,1.0,1.0e-10,14.896869659423828,36479.11128157164,36479.111281488345,2.2833660097810756e-10,1.3322676295501878e-14,NaN,34,INTERRUPTED,gap_and_residual
91,0.29970048240485025,MadNLP,1.0,0.01,20.14613151550293,36479.11128148835,36479.111281488345,1.9945545158814427e-14,8.881784197001252e-15,NaN,35,LOCALLY_SOLVED,residual_tolerance_upper_bound
91,0.29970048240485025,ADMM,1.0,0.01,76.0807991027832,36553.54084056622,36479.111281488345,0.20403336721539334,2.0244361742527417e-12,1.1141461741773195,6,converged,gap_callback_with_solver_termination
91,0.29970048240485025,MEL-ADMM,1.0,0.01,13.251781463623047,36486.219576525444,36479.111281488345,0.019485932599200836,8.438250098663502e-13,0.005472428615616032,16,converged,gap_residual_and_feasibility
91,0.29970048240485025,sMEL-ADMM,1.0,0.01,1.558249,36484.88273248717,36479.111281488345,0.015821248917734995,2.000621890374532e-13,0.006120974106364585,39,converged,gap_residual_and_feasibility
92,0.6147237871639953,IPOPT,1.0,1.0e-10,12.974977493286133,36479.11128157098,36479.11128148836,2.2648166527833772e-10,1.4210854715202004e-14,NaN,33,INTERRUPTED,gap_and_residual
92,0.6147237871639953,MadNLP,1.0,0.01,19.37103271484375,36479.11128148833,36479.11128148836,7.978218063525767e-14,1.1546319456101628e-14,NaN,34,LOCALLY_SOLVED,residual_tolerance_upper_bound
92,0.6147237871639953,ADMM,1.0,0.01,72.4172592163086,36586.31120815037,36479.11128148836,0.29386660720654934,1.396660564978447e-12,1.1487345569104122,6,converged,gap_callback_with_solver_termination
92,0.6147237871639953,MEL-ADMM,1.0,0.01,14.95361328125,36485.91705284648,36479.11128148836,0.01865662599509558,2.382094521635736e-12,0.009577355426904965,18,converged,gap_residual_and_feasibility
92,0.6147237871639953,sMEL-ADMM,1.0,0.01,1.02375,36486.09245751162,36479.11128148836,0.0191374619008469,2.0028423364237824e-13,0.00847193914112232,32,converged,gap_residual_and_feasibility
93,0.7082726144124791,IPOPT,1.0,1.0e-10,14.58287239074707,36479.11128157185,36479.11128148836,2.2887513069739544e-10,1.1546319456101628e-14,NaN,34,INTERRUPTED,gap_and_residual
93,0.7082726144124791,MadNLP,1.0,0.01,19.755125045776367,36479.11128148834,36479.11128148836,5.983663547644325e-14,1.3322676295501878e-14,NaN,35,LOCALLY_SOLVED,residual_tolerance_upper_bound
93,0.7082726144124791,ADMM,1.0,0.01,75.26421546936035,36654.71033948213,36479.11128148836,0.48136879387980275,1.0059286736918693e-11,1.7285811706912373,6,converged,gap_callback_with_solver_termination
93,0.7082726144124791,MEL-ADMM,1.0,0.01,13.578653335571289,36486.51795991339,36479.11128148836,0.020303889444780135,1.7809087538012136e-12,0.007510634465727861,16,converged,gap_residual_and_feasibility
93,0.7082726144124791,sMEL-ADMM,1.0,0.01,1.333915,36486.63331253243,36479.11128148836,0.02062010498563878,2.000621890374532e-13,0.008906585934807865,30,converged,gap_residual_and_feasibility
94,0.44084583992997217,IPOPT,1.0,1.0e-10,14.236927032470703,36479.11128157208,36479.11128148833,2.2957322477795413e-10,1.4210854715202004e-14,NaN,33,INTERRUPTED,gap_and_residual
94,0.44084583992997217,MadNLP,1.0,0.01,19.23990249633789,36479.11128148837,36479.11128148833,9.972772579407217e-14,1.4210854715202004e-14,NaN,34,LOCALLY_SOLVED,residual_tolerance_upper_bound
94,0.44084583992997217,ADMM,1.0,0.01,69.46754455566406,36588.972055105936,36479.11128148833,0.30116077327068913,3.5083047578154947e-13,1.134236994248531,6,converged,gap_callback_with_solver_termination
94,0.44084583992997217,MEL-ADMM,1.0,0.01,15.486001968383789,36486.1771907902,36479.11128148833,0.019369740801374893,6.124545315344676e-13,0.009379143348896335,18,converged,gap_residual_and_feasibility
94,0.44084583992997217,sMEL-ADMM,1.0,0.01,1.328835,36485.73456401565,36479.11128148833,0.018156370302472996,2.0028423364237824e-13,0.009460013872145012,34,converged,gap_residual_and_feasibility
95,0.5235754725976552,IPOPT,1.0,1.0e-10,15.126943588256836,36479.11128157214,36479.11128148834,2.297327891392246e-10,1.2434497875801753e-14,NaN,33,INTERRUPTED,gap_and_residual
95,0.5235754725976552,MadNLP,1.0,0.01,20.05600929260254,36479.111281488345,36479.11128148834,1.994554515881443e-14,1.865174681370263e-14,NaN,34,LOCALLY_SOLVED,residual_tolerance_upper_bound
95,0.5235754725976552,ADMM,1.0,0.01,72.42441177368164,36588.97204831726,36479.11128148834,0.30116075466089703,1.8969270598745425e-12,1.134236987990069,6,converged,gap_callback_with_solver_termination
95,0.5235754725976552,MEL-ADMM,1.0,0.01,15.181303024291992,36486.17719102899,36479.11128148834,0.01936974145594779,5.19528864373342e-12,0.009379143089284447,18,converged,gap_residual_and_feasibility
95,0.5235754725976552,sMEL-ADMM,1.0,0.01,1.161835,36486.61711967778,36479.11128148834,0.020575715596586715,2.000621890374532e-13,0.00846380431554472,29,converged,gap_residual_and_feasibility
96,0.3680746880558915,IPOPT,1.0,1.0e-10,13.988018035888672,36479.1113460063,36479.11128148835,1.7686271373030678e-7,1.4210854715202004e-14,NaN,32,INTERRUPTED,gap_and_residual
96,0.3680746880558915,MadNLP,1.0,0.01,19.886016845703125,36479.111281488375,36479.11128148835,5.983663547644327e-14,1.509903313490213e-14,NaN,34,LOCALLY_SOLVED,residual_tolerance_upper_bound
96,0.3680746880558915,ADMM,1.0,0.01,72.99041748046875,36599.000683390084,36479.11128148835,0.32865220036917553,1.0008660566995786e-12,1.1706618548949201,6,converged,gap_callback_with_solver_termination
96,0.3680746880558915,MEL-ADMM,1.0,0.01,14.865398406982422,36486.02207108387,36479.11128148835,0.01894451194874265,3.818279026290838e-12,0.00935837522790628,18,converged,gap_residual_and_feasibility
96,0.3680746880558915,sMEL-ADMM,1.0,0.01,1.506502,36484.98652099785,36479.11128148835,0.016105763827862902,2.000621890374532e-13,0.008713835177767137,33,converged,gap_residual_and_feasibility
97,0.4269410598146789,IPOPT,1.0,1.0e-10,14.312028884887695,36479.111281572026,36479.11128148835,2.2937376932636585e-10,1.4210854715202004e-14,NaN,33,INTERRUPTED,gap_and_residual
97,0.4269410598146789,MadNLP,1.0,0.01,20.258188247680664,36479.11128148834,36479.11128148835,3.989109031762884e-14,1.1546319456101628e-14,NaN,34,LOCALLY_SOLVED,residual_tolerance_upper_bound
97,0.4269410598146789,ADMM,1.0,0.01,71.48623466491699,36588.972055663464,36479.11128148835,0.30116077479897646,1.1785017406396037e-12,1.1342369973809419,6,converged,gap_callback_with_solver_termination
97,0.4269410598146789,MEL-ADMM,1.0,0.01,14.72926139831543,36486.17719091914,36479.11128148835,0.01936974115477005,2.7833846338864987e-12,0.00937914338844692,18,converged,gap_residual_and_feasibility
97,0.4269410598146789,sMEL-ADMM,1.0,0.01,1.116627,36485.9010548421,36479.11128148835,0.018612770748042042,2.010058786083846e-13,0.008367769509710854,36,converged,gap_residual_and_feasibility
98,0.378486962244526,IPOPT,1.0,1.0e-10,13.111114501953125,36479.111281570295,36479.111281488345,2.2464667512372688e-10,1.3322676295501878e-14,NaN,32,INTERRUPTED,gap_and_residual
98,0.378486962244526,MadNLP,1.0,0.01,21.9728946685791,36479.111281488345,36479.111281488345,0.0,9.769962616701378e-15,NaN,33,LOCALLY_SOLVED,residual_tolerance_upper_bound
98,0.378486962244526,ADMM,1.0,0.01,73.41718673706055,36595.33843561304,36479.111281488345,0.31861289938737086,1.5841772338376359e-12,1.063581652868793,6,converged,gap_callback_with_solver_termination
98,0.378486962244526,MEL-ADMM,1.0,0.01,15.660524368286133,36486.090850940986,36479.111281488345,0.01913305781706908,5.734634989096321e-12,0.00939639177294449,18,converged,gap_residual_and_feasibility
98,0.378486962244526,sMEL-ADMM,1.0,0.01,1.207623,36485.016425719165,36479.111281488345,0.016187741486497646,2.0028423364237824e-13,0.00710994634352069,33,converged,gap_residual_and_feasibility
99,0.3831254691752507,IPOPT,1.0,1.0e-10,14.062881469726562,36479.111281562284,36479.11128148834,2.0270657544903105e-10,9.769962616701378e-15,NaN,32,INTERRUPTED,gap_and_residual
99,0.3831254691752507,MadNLP,1.0,0.01,18.682003021240234,36479.11128148835,36479.11128148834,3.989109031762886e-14,1.1546319456101628e-14,NaN,33,LOCALLY_SOLVED,residual_tolerance_upper_bound
99,0.3831254691752507,ADMM,1.0,0.01,69.28825378417969,36593.78389981091,36479.11128148834,0.31435145839411077,4.014566457044566e-13,1.083184455670792,6,converged,gap_callback_with_solver_termination
99,0.3831254691752507,MEL-ADMM,1.0,0.01,15.546560287475586,36486.12061974567,36479.11128148834,0.019214662888153274,1.3906098494942398e-12,0.009418576071429818,18,converged,gap_residual_and_feasibility
99,0.3831254691752507,sMEL-ADMM,1.0,0.01,1.278125,36485.044774657814,36479.11128148834,0.01626545428612649,2.0017321133991572e-13,0.009710485560145088,33,converged,gap_residual_and_feasibility
100,0.3008810287993232,IPOPT,1.0,1.0e-10,13.495922088623047,36479.11128157164,36479.11128148834,2.283565465232664e-10,1.2434497875801753e-14,NaN,34,INTERRUPTED,gap_and_residual
100,0.3008810287993232,MadNLP,1.0,0.01,20.15089988708496,36479.11128148834,36479.11128148834,0.0,1.3322676295501878e-14,NaN,35,LOCALLY_SOLVED,residual_tolerance_upper_bound
100,0.3008810287993232,ADMM,1.0,0.01,74.33176040649414,36552.95678324996,36479.11128148834,0.20243229390046885,5.4236060087475835e-12,1.1138996033115989,6,converged,gap_callback_with_solver_termination
100,0.3008810287993232,MEL-ADMM,1.0,0.01,13.639450073242188,36486.21145218322,36479.11128148834,0.01946366138169597,2.7928770407470438e-12,0.005602823618886532,16,converged,gap_residual_and_feasibility
100,0.3008810287993232,sMEL-ADMM,1.0,0.01,1.775834,36484.88820695741,36479.11128148834,0.015836256054855058,1.9978463328129692e-13,0.005980670686298595,39,converged,gap_residual_and_feasibility
101,0.5797498022421723,IPOPT,1.0,1.0e-10,14.379024505615234,36479.111281572055,36479.11128148836,2.2943360596184227e-10,1.4210854715202004e-14,NaN,33,INTERRUPTED,gap_and_residual
101,0.5797498022421723,MadNLP,1.0,0.01,19.6688175201416,36479.11128148834,36479.11128148836,5.983663547644325e-14,1.2434497875801753e-14,NaN,34,LOCALLY_SOLVED,residual_tolerance_upper_bound
101,0.5797498022421723,ADMM,1.0,0.01,71.74158096313477,36590.061372837234,36479.11128148836,0.3041469143607571,1.0655920590352252e-12,1.12707470999157,6,converged,gap_callback_with_solver_termination
101,0.5797498022421723,MEL-ADMM,1.0,0.01,15.895605087280273,36486.16335096469,36479.11128148836,0.019331801758863912,9.460210392830959e-13,0.009383704013028016,18,converged,gap_residual_and_feasibility
101,0.5797498022421723,sMEL-ADMM,1.0,0.01,1.187002,36486.71026148509,36479.11128148836,0.020831044753506566,1.9972912213006566e-13,0.009420155304665556,29,converged,gap_residual_and_feasibility
102,0.47987287140637647,IPOPT,1.0,1.0e-10,13.679027557373047,36479.11128157213,36479.111281488345,2.2967295250374813e-10,1.2434497875801753e-14,NaN,33,INTERRUPTED,gap_and_residual
102,0.47987287140637647,MadNLP,1.0,0.01,19.486188888549805,36479.111281488345,36479.111281488345,0.0,1.3322676295501878e-14,NaN,34,LOCALLY_SOLVED,residual_tolerance_upper_bound
102,0.47987287140637647,ADMM,1.0,0.01,70.52803039550781,36588.972047425086,36479.111281488345,0.30116075221517424,4.782285678572862e-13,1.1342369847059643,6,converged,gap_callback_with_solver_termination
102,0.47987287140637647,MEL-ADMM,1.0,0.01,15.215635299682617,36486.17719091605,36479.111281488345,0.019369741146333087,3.301692252932753e-12,0.009379143477957541,18,converged,gap_residual_and_feasibility
102,0.47987287140637647,sMEL-ADMM,1.0,0.01,1.241835,36486.548510397595,36479.111281488345,0.020387637329925618,2.003397447936095e-13,0.009115946997328095,29,converged,gap_residual_and_feasibility
103,0.5766759856623691,IPOPT,1.0,1.0e-10,13.237953186035156,36479.111281572055,36479.11128148834,2.2949344259731884e-10,1.1546319456101628e-14,NaN,33,INTERRUPTED,gap_and_residual
103,0.5766759856623691,MadNLP,1.0,0.01,19.203901290893555,36479.11128148833,36479.11128148834,1.994554515881443e-14,1.1546319456101628e-14,NaN,34,LOCALLY_SOLVED,residual_tolerance_upper_bound
103,0.5766759856623691,ADMM,1.0,0.01,69.90957260131836,36588.972052635174,36479.11128148834,0.30116076649758083,1.2929657344784573e-12,1.1342369904845437,6,converged,gap_callback_with_solver_termination
103,0.5766759856623691,MEL-ADMM,1.0,0.01,15.620231628417969,36486.17719104115,36479.11128148834,0.019369741489276796,7.3604455863574e-12,0.009379143875118068,18,converged,gap_residual_and_feasibility
103,0.5766759856623691,sMEL-ADMM,1.0,0.01,1.2962099999999999,36486.70501013082,36479.11128148834,0.020816649243138072,2.0039525594484076e-13,0.009361391427978205,29,converged,gap_residual_and_feasibility
104,0.3265965602468832,IPOPT,1.0,1.0e-10,14.569997787475586,36479.11134601535,36479.11128148836,1.7688750604293917e-7,1.1546319456101628e-14,NaN,33,INTERRUPTED,gap_and_residual
104,0.3265965602468832,MadNLP,1.0,0.01,20.0347900390625,36479.11128148835,36479.11128148836,1.9945545158814418e-14,1.3322676295501878e-14,NaN,35,LOCALLY_SOLVED,residual_tolerance_upper_bound
104,0.3265965602468832,ADMM,1.0,0.01,73.67444038391113,36561.39891262998,36479.11128148836,0.22557465971868684,1.6626700016786344e-12,1.1434367872985476,6,converged,gap_callback_with_solver_termination
104,0.3265965602468832,MEL-ADMM,1.0,0.01,13.650178909301758,36486.01786351419,36479.11128148836,0.018932977759624613,1.4138690218601369e-12,0.009162774882538471,16,converged,gap_residual_and_feasibility
104,0.3265965602468832,sMEL-ADMM,1.0,0.01,1.585291,36485.06415600534,36479.11128148836,0.016318584274287933,1.9984014443252818e-13,0.007907861943857952,35,converged,gap_residual_and_feasibility
105,0.2877345631746934,IPOPT,1.0,1.0e-10,14.80412483215332,36479.1112815716,36479.11128148833,2.2825681879747238e-10,1.2434497875801753e-14,NaN,34,INTERRUPTED,gap_and_residual
105,0.2877345631746934,MadNLP,1.0,0.01,20.042896270751953,36479.111281488345,36479.11128148833,3.989109031762887e-14,1.1546319456101628e-14,NaN,35,LOCALLY_SOLVED,residual_tolerance_upper_bound
105,0.2877345631746934,ADMM,1.0,0.01,77.70895957946777,36563.69221435173,36479.11128148833,0.23186127592510736,4.3559600371168017e-13,1.1147744404064923,6,converged,gap_callback_with_solver_termination
105,0.2877345631746934,MEL-ADMM,1.0,0.01,13.31782341003418,36486.31025539395,36479.11128148833,0.01973451011476735,3.4168223805863818e-12,0.004177549439988937,16,converged,gap_residual_and_feasibility
105,0.2877345631746934,sMEL-ADMM,1.0,0.01,1.453457,36484.871676728995,36479.11128148833,0.01579094182480134,2.0022872249114698e-13,0.006585400582572731,39,converged,gap_residual_and_feasibility
106,0.4076044662419486,IPOPT,1.0,1.0e-10,13.17596435546875,36479.11128157199,36479.111281488345,2.2929398714573064e-10,1.509903313490213e-14,NaN,33,INTERRUPTED,gap_and_residual
106,0.4076044662419486,MadNLP,1.0,0.01,19.37103271484375,36479.11128148834,36479.111281488345,1.9945545158814427e-14,1.3322676295501878e-14,NaN,34,LOCALLY_SOLVED,residual_tolerance_upper_bound
106,0.4076044662419486,ADMM,1.0,0.01,70.15872001647949,36588.972057552215,36479.111281488345,0.3011607799766206,4.2454928461665986e-13,1.134237000603206,6,converged,gap_callback_with_solver_termination
106,0.4076044662419486,MEL-ADMM,1.0,0.01,15.322446823120117,36486.177190906,36479.111281488345,0.019369741118768345,2.5977553441691725e-12,0.00937914344180868,18,converged,gap_residual_and_feasibility
106,0.4076044662419486,sMEL-ADMM,1.0,0.01,1.336624,36485.58839339495,36479.111281488345,0.017755673532247388,1.9972912213006566e-13,0.005653480147733703,35,converged,gap_residual_and_feasibility
107,0.3942240235967547,IPOPT,1.0,1.0e-10,13.108968734741211,36479.11128157191,36479.11128148837,2.290147495135071e-10,1.1546319456101628e-14,NaN,33,INTERRUPTED,gap_and_residual
107,0.3942240235967547,MadNLP,1.0,0.01,19.282102584838867,36479.111281488345,36479.11128148837,5.983663547644324e-14,1.0658141036401503e-14,NaN,34,LOCALLY_SOLVED,residual_tolerance_upper_bound
107,0.3942240235967547,ADMM,1.0,0.01,71.02346420288086,36588.972056461986,36479.11128148837,0.3011607769879201,1.7421619702417956e-12,1.1342369923178204,6,converged,gap_callback_with_solver_termination
107,0.3942240235967547,MEL-ADMM,1.0,0.01,15.505313873291016,36486.1771910059,36479.11128148837,0.019369741392580776,5.845934847314993e-12,0.009379143675890766,18,converged,gap_residual_and_feasibility
107,0.3942240235967547,sMEL-ADMM,1.0,0.01,1.270209,36485.309378198086,36479.11128148837,0.016990810609095314,2.003397447936095e-13,0.006463219851077895,34,converged,gap_residual_and_feasibility
108,0.30435898329264405,IPOPT,1.0,1.0e-10,13.833045959472656,36479.11128157166,36479.11128148834,2.2841638315874285e-10,1.509903313490213e-14,NaN,34,INTERRUPTED,gap_and_residual
108,0.30435898329264405,MadNLP,1.0,0.01,20.623207092285156,36479.111281488345,36479.11128148834,1.994554515881443e-14,1.1546319456101628e-14,NaN,35,LOCALLY_SOLVED,residual_tolerance_upper_bound
108,0.30435898329264405,ADMM,1.0,0.01,72.55697250366211,36551.763226146686,36479.11128148834,0.19916040195643644,3.6859404417555197e-13,1.1136632014646963,6,converged,gap_callback_with_solver_termination
108,0.30435898329264405,MEL-ADMM,1.0,0.01,13.43226432800293,36486.18744532974,36479.11128148834,0.01939785151782209,5.908051825542771e-13,0.005993644732715353,16,converged,gap_residual_and_feasibility
108,0.30435898329264405,sMEL-ADMM,1.0,0.01,1.512003,36484.90822630945,36479.11128148834,0.0158911350015725,2.0028423364237824e-13,0.005513217345743726,39,converged,gap_residual_and_feasibility
109,0.7218622827320706,IPOPT,1.0,1.0e-10,14.214038848876953,36479.11128157176,36479.111281488345,2.2865572970064858e-10,1.509903313490213e-14,NaN,34,INTERRUPTED,gap_and_residual
109,0.7218622827320706,MadNLP,1.0,0.01,20.123004913330078,36479.11128148834,36479.111281488345,1.9945545158814427e-14,1.509903313490213e-14,NaN,35,LOCALLY_SOLVED,residual_tolerance_upper_bound
109,0.7218622827320706,ADMM,1.0,0.01,79.37741279602051,36727.86661832195,36479.111281488345,0.6819117245321552,8.771872117563362e-13,2.038527570379558,6,converged,gap_callback_with_solver_termination
109,0.7218622827320706,MEL-ADMM,1.0,0.01,13.83209228515625,36486.662398660046,36479.111281488345,0.020699838637605834,9.43023437116608e-13,0.00981564200506213,16,converged,gap_residual_and_feasibility
109,0.7218622827320706,sMEL-ADMM,1.0,0.01,1.282669,36486.66687496372,36479.111281488345,0.020712109505820555,2.007283228522283e-13,0.008607480588297634,30,converged,gap_residual_and_feasibility
110,0.27564386083149683,IPOPT,1.0,1.0e-10,14.865875244140625,36479.11128157149,36479.111281488345,2.2791774452977244e-10,1.1546319456101628e-14,NaN,34,INTERRUPTED,gap_and_residual
110,0.27564386083149683,MadNLP,1.0,0.01,20.35999298095703,36479.11128148832,36479.111281488345,5.983663547644328e-14,1.7763568394002505e-14,NaN,35,LOCALLY_SOLVED,residual_tolerance_upper_bound
110,0.27564386083149683,ADMM,1.0,0.01,78.89556884765625,36583.52551568165,36479.111281488345,0.2862302027798846,5.432876371003204e-13,1.2996919401801934,6,converged,gap_callback_with_solver_termination
110,0.27564386083149683,MEL-ADMM,1.0,0.01,13.695001602172852,36486.408208253495,36479.111281488345,0.020003027784431207,1.1508571873264373e-12,0.004914346509451661,16,converged,gap_residual_and_feasibility
110,0.27564386083149683,sMEL-ADMM,1.0,0.01,1.885912,36484.95011211666,36479.111281488345,0.016005956349267988,1.9939605522267811e-13,0.006966154587237483,39,converged,gap_residual_and_feasibility
111,0.2982344394171331,IPOPT,1.0,1.0e-10,14.686822891235352,36479.11128157165,36479.11128148834,2.2837649206842522e-10,1.3322676295501878e-14,NaN,34,INTERRUPTED,gap_and_residual
111,0.2982344394171331,MadNLP,1.0,0.01,19.877195358276367,36479.11128148833,36479.11128148834,1.994554515881443e-14,1.1546319456101628e-14,NaN,35,LOCALLY_SOLVED,residual_tolerance_upper_bound
111,0.2982344394171331,ADMM,1.0,0.01,75.9730339050293,36554.37900700335,36479.11128148834,0.20633102855553198,3.869626841179752e-12,1.1144087572783938,6,converged,gap_callback_with_solver_termination
111,0.2982344394171331,MEL-ADMM,1.0,0.01,13.29183578491211,36486.22980205066,36479.11128148834,0.01951396377885745,2.3770430068736914e-12,0.005312027782872875,16,converged,gap_residual_and_feasibility
111,0.2982344394171331,sMEL-ADMM,1.0,0.01,1.652168,36484.87725361256,36479.11128148834,0.015806229706998035,2.0022872249114698e-13,0.0062760423616481376,39,converged,gap_residual_and_feasibility
112,0.45835896323861985,IPOPT,1.0,1.0e-10,12.864112854003906,36479.11128157207,36479.11128148835,2.2949344259731874e-10,1.5987211554602254e-14,NaN,33,INTERRUPTED,gap_and_residual
112,0.45835896323861985,MadNLP,1.0,0.01,19.55699920654297,36479.111281488345,36479.11128148835,1.994554515881442e-14,1.3322676295501878e-14,NaN,34,LOCALLY_SOLVED,residual_tolerance_upper_bound
112,0.45835896323861985,ADMM,1.0,0.01,70.09243965148926,36588.972052902485,36479.11128148835,0.3011607672303202,6.73683331342545e-13,1.134236990039839,6,converged,gap_callback_with_solver_termination
112,0.45835896323861985,MEL-ADMM,1.0,0.01,15.273332595825195,36486.17719093081,36479.11128148835,0.019369741186762705,2.727040815386772e-12,0.009379143143005031,18,converged,gap_residual_and_feasibility
112,0.45835896323861985,sMEL-ADMM,1.0,0.01,1.4174579999999999,36485.81536089843,36479.11128148835,0.018377858381319275,2.011169009108471e-13,0.008555289957890011,33,converged,gap_residual_and_feasibility
113,0.4028724498439614,IPOPT,1.0,1.0e-10,12.997865676879883,36479.111281571946,36479.11128148837,2.2911447723930117e-10,1.509903313490213e-14,NaN,33,INTERRUPTED,gap_and_residual
113,0.4028724498439614,MadNLP,1.0,0.01,19.43206787109375,36479.111281488345,36479.11128148837,5.983663547644324e-14,1.4210854715202004e-14,NaN,34,LOCALLY_SOLVED,residual_tolerance_upper_bound
113,0.4028724498439614,ADMM,1.0,0.01,69.64373588562012,36588.9720567469,36479.11128148837,0.3011607777689478,1.6699419624899292e-12,1.1342369958935992,6,converged,gap_callback_with_solver_termination
113,0.4028724498439614,MEL-ADMM,1.0,0.01,15.613317489624023,36486.17719079991,36479.11128148837,0.019369740827882502,5.704881012036367e-13,0.00937914380637661,18,converged,gap_residual_and_feasibility
113,0.4028724498439614,sMEL-ADMM,1.0,0.01,1.4785359999999999,36485.545344314465,36479.11128148837,0.017637663309421035,2.0011770018868447e-13,0.0032683355621063725,35,converged,gap_residual_and_feasibility
114,0.2651071537834009,IPOPT,1.0,1.0e-10,13.466119766235352,36479.11128157144,36479.11128148835,2.277581801685019e-10,1.2434497875801753e-14,NaN,34,INTERRUPTED,gap_and_residual
114,0.2651071537834009,MadNLP,1.0,0.01,20.303964614868164,36479.111281488345,36479.11128148835,1.994554515881442e-14,1.5987211554602254e-14,NaN,35,LOCALLY_SOLVED,residual_tolerance_upper_bound
114,0.2651071537834009,ADMM,1.0,0.01,75.77180862426758,36610.4346494054,36479.11128148835,0.3599960725569693,7.822020808845309e-12,1.5228537938443418,6,converged,gap_callback_with_solver_termination
114,0.2651071537834009,MEL-ADMM,1.0,0.01,13.399124145507812,36486.49455209105,36479.11128148835,0.020239721701887585,6.800671137341396e-13,0.006487835141420817,16,converged,gap_residual_and_feasibility
114,0.2651071537834009,sMEL-ADMM,1.0,0.01,1.681082,36485.08911544185,36479.11128148835,0.01638700544914423,2.0045076709607201e-13,0.007334425041307213,39,converged,gap_residual_and_feasibility
115,0.6275672376912599,IPOPT,1.0,1.0e-10,12.751102447509766,36479.11128156882,36479.11128148835,2.2057778391132868e-10,1.509903313490213e-14,NaN,33,INTERRUPTED,gap_and_residual
115,0.6275672376912599,MadNLP,1.0,0.01,19.96302604675293,36479.111281488345,36479.11128148835,1.994554515881442e-14,1.0658141036401503e-14,NaN,34,LOCALLY_SOLVED,residual_tolerance_upper_bound
115,0.6275672376912599,ADMM,1.0,0.01,72.16477394104004,36576.76283258042,36479.11128148835,0.26769169440161084,3.481659405224491e-13,1.1733255413829733,6,converged,gap_callback_with_solver_termination
115,0.6275672376912599,MEL-ADMM,1.0,0.01,15.254020690917969,36485.85012700791,36479.11128148835,0.018473162538293106,2.359556994235845e-12,0.009660293160017375,18,converged,gap_residual_and_feasibility
115,0.6275672376912599,sMEL-ADMM,1.0,0.01,1.231584,36486.10343620648,36479.11128148835,0.019167557740578905,2.0028423364237824e-13,0.008462929193337132,32,converged,gap_residual_and_feasibility
116,0.4394295920828867,IPOPT,1.0,1.0e-10,13.229131698608398,36479.11128157206,36479.11128148835,2.2947349705215992e-10,1.1546319456101628e-14,NaN,33,INTERRUPTED,gap_and_residual
116,0.4394295920828867,MadNLP,1.0,0.01,19.59705352783203,36479.11128148835,36479.11128148835,0.0,9.769962616701378e-15,NaN,34,LOCALLY_SOLVED,residual_tolerance_upper_bound
116,0.4394295920828867,ADMM,1.0,0.01,70.42264938354492,36588.97205516771,36479.11128148835,0.3011607734399668,1.6377454947757997e-12,1.1342369955212828,6,converged,gap_callback_with_solver_termination
116,0.4394295920828867,MEL-ADMM,1.0,0.01,15.740394592285156,36486.17719087148,36479.11128148835,0.019369741024126728,1.209810029934033e-12,0.00937914318536226,18,converged,gap_residual_and_feasibility
116,0.4394295920828867,sMEL-ADMM,1.0,0.01,1.2250029999999998,36485.72083508053,36479.11128148835,0.0181187352432343,2.003397447936095e-13,0.00808017985250764,34,converged,gap_residual_and_feasibility
117,0.5018577763993984,IPOPT,1.0,1.0e-10,13.264894485473633,36479.11128157214,36479.11128148834,2.297327891392246e-10,1.3322676295501878e-14,NaN,33,INTERRUPTED,gap_and_residual
117,0.5018577763993984,MadNLP,1.0,0.01,19.238948822021484,36479.11128148835,36479.11128148834,3.989109031762886e-14,1.509903313490213e-14,NaN,34,LOCALLY_SOLVED,residual_tolerance_upper_bound
117,0.5018577763993984,ADMM,1.0,0.01,69.34404373168945,36588.972048050775,36479.11128148834,0.3011607539303915,7.003286839335487e-13,1.1342369889741306,6,converged,gap_callback_with_solver_termination
117,0.5018577763993984,MEL-ADMM,1.0,0.01,15.255451202392578,36486.17719089105,36479.11128148834,0.019369741077820146,1.0776934900036395e-12,0.00937914277082097,18,converged,gap_residual_and_feasibility
117,0.5018577763993984,sMEL-ADMM,1.0,0.01,1.3016320000000001,36486.582424449516,36479.11128148834,0.02048060574592253,2.0017321133991572e-13,0.008760893459832886,29,converged,gap_residual_and_feasibility
118,0.4074662632732624,IPOPT,1.0,1.0e-10,13.357877731323242,36479.11128157199,36479.11128148833,2.2933387823604837e-10,1.2434497875801753e-14,NaN,33,INTERRUPTED,gap_and_residual
118,0.4074662632732624,MadNLP,1.0,0.01,19.831180572509766,36479.111281488345,36479.11128148833,3.989109031762887e-14,1.1546319456101628e-14,NaN,34,LOCALLY_SOLVED,residual_tolerance_upper_bound
118,0.4074662632732624,ADMM,1.0,0.01,71.67530059814453,36588.97205695827,36479.11128148833,0.3011607783484858,8.656964034514658e-13,1.1342370017978611,6,converged,gap_callback_with_solver_termination
118,0.4074662632732624,MEL-ADMM,1.0,0.01,15.475273132324219,36486.17719097754,36479.11128148833,0.019369741314932788,4.7746806508541795e-12,0.009379143614028251,18,converged,gap_residual_and_feasibility
118,0.4074662632732624,sMEL-ADMM,1.0,0.01,1.282795,36485.58706246591,36479.11128148833,0.017752025063348244,2.0045076709607201e-13,0.005584029595214091,35,converged,gap_residual_and_feasibility
119,0.37918253846973027,IPOPT,1.0,1.0e-10,12.906074523925781,36479.111281563135,36479.111281488345,2.0502025868745348e-10,1.1546319456101628e-14,NaN,32,INTERRUPTED,gap_and_residual
119,0.37918253846973027,MadNLP,1.0,0.01,19.522905349731445,36479.11128148834,36479.111281488345,1.9945545158814427e-14,1.2434497875801753e-14,NaN,33,LOCALLY_SOLVED,residual_tolerance_upper_bound
119,0.37918253846973027,ADMM,1.0,0.01,71.26760482788086,36595.138197105414,36479.111281488345,0.31806398659703033,3.383959779057477e-13,1.0681196784928089,6,converged,gap_callback_with_solver_termination
119,0.37918253846973027,MEL-ADMM,1.0,0.01,15.691041946411133,36486.09521549476,36479.111281488345,0.01914502234586422,3.080313781822497e-12,0.009395280244829607,18,converged,gap_residual_and_feasibility
119,0.37918253846973027,sMEL-ADMM,1.0,0.01,1.198462,36485.02000027229,36479.111281488345,0.016197540390588565,1.999511667349907e-13,0.007447748119368214,33,converged,gap_residual_and_feasibility
120,0.5117878545049801,IPOPT,1.0,1.0e-10,13.55886459350586,36479.111281572135,36479.111281488345,2.2969289804890694e-10,1.0658141036401503e-14,NaN,33,INTERRUPTED,gap_and_residual
120,0.5117878545049801,MadNLP,1.0,0.01,19.752979278564453,36479.11128148834,36479.111281488345,1.9945545158814427e-14,1.3322676295501878e-14,NaN,34,LOCALLY_SOLVED,residual_tolerance_upper_bound
120,0.5117878545049801,ADMM,1.0,0.01,71.54345512390137,36588.97204863703,36479.111281488345,0.3011607555374638,2.6485480475457734e-12,1.1342369923254871,6,converged,gap_callback_with_solver_termination
120,0.5117878545049801,MEL-ADMM,1.0,0.01,15.160083770751953,36486.177190917726,36479.111281488345,0.019369741150920564,2.892797112963308e-12,0.009379143232202125,18,converged,gap_residual_and_feasibility
120,0.5117878545049801,sMEL-ADMM,1.0,0.01,1.2207940000000002,36486.59821434381,36479.111281488345,0.020523890501857014,2.0050627824730327e-13,0.008628032376462258,29,converged,gap_residual_and_feasibility
121,0.41234322892859876,IPOPT,1.0,1.0e-10,13.967037200927734,36479.11128157199,36479.111281488345,2.2929398714573064e-10,1.509903313490213e-14,NaN,33,INTERRUPTED,gap_and_residual
121,0.41234322892859876,MadNLP,1.0,0.01,19.416093826293945,36479.111281488345,36479.111281488345,0.0,1.3322676295501878e-14,NaN,34,LOCALLY_SOLVED,residual_tolerance_upper_bound
121,0.41234322892859876,ADMM,1.0,0.01,69.82922554016113,36588.972055973805,36479.111281488345,0.30116077564973376,4.0678571622265736e-13,1.1342369921892361,6,converged,gap_callback_with_solver_termination
121,0.41234322892859876,MEL-ADMM,1.0,0.01,14.890670776367188,36486.177190881484,36479.111281488345,0.0193697410515718,2.856215264301909e-12,0.009379143817475288,18,converged,gap_residual_and_feasibility
121,0.41234322892859876,sMEL-ADMM,1.0,0.01,1.403795,36485.636503853464,36479.111281488345,0.017887558484545544,2.0045076709607201e-13,0.008171367307950206,35,converged,gap_residual_and_feasibility
122,0.6155623400488857,IPOPT,1.0,1.0e-10,13.43989372253418,36479.11128157084,36479.11128148835,2.261226454654791e-10,9.769962616701378e-15,NaN,33,INTERRUPTED,gap_and_residual
122,0.6155623400488857,MadNLP,1.0,0.01,20.840167999267578,36479.1112814883,36479.11128148835,1.3961881611170096e-13,1.1546319456101628e-14,NaN,34,LOCALLY_SOLVED,residual_tolerance_upper_bound
122,0.6155623400488857,ADMM,1.0,0.01,72.56722450256348,36585.65757243162,36479.11128148835,0.2920747989749848,5.92526028242446e-13,1.1506836788325252,6,converged,gap_callback_with_solver_termination
122,0.6155623400488857,MEL-ADMM,1.0,0.01,15.431642532348633,36485.912536255564,36479.11128148835,0.018644244687679275,7.082112674083874e-13,0.009578441164115326,18,converged,gap_residual_and_feasibility
122,0.6155623400488857,sMEL-ADMM,1.0,0.01,1.236002,36486.09317011759,36479.11128148835,0.019139415363929616,2.0017321133991572e-13,0.008471356190920432,32,converged,gap_residual_and_feasibility
123,0.48329812891880236,IPOPT,1.0,1.0e-10,14.510869979858398,36479.11128157213,36479.11128148834,2.2969289804890697e-10,1.509903313490213e-14,NaN,33,INTERRUPTED,gap_and_residual
123,0.48329812891880236,MadNLP,1.0,0.01,19.30689811706543,36479.11128148833,36479.11128148834,1.994554515881443e-14,1.1546319456101628e-14,NaN,34,LOCALLY_SOLVED,residual_tolerance_upper_bound
123,0.48329812891880236,ADMM,1.0,0.01,69.15760040283203,36588.97204795817,36479.11128148834,0.30116075367652456,2.63161714642024e-12,1.1342369850258125,6,converged,gap_callback_with_solver_termination
123,0.48329812891880236,MEL-ADMM,1.0,0.01,15.17033576965332,36486.1771908603,36479.11128148834,0.019369740993510326,1.686040196346994e-12,0.009379143379155686,18,converged,gap_residual_and_feasibility
123,0.48329812891880236,sMEL-ADMM,1.0,0.01,1.2760429999999998,36486.55393324386,36479.11128148834,0.02040250295049073,2.0061730054976579e-13,0.009061321774273878,29,converged,gap_residual_and_feasibility
124,0.7355612417107447,IPOPT,1.0,1.0e-10,13.062000274658203,36479.11128157176,36479.11128148833,2.286956207909663e-10,1.687538997430238e-14,NaN,34,INTERRUPTED,gap_and_residual
124,0.7355612417107447,MadNLP,1.0,0.01,20.540952682495117,36479.11128148833,36479.11128148833,0.0,1.5987211554602254e-14,NaN,35,LOCALLY_SOLVED,residual_tolerance_upper_bound
124,0.7355612417107447,ADMM,1.0,0.01,79.09965515136719,36831.60930237312,36479.11128148833,0.9663010103638966,5.920153256511185e-12,2.361946438993646,6,converged,gap_callback_with_solver_termination
124,0.7355612417107447,MEL-ADMM,1.0,0.01,14.082193374633789,36485.64697970903,36479.11128148833,0.017916275893535564,2.3283597272438783e-12,0.009850837294921533,17,converged,gap_residual_and_feasibility
124,0.7355612417107447,sMEL-ADMM,1.0,0.01,1.526043,36486.701021243854,36479.11128148833,0.0208057145278512,2.0028423364237824e-13,0.00832177626093511,30,converged,gap_residual_and_feasibility
125,0.5690418971693729,IPOPT,1.0,1.0e-10,14.06097412109375,36479.1112815721,36479.11128148837,2.295333336876363e-10,1.2434497875801753e-14,NaN,33,INTERRUPTED,gap_and_residual
125,0.5690418971693729,MadNLP,1.0,0.01,20.364046096801758,36479.11128148834,36479.11128148837,7.978218063525766e-14,1.1546319456101628e-14,NaN,34,LOCALLY_SOLVED,residual_tolerance_upper_bound
125,0.5690418971693729,ADMM,1.0,0.01,72.37648963928223,36588.972052518846,36479.11128148837,0.3011607661786114,7.213118990989642e-13,1.1342369908084438,6,converged,gap_callback_with_solver_termination
125,0.5690418971693729,MEL-ADMM,1.0,0.01,15.218734741210938,36486.17719077879,36479.11128148837,0.019369740770000532,3.0020430585864233e-13,0.009379143601820239,18,converged,gap_residual_and_feasibility
125,0.5690418971693729,sMEL-ADMM,1.0,0.01,1.2827069999999998,36486.692054995605,36479.11128148837,0.020781135397573505,1.999511667349907e-13,0.009214598658845219,29,converged,gap_residual_and_feasibility
126,0.6637632426879798,IPOPT,1.0,1.0e-10,13.629913330078125,36479.11134600458,36479.11128148835,1.7685800658164932e-7,1.2434497875801753e-14,NaN,33,INTERRUPTED,gap_and_residual
126,0.6637632426879798,MadNLP,1.0,0.01,19.871950149536133,36479.11128148833,36479.11128148835,5.983663547644327e-14,1.1546319456101628e-14,NaN,35,LOCALLY_SOLVED,residual_tolerance_upper_bound
126,0.6637632426879798,ADMM,1.0,0.01,73.63009452819824,36558.596107055564,36479.11128148835,0.21789134322344814,2.5178747975473925e-12,1.125057654544567,6,converged,gap_callback_with_solver_termination
126,0.6637632426879798,MEL-ADMM,1.0,0.01,13.510465621948242,36486.13353849906,36479.11128148835,0.019250077000287597,1.0402789740737717e-12,0.006311602634906599,16,converged,gap_residual_and_feasibility
126,0.6637632426879798,sMEL-ADMM,1.0,0.01,1.243171,36486.531707621165,36479.11128148835,0.020341575965360324,2.0095036745715333e-13,0.009953509863514398,30,converged,gap_residual_and_feasibility
127,0.7388445526608314,IPOPT,1.0,1.0e-10,13.699054718017578,36479.11128157181,36479.11128148835,2.2877540297160142e-10,1.3322676295501878e-14,NaN,34,INTERRUPTED,gap_and_residual
127,0.7388445526608314,MadNLP,1.0,0.01,19.90199089050293,36479.11128148836,36479.11128148835,1.994554515881442e-14,1.0658141036401503e-14,NaN,35,LOCALLY_SOLVED,residual_tolerance_upper_bound
127,0.7388445526608314,ADMM,1.0,0.01,88.04941177368164,36539.443334152944,36479.11128148835,0.16538794544374552,1.6293633109398797e-12,0.8612628052258211,7,converged,gap_callback_with_solver_termination
127,0.7388445526608314,MEL-ADMM,1.0,0.01,13.923883438110352,36485.67416388422,36479.11128148835,0.017990795733006378,3.9858116807067745e-12,0.009469252816177942,17,converged,gap_residual_and_feasibility
127,0.7388445526608314,sMEL-ADMM,1.0,0.01,1.148586,36486.70920789109,36479.11128148835,0.02082815654171201,2.0061730054976579e-13,0.008256239902149076,30,converged,gap_residual_and_feasibility
128,0.45898745728186313,IPOPT,1.0,1.0e-10,13.538122177124023,36479.11128157208,36479.11128148835,2.2951338814247755e-10,1.1546319456101628e-14,NaN,33,INTERRUPTED,gap_and_residual
128,0.45898745728186313,MadNLP,1.0,0.01,20.647048950195312,36479.11128148837,36479.11128148835,3.989109031762884e-14,1.4210854715202004e-14,NaN,34,LOCALLY_SOLVED,residual_tolerance_upper_bound
128,0.45898745728186313,ADMM,1.0,0.01,71.74277305603027,36588.97205523596,36479.11128148835,0.301160773627056,2.658373521313706e-12,1.1342369999632087,6,converged,gap_callback_with_solver_termination
128,0.45898745728186313,MEL-ADMM,1.0,0.01,15.12598991394043,36486.17719100258,36479.11128148835,0.019369741383505563,4.982347867610315e-12,0.009379143362535203,18,converged,gap_residual_and_feasibility
128,0.45898745728186313,sMEL-ADMM,1.0,0.01,1.32792,36485.82474409887,36479.11128148835,0.01840358050039679,2.0039525594484076e-13,0.008310158096579201,33,converged,gap_residual_and_feasibility
129,0.5535071590473105,IPOPT,1.0,1.0e-10,12.770891189575195,36479.11128157213,36479.11128148832,2.297327891392247e-10,1.509903313490213e-14,NaN,33,INTERRUPTED,gap_and_residual
129,0.5535071590473105,MadNLP,1.0,0.01,19.617080688476562,36479.111281488345,36479.11128148832,5.983663547644332e-14,9.769962616701378e-15,NaN,34,LOCALLY_SOLVED,residual_tolerance_upper_bound
129,0.5535071590473105,ADMM,1.0,0.01,69.01955604553223,36588.97205143939,36479.11128148832,0.3011607632196303,7.44737604918555e-13,1.1342369899873699,6,converged,gap_callback_with_solver_termination
129,0.5535071590473105,MEL-ADMM,1.0,0.01,15.372514724731445,36486.177190858034,36479.11128148832,0.01936974098734716,1.6362466936925557e-12,0.0093791434865107,18,converged,gap_residual_and_feasibility
129,0.5535071590473105,sMEL-ADMM,1.0,0.01,1.326959,36486.6660262347,36479.11128148832,0.02070978288939203,2.0061730054976579e-13,0.008911126887122478,29,converged,gap_residual_and_feasibility
130,0.5917079739877212,IPOPT,1.0,1.0e-10,13.11492919921875,36479.111281572004,36479.11128148833,2.29373769326366e-10,1.3322676295501878e-14,NaN,33,INTERRUPTED,gap_and_residual
130,0.5917079739877212,MadNLP,1.0,0.01,19.55580711364746,36479.111281488345,36479.11128148833,3.989109031762887e-14,1.509903313490213e-14,NaN,34,LOCALLY_SOLVED,residual_tolerance_upper_bound
130,0.5917079739877212,ADMM,1.0,0.01,71.45261764526367,36596.37933066835,36479.11128148833,0.32146629964510387,1.63158375698913e-12,1.0576215360266028,6,converged,gap_callback_with_solver_termination
130,0.5917079739877212,MEL-ADMM,1.0,0.01,15.530586242675781,36486.07990981052,36479.11128148833,0.01910306495247687,3.2678304506816858e-12,0.009404173127060211,18,converged,gap_residual_and_feasibility
130,0.5917079739877212,sMEL-ADMM,1.0,0.01,1.183334,36486.73090128335,36479.11128148833,0.02088762452633005,2.000621890374532e-13,0.009647412126639665,29,converged,gap_residual_and_feasibility
131,0.31860673180842025,IPOPT,1.0,1.0e-10,13.238906860351562,36479.11128155871,36479.11128148837,1.9283353059541777e-10,1.3322676295501878e-14,NaN,34,INTERRUPTED,gap_and_residual
131,0.31860673180842025,MadNLP,1.0,0.01,20.190000534057617,36479.11128148835,36479.11128148837,3.989109031762883e-14,1.509903313490213e-14,NaN,35,LOCALLY_SOLVED,residual_tolerance_upper_bound
131,0.31860673180842025,ADMM,1.0,0.01,72.30782508850098,36555.74321668504,36479.11128148837,0.21007072953436107,2.6263990982045016e-12,1.1357133786055975,6,converged,gap_callback_with_solver_termination
131,0.31860673180842025,MEL-ADMM,1.0,0.01,13.765096664428711,36486.07890538395,36479.11128148837,0.019100311522982936,1.4070411502586921e-12,0.007911240285459087,16,converged,gap_residual_and_feasibility
131,0.31860673180842025,sMEL-ADMM,1.0,0.01,1.394751,36484.849931147,36479.11128148837,0.015731330772702643,1.999511667349907e-13,0.009124094645848402,36,converged,gap_residual_and_feasibility
132,0.6178959239946523,IPOPT,1.0,1.0e-10,13.329029083251953,36479.11128157049,36479.111281488345,2.2518520484301486e-10,1.1546319456101628e-14,NaN,33,INTERRUPTED,gap_and_residual
132,0.6178959239946523,MadNLP,1.0,0.01,19.5310115814209,36479.111281488316,36479.111281488345,7.978218063525771e-14,1.4210854715202004e-14,NaN,34,LOCALLY_SOLVED,residual_tolerance_upper_bound
132,0.6178959239946523,ADMM,1.0,0.01,71.58184051513672,36583.88577847178,36479.111281488345,0.2872177893122082,1.1836087665528794e-12,1.1561249700940444,6,converged,gap_callback_with_solver_termination
132,0.6178959239946523,MEL-ADMM,1.0,0.01,15.383243560791016,36485.900425992266,36479.111281488345,0.018611046885250216,1.549982364679181e-12,0.009580908541303224,18,converged,gap_residual_and_feasibility
132,0.6178959239946523,sMEL-ADMM,1.0,0.01,1.252872,36486.09514804007,36479.111281488345,0.019144837432669717,2.0050627824730327e-13,0.008469812649103403,32,converged,gap_residual_and_feasibility
133,0.4200899438600634,IPOPT,1.0,1.0e-10,13.377189636230469,36479.11128157203,36479.11128148834,2.294336059618424e-10,1.2434497875801753e-14,NaN,33,INTERRUPTED,gap_and_residual
133,0.4200899438600634,MadNLP,1.0,0.01,20.05600929260254,36479.111281488345,36479.11128148834,1.994554515881443e-14,1.1546319456101628e-14,NaN,34,LOCALLY_SOLVED,residual_tolerance_upper_bound
133,0.4200899438600634,ADMM,1.0,0.01,71.00510597229004,36588.97205698341,36479.11128148834,0.3011607784173777,1.4974133044631799e-12,1.1342370032514593,6,converged,gap_callback_with_solver_termination
133,0.4200899438600634,MEL-ADMM,1.0,0.01,15.642642974853516,36486.17719093938,36479.11128148834,0.019369741210298455,4.020117572167692e-12,0.009379143656508049,18,converged,gap_residual_and_feasibility
133,0.4200899438600634,sMEL-ADMM,1.0,0.01,1.171959,36485.826387412446,36479.11128148834,0.018408085307482305,2.0061730054976579e-13,0.005175907165245519,36,converged,gap_residual_and_feasibility
134,0.7189283106497677,IPOPT,1.0,1.0e-10,14.53399658203125,36479.11128157181,36479.11128148834,2.2881529406191915e-10,1.2434497875801753e-14,NaN,34,INTERRUPTED,gap_and_residual
134,0.7189283106497677,MadNLP,1.0,0.01,20.122051239013672,36479.11128148834,36479.11128148834,0.0,1.4210854715202004e-14,NaN,35,LOCALLY_SOLVED,residual_tolerance_upper_bound
134,0.7189283106497677,ADMM,1.0,0.01,80.72495460510254,36709.78933320135,36479.11128148834,0.6323565558738536,3.685385330243207e-12,1.9711116876210957,6,converged,gap_callback_with_solver_termination
134,0.7189283106497677,MEL-ADMM,1.0,0.01,13.350725173950195,36486.630363898104,36479.11128148834,0.020612021909595966,7.809308755213351e-13,0.00931827347478631,16,converged,gap_residual_and_feasibility
134,0.7189283106497677,sMEL-ADMM,1.0,0.01,1.386498,36486.65960871725,36479.11128148834,0.02069219058180136,2.0061730054976579e-13,0.008670574020921862,30,converged,gap_residual_and_feasibility
135,0.5448136363032521,IPOPT,1.0,1.0e-10,12.92109489440918,36479.11128157213,36479.11128148834,2.2969289804890697e-10,1.3322676295501878e-14,NaN,33,INTERRUPTED,gap_and_residual
135,0.5448136363032521,MadNLP,1.0,0.01,19.637107849121094,36479.11128148832,36479.11128148834,3.989109031762886e-14,1.0658141036401503e-14,NaN,34,LOCALLY_SOLVED,residual_tolerance_upper_bound
135,0.5448136363032521,ADMM,1.0,0.01,69.63777542114258,36588.972047562485,36479.11128148834,0.30116075259184594,3.3573144264664734e-13,1.1342369860156074,6,converged,gap_callback_with_solver_termination
135,0.5448136363032521,MEL-ADMM,1.0,0.01,15.536308288574219,36486.17719090613,36479.11128148834,0.019369741119147313,2.171596236166806e-12,0.009379143099382148,18,converged,gap_residual_and_feasibility
135,0.5448136363032521,sMEL-ADMM,1.0,0.01,1.170625,36486.65160055231,36479.11128148834,0.020670237840460633,1.999511667349907e-13,0.008737821225698994,29,converged,gap_residual_and_feasibility
136,0.5887466682633147,IPOPT,1.0,1.0e-10,12.959003448486328,36479.11128157202,36479.11128148834,2.2939371487152476e-10,1.5987211554602254e-14,NaN,33,INTERRUPTED,gap_and_residual
136,0.5887466682633147,MadNLP,1.0,0.01,19.435882568359375,36479.11128148834,36479.11128148834,0.0,1.4210854715202004e-14,NaN,34,LOCALLY_SOLVED,residual_tolerance_upper_bound
136,0.5887466682633147,ADMM,1.0,0.01,68.60136985778809,36595.525037883,36479.11128148834,0.3191244312296047,3.4017233474514796e-13,1.0726955489784613,6,converged,gap_callback_with_solver_termination
136,0.5887466682633147,MEL-ADMM,1.0,0.01,15.500783920288086,36486.099393277465,36479.11128148834,0.01915647488011439,3.9289682618459665e-12,0.009400882831887891,18,converged,gap_residual_and_feasibility
136,0.5887466682633147,sMEL-ADMM,1.0,0.01,1.202664,36486.72575760157,36479.11128148834,0.020873524177917564,2.0039525594484076e-13,0.009591296662863513,29,converged,gap_residual_and_feasibility
137,0.6380105225406667,IPOPT,1.0,1.0e-10,13.505935668945312,36479.111281488345,36479.111281488345,0.0,1.2434497875801753e-14,NaN,34,INTERRUPTED,gap_and_residual
137,0.6380105225406667,MadNLP,1.0,0.01,19.87314224243164,36479.11128148833,36479.111281488345,3.9891090317628855e-14,1.2434497875801753e-14,NaN,35,LOCALLY_SOLVED,residual_tolerance_upper_bound
137,0.6380105225406667,ADMM,1.0,0.01,73.86565208435059,36568.09380029506,36479.111281488345,0.24392732081679463,2.9398705692074145e-13,1.1571160659761572,6,converged,gap_callback_with_solver_termination
137,0.6380105225406667,MEL-ADMM,1.0,0.01,15.777587890625,36486.43127678301,36479.111281488345,0.020066265425664635,1.389999226830696e-12,0.0009606538347757265,19,converged,gap_residual_and_feasibility
137,0.6380105225406667,sMEL-ADMM,1.0,0.01,1.2917079999999999,36486.11268463112,36479.111281488345,0.019192910399467626,2.007283228522283e-13,0.008454539942441386,32,converged,gap_residual_and_feasibility
138,0.44130812713571643,IPOPT,1.0,1.0e-10,13.530969619750977,36479.111281572055,36479.111281488345,2.2947349705215997e-10,8.881784197001252e-15,NaN,33,INTERRUPTED,gap_and_residual
138,0.44130812713571643,MadNLP,1.0,0.01,19.474029541015625,36479.111281488345,36479.111281488345,0.0,1.4210854715202004e-14,NaN,34,LOCALLY_SOLVED,residual_tolerance_upper_bound
138,0.44130812713571643,ADMM,1.0,0.01,70.52087783813477,36588.972054648075,36479.111281488345,0.30116077201551583,1.313782416190179e-12,1.1342369924764624,6,converged,gap_callback_with_solver_termination
138,0.44130812713571643,MEL-ADMM,1.0,0.01,15.114784240722656,36486.1771908971,36479.111281488345,0.019369741094374945,1.888211809131235e-12,0.009379143208423812,18,converged,gap_residual_and_feasibility
138,0.44130812713571643,sMEL-ADMM,1.0,0.01,1.4657909999999998,36485.739332278186,36479.111281488345,0.018169441515984496,2.003397447936095e-13,0.009780769260125055,34,converged,gap_residual_and_feasibility
139,0.45588925717142537,IPOPT,1.0,1.0e-10,12.926101684570312,36479.11128157207,36479.11128148837,2.2945355150700103e-10,1.1546319456101628e-14,NaN,33,INTERRUPTED,gap_and_residual
139,0.45588925717142537,MadNLP,1.0,0.01,19.833087921142578,36479.111281488345,36479.11128148837,5.983663547644324e-14,1.687538997430238e-14,NaN,34,LOCALLY_SOLVED,residual_tolerance_upper_bound
139,0.45588925717142537,ADMM,1.0,0.01,69.9312686920166,36588.972054371254,36479.11128148837,0.3011607712566076,1.5743517600697032e-12,1.1342369981339058,6,converged,gap_callback_with_solver_termination
139,0.45588925717142537,MEL-ADMM,1.0,0.01,15.051603317260742,36486.177190806775,36479.11128148837,0.019369740846711097,3.9523939676655573e-13,0.00937914331061318,18,converged,gap_residual_and_feasibility
139,0.45588925717142537,sMEL-ADMM,1.0,0.01,1.119247,36485.780354436305,36479.11128148837,0.018281895346836746,2.000621890374532e-13,0.00989781163146597,33,converged,gap_residual_and_feasibility
140,0.6693401920646663,IPOPT,1.0,1.0e-10,13.336896896362305,36479.11128155874,36479.11128148834,1.9299309495668842e-10,1.2434497875801753e-14,NaN,34,INTERRUPTED,gap_and_residual
140,0.6693401920646663,MadNLP,1.0,0.01,20.370960235595703,36479.11128148833,36479.11128148834,1.994554515881443e-14,1.3322676295501878e-14,NaN,35,LOCALLY_SOLVED,residual_tolerance_upper_bound
140,0.6693401920646663,ADMM,1.0,0.01,74.23210144042969,36562.06336081446,36479.11128148834,0.22739610810699817,1.2151391004522338e-12,1.1232803819321475,6,converged,gap_callback_with_solver_termination
140,0.6693401920646663,MEL-ADMM,1.0,0.01,13.557672500610352,36486.1776045652,36479.11128148834,0.019370875080633308,1.8863799411406035e-12,0.005651721108081098,16,converged,gap_residual_and_feasibility
140,0.6693401920646663,sMEL-ADMM,1.0,0.01,1.3135,36486.54389642416,36479.11128148834,0.02037498906832113,2.0061730054976579e-13,0.009818564859488177,30,converged,gap_residual_and_feasibility
141,0.3727969546091309,IPOPT,1.0,1.0e-10,12.971878051757812,36479.111346003265,36479.11128148832,1.7685447622015634e-7,1.2434497875801753e-14,NaN,32,INTERRUPTED,gap_and_residual
141,0.3727969546091309,MadNLP,1.0,0.01,19.613981246948242,36479.11128148835,36479.11128148832,7.978218063525775e-14,1.2434497875801753e-14,NaN,34,LOCALLY_SOLVED,residual_tolerance_upper_bound
141,0.3727969546091309,ADMM,1.0,0.01,69.66781616210938,36597.57395056037,36479.11128148832,0.32474110500647535,4.108380302625392e-13,1.1261951376107788,6,converged,gap_callback_with_solver_termination
141,0.3727969546091309,MEL-ADMM,1.0,0.01,15.507221221923828,36486.054053911575,36479.11128148832,0.019032186309799325,7.468470286653428e-13,0.009369287223442768,18,converged,gap_residual_and_feasibility
141,0.3727969546091309,sMEL-ADMM,1.0,0.01,1.2193749999999999,36484.99490504033,36479.11128148832,0.01612874696043462,2.0056178939853453e-13,0.00802074219599902,33,converged,gap_residual_and_feasibility
142,0.311423540877235,IPOPT,1.0,1.0e-10,13.216018676757812,36479.11128157172,36479.11128148836,2.285161108845368e-10,1.1546319456101628e-14,NaN,34,INTERRUPTED,gap_and_residual
142,0.311423540877235,MadNLP,1.0,0.01,20.45893669128418,36479.11128148834,36479.11128148836,5.983663547644325e-14,1.2434497875801753e-14,NaN,35,LOCALLY_SOLVED,residual_tolerance_upper_bound
142,0.311423540877235,ADMM,1.0,0.01,72.7386474609375,36550.989850726895,36479.11128148836,0.1970403518986243,2.4235058404542542e-12,1.1132975337052198,6,converged,gap_callback_with_solver_termination
142,0.311423540877235,MEL-ADMM,1.0,0.01,13.315200805664062,36486.13980860402,36479.11128148836,0.019267265206725368,3.730349362740526e-13,0.0067735257174561525,16,converged,gap_residual_and_feasibility
142,0.311423540877235,sMEL-ADMM,1.0,0.01,1.907082,36484.807630164185,36479.11128148836,0.01561537130625124,1.9950707752514063e-13,0.009635241025403474,38,converged,gap_residual_and_feasibility
143,0.3689221073740136,IPOPT,1.0,1.0e-10,14.024972915649414,36479.11134600563,36479.11128148834,1.7686091863124257e-7,1.0658141036401503e-14,NaN,32,INTERRUPTED,gap_and_residual
143,0.3689221073740136,MadNLP,1.0,0.01,21.409034729003906,36479.11128148835,36479.11128148834,3.989109031762886e-14,1.1546319456101628e-14,NaN,34,LOCALLY_SOLVED,residual_tolerance_upper_bound
143,0.3689221073740136,ADMM,1.0,0.01,75.34241676330566,36599.3087004381,36479.11128148834,0.32949656591759824,4.468647674116255e-13,1.1697400573224002,6,converged,gap_callback_with_solver_termination
143,0.3689221073740136,MEL-ADMM,1.0,0.01,16.04175567626953,36486.02818644662,36479.11128148834,0.018961275961224433,1.6942558467292201e-12,0.009347418993938206,18,converged,gap_residual_and_feasibility
143,0.3689221073740136,sMEL-ADMM,1.0,0.01,1.576585,36484.98743907784,36479.11128148834,0.016108280555853498,2.0050627824730327e-13,0.008601765831045327,33,converged,gap_residual_and_feasibility
144,0.6667713250013764,IPOPT,1.0,1.0e-10,14.829158782958984,36479.11128155827,36479.11128148835,1.9165674343104777e-10,1.7763568394002505e-14,NaN,34,INTERRUPTED,gap_and_residual
144,0.6667713250013764,MadNLP,1.0,0.01,22.11284637451172,36479.11128148834,36479.11128148835,3.989109031762884e-14,1.5987211554602254e-14,NaN,35,LOCALLY_SOLVED,residual_tolerance_upper_bound
144,0.6667713250013764,ADMM,1.0,0.01,75.81806182861328,36560.216390370544,36479.11128148835,0.22233301753529539,2.0977664050292333e-12,1.1241478722442828,6,converged,gap_callback_with_solver_termination
144,0.6667713250013764,MEL-ADMM,1.0,0.01,13.533830642700195,36486.15729719868,36479.11128148835,0.01931520660127862,1.3208323323965487e-12,0.0059543859209654215,16,converged,gap_residual_and_feasibility
144,0.6667713250013764,sMEL-ADMM,1.0,0.01,1.182043,36486.53826802156,36479.11128148835,0.020359559957204183,1.999511667349907e-13,0.009880678391279929,30,converged,gap_residual_and_feasibility
145,0.3266490723847228,IPOPT,1.0,1.0e-10,13.055086135864258,36479.11134601544,36479.11128148833,1.7688782517166186e-7,1.4210854715202004e-14,NaN,33,INTERRUPTED,gap_and_residual
145,0.3266490723847228,MadNLP,1.0,0.01,20.547866821289062,36479.11128148834,36479.11128148833,1.9945545158814434e-14,1.4210854715202004e-14,NaN,35,LOCALLY_SOLVED,residual_tolerance_upper_bound
145,0.3266490723847228,ADMM,1.0,0.01,74.4318962097168,36561.43574369628,36479.11128148833,0.22567562453125695,3.2240876635114546e-13,1.1434412713894702,6,converged,gap_callback_with_solver_termination
145,0.3266490723847228,MEL-ADMM,1.0,0.01,13.722896575927734,36486.01753314153,36479.11128148833,0.018932072110824903,5.8546500980583005e-12,0.009170249388501972,16,converged,gap_residual_and_feasibility
145,0.3266490723847228,sMEL-ADMM,1.0,0.01,1.5179989999999999,36485.064956188195,36479.11128148833,0.016320777811506107,2.0028423364237824e-13,0.007889625117408983,35,converged,gap_residual_and_feasibility
146,0.5075056707994856,IPOPT,1.0,1.0e-10,14.13583755493164,36479.111281572135,36479.11128148834,2.2971284359406578e-10,1.2434497875801753e-14,NaN,33,INTERRUPTED,gap_and_residual
146,0.5075056707994856,MadNLP,1.0,0.01,19.79517936706543,36479.11128148835,36479.11128148834,3.989109031762886e-14,1.1546319456101628e-14,NaN,34,LOCALLY_SOLVED,residual_tolerance_upper_bound
146,0.5075056707994856,ADMM,1.0,0.01,72.24845886230469,36588.972047637304,36479.11128148834,0.301160752796946,1.3102852136626097e-12,1.134236988461204,6,converged,gap_callback_with_solver_termination
146,0.5075056707994856,MEL-ADMM,1.0,0.01,14.962911605834961,36486.17719084626,36479.11128148834,0.01936974095503537,5.589972928987663e-13,0.009379143025542547,18,converged,gap_residual_and_feasibility
146,0.5075056707994856,sMEL-ADMM,1.0,0.01,1.155793,36486.591368745016,36479.11128148834,0.02050512469713961,2.0028423364237824e-13,0.008682569946964591,29,converged,gap_residual_and_feasibility
147,0.49906318086579204,IPOPT,1.0,1.0e-10,12.894153594970703,36479.111281572135,36479.11128148833,2.2973278913922465e-10,1.2434497875801753e-14,NaN,33,INTERRUPTED,gap_and_residual
147,0.49906318086579204,MadNLP,1.0,0.01,19.60897445678711,36479.111281488345,36479.11128148833,3.989109031762887e-14,1.0658141036401503e-14,NaN,34,LOCALLY_SOLVED,residual_tolerance_upper_bound
147,0.49906318086579204,ADMM,1.0,0.01,69.8549747467041,36588.972048399584,36479.11128148833,0.3011607548866009,1.8182677585798501e-12,1.134236989931928,6,converged,gap_callback_with_solver_termination
147,0.49906318086579204,MEL-ADMM,1.0,0.01,15.166521072387695,36486.177190893475,36479.11128148833,0.01936974108448196,1.491640144735129e-12,0.009379142961813969,18,converged,gap_residual_and_feasibility
147,0.49906318086579204,sMEL-ADMM,1.0,0.01,1.218747,36486.578097791695,36479.11128148833,0.020468745101125837,2.0011770018868447e-13,0.008802217620056396,29,converged,gap_residual_and_feasibility
148,0.4998892561353326,IPOPT,1.0,1.0e-10,13.412952423095703,36479.11128157214,36479.11128148834,2.297327891392246e-10,1.3322676295501878e-14,NaN,33,INTERRUPTED,gap_and_residual
148,0.4998892561353326,MadNLP,1.0,0.01,19.106149673461914,36479.11128148835,36479.11128148834,3.989109031762886e-14,1.3322676295501878e-14,NaN,34,LOCALLY_SOLVED,residual_tolerance_upper_bound
148,0.4998892561353326,ADMM,1.0,0.01,69.24319267272949,36588.972047489624,36479.11128148834,0.30116075239211126,3.526068326209497e-13,1.1342369862061776,6,converged,gap_callback_with_solver_termination
148,0.4998892561353326,MEL-ADMM,1.0,0.01,15.609502792358398,36486.17719087325,36479.11128148834,0.019369741029013395,3.6465275243813267e-13,0.009379142656294803,18,converged,gap_residual_and_feasibility
148,0.4998892561353326,sMEL-ADMM,1.0,0.01,1.091999,36486.57937614045,36479.11128148834,0.020472249431967193,2.003397447936095e-13,0.008790093068624216,29,converged,gap_residual_and_feasibility
149,0.6734987759783353,IPOPT,1.0,1.0e-10,12.779951095581055,36479.11134601763,36479.11128148833,1.7689382878075464e-7,1.4210854715202004e-14,NaN,33,INTERRUPTED,gap_and_residual
149,0.6734987759783353,MadNLP,1.0,0.01,20.408153533935547,36479.111281488345,36479.11128148833,3.989109031762887e-14,1.5987211554602254e-14,NaN,35,LOCALLY_SOLVED,residual_tolerance_upper_bound
149,0.6734987759783353,ADMM,1.0,0.01,71.52962684631348,36565.85901227271,36479.11128148833,0.23780110791350628,2.121414155453749e-12,1.123187054043603,6,converged,gap_callback_with_solver_termination
149,0.6734987759783353,MEL-ADMM,1.0,0.01,13.366937637329102,36486.20941450046,36479.11128148833,0.019458075492454617,5.093703236980218e-13,0.005161403038465018,16,converged,gap_residual_and_feasibility
149,0.6734987759783353,sMEL-ADMM,1.0,0.01,1.046333,36486.553059350605,36479.11128148833,0.020400107351436873,2.0050627824730327e-13,0.009718242463636173,30,converged,gap_residual_and_feasibility
150,0.4922995388024325,IPOPT,1.0,1.0e-10,15.07115364074707,36479.11128157212,36479.11128148833,2.2969289804890702e-10,1.1546319456101628e-14,NaN,33,INTERRUPTED,gap_and_residual
150,0.4922995388024325,MadNLP,1.0,0.01,18.964052200317383,36479.11128148835,36479.11128148833,5.98366354764433e-14,1.2434497875801753e-14,NaN,34,LOCALLY_SOLVED,residual_tolerance_upper_bound
150,0.4922995388024325,ADMM,1.0,0.01,71.08354568481445,36588.97204770618,36479.11128148833,0.3011607529857705,1.6192602814157908e-12,1.134236987630076,6,converged,gap_callback_with_solver_termination
150,0.4922995388024325,MEL-ADMM,1.0,0.01,14.755725860595703,36486.17719079423,36479.11128148833,0.019369740812424725,5.648814749292796e-13,0.009379143142973057,18,converged,gap_residual_and_feasibility
150,0.4922995388024325,sMEL-ADMM,1.0,0.01,1.12104,36486.56766565365,36479.11128148833,0.020440147534804293,2.0028423364237824e-13,0.008898534819000048,29,converged,gap_residual_and_feasibility
151,0.40583408077264727,IPOPT,1.0,1.0e-10,13.163089752197266,36479.111281572004,36479.11128148834,2.2935382378120713e-10,1.3322676295501878e-14,NaN,33,INTERRUPTED,gap_and_residual
151,0.40583408077264727,MadNLP,1.0,0.01,18.998146057128906,36479.11128148836,36479.11128148834,5.983663547644329e-14,1.687538997430238e-14,NaN,34,LOCALLY_SOLVED,residual_tolerance_upper_bound
151,0.40583408077264727,ADMM,1.0,0.01,71.07114791870117,36588.97205690047,36479.11128148834,0.3011607781900184,1.237121516339812e-12,1.134236997442815,6,converged,gap_callback_with_solver_termination
151,0.40583408077264727,MEL-ADMM,1.0,0.01,15.554428100585938,36486.17719080707,36479.11128148834,0.019369740847608664,3.214650767802141e-13,0.009379143603371887,18,converged,gap_residual_and_feasibility
151,0.40583408077264727,sMEL-ADMM,1.0,0.01,1.486796,36485.57163908505,36479.11128148834,0.017709745028768004,2.0045076709607201e-13,0.004753155222960714,35,converged,gap_residual_and_feasibility
152,0.6976975420004319,IPOPT,1.0,1.0e-10,14.378070831298828,36479.11128157192,36479.11128148833,2.2913442278446022e-10,1.1546319456101628e-14,NaN,34,INTERRUPTED,gap_and_residual
152,0.6976975420004319,MadNLP,1.0,0.01,20.084142684936523,36479.111281488345,36479.11128148833,3.989109031762887e-14,1.1546319456101628e-14,NaN,35,LOCALLY_SOLVED,residual_tolerance_upper_bound
152,0.6976975420004319,ADMM,1.0,0.01,74.30720329284668,36614.933679798174,36479.11128148833,0.3723292414164915,1.4812595594548839e-12,1.4802550284183602,6,converged,gap_callback_with_solver_termination
152,0.6976975420004319,MEL-ADMM,1.0,0.01,13.596057891845703,36486.41493205213,36479.11128148833,0.020021459699067184,3.588240815588506e-13,0.00575020139702076,16,converged,gap_residual_and_feasibility
152,0.6976975420004319,sMEL-ADMM,1.0,0.01,1.1665,36486.60757533967,36479.11128148833,0.0205495517516783,2.0028423364237824e-13,0.009147601654976967,30,converged,gap_residual_and_feasibility
153,0.5384875751927349,IPOPT,1.0,1.0e-10,12.769937515258789,36479.11128157214,36479.11128148835,2.296928980489069e-10,1.1546319456101628e-14,NaN,33,INTERRUPTED,gap_and_residual
153,0.5384875751927349,MadNLP,1.0,0.01,19.551992416381836,36479.11128148831,36479.11128148835,1.1967327095288653e-13,1.3322676295501878e-14,NaN,34,LOCALLY_SOLVED,residual_tolerance_upper_bound
153,0.5384875751927349,ADMM,1.0,0.01,71.34008407592773,36588.97204905978,36479.11128148835,0.3011607566963398,1.3316014957354128e-12,1.1342369908821173,6,converged,gap_callback_with_solver_termination
153,0.5384875751927349,MEL-ADMM,1.0,0.01,15.240192413330078,36486.17719097398,36479.11128148835,0.019369741305099625,3.837152817709466e-12,0.009379143156567515,18,converged,gap_residual_and_feasibility
153,0.5384875751927349,sMEL-ADMM,1.0,0.01,1.2376690000000001,36486.64122229778,36479.11128148835,0.0206417879847033,2.0039525594484076e-13,0.008610168893465442,29,converged,gap_residual_and_feasibility
154,0.45177540245187103,IPOPT,1.0,1.0e-10,14.021873474121094,36479.111281572084,36479.11128148832,2.296131158682718e-10,1.2434497875801753e-14,NaN,33,INTERRUPTED,gap_and_residual
154,0.45177540245187103,MadNLP,1.0,0.01,19.828081130981445,36479.111281488345,36479.11128148832,5.983663547644332e-14,1.2434497875801753e-14,NaN,34,LOCALLY_SOLVED,residual_tolerance_upper_bound
154,0.45177540245187103,ADMM,1.0,0.01,72.01147079467773,36588.97205476668,36479.11128148832,0.3011607723407082,1.441236019417147e-12,1.1342369948480986,6,converged,gap_callback_with_solver_termination
154,0.45177540245187103,MEL-ADMM,1.0,0.01,15.444278717041016,36486.177190931216,36479.11128148832,0.019369741187959453,2.97761815204467e-12,0.009379143305189075,18,converged,gap_residual_and_feasibility
154,0.45177540245187103,sMEL-ADMM,1.0,0.01,1.8795039999999998,36486.09933209749,36479.11128148832,0.019156307167798474,2.000621890374532e-13,0.009079564565890513,36,converged,gap_residual_and_feasibility
155,0.31513095618435905,IPOPT,1.0,1.0e-10,14.898061752319336,36479.11128157171,36479.11128148833,2.2857594752001342e-10,1.3322676295501878e-14,NaN,34,INTERRUPTED,gap_and_residual
155,0.31513095618435905,MadNLP,1.0,0.01,20.84183692932129,36479.11128148835,36479.11128148833,5.98366354764433e-14,1.1546319456101628e-14,NaN,35,LOCALLY_SOLVED,residual_tolerance_upper_bound
155,0.31513095618435905,ADMM,1.0,0.01,74.9821662902832,36553.22660068859,36479.11128148833,0.20317194305627395,1.84341431008761e-12,1.1259801538575953,6,converged,gap_callback_with_solver_termination
155,0.31513095618435905,MEL-ADMM,1.0,0.01,13.817071914672852,36486.10942837277,36479.11128148833,0.019183984035249627,1.1767253838002034e-12,0.007337585555442061,16,converged,gap_residual_and_feasibility
155,0.31513095618435905,sMEL-ADMM,1.0,0.01,1.516707,36484.87310371119,36479.11128148833,0.015794853603737845,2.0000667788622195e-13,0.009022658258984961,38,converged,gap_residual_and_feasibility
156,0.7141190813251967,IPOPT,1.0,1.0e-10,13.180017471313477,36479.11128157182,36479.11128148832,2.288950762425545e-10,1.1546319456101628e-14,NaN,34,INTERRUPTED,gap_and_residual
156,0.7141190813251967,MadNLP,1.0,0.01,21.160125732421875,36479.11128148834,36479.11128148832,3.9891090317628874e-14,1.2434497875801753e-14,NaN,35,LOCALLY_SOLVED,residual_tolerance_upper_bound
156,0.7141190813251967,ADMM,1.0,0.01,75.52480697631836,36682.72102207466,36479.11128148832,0.5581543339013761,2.881805905019519e-12,1.8629058842893476,6,converged,gap_callback_with_solver_termination
156,0.7141190813251967,MEL-ADMM,1.0,0.01,13.679265975952148,36486.57875382777,36479.11128148832,0.020470543489469823,1.0964562591198046e-12,0.00850301916538232,16,converged,gap_residual_and_feasibility
156,0.7141190813251967,sMEL-ADMM,1.0,0.01,1.273377,36486.64773817044,36479.11128148832,0.020659649912962198,2.007283228522283e-13,0.008775451459253958,30,converged,gap_residual_and_feasibility
157,0.7370589912366,IPOPT,1.0,1.0e-10,13.361930847167969,36479.11128157181,36479.111281488345,2.2879534851676028e-10,1.2434497875801753e-14,NaN,34,INTERRUPTED,gap_and_residual
157,0.7370589912366,MadNLP,1.0,0.01,21.53921127319336,36479.11128148834,36479.111281488345,1.9945545158814427e-14,1.2434497875801753e-14,NaN,35,LOCALLY_SOLVED,residual_tolerance_upper_bound
157,0.7370589912366,ADMM,1.0,0.01,89.3545150756836,36541.6114031777,36479.111281488345,0.1713312619024087,4.014566457044566e-13,0.8733981111529587,7,converged,gap_callback_with_solver_termination
157,0.7370589912366,MEL-ADMM,1.0,0.01,14.197349548339844,36485.65928099993,36479.111281488345,0.0179499973589128,1.22335475083446e-12,0.009678883324298226,17,converged,gap_residual_and_feasibility
157,0.7370589912366,sMEL-ADMM,1.0,0.01,1.317791,36486.7047519506,36479.111281488345,0.020815941495014742,2.0061730054976579e-13,0.008291821446990255,30,converged,gap_residual_and_feasibility
158,0.6471971870200113,IPOPT,1.0,1.0e-10,13.31186294555664,36479.11128157568,36479.11128148834,2.394263240864084e-10,1.1546319456101628e-14,NaN,34,INTERRUPTED,gap_and_residual
158,0.6471971870200113,MadNLP,1.0,0.01,20.00713348388672,36479.11128148834,36479.11128148834,0.0,1.1546319456101628e-14,NaN,35,LOCALLY_SOLVED,residual_tolerance_upper_bound
158,0.6471971870200113,ADMM,1.0,0.01,72.25871086120605,36561.649131153514,36479.11128148834,0.2262605824694534,7.952527525389996e-13,1.1477929097561494,6,converged,gap_callback_with_solver_termination
158,0.6471971870200113,MEL-ADMM,1.0,0.01,13.216733932495117,36486.007686945486,36479.11128148834,0.01890508078426671,2.7193802765168584e-12,0.008781230672138207,16,converged,gap_residual_and_feasibility
158,0.6471971870200113,sMEL-ADMM,1.0,0.01,1.3537510000000001,36486.12143028269,36479.11128148834,0.019216884809118817,2.0061730054976579e-13,0.00844708033893582,32,converged,gap_residual_and_feasibility
159,0.29212223256792536,IPOPT,1.0,1.0e-10,13.991832733154297,36479.111281571604,36479.111281488345,2.2823687325231348e-10,9.769962616701378e-15,NaN,34,INTERRUPTED,gap_and_residual
159,0.29212223256792536,MadNLP,1.0,0.01,19.87314224243164,36479.11128148832,36479.111281488345,5.983663547644328e-14,1.3322676295501878e-14,NaN,35,LOCALLY_SOLVED,residual_tolerance_upper_bound
159,0.29212223256792536,ADMM,1.0,0.01,74.1720199584961,36559.04067924239,36479.111281488345,0.2191100466710236,3.5704772471945034e-13,1.114355149696733,6,converged,gap_callback_with_solver_termination
159,0.29212223256792536,MEL-ADMM,1.0,0.01,13.666629791259766,36486.27570892386,36479.111281488345,0.019639808054064945,1.7170709298852671e-12,0.004647342862140746,16,converged,gap_residual_and_feasibility
159,0.29212223256792536,sMEL-ADMM,1.0,0.01,1.491048,36484.867004571366,36479.111281488345,0.01577813406310012,1.9978463328129692e-13,0.006645097440195258,39,converged,gap_residual_and_feasibility
160,0.5732602740042714,IPOPT,1.0,1.0e-10,12.640953063964844,36479.111281572084,36479.11128148834,2.295732247779541e-10,1.1546319456101628e-14,NaN,33,INTERRUPTED,gap_and_residual
160,0.5732602740042714,MadNLP,1.0,0.01,21.255970001220703,36479.11128148833,36479.11128148834,1.994554515881443e-14,1.4210854715202004e-14,NaN,34,LOCALLY_SOLVED,residual_tolerance_upper_bound
160,0.5732602740042714,ADMM,1.0,0.01,70.78719139099121,36588.972052581994,36479.11128148834,0.30116076635179884,2.113198505071523e-12,1.1342369941338744,6,converged,gap_callback_with_solver_termination
160,0.5732602740042714,MEL-ADMM,1.0,0.01,15.363216400146484,36486.1771908458,36479.11128148834,0.0193697409537788,1.9597656830683263e-12,0.009379143800512857,18,converged,gap_residual_and_feasibility
160,0.5732602740042714,sMEL-ADMM,1.0,0.01,1.168126,36486.699198757946,36479.11128148834,0.020800718556590148,2.0061730054976579e-13,0.009295873197533666,29,converged,gap_residual_and_feasibility
161,0.6887062912795798,IPOPT,1.0,1.0e-10,13.345003128051758,36479.11128157192,36479.11128148836,2.2905464060382478e-10,1.2434497875801753e-14,NaN,34,INTERRUPTED,gap_and_residual
161,0.6887062912795798,MadNLP,1.0,0.01,19.994020462036133,36479.11128148833,36479.11128148836,7.978218063525767e-14,1.2434497875801753e-14,NaN,35,LOCALLY_SOLVED,residual_tolerance_upper_bound
161,0.6887062912795798,ADMM,1.0,0.01,76.16519927978516,36591.01853696684,36479.11128148836,0.3067707834627761,1.7059686996390155e-12,1.2829517168928906,6,converged,gap_callback_with_solver_termination
161,0.6887062912795798,MEL-ADMM,1.0,0.01,13.819456100463867,36486.33613166595,36479.11128148836,0.019805444605928715,3.22697424337548e-12,0.004509662792340663,16,converged,gap_residual_and_feasibility
161,0.6887062912795798,sMEL-ADMM,1.0,0.01,1.3139619999999999,36486.58709309074,36479.11128148836,0.02049340386802154,1.9984014443252818e-13,0.00935618583191733,30,converged,gap_residual_and_feasibility
162,0.3405058283806921,IPOPT,1.0,1.0e-10,13.32998275756836,36479.111346003745,36479.111281488345,1.7685573278950124e-7,1.3322676295501878e-14,NaN,33,INTERRUPTED,gap_and_residual
162,0.3405058283806921,MadNLP,1.0,0.01,20.023107528686523,36479.11128148835,36479.111281488345,1.9945545158814427e-14,1.2434497875801753e-14,NaN,35,LOCALLY_SOLVED,residual_tolerance_upper_bound
162,0.3405058283806921,ADMM,1.0,0.01,74.97429847717285,36572.307939549944,36479.111281488345,0.25547951906627864,5.089262344881718e-13,1.1675569320020562,6,converged,gap_callback_with_solver_termination
162,0.3405058283806921,MEL-ADMM,1.0,0.01,14.749526977539062,36485.84277927562,36479.111281488345,0.018453020237611428,8.838485499040871e-13,0.009893477179748977,18,converged,gap_residual_and_feasibility
162,0.3405058283806921,sMEL-ADMM,1.0,0.01,1.5855439999999998,36485.229112023815,36479.111281488345,0.016770777358751723,1.9972912213006566e-13,0.006386573881925983,35,converged,gap_residual_and_feasibility
163,0.6410086425406687,IPOPT,1.0,1.0e-10,14.061927795410156,36479.111281488345,36479.111281488345,0.0,1.3322676295501878e-14,NaN,34,INTERRUPTED,gap_and_residual
163,0.6410086425406687,MadNLP,1.0,0.01,19.855976104736328,36479.11128148835,36479.111281488345,1.9945545158814427e-14,1.509903313490213e-14,NaN,35,LOCALLY_SOLVED,residual_tolerance_upper_bound
163,0.6410086425406687,ADMM,1.0,0.01,72.30782508850098,36565.87545382483,36479.111281488345,0.23784617905567254,2.4078516958070395e-12,1.1497616367892682,6,converged,gap_callback_with_solver_termination
163,0.6410086425406687,MEL-ADMM,1.0,0.01,13.309240341186523,36485.972572346276,36479.111281488345,0.018808821314165485,5.997424779025096e-13,0.009650947985438307,16,converged,gap_residual_and_feasibility
163,0.6410086425406687,sMEL-ADMM,1.0,0.01,1.363624,36486.11551982153,36479.111281488345,0.019200682492329153,2.007283228522283e-13,0.008452078710663002,32,converged,gap_residual_and_feasibility
164,0.4283971321810758,IPOPT,1.0,1.0e-10,12.809991836547852,36479.11128157206,36479.111281488345,2.294934425973188e-10,1.2434497875801753e-14,NaN,33,INTERRUPTED,gap_and_residual
164,0.4283971321810758,MadNLP,1.0,0.01,19.598007202148438,36479.11128148835,36479.111281488345,1.9945545158814427e-14,1.4210854715202004e-14,NaN,34,LOCALLY_SOLVED,residual_tolerance_upper_bound
164,0.4283971321810758,ADMM,1.0,0.01,69.01335716247559,36588.97205599442,36479.111281488345,0.3011607757062395,4.014566457044566e-13,1.1342369978888707,6,converged,gap_callback_with_solver_termination
164,0.4283971321810758,MEL-ADMM,1.0,0.01,15.179634094238281,36486.17719083956,36479.111281488345,0.019369740936645573,8.515965710387263e-13,0.009379143436430759,18,converged,gap_residual_and_feasibility
164,0.4283971321810758,sMEL-ADMM,1.0,0.01,1.335541,36485.917233040185,36479.111281488345,0.01865711995920681,2.0056178939853453e-13,0.00902305536278547,36,converged,gap_residual_and_feasibility
165,0.4914159706602118,IPOPT,1.0,1.0e-10,13.007879257202148,36479.11128157212,36479.11128148832,2.2971284359406588e-10,1.2434497875801753e-14,NaN,33,INTERRUPTED,gap_and_residual
165,0.4914159706602118,MadNLP,1.0,0.01,20.64990997314453,36479.11128148832,36479.11128148832,0.0,1.0658141036401503e-14,NaN,34,LOCALLY_SOLVED,residual_tolerance_upper_bound
165,0.4914159706602118,ADMM,1.0,0.01,72.12114334106445,36588.97204796794,36479.11128148832,0.30116075370335144,9.059419880941277e-13,1.1342369883619554,6,converged,gap_callback_with_solver_termination
165,0.4914159706602118,MEL-ADMM,1.0,0.01,15.741825103759766,36486.17719100554,36479.11128148832,0.019369741391703197,4.949984866442492e-12,0.009379143157987713,18,converged,gap_residual_and_feasibility
165,0.4914159706602118,sMEL-ADMM,1.0,0.01,1.321124,36486.56631188349,36479.11128148832,0.02043643645165305,1.996736109788344e-13,0.008910625892468715,29,converged,gap_residual_and_feasibility
166,0.42724344108893303,IPOPT,1.0,1.0e-10,14.055013656616211,36479.111281572026,36479.111281488345,2.293937148715247e-10,1.1546319456101628e-14,NaN,33,INTERRUPTED,gap_and_residual
166,0.42724344108893303,MadNLP,1.0,0.01,19.41990852355957,36479.11128148834,36479.111281488345,1.9945545158814427e-14,1.2434497875801753e-14,NaN,34,LOCALLY_SOLVED,residual_tolerance_upper_bound
166,0.42724344108893303,ADMM,1.0,0.01,70.85585594177246,36588.97205499888,36479.111281488345,0.30116077297717037,2.5370261447221765e-12,1.1342369891658768,6,converged,gap_callback_with_solver_termination
166,0.42724344108893303,MEL-ADMM,1.0,0.01,15.625953674316406,36486.17719092039,36479.111281488345,0.019369741158220634,2.892575068358383e-12,0.00937914341320134,18,converged,gap_residual_and_feasibility
166,0.42724344108893303,sMEL-ADMM,1.0,0.01,1.527582,36485.904419698236,36479.111281488345,0.018621994810870564,2.003397447936095e-13,0.008507163080782476,36,converged,gap_residual_and_feasibility
167,0.7169519236985269,IPOPT,1.0,1.0e-10,14.130830764770508,36479.1112815718,36479.11128148834,2.2879534851676033e-10,1.1546319456101628e-14,NaN,34,INTERRUPTED,gap_and_residual
167,0.7169519236985269,MadNLP,1.0,0.01,21.165847778320312,36479.11128148833,36479.11128148834,1.994554515881443e-14,1.4210854715202004e-14,NaN,35,LOCALLY_SOLVED,residual_tolerance_upper_bound
167,0.7169519236985269,ADMM,1.0,0.01,78.3231258392334,36698.30973274423,36479.11128148834,0.600887586225617,6.9430017290983415e-12,1.9268646155521627,6,converged,gap_callback_with_solver_termination
167,0.7169519236985269,MEL-ADMM,1.0,0.01,13.637304306030273,36486.60899368624,36479.11128148834,0.020553439857805725,2.1898038937706588e-12,0.00898450573026821,16,converged,gap_residual_and_feasibility
167,0.7169519236985269,sMEL-ADMM,1.0,0.01,1.215708,36486.65473222183,36479.11128148834,0.02067882267000827,1.9984014443252818e-13,0.008713302439982584,30,converged,gap_residual_and_feasibility
168,0.6743571387965814,IPOPT,1.0,1.0e-10,13.653039932250977,36479.111346016696,36479.11128148835,1.7689121591433875e-7,1.3322676295501878e-14,NaN,33,INTERRUPTED,gap_and_residual
168,0.6743571387965814,MadNLP,1.0,0.01,21.252155303955078,36479.111281488345,36479.11128148835,1.994554515881442e-14,1.1546319456101628e-14,NaN,35,LOCALLY_SOLVED,residual_tolerance_upper_bound
168,0.6743571387965814,ADMM,1.0,0.01,74.91922378540039,36566.778662306206,36479.11128148835,0.24032213981687806,1.7678081221106368e-12,1.1229807790463022,6,converged,gap_callback_with_solver_termination
168,0.6743571387965814,MEL-ADMM,1.0,0.01,13.732194900512695,36486.21607881783,36479.11128148835,0.019476344351301515,4.1744385725905886e-13,0.005060678368556282,16,converged,gap_residual_and_feasibility
168,0.6743571387965814,sMEL-ADMM,1.0,0.01,1.269373,36486.55495865867,36479.11128148835,0.020405313914804473,2.0095036745715333e-13,0.009697578489447523,30,converged,gap_residual_and_feasibility
169,0.565857985129107,IPOPT,1.0,1.0e-10,13.787031173706055,36479.11128157207,36479.11128148834,2.2953333368763647e-10,1.2434497875801753e-14,NaN,33,INTERRUPTED,gap_and_residual
169,0.565857985129107,MadNLP,1.0,0.01,20.45917510986328,36479.111281488316,36479.11128148834,5.983663547644329e-14,1.2434497875801753e-14,NaN,34,LOCALLY_SOLVED,residual_tolerance_upper_bound
169,0.565857985129107,ADMM,1.0,0.01,71.08831405639648,36588.97205185847,36479.11128148834,0.3011607643684138,1.0049738818906917e-12,1.1342369889096604,6,converged,gap_callback_with_solver_termination
169,0.565857985129107,MEL-ADMM,1.0,0.01,15.308856964111328,36486.17719100367,36479.11128148834,0.01936974138653729,6.2874150330571865e-12,0.009379143750935626,18,converged,gap_residual_and_feasibility
169,0.565857985129107,sMEL-ADMM,1.0,0.01,1.254874,36486.68668607026,36479.11128148834,0.02076641759023235,2.0028423364237824e-13,0.009152961452731034,29,converged,gap_residual_and_feasibility
170,0.32998097121127085,IPOPT,1.0,1.0e-10,14.142036437988281,36479.111281575715,36479.11128148837,2.3944626963156705e-10,1.3322676295501878e-14,NaN,34,INTERRUPTED,gap_and_residual
170,0.32998097121127085,MadNLP,1.0,0.01,20.38407325744629,36479.11128148834,36479.11128148837,7.978218063525766e-14,1.3322676295501878e-14,NaN,35,LOCALLY_SOLVED,residual_tolerance_upper_bound
170,0.32998097121127085,ADMM,1.0,0.01,75.37460327148438,36563.80617533378,36479.11128148837,0.2321736765785584,1.0275669204418136e-12,1.1443226840051874,6,converged,gap_callback_with_solver_termination
170,0.32998097121127085,MEL-ADMM,1.0,0.01,13.42630386352539,36485.99855923635,36479.11128148837,0.01888005904211716,2.090161377310551e-12,0.009616518969071564,16,converged,gap_residual_and_feasibility
170,0.32998097121127085,sMEL-ADMM,1.0,0.01,1.4413340000000001,36485.11319441346,36479.11128148837,0.016453013010050484,1.9972912213006566e-13,0.007437663096897751,35,converged,gap_residual_and_feasibility
171,0.35567104558956225,IPOPT,1.0,1.0e-10,12.54892349243164,36479.11128157192,36479.111281488345,2.290945316941425e-10,1.1546319456101628e-14,NaN,32,INTERRUPTED,gap_and_residual
171,0.35567104558956225,MadNLP,1.0,0.01,18.986940383911133,36479.11128148835,36479.111281488345,1.9945545158814427e-14,1.0658141036401503e-14,NaN,33,LOCALLY_SOLVED,residual_tolerance_upper_bound
171,0.35567104558956225,ADMM,1.0,0.01,70.45388221740723,36585.320711947235,36479.111281488345,0.2911513650629612,1.7270074259556623e-12,1.1713361221157674,6,converged,gap_callback_with_solver_termination
171,0.35567104558956225,MEL-ADMM,1.0,0.01,15.424251556396484,36485.94074985476,36479.111281488345,0.018721586481957878,3.168409978826503e-12,0.009514755384938844,18,converged,gap_residual_and_feasibility
171,0.35567104558956225,sMEL-ADMM,1.0,0.01,1.342621,36485.39542918862,36479.111281488345,0.017226701746601958,1.9972912213006566e-13,0.005902746954882687,36,converged,gap_residual_and_feasibility
172,0.28202174125693824,IPOPT,1.0,1.0e-10,13.362884521484375,36479.11128157155,36479.111281488345,2.2809725443620178e-10,1.2434497875801753e-14,NaN,34,INTERRUPTED,gap_and_residual
172,0.28202174125693824,MadNLP,1.0,0.01,19.867897033691406,36479.11128148836,36479.111281488345,3.9891090317628855e-14,1.4210854715202004e-14,NaN,35,LOCALLY_SOLVED,residual_tolerance_upper_bound
172,0.28202174125693824,ADMM,1.0,0.01,75.48284530639648,36571.73543022767,36479.111281488345,0.25391010220780835,1.7670864771446304e-12,1.173177928036366,6,converged,gap_callback_with_solver_termination
172,0.28202174125693824,MEL-ADMM,1.0,0.01,13.481855392456055,36486.354483429706,36479.111281488345,0.019855752201497635,1.980970942838667e-12,0.0043050634235086704,16,converged,gap_residual_and_feasibility
172,0.28202174125693824,sMEL-ADMM,1.0,0.01,1.66858,36484.89843938622,36479.111281488345,0.015864306159263767,2.0017321133991572e-13,0.0066468258905825195,39,converged,gap_residual_and_feasibility
173,0.6248570478655331,IPOPT,1.0,1.0e-10,13.854026794433594,36479.11128156931,36479.11128148834,2.219739720724458e-10,1.4210854715202004e-14,NaN,33,INTERRUPTED,gap_and_residual
173,0.6248570478655331,MadNLP,1.0,0.01,20.433902740478516,36479.111281488345,36479.11128148834,1.994554515881443e-14,1.1546319456101628e-14,NaN,34,LOCALLY_SOLVED,residual_tolerance_upper_bound
173,0.6248570478655331,ADMM,1.0,0.01,74.45621490478516,36578.897485414906,36479.11128148834,0.27354340722989273,3.3217872896784684e-13,1.170994609550025,6,converged,gap_callback_with_solver_termination
173,0.6248570478655331,MEL-ADMM,1.0,0.01,15.07258415222168,36485.86557038174,36479.11128148834,0.018515497379541522,1.8030021919912542e-12,0.009603073180972643,18,converged,gap_residual_and_feasibility
173,0.6248570478655331,sMEL-ADMM,1.0,0.01,1.536791,36486.10109358788,36479.11128148834,0.019161135932303324,2.0017321133991572e-13,0.008464978232868958,32,converged,gap_residual_and_feasibility
174,0.6416488968442173,IPOPT,1.0,1.0e-10,13.935089111328125,36479.11128148837,36479.11128148837,0.0,1.1546319456101628e-14,NaN,34,INTERRUPTED,gap_and_residual
174,0.6416488968442173,MadNLP,1.0,0.01,20.552873611450195,36479.11128148832,36479.11128148837,1.1967327095288648e-13,1.2434497875801753e-14,NaN,35,LOCALLY_SOLVED,residual_tolerance_upper_bound
174,0.6416488968442173,ADMM,1.0,0.01,73.54235649108887,36565.40819433017,36479.11128148837,0.2365652830078581,2.3282487049414158e-12,1.1488140696779547,6,converged,gap_callback_with_solver_termination
174,0.6416488968442173,MEL-ADMM,1.0,0.01,13.381242752075195,36485.975966828955,36479.11128148837,0.018818126592002753,1.869948640376151e-12,0.009563875379006603,16,converged,gap_residual_and_feasibility
174,0.6416488968442173,sMEL-ADMM,1.0,0.01,1.225544,36486.116127222966,36479.11128148837,0.01920234755870551,2.007283228522283e-13,0.008451554685432683,32,converged,gap_residual_and_feasibility
175,0.6220200755047736,IPOPT,1.0,1.0e-10,13.154029846191406,36479.11128156979,36479.11128148831,2.23370160233563e-10,1.0658141036401503e-14,NaN,33,INTERRUPTED,gap_and_residual
175,0.6220200755047736,MadNLP,1.0,0.01,19.720077514648438,36479.11128148836,36479.11128148831,1.3961881611170111e-13,1.4210854715202004e-14,NaN,34,LOCALLY_SOLVED,residual_tolerance_upper_bound
175,0.6220200755047736,ADMM,1.0,0.01,73.1821060180664,36580.95819780261,36479.11128148831,0.27919242749201795,4.233280392895722e-13,1.1659390596121355,6,converged,gap_callback_with_solver_termination
175,0.6220200755047736,MEL-ADMM,1.0,0.01,15.212774276733398,36485.87979660584,36479.11128148831,0.018554495654521837,4.7871706598812125e-12,0.009584997811232121,18,converged,gap_residual_and_feasibility
175,0.6220200755047736,sMEL-ADMM,1.0,0.01,1.5427469999999999,36486.0986578554,36479.11128148831,0.019154458871472057,1.9984014443252818e-13,0.008467031593665908,32,converged,gap_residual_and_feasibility
176,0.4698354525371878,IPOPT,1.0,1.0e-10,13.261079788208008,36479.11128157209,36479.11128148833,2.2961311586827176e-10,1.0658141036401503e-14,NaN,33,INTERRUPTED,gap_and_residual
176,0.4698354525371878,MadNLP,1.0,0.01,19.93584632873535,36479.11128148834,36479.11128148833,1.9945545158814434e-14,1.509903313490213e-14,NaN,34,LOCALLY_SOLVED,residual_tolerance_upper_bound
176,0.4698354525371878,ADMM,1.0,0.01,71.47955894470215,36588.97204937854,36479.11128148833,0.30116075757021415,1.9029777753587496e-12,1.1342369859283945,6,converged,gap_callback_with_solver_termination
176,0.4698354525371878,MEL-ADMM,1.0,0.01,15.422582626342773,36486.17719104698,36479.11128148833,0.01936974150529307,5.599465335848208e-12,0.009379143074313312,18,converged,gap_residual_and_feasibility
176,0.4698354525371878,sMEL-ADMM,1.0,0.01,1.291418,36485.93581798361,36479.11128148833,0.018708066769008613,2.0089485630592208e-13,0.008899018823743887,32,converged,gap_residual_and_feasibility
177,0.536151780727208,IPOPT,1.0,1.0e-10,14.241933822631836,36479.11128157215,36479.111281488316,2.2981257131986e-10,1.1546319456101628e-14,NaN,33,INTERRUPTED,gap_and_residual
177,0.536151780727208,MadNLP,1.0,0.01,19.862890243530273,36479.11128148831,36479.111281488316,1.9945545158814443e-14,1.4210854715202004e-14,NaN,34,LOCALLY_SOLVED,residual_tolerance_upper_bound
177,0.536151780727208,ADMM,1.0,0.01,72.15094566345215,36588.97204846053,36479.111281488316,0.3011607550537048,3.4372504842394846e-13,1.1342369863431978,6,converged,gap_callback_with_solver_termination
177,0.536151780727208,MEL-ADMM,1.0,0.01,14.898538589477539,36486.17719083491,36479.111281488316,0.019369740923980167,3.2374103398069565e-13,0.009379143207989493,18,converged,gap_residual_and_feasibility
177,0.536151780727208,sMEL-ADMM,1.0,0.01,1.191541,36486.637423417444,36479.111281488316,0.02063137413368551,2.0095036745715333e-13,0.008562763916179605,29,converged,gap_residual_and_feasibility
178,0.6598428622803751,IPOPT,1.0,1.0e-10,12.831926345825195,36479.11134600829,36479.11128148831,1.7686829848295147e-7,1.4210854715202004e-14,NaN,33,INTERRUPTED,gap_and_residual
178,0.6598428622803751,MadNLP,1.0,0.01,19.78302001953125,36479.11128148832,36479.11128148831,3.989109031762889e-14,1.3322676295501878e-14,NaN,35,LOCALLY_SOLVED,residual_tolerance_upper_bound
178,0.6598428622803751,ADMM,1.0,0.01,74.52273368835449,36558.030495568695,36479.11128148831,0.21634083536578508,3.2862601528904634e-13,1.131209069830355,6,converged,gap_callback_with_solver_termination
178,0.6598428622803751,MEL-ADMM,1.0,0.01,13.521909713745117,36486.09805152209,36479.11128148831,0.019152796733081772,2.4149571231646405e-12,0.006916208553478853,16,converged,gap_residual_and_feasibility
178,0.6598428622803751,sMEL-ADMM,1.0,0.01,1.3733339999999998,36486.136540252184,36479.11128148831,0.01925830569079738,2.000621890374532e-13,0.008438068154823952,32,converged,gap_residual_and_feasibility
179,0.6795250761123668,IPOPT,1.0,1.0e-10,13.159990310668945,36479.111346010184,36479.11128148832,1.7687344443360238e-7,1.0658141036401503e-14,NaN,33,INTERRUPTED,gap_and_residual
179,0.6795250761123668,MadNLP,1.0,0.01,21.2249755859375,36479.11128148835,36479.11128148832,7.978218063525775e-14,1.2434497875801753e-14,NaN,35,LOCALLY_SOLVED,residual_tolerance_upper_bound
179,0.6795250761123668,ADMM,1.0,0.01,75.50621032714844,36573.62762046335,36479.11128148832,0.2590971535619248,7.713829575095588e-13,1.1223135588968631,6,converged,gap_callback_with_solver_termination
179,0.6795250761123668,MEL-ADMM,1.0,0.01,13.245820999145508,36486.25651694861,36479.11128148832,0.01958719719116038,7.224221221235894e-13,0.004467887723778929,16,converged,gap_residual_and_feasibility
179,0.6795250761123668,sMEL-ADMM,1.0,0.01,1.361459,36486.56644820002,36479.11128148832,0.020436810135450657,2.0095036745715333e-13,0.009573719249470258,30,converged,gap_residual_and_feasibility
180,0.5521094226704861,IPOPT,1.0,1.0e-10,12.946128845214844,36479.11128157213,36479.11128148833,2.2971284359406583e-10,1.509903313490213e-14,NaN,33,INTERRUPTED,gap_and_residual
180,0.5521094226704861,MadNLP,1.0,0.01,20.359039306640625,36479.11128148834,36479.11128148833,1.9945545158814434e-14,1.509903313490213e-14,NaN,34,LOCALLY_SOLVED,residual_tolerance_upper_bound
180,0.5521094226704861,ADMM,1.0,0.01,73.09889793395996,36588.9720505324,36479.11128148833,0.30116076073327847,1.411759598113349e-12,1.1342369847905935,6,converged,gap_callback_with_solver_termination
180,0.5521094226704861,MEL-ADMM,1.0,0.01,15.755653381347656,36486.17719086256,36479.11128148833,0.019369740999733338,1.4189760477734126e-12,0.009379143292514769,18,converged,gap_residual_and_feasibility
180,0.5521094226704861,sMEL-ADMM,1.0,0.01,1.182581,36486.66370320273,36479.11128148833,0.020703414773786018,2.0017321133991572e-13,0.008883466112312277,29,converged,gap_residual_and_feasibility
181,0.5782370790652038,IPOPT,1.0,1.0e-10,13.023138046264648,36479.111281572055,36479.11128148833,2.295133881424777e-10,1.2434497875801753e-14,NaN,33,INTERRUPTED,gap_and_residual
181,0.5782370790652038,MadNLP,1.0,0.01,20.873069763183594,36479.11128148833,36479.11128148833,0.0,9.769962616701378e-15,NaN,34,LOCALLY_SOLVED,residual_tolerance_upper_bound
181,0.5782370790652038,ADMM,1.0,0.01,80.05881309509277,36589.18989166231,36479.11128148833,0.30175792750148484,1.2860823517257813e-12,1.1291255602472976,6,converged,gap_callback_with_solver_termination
181,0.5782370790652038,MEL-ADMM,1.0,0.01,15.707731246948242,36486.17473845392,36479.11128148833,0.019363018224550263,9.12048214729566e-13,0.00938014073325455,18,converged,gap_residual_and_feasibility
181,0.5782370790652038,sMEL-ADMM,1.0,0.01,1.202791,36486.707674503305,36479.11128148833,0.020823953073737817,1.999511667349907e-13,0.009391257470662495,29,converged,gap_residual_and_feasibility
182,0.40371497167649495,IPOPT,1.0,1.0e-10,13.63515853881836,36479.111281571975,36479.11128148833,2.2929398714573074e-10,1.1546319456101628e-14,NaN,33,INTERRUPTED,gap_and_residual
182,0.40371497167649495,MadNLP,1.0,0.01,19.797086715698242,36479.111281488345,36479.11128148833,3.989109031762887e-14,1.1546319456101628e-14,NaN,34,LOCALLY_SOLVED,residual_tolerance_upper_bound
182,0.40371497167649495,ADMM,1.0,0.01,71.47645950317383,36588.97205645265,36479.11128148833,0.30116077696243,7.149836278586008e-13,1.1342369968016506,6,converged,gap_callback_with_solver_termination
182,0.40371497167649495,MEL-ADMM,1.0,0.01,15.316486358642578,36486.17719092868,36479.11128148833,0.01936974118099845,3.848255047955718e-12,0.00937914372925519,18,converged,gap_residual_and_feasibility
182,0.40371497167649495,sMEL-ADMM,1.0,0.01,1.3825809999999998,36485.552573733585,36479.11128148833,0.017657481278943756,2.003397447936095e-13,0.003653521883617117,35,converged,gap_residual_and_feasibility
183,0.40205388529910463,IPOPT,1.0,1.0e-10,14.162063598632812,36479.11128157197,36479.11128148834,2.2925409605541306e-10,1.0658141036401503e-14,NaN,33,INTERRUPTED,gap_and_residual
183,0.40205388529910463,MadNLP,1.0,0.01,19.984960556030273,36479.11128148835,36479.11128148834,3.989109031762886e-14,1.687538997430238e-14,NaN,34,LOCALLY_SOLVED,residual_tolerance_upper_bound
183,0.40205388529910463,ADMM,1.0,0.01,72.2818374633789,36588.972056441504,36479.11128148834,0.30116077693185345,1.8108847754660928e-12,1.134236993937459,6,converged,gap_callback_with_solver_termination
183,0.40205388529910463,MEL-ADMM,1.0,0.01,15.572309494018555,36486.17719083826,36479.11128148834,0.019369740933095268,1.6675549829869851e-12,0.009379143849479021,18,converged,gap_residual_and_feasibility
183,0.40205388529910463,sMEL-ADMM,1.0,0.01,1.405001,36485.538482356715,36479.11128148834,0.017618852660037453,1.999511667349907e-13,0.002894600319622853,35,converged,gap_residual_and_feasibility
184,0.7257182585068565,IPOPT,1.0,1.0e-10,13.410091400146484,36479.11128157176,36479.11128148832,2.2871556633612515e-10,1.2434497875801753e-14,NaN,34,INTERRUPTED,gap_and_residual
184,0.7257182585068565,MadNLP,1.0,0.01,19.997835159301758,36479.11128148835,36479.11128148832,7.978218063525775e-14,1.2434497875801753e-14,NaN,35,LOCALLY_SOLVED,residual_tolerance_upper_bound
184,0.7257182585068565,ADMM,1.0,0.01,79.58865165710449,36753.75712917727,36479.11128148832,0.7528852486829013,5.749845044533686e-13,2.1302682866038354,6,converged,gap_callback_with_solver_termination
184,0.7257182585068565,MEL-ADMM,1.0,0.01,15.805482864379883,36485.91883445506,36479.11128148832,0.01866150990961124,1.7500445537166343e-12,0.00486482866410487,19,converged,gap_residual_and_feasibility
184,0.7257182585068565,sMEL-ADMM,1.0,0.01,1.3000850000000002,36486.676469921986,36479.11128148832,0.02073841211559653,1.9984014443252818e-13,0.008525202315746938,30,converged,gap_residual_and_feasibility
185,0.5729808186226945,IPOPT,1.0,1.0e-10,12.875080108642578,36479.1112815721,36479.11128148833,2.2963306141343057e-10,1.5987211554602254e-14,NaN,33,INTERRUPTED,gap_and_residual
185,0.5729808186226945,MadNLP,1.0,0.01,19.736051559448242,36479.11128148833,36479.11128148833,0.0,1.4210854715202004e-14,NaN,34,LOCALLY_SOLVED,residual_tolerance_upper_bound
185,0.5729808186226945,ADMM,1.0,0.01,70.91641426086426,36588.9720523923,36479.11128148833,0.30116076583181856,1.8172130467064562e-12,1.1342369890382038,6,converged,gap_callback_with_solver_termination
185,0.5729808186226945,MEL-ADMM,1.0,0.01,15.645980834960938,36486.177190833485,36479.11128148833,0.01936974092003094,1.2753131883869173e-12,0.009379143585539929,18,converged,gap_residual_and_feasibility
185,0.5729808186226945,sMEL-ADMM,1.0,0.01,1.113749,36486.698724389156,36479.11128148833,0.020799418171888764,1.9917401061775308e-13,0.00929050179705726,29,converged,gap_residual_and_feasibility
186,0.6571502256703907,IPOPT,1.0,1.0e-10,13.570070266723633,36479.111346011865,36479.11128148833,1.7687803190898887e-7,1.3322676295501878e-14,NaN,33,INTERRUPTED,gap_and_residual
186,0.6571502256703907,MadNLP,1.0,0.01,19.855022430419922,36479.111281488345,36479.11128148833,3.989109031762887e-14,1.4210854715202004e-14,NaN,35,LOCALLY_SOLVED,residual_tolerance_upper_bound
186,0.6571502256703907,ADMM,1.0,0.01,71.65694236755371,36558.052339748,36479.11128148833,0.21640071670202046,2.238542684551703e-12,1.1331579429950187,6,converged,gap_callback_with_solver_termination
186,0.6571502256703907,MEL-ADMM,1.0,0.01,13.452529907226562,36486.0761377792,36479.11128148833,0.019092724702435473,1.2686518502391664e-12,0.007329904510058327,16,converged,gap_residual_and_feasibility
186,0.6571502256703907,sMEL-ADMM,1.0,0.01,1.421624,36486.13327013099,36479.11128148833,0.01924934132433217,2.0083934515469082e-13,0.008439683372522211,32,converged,gap_residual_and_feasibility
187,0.2988907238023391,IPOPT,1.0,1.0e-10,13.226032257080078,36479.11128157165,36479.111281488345,2.2835654652326637e-10,1.1546319456101628e-14,NaN,34,INTERRUPTED,gap_and_residual
187,0.2988907238023391,MadNLP,1.0,0.01,20.112991333007812,36479.111281488345,36479.111281488345,0.0,1.1546319456101628e-14,NaN,35,LOCALLY_SOLVED,residual_tolerance_upper_bound
187,0.2988907238023391,ADMM,1.0,0.01,72.05963134765625,36553.99102298227,36479.111281488345,0.20526744995545929,2.4879542870337445e-12,1.1142182331303747,6,converged,gap_callback_with_solver_termination
187,0.2988907238023391,MEL-ADMM,1.0,0.01,13.303756713867188,36486.225177100496,36479.111281488345,0.01950128542676527,2.1242452241665433e-12,0.0053838503425716056,16,converged,gap_residual_and_feasibility
187,0.2988907238023391,sMEL-ADMM,1.0,0.01,1.500789,36484.87956825716,36479.111281488345,0.015812574830297074,2.0011770018868447e-13,0.006209428418326723,39,converged,gap_residual_and_feasibility
188,0.5787092273436174,IPOPT,1.0,1.0e-10,13.047933578491211,36479.11128157208,36479.11128148835,2.2951338814247755e-10,1.3322676295501878e-14,NaN,33,INTERRUPTED,gap_and_residual
188,0.5787092273436174,MadNLP,1.0,0.01,19.42300796508789,36479.11128148834,36479.11128148835,3.989109031762884e-14,1.2434497875801753e-14,NaN,34,LOCALLY_SOLVED,residual_tolerance_upper_bound
188,0.5787092273436174,ADMM,1.0,0.01,69.46468353271484,36589.43989423728,36479.11128148835,0.3024432582734372,2.1705970354446436e-12,1.1275497925732667,6,converged,gap_callback_with_solver_termination
188,0.5787092273436174,MEL-ADMM,1.0,0.01,15.48910140991211,36486.17116699599,36479.11128148835,0.019353227805254357,4.829914246329281e-12,0.009381452423480319,18,converged,gap_residual_and_feasibility
188,0.5787092273436174,sMEL-ADMM,1.0,0.01,1.071251,36486.70848139668,36479.11128148835,0.02082616500633335,2.007283228522283e-13,0.009400281403847188,29,converged,gap_residual_and_feasibility
189,0.31471485360840035,IPOPT,1.0,1.0e-10,13.809919357299805,36479.11128157173,36479.11128148836,2.285360564296956e-10,1.3322676295501878e-14,NaN,34,INTERRUPTED,gap_and_residual
189,0.31471485360840035,MadNLP,1.0,0.01,20.455121994018555,36479.111281488345,36479.11128148836,3.9891090317628836e-14,1.4210854715202004e-14,NaN,35,LOCALLY_SOLVED,residual_tolerance_upper_bound
189,0.31471485360840035,ADMM,1.0,0.01,74.10454750061035,36552.942722492815,36479.11128148836,0.20239374921921788,1.62275748394336e-12,1.1250863027662028,6,converged,gap_callback_with_solver_termination
189,0.31471485360840035,MEL-ADMM,1.0,0.01,13.127803802490234,36486.1129779303,36479.11128148836,0.01919371441895322,2.575273327920513e-12,0.007269792898283001,16,converged,gap_residual_and_feasibility
189,0.31471485360840035,sMEL-ADMM,1.0,0.01,1.614669,36484.86590170882,36479.11128148836,0.015775110791642153,2.0000667788622195e-13,0.009089179752770349,38,converged,gap_residual_and_feasibility
190,0.4416232078614311,IPOPT,1.0,1.0e-10,14.441967010498047,36479.11128157207,36479.11128148835,2.2949344259731874e-10,1.2434497875801753e-14,NaN,33,INTERRUPTED,gap_and_residual
190,0.4416232078614311,MadNLP,1.0,0.01,20.318984985351562,36479.111281488345,36479.11128148835,1.994554515881442e-14,1.4210854715202004e-14,NaN,34,LOCALLY_SOLVED,residual_tolerance_upper_bound
190,0.4416232078614311,ADMM,1.0,0.01,72.65424728393555,36588.97205458671,36479.11128148835,0.3011607718472751,8.814060592499118e-13,1.1342369898908577,6,converged,gap_callback_with_solver_termination
190,0.4416232078614311,MEL-ADMM,1.0,0.01,15.343427658081055,36486.17719098572,36479.11128148835,0.019369741337291732,4.0286662894573055e-12,0.009379143104454535,18,converged,gap_residual_and_feasibility
190,0.4416232078614311,sMEL-ADMM,1.0,0.01,1.7086670000000002,36485.74252670964,36479.11128148835,0.01817819839446832,2.0056178939853453e-13,0.009988251096602951,34,converged,gap_residual_and_feasibility
191,0.6005352047199224,IPOPT,1.0,1.0e-10,13.20195198059082,36479.11128157196,36479.11128148832,2.2927404160057198e-10,1.0658141036401503e-14,NaN,33,INTERRUPTED,gap_and_residual
191,0.6005352047199224,MadNLP,1.0,0.01,19.298076629638672,36479.11128148832,36479.11128148832,0.0,1.687538997430238e-14,NaN,34,LOCALLY_SOLVED,residual_tolerance_upper_bound
191,0.6005352047199224,ADMM,1.0,0.01,71.71511650085449,36599.789656375324,36479.11128148832,0.33081500795289287,1.262767668208653e-12,1.1601687531619316,6,converged,gap_callback_with_solver_termination
191,0.6005352047199224,MEL-ADMM,1.0,0.01,15.814542770385742,36486.0163877507,36479.11128148832,0.01892893225685767,3.2582825326699094e-12,0.009375012274242422,18,converged,gap_residual_and_feasibility
191,0.6005352047199224,sMEL-ADMM,1.0,0.01,1.18946,36486.74636760006,36479.11128148832,0.02093002226074906,2.000621890374532e-13,0.009814281529820335,29,converged,gap_residual_and_feasibility
192,0.7076531391607754,IPOPT,1.0,1.0e-10,14.107227325439453,36479.11128157186,36479.11128148833,2.289748584231897e-10,1.509903313490213e-14,NaN,34,INTERRUPTED,gap_and_residual
192,0.7076531391607754,MadNLP,1.0,0.01,19.80304718017578,36479.111281488345,36479.11128148833,3.989109031762887e-14,1.1546319456101628e-14,NaN,35,LOCALLY_SOLVED,residual_tolerance_upper_bound
192,0.7076531391607754,ADMM,1.0,0.01,75.07848739624023,36652.002850918674,36479.11128148833,0.4739467694161691,2.6240121187015575e-12,1.7142263524989576,6,converged,gap_callback_with_solver_termination
192,0.7076531391607754,MEL-ADMM,1.0,0.01,13.390064239501953,36486.51166061517,36479.11128148833,0.02028662121107088,9.201528428093297e-13,0.007405722665117409,16,converged,gap_residual_and_feasibility
192,0.7076531391607754,sMEL-ADMM,1.0,0.01,1.1124150000000002,36486.631791971864,36479.11128148833,0.020615936680862885,2.0017321133991572e-13,0.008920571990618242,30,converged,gap_residual_and_feasibility
193,0.5291165347789952,IPOPT,1.0,1.0e-10,13.219833374023438,36479.11128157215,36479.11128148832,2.2979262577470115e-10,1.0658141036401503e-14,NaN,33,INTERRUPTED,gap_and_residual
193,0.5291165347789952,MadNLP,1.0,0.01,19.582033157348633,36479.11128148833,36479.11128148832,1.9945545158814437e-14,1.509903313490213e-14,NaN,34,LOCALLY_SOLVED,residual_tolerance_upper_bound
193,0.5291165347789952,ADMM,1.0,0.01,70.22881507873535,36588.97204814534,36479.11128148832,0.3011607541896637,4.0234482412415673e-13,1.1342369881034244,6,converged,gap_callback_with_solver_termination
193,0.5291165347789952,MEL-ADMM,1.0,0.01,15.180349349975586,36486.177190902934,36479.11128148832,0.01936974111043112,1.341149413747189e-12,0.009379142779705418,18,converged,gap_residual_and_feasibility
193,0.5291165347789952,sMEL-ADMM,1.0,0.01,1.244958,36486.62603933014,36479.11128148832,0.020600166993738265,2.0039525594484076e-13,0.008419590727612558,29,converged,gap_residual_and_feasibility
194,0.5486329482967962,IPOPT,1.0,1.0e-10,13.437032699584961,36479.11128157213,36479.11128148836,2.296330614134304e-10,1.3322676295501878e-14,NaN,33,INTERRUPTED,gap_and_residual
194,0.5486329482967962,MadNLP,1.0,0.01,18.91183853149414,36479.11128148834,36479.11128148836,5.983663547644325e-14,1.509903313490213e-14,NaN,34,LOCALLY_SOLVED,residual_tolerance_upper_bound
194,0.5486329482967962,ADMM,1.0,0.01,69.9613094329834,36588.97205141357,36479.11128148836,0.30116076314874357,1.272426608522892e-12,1.1342369947861322,6,converged,gap_callback_with_solver_termination
194,0.5486329482967962,MEL-ADMM,1.0,0.01,15.692949295043945,36486.1771909159,36479.11128148836,0.019369741145874333,3.0191404931656507e-12,0.009379143464345319,18,converged,gap_residual_and_feasibility
194,0.5486329482967962,sMEL-ADMM,1.0,0.01,1.206296,36486.65793160338,36479.11128148836,0.020687593118124608,2.000621890374532e-13,0.008814324037199839,29,converged,gap_residual_and_feasibility
195,0.6737921697574221,IPOPT,1.0,1.0e-10,12.73488998413086,36479.11134601729,36479.11128148835,1.7689285144904177e-7,1.5987211554602254e-14,NaN,33,INTERRUPTED,gap_and_residual
195,0.6737921697574221,MadNLP,1.0,0.01,19.914865493774414,36479.11128148837,36479.11128148835,3.989109031762884e-14,1.7763568394002505e-14,NaN,35,LOCALLY_SOLVED,residual_tolerance_upper_bound
195,0.6737921697574221,ADMM,1.0,0.01,72.43800163269043,36566.164429676544,36479.11128148835,0.23863834707060858,4.25659507641285e-13,1.1230824003060684,6,converged,gap_callback_with_solver_termination
195,0.6737921697574221,MEL-ADMM,1.0,0.01,13.562202453613281,36486.21169243636,36479.11128148835,0.019464319986349593,2.018274436466072e-12,0.005126901439553855,16,converged,gap_residual_and_feasibility
195,0.6737921697574221,sMEL-ADMM,1.0,0.01,1.2050830000000001,36486.5537082355,36479.11128148835,0.020401886136202058,2.0017321133991572e-13,0.009711177545248972,30,converged,gap_residual_and_feasibility
196,0.727877071316607,IPOPT,1.0,1.0e-10,13.867855072021484,36479.11128157174,36479.11128148832,2.2867567524580755e-10,1.2434497875801753e-14,NaN,34,INTERRUPTED,gap_and_residual
196,0.727877071316607,MadNLP,1.0,0.01,21.31819725036621,36479.11128148831,36479.11128148832,3.9891090317628874e-14,1.3322676295501878e-14,NaN,35,LOCALLY_SOLVED,residual_tolerance_upper_bound
196,0.727877071316607,ADMM,1.0,0.01,79.93793487548828,36769.33083152106,36479.11128148832,0.7955773587609599,9.857337168739377e-12,2.181261124351106,6,converged,gap_callback_with_solver_termination
196,0.727877071316607,MEL-ADMM,1.0,0.01,15.585660934448242,36485.90809884315,36479.11128148832,0.018632080431953746,8.683054275593349e-13,0.004952380904183151,19,converged,gap_residual_and_feasibility
196,0.727877071316607,sMEL-ADMM,1.0,0.01,1.2315399999999999,36486.68186352262,36479.11128148832,0.020753197565262272,1.9961809982760315e-13,0.008479488020512349,30,converged,gap_residual_and_feasibility
197,0.47101899642154893,IPOPT,1.0,1.0e-10,13.942956924438477,36479.1112815721,36479.11128148832,2.2965300695858944e-10,9.769962616701378e-15,NaN,33,INTERRUPTED,gap_and_residual
197,0.47101899642154893,MadNLP,1.0,0.01,19.6688175201416,36479.11128148836,36479.11128148832,9.972772579407219e-14,1.2434497875801753e-14,NaN,34,LOCALLY_SOLVED,residual_tolerance_upper_bound
197,0.47101899642154893,ADMM,1.0,0.01,72.16453552246094,36588.97204917892,36479.11128148832,0.3011607570230082,2.885081062942163e-12,1.1342369848704665,6,converged,gap_callback_with_solver_termination
197,0.47101899642154893,MEL-ADMM,1.0,0.01,15.445947647094727,36486.17719094923,36479.11128148832,0.019369741237344622,3.292199846072208e-12,0.009379143204615303,18,converged,gap_residual_and_feasibility
197,0.47101899642154893,sMEL-ADMM,1.0,0.01,1.286877,36486.494993406406,36479.11128148832,0.020240931477487747,2.0028423364237824e-13,0.009972157585281138,29,converged,gap_residual_and_feasibility
198,0.4577939758609182,IPOPT,1.0,1.0e-10,13.92507553100586,36479.11128157209,36479.11128148836,2.2953333368763632e-10,9.769962616701378e-15,NaN,33,INTERRUPTED,gap_and_residual
198,0.4577939758609182,MadNLP,1.0,0.01,19.353866577148438,36479.111281488345,36479.11128148836,3.9891090317628836e-14,1.1546319456101628e-14,NaN,34,LOCALLY_SOLVED,residual_tolerance_upper_bound
198,0.4577939758609182,ADMM,1.0,0.01,69.39959526062012,36588.97205424323,36479.11128148836,0.30116077090568577,7.622791287076325e-13,1.1342369970700341,6,converged,gap_callback_with_solver_termination
198,0.4577939758609182,MEL-ADMM,1.0,0.01,15.433788299560547,36486.177190779395,36479.11128148836,0.01936974077167596,1.4908074774666602e-12,0.009379143043409144,18,converged,gap_residual_and_feasibility
198,0.4577939758609182,sMEL-ADMM,1.0,0.01,1.4905000000000002,36485.80734046415,36479.11128148836,0.01835587200608498,2.0017321133991572e-13,0.008848669872847076,33,converged,gap_residual_and_feasibility
199,0.5179844692322875,IPOPT,1.0,1.0e-10,12.830972671508789,36479.11128157214,36479.111281488345,2.2971284359406576e-10,1.4210854715202004e-14,NaN,33,INTERRUPTED,gap_and_residual
199,0.5179844692322875,MadNLP,1.0,0.01,19.639968872070312,36479.111281488345,36479.111281488345,0.0,1.509903313490213e-14,NaN,34,LOCALLY_SOLVED,residual_tolerance_upper_bound
199,0.5179844692322875,ADMM,1.0,0.01,70.71495056152344,36588.97204770007,36479.111281488345,0.3011607529689762,2.2707391522658327e-12,1.134236989138378,6,converged,gap_callback_with_solver_termination
199,0.5179844692322875,MEL-ADMM,1.0,0.01,15.04659652709961,36486.1771909432,36479.111281488345,0.019369741220749918,2.5458524177679465e-12,0.009379142898650272,18,converged,gap_residual_and_feasibility
199,0.5179844692322875,sMEL-ADMM,1.0,0.01,1.216127,36486.6081385305,36479.111281488345,0.02055109562375638,2.007283228522283e-13,0.008544400194537616,29,converged,gap_residual_and_feasibility
200,0.679071389215045,IPOPT,1.0,1.0e-10,12.971878051757812,36479.11134601078,36479.11128148836,1.7687498024057944e-7,1.3322676295501878e-14,NaN,33,INTERRUPTED,gap_and_residual
200,0.679071389215045,MadNLP,1.0,0.01,20.156145095825195,36479.11128148835,36479.11128148836,1.9945545158814418e-14,1.2434497875801753e-14,NaN,35,LOCALLY_SOLVED,residual_tolerance_upper_bound
200,0.679071389215045,ADMM,1.0,0.01,73.83275032043457,36572.944679434826,36479.11128148836,0.25722501083539984,6.552536291337674e-13,1.1224069193712705,6,converged,gap_callback_with_solver_termination
200,0.679071389215045,MEL-ADMM,1.0,0.01,13.381242752075195,36486.2527589189,36479.11128148836,0.01957689532354819,3.6060043839825084e-13,0.004519138435972181,16,converged,gap_residual_and_feasibility
200,0.679071389215045,sMEL-ADMM,1.0,0.01,1.1041239999999999,36486.56543564702,36479.11128148836,0.02043403442901668,2.0017321133991572e-13,0.009584556801549127,30,converged,gap_residual_and_feasibility
201,0.48328035494737603,IPOPT,1.0,1.0e-10,12.955904006958008,36479.11128157213,36479.11128148833,2.2971284359406583e-10,1.509903313490213e-14,NaN,33,INTERRUPTED,gap_and_residual
201,0.48328035494737603,MadNLP,1.0,0.01,19.2410945892334,36479.111281488345,36479.11128148833,3.989109031762887e-14,1.1546319456101628e-14,NaN,34,LOCALLY_SOLVED,residual_tolerance_upper_bound
201,0.48328035494737603,ADMM,1.0,0.01,69.58556175231934,36588.97204695475,36479.11128148833,0.30116075092587435,2.511990615516879e-12,1.1342369836894495,6,converged,gap_callback_with_solver_termination
201,0.48328035494737603,MEL-ADMM,1.0,0.01,15.417337417602539,36486.17719084071,36479.11128148833,0.019369740939836868,7.732703366514215e-13,0.009379143187264738,18,converged,gap_residual_and_feasibility
201,0.48328035494737603,sMEL-ADMM,1.0,0.01,1.341624,36486.55390621336,36479.11128148833,0.020402428851952755,2.0017321133991572e-13,0.00906164464835868,29,converged,gap_residual_and_feasibility
202,0.4308406929861618,IPOPT,1.0,1.0e-10,13.336896896362305,36479.11128157206,36479.111281488345,2.294934425973188e-10,1.1546319456101628e-14,NaN,33,INTERRUPTED,gap_and_residual
202,0.4308406929861618,MadNLP,1.0,0.01,19.682884216308594,36479.11128148835,36479.111281488345,1.9945545158814427e-14,1.4210854715202004e-14,NaN,34,LOCALLY_SOLVED,residual_tolerance_upper_bound
202,0.4308406929861618,ADMM,1.0,0.01,70.81341743469238,36588.9720555156,36479.111281488345,0.30116077439366307,3.490541189421492e-13,1.1342369980890368,6,converged,gap_callback_with_solver_termination
202,0.4308406929861618,MEL-ADMM,1.0,0.01,15.40064811706543,36486.17719090517,36479.111281488345,0.019369741116494553,2.222388939543407e-12,0.009379143278883006,18,converged,gap_residual_and_feasibility
202,0.4308406929861618,sMEL-ADMM,1.0,0.01,1.263871,36485.495008981,36479.111281488345,0.01749967931892829,2.0050627824730327e-13,0.009640313789289756,33,converged,gap_residual_and_feasibility
203,0.40303175435807265,IPOPT,1.0,1.0e-10,13.686180114746094,36479.11128157195,36479.11128148836,2.2915436832961885e-10,1.4210854715202004e-14,NaN,33,INTERRUPTED,gap_and_residual
203,0.40303175435807265,MadNLP,1.0,0.01,19.949913024902344,36479.11128148835,36479.11128148836,1.9945545158814418e-14,1.5987211554602254e-14,NaN,34,LOCALLY_SOLVED,residual_tolerance_upper_bound
203,0.40303175435807265,ADMM,1.0,0.01,72.09324836730957,36588.97205693867,36479.11128148836,0.3011607782946725,7.441824934062424e-13,1.1342369961992258,6,converged,gap_callback_with_solver_termination
203,0.40303175435807265,MEL-ADMM,1.0,0.01,15.20991325378418,36486.17719097513,36479.11128148836,0.019369741308251014,4.9882875607920596e-12,0.009379143689445257,18,converged,gap_residual_and_feasibility
203,0.40303175435807265,sMEL-ADMM,1.0,0.01,1.3481260000000002,36485.546698989536,36479.11128148836,0.017641376873239623,1.9972912213006566e-13,0.00334116996068623,35,converged,gap_residual_and_feasibility
204,0.39071587928589263,IPOPT,1.0,1.0e-10,12.953996658325195,36479.111281571895,36479.11128148833,2.2907458614898377e-10,1.4210854715202004e-14,NaN,33,INTERRUPTED,gap_and_residual
204,0.39071587928589263,MadNLP,1.0,0.01,19.707918167114258,36479.11128148833,36479.11128148833,0.0,1.687538997430238e-14,NaN,34,LOCALLY_SOLVED,residual_tolerance_upper_bound
204,0.39071587928589263,ADMM,1.0,0.01,69.35334205627441,36589.227930840396,36479.11128148833,0.301862204104585,2.8059221612863894e-12,1.1275780071208317,6,converged,gap_callback_with_solver_termination
204,0.39071587928589263,MEL-ADMM,1.0,0.01,15.152931213378906,36486.172293934025,36479.11128148833,0.019356317074746106,2.84433587793842e-12,0.00938786461982044,18,converged,gap_residual_and_feasibility
204,0.39071587928589263,sMEL-ADMM,1.0,0.01,1.506874,36485.28252701947,36479.11128148833,0.016917203611465963,2.0022872249114698e-13,0.004959138756806425,34,converged,gap_residual_and_feasibility
205,0.5899126705574803,IPOPT,1.0,1.0e-10,12.866973876953125,36479.11128157202,36479.11128148832,2.2943360596184247e-10,1.3322676295501878e-14,NaN,33,INTERRUPTED,gap_and_residual
205,0.5899126705574803,MadNLP,1.0,0.01,19.212007522583008,36479.11128148834,36479.11128148832,3.9891090317628874e-14,1.3322676295501878e-14,NaN,34,LOCALLY_SOLVED,residual_tolerance_upper_bound
205,0.5899126705574803,ADMM,1.0,0.01,69.39935684204102,36595.84812663631,36479.11128148832,0.32001011276616376,3.8546943414985435e-13,1.0668093679421595,6,converged,gap_callback_with_solver_termination
205,0.5899126705574803,MEL-ADMM,1.0,0.01,16.222000122070312,36486.09167780235,36479.11128148832,0.019135324487939535,2.971178858501844e-12,0.009402853194864669,18,converged,gap_residual_and_feasibility
205,0.5899126705574803,sMEL-ADMM,1.0,0.01,1.414458,36486.72778027815,36479.11128148832,0.02087906893084828,2.000621890374532e-13,0.00961340223280871,29,converged,gap_residual_and_feasibility
206,0.6773622748625316,IPOPT,1.0,1.0e-10,14.596939086914062,36479.11134601292,36479.11128148833,1.768809240130369e-7,1.3322676295501878e-14,NaN,33,INTERRUPTED,gap_and_residual
206,0.6773622748625316,MadNLP,1.0,0.01,21.81386947631836,36479.111281488345,36479.11128148833,3.989109031762887e-14,1.3322676295501878e-14,NaN,35,LOCALLY_SOLVED,residual_tolerance_upper_bound
206,0.6773622748625316,ADMM,1.0,0.01,77.58593559265137,36570.49449607305,36479.11128148833,0.2505083357967999,3.801403636316536e-13,1.122617690308644,6,converged,gap_callback_with_solver_termination
206,0.6773622748625316,MEL-ADMM,1.0,0.01,14.696359634399414,36486.23939865405,36479.11128148833,0.019540270898361065,3.455014052633487e-13,0.004713315048329392,16,converged,gap_residual_and_feasibility
206,0.6773622748625316,sMEL-ADMM,1.0,0.01,1.5378729999999998,36486.56162826925,36479.11128148833,0.020423597284015556,1.9972912213006566e-13,0.009625436838661017,30,converged,gap_residual_and_feasibility
207,0.7036203850888478,IPOPT,1.0,1.0e-10,14.879941940307617,36479.11128157187,36479.11128148833,2.2901474951350733e-10,1.2434497875801753e-14,NaN,34,INTERRUPTED,gap_and_residual
207,0.7036203850888478,MadNLP,1.0,0.01,20.258188247680664,36479.11128148834,36479.11128148833,1.9945545158814434e-14,1.3322676295501878e-14,NaN,35,LOCALLY_SOLVED,residual_tolerance_upper_bound
207,0.7036203850888478,ADMM,1.0,0.01,77.16512680053711,36635.47141213171,36479.11128148833,0.4286292213558501,4.214961712989407e-12,1.620317740111898,6,converged,gap_callback_with_solver_termination
207,0.7036203850888478,MEL-ADMM,1.0,0.01,13.397693634033203,36486.47129851102,36479.11128148833,0.020175976782712036,9.71889235756862e-13,0.0067291898578272225,16,converged,gap_residual_and_feasibility
207,0.7036203850888478,sMEL-ADMM,1.0,0.01,1.1846269999999999,36486.62193140588,36479.11128148833,0.02058890596209235,2.000621890374532e-13,0.009012029197252858,30,converged,gap_residual_and_feasibility
208,0.3438259543065081,IPOPT,1.0,1.0e-10,13.365983963012695,36479.11128155798,36479.11128148835,1.9087886716985403e-10,1.1546319456101628e-14,NaN,34,INTERRUPTED,gap_and_residual
208,0.3438259543065081,MadNLP,1.0,0.01,20.200014114379883,36479.11128148833,36479.11128148835,5.983663547644327e-14,8.881784197001252e-15,NaN,35,LOCALLY_SOLVED,residual_tolerance_upper_bound
208,0.3438259543065081,ADMM,1.0,0.01,72.26181030273438,36575.16141721487,36479.11128148835,0.26330174270242734,7.592260153899133e-13,1.1687182119144932,6,converged,gap_callback_with_solver_termination
208,0.3438259543065081,MEL-ADMM,1.0,0.01,14.873981475830078,36485.86407774967,36479.11128148835,0.01851140563488304,2.485234240623413e-12,0.009782538199447188,18,converged,gap_residual_and_feasibility
208,0.3438259543065081,sMEL-ADMM,1.0,0.01,1.703669,36485.25407937029,36479.11128148835,0.016839220217108247,1.999511667349907e-13,0.007447168395577464,35,converged,gap_residual_and_feasibility
209,0.6415128048922303,IPOPT,1.0,1.0e-10,13.315916061401367,36479.111281488375,36479.111281488375,0.0,1.3322676295501878e-14,NaN,34,INTERRUPTED,gap_and_residual
209,0.6415128048922303,MadNLP,1.0,0.01,19.908905029296875,36479.111281488316,36479.111281488375,1.595643612705153e-13,1.3322676295501878e-14,NaN,35,LOCALLY_SOLVED,residual_tolerance_upper_bound
209,0.6415128048922303,ADMM,1.0,0.01,71.73347473144531,36565.506462227706,36479.111281488375,0.23683466428956934,4.911626660941693e-13,1.1488438070767168,6,converged,gap_callback_with_solver_termination
209,0.6415128048922303,MEL-ADMM,1.0,0.01,13.446807861328125,36485.975242391694,36479.111281488375,0.018816140695848024,3.6060043839825084e-13,0.0095824117943355,16,converged,gap_residual_and_feasibility
209,0.6415128048922303,sMEL-ADMM,1.0,0.01,1.383586,36486.11599805798,36479.111281488375,0.019201993479384238,2.0028423364237824e-13,0.008451665991955792,32,converged,gap_residual_and_feasibility
210,0.6727190039859672,IPOPT,1.0,1.0e-10,14.181137084960938,36479.1112815611,36479.11128148833,1.9947539713330315e-10,9.769962616701378e-15,NaN,34,INTERRUPTED,gap_and_residual
210,0.6727190039859672,MadNLP,1.0,0.01,20.415782928466797,36479.11128148835,36479.11128148833,5.98366354764433e-14,1.3322676295501878e-14,NaN,35,LOCALLY_SOLVED,residual_tolerance_upper_bound
210,0.6727190039859672,ADMM,1.0,0.01,75.6828784942627,36565.055928430396,36479.11128148833,0.23559961830999668,1.8753887331968144e-12,1.123220950724792,6,converged,gap_callback_with_solver_termination
210,0.6727190039859672,MEL-ADMM,1.0,0.01,13.827323913574219,36486.20335672573,36479.11128148833,0.019441469345771487,1.8584023209200495e-12,0.005253528917223527,16,converged,gap_residual_and_feasibility
210,0.6727190039859672,sMEL-ADMM,1.0,0.01,1.330752,36486.55133632976,36479.11128148833,0.020395384043257726,2.0061730054976579e-13,0.009737028345815801,30,converged,gap_residual_and_feasibility
211,0.5310794710330728,IPOPT,1.0,1.0e-10,12.843847274780273,36479.11128157215,36479.11128148833,2.2977268022954228e-10,1.5987211554602254e-14,NaN,33,INTERRUPTED,gap_and_residual
211,0.5310794710330728,MadNLP,1.0,0.01,19.37389373779297,36479.111281488345,36479.11128148833,3.989109031762887e-14,1.3322676295501878e-14,NaN,34,LOCALLY_SOLVED,residual_tolerance_upper_bound
211,0.5310794710330728,ADMM,1.0,0.01,70.54424285888672,36588.9720485445,36479.11128148833,0.30116075528385633,3.348432642269472e-13,1.1342369918692112,6,converged,gap_callback_with_solver_termination
211,0.5310794710330728,MEL-ADMM,1.0,0.01,15.493631362915039,36486.17719108677,36479.11128148833,0.019369741614355312,6.713962719118172e-12,0.009379143099154774,18,converged,gap_residual_and_feasibility
211,0.5310794710330728,sMEL-ADMM,1.0,0.01,1.173665,36486.62920406232,36479.11128148833,0.020608842457757872,1.999511667349907e-13,0.008459552245877688,29,converged,gap_residual_and_feasibility
212,0.30144837171134986,IPOPT,1.0,1.0e-10,13.1988525390625,36479.11128157165,36479.111281488345,2.2835654652326637e-10,1.509903313490213e-14,NaN,34,INTERRUPTED,gap_and_residual
212,0.30144837171134986,MadNLP,1.0,0.01,19.686222076416016,36479.11128148833,36479.111281488345,3.9891090317628855e-14,1.3322676295501878e-14,NaN,35,LOCALLY_SOLVED,residual_tolerance_upper_bound
212,0.30144837171134986,ADMM,1.0,0.01,73.91619682312012,36552.7220689804,36479.111281488345,0.20178887288137065,1.940281268986155e-12,1.1138757404523743,6,converged,gap_callback_with_solver_termination
212,0.30144837171134986,MEL-ADMM,1.0,0.01,13.609886169433594,36486.207542387245,36479.111281488345,0.019452943478095112,1.722011422344849e-12,0.005665917906241269,16,converged,gap_residual_and_feasibility
212,0.30144837171134986,sMEL-ADMM,1.0,0.01,1.438539,36484.891171433985,36479.111281488345,0.01584438255921096,1.9972912213006566e-13,0.0059095938866029485,39,converged,gap_residual_and_feasibility
213,0.6339816357758634,IPOPT,1.0,1.0e-10,13.437986373901367,36479.11128148833,36479.11128148833,0.0,1.1546319456101628e-14,NaN,34,INTERRUPTED,gap_and_residual
213,0.6339816357758634,MadNLP,1.0,0.01,20.048141479492188,36479.111281488345,36479.11128148833,3.989109031762887e-14,1.2434497875801753e-14,NaN,35,LOCALLY_SOLVED,residual_tolerance_upper_bound
213,0.6339816357758634,ADMM,1.0,0.01,71.60711288452148,36571.3697196321,36479.11128148833,0.25290758163449956,8.049116928532385e-13,1.16682228240753,6,converged,gap_callback_with_solver_termination
213,0.6339816357758634,MEL-ADMM,1.0,0.01,15.565156936645508,36485.809550217695,36479.11128148833,0.018361929592191073,6.475930902638538e-13,0.009878487208795583,18,converged,gap_residual_and_feasibility
213,0.6339816357758634,sMEL-ADMM,1.0,0.01,1.325373,36486.10903906999,36479.11128148833,0.019182916841535887,2.0039525594484076e-13,0.008457835996285468,32,converged,gap_residual_and_feasibility
214,0.7109586819183666,IPOPT,1.0,1.0e-10,14.666080474853516,36479.11128157184,36479.111281488345,2.2887513069739554e-10,1.1546319456101628e-14,NaN,34,INTERRUPTED,gap_and_residual
214,0.7109586819183666,MadNLP,1.0,0.01,20.431041717529297,36479.11128148832,36479.111281488345,5.983663547644328e-14,1.3322676295501878e-14,NaN,35,LOCALLY_SOLVED,residual_tolerance_upper_bound
214,0.7109586819183666,ADMM,1.0,0.01,77.81386375427246,36666.971891618974,36479.111281488345,0.5149813236430466,9.136691403455188e-12,1.7905887167276773,6,converged,gap_callback_with_solver_termination
214,0.7109586819183666,MEL-ADMM,1.0,0.01,13.923168182373047,36486.54561055718,36479.111281488345,0.020379688012318768,2.7144952952085077e-12,0.007963048701843611,16,converged,gap_residual_and_feasibility
214,0.7109586819183666,sMEL-ADMM,1.0,0.01,1.112501,36486.639923526775,36479.111281488345,0.0206382276704465,2.0061730054976579e-13,0.00884614101567216,30,converged,gap_residual_and_feasibility
215,0.4813756678518224,IPOPT,1.0,1.0e-10,13.003826141357422,36479.111281572135,36479.11128148833,2.2973278913922465e-10,1.0658141036401503e-14,NaN,33,INTERRUPTED,gap_and_residual
215,0.4813756678518224,MadNLP,1.0,0.01,19.435882568359375,36479.11128148834,36479.11128148833,1.9945545158814434e-14,1.3322676295501878e-14,NaN,34,LOCALLY_SOLVED,residual_tolerance_upper_bound
215,0.4813756678518224,ADMM,1.0,0.01,69.81301307678223,36588.97204707428,36479.11128148833,0.30116075125355973,8.81239525796218e-13,1.134236984917247,6,converged,gap_callback_with_solver_termination
215,0.4813756678518224,MEL-ADMM,1.0,0.01,15.282392501831055,36486.17719088983,36479.11128148833,0.01936974107448924,2.1692647678150934e-12,0.009379143224038877,18,converged,gap_residual_and_feasibility
215,0.4813756678518224,sMEL-ADMM,1.0,0.01,1.2299209999999998,36486.55098698227,36479.11128148833,0.02039442637878991,1.9989565558375944e-13,0.009095677066708774,29,converged,gap_residual_and_feasibility
216,0.41914775752880257,IPOPT,1.0,1.0e-10,12.835979461669922,36479.11128157202,36479.11128148834,2.2939371487152476e-10,1.0658141036401503e-14,NaN,33,INTERRUPTED,gap_and_residual
216,0.41914775752880257,MadNLP,1.0,0.01,19.936084747314453,36479.111281488345,36479.11128148834,1.994554515881443e-14,1.0658141036401503e-14,NaN,34,LOCALLY_SOLVED,residual_tolerance_upper_bound
216,0.41914775752880257,ADMM,1.0,0.01,68.53342056274414,36588.97205650114,36479.11128148834,0.3011607770953271,1.652455949852083e-12,1.1342369997799002,6,converged,gap_callback_with_solver_termination
216,0.41914775752880257,MEL-ADMM,1.0,0.01,15.537023544311523,36486.177190924565,36479.11128148834,0.019369741169689324,3.5387803798414552e-12,0.009379143626255804,18,converged,gap_residual_and_feasibility
216,0.41914775752880257,sMEL-ADMM,1.0,0.01,1.792042,36485.81631025539,36479.11128148834,0.018380460848706263,2.0056178939853453e-13,0.004818215028665307,36,converged,gap_residual_and_feasibility
217,0.4467489922083813,IPOPT,1.0,1.0e-10,12.865066528320312,36479.111281572055,36479.11128148832,2.2953333368763655e-10,1.1546319456101628e-14,NaN,33,INTERRUPTED,gap_and_residual
217,0.4467489922083813,MadNLP,1.0,0.01,19.45209503173828,36479.11128148835,36479.11128148832,7.978218063525775e-14,1.1546319456101628e-14,NaN,34,LOCALLY_SOLVED,residual_tolerance_upper_bound
217,0.4467489922083813,ADMM,1.0,0.01,69.33903694152832,36588.972053986894,36479.11128148832,0.3011607702030843,1.6568413307993524e-12,1.1342369887613293,6,converged,gap_callback_with_solver_termination
217,0.4467489922083813,MEL-ADMM,1.0,0.01,14.979839324951172,36486.17719090406,36479.11128148832,0.019369741113522677,2.0627388686023096e-12,0.009379143197528528,18,converged,gap_residual_and_feasibility
217,0.4467489922083813,sMEL-ADMM,1.0,0.01,1.517788,36485.93456476429,36479.11128148832,0.01870463132535314,1.9989565558375944e-13,0.00978564514274538,35,converged,gap_residual_and_feasibility
218,0.27903497922784426,IPOPT,1.0,1.0e-10,13.725042343139648,36479.11128157153,36479.11128148834,2.280573633458842e-10,1.0658141036401503e-14,NaN,34,INTERRUPTED,gap_and_residual
218,0.27903497922784426,MadNLP,1.0,0.01,20.761966705322266,36479.11128148836,36479.11128148834,5.983663547644329e-14,1.509903313490213e-14,NaN,35,LOCALLY_SOLVED,residual_tolerance_upper_bound
218,0.27903497922784426,ADMM,1.0,0.01,78.42659950256348,36576.885294512365,36479.11128148834,0.2680273986653933,3.7125857943465235e-13,1.2325425169904456,6,converged,gap_callback_with_solver_termination
218,0.27903497922784426,MEL-ADMM,1.0,0.01,13.583183288574219,36486.379117956974,36479.11128148834,0.01992328270432499,1.5866752356430425e-12,0.004417271087620023,16,converged,gap_residual_and_feasibility
218,0.27903497922784426,sMEL-ADMM,1.0,0.01,1.484375,36484.91806113469,36479.11128148834,0.015918095157372334,2.0028423364237824e-13,0.006812978062599839,39,converged,gap_residual_and_feasibility
219,0.48174303509772726,IPOPT,1.0,1.0e-10,12.97307014465332,36479.11128157215,36479.111281488345,2.2973278913922457e-10,1.509903313490213e-14,NaN,33,INTERRUPTED,gap_and_residual
219,0.48174303509772726,MadNLP,1.0,0.01,19.287824630737305,36479.11128148833,36479.111281488345,3.9891090317628855e-14,1.5987211554602254e-14,NaN,34,LOCALLY_SOLVED,residual_tolerance_upper_bound
219,0.48174303509772726,ADMM,1.0,0.01,68.88461112976074,36588.972047521595,36479.111281488345,0.30116075247973195,2.8896884884943574e-12,1.1342369843372486,6,converged,gap_callback_with_solver_termination
219,0.48174303509772726,MEL-ADMM,1.0,0.01,15.333890914916992,36486.17719083919,36479.111281488345,0.01936974093562835,1.1806111643863915e-12,0.009379143404617984,18,converged,gap_residual_and_feasibility
219,0.48174303509772726,sMEL-ADMM,1.0,0.01,1.126834,36486.55156615715,36479.111281488345,0.020396014067859906,2.000621890374532e-13,0.009089383690191966,29,converged,gap_residual_and_feasibility
220,0.5214706473936707,IPOPT,1.0,1.0e-10,13.20791244506836,36479.11128157215,36479.11128148833,2.2977268022954228e-10,1.1546319456101628e-14,NaN,33,INTERRUPTED,gap_and_residual
220,0.5214706473936707,MadNLP,1.0,0.01,19.33002471923828,36479.11128148837,36479.11128148833,9.972772579407217e-14,1.2434497875801753e-14,NaN,34,LOCALLY_SOLVED,residual_tolerance_upper_bound
220,0.5214706473936707,ADMM,1.0,0.01,70.37782669067383,36588.97204845535,36479.11128148833,0.30116075503946355,1.0091927293842673e-12,1.1342369929251177,6,converged,gap_callback_with_solver_termination
220,0.5214706473936707,MEL-ADMM,1.0,0.01,15.330314636230469,36486.17719083903,36479.11128148833,0.019369740935229446,3.135269821541442e-13,0.009379143073074303,18,converged,gap_residual_and_feasibility
220,0.5214706473936707,sMEL-ADMM,1.0,0.01,1.1774179999999999,36486.61373646117,36479.11128148833,0.020566441202331833,1.999511667349907e-13,0.00849466836399948,29,converged,gap_residual_and_feasibility
221,0.7335473554357355,IPOPT,1.0,1.0e-10,14.310836791992188,36479.11128157175,36479.111281488345,2.2863578415548976e-10,1.4210854715202004e-14,NaN,34,INTERRUPTED,gap_and_residual
221,0.7335473554357355,MadNLP,1.0,0.01,20.537137985229492,36479.11128148833,36479.111281488345,3.9891090317628855e-14,1.3322676295501878e-14,NaN,35,LOCALLY_SOLVED,residual_tolerance_upper_bound
221,0.7335473554357355,ADMM,1.0,0.01,79.29587364196777,36814.34475631489,36479.111281488345,0.9189737991140682,5.012545933880119e-12,2.3148392131797744,6,converged,gap_callback_with_solver_termination
221,0.7335473554357355,MEL-ADMM,1.0,0.01,15.394449234008789,36485.88205496174,36479.111281488345,0.018560686473817888,2.049249658853114e-12,0.005173639074126157,19,converged,gap_residual_and_feasibility
221,0.7335473554357355,sMEL-ADMM,1.0,0.01,1.249541,36486.69601544939,36479.111281488345,0.02079199216922022,1.9984014443252818e-13,0.008362213488197767,30,converged,gap_residual_and_feasibility
222,0.6916613307311289,IPOPT,1.0,1.0e-10,13.450145721435547,36479.11128157195,36479.11128148835,2.2917431387477772e-10,1.4210854715202004e-14,NaN,34,INTERRUPTED,gap_and_residual
222,0.6916613307311289,MadNLP,1.0,0.01,20.400047302246094,36479.111281488345,36479.11128148835,1.994554515881442e-14,1.1546319456101628e-14,NaN,35,LOCALLY_SOLVED,residual_tolerance_upper_bound
222,0.6916613307311289,ADMM,1.0,0.01,75.7303237915039,36598.05281287561,36479.11128148835,0.3260538078064899,5.970335337224242e-12,1.3447058432210763,6,converged,gap_callback_with_solver_termination
222,0.6916613307311289,MEL-ADMM,1.0,0.01,13.691902160644531,36486.36155412746,36479.11128148835,0.019875135068845688,1.9968471320908066e-12,0.004796589250853245,16,converged,gap_residual_and_feasibility
222,0.6916613307311289,sMEL-ADMM,1.0,0.01,1.263958,36486.593788487146,36479.11128148835,0.02051175792374602,2.0083934515469082e-13,0.009287254772109677,30,converged,gap_residual_and_feasibility
223,0.25539152868603804,IPOPT,1.0,1.0e-10,13.541221618652344,36479.11128157142,36479.11128148835,2.2771828907818426e-10,1.3322676295501878e-14,NaN,34,INTERRUPTED,gap_and_residual
223,0.25539152868603804,MadNLP,1.0,0.01,20.63894271850586,36479.111281488345,36479.11128148835,1.994554515881442e-14,1.3322676295501878e-14,NaN,35,LOCALLY_SOLVED,residual_tolerance_upper_bound
223,0.25539152868603804,ADMM,1.0,0.01,76.46894454956055,36645.14879203259,36479.11128148835,0.4551577730691413,6.360079130018903e-12,1.740383828584228,6,converged,gap_callback_with_solver_termination
223,0.25539152868603804,MEL-ADMM,1.0,0.01,13.180971145629883,36486.58334973453,36479.11128148835,0.02048314222492937,5.299927163804341e-12,0.008016124434260696,16,converged,gap_residual_and_feasibility
223,0.25539152868603804,sMEL-ADMM,1.0,0.01,1.59804,36485.220062695735,36479.11128148835,0.01674597048224126,1.995625886763719e-13,0.006959080757294345,39,converged,gap_residual_and_feasibility
224,0.6193980909925685,IPOPT,1.0,1.0e-10,13.157129287719727,36479.11128157022,36479.11128148835,2.2442727412697989e-10,1.5987211554602254e-14,NaN,33,INTERRUPTED,gap_and_residual
224,0.6193980909925685,MadNLP,1.0,0.01,19.800186157226562,36479.11128148832,36479.11128148835,7.978218063525768e-14,1.0658141036401503e-14,NaN,34,LOCALLY_SOLVED,residual_tolerance_upper_bound
224,0.6193980909925685,ADMM,1.0,0.01,71.32554054260254,36582.79625918374,36479.11128148835,0.2842310956955944,2.8761437675939305e-12,1.1596428209245353,6,converged,gap_callback_with_solver_termination
224,0.6193980909925685,MEL-ADMM,1.0,0.01,15.541315078735352,36485.892816380416,36479.11128148835,0.018590186695431953,1.6446843886797069e-12,0.009581077532730298,18,converged,gap_residual_and_feasibility
224,0.6193980909925685,sMEL-ADMM,1.0,0.01,1.469541,36486.09642211367,36479.11128148835,0.019148330044047267,2.0028423364237824e-13,0.008468830456083154,32,converged,gap_residual_and_feasibility
225,0.4249164772691855,IPOPT,1.0,1.0e-10,13.005971908569336,36479.11128157207,36479.11128148835,2.2949344259731874e-10,1.1546319456101628e-14,NaN,33,INTERRUPTED,gap_and_residual
225,0.4249164772691855,MadNLP,1.0,0.01,19.314050674438477,36479.11128148835,36479.11128148835,0.0,1.3322676295501878e-14,NaN,34,LOCALLY_SOLVED,residual_tolerance_upper_bound
225,0.4249164772691855,ADMM,1.0,0.01,69.90480422973633,36588.972055265236,36479.11128148835,0.30116077370731686,1.4838130724115217e-12,1.1342369965919987,6,converged,gap_callback_with_solver_termination
225,0.4249164772691855,MEL-ADMM,1.0,0.01,15.516281127929688,36486.17719104424,36479.11128148835,0.019369741497713755,6.379730077554768e-12,0.009379143553457148,18,converged,gap_residual_and_feasibility
225,0.4249164772691855,sMEL-ADMM,1.0,0.01,1.397288,36485.87900047182,36479.11128148835,0.018552313216301443,2.0095036745715333e-13,0.0073644219683295375,36,converged,gap_residual_and_feasibility
226,0.5242618047367972,IPOPT,1.0,1.0e-10,12.951850891113281,36479.111281572164,36479.11128148833,2.298125713198599e-10,1.2434497875801753e-14,NaN,33,INTERRUPTED,gap_and_residual
226,0.5242618047367972,MadNLP,1.0,0.01,19.917011260986328,36479.11128148833,36479.11128148833,0.0,1.2434497875801753e-14,NaN,34,LOCALLY_SOLVED,residual_tolerance_upper_bound
226,0.5242618047367972,ADMM,1.0,0.01,71.23041152954102,36588.972047883806,36479.11128148833,0.3011607534727011,2.4167334800040408e-12,1.1342369871641536,6,converged,gap_callback_with_solver_termination
226,0.5242618047367972,MEL-ADMM,1.0,0.01,15.475034713745117,36486.17719105829,36479.11128148833,0.01936974153628845,5.938805003324887e-12,0.009379143103844356,18,converged,gap_residual_and_feasibility
226,0.5242618047367972,sMEL-ADMM,1.0,0.01,1.310996,36486.61822343646,36479.11128148833,0.02057874132459786,2.0028423364237824e-13,0.00845360505242887,29,converged,gap_residual_and_feasibility
227,0.5096119509145286,IPOPT,1.0,1.0e-10,12.881040573120117,36479.111281572164,36479.11128148834,2.2979262577470104e-10,1.509903313490213e-14,NaN,33,INTERRUPTED,gap_and_residual
227,0.5096119509145286,MadNLP,1.0,0.01,19.858121871948242,36479.11128148834,36479.11128148834,0.0,1.1546319456101628e-14,NaN,34,LOCALLY_SOLVED,residual_tolerance_upper_bound
227,0.5096119509145286,ADMM,1.0,0.01,69.28372383117676,36588.972048407486,36479.11128148834,0.30116075490824173,1.460387366591931e-12,1.1342369892763111,6,converged,gap_callback_with_solver_termination
227,0.5096119509145286,MEL-ADMM,1.0,0.01,15.070915222167969,36486.17719088872,36479.11128148834,0.019369741071417625,1.9869661471716427e-12,0.009379143199469198,18,converged,gap_residual_and_feasibility
227,0.5096119509145286,sMEL-ADMM,1.0,0.01,1.211956,36486.59473463286,36479.11128148834,0.02051435158816665,2.0039525594484076e-13,0.008656076405317847,29,converged,gap_residual_and_feasibility
228,0.3473542550483387,IPOPT,1.0,1.0e-10,13.33308219909668,36479.111281558304,36479.11128148834,1.9179636224715956e-10,1.2434497875801753e-14,NaN,34,INTERRUPTED,gap_and_residual
228,0.3473542550483387,MadNLP,1.0,0.01,20.35999298095703,36479.11128148835,36479.11128148834,3.989109031762886e-14,1.2434497875801753e-14,NaN,35,LOCALLY_SOLVED,residual_tolerance_upper_bound
228,0.3473542550483387,ADMM,1.0,0.01,70.07455825805664,36578.25660067275,36479.11128148834,0.27178655318482026,2.543576460567465e-12,1.176328980814417,6,converged,gap_callback_with_solver_termination
228,0.3473542550483387,MEL-ADMM,1.0,0.01,15.122652053833008,36485.88828134013,36479.11128148834,0.01857775481287467,1.6030510252562635e-12,0.009673145466588373,18,converged,gap_residual_and_feasibility
228,0.3473542550483387,sMEL-ADMM,1.0,0.01,1.373373,36485.27612953467,36479.11128148834,0.016899666219286583,1.996736109788344e-13,0.008413203013128978,35,converged,gap_residual_and_feasibility
229,0.26996113054038284,IPOPT,1.0,1.0e-10,13.576984405517578,36479.111281571466,36479.111281488345,2.27857907894296e-10,1.2434497875801753e-14,NaN,34,INTERRUPTED,gap_and_residual
229,0.26996113054038284,MadNLP,1.0,0.01,20.9200382232666,36479.11128148834,36479.111281488345,1.9945545158814427e-14,1.3322676295501878e-14,NaN,35,LOCALLY_SOLVED,residual_tolerance_upper_bound
229,0.26996113054038284,ADMM,1.0,0.01,78.60445976257324,36596.726150897324,36479.111281488345,0.3224170361536839,2.3458457398817245e-12,1.413004206243282,6,converged,gap_callback_with_solver_termination
229,0.26996113054038284,MEL-ADMM,1.0,0.01,13.363361358642578,36486.45413003233,36479.111281488345,0.020128912920401646,4.941602682606572e-13,0.005756410905969567,16,converged,gap_residual_and_feasibility
229,0.26996113054038284,sMEL-ADMM,1.0,0.01,1.613581,36485.025398337406,36479.111281488345,0.016212338078701198,1.992850329202156e-13,0.007185828673925698,39,converged,gap_residual_and_feasibility
230,0.5346397293296712,IPOPT,1.0,1.0e-10,14.627933502197266,36479.11128157213,36479.11128148832,2.297327891392247e-10,1.1546319456101628e-14,NaN,33,INTERRUPTED,gap_and_residual
230,0.5346397293296712,MadNLP,1.0,0.01,19.166946411132812,36479.11128148836,36479.11128148832,9.972772579407219e-14,1.0658141036401503e-14,NaN,34,LOCALLY_SOLVED,residual_tolerance_upper_bound
230,0.5346397293296712,ADMM,1.0,0.01,69.62275505065918,36588.97204888782,36479.11128148832,0.3011607562250268,3.0819791163594346e-13,1.1342369918299982,6,converged,gap_callback_with_solver_termination
230,0.5346397293296712,MEL-ADMM,1.0,0.01,15.332937240600586,36486.177191020215,36479.11128148832,0.01936974143193336,4.9817927560980024e-12,0.00937914312002519,18,converged,gap_residual_and_feasibility
230,0.5346397293296712,sMEL-ADMM,1.0,0.01,1.342169,36486.6349666035,36479.11128148832,0.020624639282252718,2.0017321133991572e-13,0.008532005965703249,29,converged,gap_residual_and_feasibility
231,0.2927911249310339,IPOPT,1.0,1.0e-10,13.494014739990234,36479.111281571604,36479.11128148833,2.282767643426312e-10,1.5987211554602254e-14,NaN,34,INTERRUPTED,gap_and_residual
231,0.2927911249310339,MadNLP,1.0,0.01,19.974946975708008,36479.111281488345,36479.11128148833,3.989109031762887e-14,1.1546319456101628e-14,NaN,35,LOCALLY_SOLVED,residual_tolerance_upper_bound
231,0.2927911249310339,ADMM,1.0,0.01,75.90818405151367,36558.430177982045,36479.11128148833,0.2174364827082987,4.0880632212747514e-12,1.1144441732557935,6,converged,gap_callback_with_solver_termination
231,0.2927911249310339,MEL-ADMM,1.0,0.01,13.217926025390625,36486.27045746399,36479.11128148833,0.019625412254186857,2.62456723021387e-12,0.004720141064663785,16,converged,gap_residual_and_feasibility
231,0.2927911249310339,sMEL-ADMM,1.0,0.01,1.766669,36484.86719208133,36479.11128148833,0.015778648083234887,2.0028423364237824e-13,0.006628761693114882,39,converged,gap_residual_and_feasibility
232,0.3301746232440883,IPOPT,1.0,1.0e-10,13.347864151000977,36479.11128157573,36479.111281488345,2.3954599735736126e-10,1.0658141036401503e-14,NaN,34,INTERRUPTED,gap_and_residual
232,0.3301746232440883,MadNLP,1.0,0.01,20.23005485534668,36479.11128148833,36479.111281488345,3.9891090317628855e-14,1.2434497875801753e-14,NaN,35,LOCALLY_SOLVED,residual_tolerance_upper_bound
232,0.3301746232440883,ADMM,1.0,0.01,74.19157028198242,36563.94864648012,36479.111281488345,0.23256423199879067,3.1441516057384433e-13,1.1445481914956446,6,converged,gap_callback_with_solver_termination
232,0.3301746232440883,MEL-ADMM,1.0,0.01,13.273477554321289,36485.99755793471,36479.111281488345,0.018877314179135175,5.539457781367219e-13,0.009641061461588052,16,converged,gap_residual_and_feasibility
232,0.3301746232440883,sMEL-ADMM,1.0,0.01,1.4637090000000001,36485.11585046919,36479.111281488345,0.016460294042014514,2.0022872249114698e-13,0.007414214920329343,35,converged,gap_residual_and_feasibility
233,0.5144846310407235,IPOPT,1.0,1.0e-10,13.814926147460938,36479.11128157216,36479.11128148835,2.2973278913922452e-10,1.4210854715202004e-14,NaN,33,INTERRUPTED,gap_and_residual
233,0.5144846310407235,MadNLP,1.0,0.01,20.856142044067383,36479.11128148833,36479.11128148835,5.983663547644327e-14,1.509903313490213e-14,NaN,34,LOCALLY_SOLVED,residual_tolerance_upper_bound
233,0.5144846310407235,ADMM,1.0,0.01,71.34175300598145,36588.972048119605,36479.11128148835,0.3011607541190363,1.2959633366449452e-12,1.1342369899449949,6,converged,gap_callback_with_solver_termination
233,0.5144846310407235,MEL-ADMM,1.0,0.01,15.722036361694336,36486.177190949085,36479.11128148835,0.019369741236865915,3.895661571107212e-12,0.0093791433415511,18,converged,gap_residual_and_feasibility
233,0.5144846310407235,sMEL-ADMM,1.0,0.01,1.116169,36486.60253066028,36479.11128148835,0.020535722797970595,2.0050627824730327e-13,0.0085923221515678,29,converged,gap_residual_and_feasibility
234,0.5810940887675267,IPOPT,1.0,1.0e-10,13.249874114990234,36479.11128157206,36479.11128148834,2.2951338814247766e-10,1.4210854715202004e-14,NaN,33,INTERRUPTED,gap_and_residual
234,0.5810940887675267,MadNLP,1.0,0.01,19.481897354125977,36479.11128148833,36479.11128148834,1.994554515881443e-14,1.2434497875801753e-14,NaN,34,LOCALLY_SOLVED,residual_tolerance_upper_bound
234,0.5810940887675267,ADMM,1.0,0.01,69.90599632263184,36590.96266847554,36479.11128148834,0.30661763145519405,4.015676680069191e-12,1.1139973989785723,6,converged,gap_callback_with_solver_termination
234,0.5810940887675267,MEL-ADMM,1.0,0.01,15.295743942260742,36486.153391185806,36479.11128148834,0.019304499068324085,1.4311885010442893e-12,0.009393074054700357,18,converged,gap_residual_and_feasibility
234,0.5810940887675267,sMEL-ADMM,1.0,0.01,1.4869569999999999,36486.7125647607,36479.11128148834,0.020837358711153327,2.007283228522283e-13,0.009445802260833247,29,converged,gap_residual_and_feasibility
235,0.4142308251692761,IPOPT,1.0,1.0e-10,13.729095458984375,36479.11128157201,36479.11128148832,2.2941366041668366e-10,1.1546319456101628e-14,NaN,33,INTERRUPTED,gap_and_residual
235,0.4142308251692761,MadNLP,1.0,0.01,19.999980926513672,36479.11128148834,36479.11128148832,3.9891090317628874e-14,2.042810365310288e-14,NaN,34,LOCALLY_SOLVED,residual_tolerance_upper_bound
235,0.4142308251692761,ADMM,1.0,0.01,71.88272476196289,36588.97205620627,36479.11128148832,0.30116077628705396,1.1040057756872557e-12,1.1342369971670792,6,converged,gap_callback_with_solver_termination
235,0.4142308251692761,MEL-ADMM,1.0,0.01,15.371322631835938,36486.17719096459,36479.11128148832,0.019369741279449668,4.798716979337314e-12,0.009379143677732849,18,converged,gap_residual_and_feasibility
235,0.4142308251692761,sMEL-ADMM,1.0,0.01,1.399163,36485.656555407826,36479.11128148832,0.017942525707373713,2.003397447936095e-13,0.009291502083643266,35,converged,gap_residual_and_feasibility
236,0.6736026595875437,IPOPT,1.0,1.0e-10,13.637065887451172,36479.11134601752,36479.11128148836,1.768934498153965e-7,1.3322676295501878e-14,NaN,33,INTERRUPTED,gap_and_residual
236,0.6736026595875437,MadNLP,1.0,0.01,20.738840103149414,36479.11128148834,36479.11128148836,5.983663547644325e-14,1.4210854715202004e-14,NaN,35,LOCALLY_SOLVED,residual_tolerance_upper_bound
236,0.6736026595875437,ADMM,1.0,0.01,73.58741760253906,36565.965883575096,36479.11128148836,0.238094073664594,4.691802502065912e-13,1.1231840133194764,6,converged,gap_callback_with_solver_termination
236,0.6736026595875437,MEL-ADMM,1.0,0.01,13.626813888549805,36486.21022114561,36479.11128148836,0.019460286744567984,2.013944566670034e-12,0.005149177886195844,16,converged,gap_residual_and_feasibility
236,0.6736026595875437,sMEL-ADMM,1.0,0.01,1.312748,36486.553289068164,36479.11128148836,0.02040073707492115,1.9984014443252818e-13,0.009715740732266553,30,converged,gap_residual_and_feasibility
237,0.41628705442669245,IPOPT,1.0,1.0e-10,13.972997665405273,36479.111281572026,36479.11128148835,2.2937376932636585e-10,1.0658141036401503e-14,NaN,33,INTERRUPTED,gap_and_residual
237,0.41628705442669245,MadNLP,1.0,0.01,19.639015197753906,36479.11128148834,36479.11128148835,3.989109031762884e-14,1.865174681370263e-14,NaN,34,LOCALLY_SOLVED,residual_tolerance_upper_bound
237,0.41628705442669245,ADMM,1.0,0.01,71.91729545593262,36588.97205603032,36479.11128148835,0.30116077580463085,3.5704772471945034e-13,1.1342369942937927,6,converged,gap_callback_with_solver_termination
237,0.41628705442669245,MEL-ADMM,1.0,0.01,15.389680862426758,36486.177190927185,36479.11128148835,0.019369741176829824,3.647082635893639e-12,0.009379143605581675,18,converged,gap_residual_and_feasibility
237,0.41628705442669245,sMEL-ADMM,1.0,0.01,1.484003,36485.78691268623,36479.11128148835,0.018299873443635123,2.0017321133991572e-13,0.004119346440550231,36,converged,gap_residual_and_feasibility
238,0.28137939271995516,IPOPT,1.0,1.0e-10,14.21213150024414,36479.11128157154,36479.11128148832,2.2811719998136072e-10,1.1546319456101628e-14,NaN,34,INTERRUPTED,gap_and_residual
238,0.28137939271995516,MadNLP,1.0,0.01,20.69711685180664,36479.11128148835,36479.11128148832,7.978218063525775e-14,1.2434497875801753e-14,NaN,35,LOCALLY_SOLVED,residual_tolerance_upper_bound
238,0.28137939271995516,ADMM,1.0,0.01,77.77166366577148,36572.77952229305,36479.11128148832,0.2567722664128062,3.7199132663090495e-12,1.1859983707632118,6,converged,gap_callback_with_solver_termination
238,0.28137939271995516,MEL-ADMM,1.0,0.01,13.370275497436523,36486.35970227828,36479.11128148832,0.0198700586042855,1.0046963261345354e-12,0.0043231541762587256,16,converged,gap_residual_and_feasibility
238,0.28137939271995516,sMEL-ADMM,1.0,0.01,1.4577909999999998,36484.902451124755,36479.11128148832,0.015875303517524336,2.0000667788622195e-13,0.006684747606882979,39,converged,gap_residual_and_feasibility
239,0.7465320160781802,IPOPT,1.0,1.0e-10,14.614105224609375,36479.11128156883,36479.111281488345,2.2063762054680518e-10,1.1546319456101628e-14,NaN,34,INTERRUPTED,gap_and_residual
239,0.7465320160781802,MadNLP,1.0,0.01,20.743846893310547,36479.111281488345,36479.111281488345,0.0,1.0658141036401503e-14,NaN,35,LOCALLY_SOLVED,residual_tolerance_upper_bound
239,0.7465320160781802,ADMM,1.0,0.01,90.22331237792969,36530.59180851234,36479.111281488345,0.14112330376348856,1.209587985329108e-12,0.83078721117759,7,converged,gap_callback_with_solver_termination
239,0.7465320160781802,MEL-ADMM,1.0,0.01,14.156103134155273,36485.740079409756,36479.111281488345,0.018171489623910162,7.822631431508853e-13,0.008516559107385469,17,converged,gap_residual_and_feasibility
239,0.7465320160781802,sMEL-ADMM,1.0,0.01,1.254498,36486.72848107538,36479.111281488345,0.020880990022630316,1.9972912213006566e-13,0.008104686310362652,30,converged,gap_residual_and_feasibility
240,0.2998166579617305,IPOPT,1.0,1.0e-10,13.076066970825195,36479.11128157166,36479.11128148835,2.2837649206842514e-10,1.0658141036401503e-14,NaN,34,INTERRUPTED,gap_and_residual
240,0.2998166579617305,MadNLP,1.0,0.01,20.23601531982422,36479.11128148836,36479.11128148835,1.994554515881442e-14,1.2434497875801753e-14,NaN,35,LOCALLY_SOLVED,residual_tolerance_upper_bound
240,0.2998166579617305,ADMM,1.0,0.01,74.92208480834961,36553.479120118005,36479.11128148835,0.20386417326836306,1.6762702337302926e-12,1.114134337473022,6,converged,gap_callback_with_solver_termination
240,0.2998166579617305,MEL-ADMM,1.0,0.01,13.506174087524414,36486.218777657945,36479.11128148835,0.019483742667818108,4.955480470414386e-13,0.005485206439060697,16,converged,gap_residual_and_feasibility
240,0.2998166579617305,sMEL-ADMM,1.0,0.01,1.676331,36484.88321526788,36479.11128148835,0.015822572361999722,2.000621890374532e-13,0.006107703713391643,39,converged,gap_residual_and_feasibility
241,0.3372256878231097,IPOPT,1.0,1.0e-10,14.196157455444336,36479.11128155793,36479.11128148835,1.9073924835374233e-10,1.1546319456101628e-14,NaN,34,INTERRUPTED,gap_and_residual
241,0.3372256878231097,MadNLP,1.0,0.01,19.816875457763672,36479.111281488345,36479.11128148835,1.994554515881442e-14,1.3322676295501878e-14,NaN,35,LOCALLY_SOLVED,residual_tolerance_upper_bound
241,0.3372256878231097,ADMM,1.0,0.01,71.1362361907959,36569.52574846697,36479.11128148835,0.2478527129702853,2.544464638987165e-12,1.1622421623187478,6,converged,gap_callback_with_solver_termination
241,0.3372256878231097,MEL-ADMM,1.0,0.01,16.23058319091797,36486.48145016744,36479.11128148835,0.020203805466138904,3.623767952376511e-13,0.0008082669039675139,19,converged,gap_residual_and_feasibility
241,0.3372256878231097,sMEL-ADMM,1.0,0.01,1.675164,36485.19931060369,36479.11128148835,0.016689082879128545,2.0028423364237824e-13,0.00632730358734257,35,converged,gap_residual_and_feasibility
242,0.5037132504636119,IPOPT,1.0,1.0e-10,12.778997421264648,36479.11128157213,36479.11128148834,2.2969289804890697e-10,1.7763568394002505e-14,NaN,33,INTERRUPTED,gap_and_residual
242,0.5037132504636119,MadNLP,1.0,0.01,19.700050354003906,36479.111281488345,36479.11128148834,1.994554515881443e-14,1.3322676295501878e-14,NaN,34,LOCALLY_SOLVED,residual_tolerance_upper_bound
242,0.5037132504636119,ADMM,1.0,0.01,69.01693344116211,36588.97204792366,36479.11128148834,0.30116075358192285,1.7353896097915822e-12,1.134236987363069,6,converged,gap_callback_with_solver_termination
242,0.5037132504636119,MEL-ADMM,1.0,0.01,15.562772750854492,36486.17719097873,36479.11128148834,0.019369741318163963,3.807509862951974e-12,0.009379142998778178,18,converged,gap_residual_and_feasibility
242,0.5037132504636119,sMEL-ADMM,1.0,0.01,0.993334,36486.58530019796,36479.11128148834,0.02048848902033889,2.0083934515469082e-13,0.008732977323235858,29,converged,gap_residual_and_feasibility
243,0.46696383381739276,IPOPT,1.0,1.0e-10,13.61393928527832,36479.111281572106,36479.11128148833,2.296530069585894e-10,1.4210854715202004e-14,NaN,33,INTERRUPTED,gap_and_residual
243,0.46696383381739276,MadNLP,1.0,0.01,19.325971603393555,36479.111281488345,36479.11128148833,3.989109031762887e-14,1.4210854715202004e-14,NaN,34,LOCALLY_SOLVED,residual_tolerance_upper_bound
243,0.46696383381739276,ADMM,1.0,0.01,71.01082801818848,36588.97204817808,36479.11128148833,0.30116075427939865,5.169198402654729e-13,1.1342369853375178,6,converged,gap_callback_with_solver_termination
243,0.46696383381739276,MEL-ADMM,1.0,0.01,15.339851379394531,36486.17719092184,36479.11128148833,0.019369741162229694,2.205569060720336e-12,0.009379143005367574,18,converged,gap_residual_and_feasibility
243,0.46696383381739276,sMEL-ADMM,1.0,0.01,1.220665,36485.94380344645,36479.11128148833,0.018729957277176832,2.0050627824730327e-13,0.006182805407856762,33,converged,gap_residual_and_feasibility
244,0.45113638436686115,IPOPT,1.0,1.0e-10,13.460159301757812,36479.111281572106,36479.11128148835,2.295931703231128e-10,1.3322676295501878e-14,NaN,33,INTERRUPTED,gap_and_residual
244,0.45113638436686115,MadNLP,1.0,0.01,19.78588104248047,36479.11128148834,36479.11128148835,3.989109031762884e-14,1.2434497875801753e-14,NaN,34,LOCALLY_SOLVED,residual_tolerance_upper_bound
244,0.45113638436686115,ADMM,1.0,0.01,72.26109504699707,36588.97205510234,36479.11128148835,0.301160773260776,1.6978640715592519e-12,1.1342369983984062,6,converged,gap_callback_with_solver_termination
244,0.45113638436686115,MEL-ADMM,1.0,0.01,15.176057815551758,36486.1771908133,36479.11128148835,0.01936974086464215,5.483391518623648e-13,0.009379143072448137,18,converged,gap_residual_and_feasibility
244,0.45113638436686115,sMEL-ADMM,1.0,0.01,1.32579,36486.09188474641,36479.11128148835,0.019135891782545617,2.0067281170099704e-13,0.009044206711418923,36,converged,gap_residual_and_feasibility
245,0.47983283287436007,IPOPT,1.0,1.0e-10,13.399124145507812,36479.111281572106,36479.11128148834,2.2963306141343055e-10,1.0658141036401503e-14,NaN,33,INTERRUPTED,gap_and_residual
245,0.47983283287436007,MadNLP,1.0,0.01,20.31707763671875,36479.11128148831,36479.11128148834,7.978218063525772e-14,1.3322676295501878e-14,NaN,34,LOCALLY_SOLVED,residual_tolerance_upper_bound
245,0.47983283287436007,ADMM,1.0,0.01,72.68190383911133,36588.97204751323,36479.11128148834,0.30116075245681456,3.2240876635114546e-13,1.1342369860677204,6,converged,gap_callback_with_solver_termination
245,0.47983283287436007,MEL-ADMM,1.0,0.01,15.334606170654297,36486.17719082506,36479.11128148834,0.01936974089691405,3.7903014060702844e-13,0.009379143159702785,18,converged,gap_residual_and_feasibility
245,0.47983283287436007,sMEL-ADMM,1.0,0.01,1.2810409999999999,36486.54844340132,36479.11128148834,0.02038745367340019,2.0089485630592208e-13,0.009116391219070152,29,converged,gap_residual_and_feasibility
246,0.5550093267898306,IPOPT,1.0,1.0e-10,13.984203338623047,36479.11128157212,36479.11128148832,2.2971284359406588e-10,1.0658141036401503e-14,NaN,33,INTERRUPTED,gap_and_residual
246,0.5550093267898306,MadNLP,1.0,0.01,19.921064376831055,36479.11128148833,36479.11128148832,1.9945545158814437e-14,1.0658141036401503e-14,NaN,34,LOCALLY_SOLVED,residual_tolerance_upper_bound
246,0.5550093267898306,ADMM,1.0,0.01,72.75629043579102,36588.97205157671,36479.11128148832,0.3011607635960626,4.028999356364693e-13,1.1342369936244605,6,converged,gap_callback_with_solver_termination
246,0.5550093267898306,MEL-ADMM,1.0,0.01,15.231609344482422,36486.17719093324,36479.11128148832,0.019369741193504313,3.361089184750199e-12,0.00937914332920009,18,converged,gap_residual_and_feasibility
246,0.5550093267898306,sMEL-ADMM,1.0,0.01,1.213708,36486.6685260003,36479.11128148832,0.020716635483965365,2.0028423364237824e-13,0.008940786625926123,29,converged,gap_residual_and_feasibility
247,0.42798178189256547,IPOPT,1.0,1.0e-10,14.19210433959961,36479.111281572055,36479.11128148834,2.2949344259731884e-10,1.0658141036401503e-14,NaN,33,INTERRUPTED,gap_and_residual
247,0.42798178189256547,MadNLP,1.0,0.01,19.84095573425293,36479.11128148837,36479.11128148834,7.978218063525772e-14,1.2434497875801753e-14,NaN,34,LOCALLY_SOLVED,residual_tolerance_upper_bound
247,0.42798178189256547,ADMM,1.0,0.01,72.23296165466309,36588.97205617558,36479.11128148834,0.3011607762028837,4.699018951725975e-13,1.1342370003840747,6,converged,gap_callback_with_solver_termination
247,0.42798178189256547,MEL-ADMM,1.0,0.01,15.3656005859375,36486.17719082766,36479.11128148834,0.01936974090403461,3.5349501104064984e-13,0.009379143345314311,18,converged,gap_residual_and_feasibility
247,0.42798178189256547,sMEL-ADMM,1.0,0.01,1.2750839999999999,36485.473181780726,36479.11128148834,0.017439844527178155,2.0022872249114698e-13,0.009936470234517714,33,converged,gap_residual_and_feasibility
248,0.3384265345407792,IPOPT,1.0,1.0e-10,15.268087387084961,36479.11128148835,36479.11128148835,0.0,1.687538997430238e-14,NaN,34,INTERRUPTED,gap_and_residual
248,0.3384265345407792,MadNLP,1.0,0.01,20.756006240844727,36479.11128148834,36479.11128148835,3.989109031762884e-14,1.2434497875801753e-14,NaN,35,LOCALLY_SOLVED,residual_tolerance_upper_bound
248,0.3384265345407792,ADMM,1.0,0.01,75.3028392791748,36570.532214492094,36479.11128148835,0.2506117331047301,4.076738946423575e-13,1.1650452932011346,6,converged,gap_callback_with_solver_termination
248,0.3384265345407792,MEL-ADMM,1.0,0.01,15.129566192626953,36485.8302138814,36479.11128148835,0.018418574787100742,2.8270719099054986e-12,0.009961844805492781,18,converged,gap_residual_and_feasibility
248,0.3384265345407792,sMEL-ADMM,1.0,0.01,1.4176250000000001,36485.21077538098,36479.11128148835,0.016720511214114483,2.0000667788622195e-13,0.006074543564437818,35,converged,gap_residual_and_feasibility
249,0.5983604855497067,IPOPT,1.0,1.0e-10,14.21809196472168,36479.111281571946,36479.111281488345,2.2917431387477775e-10,1.1546319456101628e-14,NaN,33,INTERRUPTED,gap_and_residual
249,0.5983604855497067,MadNLP,1.0,0.01,19.812822341918945,36479.11128148833,36479.111281488345,3.9891090317628855e-14,1.3322676295501878e-14,NaN,34,LOCALLY_SOLVED,residual_tolerance_upper_bound
249,0.5983604855497067,ADMM,1.0,0.01,72.02434539794922,36599.39610368126,36479.111281488345,0.3297361639781937,2.310818203454801e-12,1.1511929218208934,6,converged,gap_callback_with_solver_termination
249,0.5983604855497067,MEL-ADMM,1.0,0.01,15.38991928100586,36486.032679045406,36479.111281488345,0.01897359149912307,1.747602063062459e-12,0.009355095363572374,18,converged,gap_residual_and_feasibility
249,0.5983604855497067,sMEL-ADMM,1.0,0.01,1.340168,36486.74253830109,36479.111281488345,0.020919525023131304,2.0083934515469082e-13,0.009773213547338955,29,converged,gap_residual_and_feasibility
250,0.4189195505092382,IPOPT,1.0,1.0e-10,14.050960540771484,36479.11128157201,36479.11128148836,2.2931393269088937e-10,1.2434497875801753e-14,NaN,33,INTERRUPTED,gap_and_residual
250,0.4189195505092382,MadNLP,1.0,0.01,19.98305320739746,36479.111281488345,36479.11128148836,3.9891090317628836e-14,1.3322676295501878e-14,NaN,34,LOCALLY_SOLVED,residual_tolerance_upper_bound
250,0.4189195505092382,ADMM,1.0,0.01,72.02768325805664,36588.97205543364,36479.11128148836,0.3011607741689365,3.97015753605956e-13,1.13423699374093,6,converged,gap_callback_with_solver_termination
250,0.4189195505092382,MEL-ADMM,1.0,0.01,15.234708786010742,36486.17719096558,36479.11128148836,0.019369741282062515,4.393041486139282e-12,0.009379143493626785,18,converged,gap_residual_and_feasibility
250,0.4189195505092382,sMEL-ADMM,1.0,0.01,1.410583,36485.81389315188,36479.11128148836,0.018373834855232113,1.9978463328129692e-13,0.004760914594546861,36,converged,gap_residual_and_feasibility
251,0.6712703164727085,IPOPT,1.0,1.0e-10,13.175010681152344,36479.11128155974,36479.11128148833,1.9574558018860486e-10,1.4210854715202004e-14,NaN,34,INTERRUPTED,gap_and_residual
251,0.6712703164727085,MadNLP,1.0,0.01,20.194053649902344,36479.11128148834,36479.11128148833,1.9945545158814434e-14,1.2434497875801753e-14,NaN,35,LOCALLY_SOLVED,residual_tolerance_upper_bound
251,0.6712703164727085,ADMM,1.0,0.01,73.15778732299805,36563.67937913369,36479.11128148833,0.23182609080795652,3.61755070343861e-12,1.123185383027062,6,converged,gap_callback_with_solver_termination
251,0.6712703164727085,MEL-ADMM,1.0,0.01,13.306856155395508,36486.19212069241,36479.11128148833,0.01941066806545617,4.18243217836789e-12,0.005425823224845416,16,converged,gap_residual_and_feasibility
251,0.6712703164727085,sMEL-ADMM,1.0,0.01,1.075288,36486.54814125061,36479.11128148833,0.020386625389241412,2.0028423364237824e-13,0.009771962131692291,30,converged,gap_residual_and_feasibility
252,0.2627950950875338,IPOPT,1.0,1.0e-10,13.859987258911133,36479.11128157143,36479.11128148832,2.2781801680397852e-10,1.2434497875801753e-14,NaN,34,INTERRUPTED,gap_and_residual
252,0.2627950950875338,MadNLP,1.0,0.01,19.85001564025879,36479.11128148833,36479.11128148832,1.9945545158814437e-14,1.509903313490213e-14,NaN,35,LOCALLY_SOLVED,residual_tolerance_upper_bound
252,0.2627950950875338,ADMM,1.0,0.01,75.06442070007324,36617.838061441704,36479.11128148832,0.3802910078672295,7.858824702111633e-12,1.5750570673336717,6,converged,gap_callback_with_solver_termination
252,0.2627950950875338,MEL-ADMM,1.0,0.01,13.669252395629883,36486.514505419094,36479.11128148832,0.020294419657442702,6.536438057480609e-13,0.00684416588847192,16,converged,gap_residual_and_feasibility
252,0.2627950950875338,sMEL-ADMM,1.0,0.01,1.4971240000000001,36485.118268494836,36479.11128148832,0.016466922563327217,1.9972912213006566e-13,0.007365894038862564,39,converged,gap_residual_and_feasibility
253,0.3055494632788493,IPOPT,1.0,1.0e-10,14.09912109375,36479.111281571706,36479.11128148835,2.2849616533937803e-10,1.0658141036401503e-14,NaN,34,INTERRUPTED,gap_and_residual
253,0.3055494632788493,MadNLP,1.0,0.01,21.305084228515625,36479.11128148834,36479.11128148835,3.989109031762884e-14,1.1546319456101628e-14,NaN,35,LOCALLY_SOLVED,residual_tolerance_upper_bound
253,0.3055494632788493,ADMM,1.0,0.01,75.8817195892334,36551.477916596246,36479.11128148835,0.1983782843542484,7.220890552162018e-13,1.1135851499977072,6,converged,gap_callback_with_solver_termination
253,0.3055494632788493,MEL-ADMM,1.0,0.01,13.416528701782227,36486.17947407498,36479.11128148835,0.019375999958137664,2.687017275349035e-12,0.006125800387810187,16,converged,gap_residual_and_feasibility
253,0.3055494632788493,sMEL-ADMM,1.0,0.01,1.671295,36484.91626468454,36479.11128148835,0.01591317055779405,2.0022872249114698e-13,0.005336583579564902,39,converged,gap_residual_and_feasibility
254,0.4834253725518465,IPOPT,1.0,1.0e-10,13.170003890991211,36479.11128157212,36479.11128148834,2.2967295250374818e-10,1.0658141036401503e-14,NaN,33,INTERRUPTED,gap_and_residual
254,0.4834253725518465,MadNLP,1.0,0.01,20.194053649902344,36479.11128148834,36479.11128148834,0.0,1.1546319456101628e-14,NaN,34,LOCALLY_SOLVED,residual_tolerance_upper_bound
254,0.4834253725518465,ADMM,1.0,0.01,71.63310050964355,36588.97204687975,36479.11128148834,0.30116075072027565,2.2267188093394452e-12,1.1342369831820767,6,converged,gap_callback_with_solver_termination
254,0.4834253725518465,MEL-ADMM,1.0,0.01,15.543222427368164,36486.17719085101,36479.11128148834,0.01936974096805981,1.0598744104584057e-12,0.00937914316988575,18,converged,gap_residual_and_feasibility
254,0.4834253725518465,sMEL-ADMM,1.0,0.01,1.43054,36486.55412676463,36479.11128148834,0.020403033447999364,1.9978463328129692e-13,0.009059008972016613,29,converged,gap_residual_and_feasibility
255,0.6797794435525369,IPOPT,1.0,1.0e-10,12.97307014465332,36479.11134600983,36479.11128148834,1.768724272107992e-7,1.3322676295501878e-14,NaN,33,INTERRUPTED,gap_and_residual
255,0.6797794435525369,MadNLP,1.0,0.01,20.292043685913086,36479.11128148833,36479.11128148834,1.994554515881443e-14,1.1546319456101628e-14,NaN,35,LOCALLY_SOLVED,residual_tolerance_upper_bound
255,0.6797794435525369,ADMM,1.0,0.01,73.39811325073242,36574.017121526434,36479.11128148834,0.2601648908213869,3.749001109554229e-12,1.1222593993852694,6,converged,gap_callback_with_solver_termination
255,0.6797794435525369,MEL-ADMM,1.0,0.01,13.201475143432617,36486.25862772743,36479.11128148834,0.019592983458235052,4.802824804528427e-13,0.004439170931483716,16,converged,gap_residual_and_feasibility
255,0.6797794435525369,sMEL-ADMM,1.0,0.01,1.184544,36486.56701625149,36479.11128148834,0.02043836733197067,2.0039525594484076e-13,0.009567645667658553,30,converged,gap_residual_and_feasibility
256,0.4028585468043285,IPOPT,1.0,1.0e-10,13.720989227294922,36479.111281571946,36479.11128148835,2.291543683296189e-10,1.687538997430238e-14,NaN,33,INTERRUPTED,gap_and_residual
256,0.4028585468043285,MadNLP,1.0,0.01,19.551992416381836,36479.11128148834,36479.11128148835,3.989109031762884e-14,1.3322676295501878e-14,NaN,34,LOCALLY_SOLVED,residual_tolerance_upper_bound
256,0.4028585468043285,ADMM,1.0,0.01,70.56975364685059,36588.9720570243,36479.11128148835,0.3011607785294316,2.201239190924298e-12,1.1342369985039964,6,converged,gap_callback_with_solver_termination
256,0.4028585468043285,MEL-ADMM,1.0,0.01,15.445947647094727,36486.17719095977,36479.11128148835,0.019369741266145973,4.6983528179112e-12,0.009379143754739694,18,converged,gap_residual_and_feasibility
256,0.4028585468043285,sMEL-ADMM,1.0,0.01,1.4525009999999998,36485.54522635883,36479.11128148835,0.017637339958286428,2.003397447936095e-13,0.0032619789949297484,35,converged,gap_residual_and_feasibility
257,0.39327786756451455,IPOPT,1.0,1.0e-10,13.644933700561523,36479.111281571895,36479.11128148835,2.290147495135072e-10,1.0658141036401503e-14,NaN,33,INTERRUPTED,gap_and_residual
257,0.39327786756451455,MadNLP,1.0,0.01,20.87688446044922,36479.11128148836,36479.11128148835,1.994554515881442e-14,1.1546319456101628e-14,NaN,34,LOCALLY_SOLVED,residual_tolerance_upper_bound
257,0.39327786756451455,ADMM,1.0,0.01,71.3508129119873,36588.97205693629,36479.11128148835,0.30116077828817034,1.5559220578609256e-12,1.134236997363364,6,converged,gap_callback_with_solver_termination
257,0.39327786756451455,MEL-ADMM,1.0,0.01,15.668153762817383,36486.17719084324,36479.11128148835,0.01936974094671807,2.9542479573763103e-12,0.00937914425127051,18,converged,gap_residual_and_feasibility
257,0.39327786756451455,sMEL-ADMM,1.0,0.01,1.411629,36485.30167048683,36479.11128148835,0.016969681499934094,2.0045076709607201e-13,0.005995061402806812,34,converged,gap_residual_and_feasibility
258,0.6962529467907085,IPOPT,1.0,1.0e-10,14.308929443359375,36479.11128157191,36479.11128148834,2.2909453169414254e-10,1.2434497875801753e-14,NaN,34,INTERRUPTED,gap_and_residual
258,0.6962529467907085,MadNLP,1.0,0.01,20.50495147705078,36479.111281488345,36479.11128148834,1.994554515881443e-14,1.3322676295501878e-14,NaN,35,LOCALLY_SOLVED,residual_tolerance_upper_bound
258,0.6962529467907085,ADMM,1.0,0.01,77.24618911743164,36610.537462414424,36479.11128148834,0.36027791332948267,8.870015832940226e-12,1.4457656209702745,6,converged,gap_callback_with_solver_termination
258,0.6962529467907085,MEL-ADMM,1.0,0.01,13.211488723754883,36486.40195457852,36479.11128148834,0.019985884617427868,4.192202140984591e-13,0.005520866464029162,16,converged,gap_residual_and_feasibility
258,0.6962529467907085,sMEL-ADMM,1.0,0.01,1.1856639999999998,36486.604262020744,36479.11128148834,0.020540468967534156,2.0017321133991572e-13,0.009180889162481165,30,converged,gap_residual_and_feasibility
259,0.3565415569247268,IPOPT,1.0,1.0e-10,12.387990951538086,36479.111281570564,36479.11128148833,2.2542455138492075e-10,1.1546319456101628e-14,NaN,32,INTERRUPTED,gap_and_residual
259,0.3565415569247268,MadNLP,1.0,0.01,18.95594596862793,36479.111281488345,36479.11128148833,3.989109031762887e-14,1.2434497875801753e-14,NaN,33,LOCALLY_SOLVED,residual_tolerance_upper_bound
259,0.3565415569247268,ADMM,1.0,0.01,72.19219207763672,36585.99546484266,36479.11128148833,0.2930010617023061,1.6924239787385886e-12,1.168888461487322,6,converged,gap_callback_with_solver_termination
259,0.3565415569247268,MEL-ADMM,1.0,0.01,15.444040298461914,36485.9451877721,36479.11128148833,0.0187337521219641,3.932965064734617e-12,0.00951846787236299,18,converged,gap_residual_and_feasibility
259,0.3565415569247268,sMEL-ADMM,1.0,0.01,1.530455,36485.40159626779,36479.11128148833,0.017243607529026896,2.0050627824730327e-13,0.00613683471279991,36,converged,gap_residual_and_feasibility
260,0.3500717947685909,IPOPT,1.0,1.0e-10,13.402938842773438,36479.11134600617,36479.11128148834,1.7686239460158433e-7,1.3322676295501878e-14,NaN,33,INTERRUPTED,gap_and_residual
260,0.3500717947685909,MadNLP,1.0,0.01,21.748065948486328,36479.111281488345,36479.11128148834,1.994554515881443e-14,1.0658141036401503e-14,NaN,35,LOCALLY_SOLVED,residual_tolerance_upper_bound
260,0.3500717947685909,ADMM,1.0,0.01,70.95766067504883,36580.65310300807,36479.11128148834,0.2783560727019779,3.14664960754385e-12,1.1785115974632738,6,converged,gap_callback_with_solver_termination
260,0.3500717947685909,MEL-ADMM,1.0,0.01,15.40517807006836,36485.90719432016,36479.11128148834,0.018629600867699624,8.930078898572447e-13,0.009590494283196804,18,converged,gap_residual_and_feasibility
260,0.3500717947685909,sMEL-ADMM,1.0,0.01,1.629495,36485.29140929752,36479.11128148834,0.01694155255453514,2.003397447936095e-13,0.009114898425726992,35,converged,gap_residual_and_feasibility
261,0.32596808504981944,IPOPT,1.0,1.0e-10,12.990951538085938,36479.111346014055,36479.111281488345,1.7688399562699128e-7,1.1546319456101628e-14,NaN,33,INTERRUPTED,gap_and_residual
261,0.32596808504981944,MadNLP,1.0,0.01,19.934892654418945,36479.11128148832,36479.111281488345,5.983663547644328e-14,1.1546319456101628e-14,NaN,35,LOCALLY_SOLVED,residual_tolerance_upper_bound
261,0.32596808504981944,ADMM,1.0,0.01,75.77276229858398,36560.96241830973,36479.111281488345,0.22437810008524994,3.859967900865513e-12,1.1433848264299051,6,converged,gap_callback_with_solver_termination
261,0.32596808504981944,MEL-ADMM,1.0,0.01,14.072656631469727,36486.021856876694,36479.111281488345,0.018943924743735453,3.909927936973645e-12,0.009072761632674897,16,converged,gap_residual_and_feasibility
261,0.32596808504981944,sMEL-ADMM,1.0,0.01,1.42258,36485.0545905659,36479.111281488345,0.0162923625844264,1.9934054407144686e-13,0.008123483971610668,35,converged,gap_residual_and_feasibility
262,0.48944470703767345,IPOPT,1.0,1.0e-10,13.521909713745117,36479.11128157212,36479.11128148834,2.2967295250374818e-10,1.865174681370263e-14,NaN,33,INTERRUPTED,gap_and_residual
262,0.48944470703767345,MadNLP,1.0,0.01,19.999980926513672,36479.11128148835,36479.11128148834,3.989109031762886e-14,1.687538997430238e-14,NaN,34,LOCALLY_SOLVED,residual_tolerance_upper_bound
262,0.48944470703767345,ADMM,1.0,0.01,70.29390335083008,36588.97204791686,36479.11128148834,0.3011607535632937,1.4822587601770465e-12,1.1342369877852185,6,converged,gap_callback_with_solver_termination
262,0.48944470703767345,MEL-ADMM,1.0,0.01,15.000343322753906,36486.177190868766,36479.11128148834,0.01936974101672694,1.5580314816077134e-12,0.009379143243958055,18,converged,gap_residual_and_feasibility
262,0.48944470703767345,sMEL-ADMM,1.0,0.01,1.129459,36486.563300127375,36479.11128148834,0.020428180340067638,2.003397447936095e-13,0.008946882827848057,29,converged,gap_residual_and_feasibility
263,0.6882311491072943,IPOPT,1.0,1.0e-10,13.239145278930664,36479.11128157197,36479.11128148834,2.2925409605541306e-10,1.1546319456101628e-14,NaN,34,INTERRUPTED,gap_and_residual
263,0.6882311491072943,MadNLP,1.0,0.01,20.085811614990234,36479.11128148836,36479.11128148834,5.983663547644329e-14,1.0658141036401503e-14,NaN,35,LOCALLY_SOLVED,residual_tolerance_upper_bound
263,0.6882311491072943,ADMM,1.0,0.01,76.1258602142334,36589.95435538828,36479.11128148834,0.3038535479788219,1.9168000520153328e-12,1.2729903578411328,6,converged,gap_callback_with_solver_termination
263,0.6882311491072943,MEL-ADMM,1.0,0.01,13.848066329956055,36486.33183593865,36479.11128148834,0.01979366875084123,6.057376822354854e-12,0.004495294603135136,16,converged,gap_residual_and_feasibility
263,0.6882311491072943,sMEL-ADMM,1.0,0.01,1.300543,36486.58601942759,36479.11128148834,0.02049046064080874,2.0083934515469082e-13,0.009367316802423531,30,converged,gap_residual_and_feasibility
264,0.7226450807363964,IPOPT,1.0,1.0e-10,14.760017395019531,36479.11128157178,36479.11128148831,2.2881529406191933e-10,1.1546319456101628e-14,NaN,34,INTERRUPTED,gap_and_residual
264,0.7226450807363964,MadNLP,1.0,0.01,20.071983337402344,36479.11128148834,36479.11128148831,7.978218063525779e-14,1.4210854715202004e-14,NaN,35,LOCALLY_SOLVED,residual_tolerance_upper_bound
264,0.7226450807363964,ADMM,1.0,0.01,78.35555076599121,36732.959681743545,36479.11128148831,0.6958733130761708,2.747468919039875e-12,2.057231988384319,6,converged,gap_callback_with_solver_termination
264,0.7226450807363964,MEL-ADMM,1.0,0.01,13.373851776123047,36486.67090524577,36479.11128148831,0.020723157697377308,4.0589753780295723e-13,0.009947927022354364,16,converged,gap_residual_and_feasibility
264,0.7226450807363964,sMEL-ADMM,1.0,0.01,1.262539,36486.66881859551,36479.11128148831,0.02071743757375937,2.0028423364237824e-13,0.008590714531667487,30,converged,gap_residual_and_feasibility
265,0.6331566358156436,IPOPT,1.0,1.0e-10,13.855934143066406,36479.11128148833,36479.11128148833,0.0,1.2434497875801753e-14,NaN,34,INTERRUPTED,gap_and_residual
265,0.6331566358156436,MadNLP,1.0,0.01,20.390033721923828,36479.11128148834,36479.11128148833,1.9945545158814434e-14,1.1546319456101628e-14,NaN,35,LOCALLY_SOLVED,residual_tolerance_upper_bound
265,0.6331566358156436,ADMM,1.0,0.01,73.92621040344238,36572.050786690415,36479.11128148833,0.2547745872560431,6.264988527959758e-13,1.1670629298654323,6,converged,gap_callback_with_solver_termination
265,0.6331566358156436,MEL-ADMM,1.0,0.01,15.64168930053711,36485.81472506707,36479.11128148833,0.018376115380158566,1.4058754160828357e-12,0.009850214800636081,18,converged,gap_residual_and_feasibility
265,0.6331566358156436,sMEL-ADMM,1.0,0.01,1.596999,36486.10831400786,36479.11128148833,0.019180929232457743,2.0095036745715333e-13,0.00845850487548816,32,converged,gap_residual_and_feasibility
266,0.6839256205636437,IPOPT,1.0,1.0e-10,14.379024505615234,36479.111281572,36479.11128148835,2.292939871457306e-10,1.509903313490213e-14,NaN,34,INTERRUPTED,gap_and_residual
266,0.6839256205636437,MadNLP,1.0,0.01,21.149873733520508,36479.111281488316,36479.11128148835,9.972772579407211e-14,1.4210854715202004e-14,NaN,35,LOCALLY_SOLVED,residual_tolerance_upper_bound
266,0.6839256205636437,ADMM,1.0,0.01,76.86924934387207,36581.11149729727,36479.11128148835,0.2796126666075883,3.720912467031212e-12,1.1824021401418179,6,converged,gap_callback_with_solver_termination
266,0.6839256205636437,MEL-ADMM,1.0,0.01,13.344526290893555,36486.293777206,36479.11128148835,0.019689338542891736,1.6747714326470486e-12,0.004367844262226583,16,converged,gap_residual_and_feasibility
266,0.6839256205636437,sMEL-ADMM,1.0,0.01,1.240377,36486.576310734636,36479.11128148835,0.020463846250747708,1.9939605522267811e-13,0.009468935151742741,30,converged,gap_residual_and_feasibility
267,0.5137173009235241,IPOPT,1.0,1.0e-10,13.110160827636719,36479.11128157215,36479.11128148834,2.297527346843834e-10,1.2434497875801753e-14,NaN,33,INTERRUPTED,gap_and_residual
267,0.5137173009235241,MadNLP,1.0,0.01,19.29306983947754,36479.11128148833,36479.11128148834,1.994554515881443e-14,1.1546319456101628e-14,NaN,34,LOCALLY_SOLVED,residual_tolerance_upper_bound
267,0.5137173009235241,ADMM,1.0,0.01,79.06484603881836,36588.9720481936,36479.11128148834,0.3011607543219225,2.405409205152864e-12,1.1342369886798114,6,converged,gap_callback_with_solver_termination
267,0.5137173009235241,MEL-ADMM,1.0,0.01,15.79737663269043,36486.177190974384,36479.11128148834,0.019369741306256474,4.300226841280619e-12,0.009379143160106906,18,converged,gap_residual_and_feasibility
267,0.5137173009235241,sMEL-ADMM,1.0,0.01,1.762794,36486.601302102354,36479.11128148834,0.02053235495848387,2.0050627824730327e-13,0.008602590361540763,29,converged,gap_residual_and_feasibility
268,0.3951591046151555,IPOPT,1.0,1.0e-10,13.90695571899414,36479.11128157192,36479.11128148834,2.2911447723930135e-10,9.769962616701378e-15,NaN,33,INTERRUPTED,gap_and_residual
268,0.3951591046151555,MadNLP,1.0,0.01,21.100997924804688,36479.111281488345,36479.11128148834,1.994554515881443e-14,1.4210854715202004e-14,NaN,34,LOCALLY_SOLVED,residual_tolerance_upper_bound
268,0.3951591046151555,ADMM,1.0,0.01,73.5013484954834,36588.97205712894,36479.11128148834,0.30116077881632847,2.369604512608703e-12,1.1342369944013981,6,converged,gap_callback_with_solver_termination
268,0.3951591046151555,MEL-ADMM,1.0,0.01,16.110658645629883,36486.17719110778,36479.11128148834,0.019369741671938098,8.95933327527132e-12,0.009379143939773016,18,converged,gap_residual_and_feasibility
268,0.3951591046151555,sMEL-ADMM,1.0,0.01,2.10325,36485.31716265166,36479.11128148834,0.017012150091700106,2.0028423364237824e-13,0.006940013161582215,34,converged,gap_residual_and_feasibility
269,0.3082785790806658,IPOPT,1.0,1.0e-10,14.750003814697266,36479.11128157169,36479.11128148832,2.2853605642969584e-10,1.509903313490213e-14,NaN,34,INTERRUPTED,gap_and_residual
269,0.3082785790806658,MadNLP,1.0,0.01,21.191120147705078,36479.11128148834,36479.11128148832,3.9891090317628874e-14,1.1546319456101628e-14,NaN,35,LOCALLY_SOLVED,residual_tolerance_upper_bound
269,0.3082785790806658,ADMM,1.0,0.01,75.64449310302734,36550.96169142977,36479.11128148832,0.1969631589624571,3.9523939676655573e-13,1.1133598712338788,6,converged,gap_callback_with_solver_termination
269,0.3082785790806658,MEL-ADMM,1.0,0.01,13.177633285522461,36486.160942693816,36479.11128148832,0.019325199978404012,2.974620549878182e-12,0.00642495393959841,16,converged,gap_residual_and_feasibility
269,0.3082785790806658,sMEL-ADMM,1.0,0.01,1.436415,36484.93642086799,36479.11128148832,0.01596842459981545,2.0011770018868447e-13,0.0052767607314816445,39,converged,gap_residual_and_feasibility
270,0.431088760907819,IPOPT,1.0,1.0e-10,13.712882995605469,36479.11128157203,36479.11128148833,2.2945355150700126e-10,1.509903313490213e-14,NaN,33,INTERRUPTED,gap_and_residual
270,0.431088760907819,MadNLP,1.0,0.01,20.708084106445312,36479.11128148834,36479.11128148833,1.9945545158814434e-14,1.2434497875801753e-14,NaN,34,LOCALLY_SOLVED,residual_tolerance_upper_bound
270,0.431088760907819,ADMM,1.0,0.01,71.26402854919434,36588.97205549517,36479.11128148833,0.301160774337696,1.8725576644840203e-12,1.1342369939448682,6,converged,gap_callback_with_solver_termination
270,0.431088760907819,MEL-ADMM,1.0,0.01,15.602827072143555,36486.177190965864,36479.11128148833,0.01936974128292019,3.731015496555301e-12,0.009379143225723752,18,converged,gap_residual_and_feasibility
270,0.431088760907819,sMEL-ADMM,1.0,0.01,1.288375,36485.49711307178,36479.11128148833,0.01750544725219749,2.007283228522283e-13,0.009411891987778365,33,converged,gap_residual_and_feasibility
271,0.554540707131723,IPOPT,1.0,1.0e-10,13.226985931396484,36479.11128157212,36479.11128148833,2.2969289804890702e-10,1.3322676295501878e-14,NaN,33,INTERRUPTED,gap_and_residual
271,0.554540707131723,MadNLP,1.0,0.01,19.443035125732422,36479.11128148833,36479.11128148833,0.0,1.3322676295501878e-14,NaN,34,LOCALLY_SOLVED,residual_tolerance_upper_bound
271,0.554540707131723,ADMM,1.0,0.01,70.36685943603516,36588.97205209913,36479.11128148833,0.3011607650281527,1.3109513474773848e-12,1.13423699261189,6,converged,gap_callback_with_solver_termination
271,0.554540707131723,MEL-ADMM,1.0,0.01,15.069961547851562,36486.17719080686,36479.11128148833,0.01936974084705019,3.170796958329447e-13,0.00937914340650714,18,converged,gap_residual_and_feasibility
271,0.554540707131723,sMEL-ADMM,1.0,0.01,1.172371,36486.66774580964,36479.11128148833,0.02071449675130115,2.0028423364237824e-13,0.008931541427427803,29,converged,gap_residual_and_feasibility
272,0.47543733071549593,IPOPT,1.0,1.0e-10,13.61703872680664,36479.11128157212,36479.11128148831,2.2975273468438362e-10,1.4210854715202004e-14,NaN,33,INTERRUPTED,gap_and_residual
272,0.47543733071549593,MadNLP,1.0,0.01,19.40011978149414,36479.111281488345,36479.11128148831,9.972772579407223e-14,1.2434497875801753e-14,NaN,34,LOCALLY_SOLVED,residual_tolerance_upper_bound
272,0.47543733071549593,ADMM,1.0,0.01,70.52493095397949,36588.97205039976,36479.11128148831,0.30116076036973116,5.094091815038837e-12,1.1342369926585647,6,converged,gap_callback_with_solver_termination
272,0.47543733071549593,MEL-ADMM,1.0,0.01,15.39158821105957,36486.17719078019,36479.11128148831,0.01936974077398967,3.3217872896784684e-13,0.009379143474230744,18,converged,gap_residual_and_feasibility
272,0.47543733071549593,sMEL-ADMM,1.0,0.01,1.0775430000000001,36486.536564142,36479.11128148831,0.020354889121047222,1.9984014443252818e-13,0.00912377562124611,29,converged,gap_residual_and_feasibility
273,0.7088253863193692,IPOPT,1.0,1.0e-10,14.643192291259766,36479.11128157186,36479.11128148833,2.289748584231897e-10,1.0658141036401503e-14,NaN,34,INTERRUPTED,gap_and_residual
273,0.7088253863193692,MadNLP,1.0,0.01,19.93107795715332,36479.11128148835,36479.11128148833,5.98366354764433e-14,1.2434497875801753e-14,NaN,35,LOCALLY_SOLVED,residual_tolerance_upper_bound
273,0.7088253863193692,ADMM,1.0,0.01,75.35624504089355,36657.15708237881,36479.11128148833,0.48807603758930806,9.91262627536571e-12,1.7413777725490522,6,converged,gap_callback_with_solver_termination
273,0.7088253863193692,MEL-ADMM,1.0,0.01,13.453245162963867,36486.523610351316,36479.11128148833,0.02031937896125984,1.9731993816662907e-12,0.007603638173527827,16,converged,gap_residual_and_feasibility
273,0.7088253863193692,sMEL-ADMM,1.0,0.01,1.073211,36486.63467066919,36479.11128148833,0.020623828039029186,2.000621890374532e-13,0.008894120245070525,30,converged,gap_residual_and_feasibility
274,0.33613136327445864,IPOPT,1.0,1.0e-10,16.45803451538086,36479.1112815579,36479.111281488345,1.906794117182659e-10,1.2434497875801753e-14,NaN,34,INTERRUPTED,gap_and_residual
274,0.33613136327445864,MadNLP,1.0,0.01,22.027015686035156,36479.11128148834,36479.111281488345,1.9945545158814427e-14,1.1546319456101628e-14,NaN,35,LOCALLY_SOLVED,residual_tolerance_upper_bound
274,0.33613136327445864,ADMM,1.0,0.01,71.63882255554199,36568.629271294965,36479.111281488345,0.24539520471280393,1.4254153413162385e-12,1.1594945375526962,6,converged,gap_callback_with_solver_termination
274,0.33613136327445864,MEL-ADMM,1.0,0.01,16.391515731811523,36486.47447987962,36479.111281488345,0.02018469785202119,6.318834344654078e-13,0.0008557093851857545,19,converged,gap_residual_and_feasibility
274,0.33613136327445864,sMEL-ADMM,1.0,0.01,1.693624,36485.18817570122,36479.111281488345,0.016658558828327966,1.999511667349907e-13,0.006550900065489529,35,converged,gap_residual_and_feasibility
275,0.6449698548028442,IPOPT,1.0,1.0e-10,14.39809799194336,36479.11128157569,36479.111281488345,2.394462696315672e-10,1.1546319456101628e-14,NaN,34,INTERRUPTED,gap_and_residual
275,0.6449698548028442,MadNLP,1.0,0.01,20.16615867614746,36479.11128148833,36479.111281488345,3.9891090317628855e-14,1.3322676295501878e-14,NaN,35,LOCALLY_SOLVED,residual_tolerance_upper_bound
275,0.6449698548028442,ADMM,1.0,0.01,70.39904594421387,36563.06387122846,36479.111281488345,0.23013880215530533,1.7630341631047486e-12,1.14816798532115,6,converged,gap_callback_with_solver_termination
275,0.6449698548028442,MEL-ADMM,1.0,0.01,13.508081436157227,36485.994523517074,36479.111281488345,0.01886899594569335,1.881939049042103e-12,0.009100434477344876,16,converged,gap_residual_and_feasibility
275,0.6449698548028442,sMEL-ADMM,1.0,0.01,1.4362069999999998,36486.11928837755,36479.111281488345,0.019211013215560416,2.0017321133991572e-13,0.008448858176409502,32,converged,gap_residual_and_feasibility
276,0.4114824665389211,IPOPT,1.0,1.0e-10,12.727022171020508,36479.11128157202,36479.11128148834,2.2939371487152476e-10,1.3322676295501878e-14,NaN,33,INTERRUPTED,gap_and_residual
276,0.4114824665389211,MadNLP,1.0,0.01,19.4699764251709,36479.11128148833,36479.11128148834,1.994554515881443e-14,1.2434497875801753e-14,NaN,34,LOCALLY_SOLVED,residual_tolerance_upper_bound
276,0.4114824665389211,ADMM,1.0,0.01,70.63531875610352,36588.97205630727,36479.11128148834,0.3011607765638781,6.954437026251981e-13,1.1342369940178196,6,converged,gap_callback_with_solver_termination
276,0.4114824665389211,MEL-ADMM,1.0,0.01,15.581369400024414,36486.177190907554,36479.11128148834,0.01936974112305664,3.1032953984322376e-12,0.009379143570264148,18,converged,gap_residual_and_feasibility
276,0.4114824665389211,sMEL-ADMM,1.0,0.01,1.5970820000000001,36485.6274641432,36479.11128148834,0.017862777973353137,2.0039525594484076e-13,0.007655826579451741,35,converged,gap_residual_and_feasibility
277,0.3803351687626615,IPOPT,1.0,1.0e-10,13.808965682983398,36479.11128157184,36479.11128148833,2.2891502178771325e-10,1.2434497875801753e-14,NaN,33,INTERRUPTED,gap_and_residual
277,0.3803351687626615,MadNLP,1.0,0.01,19.330978393554688,36479.11128148835,36479.11128148833,5.98366354764433e-14,1.2434497875801753e-14,NaN,34,LOCALLY_SOLVED,residual_tolerance_upper_bound
277,0.3803351687626615,ADMM,1.0,0.01,68.80068778991699,36594.82926195395,36479.11128148833,0.31721710425643257,1.5594747715397261e-12,1.0751993679768903,6,converged,gap_callback_with_solver_termination
277,0.3803351687626615,MEL-ADMM,1.0,0.01,15.318632125854492,36486.102523431895,36479.11128148833,0.019165055556361273,1.4725443087115764e-12,0.009392808162597355,18,converged,gap_residual_and_feasibility
277,0.3803351687626615,sMEL-ADMM,1.0,0.01,1.4130449999999999,36485.02651727271,36479.11128148833,0.01621540541032717,2.0056178939853453e-13,0.008011221813251979,33,converged,gap_residual_and_feasibility
278,0.31659360058046637,IPOPT,1.0,1.0e-10,13.857841491699219,36479.11128157175,36479.11128148833,2.286756752458075e-10,1.2434497875801753e-14,NaN,34,INTERRUPTED,gap_and_residual
278,0.31659360058046637,MadNLP,1.0,0.01,19.788026809692383,36479.11128148833,36479.11128148833,0.0,1.509903313490213e-14,NaN,35,LOCALLY_SOLVED,residual_tolerance_upper_bound
278,0.31659360058046637,ADMM,1.0,0.01,72.97062873840332,36554.25648837403,36479.11128148833,0.2059951688675849,1.7236767568817868e-12,1.1303594901092033,6,converged,gap_callback_with_solver_termination
278,0.31659360058046637,MEL-ADMM,1.0,0.01,13.621807098388672,36486.09648125623,36479.11128148833,0.019148492171311374,2.4749646776456302e-12,0.007574504221290468,16,converged,gap_residual_and_feasibility
278,0.31659360058046637,sMEL-ADMM,1.0,0.01,1.446538,36484.80031374709,36479.11128148833,0.015595314849799747,2.0045076709607201e-13,0.009969135530541351,36,converged,gap_residual_and_feasibility
279,0.2500031484126252,IPOPT,1.0,1.0e-10,13.16690444946289,36479.11128157151,36479.111281488345,2.2797758116524889e-10,1.687538997430238e-14,NaN,34,INTERRUPTED,gap_and_residual
279,0.2500031484126252,MadNLP,1.0,0.01,20.164966583251953,36479.11128148834,36479.111281488345,1.9945545158814427e-14,1.1546319456101628e-14,NaN,35,LOCALLY_SOLVED,residual_tolerance_upper_bound
279,0.2500031484126252,ADMM,1.0,0.01,78.92632484436035,36669.022553066025,36479.111281488345,0.5206027913132065,4.5501380441237416e-12,1.8594870503352032,6,converged,gap_callback_with_solver_termination
279,0.2500031484126252,MEL-ADMM,1.0,0.01,13.424873352050781,36486.63727984949,36479.111281488345,0.02063098057151933,1.6295298443935735e-12,0.008890776603162287,16,converged,gap_residual_and_feasibility
279,0.2500031484126252,sMEL-ADMM,1.0,0.01,1.64321,36485.31357282637,36479.111281488345,0.01700230932208941,1.9984014443252818e-13,0.006739205494611156,39,converged,gap_residual_and_feasibility
280,0.283443633013919,IPOPT,1.0,1.0e-10,14.663934707641602,36479.11128157155,36479.11128148833,2.281371455265195e-10,1.0658141036401503e-14,NaN,34,INTERRUPTED,gap_and_residual
280,0.283443633013919,MadNLP,1.0,0.01,20.025968551635742,36479.11128148833,36479.11128148833,0.0,1.509903313490213e-14,NaN,35,LOCALLY_SOLVED,residual_tolerance_upper_bound
280,0.283443633013919,ADMM,1.0,0.01,73.95577430725098,36569.52156258315,36479.11128148833,0.24784123822856557,4.0678571622265736e-13,1.144718151403712,6,converged,gap_callback_with_solver_termination
280,0.283443633013919,MEL-ADMM,1.0,0.01,13.280868530273438,36486.342978680965,36479.11128148833,0.01982421429302656,3.659295089164516e-13,0.004265809928362785,16,converged,gap_residual_and_feasibility
280,0.283443633013919,sMEL-ADMM,1.0,0.01,1.4821680000000002,36484.890835114726,36479.11128148833,0.015843460608996968,2.0000667788622195e-13,0.006557917733474028,39,converged,gap_residual_and_feasibility
281,0.36475429822555605,IPOPT,1.0,1.0e-10,12.871980667114258,36479.11128157141,36479.11128148836,2.2765845244270777e-10,1.2434497875801753e-14,NaN,33,INTERRUPTED,gap_and_residual
281,0.36475429822555605,MadNLP,1.0,0.01,19.459962844848633,36479.11128148834,36479.11128148836,5.983663547644325e-14,1.3322676295501878e-14,NaN,34,LOCALLY_SOLVED,residual_tolerance_upper_bound
281,0.36475429822555605,ADMM,1.0,0.01,69.5946216583252,36594.902266469566,36479.11128148836,0.3174172311592606,1.48903112062726e-12,1.1589943352771614,6,converged,gap_callback_with_solver_termination
281,0.36475429822555605,MEL-ADMM,1.0,0.01,14.750242233276367,36485.99636338243,36479.11128148836,0.01887403955908301,1.1052270210143433e-12,0.009431973270290328,18,converged,gap_residual_and_feasibility
281,0.36475429822555605,sMEL-ADMM,1.0,0.01,1.473458,36484.9860736452,36479.11128148836,0.016104537502326984,2.0017321133991572e-13,0.009691536317792071,33,converged,gap_residual_and_feasibility
282,0.3160957015948394,IPOPT,1.0,1.0e-10,13.191938400268555,36479.11128157173,36479.11128148836,2.285360564296956e-10,1.3322676295501878e-14,NaN,34,INTERRUPTED,gap_and_residual
282,0.3160957015948394,MadNLP,1.0,0.01,20.117998123168945,36479.11128148835,36479.11128148836,1.9945545158814418e-14,1.2434497875801753e-14,NaN,35,LOCALLY_SOLVED,residual_tolerance_upper_bound
282,0.3160957015948394,ADMM,1.0,0.01,70.99556922912598,36553.89821303844,36479.11128148836,0.20501303053408154,2.6845747846948598e-12,1.1289652866928623,6,converged,gap_callback_with_solver_termination
282,0.3160957015948394,MEL-ADMM,1.0,0.01,13.876199722290039,36486.10091586615,36479.11128148836,0.019160648744571383,4.119260488266718e-12,0.0074943341679443165,16,converged,gap_residual_and_feasibility
282,0.3160957015948394,sMEL-ADMM,1.0,0.01,1.618918,36484.88960910294,36479.11128148836,0.01584009974911468,1.9972912213006566e-13,0.008871553122403952,38,converged,gap_residual_and_feasibility
283,0.7081713984877072,IPOPT,1.0,1.0e-10,13.641119003295898,36479.111281571866,36479.111281488345,2.289549128780308e-10,1.4210854715202004e-14,NaN,34,INTERRUPTED,gap_and_residual
283,0.7081713984877072,MadNLP,1.0,0.01,19.90199089050293,36479.111281488345,36479.111281488345,0.0,1.1546319456101628e-14,NaN,35,LOCALLY_SOLVED,residual_tolerance_upper_bound
283,0.7081713984877072,ADMM,1.0,0.01,74.48077201843262,36654.26528689446,36479.111281488345,0.48014877351191126,3.747113730412366e-12,1.7262368076582915,6,converged,gap_callback_with_solver_termination
283,0.7081713984877072,MEL-ADMM,1.0,0.01,13.530492782592773,36486.51692762611,36479.111281488345,0.020301059641001436,1.9498846981491624e-12,0.0074936072631102135,16,converged,gap_residual_and_feasibility
283,0.7081713984877072,sMEL-ADMM,1.0,0.01,1.1820439999999999,36486.63306398252,36479.111281488345,0.020619423637080015,1.9950707752514063e-13,0.008908869951996579,30,converged,gap_residual_and_feasibility
284,0.5274369730874428,IPOPT,1.0,1.0e-10,13.516902923583984,36479.11128157213,36479.11128148835,2.2965300695858926e-10,1.0658141036401503e-14,NaN,33,INTERRUPTED,gap_and_residual
284,0.5274369730874428,MadNLP,1.0,0.01,19.64282989501953,36479.11128148833,36479.11128148835,5.983663547644327e-14,1.2434497875801753e-14,NaN,34,LOCALLY_SOLVED,residual_tolerance_upper_bound
284,0.5274369730874428,ADMM,1.0,0.01,69.78726387023926,36588.97204770372,36479.11128148835,0.3011607529789689,3.4283687000424834e-13,1.1342369858714099,6,converged,gap_callback_with_solver_termination
284,0.5274369730874428,MEL-ADMM,1.0,0.01,15.251636505126953,36486.177191035786,36479.11128148835,0.01936974147453703,5.377254197469483e-12,0.009379143090256115,18,converged,gap_residual_and_feasibility
284,0.5274369730874428,sMEL-ADMM,1.0,0.01,0.9971629999999999,36486.623333573276,36479.11128148835,0.02059274971628833,1.999511667349907e-13,0.008405563242076752,29,converged,gap_residual_and_feasibility
285,0.3995575767306403,IPOPT,1.0,1.0e-10,12.989997863769531,36479.11128157194,36479.11128148836,2.2911447723930122e-10,1.509903313490213e-14,NaN,33,INTERRUPTED,gap_and_residual
285,0.3995575767306403,MadNLP,1.0,0.01,19.618988037109375,36479.11128148835,36479.11128148836,1.9945545158814418e-14,1.4210854715202004e-14,NaN,34,LOCALLY_SOLVED,residual_tolerance_upper_bound
285,0.3995575767306403,ADMM,1.0,0.01,70.99771499633789,36588.97205761387,36479.11128148836,0.30116078014559916,2.1512236436649346e-12,1.134236998655731,6,converged,gap_callback_with_solver_termination
285,0.3995575767306403,MEL-ADMM,1.0,0.01,15.498161315917969,36486.177190867085,36479.11128148836,0.019369741012059672,2.4330537584660306e-12,0.009379143804021162,18,converged,gap_residual_and_feasibility
285,0.3995575767306403,sMEL-ADMM,1.0,0.01,1.581836,36485.35678621407,36479.11128148836,0.017120769959325304,2.0022872249114698e-13,0.009745749654276992,34,converged,gap_residual_and_feasibility
286,0.6077414739834477,IPOPT,1.0,1.0e-10,14.403820037841797,36479.11128157197,36479.111281488316,2.2931393269088963e-10,1.3322676295501878e-14,NaN,33,INTERRUPTED,gap_and_residual
286,0.6077414739834477,MadNLP,1.0,0.01,20.37811279296875,36479.11128148831,36479.111281488316,1.9945545158814443e-14,1.0658141036401503e-14,NaN,34,LOCALLY_SOLVED,residual_tolerance_upper_bound
286,0.6077414739834477,ADMM,1.0,0.01,73.3788013458252,36592.9026428454,36479.111281488316,0.31193567321041055,2.6634250360757505e-12,1.1455877934315994,6,converged,gap_callback_with_solver_termination
286,0.6077414739834477,MEL-ADMM,1.0,0.01,15.439510345458984,36485.961769062356,36479.111281488316,0.018779206327639797,8.942846463355636e-13,0.009536406658082974,18,converged,gap_residual_and_feasibility
286,0.6077414739834477,sMEL-ADMM,1.0,0.01,1.554169,36486.75914773649,36479.111281488316,0.02096505638298256,2.0028423364237824e-13,0.009950270701294173,29,converged,gap_residual_and_feasibility
287,0.2937881558360335,IPOPT,1.0,1.0e-10,14.619827270507812,36479.11128157162,36479.11128148833,2.2831665543294882e-10,1.1546319456101628e-14,NaN,34,INTERRUPTED,gap_and_residual
287,0.2937881558360335,MadNLP,1.0,0.01,20.296096801757812,36479.11128148835,36479.11128148833,5.98366354764433e-14,1.1546319456101628e-14,NaN,35,LOCALLY_SOLVED,residual_tolerance_upper_bound
287,0.2937881558360335,ADMM,1.0,0.01,75.53696632385254,36557.57635558783,36479.11128148833,0.21509590377361054,3.312905505481467e-13,1.1143929070107088,6,converged,gap_callback_with_solver_termination
287,0.2937881558360335,MEL-ADMM,1.0,0.01,13.49949836730957,36486.26263128712,36479.11128148833,0.019603958395827972,1.841027330584666e-12,0.004829321517036966,16,converged,gap_residual_and_feasibility
287,0.2937881558360335,sMEL-ADMM,1.0,0.01,1.863629,36484.86788879146,36479.11128148833,0.015780557971125524,1.9984014443252818e-13,0.006592059954158458,39,converged,gap_residual_and_feasibility
288,0.7134835824785344,IPOPT,1.0,1.0e-10,14.698028564453125,36479.11128157182,36479.111281488375,2.2875545742644247e-10,1.4210854715202004e-14,NaN,34,INTERRUPTED,gap_and_residual
288,0.7134835824785344,MadNLP,1.0,0.01,20.855188369750977,36479.11128148835,36479.111281488375,5.983663547644323e-14,1.2434497875801753e-14,NaN,35,LOCALLY_SOLVED,residual_tolerance_upper_bound
288,0.7134835824785344,ADMM,1.0,0.01,77.89897918701172,36679.39903759507,36479.111281488375,0.5490477949454055,1.8639534360431753e-12,1.8484545218135673,6,converged,gap_callback_with_solver_termination
288,0.7134835824785344,MEL-ADMM,1.0,0.01,13.742208480834961,36486.57203735166,36479.111281488375,0.020452131647930742,4.302003198120019e-12,0.0083946159952486,16,converged,gap_residual_and_feasibility
288,0.7134835824785344,sMEL-ADMM,1.0,0.01,1.497666,36486.64616370929,36479.111281488375,0.0206553338505705,2.007283228522283e-13,0.008789627340149764,30,converged,gap_residual_and_feasibility
289,0.6400832098240287,IPOPT,1.0,1.0e-10,13.927936553955078,36479.111281488345,36479.111281488345,0.0,1.5987211554602254e-14,NaN,34,INTERRUPTED,gap_and_residual
289,0.6400832098240287,MadNLP,1.0,0.01,20.89977264404297,36479.111281488345,36479.111281488345,0.0,1.0658141036401503e-14,NaN,35,LOCALLY_SOLVED,residual_tolerance_upper_bound
289,0.6400832098240287,ADMM,1.0,0.01,74.38421249389648,36566.56351092189,36479.111281488345,0.23973234643445357,3.7481129311345285e-13,1.1519955250509355,6,converged,gap_callback_with_solver_termination
289,0.6400832098240287,MEL-ADMM,1.0,0.01,13.258934020996094,36485.96771144495,36479.111281488345,0.01879549615038282,1.6723289419928733e-12,0.00977625532727977,16,converged,gap_residual_and_feasibility
289,0.6400832098240287,sMEL-ADMM,1.0,0.01,1.357086,36486.11464306998,36479.111281488345,0.019198279057827443,2.000621890374532e-13,0.008452837543373448,32,converged,gap_residual_and_feasibility
290,0.7186474039337939,IPOPT,1.0,1.0e-10,13.180017471313477,36479.11128157178,36479.11128148836,2.2867567524580731e-10,1.509903313490213e-14,NaN,34,INTERRUPTED,gap_and_residual
290,0.7186474039337939,MadNLP,1.0,0.01,19.94013786315918,36479.11128148835,36479.11128148836,1.9945545158814418e-14,1.4210854715202004e-14,NaN,35,LOCALLY_SOLVED,residual_tolerance_upper_bound
290,0.7186474039337939,ADMM,1.0,0.01,75.66547393798828,36708.12454921937,36479.11128148836,0.6277928921125473,5.520472967646128e-12,1.9648310811605967,6,converged,gap_callback_with_solver_termination
290,0.7186474039337939,MEL-ADMM,1.0,0.01,13.426065444946289,36486.6273169471,36479.11128148836,0.020603669318436726,2.2825075163268593e-12,0.009270601784455934,16,converged,gap_residual_and_feasibility
290,0.7186474039337939,sMEL-ADMM,1.0,0.01,1.26717,36486.658914681095,36479.11128148836,0.020690288023998284,2.0039525594484076e-13,0.008676635901652574,30,converged,gap_residual_and_feasibility
291,0.3462208001362965,IPOPT,1.0,1.0e-10,14.317035675048828,36479.11128155818,36479.111281488316,1.9151712461493627e-10,1.0658141036401503e-14,NaN,34,INTERRUPTED,gap_and_residual
291,0.3462208001362965,MadNLP,1.0,0.01,21.198034286499023,36479.11128148834,36479.111281488316,5.983663547644333e-14,1.4210854715202004e-14,NaN,35,LOCALLY_SOLVED,residual_tolerance_upper_bound
291,0.3462208001362965,ADMM,1.0,0.01,78.3090591430664,36577.25889140445,36479.111281488316,0.2690515379028526,9.793277300218506e-13,1.1737395529219876,6,converged,gap_callback_with_solver_termination
291,0.3462208001362965,MEL-ADMM,1.0,0.01,14.746904373168945,36485.880373139764,36479.111281488316,0.018556076103977255,4.503064587879635e-13,0.009707746142752605,18,converged,gap_residual_and_feasibility
291,0.3462208001362965,sMEL-ADMM,1.0,0.01,1.508709,36485.269322563174,36479.111281488316,0.01688100630341404,2.0011770018868447e-13,0.008111557649730372,35,converged,gap_residual_and_feasibility
292,0.3694607534202055,IPOPT,1.0,1.0e-10,12.611150741577148,36479.11134600606,36479.11128148833,1.7686211536395214e-7,1.2434497875801753e-14,NaN,32,INTERRUPTED,gap_and_residual
292,0.3694607534202055,MadNLP,1.0,0.01,19.6230411529541,36479.11128148835,36479.11128148833,5.98366354764433e-14,1.0658141036401503e-14,NaN,34,LOCALLY_SOLVED,residual_tolerance_upper_bound
292,0.3694607534202055,ADMM,1.0,0.01,70.65749168395996,36599.21270431617,36479.11128148833,0.3292334122426468,2.210065463970068e-12,1.1676256859082352,6,converged,gap_callback_with_solver_termination
292,0.3694607534202055,MEL-ADMM,1.0,0.01,14.812707901000977,36486.03195074797,36479.11128148833,0.018971595021158548,1.7427725929053395e-12,0.009344438708930092,18,converged,gap_residual_and_feasibility
292,0.3694607534202055,sMEL-ADMM,1.0,0.01,1.6382919999999999,36484.98802946009,36479.11128148833,0.01610989896768497,1.9961809982760315e-13,0.008524069088894137,33,converged,gap_residual_and_feasibility
293,0.35289633118618136,IPOPT,1.0,1.0e-10,13.580083847045898,36479.11128155876,36479.11128148833,1.9307287713732373e-10,1.5987211554602254e-14,NaN,34,INTERRUPTED,gap_and_residual
293,0.35289633118618136,MadNLP,1.0,0.01,20.125150680541992,36479.11128148833,36479.11128148833,0.0,1.509903313490213e-14,NaN,35,LOCALLY_SOLVED,residual_tolerance_upper_bound
293,0.35289633118618136,ADMM,1.0,0.01,73.9278793334961,36583.08559961639,36479.11128148833,0.28502426313444784,1.6687762283140728e-12,1.1773454358987054,6,converged,gap_callback_with_solver_termination
293,0.35289633118618136,MEL-ADMM,1.0,0.01,15.277385711669922,36485.92539790913,36479.11128148833,0.01867950227246078,4.021005750587392e-12,0.00952717628944022,18,converged,gap_residual_and_feasibility
293,0.35289633118618136,sMEL-ADMM,1.0,0.01,1.640295,36485.305990911846,36479.11128148833,0.01698152505885824,1.999511667349907e-13,0.009807924700032444,35,converged,gap_residual_and_feasibility
294,0.38881902313367295,IPOPT,1.0,1.0e-10,14.358997344970703,36479.11128157188,36479.11128148834,2.2901474951350728e-10,1.2434497875801753e-14,NaN,33,INTERRUPTED,gap_and_residual
294,0.38881902313367295,MadNLP,1.0,0.01,19.87481117248535,36479.111281488345,36479.11128148834,1.994554515881443e-14,1.5987211554602254e-14,NaN,34,LOCALLY_SOLVED,residual_tolerance_upper_bound
294,0.38881902313367295,ADMM,1.0,0.01,72.05796241760254,36590.23751939101,36479.11128148834,0.30462978400207336,9.61564161627848e-13,1.1237608198324764,6,converged,gap_callback_with_solver_termination
294,0.38881902313367295,MEL-ADMM,1.0,0.01,15.3656005859375,36486.15950108649,36479.11128148834,0.019321248107625272,1.3216094885137863e-12,0.009408343251728901,18,converged,gap_residual_and_feasibility
294,0.38881902313367295,sMEL-ADMM,1.0,0.01,1.5296260000000002,36485.27057611794,36479.11128148834,0.016884442666579083,2.0083934515469082e-13,0.005319504652732121,34,converged,gap_residual_and_feasibility
295,0.6832685097881892,IPOPT,1.0,1.0e-10,13.870954513549805,36479.11134604525,36479.11128148835,1.7696948223354192e-7,1.3322676295501878e-14,NaN,34,INTERRUPTED,gap_and_residual
295,0.6832685097881892,MadNLP,1.0,0.01,20.987987518310547,36479.11128148834,36479.11128148835,3.989109031762884e-14,1.1546319456101628e-14,NaN,35,LOCALLY_SOLVED,residual_tolerance_upper_bound
295,0.6832685097881892,ADMM,1.0,0.01,76.99823379516602,36579.89480286083,36479.11128148835,0.2762773484112239,1.2357892487102617e-12,1.1685566164266898,6,converged,gap_callback_with_solver_termination
295,0.6832685097881892,MEL-ADMM,1.0,0.01,13.612985610961914,36486.28816229686,36479.11128148835,0.019673946421366714,1.7139623054163167e-12,0.00434893228742439,16,converged,gap_residual_and_feasibility
295,0.6832685097881892,sMEL-ADMM,1.0,0.01,1.226996,36486.57483323647,36479.11128148835,0.020459795992623705,2.0083934515469082e-13,0.009484541538448354,30,converged,gap_residual_and_feasibility
296,0.5944079497788716,IPOPT,1.0,1.0e-10,12.799978256225586,36479.11128157197,36479.11128148834,2.2925409605541306e-10,1.4210854715202004e-14,NaN,33,INTERRUPTED,gap_and_residual
296,0.5944079497788716,MadNLP,1.0,0.01,19.411087036132812,36479.11128148834,36479.11128148834,0.0,1.687538997430238e-14,NaN,34,LOCALLY_SOLVED,residual_tolerance_upper_bound
296,0.5944079497788716,ADMM,1.0,0.01,70.75881958007812,36597.429610080195,36479.11128148834,0.3243454251910419,5.3179682879545e-13,1.0952224872166978,6,converged,gap_callback_with_solver_termination
296,0.5944079497788716,MEL-ADMM,1.0,0.01,15.496492385864258,36486.06046268327,36479.11128148834,0.019049754642625292,4.554134847012392e-12,0.009385838350993048,18,converged,gap_residual_and_feasibility
296,0.5944079497788716,sMEL-ADMM,1.0,0.01,1.1755,36486.73561043987,36479.11128148834,0.02090053371284371,2.007283228522283e-13,0.009698507211441054,29,converged,gap_residual_and_feasibility
297,0.42505665388892366,IPOPT,1.0,1.0e-10,12.885093688964844,36479.111281572026,36479.11128148835,2.2937376932636585e-10,1.0658141036401503e-14,NaN,33,INTERRUPTED,gap_and_residual
297,0.42505665388892366,MadNLP,1.0,0.01,19.903898239135742,36479.111281488345,36479.11128148835,1.994554515881442e-14,1.4210854715202004e-14,NaN,34,LOCALLY_SOLVED,residual_tolerance_upper_bound
297,0.42505665388892366,ADMM,1.0,0.01,70.04380226135254,36588.97205526409,36479.11128148835,0.30116077370416544,4.612976667317525e-13,1.1342369922467226,6,converged,gap_callback_with_solver_termination
297,0.42505665388892366,MEL-ADMM,1.0,0.01,15.653371810913086,36486.17719088659,36479.11128148835,0.019369741065553628,1.8043899707720357e-12,0.009379143285184632,18,converged,gap_residual_and_feasibility
297,0.42505665388892366,sMEL-ADMM,1.0,0.01,1.5323330000000002,36485.88055607501,36479.11128148835,0.01855657758333053,2.0022872249114698e-13,0.0074366719167127115,36,converged,gap_residual_and_feasibility
298,0.6669936648455002,IPOPT,1.0,1.0e-10,14.595985412597656,36479.11128155829,36479.11128148834,1.9175647115684193e-10,1.3322676295501878e-14,NaN,34,INTERRUPTED,gap_and_residual
298,0.6669936648455002,MadNLP,1.0,0.01,20.663976669311523,36479.11128148837,36479.11128148834,7.978218063525772e-14,1.2434497875801753e-14,NaN,35,LOCALLY_SOLVED,residual_tolerance_upper_bound
298,0.6669936648455002,ADMM,1.0,0.01,77.54039764404297,36560.3611835157,36479.11128148834,0.2227299382389061,2.439604074311319e-12,1.1240647726406143,6,converged,gap_callback_with_solver_termination
298,0.6669936648455002,MEL-ADMM,1.0,0.01,13.261795043945312,36486.15905488454,36479.11128148834,0.019320024936517213,9.43023437116608e-13,0.005928260991357348,16,converged,gap_residual_and_feasibility
298,0.6669936648455002,sMEL-ADMM,1.0,0.01,1.389792,36486.53875421974,36479.11128148834,0.0203608927698117,2.007283228522283e-13,0.009875298932914944,30,converged,gap_residual_and_feasibility
299,0.2550056376798635,IPOPT,1.0,1.0e-10,13.666152954101562,36479.11128157144,36479.11128148835,2.277581801685019e-10,1.0658141036401503e-14,NaN,34,INTERRUPTED,gap_and_residual
299,0.2550056376798635,MadNLP,1.0,0.01,21.125078201293945,36479.111281488345,36479.11128148835,1.994554515881442e-14,1.4210854715202004e-14,NaN,35,LOCALLY_SOLVED,residual_tolerance_upper_bound
299,0.2550056376798635,ADMM,1.0,0.01,77.04353332519531,36646.755353471046,36479.11128148835,0.45956183167150166,6.198597191087174e-12,1.748964702789305,6,converged,gap_callback_with_solver_termination
299,0.2550056376798635,MEL-ADMM,1.0,0.01,13.29183578491211,36486.58708891506,36479.11128148835,0.02049339242127318,4.3813286332294865e-12,0.008078740572783794,16,converged,gap_residual_and_feasibility
299,0.2550056376798635,sMEL-ADMM,1.0,0.01,1.572711,36485.226106162656,36479.11128148835,0.01676253740700711,2.0000667788622195e-13,0.006904549815786254,39,converged,gap_residual_and_feasibility
300,0.5792934352870049,IPOPT,1.0,1.0e-10,13.188838958740234,36479.11128157208,36479.11128148833,2.2957322477795413e-10,1.1546319456101628e-14,NaN,33,INTERRUPTED,gap_and_residual
300,0.5792934352870049,MadNLP,1.0,0.01,19.387006759643555,36479.11128148832,36479.11128148833,1.9945545158814434e-14,1.2434497875801753e-14,NaN,34,LOCALLY_SOLVED,residual_tolerance_upper_bound
300,0.5792934352870049,ADMM,1.0,0.01,70.63078880310059,36589.777360307235,36479.11128148833,0.30336835227414743,4.051203816857196e-13,1.1274648481457872,6,converged,gap_callback_with_solver_termination
300,0.5792934352870049,MEL-ADMM,1.0,0.01,15.416622161865234,36486.166767263596,36479.11128148833,0.019341166841543484,2.711719737646945e-12,0.009382851184144059,18,converged,gap_residual_and_feasibility
300,0.5792934352870049,sMEL-ADMM,1.0,0.01,1.4132529999999999,36486.709480488236,36479.11128148833,0.0208289038109358,2.0028423364237824e-13,0.009411441519135977,29,converged,gap_residual_and_feasibility
301,0.33982125302404215,IPOPT,1.0,1.0e-10,14.479875564575195,36479.11128155795,36479.11128148835,1.9077913944405996e-10,1.0658141036401503e-14,NaN,34,INTERRUPTED,gap_and_residual
301,0.33982125302404215,MadNLP,1.0,0.01,21.07977867126465,36479.111281488345,36479.11128148835,1.994554515881442e-14,1.509903313490213e-14,NaN,35,LOCALLY_SOLVED,residual_tolerance_upper_bound
301,0.33982125302404215,ADMM,1.0,0.01,74.83410835266113,36571.711784208266,36479.11128148835,0.2538452814964942,3.739231146937527e-13,1.1657007490443325,6,converged,gap_callback_with_solver_termination
301,0.33982125302404215,MEL-ADMM,1.0,0.01,15.29836654663086,36485.838494611635,36479.11128148835,0.018441274710263873,1.1003420397059926e-12,0.009916059802614896,18,converged,gap_residual_and_feasibility
301,0.33982125302404215,sMEL-ADMM,1.0,0.01,1.3907909999999999,36485.22331720109,36479.11128148835,0.016754892041018963,2.0039525594484076e-13,0.006163785724710991,35,converged,gap_residual_and_feasibility
302,0.7179826600537715,IPOPT,1.0,1.0e-10,13.195037841796875,36479.1112815718,36479.11128148834,2.2879534851676033e-10,1.4210854715202004e-14,NaN,34,INTERRUPTED,gap_and_residual
302,0.7179826600537715,MadNLP,1.0,0.01,19.967079162597656,36479.11128148832,36479.11128148834,3.989109031762886e-14,1.0658141036401503e-14,NaN,35,LOCALLY_SOLVED,residual_tolerance_upper_bound
302,0.7179826600537715,ADMM,1.0,0.01,77.56781578063965,36704.23210802487,36479.11128148834,0.6171225631003092,7.636447030279214e-12,1.9499606897197688,6,converged,gap_callback_with_solver_termination
302,0.7179826600537715,MEL-ADMM,1.0,0.01,13.762474060058594,36486.620123409455,36479.11128148834,0.020583949710768896,2.8468338797438264e-12,0.009157647044893302,16,converged,gap_residual_and_feasibility
302,0.7179826600537715,sMEL-ADMM,1.0,0.01,1.2197079999999998,36486.65727352343,36479.11128148834,0.02068578912699722,2.0017321133991572e-13,0.00869099571247034,30,converged,gap_residual_and_feasibility
303,0.38300901266871007,IPOPT,1.0,1.0e-10,12.401103973388672,36479.11128156234,36479.11128148833,2.0288608535546041e-10,1.865174681370263e-14,NaN,32,INTERRUPTED,gap_and_residual
303,0.38300901266871007,MadNLP,1.0,0.01,18.87989044189453,36479.111281488345,36479.11128148833,3.989109031762887e-14,1.4210854715202004e-14,NaN,33,LOCALLY_SOLVED,residual_tolerance_upper_bound
303,0.38300901266871007,ADMM,1.0,0.01,70.08981704711914,36593.835200651476,36479.11128148833,0.3144920891243393,7.248646127777647e-13,1.0828849089655082,6,converged,gap_callback_with_solver_termination
303,0.38300901266871007,MEL-ADMM,1.0,0.01,15.601634979248047,36486.11985372062,36479.11128148833,0.019212562987650443,9.007239398783895e-13,0.00941767640225244,18,converged,gap_residual_and_feasibility
303,0.38300901266871007,sMEL-ADMM,1.0,0.01,1.454751,36485.04396549551,36479.11128148833,0.016263236133692197,2.0039525594484076e-13,0.009626581199935202,33,converged,gap_residual_and_feasibility
304,0.3569723033367947,IPOPT,1.0,1.0e-10,12.649059295654297,36479.11134600853,36479.11128148834,1.7686887690376093e-7,1.2434497875801753e-14,NaN,33,INTERRUPTED,gap_and_residual
304,0.3569723033367947,MadNLP,1.0,0.01,20.362138748168945,36479.111281488316,36479.11128148834,5.983663547644329e-14,1.865174681370263e-14,NaN,35,LOCALLY_SOLVED,residual_tolerance_upper_bound
304,0.3569723033367947,ADMM,1.0,0.01,71.47836685180664,36586.33350039669,36479.11128148834,0.2939277168267142,1.7408852137634767e-12,1.1676551373687722,6,converged,gap_callback_with_solver_termination
304,0.3569723033367947,MEL-ADMM,1.0,0.01,15.49077033996582,36485.94736506032,36479.11128148834,0.018739720710928002,1.4353518373866336e-12,0.009520759854500405,18,converged,gap_residual_and_feasibility
304,0.3569723033367947,sMEL-ADMM,1.0,0.01,1.319832,36485.40468085786,36479.11128148834,0.01725206329988741,2.0022872249114698e-13,0.006250727140038492,36,converged,gap_residual_and_feasibility
305,0.5912013854788898,IPOPT,1.0,1.0e-10,14.421939849853516,36479.11128157201,36479.11128148833,2.2939371487152482e-10,1.1546319456101628e-14,NaN,33,INTERRUPTED,gap_and_residual
305,0.5912013854788898,MadNLP,1.0,0.01,19.946813583374023,36479.11128148833,36479.11128148833,0.0,1.1546319456101628e-14,NaN,34,LOCALLY_SOLVED,residual_tolerance_upper_bound
305,0.5912013854788898,ADMM,1.0,0.01,72.83401489257812,36596.22371678644,36479.11128148833,0.32103971611154847,3.6504133049675147e-13,1.059424258813424,6,converged,gap_callback_with_solver_termination
305,0.5912013854788898,MEL-ADMM,1.0,0.01,15.661239624023438,36486.08323201544,36479.11128148833,0.0191121720957164,2.559286116365911e-12,0.009404248235647117,18,converged,gap_residual_and_feasibility
305,0.5912013854788898,sMEL-ADMM,1.0,0.01,1.005876,36486.73001979131,36479.11128148833,0.020885208096727247,2.0039525594484076e-13,0.009637818460106473,29,converged,gap_residual_and_feasibility
306,0.33724031954729206,IPOPT,1.0,1.0e-10,13.390779495239258,36479.111281557896,36479.11128148836,1.9061957508278938e-10,1.5987211554602254e-14,NaN,34,INTERRUPTED,gap_and_residual
306,0.33724031954729206,MadNLP,1.0,0.01,22.205829620361328,36479.111281488345,36479.11128148836,3.9891090317628836e-14,1.3322676295501878e-14,NaN,35,LOCALLY_SOLVED,residual_tolerance_upper_bound
306,0.33724031954729206,ADMM,1.0,0.01,70.8625316619873,36569.53781207033,36479.11128148836,0.2478857828640674,3.2477909250872017e-12,1.1622760561462506,6,converged,gap_callback_with_solver_termination
306,0.33724031954729206,MEL-ADMM,1.0,0.01,16.23821258544922,36486.48154370054,36479.11128148836,0.020204061867917015,4.598210701090011e-12,0.0008076331200568276,19,converged,gap_residual_and_feasibility
306,0.33724031954729206,sMEL-ADMM,1.0,0.01,1.44675,36485.199455013695,36479.11128148836,0.016689478749512866,1.996736109788344e-13,0.006324251674557857,35,converged,gap_residual_and_feasibility
307,0.4404545373076995,IPOPT,1.0,1.0e-10,13.550996780395508,36479.111281572026,36479.11128148835,2.2937376932636585e-10,1.0658141036401503e-14,NaN,33,INTERRUPTED,gap_and_residual
307,0.4404545373076995,MadNLP,1.0,0.01,20.750999450683594,36479.11128148832,36479.11128148835,7.978218063525768e-14,1.2434497875801753e-14,NaN,34,LOCALLY_SOLVED,residual_tolerance_upper_bound
307,0.4404545373076995,ADMM,1.0,0.01,72.85380363464355,36588.97205524542,36479.11128148835,0.3011607736529852,1.56097357262297e-12,1.1342369950713307,6,converged,gap_callback_with_solver_termination
307,0.4404545373076995,MEL-ADMM,1.0,0.01,15.328407287597656,36486.1771909195,36479.11128148835,0.019369741155767325,2.87347923233483e-12,0.009379143425750414,18,converged,gap_residual_and_feasibility
307,0.4404545373076995,sMEL-ADMM,1.0,0.01,1.339873,36485.73052055126,36479.11128148835,0.01814528597429558,2.0022872249114698e-13,0.00918743408033329,34,converged,gap_residual_and_feasibility
308,0.7360152597959468,IPOPT,1.0,1.0e-10,13.441085815429688,36479.11128157178,36479.11128148834,2.287355118812839e-10,1.3322676295501878e-14,NaN,34,INTERRUPTED,gap_and_residual
308,0.7360152597959468,MadNLP,1.0,0.01,20.21002769470215,36479.11128148833,36479.11128148834,1.994554515881443e-14,1.5987211554602254e-14,NaN,35,LOCALLY_SOLVED,residual_tolerance_upper_bound
308,0.7360152597959468,ADMM,1.0,0.01,77.63981819152832,36835.60492716387,36479.11128148834,0.9772541960374931,3.375077994860476e-13,2.3725330678834373,6,converged,gap_callback_with_solver_termination
308,0.7360152597959468,MEL-ADMM,1.0,0.01,14.147758483886719,36485.65068992338,36479.11128148834,0.01792644668500861,1.1562972801471005e-12,0.009799104428841687,17,converged,gap_residual_and_feasibility
308,0.7360152597959468,sMEL-ADMM,1.0,0.01,1.406664,36486.702151454745,36479.11128148834,0.020808812769128385,2.007283228522283e-13,0.008312685352356297,30,converged,gap_residual_and_feasibility
309,0.6495042591219922,IPOPT,1.0,1.0e-10,13.625144958496094,36479.1112815757,36479.11128148833,2.3950610626704373e-10,1.0658141036401503e-14,NaN,34,INTERRUPTED,gap_and_residual
309,0.6495042591219922,MadNLP,1.0,0.01,19.938945770263672,36479.111281488345,36479.11128148833,3.989109031762887e-14,1.1546319456101628e-14,NaN,35,LOCALLY_SOLVED,residual_tolerance_upper_bound
309,0.6495042591219922,ADMM,1.0,0.01,70.60933113098145,36560.40938054046,36479.11128148833,0.2228620604948437,2.208788707491749e-12,1.1447653933076385,6,converged,gap_callback_with_solver_termination
309,0.6495042591219922,MEL-ADMM,1.0,0.01,13.331890106201172,36486.022075536624,36479.11128148833,0.018944524155117118,3.3595348725157237e-13,0.008443468801507592,16,converged,gap_residual_and_feasibility
309,0.6495042591219922,sMEL-ADMM,1.0,0.01,1.52246,36486.1239960343,36479.11128148833,0.01922391829081854,2.0017321133991572e-13,0.008445275812466235,32,converged,gap_residual_and_feasibility
310,0.31875243647793045,IPOPT,1.0,1.0e-10,13.445854187011719,36479.11128148835,36479.11128148835,0.0,1.2434497875801753e-14,NaN,35,INTERRUPTED,gap_and_residual
310,0.31875243647793045,MadNLP,1.0,0.01,20.008087158203125,36479.11128148835,36479.11128148835,0.0,1.0658141036401503e-14,NaN,35,LOCALLY_SOLVED,residual_tolerance_upper_bound
310,0.31875243647793045,ADMM,1.0,0.01,73.53806495666504,36555.84999629984,36479.11128148835,0.2103634439428585,3.6415315207705135e-13,1.136097840820078,6,converged,gap_callback_with_solver_termination
310,0.31875243647793045,MEL-ADMM,1.0,0.01,13.830423355102539,36486.07764866865,36479.11128148835,0.019096866495852037,1.1617373729677638e-12,0.007935575753409196,16,converged,gap_residual_and_feasibility
310,0.31875243647793045,sMEL-ADMM,1.0,0.01,1.447418,36484.85343174514,36479.11128148835,0.01574092694440858,1.9945156637390937e-13,0.009061325084839922,36,converged,gap_residual_and_feasibility
311,0.49476303209942923,IPOPT,1.0,1.0e-10,14.55998420715332,36479.111281572106,36479.11128148835,2.295931703231128e-10,1.0658141036401503e-14,NaN,33,INTERRUPTED,gap_and_residual
311,0.49476303209942923,MadNLP,1.0,0.01,19.43516731262207,36479.11128148835,36479.11128148835,0.0,1.2434497875801753e-14,NaN,34,LOCALLY_SOLVED,residual_tolerance_upper_bound
311,0.49476303209942923,ADMM,1.0,0.01,71.65694236755371,36588.97204715056,36479.11128148835,0.30116075146258886,2.5831004002441205e-12,1.1342369845599718,6,converged,gap_callback_with_solver_termination
311,0.49476303209942923,MEL-ADMM,1.0,0.01,15.55943489074707,36486.17719095978,36479.11128148835,0.019369741266185864,3.759159650229549e-12,0.009379143188318118,18,converged,gap_residual_and_feasibility
311,0.49476303209942923,sMEL-ADMM,1.0,0.01,1.1815849999999999,36486.57145914323,36479.11128148835,0.020450546608207568,1.999511667349907e-13,0.00886405853046135,29,converged,gap_residual_and_feasibility
312,0.48253248054043274,IPOPT,1.0,1.0e-10,14.395952224731445,36479.11128157212,36479.11128148833,2.2969289804890702e-10,1.2434497875801753e-14,NaN,33,INTERRUPTED,gap_and_residual
312,0.48253248054043274,MadNLP,1.0,0.01,19.58012580871582,36479.11128148834,36479.11128148833,1.9945545158814434e-14,8.881784197001252e-15,NaN,34,LOCALLY_SOLVED,residual_tolerance_upper_bound
312,0.48253248054043274,ADMM,1.0,0.01,70.587158203125,36588.97204706247,36479.11128148833,0.3011607512211682,2.505273766217897e-12,1.1342369841116051,6,converged,gap_callback_with_solver_termination
312,0.48253248054043274,MEL-ADMM,1.0,0.01,15.362739562988281,36486.177190914386,36479.11128148833,0.019369741141805456,3.0214164503661323e-12,0.009379143353752006,18,converged,gap_residual_and_feasibility
312,0.48253248054043274,sMEL-ADMM,1.0,0.01,1.066961,36486.55276915362,36479.11128148833,0.02039931183593391,2.0000667788622195e-13,0.009075188313532934,29,converged,gap_residual_and_feasibility
313,0.4033988881266063,IPOPT,1.0,1.0e-10,13.415098190307617,36479.11128157196,36479.11128148833,2.292540960554131e-10,1.1546319456101628e-14,NaN,33,INTERRUPTED,gap_and_residual
313,0.4033988881266063,MadNLP,1.0,0.01,20.24984359741211,36479.11128148836,36479.11128148833,7.978218063525773e-14,1.3322676295501878e-14,NaN,34,LOCALLY_SOLVED,residual_tolerance_upper_bound
313,0.4033988881266063,ADMM,1.0,0.01,72.01576232910156,36588.97205669116,36479.11128148833,0.301160777616245,3.1796787425264483e-13,1.134236992963368,6,converged,gap_callback_with_solver_termination
313,0.4033988881266063,MEL-ADMM,1.0,0.01,15.00082015991211,36486.17719096072,36479.11128148833,0.01936974126881869,4.653388785413881e-12,0.009379143701065296,18,converged,gap_residual_and_feasibility
313,0.4033988881266063,sMEL-ADMM,1.0,0.01,1.422332,36485.549842761306,36479.11128148833,0.017649994878691233,2.0050627824730327e-13,0.0035090189391713267,35,converged,gap_residual_and_feasibility
314,0.6595209627721643,IPOPT,1.0,1.0e-10,13.50712776184082,36479.1113460087,36479.11128148832,1.7686937554238998e-7,1.0658141036401503e-14,NaN,33,INTERRUPTED,gap_and_residual
314,0.6595209627721643,MadNLP,1.0,0.01,20.518064498901367,36479.111281488345,36479.11128148832,5.983663547644332e-14,1.5987211554602254e-14,NaN,35,LOCALLY_SOLVED,residual_tolerance_upper_bound
314,0.6595209627721643,ADMM,1.0,0.01,74.83911514282227,36558.01125272116,36479.11128148832,0.2162880850468399,9.900968933607146e-13,1.1312771729047313,6,converged,gap_callback_with_solver_termination
314,0.6595209627721643,MEL-ADMM,1.0,0.01,13.599634170532227,36486.095231101826,36479.11128148832,0.019145065129497398,9.956480084838404e-13,0.006966563323398844,16,converged,gap_residual_and_feasibility
314,0.6595209627721643,sMEL-ADMM,1.0,0.01,1.2321680000000002,36486.13615182415,36479.11128148832,0.019257240894976966,2.0039525594484076e-13,0.008438220388590878,32,converged,gap_residual_and_feasibility
315,0.4033639609282443,IPOPT,1.0,1.0e-10,14.509916305541992,36479.11128157197,36479.11128148834,2.2925409605541306e-10,1.5987211554602254e-14,NaN,33,INTERRUPTED,gap_and_residual
315,0.4033639609282443,MadNLP,1.0,0.01,19.585132598876953,36479.11128148836,36479.11128148834,5.983663547644329e-14,1.1546319456101628e-14,NaN,34,LOCALLY_SOLVED,residual_tolerance_upper_bound
315,0.4033639609282443,ADMM,1.0,0.01,72.37792015075684,36588.97205644538,36479.11128148834,0.3011607769424844,1.428523965785189e-12,1.134236996778486,6,converged,gap_callback_with_solver_termination
315,0.4033639609282443,MEL-ADMM,1.0,0.01,15.358448028564453,36486.17719081198,36479.11128148834,0.01936974086105196,9.716116800007057e-13,0.009379143803854184,18,converged,gap_residual_and_feasibility
315,0.4033639609282443,sMEL-ADMM,1.0,0.01,1.6186239999999998,36485.54954237134,36479.11128148834,0.017649171421194813,1.9978463328129692e-13,0.0034930510001096593,35,converged,gap_residual_and_feasibility
316,0.4120469685718399,IPOPT,1.0,1.0e-10,13.319015502929688,36479.111281572,36479.11128148835,2.292939871457306e-10,1.2434497875801753e-14,NaN,33,INTERRUPTED,gap_and_residual
316,0.4120469685718399,MadNLP,1.0,0.01,21.021127700805664,36479.11128148832,36479.11128148835,7.978218063525768e-14,1.865174681370263e-14,NaN,34,LOCALLY_SOLVED,residual_tolerance_upper_bound
316,0.4120469685718399,ADMM,1.0,0.01,71.09546661376953,36588.972055874976,36479.11128148835,0.30116077537879343,2.252698028115674e-12,1.1342369916698356,6,converged,gap_callback_with_solver_termination
316,0.4120469685718399,MEL-ADMM,1.0,0.01,15.388011932373047,36486.17719083325,36479.11128148835,0.019369740919332835,1.4295231665073516e-12,0.009379143728968309,18,converged,gap_residual_and_feasibility
316,0.4120469685718399,sMEL-ADMM,1.0,0.01,1.484505,36485.63337077452,36479.11128148835,0.01787896979134635,2.003397447936095e-13,0.007985958980777141,35,converged,gap_residual_and_feasibility
317,0.687785444977757,IPOPT,1.0,1.0e-10,14.405012130737305,36479.11128157193,36479.11128148835,2.2911447723930127e-10,1.2434497875801753e-14,NaN,34,INTERRUPTED,gap_and_residual
317,0.687785444977757,MadNLP,1.0,0.01,19.942045211791992,36479.111281488345,36479.11128148835,1.994554515881442e-14,1.7763568394002505e-14,NaN,35,LOCALLY_SOLVED,residual_tolerance_upper_bound
317,0.687785444977757,ADMM,1.0,0.01,75.77013969421387,36588.954894688366,36479.11128148835,0.3011137315062674,2.568611989772762e-12,1.2636168869937041,6,converged,gap_callback_with_solver_termination
317,0.687785444977757,MEL-ADMM,1.0,0.01,13.500690460205078,36486.327826385095,36479.11128148835,0.019782677382287714,3.936406756110955e-12,0.004481850256137676,16,converged,gap_residual_and_feasibility
317,0.687785444977757,sMEL-ADMM,1.0,0.01,1.057372,36486.58501312027,36479.11128148835,0.02048770205569058,1.9984014443252818e-13,0.009377765741412247,30,converged,gap_residual_and_feasibility
318,0.7384788321992518,IPOPT,1.0,1.0e-10,13.133049011230469,36479.11128157179,36479.11128148837,2.2869562079096608e-10,1.1546319456101628e-14,NaN,34,INTERRUPTED,gap_and_residual
318,0.7384788321992518,MadNLP,1.0,0.01,20.223140716552734,36479.11128148834,36479.11128148837,7.978218063525766e-14,1.1546319456101628e-14,NaN,35,LOCALLY_SOLVED,residual_tolerance_upper_bound
318,0.7384788321992518,ADMM,1.0,0.01,86.22288703918457,36539.880732992984,36479.11128148837,0.16658698463264057,3.0819791163594346e-13,0.8637491680680043,7,converged,gap_callback_with_solver_termination
318,0.7384788321992518,MEL-ADMM,1.0,0.01,14.112234115600586,36485.671097103776,36479.11128148837,0.01798238878351494,2.8871349755377196e-12,0.009512581973925016,17,converged,gap_residual_and_feasibility
318,0.7384788321992518,sMEL-ADMM,1.0,0.01,1.167165,36486.70829450374,36479.11128148837,0.020825652677640652,2.0039525594484076e-13,0.008263516444822372,30,converged,gap_residual_and_feasibility
319,0.6857562198620633,IPOPT,1.0,1.0e-10,13.521909713745117,36479.111281572,36479.11128148833,2.2935382378120719e-10,1.5987211554602254e-14,NaN,34,INTERRUPTED,gap_and_residual
319,0.6857562198620633,MadNLP,1.0,0.01,20.787954330444336,36479.11128148833,36479.11128148833,0.0,1.1546319456101628e-14,NaN,35,LOCALLY_SOLVED,residual_tolerance_upper_bound
319,0.6857562198620633,ADMM,1.0,0.01,76.24220848083496,36584.663513586034,36479.11128148833,0.28934979057800364,4.8827608623014385e-12,1.2209851404410106,6,converged,gap_callback_with_solver_termination
319,0.6857562198620633,MEL-ADMM,1.0,0.01,13.345003128051758,36486.30972383586,36479.11128148833,0.019733052957303137,2.4392710074039314e-12,0.004421342526264027,16,converged,gap_residual_and_feasibility
319,0.6857562198620633,sMEL-ADMM,1.0,0.01,1.133876,36486.58043570461,36479.11128148833,0.020475154009759713,1.9984014443252818e-13,0.009425538202501471,30,converged,gap_residual_and_feasibility
320,0.5165027982929546,IPOPT,1.0,1.0e-10,14.047861099243164,36479.11128157212,36479.111281488345,2.296530069585893e-10,1.2434497875801753e-14,NaN,33,INTERRUPTED,gap_and_residual
320,0.5165027982929546,MadNLP,1.0,0.01,19.69289779663086,36479.11128148834,36479.111281488345,1.9945545158814427e-14,1.3322676295501878e-14,NaN,34,LOCALLY_SOLVED,residual_tolerance_upper_bound
320,0.5165027982929546,ADMM,1.0,0.01,72.30782508850098,36588.97204760315,36479.111281488345,0.30116075270330156,4.2099657093785936e-13,1.1342369867470667,6,converged,gap_callback_with_solver_termination
320,0.5165027982929546,MEL-ADMM,1.0,0.01,15.29383659362793,36486.17719101437,36479.111281488345,0.01936974141585724,4.572342504616245e-12,0.009379142969502041,18,converged,gap_residual_and_feasibility
320,0.5165027982929546,sMEL-ADMM,1.0,0.01,1.525918,36486.60576348388,36479.111281488345,0.020544584920679208,2.0050627824730327e-13,0.008564908374758318,29,converged,gap_residual_and_feasibility
321,0.35294252567699935,IPOPT,1.0,1.0e-10,14.782905578613281,36479.11128155874,36479.11128148834,1.9299309495668842e-10,1.4210854715202004e-14,NaN,34,INTERRUPTED,gap_and_residual
321,0.35294252567699935,MadNLP,1.0,0.01,20.117998123168945,36479.11128148834,36479.11128148834,0.0,9.769962616701378e-15,NaN,35,LOCALLY_SOLVED,residual_tolerance_upper_bound
321,0.35294252567699935,ADMM,1.0,0.01,73.7009048461914,36583.12374814693,36479.11128148834,0.2851288395048505,2.3014368188967183e-12,1.1772662250571937,6,converged,gap_callback_with_solver_termination
321,0.35294252567699935,MEL-ADMM,1.0,0.01,15.190839767456055,36485.92567105636,36479.11128148834,0.01868025104952788,3.43219896947744e-12,0.009526618062249526,18,converged,gap_residual_and_feasibility
321,0.35294252567699935,sMEL-ADMM,1.0,0.01,1.454374,36485.30621821806,36479.11128148834,0.016982148172189408,2.0000667788622195e-13,0.009818683048861132,35,converged,gap_residual_and_feasibility
322,0.6411597745694115,IPOPT,1.0,1.0e-10,14.696121215820312,36479.111281488345,36479.111281488345,0.0,1.2434497875801753e-14,NaN,34,INTERRUPTED,gap_and_residual
322,0.6411597745694115,MadNLP,1.0,0.01,20.891904830932617,36479.111281488345,36479.111281488345,0.0,1.2434497875801753e-14,NaN,35,LOCALLY_SOLVED,residual_tolerance_upper_bound
322,0.6411597745694115,ADMM,1.0,0.01,75.04534721374512,36565.764016030385,36479.111281488345,0.23754069520331952,5.759837051755312e-13,1.149398227335272,6,converged,gap_callback_with_solver_termination
322,0.6411597745694115,MEL-ADMM,1.0,0.01,13.436317443847656,36485.97337157704,36479.111281488345,0.018811012241349494,3.3306690738754696e-13,0.009630420717801513,16,converged,gap_residual_and_feasibility
322,0.6411597745694115,sMEL-ADMM,1.0,0.01,1.344583,36486.11566313799,36479.111281488345,0.019201075365017715,2.0083934515469082e-13,0.008451954932079175,32,converged,gap_residual_and_feasibility
323,0.6562030837485535,IPOPT,1.0,1.0e-10,14.3890380859375,36479.11134601323,36479.11128148835,1.7688172183484314e-7,1.1546319456101628e-14,NaN,33,INTERRUPTED,gap_and_residual
323,0.6562030837485535,MadNLP,1.0,0.01,20.426034927368164,36479.11128148832,36479.11128148835,7.978218063525768e-14,1.4210854715202004e-14,NaN,35,LOCALLY_SOLVED,residual_tolerance_upper_bound
323,0.6562030837485535,ADMM,1.0,0.01,74.49126243591309,36558.16653194238,36479.11128148835,0.2167137511766684,8.008038676621254e-13,1.1355019915764615,6,converged,gap_callback_with_solver_termination
323,0.6562030837485535,MEL-ADMM,1.0,0.01,13.11802864074707,36486.06889279551,36479.11128148835,0.019072864065881243,4.594102875898898e-13,0.007471812928420363,16,converged,gap_residual_and_feasibility
323,0.6562030837485535,sMEL-ADMM,1.0,0.01,1.158956,36486.13211716518,36479.11128148835,0.019246180705037908,1.9972912213006566e-13,0.00844033665983801,32,converged,gap_residual_and_feasibility
324,0.5917239488349904,IPOPT,1.0,1.0e-10,13.59105110168457,36479.111281572004,36479.11128148837,2.292740416005717e-10,9.769962616701378e-15,NaN,33,INTERRUPTED,gap_and_residual
324,0.5917239488349904,MadNLP,1.0,0.01,19.230127334594727,36479.11128148833,36479.11128148837,9.972772579407208e-14,1.4210854715202004e-14,NaN,34,LOCALLY_SOLVED,residual_tolerance_upper_bound
324,0.5917239488349904,ADMM,1.0,0.01,70.15252113342285,36596.38428061325,36479.11128148837,0.3214798689034851,2.646327601496523e-12,1.0578270539736003,6,converged,gap_callback_with_solver_termination
324,0.5917239488349904,MEL-ADMM,1.0,0.01,15.268325805664062,36486.07979531702,36479.11128148837,0.019102751091931262,3.766986722553156e-13,0.009404098592590948,18,converged,gap_residual_and_feasibility
324,0.5917239488349904,sMEL-ADMM,1.0,0.01,1.128542,36486.73092909104,36479.11128148837,0.020887700755311524,2.0028423364237824e-13,0.009647714617489811,29,converged,gap_residual_and_feasibility
325,0.6638994399314828,IPOPT,1.0,1.0e-10,13.174057006835938,36479.111346004494,36479.11128148834,1.768578071261978e-7,1.2434497875801753e-14,NaN,33,INTERRUPTED,gap_and_residual
325,0.6638994399314828,MadNLP,1.0,0.01,20.103931427001953,36479.111281488345,36479.11128148834,1.994554515881443e-14,1.2434497875801753e-14,NaN,35,LOCALLY_SOLVED,residual_tolerance_upper_bound
325,0.6638994399314828,ADMM,1.0,0.01,75.775146484375,36558.65393634385,36479.11128148834,0.21804987035382126,4.1389114358025836e-13,1.1250218797234925,6,converged,gap_callback_with_solver_termination
325,0.6638994399314828,MEL-ADMM,1.0,0.01,13.303041458129883,36486.134615607305,36479.11128148834,0.01925302967161632,2.727040815386772e-12,0.006295245951412731,16,converged,gap_residual_and_feasibility
325,0.6638994399314828,sMEL-ADMM,1.0,0.01,1.085125,36486.53200400846,36479.11128148834,0.020342388450373554,2.0039525594484076e-13,0.009950208829600626,30,converged,gap_residual_and_feasibility
326,0.40564676273792377,IPOPT,1.0,1.0e-10,12.87698745727539,36479.11128157195,36479.11128148834,2.2921420496509543e-10,1.3322676295501878e-14,NaN,33,INTERRUPTED,gap_and_residual
326,0.40564676273792377,MadNLP,1.0,0.01,19.672870635986328,36479.111281488345,36479.11128148834,1.994554515881443e-14,1.1546319456101628e-14,NaN,34,LOCALLY_SOLVED,residual_tolerance_upper_bound
326,0.40564676273792377,ADMM,1.0,0.01,70.41716575622559,36588.97205661937,36479.11128148834,0.30116077741944225,1.7427170817541082e-12,1.134236994551185,6,converged,gap_callback_with_solver_termination
326,0.40564676273792377,MEL-ADMM,1.0,0.01,15.604257583618164,36486.1771909085,36479.11128148834,0.019369741125649563,4.568512235181288e-12,0.009379144196216771,18,converged,gap_residual_and_feasibility
326,0.40564676273792377,sMEL-ADMM,1.0,0.01,1.4932509999999999,36485.56989766889,36479.11128148834,0.01770497129360338,2.0078383400345956e-13,0.004654818057616694,35,converged,gap_residual_and_feasibility
327,0.29099337326708474,IPOPT,1.0,1.0e-10,14.555931091308594,36479.111281571604,36479.11128148834,2.2825681879747235e-10,1.4210854715202004e-14,NaN,34,INTERRUPTED,gap_and_residual
327,0.29099337326708474,MadNLP,1.0,0.01,20.605087280273438,36479.11128148834,36479.11128148834,0.0,1.3322676295501878e-14,NaN,35,LOCALLY_SOLVED,residual_tolerance_upper_bound
327,0.29099337326708474,ADMM,1.0,0.01,76.67350769042969,36560.125918025136,36479.11128148834,0.22208500616052518,1.928290860320203e-12,1.114180593885556,6,converged,gap_callback_with_solver_termination
327,0.29099337326708474,MEL-ADMM,1.0,0.01,13.919830322265625,36486.28457792615,36479.11128148834,0.01966412060441265,2.7846613903648176e-12,0.004525221460304429,16,converged,gap_residual_and_feasibility
327,0.29099337326708474,sMEL-ADMM,1.0,0.01,1.717374,36484.86712085689,36479.11128148834,0.015778452836034032,1.9939605522267811e-13,0.006657684111521789,39,converged,gap_residual_and_feasibility
328,0.5511968712043549,IPOPT,1.0,1.0e-10,12.85099983215332,36479.11128157213,36479.11128148835,2.2965300695858926e-10,1.1546319456101628e-14,NaN,33,INTERRUPTED,gap_and_residual
328,0.5511968712043549,MadNLP,1.0,0.01,19.392013549804688,36479.111281488316,36479.11128148835,9.972772579407211e-14,1.3322676295501878e-14,NaN,34,LOCALLY_SOLVED,residual_tolerance_upper_bound
328,0.5511968712043549,ADMM,1.0,0.01,70.41072845458984,36588.972050892524,36479.11128148835,0.30116076172042316,4.768407890765047e-13,1.1342369910220311,6,converged,gap_callback_with_solver_termination
328,0.5511968712043549,MEL-ADMM,1.0,0.01,15.471935272216797,36486.1771908983,36479.11128148835,0.01936974109764601,2.4874546866726632e-12,0.009379143425486625,18,converged,gap_residual_and_feasibility
328,0.5511968712043549,sMEL-ADMM,1.0,0.01,1.057414,36486.662188041184,36479.11128148835,0.020699261269183023,2.0028423364237824e-13,0.008865374249696245,29,converged,gap_residual_and_feasibility
329,0.5649527398404968,IPOPT,1.0,1.0e-10,13.525962829589844,36479.11128157212,36479.11128148833,2.2969289804890702e-10,1.3322676295501878e-14,NaN,33,INTERRUPTED,gap_and_residual
329,0.5649527398404968,MadNLP,1.0,0.01,20.481109619140625,36479.111281488345,36479.11128148833,3.989109031762887e-14,1.3322676295501878e-14,NaN,34,LOCALLY_SOLVED,residual_tolerance_upper_bound
329,0.5649527398404968,ADMM,1.0,0.01,71.41971588134766,36588.97205214036,36479.11128148833,0.30116076514116413,4.3243186809149847e-13,1.1342369930459073,6,converged,gap_callback_with_solver_termination
329,0.5649527398404968,MEL-ADMM,1.0,0.01,15.653371810913086,36486.17719093864,36479.11128148833,0.01936974120828396,4.8114845441205034e-12,0.00937914390915573,18,converged,gap_residual_and_feasibility
329,0.5649527398404968,sMEL-ADMM,1.0,0.01,1.251002,36486.685163031056,36479.11128148833,0.02076224249072725,2.007283228522283e-13,0.009135387458362842,29,converged,gap_residual_and_feasibility
330,0.6413646962369884,IPOPT,1.0,1.0e-10,14.076948165893555,36479.11128148835,36479.11128148835,0.0,1.0658141036401503e-14,NaN,34,INTERRUPTED,gap_and_residual
330,0.6413646962369884,MadNLP,1.0,0.01,22.2928524017334,36479.11128148835,36479.11128148835,0.0,1.2434497875801753e-14,NaN,35,LOCALLY_SOLVED,residual_tolerance_upper_bound
330,0.6413646962369884,ADMM,1.0,0.01,78.51815223693848,36565.613952877575,36479.11128148835,0.23712932785486643,4.04121180963557e-13,1.1489055691747394,6,converged,gap_callback_with_solver_termination
330,0.6413646962369884,MEL-ADMM,1.0,0.01,14.62244987487793,36485.97445588391,36479.11128148835,0.018813984646162327,2.382094521635736e-12,0.009602560768225743,16,converged,gap_residual_and_feasibility
330,0.6413646962369884,sMEL-ADMM,1.0,0.01,1.617124,36486.11585752239,36479.11128148835,0.019201608229942883,2.0039525594484076e-13,0.008451787177744308,32,converged,gap_residual_and_feasibility
331,0.544358899059338,IPOPT,1.0,1.0e-10,14.185190200805664,36479.11128157211,36479.11128148832,2.2969289804890707e-10,1.7763568394002505e-14,NaN,33,INTERRUPTED,gap_and_residual
331,0.544358899059338,MadNLP,1.0,0.01,20.612001419067383,36479.111281488316,36479.11128148832,1.9945545158814437e-14,1.3322676295501878e-14,NaN,34,LOCALLY_SOLVED,residual_tolerance_upper_bound
331,0.544358899059338,ADMM,1.0,0.01,71.74468040466309,36588.972048521806,36479.11128148832,0.3011607552216662,1.0873524303178783e-12,1.134236990271889,6,converged,gap_callback_with_solver_termination
331,0.544358899059338,MEL-ADMM,1.0,0.01,15.643119812011719,36486.17719096943,36479.11128148832,0.019369741292713457,4.092948202583102e-12,0.009379143280345836,18,converged,gap_residual_and_feasibility
331,0.544358899059338,sMEL-ADMM,1.0,0.01,1.100207,36486.650847883444,36479.11128148832,0.020668174553217178,1.9972912213006566e-13,0.008728683284097372,29,converged,gap_residual_and_feasibility
332,0.41668043278831723,IPOPT,1.0,1.0e-10,14.493942260742188,36479.111281572004,36479.11128148835,2.2931393269088943e-10,1.3322676295501878e-14,NaN,33,INTERRUPTED,gap_and_residual
332,0.41668043278831723,MadNLP,1.0,0.01,19.315004348754883,36479.111281488345,36479.11128148835,1.994554515881442e-14,1.4210854715202004e-14,NaN,34,LOCALLY_SOLVED,residual_tolerance_upper_bound
332,0.41668043278831723,ADMM,1.0,0.01,70.26410102844238,36588.97205771903,36479.11128148835,0.3011607804338921,1.3464784842653899e-12,1.1342370059752351,6,converged,gap_callback_with_solver_termination
332,0.41668043278831723,MEL-ADMM,1.0,0.01,15.456676483154297,36486.17719087058,36479.11128148835,0.01936974102165348,2.3533397452979443e-12,0.009379143746003571,18,converged,gap_residual_and_feasibility
332,0.41668043278831723,sMEL-ADMM,1.0,0.01,1.293499,36485.79082513654,36479.11128148835,0.018310598623530416,2.0089485630592208e-13,0.00421372647012852,36,converged,gap_residual_and_feasibility
333,0.7255616771006019,IPOPT,1.0,1.0e-10,13.504981994628906,36479.111281571735,36479.11128148833,2.2863578415548986e-10,1.0658141036401503e-14,NaN,34,INTERRUPTED,gap_and_residual
333,0.7255616771006019,MadNLP,1.0,0.01,20.184040069580078,36479.111281488345,36479.11128148833,3.989109031762887e-14,1.4210854715202004e-14,NaN,35,LOCALLY_SOLVED,residual_tolerance_upper_bound
333,0.7255616771006019,ADMM,1.0,0.01,78.20725440979004,36752.65585925232,36479.11128148833,0.7498663431057967,8.393175043863721e-12,2.1265630021566633,6,converged,gap_callback_with_solver_termination
333,0.7255616771006019,MEL-ADMM,1.0,0.01,15.616655349731445,36485.919620946144,36479.11128148833,0.01866366591356181,4.156675004196586e-13,0.004858407619923177,19,converged,gap_residual_and_feasibility
333,0.7255616771006019,sMEL-ADMM,1.0,0.01,1.2645009999999999,36486.67607930248,36479.11128148833,0.02073734131233748,2.0039525594484076e-13,0.008528528019617454,30,converged,gap_residual_and_feasibility
334,0.6143076262090245,IPOPT,1.0,1.0e-10,13.02194595336914,36479.111281571066,36479.11128148831,2.2686063063635552e-10,1.1546319456101628e-14,NaN,33,INTERRUPTED,gap_and_residual
334,0.6143076262090245,MadNLP,1.0,0.01,19.224882125854492,36479.11128148836,36479.11128148831,1.3961881611170111e-13,1.2434497875801753e-14,NaN,34,LOCALLY_SOLVED,residual_tolerance_upper_bound
334,0.6143076262090245,ADMM,1.0,0.01,69.78940963745117,36586.636639547934,36479.11128148831,0.2947587106218518,2.4881208204874383e-12,1.147748428443034,6,converged,gap_callback_with_solver_termination
334,0.6143076262090245,MEL-ADMM,1.0,0.01,14.615297317504883,36485.91945659717,36479.11128148831,0.01866321538462494,4.8369086513844195e-12,0.009577002459800532,18,converged,gap_residual_and_feasibility
334,0.6143076262090245,sMEL-ADMM,1.0,0.01,1.2078740000000001,36486.092104440504,36479.11128148831,0.019136494028947192,1.999511667349907e-13,0.008472223388983124,32,converged,gap_residual_and_feasibility
335,0.5885063934111325,IPOPT,1.0,1.0e-10,12.854814529418945,36479.11128157204,36479.11128148835,2.2941366041668348e-10,1.4210854715202004e-14,NaN,33,INTERRUPTED,gap_and_residual
335,0.5885063934111325,MadNLP,1.0,0.01,19.279003143310547,36479.11128148832,36479.11128148835,7.978218063525768e-14,1.1546319456101628e-14,NaN,34,LOCALLY_SOLVED,residual_tolerance_upper_bound
335,0.5885063934111325,ADMM,1.0,0.01,71.41375541687012,36595.448755908685,36479.11128148835,0.3189153198459867,6.057376822354854e-13,1.0728060469182292,6,converged,gap_callback_with_solver_termination
335,0.5885063934111325,MEL-ADMM,1.0,0.01,15.209674835205078,36486.100993827014,36479.11128148835,0.01916086245831533,3.077094135051084e-12,0.009400344906930869,18,converged,gap_residual_and_feasibility
335,0.5885063934111325,sMEL-ADMM,1.0,0.01,1.159543,36486.725341214784,36479.11128148835,0.020872382738926464,2.0050627824730327e-13,0.009586739645449427,29,converged,gap_residual_and_feasibility
336,0.5260485962429595,IPOPT,1.0,1.0e-10,12.931108474731445,36479.111281572164,36479.11128148832,2.2983251686501878e-10,1.2434497875801753e-14,NaN,33,INTERRUPTED,gap_and_residual
336,0.5260485962429595,MadNLP,1.0,0.01,19.390106201171875,36479.11128148836,36479.11128148832,9.972772579407219e-14,1.1546319456101628e-14,NaN,34,LOCALLY_SOLVED,residual_tolerance_upper_bound
336,0.5260485962429595,ADMM,1.0,0.01,70.61386108398438,36588.972047500334,36479.11128148832,0.3011607524215111,6.701306176637445e-13,1.1342369844847981,6,converged,gap_callback_with_solver_termination
336,0.5260485962429595,MEL-ADMM,1.0,0.01,15.435934066772461,36486.17719101145,36479.11128148832,0.019369741407898978,4.621969473816989e-12,0.009379143051002181,18,converged,gap_residual_and_feasibility
336,0.5260485962429595,sMEL-ADMM,1.0,0.01,1.104045,36486.62109832047,36479.11128148832,0.020586622229363784,2.0039525594484076e-13,0.008426742681264088,29,converged,gap_residual_and_feasibility
337,0.420879588374111,IPOPT,1.0,1.0e-10,13.231992721557617,36479.11128157201,36479.11128148837,2.292939871457305e-10,1.865174681370263e-14,NaN,33,INTERRUPTED,gap_and_residual
337,0.420879588374111,MadNLP,1.0,0.01,19.95110511779785,36479.111281488345,36479.11128148837,5.983663547644324e-14,1.509903313490213e-14,NaN,34,LOCALLY_SOLVED,residual_tolerance_upper_bound
337,0.420879588374111,ADMM,1.0,0.01,71.13528251647949,36588.972055809456,36479.11128148837,0.3011607751991438,2.2894464102307666e-12,1.1342369933848575,6,converged,gap_callback_with_solver_termination
337,0.420879588374111,MEL-ADMM,1.0,0.01,15.205144882202148,36486.177190971284,36479.11128148837,0.019369741297679873,4.543476705975991e-12,0.009379143593836403,18,converged,gap_residual_and_feasibility
337,0.420879588374111,sMEL-ADMM,1.0,0.01,1.464588,36485.83495520698,36479.11128148837,0.0184315721584543,2.0039525594484076e-13,0.00557377067284115,36,converged,gap_residual_and_feasibility
338,0.5560330072382929,IPOPT,1.0,1.0e-10,13.226032257080078,36479.11128157211,36479.11128148834,2.2965300695858936e-10,1.9539925233402755e-14,NaN,33,INTERRUPTED,gap_and_residual
338,0.5560330072382929,MadNLP,1.0,0.01,19.867897033691406,36479.11128148834,36479.11128148834,0.0,1.5987211554602254e-14,NaN,34,LOCALLY_SOLVED,residual_tolerance_upper_bound
338,0.5560330072382929,ADMM,1.0,0.01,70.92809677124023,36588.972051063785,36479.11128148834,0.3011607621899414,3.0352387270227155e-12,1.1342369888174781,6,converged,gap_callback_with_solver_termination
338,0.5560330072382929,MEL-ADMM,1.0,0.01,15.084981918334961,36486.177190828974,36479.11128148834,0.019369740907644754,7.502887200416808e-13,0.00937914340454249,18,converged,gap_residual_and_feasibility
338,0.5560330072382929,sMEL-ADMM,1.0,0.01,1.103249,36486.67023144332,36479.11128148834,0.020721310606100867,2.000621890374532e-13,0.008960958716743406,29,converged,gap_residual_and_feasibility
339,0.3343998339260276,IPOPT,1.0,1.0e-10,13.427019119262695,36479.11128155792,36479.11128148834,1.907392483537424e-10,1.1546319456101628e-14,NaN,34,INTERRUPTED,gap_and_residual
339,0.3343998339260276,MadNLP,1.0,0.01,19.710063934326172,36479.111281488345,36479.11128148834,1.994554515881443e-14,1.4210854715202004e-14,NaN,35,LOCALLY_SOLVED,residual_tolerance_upper_bound
339,0.3343998339260276,ADMM,1.0,0.01,72.6323127746582,36567.2258108997,36479.11128148834,0.24154790595480852,2.841338275771932e-12,1.15499739586242,6,converged,gap_callback_with_solver_termination
339,0.3343998339260276,MEL-ADMM,1.0,0.01,16.35885238647461,36486.4635233013,36479.11128148834,0.020154662640304067,2.563449452708255e-12,0.0009307751715823542,19,converged,gap_residual_and_feasibility
339,0.3343998339260276,sMEL-ADMM,1.0,0.01,1.6321700000000001,36485.16935030972,36479.11128148834,0.016606952879511444,1.999511667349907e-13,0.006869785168870379,35,converged,gap_residual_and_feasibility
340,0.4936539852671223,IPOPT,1.0,1.0e-10,15.141963958740234,36479.11128157214,36479.11128148834,2.297327891392246e-10,1.4210854715202004e-14,NaN,33,INTERRUPTED,gap_and_residual
340,0.4936539852671223,MadNLP,1.0,0.01,19.708871841430664,36479.11128148835,36479.11128148834,3.989109031762886e-14,1.3322676295501878e-14,NaN,34,LOCALLY_SOLVED,residual_tolerance_upper_bound
340,0.4936539852671223,ADMM,1.0,0.01,70.82080841064453,36588.97204742207,36479.11128148834,0.30116075220691685,3.694822225952521e-13,1.1342369836199824,6,converged,gap_callback_with_solver_termination
340,0.4936539852671223,MEL-ADMM,1.0,0.01,15.23900032043457,36486.17719078302,36479.11128148834,0.01936974078166869,9.732215033864122e-13,0.00937914313409216,18,converged,gap_residual_and_feasibility
340,0.4936539852671223,sMEL-ADMM,1.0,0.01,1.118499,36486.5697507223,36479.11128148834,0.0204458633227394,1.9984014443252818e-13,0.008879664078612848,29,converged,gap_residual_and_feasibility
341,0.5761127447291841,IPOPT,1.0,1.0e-10,13.920068740844727,36479.11128157209,36479.11128148833,2.2961311586827176e-10,1.509903313490213e-14,NaN,33,INTERRUPTED,gap_and_residual
341,0.5761127447291841,MadNLP,1.0,0.01,19.330978393554688,36479.11128148834,36479.11128148833,1.9945545158814434e-14,1.1546319456101628e-14,NaN,34,LOCALLY_SOLVED,residual_tolerance_upper_bound
341,0.5761127447291841,ADMM,1.0,0.01,69.20480728149414,36588.97205310837,36479.11128148833,0.3011607677947793,4.2787995369053533e-13,1.1342369930875282,6,converged,gap_callback_with_solver_termination
341,0.5761127447291841,MEL-ADMM,1.0,0.01,15.475988388061523,36486.17719090211,36479.11128148833,0.019369741108157323,3.6910474676687954e-12,0.009379143845325899,18,converged,gap_residual_and_feasibility
341,0.5761127447291841,sMEL-ADMM,1.0,0.01,1.172497,36486.70405013586,36479.11128148833,0.02081401761390805,1.999511667349907e-13,0.009350604216974645,29,converged,gap_residual_and_feasibility
342,0.4537185341586752,IPOPT,1.0,1.0e-10,13.129949569702148,36479.1112815721,36479.11128148834,2.2961311586827173e-10,1.3322676295501878e-14,NaN,33,INTERRUPTED,gap_and_residual
342,0.4537185341586752,MadNLP,1.0,0.01,20.051956176757812,36479.11128148836,36479.11128148834,5.983663547644329e-14,1.509903313490213e-14,NaN,34,LOCALLY_SOLVED,residual_tolerance_upper_bound
342,0.4537185341586752,ADMM,1.0,0.01,71.44713401794434,36588.97205424799,36479.11128148834,0.3011607709187902,1.4567236306106679e-12,1.1342369939294166,6,converged,gap_callback_with_solver_termination
342,0.4537185341586752,MEL-ADMM,1.0,0.01,15.641212463378906,36486.17719090988,36479.11128148834,0.019369741129439216,1.995903442519875e-12,0.009379143063974915,18,converged,gap_residual_and_feasibility
342,0.4537185341586752,sMEL-ADMM,1.0,0.01,1.571752,36486.186566079035,36479.11128148834,0.01939544123238464,2.0061730054976579e-13,0.00877266558530998,37,converged,gap_residual_and_feasibility
343,0.3928264944389959,IPOPT,1.0,1.0e-10,13.630867004394531,36479.111281571924,36479.11128148835,2.2909453169414246e-10,1.2434497875801753e-14,NaN,33,INTERRUPTED,gap_and_residual
343,0.3928264944389959,MadNLP,1.0,0.01,20.4770565032959,36479.111281488345,36479.11128148835,1.994554515881442e-14,1.0658141036401503e-14,NaN,34,LOCALLY_SOLVED,residual_tolerance_upper_bound
343,0.3928264944389959,ADMM,1.0,0.01,72.57533073425293,36588.97205780957,36479.11128148835,0.3011607806820945,1.5508705430988812e-12,1.134237000328298,6,converged,gap_callback_with_solver_termination
343,0.3928264944389959,MEL-ADMM,1.0,0.01,16.266345977783203,36486.177190879884,36479.11128148835,0.019369741047163835,3.4296454565208023e-12,0.009379143987996663,18,converged,gap_residual_and_feasibility
343,0.3928264944389959,sMEL-ADMM,1.0,0.01,2.043458,36485.298075579354,36479.11128148835,0.01695982679857951,2.0045076709607201e-13,0.005771686993570668,34,converged,gap_residual_and_feasibility
344,0.3567333640721057,IPOPT,1.0,1.0e-10,14.377117156982422,36479.11128155906,36479.11128148835,1.9383080785335855e-10,1.0658141036401503e-14,NaN,34,INTERRUPTED,gap_and_residual
344,0.3567333640721057,MadNLP,1.0,0.01,20.80988883972168,36479.11128148834,36479.11128148835,3.989109031762884e-14,1.4210854715202004e-14,NaN,35,LOCALLY_SOLVED,residual_tolerance_upper_bound
344,0.3567333640721057,ADMM,1.0,0.01,76.46584510803223,36586.14591281324,36479.11128148835,0.29341348394965966,3.3556490919295356e-12,1.1683476569763567,6,converged,gap_callback_with_solver_termination
344,0.3567333640721057,MEL-ADMM,1.0,0.01,16.380786895751953,36485.946157377344,36479.11128148835,0.0187364100957688,2.9334312756645886e-12,0.009519479567337008,18,converged,gap_residual_and_feasibility
344,0.3567333640721057,sMEL-ADMM,1.0,0.01,1.790624,36485.40296183748,36479.11128148835,0.017247350958128006,2.007283228522283e-13,0.006187716907188445,36,converged,gap_residual_and_feasibility
345,0.6116875406333311,IPOPT,1.0,1.0e-10,12.927055358886719,36479.111281571495,36479.11128148833,2.27977581165249e-10,1.3322676295501878e-14,NaN,33,INTERRUPTED,gap_and_residual
345,0.6116875406333311,MadNLP,1.0,0.01,19.57988739013672,36479.11128148834,36479.11128148833,1.9945545158814434e-14,9.769962616701378e-15,NaN,34,LOCALLY_SOLVED,residual_tolerance_upper_bound
345,0.6116875406333311,ADMM,1.0,0.01,73.90379905700684,36588.65778876473,36479.11128148833,0.3002992765670489,3.566702488910778e-12,1.1411154563941004,6,converged,gap_callback_with_solver_termination
345,0.6116875406333311,MEL-ADMM,1.0,0.01,16.317367553710938,36485.93479644967,36479.11128148833,0.018705266443269683,2.0816681711721685e-12,0.00957210520304752,18,converged,gap_residual_and_feasibility
345,0.6116875406333311,sMEL-ADMM,1.0,0.01,1.4814990000000001,36486.089890514624,36479.11128148833,0.01913042500526769,2.0028423364237824e-13,0.008473932309886578,32,converged,gap_residual_and_feasibility
346,0.5660123343677473,IPOPT,1.0,1.0e-10,12.814998626708984,36479.11128157211,36479.11128148832,2.2969289804890707e-10,1.4210854715202004e-14,NaN,33,INTERRUPTED,gap_and_residual
346,0.5660123343677473,MadNLP,1.0,0.01,19.632816314697266,36479.111281488316,36479.11128148832,1.9945545158814437e-14,1.2434497875801753e-14,NaN,34,LOCALLY_SOLVED,residual_tolerance_upper_bound
346,0.5660123343677473,ADMM,1.0,0.01,69.91219520568848,36588.972052436824,36479.11128148832,0.30116076595388536,7.822631431508853e-13,1.1342369899872864,6,converged,gap_callback_with_solver_termination
346,0.5660123343677473,MEL-ADMM,1.0,0.01,15.98215103149414,36486.177190851384,36479.11128148832,0.019369740969116932,2.4447111002245947e-12,0.009379143862753736,18,converged,gap_residual_and_feasibility
346,0.5660123343677473,sMEL-ADMM,1.0,0.01,1.364749,36486.68694590631,36479.11128148832,0.020767129877503017,2.0061730054976579e-13,0.009155955682857098,29,converged,gap_residual_and_feasibility
347,0.662502375034612,IPOPT,1.0,1.0e-10,13.360977172851562,36479.11134600549,36479.11128148837,1.7686045988370376e-7,9.769962616701378e-15,NaN,33,INTERRUPTED,gap_and_residual
347,0.662502375034612,MadNLP,1.0,0.01,21.77906036376953,36479.11128148834,36479.11128148837,7.978218063525766e-14,1.4210854715202004e-14,NaN,35,LOCALLY_SOLVED,residual_tolerance_upper_bound
347,0.662502375034612,ADMM,1.0,0.01,79.96249198913574,36558.317555825655,36479.11128148837,0.21712775217054683,2.573719015686038e-12,1.1266804900889387,6,converged,gap_callback_with_solver_termination
347,0.662502375034612,MEL-ADMM,1.0,0.01,14.107227325439453,36486.122770786016,36479.11128148837,0.01922055952390208,9.28590537796481e-13,0.006483513556343468,16,converged,gap_residual_and_feasibility
347,0.662502375034612,sMEL-ADMM,1.0,0.01,1.249124,36486.52896585265,36479.11128148837,0.020334059969409245,1.9972912213006566e-13,0.009984109582156009,30,converged,gap_residual_and_feasibility
348,0.6090661670487099,IPOPT,1.0,1.0e-10,13.103961944580078,36479.111281571924,36479.11128148834,2.2913442278446017e-10,1.1546319456101628e-14,NaN,33,INTERRUPTED,gap_and_residual
348,0.6090661670487099,MadNLP,1.0,0.01,20.196199417114258,36479.11128148835,36479.11128148834,3.989109031762886e-14,1.509903313490213e-14,NaN,34,LOCALLY_SOLVED,residual_tolerance_upper_bound
348,0.6090661670487099,ADMM,1.0,0.01,72.98588752746582,36591.34222228279,36479.11128148834,0.30765810035345126,4.1389114358025836e-13,1.1412289835180918,6,converged,gap_callback_with_solver_termination
348,0.6090661670487099,MEL-ADMM,1.0,0.01,16.427278518676758,36485.95190593378,36479.11128148834,0.01875216858398841,1.2344569810807116e-12,0.00955674785891869,18,converged,gap_residual_and_feasibility
348,0.6090661670487099,sMEL-ADMM,1.0,0.01,1.123415,36486.761523082394,36479.11128148834,0.02097156790641999,2.0017321133991572e-13,0.00997545290686297,29,converged,gap_residual_and_feasibility
349,0.27801879839686383,IPOPT,1.0,1.0e-10,13.222932815551758,36479.111281571524,36479.11128148836,2.279775811652488e-10,1.5987211554602254e-14,NaN,34,INTERRUPTED,gap_and_residual
349,0.27801879839686383,MadNLP,1.0,0.01,19.969940185546875,36479.11128148833,36479.11128148836,7.978218063525767e-14,1.4210854715202004e-14,NaN,35,LOCALLY_SOLVED,residual_tolerance_upper_bound
349,0.27801879839686383,ADMM,1.0,0.01,78.62091064453125,36578.78093534965,36479.11128148836,0.27322390913582073,1.2842504837351498e-12,1.2526383533928067,6,converged,gap_callback_with_solver_termination
349,0.27801879839686383,MEL-ADMM,1.0,0.01,13.941526412963867,36486.387719887134,36479.11128148836,0.01994686313113851,2.1779245074071696e-12,0.00456533160013084,16,converged,gap_residual_and_feasibility
349,0.27801879839686383,sMEL-ADMM,1.0,0.01,1.5282040000000001,36484.92613090565,36479.11128148836,0.015940216778920428,2.0039525594484076e-13,0.006862448098985396,39,converged,gap_residual_and_feasibility
350,0.4902073184537434,IPOPT,1.0,1.0e-10,13.720989227294922,36479.11128157211,36479.11128148836,2.2959317032311276e-10,1.1546319456101628e-14,NaN,33,INTERRUPTED,gap_and_residual
350,0.4902073184537434,MadNLP,1.0,0.01,20.33376693725586,36479.11128148834,36479.11128148836,5.983663547644325e-14,1.2434497875801753e-14,NaN,34,LOCALLY_SOLVED,residual_tolerance_upper_bound
350,0.4902073184537434,ADMM,1.0,0.01,74.50556755065918,36588.972047732525,36479.11128148836,0.3011607530579133,3.6148861681795097e-13,1.1342369842650983,6,converged,gap_callback_with_solver_termination
350,0.4902073184537434,MEL-ADMM,1.0,0.01,15.920400619506836,36486.177190938804,36479.11128148836,0.01936974120866291,3.2791547255328624e-12,0.009379143184931493,18,converged,gap_residual_and_feasibility
350,0.4902073184537434,sMEL-ADMM,1.0,0.01,1.762165,36486.56446484503,36479.11128148836,0.02043137317452881,2.0089485630592208e-13,0.008932296433011189,29,converged,gap_residual_and_feasibility
351,0.33073965908381664,IPOPT,1.0,1.0e-10,13.550043106079102,36479.111281575715,36479.111281488345,2.395061062670436e-10,1.2434497875801753e-14,NaN,34,INTERRUPTED,gap_and_residual
351,0.33073965908381664,MadNLP,1.0,0.01,19.950151443481445,36479.11128148834,36479.111281488345,1.9945545158814427e-14,1.0658141036401503e-14,NaN,35,LOCALLY_SOLVED,residual_tolerance_upper_bound
351,0.33073965908381664,ADMM,1.0,0.01,76.70187950134277,36564.36600252721,36479.111281488345,0.23370832798256508,2.21500595642965e-12,1.1461538469752544,6,converged,gap_callback_with_solver_termination
351,0.33073965908381664,MEL-ADMM,1.0,0.01,14.205455780029297,36485.99464619723,36479.111281488345,0.018869332248168526,1.2960188477961765e-12,0.009712569319316522,16,converged,gap_residual_and_feasibility
351,0.33073965908381664,sMEL-ADMM,1.0,0.01,1.5005439999999999,36485.12349272444,36479.111281488345,0.0164812437169826,2.0000667788622195e-13,0.007357376873976307,35,converged,gap_residual_and_feasibility
352,0.43289002975889745,IPOPT,1.0,1.0e-10,12.941837310791016,36479.11128157207,36479.111281488345,2.295133881424776e-10,1.3322676295501878e-14,NaN,33,INTERRUPTED,gap_and_residual
352,0.43289002975889745,MadNLP,1.0,0.01,19.30093765258789,36479.11128148833,36479.111281488345,3.9891090317628855e-14,1.1546319456101628e-14,NaN,34,LOCALLY_SOLVED,residual_tolerance_upper_bound
352,0.43289002975889745,ADMM,1.0,0.01,69.17500495910645,36588.97205480391,36479.111281488345,0.3011607724427095,1.3681278332455804e-12,1.134236990784637,6,converged,gap_callback_with_solver_termination
352,0.43289002975889745,MEL-ADMM,1.0,0.01,16.12091064453125,36486.177190861876,36479.111281488345,0.01936974099781856,1.0242917625191694e-12,0.00937914322737221,18,converged,gap_residual_and_feasibility
352,0.43289002975889745,sMEL-ADMM,1.0,0.01,1.254546,36485.51321702966,36479.111281488345,0.01754959294899222,2.0045076709607201e-13,0.00894641645009564,33,converged,gap_residual_and_feasibility
353,0.38544290089736266,IPOPT,1.0,1.0e-10,14.301061630249023,36479.111281571844,36479.111281488316,2.289748584231898e-10,1.5987211554602254e-14,NaN,33,INTERRUPTED,gap_and_residual
353,0.38544290089736266,MadNLP,1.0,0.01,20.715951919555664,36479.11128148834,36479.111281488316,5.983663547644333e-14,1.7763568394002505e-14,NaN,34,LOCALLY_SOLVED,residual_tolerance_upper_bound
353,0.38544290089736266,ADMM,1.0,0.01,74.43881034851074,36592.694106255694,36479.111281488316,0.3113640129303719,7.168710070004636e-13,1.0888196234328982,6,converged,gap_callback_with_solver_termination
353,0.38544290089736266,MEL-ADMM,1.0,0.01,16.258716583251953,36486.13605817846,36479.111281488316,0.01925698418456149,2.5522917113107724e-12,0.009433361949579222,18,converged,gap_residual_and_feasibility
353,0.38544290089736266,sMEL-ADMM,1.0,0.01,1.786458,36485.25177350553,36479.111281488316,0.016832899162018782,1.996736109788344e-13,0.005886073944871839,34,converged,gap_residual_and_feasibility
354,0.4773398541969926,IPOPT,1.0,1.0e-10,12.735843658447266,36479.11128157214,36479.11128148836,2.2967295250374802e-10,1.3322676295501878e-14,NaN,33,INTERRUPTED,gap_and_residual
354,0.4773398541969926,MadNLP,1.0,0.01,19.51909065246582,36479.11128148832,36479.11128148836,9.972772579407209e-14,1.509903313490213e-14,NaN,34,LOCALLY_SOLVED,residual_tolerance_upper_bound
354,0.4773398541969926,ADMM,1.0,0.01,73.06265830993652,36588.972047405994,36479.11128148836,0.30116075216279714,3.3306690738754696e-13,1.1342369842726798,6,converged,gap_callback_with_solver_termination
354,0.4773398541969926,MEL-ADMM,1.0,0.01,16.241788864135742,36486.177190877985,36479.11128148836,0.019369741041938098,2.2272184097005265e-12,0.009379143421560876,18,converged,gap_residual_and_feasibility
354,0.4773398541969926,sMEL-ADMM,1.0,0.01,1.581083,36486.54336067168,36479.11128148836,0.02037352041274876,1.9989565558375944e-13,0.00911260214584253,29,converged,gap_residual_and_feasibility
355,0.40213977612533924,IPOPT,1.0,1.0e-10,14.053106307983398,36479.11128157195,36479.11128148834,2.2921420496509543e-10,1.509903313490213e-14,NaN,33,INTERRUPTED,gap_and_residual
355,0.40213977612533924,MadNLP,1.0,0.01,20.434141159057617,36479.11128148837,36479.11128148834,7.978218063525772e-14,1.4210854715202004e-14,NaN,34,LOCALLY_SOLVED,residual_tolerance_upper_bound
355,0.40213977612533924,ADMM,1.0,0.01,72.24011421203613,36588.97205670075,36479.11128148834,0.30116077764253313,9.756084828893563e-13,1.1342369945336817,6,converged,gap_callback_with_solver_termination
355,0.40213977612533924,MEL-ADMM,1.0,0.01,16.10708236694336,36486.177190972536,36479.11128148834,0.019369741301190305,4.995004410091042e-12,0.009379143731726103,18,converged,gap_residual_and_feasibility
355,0.40213977612533924,sMEL-ADMM,1.0,0.01,1.529415,36485.53919242237,36479.11128148834,0.017620799159372418,2.003397447936095e-13,0.002933765262884691,35,converged,gap_residual_and_feasibility
356,0.37095976422454124,IPOPT,1.0,1.0e-10,12.402057647705078,36479.11134600646,36479.11128148834,1.7686319242339068e-7,1.0658141036401503e-14,NaN,32,INTERRUPTED,gap_and_residual
356,0.37095976422454124,MadNLP,1.0,0.01,19.47498321533203,36479.11128148835,36479.11128148834,3.989109031762886e-14,1.2434497875801753e-14,NaN,34,LOCALLY_SOLVED,residual_tolerance_upper_bound
356,0.37095976422454124,ADMM,1.0,0.01,69.51665878295898,36598.539049292856,36479.11128148834,0.32738672519448947,4.0589753780295723e-13,1.1554753650858185,6,converged,gap_callback_with_solver_termination
356,0.37095976422454124,MEL-ADMM,1.0,0.01,16.066789627075195,36486.04195993253,36479.11128148834,0.01899903314725553,2.4235058404542542e-12,0.009351568201134697,18,converged,gap_residual_and_feasibility
356,0.37095976422454124,sMEL-ADMM,1.0,0.01,1.319416,36484.99055057629,36479.11128148834,0.01611681009052586,2.0017321133991572e-13,0.008300947959959615,33,converged,gap_residual_and_feasibility
357,0.56610773183558,IPOPT,1.0,1.0e-10,14.79196548461914,36479.11128157211,36479.11128148833,2.296729525037482e-10,1.4210854715202004e-14,NaN,33,INTERRUPTED,gap_and_residual
357,0.56610773183558,MadNLP,1.0,0.01,21.153926849365234,36479.11128148833,36479.11128148833,0.0,1.1546319456101628e-14,NaN,34,LOCALLY_SOLVED,residual_tolerance_upper_bound
357,0.56610773183558,ADMM,1.0,0.01,75.65593719482422,36588.97205198507,36479.11128148833,0.3011607647154664,5.39124300757976e-13,1.1342369910488985,6,converged,gap_callback_with_solver_termination
357,0.56610773183558,MEL-ADMM,1.0,0.01,15.838146209716797,36486.17719086274,36479.11128148833,0.019369741000231977,1.8353096820078463e-12,0.00937914354802416,18,converged,gap_residual_and_feasibility
357,0.56610773183558,sMEL-ADMM,1.0,0.01,1.378001,36486.68710652316,36479.11128148833,0.020767570175631796,1.9972912213006566e-13,0.009157805981608647,29,converged,gap_residual_and_feasibility
358,0.37305006793579853,IPOPT,1.0,1.0e-10,14.657974243164062,36479.11134600185,36479.111281488345,1.7685054694775996e-7,1.1546319456101628e-14,NaN,32,INTERRUPTED,gap_and_residual
358,0.37305006793579853,MadNLP,1.0,0.01,20.97916603088379,36479.11128148833,36479.111281488345,3.9891090317628855e-14,1.509903313490213e-14,NaN,34,LOCALLY_SOLVED,residual_tolerance_upper_bound
358,0.37305006793579853,ADMM,1.0,0.01,74.3703842163086,36597.449261350266,36479.111281488345,0.3243992951165245,1.8614554342377687e-12,1.1221635629988347,6,converged,gap_callback_with_solver_termination
358,0.37305006793579853,MEL-ADMM,1.0,0.01,16.199588775634766,36486.055730046835,36479.111281488345,0.019036781090700502,3.2054914278489832e-12,0.00937179262914789,18,converged,gap_residual_and_feasibility
358,0.37305006793579853,sMEL-ADMM,1.0,0.01,1.3923349999999999,36484.99560095213,36479.111281488345,0.016130654659800306,2.003397447936095e-13,0.007981892123485324,33,converged,gap_residual_and_feasibility
359,0.2582480130528886,IPOPT,1.0,1.0e-10,15.017986297607422,36479.111281571415,36479.111281488345,2.2771828907818431e-10,1.1546319456101628e-14,NaN,34,INTERRUPTED,gap_and_residual
359,0.2582480130528886,MadNLP,1.0,0.01,21.49200439453125,36479.11128148834,36479.111281488345,1.9945545158814427e-14,1.4210854715202004e-14,NaN,35,LOCALLY_SOLVED,residual_tolerance_upper_bound
359,0.2582480130528886,ADMM,1.0,0.01,81.76517486572266,36633.8460548544,36479.111281488345,0.4241736378171547,4.815481347009154e-12,1.67708559279528,6,converged,gap_callback_with_solver_termination
359,0.2582480130528886,MEL-ADMM,1.0,0.01,13.915061950683594,36486.55597140364,36479.111281488345,0.020408090147401917,1.5338841308221163e-12,0.007555127269024631,16,converged,gap_residual_and_feasibility
359,0.2582480130528886,sMEL-ADMM,1.0,0.01,1.9664570000000001,36485.17802274036,36479.111281488345,0.016630726568964024,1.996736109788344e-13,0.007243120809238945,39,converged,gap_residual_and_feasibility
360,0.4430451509439783,IPOPT,1.0,1.0e-10,13.010978698730469,36479.11128157208,36479.11128148837,2.2947349705215984e-10,1.2434497875801753e-14,NaN,33,INTERRUPTED,gap_and_residual
360,0.4430451509439783,MadNLP,1.0,0.01,19.53411102294922,36479.11128148835,36479.11128148837,3.989109031762883e-14,1.687538997430238e-14,NaN,34,LOCALLY_SOLVED,residual_tolerance_upper_bound
360,0.4430451509439783,ADMM,1.0,0.01,68.82286071777344,36588.97205486563,36479.11128148837,0.30116077261184754,3.5704772471945034e-13,1.1342369963065213,6,converged,gap_callback_with_solver_termination
360,0.4430451509439783,MEL-ADMM,1.0,0.01,15.77615737915039,36486.1771908495,36479.11128148837,0.019369740963831338,5.733746810676621e-13,0.009379143162449921,18,converged,gap_residual_and_feasibility
360,0.4430451509439783,sMEL-ADMM,1.0,0.01,1.83,36485.90335746937,36479.11128148837,0.018619082928281416,2.0039525594484076e-13,0.005696078896182399,35,converged,gap_residual_and_feasibility
361,0.4647425303536647,IPOPT,1.0,1.0e-10,14.370918273925781,36479.111281572106,36479.11128148834,2.2963306141343055e-10,1.2434497875801753e-14,NaN,33,INTERRUPTED,gap_and_residual
361,0.4647425303536647,MadNLP,1.0,0.01,21.03400230407715,36479.11128148834,36479.11128148834,0.0,1.1546319456101628e-14,NaN,34,LOCALLY_SOLVED,residual_tolerance_upper_bound
361,0.4647425303536647,ADMM,1.0,0.01,74.80669021606445,36588.97204828076,36479.11128148834,0.3011607545608502,1.5710210909958278e-12,1.1342369871473021,6,converged,gap_callback_with_solver_termination
361,0.4647425303536647,MEL-ADMM,1.0,0.01,16.33000373840332,36486.17719085499,36479.11128148834,0.019369740978970023,8.117950756059145e-13,0.009379143198693818,18,converged,gap_residual_and_feasibility
361,0.4647425303536647,sMEL-ADMM,1.0,0.01,1.395583,36485.91013060994,36479.11128148834,0.01863765010375157,2.0011770018868447e-13,0.006858007677298161,33,converged,gap_residual_and_feasibility
362,0.6057959274272711,IPOPT,1.0,1.0e-10,12.89510726928711,36479.11128157197,36479.111281488345,2.292341505102542e-10,1.1546319456101628e-14,NaN,33,INTERRUPTED,gap_and_residual
362,0.6057959274272711,MadNLP,1.0,0.01,19.228219985961914,36479.11128148833,36479.111281488345,3.9891090317628855e-14,1.3322676295501878e-14,NaN,34,LOCALLY_SOLVED,residual_tolerance_upper_bound
362,0.6057959274272711,ADMM,1.0,0.01,70.05906105041504,36595.170472355116,36479.111281488345,0.31815246257291774,3.6060043839825084e-13,1.151766576959484,6,converged,gap_callback_with_solver_termination
362,0.6057959274272711,MEL-ADMM,1.0,0.01,16.21222496032715,36485.97613768854,36479.111281488345,0.018818594968572473,2.750466521206363e-12,0.009489584834823539,18,converged,gap_residual_and_feasibility
362,0.6057959274272711,sMEL-ADMM,1.0,0.01,1.075999,36486.75568310666,36479.111281488345,0.0209555588109821,1.9939605522267811e-13,0.009913558703157577,29,converged,gap_residual_and_feasibility
363,0.41356857034008765,IPOPT,1.0,1.0e-10,13.348817825317383,36479.11128157199,36479.111281488345,2.2929398714573064e-10,1.3322676295501878e-14,NaN,33,INTERRUPTED,gap_and_residual
363,0.41356857034008765,MadNLP,1.0,0.01,21.23093605041504,36479.11128148835,36479.111281488345,1.9945545158814427e-14,1.4210854715202004e-14,NaN,34,LOCALLY_SOLVED,residual_tolerance_upper_bound
363,0.41356857034008765,ADMM,1.0,0.01,74.23281669616699,36588.97205708696,36479.111281488345,0.3011607787012227,2.2082891071306676e-12,1.1342369997892456,6,converged,gap_callback_with_solver_termination
363,0.41356857034008765,MEL-ADMM,1.0,0.01,15.851259231567383,36486.17719092881,36479.111281488345,0.01936974118129763,3.889610855623005e-12,0.00937914370564119,18,converged,gap_residual_and_feasibility
363,0.41356857034008765,sMEL-ADMM,1.0,0.01,2.133749,36485.649549382266,36479.111281488345,0.017923320125505147,2.0017321133991572e-13,0.008924574393589069,35,converged,gap_residual_and_feasibility
364,0.5010359996114092,IPOPT,1.0,1.0e-10,12.762784957885742,36479.11128157212,36479.11128148834,2.2967295250374818e-10,1.1546319456101628e-14,NaN,33,INTERRUPTED,gap_and_residual
364,0.5010359996114092,MadNLP,1.0,0.01,19.488811492919922,36479.111281488345,36479.11128148834,1.994554515881443e-14,1.509903313490213e-14,NaN,34,LOCALLY_SOLVED,residual_tolerance_upper_bound
364,0.5010359996114092,ADMM,1.0,0.01,69.3826675415039,36588.97204872784,36479.11128148834,0.30116075578642415,6.425970866530406e-13,1.1342369925761755,6,converged,gap_callback_with_solver_termination
364,0.5010359996114092,MEL-ADMM,1.0,0.01,16.093969345092773,36486.17719090263,36479.11128148834,0.019369741109553508,1.7976731214730535e-12,0.00937914301892917,18,converged,gap_residual_and_feasibility
364,0.5010359996114092,sMEL-ADMM,1.0,0.01,1.379793,36486.58115156427,36479.11128148834,0.020477116392151138,2.0061730054976579e-13,0.00877313556192938,29,converged,gap_residual_and_feasibility
365,0.3578141954471085,IPOPT,1.0,1.0e-10,14.613866806030273,36479.11128157019,36479.11128148833,2.244073285818212e-10,1.5987211554602254e-14,NaN,33,INTERRUPTED,gap_and_residual
365,0.3578141954471085,MadNLP,1.0,0.01,21.2399959564209,36479.11128148834,36479.11128148833,1.9945545158814434e-14,1.0658141036401503e-14,NaN,34,LOCALLY_SOLVED,residual_tolerance_upper_bound
365,0.3578141954471085,ADMM,1.0,0.01,75.55985450744629,36586.9838658777,36479.11128148833,0.2957105603724256,6.022404797079162e-13,1.165195817544003,6,converged,gap_callback_with_solver_termination
365,0.3578141954471085,MEL-ADMM,1.0,0.01,15.854358673095703,36485.95163454807,36479.11128148833,0.018751424635757737,3.490541189421492e-13,0.009525198443910199,18,converged,gap_residual_and_feasibility
365,0.3578141954471085,sMEL-ADMM,1.0,0.01,1.4319160000000002,36485.410681512476,36479.11128148833,0.017268512863529747,1.999511667349907e-13,0.006471669325977203,36,converged,gap_residual_and_feasibility
366,0.5789713391759201,IPOPT,1.0,1.0e-10,13.952970504760742,36479.11128157207,36479.11128148834,2.2953333368763647e-10,1.0658141036401503e-14,NaN,33,INTERRUPTED,gap_and_residual
366,0.5789713391759201,MadNLP,1.0,0.01,20.645856857299805,36479.111281488316,36479.11128148834,5.983663547644329e-14,1.1546319456101628e-14,NaN,34,LOCALLY_SOLVED,residual_tolerance_upper_bound
366,0.5789713391759201,ADMM,1.0,0.01,75.20008087158203,36589.58746034526,36479.11128148834,0.30284778048577415,1.1640688413194766e-12,1.127513045940221,6,converged,gap_callback_with_solver_termination
366,0.5789713391759201,MEL-ADMM,1.0,0.01,16.169071197509766,36486.16919018128,36479.11128148834,0.019347808773303297,3.4833247397614286e-12,0.009382112080642102,18,converged,gap_residual_and_feasibility
366,0.5789713391759201,sMEL-ADMM,1.0,0.01,1.1854140000000002,36486.70892955624,36479.11128148834,0.020827393543870126,2.0050627824730327e-13,0.009405289274566186,29,converged,gap_residual_and_feasibility
367,0.2573315075854687,IPOPT,1.0,1.0e-10,13.918876647949219,36479.111281571386,36479.111281488345,2.2763850689754905e-10,1.509903313490213e-14,NaN,34,INTERRUPTED,gap_and_residual
367,0.2573315075854687,MadNLP,1.0,0.01,19.815921783447266,36479.111281488345,36479.111281488345,0.0,1.0658141036401503e-14,NaN,35,LOCALLY_SOLVED,residual_tolerance_upper_bound
367,0.2573315075854687,ADMM,1.0,0.01,81.4054012298584,36637.380274509655,36479.111281488345,0.4338619759676661,3.3973379665042103e-12,1.6974179553343673,6,converged,gap_callback_with_solver_termination
367,0.2573315075854687,MEL-ADMM,1.0,0.01,14.147043228149414,36486.56469099842,36479.111281488345,0.020431993127687814,2.529587650457188e-12,0.007703411543228178,16,converged,gap_residual_and_feasibility
367,0.2573315075854687,sMEL-ADMM,1.0,0.01,1.734961,36485.191035644806,36479.111281488345,0.016666398776951346,1.999511667349907e-13,0.007173334374263263,39,converged,gap_residual_and_feasibility
368,0.3272353700581177,IPOPT,1.0,1.0e-10,14.896154403686523,36479.11128157182,36479.11128148834,2.2885518515223678e-10,1.509903313490213e-14,NaN,34,INTERRUPTED,gap_and_residual
368,0.3272353700581177,MadNLP,1.0,0.01,21.441936492919922,36479.11128148834,36479.11128148834,0.0,1.1546319456101628e-14,NaN,35,LOCALLY_SOLVED,residual_tolerance_upper_bound
368,0.3272353700581177,ADMM,1.0,0.01,80.06143569946289,36561.85218840586,36479.11128148834,0.2268172222701785,9.696687897076117e-13,1.1434906679584804,6,converged,gap_callback_with_solver_termination
368,0.3272353700581177,MEL-ADMM,1.0,0.01,14.300346374511719,36486.013872850315,36479.11128148834,0.018922038173336438,3.1557534363457762e-12,0.00925330678633074,16,converged,gap_residual_and_feasibility
368,0.3272353700581177,sMEL-ADMM,1.0,0.01,1.34221,36485.07379519194,36479.11128148834,0.016345008126949535,1.9978463328129692e-13,0.0076855677162850355,35,converged,gap_residual_and_feasibility
369,0.4332485892473266,IPOPT,1.0,1.0e-10,13.046026229858398,36479.11128157205,36479.111281488345,2.2945355150700116e-10,1.2434497875801753e-14,NaN,33,INTERRUPTED,gap_and_residual
369,0.4332485892473266,MadNLP,1.0,0.01,19.492149353027344,36479.11128148835,36479.111281488345,1.9945545158814427e-14,1.2434497875801753e-14,NaN,34,LOCALLY_SOLVED,residual_tolerance_upper_bound
369,0.4332485892473266,ADMM,1.0,0.01,69.21911239624023,36588.97205515977,36479.111281488345,0.30116077341822617,2.73930877980888e-12,1.1342369960171972,6,converged,gap_callback_with_solver_termination
369,0.4332485892473266,MEL-ADMM,1.0,0.01,16.094207763671875,36486.17719093407,36479.111281488345,0.019369741195718257,3.1230573682705653e-12,0.009379143350451535,18,converged,gap_residual_and_feasibility
369,0.4332485892473266,sMEL-ADMM,1.0,0.01,1.297376,36485.51669002892,36479.111281488345,0.01755911346399424,2.0083934515469082e-13,0.009246801600816923,33,converged,gap_residual_and_feasibility
370,0.3013118794558904,IPOPT,1.0,1.0e-10,13.160943984985352,36479.11128157167,36479.11128148833,2.2845627424906053e-10,1.4210854715202004e-14,NaN,34,INTERRUPTED,gap_and_residual
370,0.3013118794558904,MadNLP,1.0,0.01,20.161151885986328,36479.111281488345,36479.11128148833,3.989109031762887e-14,1.3322676295501878e-14,NaN,35,LOCALLY_SOLVED,residual_tolerance_upper_bound
370,0.3013118794558904,ADMM,1.0,0.01,72.08395004272461,36552.777650646196,36479.11128148833,0.20194123861577684,1.4822587601770465e-12,1.1138822227111271,6,converged,gap_callback_with_solver_termination
370,0.3013118794558904,MEL-ADMM,1.0,0.01,13.92364501953125,36486.20848325777,36479.11128148833,0.01945552268165643,1.929345572193597e-12,0.005650711982042367,16,converged,gap_residual_and_feasibility
370,0.3013118794558904,sMEL-ADMM,1.0,0.01,1.633705,36484.890457120084,36479.11128148833,0.015842424414230658,2.003397447936095e-13,0.005926799161361629,39,converged,gap_residual_and_feasibility
371,0.3143700627863083,IPOPT,1.0,1.0e-10,14.158010482788086,36479.11128157172,36479.11128148833,2.2859589306517223e-10,1.2434497875801753e-14,NaN,34,INTERRUPTED,gap_and_residual
371,0.3143700627863083,MadNLP,1.0,0.01,22.41802215576172,36479.11128148834,36479.11128148833,1.9945545158814434e-14,1.7763568394002505e-14,NaN,35,LOCALLY_SOLVED,residual_tolerance_upper_bound
371,0.3143700627863083,ADMM,1.0,0.01,76.80201530456543,36552.710108827705,36479.11128148833,0.2017560865763814,1.8153811787158247e-12,1.1238920686289937,6,converged,gap_callback_with_solver_termination
371,0.3143700627863083,MEL-ADMM,1.0,0.01,14.290809631347656,36486.11592542787,36479.11128148833,0.01920179437894343,2.9770630405323573e-12,0.007213618473533856,16,converged,gap_residual_and_feasibility
371,0.3143700627863083,sMEL-ADMM,1.0,0.01,1.7321229999999999,36484.85989494306,36479.11128148833,0.015758644475656673,1.9978463328129692e-13,0.00914489945885677,38,converged,gap_residual_and_feasibility
372,0.6078063274285768,IPOPT,1.0,1.0e-10,15.189170837402344,36479.11128157198,36479.11128148834,2.292939871457307e-10,1.1546319456101628e-14,NaN,33,INTERRUPTED,gap_and_residual
372,0.6078063274285768,MadNLP,1.0,0.01,21.36397361755371,36479.111281488316,36479.11128148834,5.983663547644329e-14,1.0658141036401503e-14,NaN,34,LOCALLY_SOLVED,residual_tolerance_upper_bound
372,0.6078063274285768,ADMM,1.0,0.01,72.19171524047852,36592.825770535805,36479.11128148834,0.3117249435437095,9.144907053837414e-13,1.1454091463442877,6,converged,gap_callback_with_solver_termination
372,0.6078063274285768,MEL-ADMM,1.0,0.01,16.272544860839844,36485.96128929527,36479.11128148834,0.018777891144540624,1.308397834520747e-12,0.009538097430401571,18,converged,gap_residual_and_feasibility
372,0.6078063274285768,sMEL-ADMM,1.0,0.01,1.768001,36486.75926391541,36479.11128148834,0.020965374863594545,2.0083934515469082e-13,0.009951503564456843,29,converged,gap_residual_and_feasibility
373,0.6220970657376055,IPOPT,1.0,1.0e-10,12.923002243041992,36479.11128156976,36479.111281488345,2.2319065032713342e-10,1.0658141036401503e-14,NaN,33,INTERRUPTED,gap_and_residual
373,0.6220970657376055,MadNLP,1.0,0.01,19.343852996826172,36479.11128148834,36479.111281488345,1.9945545158814427e-14,1.3322676295501878e-14,NaN,34,LOCALLY_SOLVED,residual_tolerance_upper_bound
373,0.6220970657376055,ADMM,1.0,0.01,74.80049133300781,36580.90460698614,36479.111281488345,0.27904551926256455,1.3862244685469705e-12,1.1661004852982115,6,converged,gap_callback_with_solver_termination
373,0.6220970657376055,MEL-ADMM,1.0,0.01,15.418767929077148,36485.87940685598,36479.111281488345,0.018553427235134385,1.688205131245013e-12,0.00958528411847226,18,converged,gap_residual_and_feasibility
373,0.6220970657376055,sMEL-ADMM,1.0,0.01,1.7530029999999999,36486.098723729934,36479.111281488345,0.019154639452893044,2.0039525594484076e-13,0.008466977261884168,32,converged,gap_residual_and_feasibility
374,0.6416965834299709,IPOPT,1.0,1.0e-10,13.199090957641602,36479.11128148837,36479.11128148837,0.0,1.2434497875801753e-14,NaN,34,INTERRUPTED,gap_and_residual
374,0.6416965834299709,MadNLP,1.0,0.01,20.09296417236328,36479.11128148834,36479.11128148837,7.978218063525766e-14,1.2434497875801753e-14,NaN,35,LOCALLY_SOLVED,residual_tolerance_upper_bound
374,0.6416965834299709,ADMM,1.0,0.01,75.23918151855469,36565.373844371534,36479.11128148837,0.23647111964304132,3.5083047578154947e-13,1.1488037133729225,6,converged,gap_callback_with_solver_termination
374,0.6416965834299709,MEL-ADMM,1.0,0.01,13.821840286254883,36485.97622096189,36479.11128148837,0.01881882324531686,3.4994229736184934e-13,0.009557378510329784,16,converged,gap_residual_and_feasibility
374,0.6416965834299709,sMEL-ADMM,1.0,0.01,1.271209,36486.116172489514,36479.11128148837,0.019202471647660868,2.0039525594484076e-13,0.00845151569469138,32,converged,gap_residual_and_feasibility
375,0.5672543370170843,IPOPT,1.0,1.0e-10,12.981176376342773,36479.111281572106,36479.11128148834,2.2963306141343055e-10,1.0658141036401503e-14,NaN,33,INTERRUPTED,gap_and_residual
375,0.5672543370170843,MadNLP,1.0,0.01,19.398927688598633,36479.11128148834,36479.11128148834,0.0,1.1546319456101628e-14,NaN,34,LOCALLY_SOLVED,residual_tolerance_upper_bound
375,0.5672543370170843,ADMM,1.0,0.01,71.2733268737793,36588.97205281798,36479.11128148834,0.30116076699871264,4.705125178361413e-13,1.1342369957408138,6,converged,gap_callback_with_solver_termination
375,0.5672543370170843,MEL-ADMM,1.0,0.01,15.906572341918945,36486.17719094387,36479.11128148834,0.019369741222604858,3.800293413291911e-12,0.00937914343978452,18,converged,gap_residual_and_feasibility
375,0.5672543370170843,sMEL-ADMM,1.0,0.01,1.2367910000000002,36486.68903833779,36479.11128148834,0.020772865849113142,1.9961809982760315e-13,0.009180026091573978,29,converged,gap_residual_and_feasibility
376,0.2999155752286518,IPOPT,1.0,1.0e-10,13.341903686523438,36479.11128157166,36479.11128148833,2.284363287039017e-10,1.0658141036401503e-14,NaN,34,INTERRUPTED,gap_and_residual
376,0.2999155752286518,MadNLP,1.0,0.01,20.022869110107422,36479.11128148835,36479.11128148833,5.98366354764433e-14,1.2434497875801753e-14,NaN,35,LOCALLY_SOLVED,residual_tolerance_upper_bound
376,0.2999155752286518,ADMM,1.0,0.01,76.11417770385742,36553.427255759794,36479.11128148833,0.2037219977702025,2.097710893878002e-12,1.1141240874583467,6,converged,gap_callback_with_solver_termination
376,0.2999155752286518,MEL-ADMM,1.0,0.01,14.162063598632812,36486.21809728639,36479.11128148833,0.01948187756884587,1.7647550087929176e-12,0.0054960963295682674,16,converged,gap_residual_and_feasibility
376,0.2999155752286518,sMEL-ADMM,1.0,0.01,1.6868779999999999,36484.883630976175,36479.11128148833,0.015823711941068738,1.999511667349907e-13,0.006096313075536486,39,converged,gap_residual_and_feasibility
377,0.4576431535319995,IPOPT,1.0,1.0e-10,12.888908386230469,36479.11128157207,36479.11128148834,2.2953333368763647e-10,1.3322676295501878e-14,NaN,33,INTERRUPTED,gap_and_residual
377,0.4576431535319995,MadNLP,1.0,0.01,19.35291290283203,36479.11128148835,36479.11128148834,3.989109031762886e-14,1.509903313490213e-14,NaN,34,LOCALLY_SOLVED,residual_tolerance_upper_bound
377,0.4576431535319995,ADMM,1.0,0.01,70.18160820007324,36588.97205454839,36479.11128148834,0.3011607717422619,4.1389114358025836e-13,1.1342369974891842,6,converged,gap_callback_with_solver_termination
377,0.4576431535319995,MEL-ADMM,1.0,0.01,15.978574752807617,36486.177190858616,36479.11128148834,0.019369740988902904,9.170997294916106e-13,0.00937914320983868,18,converged,gap_residual_and_feasibility
377,0.4576431535319995,sMEL-ADMM,1.0,0.01,1.760543,36485.80520757001,36479.11128148834,0.01835002511442607,2.0022872249114698e-13,0.008931256025936557,33,converged,gap_residual_and_feasibility
378,0.6979856949455734,IPOPT,1.0,1.0e-10,14.609098434448242,36479.11128157192,36479.11128148833,2.2913442278446022e-10,1.4210854715202004e-14,NaN,34,INTERRUPTED,gap_and_residual
378,0.6979856949455734,MadNLP,1.0,0.01,20.826101303100586,36479.11128148838,36479.11128148833,1.3961881611170104e-13,1.0658141036401503e-14,NaN,35,LOCALLY_SOLVED,residual_tolerance_upper_bound
378,0.6979856949455734,ADMM,1.0,0.01,76.11656188964844,36615.83460730054,36479.11128148833,0.37479894934169744,3.3073543903583413e-12,1.4871228467166753,6,converged,gap_callback_with_solver_termination
378,0.6979856949455734,MEL-ADMM,1.0,0.01,13.690471649169922,36486.417534013366,36479.11128148833,0.020028592442006284,4.388711616343244e-12,0.005796049999932329,16,converged,gap_residual_and_feasibility
378,0.6979856949455734,sMEL-ADMM,1.0,0.01,1.263625,36486.60826612555,36479.11128148833,0.02055144539944732,1.9972912213006566e-13,0.009140972078451881,30,converged,gap_residual_and_feasibility
379,0.42615851871704324,IPOPT,1.0,1.0e-10,13.950109481811523,36479.11128157202,36479.11128148836,2.293338782360482e-10,1.2434497875801753e-14,NaN,33,INTERRUPTED,gap_and_residual
379,0.42615851871704324,MadNLP,1.0,0.01,20.34592628479004,36479.11128148836,36479.11128148836,0.0,1.3322676295501878e-14,NaN,34,LOCALLY_SOLVED,residual_tolerance_upper_bound
379,0.42615851871704324,ADMM,1.0,0.01,71.3493824005127,36588.97205553424,36479.11128148836,0.30116077444472356,2.278954802648059e-12,1.134236992071191,6,converged,gap_callback_with_solver_termination
379,0.42615851871704324,MEL-ADMM,1.0,0.01,15.597820281982422,36486.17719089274,36479.11128148836,0.019369741082387662,1.998234910871588e-12,0.009379143324893313,18,converged,gap_residual_and_feasibility
379,0.42615851871704324,sMEL-ADMM,1.0,0.01,1.232875,36485.89246654142,36479.11128148836,0.01858922768358272,2.0045076709607201e-13,0.007981583872526343,36,converged,gap_residual_and_feasibility
380,0.6517372867994743,IPOPT,1.0,1.0e-10,14.513969421386719,36479.11128157569,36479.11128148833,2.394861607218849e-10,9.769962616701378e-15,NaN,34,INTERRUPTED,gap_and_residual
380,0.6517372867994743,MadNLP,1.0,0.01,20.920991897583008,36479.111281488316,36479.11128148833,3.989109031762887e-14,1.3322676295501878e-14,NaN,35,LOCALLY_SOLVED,residual_tolerance_upper_bound
380,0.6517372867994743,ADMM,1.0,0.01,73.06313514709473,36559.443657104035,36479.11128148833,0.22021472780908904,4.050093593832571e-13,1.142869029707545,6,converged,gap_callback_with_solver_termination
380,0.6517372867994743,MEL-ADMM,1.0,0.01,13.57722282409668,36486.036874543795,36479.11128148833,0.01898509259730518,1.9029222642075183e-12,0.00812518610745272,16,converged,gap_residual_and_feasibility
380,0.6517372867994743,sMEL-ADMM,1.0,0.01,1.1932880000000001,36486.12669655968,36479.11128148833,0.019231321227142245,1.9972912213006566e-13,0.008443573966482987,32,converged,gap_residual_and_feasibility
381,0.6012940478458964,IPOPT,1.0,1.0e-10,13.003110885620117,36479.11128157195,36479.11128148834,2.2921420496509543e-10,1.4210854715202004e-14,NaN,33,INTERRUPTED,gap_and_residual
381,0.6012940478458964,MadNLP,1.0,0.01,19.527912139892578,36479.11128148833,36479.11128148834,1.994554515881443e-14,1.509903313490213e-14,NaN,34,LOCALLY_SOLVED,residual_tolerance_upper_bound
381,0.6012940478458964,ADMM,1.0,0.01,70.93381881713867,36599.36201588578,36479.11128148834,0.3296427192799112,6.210587599753126e-13,1.1601637107223768,6,converged,gap_callback_with_solver_termination
381,0.6012940478458964,MEL-ADMM,1.0,0.01,15.66767692565918,36486.01050976627,36479.11128148834,0.01891281896834517,1.89726012678193e-12,0.009388616281055029,18,converged,gap_residual_and_feasibility
381,0.6012940478458964,sMEL-ADMM,1.0,0.01,1.1729990000000001,36486.747706749,36479.11128148834,0.02093369326280872,1.9961809982760315e-13,0.009828607037420056,29,converged,gap_residual_and_feasibility
382,0.3972564333546221,IPOPT,1.0,1.0e-10,13.478994369506836,36479.111281571924,36479.11128148832,2.291743138747779e-10,1.1546319456101628e-14,NaN,33,INTERRUPTED,gap_and_residual
382,0.3972564333546221,MadNLP,1.0,0.01,20.04218101501465,36479.11128148833,36479.11128148832,1.9945545158814437e-14,1.0658141036401503e-14,NaN,34,LOCALLY_SOLVED,residual_tolerance_upper_bound
382,0.3972564333546221,ADMM,1.0,0.01,71.19941711425781,36588.9720583671,36479.11128148832,0.30116078221052184,3.872457909892546e-13,1.1342370071134331,6,converged,gap_callback_with_solver_termination
382,0.3972564333546221,MEL-ADMM,1.0,0.01,15.33365249633789,36486.177190865725,36479.11128148832,0.0193697410084296,2.334521465030548e-12,0.009379143758191155,18,converged,gap_residual_and_feasibility
382,0.3972564333546221,sMEL-ADMM,1.0,0.01,1.345043,36485.33532804525,36479.11128148832,0.0170619467916837,2.003397447936095e-13,0.008116581707641402,34,converged,gap_residual_and_feasibility
383,0.6278783846504635,IPOPT,1.0,1.0e-10,13.231992721557617,36479.11128156878,36479.11128148834,2.2051794727585234e-10,1.0658141036401503e-14,NaN,33,INTERRUPTED,gap_and_residual
383,0.6278783846504635,MadNLP,1.0,0.01,19.849061965942383,36479.11128148837,36479.11128148834,7.978218063525772e-14,1.0658141036401503e-14,NaN,34,LOCALLY_SOLVED,residual_tolerance_upper_bound
383,0.6278783846504635,ADMM,1.0,0.01,73.41980934143066,36576.50681313193,36479.11128148834,0.26698986960522186,5.614397835529417e-13,1.1734241195646558,6,converged,gap_callback_with_solver_termination
383,0.6278783846504635,MEL-ADMM,1.0,0.01,14.972686767578125,36485.84823062858,36479.11128148834,0.01846796400344623,4.0190073491430667e-13,0.009669194676849457,18,converged,gap_residual_and_feasibility
383,0.6278783846504635,sMEL-ADMM,1.0,0.01,1.438409,36486.10370611641,36479.11128148834,0.0191682976433145,1.999511667349907e-13,0.008462689236116816,32,converged,gap_residual_and_feasibility
384,0.26423017055169745,IPOPT,1.0,1.0e-10,13.299942016601562,36479.11128157142,36479.111281488345,2.2773823462334313e-10,1.3322676295501878e-14,NaN,34,INTERRUPTED,gap_and_residual
384,0.26423017055169745,MadNLP,1.0,0.01,20.426034927368164,36479.11128148834,36479.111281488345,1.9945545158814427e-14,1.3322676295501878e-14,NaN,35,LOCALLY_SOLVED,residual_tolerance_upper_bound
384,0.26423017055169745,ADMM,1.0,0.01,75.12903213500977,36613.16584369479,36479.111281488345,0.36748308140520064,1.025551865652119e-11,1.5426868737855153,6,converged,gap_callback_with_solver_termination
384,0.26423017055169745,MEL-ADMM,1.0,0.01,13.362407684326172,36486.50203609322,36479.111281488345,0.020260237558535878,1.5588641488761823e-12,0.006621703408670854,16,converged,gap_residual_and_feasibility
384,0.26423017055169745,sMEL-ADMM,1.0,0.01,1.623169,36485.10012673089,36479.111281488345,0.016417190639134337,2.0050627824730327e-13,0.007351643465836943,39,converged,gap_residual_and_feasibility
385,0.47774652281067975,IPOPT,1.0,1.0e-10,14.463186264038086,36479.111281572106,36479.11128148835,2.295931703231128e-10,1.1546319456101628e-14,NaN,33,INTERRUPTED,gap_and_residual
385,0.47774652281067975,MadNLP,1.0,0.01,19.631147384643555,36479.111281488345,36479.11128148835,1.994554515881442e-14,1.0658141036401503e-14,NaN,34,LOCALLY_SOLVED,residual_tolerance_upper_bound
385,0.47774652281067975,ADMM,1.0,0.01,72.30901718139648,36588.97204764236,36479.11128148835,0.3011607528107681,2.4076296512021145e-12,1.1342369844900535,6,converged,gap_callback_with_solver_termination
385,0.47774652281067975,MEL-ADMM,1.0,0.01,15.360116958618164,36486.17719080777,36479.11128148835,0.019369740849483535,3.623767952376511e-13,0.009379143060811224,18,converged,gap_residual_and_feasibility
385,0.47774652281067975,sMEL-ADMM,1.0,0.01,1.090541,36486.54437534446,36479.11128148835,0.020376301930038067,2.003397447936095e-13,0.009114161636182061,29,converged,gap_residual_and_feasibility
386,0.5898936551856364,IPOPT,1.0,1.0e-10,12.972831726074219,36479.11128157202,36479.111281488375,2.2929398714573046e-10,1.4210854715202004e-14,NaN,33,INTERRUPTED,gap_and_residual
386,0.5898936551856364,MadNLP,1.0,0.01,19.608020782470703,36479.111281488345,36479.111281488375,7.978218063525765e-14,1.3322676295501878e-14,NaN,34,LOCALLY_SOLVED,residual_tolerance_upper_bound
386,0.5898936551856364,ADMM,1.0,0.01,69.89097595214844,36595.84287418797,36479.111281488375,0.3199957142564236,1.205036070928145e-12,1.0669179403120808,6,converged,gap_callback_with_solver_termination
386,0.5898936551856364,MEL-ADMM,1.0,0.01,15.05732536315918,36486.09180322161,36479.111281488375,0.019135668298955057,5.910494316196946e-12,0.009402826347268523,18,converged,gap_residual_and_feasibility
386,0.5898936551856364,sMEL-ADMM,1.0,0.01,1.240416,36486.72774726469,36479.111281488375,0.02087897843108849,2.0061730054976579e-13,0.00961304184311551,29,converged,gap_residual_and_feasibility
387,0.3995943812845301,IPOPT,1.0,1.0e-10,12.902021408081055,36479.11128157195,36479.11128148834,2.2921420496509543e-10,1.5987211554602254e-14,NaN,33,INTERRUPTED,gap_and_residual
387,0.3995943812845301,MadNLP,1.0,0.01,19.287109375,36479.111281488345,36479.11128148834,1.994554515881443e-14,1.509903313490213e-14,NaN,34,LOCALLY_SOLVED,residual_tolerance_upper_bound
387,0.3995943812845301,ADMM,1.0,0.01,68.97091865539551,36588.97205662606,36479.11128148834,0.3011607774377722,1.5295542610260782e-12,1.1342369928075833,6,converged,gap_callback_with_solver_termination
387,0.3995943812845301,MEL-ADMM,1.0,0.01,15.521526336669922,36486.17719077699,36479.11128148834,0.019369740765133835,2.682298827494378e-13,0.009379143837280779,18,converged,gap_residual_and_feasibility
387,0.3995943812845301,sMEL-ADMM,1.0,0.01,1.5340429999999998,36485.357144565736,36479.11128148834,0.017121752306963736,2.0022872249114698e-13,0.00977235320318215,34,converged,gap_residual_and_feasibility
388,0.4826201832927479,IPOPT,1.0,1.0e-10,13.51785659790039,36479.11128157213,36479.111281488345,2.2967295250374813e-10,9.769962616701378e-15,NaN,33,INTERRUPTED,gap_and_residual
388,0.4826201832927479,MadNLP,1.0,0.01,20.294904708862305,36479.11128148834,36479.111281488345,1.9945545158814427e-14,1.1546319456101628e-14,NaN,34,LOCALLY_SOLVED,residual_tolerance_upper_bound
388,0.4826201832927479,ADMM,1.0,0.01,71.6400146484375,36588.97204765734,36479.111281488345,0.301160752851856,2.0717316751017734e-12,1.1342369870140034,6,converged,gap_callback_with_solver_termination
388,0.4826201832927479,MEL-ADMM,1.0,0.01,15.33198356628418,36486.17719081223,36479.111281488345,0.019369740861730104,3.2507330161024584e-13,0.009379143279244495,18,converged,gap_residual_and_feasibility
388,0.4826201832927479,sMEL-ADMM,1.0,0.01,1.24054,36486.55290246528,36479.111281488345,0.0203996772824607,2.0017321133991572e-13,0.009073604289921988,29,converged,gap_residual_and_feasibility
389,0.6024638000056911,IPOPT,1.0,1.0e-10,14.393091201782227,36479.111281571946,36479.111281488345,2.2917431387477775e-10,1.0658141036401503e-14,NaN,33,INTERRUPTED,gap_and_residual
389,0.6024638000056911,MadNLP,1.0,0.01,19.88697052001953,36479.111281488345,36479.111281488345,0.0,1.2434497875801753e-14,NaN,34,LOCALLY_SOLVED,residual_tolerance_upper_bound
389,0.6024638000056911,ADMM,1.0,0.01,72.95489311218262,36598.42616051552,36479.111281488345,0.32707726377018637,1.0758061108617767e-12,1.1588211405451387,6,converged,gap_callback_with_solver_termination
389,0.6024638000056911,MEL-ADMM,1.0,0.01,15.273332595825195,36486.001342609714,36479.111281488345,0.01888768908924849,3.913536161803677e-13,0.009413629444598115,18,converged,gap_residual_and_feasibility
389,0.6024638000056911,sMEL-ADMM,1.0,0.01,1.253041,36486.74977405454,36479.111281488345,0.020939360356806824,2.007283228522283e-13,0.009850685748689969,29,converged,gap_residual_and_feasibility
390,0.398199195468881,IPOPT,1.0,1.0e-10,12.948989868164062,36479.111281571924,36479.11128148836,2.290745861489836e-10,1.1546319456101628e-14,NaN,33,INTERRUPTED,gap_and_residual
390,0.398199195468881,MadNLP,1.0,0.01,19.179821014404297,36479.11128148835,36479.11128148836,1.9945545158814418e-14,1.3322676295501878e-14,NaN,34,LOCALLY_SOLVED,residual_tolerance_upper_bound
390,0.398199195468881,ADMM,1.0,0.01,71.66409492492676,36588.972057729494,36479.11128148836,0.30116078046255385,2.2905566332553917e-12,1.1342370022662882,6,converged,gap_callback_with_solver_termination
390,0.398199195468881,MEL-ADMM,1.0,0.01,15.45095443725586,36486.177190902046,36479.11128148836,0.019369741107898016,3.3136271504474735e-12,0.009379143807759505,18,converged,gap_residual_and_feasibility
390,0.398199195468881,sMEL-ADMM,1.0,0.01,1.2569549999999998,36485.34387000853,36479.11128148836,0.017085362831562412,2.000621890374532e-13,0.008775601275246458,34,converged,gap_residual_and_feasibility
391,0.7206561770860935,IPOPT,1.0,1.0e-10,13.215065002441406,36479.11128157178,36479.11128148834,2.287355118812839e-10,1.3322676295501878e-14,NaN,34,INTERRUPTED,gap_and_residual
391,0.7206561770860935,MadNLP,1.0,0.01,19.963979721069336,36479.11128148834,36479.11128148834,0.0,1.4210854715202004e-14,NaN,35,LOCALLY_SOLVED,residual_tolerance_upper_bound
391,0.7206561770860935,ADMM,1.0,0.01,76.4303207397461,36720.27812491133,36479.11128148834,0.6611094266032091,9.282463686588471e-12,2.010162712788203,6,converged,gap_callback_with_solver_termination
391,0.7206561770860935,MEL-ADMM,1.0,0.01,13.288021087646484,36486.64918294147,36479.11128148834,0.02066361045632325,3.5271785492341223e-12,0.00961144911282208,16,converged,gap_residual_and_feasibility
391,0.7206561770860935,sMEL-ADMM,1.0,0.01,1.2750400000000002,36486.66388441845,36479.11128148834,0.0207039115394884,2.0017321133991572e-13,0.008633370616845326,30,converged,gap_residual_and_feasibility
392,0.27411168715287043,IPOPT,1.0,1.0e-10,13.393878936767578,36479.11128157147,36479.11128148835,2.2785790789429597e-10,1.1546319456101628e-14,NaN,34,INTERRUPTED,gap_and_residual
392,0.27411168715287043,MadNLP,1.0,0.01,20.334959030151367,36479.11128148834,36479.11128148835,3.989109031762884e-14,1.7763568394002505e-14,NaN,35,LOCALLY_SOLVED,residual_tolerance_upper_bound
392,0.27411168715287043,ADMM,1.0,0.01,76.77960395812988,36586.8567878228,36479.11128148835,0.29536220195452617,6.7991723362581524e-12,1.3302496115765647,6,converged,gap_callback_with_solver_termination
392,0.27411168715287043,MEL-ADMM,1.0,0.01,13.542652130126953,36486.42061153912,36479.11128148835,0.020037028847457762,8.772427229075674e-13,0.005140102345548847,16,converged,gap_residual_and_feasibility
392,0.27411168715287043,sMEL-ADMM,1.0,0.01,1.404957,36484.96951255546,36479.11128148835,0.016059138672266143,2.0017321133991572e-13,0.007025860839243947,39,converged,gap_residual_and_feasibility
393,0.3559961331600197,IPOPT,1.0,1.0e-10,12.545108795166016,36479.11134599929,36479.11128148832,1.7684358595249964e-7,1.2434497875801753e-14,NaN,32,INTERRUPTED,gap_and_residual
393,0.3559961331600197,MadNLP,1.0,0.01,19.837141036987305,36479.11128148834,36479.11128148832,3.9891090317628874e-14,1.2434497875801753e-14,NaN,34,LOCALLY_SOLVED,residual_tolerance_upper_bound
393,0.3559961331600197,ADMM,1.0,0.01,81.71296119689941,36585.57155337691,36479.11128148832,0.2918389953831234,8.498202141993261e-13,1.1704258607348832,6,converged,gap_callback_with_solver_termination
393,0.3559961331600197,MEL-ADMM,1.0,0.01,16.634464263916016,36485.9424117667,36479.11128148832,0.018726142272669145,3.250455460346302e-12,0.009516019961413491,18,converged,gap_residual_and_feasibility
393,0.3559961331600197,sMEL-ADMM,1.0,0.01,1.678959,36485.3977497136,36479.11128148832,0.017233062989850716,1.9972912213006566e-13,0.005990470574278817,36,converged,gap_residual_and_feasibility
394,0.6451430748546552,IPOPT,1.0,1.0e-10,14.528989791870117,36479.111281575715,36479.11128148834,2.395260518122025e-10,1.3322676295501878e-14,NaN,34,INTERRUPTED,gap_and_residual
394,0.6451430748546552,MadNLP,1.0,0.01,22.046804428100586,36479.11128148835,36479.11128148834,3.989109031762886e-14,1.0658141036401503e-14,NaN,35,LOCALLY_SOLVED,residual_tolerance_upper_bound
394,0.6451430748546552,ADMM,1.0,0.01,73.8062858581543,36562.94724812333,36479.11128148834,0.2298191038374795,4.218847493575595e-13,1.148131167344725,6,converged,gap_callback_with_solver_termination
394,0.6451430748546552,MEL-ADMM,1.0,0.01,13.106107711791992,36485.99552142569,36479.11128148834,0.018871731507469274,8.555378627761456e-13,0.009075919445240999,16,converged,gap_residual_and_feasibility
394,0.6451430748546552,sMEL-ADMM,1.0,0.01,1.4952489999999998,36486.119453740816,36479.11128148834,0.019211466525045913,2.0106138975961585e-13,0.008448718862336335,32,converged,gap_residual_and_feasibility
395,0.662712424032474,IPOPT,1.0,1.0e-10,14.422893524169922,36479.11134600533,36479.11128148834,1.7686010086389105e-7,1.0658141036401503e-14,NaN,33,INTERRUPTED,gap_and_residual
395,0.662712424032474,MadNLP,1.0,0.01,19.8061466217041,36479.11128148833,36479.11128148834,1.994554515881443e-14,1.3322676295501878e-14,NaN,35,LOCALLY_SOLVED,residual_tolerance_upper_bound
395,0.662712424032474,ADMM,1.0,0.01,74.07093048095703,36558.35468773153,36479.11128148834,0.21722954167308844,3.7125857943465235e-13,1.1261273705451131,6,converged,gap_callback_with_solver_termination
395,0.662712424032474,MEL-ADMM,1.0,0.01,13.628721237182617,36486.12483231367,36479.11128148834,0.01922621077912285,7.005507285384738e-13,0.006448062096679585,16,converged,gap_residual_and_feasibility
395,0.662712424032474,sMEL-ADMM,1.0,0.01,1.160956,36486.529422213345,36479.11128148834,0.020335310988706872,2.000621890374532e-13,0.009979011327352794,30,converged,gap_residual_and_feasibility
396,0.4698299043444989,IPOPT,1.0,1.0e-10,12.920141220092773,36479.11128157211,36479.111281488345,2.296330614134305e-10,1.2434497875801753e-14,NaN,33,INTERRUPTED,gap_and_residual
396,0.4698299043444989,MadNLP,1.0,0.01,19.649028778076172,36479.11128148834,36479.111281488345,1.9945545158814427e-14,8.881784197001252e-15,NaN,34,LOCALLY_SOLVED,residual_tolerance_upper_bound
396,0.4698299043444989,ADMM,1.0,0.01,69.27013397216797,36588.97205006209,36479.111281488345,0.30116075944397835,1.1490253193358058e-12,1.1342369890694721,6,converged,gap_callback_with_solver_termination
396,0.4698299043444989,MEL-ADMM,1.0,0.01,15.808820724487305,36486.17719091067,36479.111281488345,0.019369741131573383,1.9494406089393124e-12,0.009379143034144555,18,converged,gap_residual_and_feasibility
396,0.4698299043444989,sMEL-ADMM,1.0,0.01,1.628373,36485.935740048015,36479.111281488345,0.018707853124515592,2.0017321133991572e-13,0.008900124338651949,32,converged,gap_residual_and_feasibility
397,0.5274901943154042,IPOPT,1.0,1.0e-10,13.067007064819336,36479.11128157214,36479.111281488345,2.2971284359406576e-10,1.0658141036401503e-14,NaN,33,INTERRUPTED,gap_and_residual
397,0.5274901943154042,MadNLP,1.0,0.01,19.44899559020996,36479.11128148833,36479.111281488345,3.9891090317628855e-14,1.1546319456101628e-14,NaN,34,LOCALLY_SOLVED,residual_tolerance_upper_bound
397,0.5274901943154042,ADMM,1.0,0.01,70.54400444030762,36588.97204793941,36479.111281488345,0.30116075362508493,1.5664136654436334e-12,1.134236987983118,6,converged,gap_callback_with_solver_termination
397,0.5274901943154042,MEL-ADMM,1.0,0.01,15.585660934448242,36486.17719092854,36479.111281488345,0.019369741180559643,2.4091839634365897e-12,0.009379142988794165,18,converged,gap_residual_and_feasibility
397,0.5274901943154042,sMEL-ADMM,1.0,0.01,1.245291,36486.6234192832,36479.111281488345,0.02059298467247668,2.000621890374532e-13,0.008404746056394075,29,converged,gap_residual_and_feasibility
398,0.6974468640706357,IPOPT,1.0,1.0e-10,13.796091079711914,36479.11128157193,36479.11128148831,2.2923415051025442e-10,1.2434497875801753e-14,NaN,34,INTERRUPTED,gap_and_residual
398,0.6974468640706357,MadNLP,1.0,0.01,20.02692222595215,36479.11128148834,36479.11128148831,7.978218063525779e-14,1.2434497875801753e-14,NaN,35,LOCALLY_SOLVED,residual_tolerance_upper_bound
398,0.6974468640706357,ADMM,1.0,0.01,74.57804679870605,36614.15574904046,36479.11128148831,0.37019670383439407,1.4596102104746933e-12,1.4742775223422622,6,converged,gap_callback_with_solver_termination
398,0.6974468640706357,MEL-ADMM,1.0,0.01,13.552665710449219,36486.41267019525,36479.11128148831,0.02001525928249338,3.588462860193431e-12,0.00571030938648498,16,converged,gap_residual_and_feasibility
398,0.6974468640706357,sMEL-ADMM,1.0,0.01,1.339877,36486.60699975894,36479.11128148831,0.02054797391522892,1.999511667349907e-13,0.009153371823508394,30,converged,gap_residual_and_feasibility
399,0.3650575005098477,IPOPT,1.0,1.0e-10,13.466835021972656,36479.111281571466,36479.11128148834,2.2787785343945486e-10,1.3322676295501878e-14,NaN,33,INTERRUPTED,gap_and_residual
399,0.3650575005098477,MadNLP,1.0,0.01,20.375967025756836,36479.11128148835,36479.11128148834,3.989109031762886e-14,1.3322676295501878e-14,NaN,34,LOCALLY_SOLVED,residual_tolerance_upper_bound
399,0.3650575005098477,ADMM,1.0,0.01,72.62825965881348,36595.3000018626,36479.11128148834,0.31850754114511565,3.739231146937527e-13,1.1602018253662196,6,converged,gap_callback_with_solver_termination
399,0.3650575005098477,MEL-ADMM,1.0,0.01,14.942407608032227,36485.998725437414,36479.11128148834,0.01888051464831225,1.2811418592661994e-12,0.009422147148858251,18,converged,gap_residual_and_feasibility
399,0.3650575005098477,sMEL-ADMM,1.0,0.01,1.4705810000000001,36484.98588170391,36479.11128148834,0.016104011334716974,2.0011770018868447e-13,0.009507410445166897,33,converged,gap_residual_and_feasibility
400,0.3850134590584936,IPOPT,1.0,1.0e-10,13.26298713684082,36479.11128157186,36479.11128148835,2.2891502178771312e-10,1.0658141036401503e-14,NaN,33,INTERRUPTED,gap_and_residual
400,0.3850134590584936,MadNLP,1.0,0.01,19.526958465576172,36479.11128148835,36479.11128148835,0.0,1.1546319456101628e-14,NaN,34,LOCALLY_SOLVED,residual_tolerance_upper_bound
400,0.3850134590584936,ADMM,1.0,0.01,69.35524940490723,36592.903424205586,36479.11128148835,0.31193781514896185,2.2528645615693677e-12,1.0878413239869937,6,converged,gap_callback_with_solver_termination
400,0.3850134590584936,MEL-ADMM,1.0,0.01,15.304327011108398,36486.13317270105,36479.11128148835,0.019249074240079076,1.817601624765075e-12,0.00943102381493155,18,converged,gap_residual_and_feasibility
400,0.3850134590584936,sMEL-ADMM,1.0,0.01,1.416585,36485.249576890965,36479.11128148835,0.016826877593717756,1.9961809982760315e-13,0.00595384624618589,34,converged,gap_residual_and_feasibility
401,0.2910623626452911,IPOPT,1.0,1.0e-10,13.314008712768555,36479.11128157162,36479.11128148835,2.2825681879747225e-10,1.5987211554602254e-14,NaN,34,INTERRUPTED,gap_and_residual
401,0.2910623626452911,MadNLP,1.0,0.01,20.139217376708984,36479.11128148834,36479.11128148835,3.989109031762884e-14,1.4210854715202004e-14,NaN,35,LOCALLY_SOLVED,residual_tolerance_upper_bound
401,0.2910623626452911,ADMM,1.0,0.01,74.94235038757324,36560.057804655844,36479.11128148835,0.22189828733181963,4.174993684102901e-13,1.114191515860119,6,converged,gap_callback_with_solver_termination
401,0.2910623626452911,MEL-ADMM,1.0,0.01,13.775825500488281,36486.284035675475,36479.11128148835,0.01966263413539412,3.763656053479281e-12,0.004532658739422324,16,converged,gap_residual_and_feasibility
401,0.2910623626452911,sMEL-ADMM,1.0,0.01,1.427001,36484.86709853268,36479.11128148835,0.015778391638753348,2.000621890374532e-13,0.006657468868848326,39,converged,gap_residual_and_feasibility
402,0.6374036266707426,IPOPT,1.0,1.0e-10,14.412879943847656,36479.11128148835,36479.11128148835,0.0,1.1546319456101628e-14,NaN,34,INTERRUPTED,gap_and_residual
402,0.6374036266707426,MadNLP,1.0,0.01,19.926071166992188,36479.11128148834,36479.11128148835,3.989109031762884e-14,1.3322676295501878e-14,NaN,35,LOCALLY_SOLVED,residual_tolerance_upper_bound
402,0.6374036266707426,ADMM,1.0,0.01,73.13108444213867,36568.55903400647,36479.11128148835,0.2452026635953293,4.4497738826976274e-13,1.1585893412414512,6,converged,gap_callback_with_solver_termination
402,0.6374036266707426,MEL-ADMM,1.0,0.01,14.958620071411133,36485.78671974788,36479.11128148835,0.018299344542727487,3.1931124411244127e-12,0.009993583452507337,18,converged,gap_residual_and_feasibility
402,0.6374036266707426,sMEL-ADMM,1.0,0.01,1.488044,36486.11211257773,36479.11128148835,0.01919134223241907,1.992850329202156e-13,0.008455038337412901,32,converged,gap_residual_and_feasibility
403,0.47576833963664644,IPOPT,1.0,1.0e-10,13.566970825195312,36479.11128157211,36479.111281488345,2.296330614134305e-10,1.2434497875801753e-14,NaN,33,INTERRUPTED,gap_and_residual
403,0.47576833963664644,MadNLP,1.0,0.01,19.472837448120117,36479.11128148837,36479.111281488345,5.983663547644328e-14,1.3322676295501878e-14,NaN,34,LOCALLY_SOLVED,residual_tolerance_upper_bound
403,0.47576833963664644,ADMM,1.0,0.01,69.40603256225586,36588.972048594595,36479.111281488345,0.3011607554211414,1.3763434836278066e-12,1.134236987039607,6,converged,gap_callback_with_solver_termination
403,0.47576833963664644,MEL-ADMM,1.0,0.01,15.388965606689453,36486.177190805516,36479.111281488345,0.019369740843320365,3.6504133049675147e-13,0.009379143197569384,18,converged,gap_residual_and_feasibility
403,0.47576833963664644,sMEL-ADMM,1.0,0.01,1.234749,36486.53777774021,36479.111281488345,0.020358215951475862,2.0000667788622195e-13,0.00918331196367106,29,converged,gap_residual_and_feasibility
404,0.421087933924805,IPOPT,1.0,1.0e-10,13.55886459350586,36479.111281572026,36479.11128148835,2.2937376932636585e-10,1.1546319456101628e-14,NaN,33,INTERRUPTED,gap_and_residual
404,0.421087933924805,MadNLP,1.0,0.01,19.843101501464844,36479.11128148833,36479.11128148835,5.983663547644327e-14,1.3322676295501878e-14,NaN,34,LOCALLY_SOLVED,residual_tolerance_upper_bound
404,0.421087933924805,ADMM,1.0,0.01,71.43664360046387,36588.97205634542,36479.11128148835,0.30116077666841257,3.9168668308775523e-13,1.1342369983864957,6,converged,gap_callback_with_solver_termination
404,0.421087933924805,MEL-ADMM,1.0,0.01,15.290498733520508,36486.17719109564,36479.11128148835,0.019369741638609085,7.581268945955344e-12,0.009379143452464156,18,converged,gap_residual_and_feasibility
404,0.421087933924805,sMEL-ADMM,1.0,0.01,1.3777080000000002,36485.83723415536,36479.11128148835,0.018437819427971357,2.0011770018868447e-13,0.005678739878231198,36,converged,gap_residual_and_feasibility
405,0.48316321764398756,IPOPT,1.0,1.0e-10,13.720989227294922,36479.111281572106,36479.11128148835,2.295931703231128e-10,1.5987211554602254e-14,NaN,33,INTERRUPTED,gap_and_residual
405,0.48316321764398756,MadNLP,1.0,0.01,20.400047302246094,36479.11128148833,36479.11128148835,5.983663547644327e-14,1.1546319456101628e-14,NaN,34,LOCALLY_SOLVED,residual_tolerance_upper_bound
405,0.48316321764398756,ADMM,1.0,0.01,71.94399833679199,36588.9720471182,36479.11128148835,0.30116075137389103,4.050093593832571e-13,1.134236981335695,6,converged,gap_callback_with_solver_termination
405,0.48316321764398756,MEL-ADMM,1.0,0.01,15.550613403320312,36486.17719081816,36479.11128148835,0.019369740877965773,5.159206395433102e-13,0.009379143339852014,18,converged,gap_residual_and_feasibility
405,0.48316321764398756,sMEL-ADMM,1.0,0.01,1.191422,36486.5537280802,36479.11128148835,0.020401940536380017,2.0011770018868447e-13,0.009063771356004224,29,converged,gap_residual_and_feasibility
406,0.34121068451886966,IPOPT,1.0,1.0e-10,14.631032943725586,36479.11134600377,36479.11128148835,1.7685577268059153e-7,1.687538997430238e-14,NaN,33,INTERRUPTED,gap_and_residual
406,0.34121068451886966,MadNLP,1.0,0.01,20.71404457092285,36479.11128148834,36479.11128148835,3.989109031762884e-14,1.5987211554602254e-14,NaN,35,LOCALLY_SOLVED,residual_tolerance_upper_bound
406,0.34121068451886966,ADMM,1.0,0.01,74.9812126159668,36572.926350822876,36479.11128148835,0.2571747667058177,4.17271772690242e-12,1.168736465364412,6,converged,gap_callback_with_solver_termination
406,0.34121068451886966,MEL-ADMM,1.0,0.01,14.873981475830078,36485.84720925526,36479.11128148835,0.018465164117985256,4.4403369869883136e-13,0.009870122162896067,18,converged,gap_residual_and_feasibility
406,0.34121068451886966,sMEL-ADMM,1.0,0.01,1.741248,36485.234848336746,36479.11128148835,0.016786502283844554,1.9989565558375944e-13,0.006620920595890922,35,converged,gap_residual_and_feasibility
407,0.7282777943342027,IPOPT,1.0,1.0e-10,13.391971588134766,36479.11128157173,36479.11128148836,2.285360564296956e-10,9.769962616701378e-15,NaN,34,INTERRUPTED,gap_and_residual
407,0.7282777943342027,MadNLP,1.0,0.01,19.778966903686523,36479.111281488345,36479.11128148836,3.9891090317628836e-14,1.509903313490213e-14,NaN,35,LOCALLY_SOLVED,residual_tolerance_upper_bound
407,0.7282777943342027,ADMM,1.0,0.01,79.96726036071777,36772.31589918459,36479.11128148836,0.8037603093829245,1.7884582703686647e-12,2.190702498717892,6,converged,gap_callback_with_solver_termination
407,0.7282777943342027,MEL-ADMM,1.0,0.01,15.575647354125977,36485.90613425414,36479.11128148836,0.018626694914103282,1.2404521854136874e-12,0.00496844599108659,19,converged,gap_residual_and_feasibility
407,0.7282777943342027,sMEL-ADMM,1.0,0.01,1.3892520000000002,36486.682866299794,36479.11128148836,0.020755946473061188,1.9950707752514063e-13,0.008471031100917514,30,converged,gap_residual_and_feasibility
408,0.466346890153172,IPOPT,1.0,1.0e-10,12.945175170898438,36479.11128157209,36479.11128148836,2.2953333368763632e-10,1.4210854715202004e-14,NaN,33,INTERRUPTED,gap_and_residual
408,0.466346890153172,MadNLP,1.0,0.01,19.428014755249023,36479.11128148832,36479.11128148836,9.972772579407209e-14,1.0658141036401503e-14,NaN,34,LOCALLY_SOLVED,residual_tolerance_upper_bound
408,0.466346890153172,ADMM,1.0,0.01,71.10095024108887,36588.97204884289,36479.11128148836,0.3011607561017431,2.910505170206079e-12,1.1342369881387082,6,converged,gap_callback_with_solver_termination
408,0.466346890153172,MEL-ADMM,1.0,0.01,15.625953674316406,36486.177190995266,36479.11128148836,0.01936974136344034,4.3544057248823265e-12,0.009379143123897649,18,converged,gap_residual_and_feasibility
408,0.466346890153172,sMEL-ADMM,1.0,0.01,1.254375,36485.934191266686,36479.11128148836,0.018703607458190292,2.0011770018868447e-13,0.006374489137758843,33,converged,gap_residual_and_feasibility
409,0.5409999086483321,IPOPT,1.0,1.0e-10,13.041973114013672,36479.11128157213,36479.11128148834,2.2969289804890697e-10,1.0658141036401503e-14,NaN,33,INTERRUPTED,gap_and_residual
409,0.5409999086483321,MadNLP,1.0,0.01,19.23680305480957,36479.11128148832,36479.11128148834,3.989109031762886e-14,1.2434497875801753e-14,NaN,34,LOCALLY_SOLVED,residual_tolerance_upper_bound
409,0.5409999086483321,ADMM,1.0,0.01,71.07782363891602,36588.97204724958,36479.11128148834,0.30116075173408774,3.5083047578154947e-13,1.1342369840472637,6,converged,gap_callback_with_solver_termination
409,0.5409999086483321,MEL-ADMM,1.0,0.01,15.674829483032227,36486.17719095135,36479.11128148834,0.019369741243108876,3.4595659670344503e-12,0.009379143230158427,18,converged,gap_residual_and_feasibility
409,0.5409999086483321,sMEL-ADMM,1.0,0.01,1.280084,36486.64531350071,36479.11128148834,0.020653003178275207,2.0028423364237824e-13,0.008660998467187042,29,converged,gap_residual_and_feasibility
410,0.7259640577387778,IPOPT,1.0,1.0e-10,13.304948806762695,36479.11128157173,36479.11128148832,2.2863578415548992e-10,1.3322676295501878e-14,NaN,34,INTERRUPTED,gap_and_residual
410,0.7259640577387778,MadNLP,1.0,0.01,20.534992218017578,36479.11128148835,36479.11128148832,7.978218063525775e-14,1.9539925233402755e-14,NaN,35,LOCALLY_SOLVED,residual_tolerance_upper_bound
410,0.7259640577387778,ADMM,1.0,0.01,79.53095436096191,36755.49336255554,36479.11128148832,0.7576447763064651,1.1289191803598442e-11,2.1360832126912768,6,converged,gap_callback_with_solver_termination
410,0.7259640577387778,MEL-ADMM,1.0,0.01,15.715837478637695,36485.917603342175,36479.11128148832,0.018658135066206435,1.3535839116229909e-12,0.004874876126868877,19,converged,gap_residual_and_feasibility
410,0.7259640577387778,sMEL-ADMM,1.0,0.01,1.093586,36486.677083273695,36479.11128148832,0.02074009349347962,2.0117241206207837e-13,0.00851998437044621,30,converged,gap_residual_and_feasibility
411,0.34852607692779397,IPOPT,1.0,1.0e-10,13.074159622192383,36479.11134600565,36479.11128148833,1.7686099841342323e-7,1.2434497875801753e-14,NaN,33,INTERRUPTED,gap_and_residual
411,0.34852607692779397,MadNLP,1.0,0.01,19.980907440185547,36479.11128148834,36479.11128148833,1.9945545158814434e-14,1.1546319456101628e-14,NaN,35,LOCALLY_SOLVED,residual_tolerance_upper_bound
411,0.34852607692779397,ADMM,1.0,0.01,72.07012176513672,36579.287641482515,36479.11128148833,0.27461294004993925,3.939626402882368e-13,1.1764931779561145,6,converged,gap_callback_with_solver_termination
411,0.34852607692779397,MEL-ADMM,1.0,0.01,15.237569808959961,36485.89650432003,36479.11128148833,0.018600296425373718,8.310574450831609e-13,0.009637197283196564,18,converged,gap_residual_and_feasibility
411,0.34852607692779397,sMEL-ADMM,1.0,0.01,1.4289999999999998,36485.28289464852,36479.11128148833,0.01691821139107065,1.9978463328129692e-13,0.008718439129808075,35,converged,gap_residual_and_feasibility
412,0.43779737286890325,IPOPT,1.0,1.0e-10,13.461828231811523,36479.111281572055,36479.11128148836,2.2943360596184227e-10,1.3322676295501878e-14,NaN,33,INTERRUPTED,gap_and_residual
412,0.43779737286890325,MadNLP,1.0,0.01,20.045995712280273,36479.11128148836,36479.11128148836,0.0,1.2434497875801753e-14,NaN,34,LOCALLY_SOLVED,residual_tolerance_upper_bound
412,0.43779737286890325,ADMM,1.0,0.01,71.90155982971191,36588.97205525968,36479.11128148836,0.30116077369205846,1.2123080317394397e-12,1.1342369974221347,6,converged,gap_callback_with_solver_termination
412,0.43779737286890325,MEL-ADMM,1.0,0.01,15.480995178222656,36486.17719090501,36479.11128148836,0.019369741116015853,2.07378558769733e-12,0.009379143204522045,18,converged,gap_residual_and_feasibility
412,0.43779737286890325,sMEL-ADMM,1.0,0.01,1.33125,36485.70777563563,36479.11128148836,0.01808293545412584,1.996736109788344e-13,0.006773614820330565,34,converged,gap_residual_and_feasibility
413,0.7048973782259416,IPOPT,1.0,1.0e-10,13.371944427490234,36479.111281571895,36479.11128148832,2.2909453169414264e-10,1.4210854715202004e-14,NaN,34,INTERRUPTED,gap_and_residual
413,0.7048973782259416,MadNLP,1.0,0.01,20.256996154785156,36479.11128148833,36479.11128148832,1.9945545158814437e-14,1.509903313490213e-14,NaN,35,LOCALLY_SOLVED,residual_tolerance_upper_bound
413,0.7048973782259416,ADMM,1.0,0.01,75.03676414489746,36640.44813378951,36479.11128148832,0.4422718828215,6.3087313151299895e-12,1.6501716151856516,6,converged,gap_callback_with_solver_termination
413,0.7048973782259416,MEL-ADMM,1.0,0.01,13.185262680053711,36486.48393698626,36479.11128148832,0.02021062256984855,3.9968028886505635e-13,0.0069433153685887206,16,converged,gap_residual_and_feasibility
413,0.7048973782259416,sMEL-ADMM,1.0,0.01,1.348291,36486.62504659959,36479.11128148832,0.02059744562658852,1.9972912213006566e-13,0.008982992951930058,30,converged,gap_residual_and_feasibility
414,0.36626155631948787,IPOPT,1.0,1.0e-10,12.907981872558594,36479.111281571626,36479.11128148835,2.2827676434263106e-10,1.1546319456101628e-14,NaN,33,INTERRUPTED,gap_and_residual
414,0.36626155631948787,MadNLP,1.0,0.01,19.81186866760254,36479.111281488345,36479.11128148835,1.994554515881442e-14,1.3322676295501878e-14,NaN,34,LOCALLY_SOLVED,residual_tolerance_upper_bound
414,0.36626155631948787,ADMM,1.0,0.01,70.43719291687012,36596.886103968885,36479.11128148835,0.322855514685465,3.9968028886505635e-13,1.165002424117005,6,converged,gap_callback_with_solver_termination
414,0.36626155631948787,MEL-ADMM,1.0,0.01,14.697551727294922,36486.00813569386,36479.11128148835,0.018906310935836872,7.978062654956375e-13,0.009395891997074024,18,converged,gap_residual_and_feasibility
414,0.36626155631948787,sMEL-ADMM,1.0,0.01,1.332209,36484.985525952834,36479.11128148835,0.016103036116075133,2.0067281170099704e-13,0.009042823902483121,33,converged,gap_residual_and_feasibility
415,0.7335749473726654,IPOPT,1.0,1.0e-10,13.022899627685547,36479.111281571735,36479.11128148834,2.28615838610331e-10,1.3322676295501878e-14,NaN,34,INTERRUPTED,gap_and_residual
415,0.7335749473726654,MadNLP,1.0,0.01,20.10488510131836,36479.111281488345,36479.11128148834,1.994554515881443e-14,1.4210854715202004e-14,NaN,35,LOCALLY_SOLVED,residual_tolerance_upper_bound
415,0.7335749473726654,ADMM,1.0,0.01,79.7727108001709,36814.57644771002,36479.11128148834,0.9196089335430528,6.681100117589267e-12,2.3154865952037174,6,converged,gap_callback_with_solver_termination
415,0.7335749473726654,MEL-ADMM,1.0,0.01,15.836238861083984,36485.88194179287,36479.11128148834,0.018560376244598144,1.248556813493451e-12,0.005174696484247399,19,converged,gap_residual_and_feasibility
415,0.7335749473726654,sMEL-ADMM,1.0,0.01,0.9897499999999999,36486.696083948824,36479.11128148834,0.02079217994637561,2.0017321133991572e-13,0.00836165821023549,30,converged,gap_residual_and_feasibility
416,0.5210372580452104,IPOPT,1.0,1.0e-10,12.722015380859375,36479.111281572135,36479.111281488345,2.2969289804890694e-10,1.3322676295501878e-14,NaN,33,INTERRUPTED,gap_and_residual
416,0.5210372580452104,MadNLP,1.0,0.01,19.70195770263672,36479.11128148834,36479.111281488345,1.9945545158814427e-14,1.509903313490213e-14,NaN,34,LOCALLY_SOLVED,residual_tolerance_upper_bound
416,0.5210372580452104,ADMM,1.0,0.01,70.03188133239746,36588.972048819356,36479.111281488345,0.3011607560372792,1.8988144390164052e-12,1.13423699296313,6,converged,gap_callback_with_solver_termination
416,0.5210372580452104,MEL-ADMM,1.0,0.01,15.446901321411133,36486.17719091464,36479.111281488345,0.01936974114246365,2.196354209615947e-12,0.00937914310051724,18,converged,gap_residual_and_feasibility
416,0.5210372580452104,sMEL-ADMM,1.0,0.01,1.240372,36486.613040170414,36479.111281488345,0.02056453246402263,2.0017321133991572e-13,0.008500945331949339,29,converged,gap_residual_and_feasibility
417,0.4948828550529074,IPOPT,1.0,1.0e-10,12.814998626708984,36479.11128157215,36479.11128148835,2.297128435940657e-10,1.4210854715202004e-14,NaN,33,INTERRUPTED,gap_and_residual
417,0.4948828550529074,MadNLP,1.0,0.01,19.522905349731445,36479.11128148834,36479.11128148835,3.989109031762884e-14,1.2434497875801753e-14,NaN,34,LOCALLY_SOLVED,residual_tolerance_upper_bound
417,0.4948828550529074,ADMM,1.0,0.01,69.46396827697754,36588.97204730807,36479.11128148835,0.30116075189437,6.288858322989199e-13,1.1342369830736612,6,converged,gap_callback_with_solver_termination
417,0.4948828550529074,MEL-ADMM,1.0,0.01,15.19918441772461,36486.177190952556,36479.11128148835,0.01936974124637994,3.2032154706485017e-12,0.00937914300798326,18,converged,gap_residual_and_feasibility
417,0.4948828550529074,sMEL-ADMM,1.0,0.01,1.166333,36486.57164378261,36479.11128148835,0.020451052759186506,1.9989565558375944e-13,0.00886236420527986,29,converged,gap_residual_and_feasibility
418,0.37749847041834184,IPOPT,1.0,1.0e-10,12.87984848022461,36479.111281572,36479.11128148836,2.2927404160057174e-10,1.1546319456101628e-14,NaN,32,INTERRUPTED,gap_and_residual
418,0.37749847041834184,MadNLP,1.0,0.01,19.531965255737305,36479.11128148833,36479.11128148836,7.978218063525767e-14,1.4210854715202004e-14,NaN,33,LOCALLY_SOLVED,residual_tolerance_upper_bound
418,0.37749847041834184,ADMM,1.0,0.01,71.27213478088379,36595.641415020116,36479.11128148836,0.3194434552765284,5.765221633424744e-12,1.0570795497117889,6,converged,gap_callback_with_solver_termination
418,0.37749847041834184,MEL-ADMM,1.0,0.01,15.142440795898438,36486.08471276235,36479.11128148836,0.0191162312595263,3.810285420513537e-13,0.009397189594600341,18,converged,gap_residual_and_feasibility
418,0.37749847041834184,sMEL-ADMM,1.0,0.01,1.2612910000000002,36485.01188929196,36479.11128148836,0.01617530580192053,1.9984014443252818e-13,0.007197316524147013,33,converged,gap_residual_and_feasibility
419,0.5145190005248717,IPOPT,1.0,1.0e-10,14.159917831420898,36479.11128157215,36479.11128148834,2.297527346843834e-10,1.1546319456101628e-14,NaN,33,INTERRUPTED,gap_and_residual
419,0.5145190005248717,MadNLP,1.0,0.01,20.061969757080078,36479.11128148836,36479.11128148834,5.983663547644329e-14,1.1546319456101628e-14,NaN,34,LOCALLY_SOLVED,residual_tolerance_upper_bound
419,0.5145190005248717,ADMM,1.0,0.01,71.72989845275879,36588.972047959665,36479.11128148834,0.30116075368063333,3.97015753605956e-13,1.134236988406757,6,converged,gap_callback_with_solver_termination
419,0.5145190005248717,MEL-ADMM,1.0,0.01,15.299797058105469,36486.17719089494,36479.11128148834,0.019369741088471067,2.5751623056180506e-12,0.00937914339473167,18,converged,gap_residual_and_feasibility
419,0.5145190005248717,sMEL-ADMM,1.0,0.01,1.125125,36486.602585696295,36479.11128148834,0.020535873667949064,2.0028423364237824e-13,0.008591860230975357,29,converged,gap_residual_and_feasibility
420,0.4435711526889522,IPOPT,1.0,1.0e-10,12.855052947998047,36479.111281572055,36479.11128148833,2.295133881424777e-10,9.769962616701378e-15,NaN,33,INTERRUPTED,gap_and_residual
420,0.4435711526889522,MadNLP,1.0,0.01,19.77396011352539,36479.11128148833,36479.11128148833,0.0,1.1546319456101628e-14,NaN,34,LOCALLY_SOLVED,residual_tolerance_upper_bound
420,0.4435711526889522,ADMM,1.0,0.01,68.79615783691406,36588.97205512338,36479.11128148833,0.3011607733184986,4.0323300254385686e-13,1.1342369976964832,6,converged,gap_callback_with_solver_termination
420,0.4435711526889522,MEL-ADMM,1.0,0.01,15.116691589355469,36486.177190936716,36479.11128148833,0.019369741203018334,3.355482558475842e-12,0.009379143427012515,18,converged,gap_residual_and_feasibility
420,0.4435711526889522,sMEL-ADMM,1.0,0.01,1.347627,36485.907029218055,36479.11128148833,0.018629148274159478,2.0056178939853453e-13,0.006507183046538856,35,converged,gap_residual_and_feasibility
421,0.5386935456292101,IPOPT,1.0,1.0e-10,14.369964599609375,36479.11128157214,36479.111281488316,2.297926257747012e-10,1.3322676295501878e-14,NaN,33,INTERRUPTED,gap_and_residual
421,0.5386935456292101,MadNLP,1.0,0.01,21.647930145263672,36479.111281488345,36479.111281488316,7.978218063525777e-14,1.2434497875801753e-14,NaN,34,LOCALLY_SOLVED,residual_tolerance_upper_bound
421,0.5386935456292101,ADMM,1.0,0.01,70.21236419677734,36588.972048602365,36479.111281488316,0.30116075544252324,5.588862705963038e-13,1.1342369855293342,6,converged,gap_callback_with_solver_termination
421,0.5386935456292101,MEL-ADMM,1.0,0.01,15.506505966186523,36486.177190943,36479.111281488316,0.019369741220291184,2.9058977446538847e-12,0.009379143086269082,18,converged,gap_residual_and_feasibility
421,0.5386935456292101,sMEL-ADMM,1.0,0.01,1.154628,36486.641557502284,36479.111281488316,0.020642706879180017,2.0128343436454088e-13,0.00861434241049075,29,converged,gap_residual_and_feasibility
422,0.43984837616097167,IPOPT,1.0,1.0e-10,12.906074523925781,36479.111281572055,36479.11128148835,2.294535515070011e-10,1.687538997430238e-14,NaN,33,INTERRUPTED,gap_and_residual
422,0.43984837616097167,MadNLP,1.0,0.01,19.379854202270508,36479.11128148836,36479.11128148835,1.994554515881442e-14,1.4210854715202004e-14,NaN,34,LOCALLY_SOLVED,residual_tolerance_upper_bound
422,0.43984837616097167,ADMM,1.0,0.01,69.62752342224121,36588.97205542645,36479.11128148835,0.3011607741492503,6.637468352721498e-13,1.1342369942617996,6,converged,gap_callback_with_solver_termination
422,0.43984837616097167,MEL-ADMM,1.0,0.01,15.470743179321289,36486.17719099978,36479.11128148835,0.019369741375826525,4.875155834582756e-12,0.009379143379805832,18,converged,gap_residual_and_feasibility
422,0.43984837616097167,sMEL-ADMM,1.0,0.01,1.3802910000000002,36485.72438329956,36479.11128148835,0.01812846195779531,2.0028423364237824e-13,0.008703577675953866,34,converged,gap_residual_and_feasibility
423,0.5407957737722968,IPOPT,1.0,1.0e-10,13.61083984375,36479.11128157214,36479.11128148832,2.2977268022954233e-10,1.0658141036401503e-14,NaN,33,INTERRUPTED,gap_and_residual
423,0.5407957737722968,MadNLP,1.0,0.01,20.20406723022461,36479.11128148832,36479.11128148832,0.0,1.2434497875801753e-14,NaN,34,LOCALLY_SOLVED,residual_tolerance_upper_bound
423,0.5407957737722968,ADMM,1.0,0.01,71.84600830078125,36588.97204782353,36479.11128148832,0.3011607533074922,1.8597345885495997e-12,1.1342369866563242,6,converged,gap_callback_with_solver_termination
423,0.5407957737722968,MEL-ADMM,1.0,0.01,15.301704406738281,36486.17719104715,36479.11128148832,0.019369741505771768,5.757172516496212e-12,0.009379143152369096,18,converged,gap_residual_and_feasibility
423,0.5407957737722968,sMEL-ADMM,1.0,0.01,1.254707,36486.64498086816,36479.11128148832,0.02065209133440911,2.0039525594484076e-13,0.008656874787812185,29,converged,gap_residual_and_feasibility
424,0.26546678769345317,IPOPT,1.0,1.0e-10,14.981985092163086,36479.111281571444,36479.11128148833,2.2783796234913728e-10,1.1546319456101628e-14,NaN,34,INTERRUPTED,gap_and_residual
424,0.26546678769345317,MadNLP,1.0,0.01,20.854949951171875,36479.11128148834,36479.11128148833,1.9945545158814434e-14,1.3322676295501878e-14,NaN,35,LOCALLY_SOLVED,residual_tolerance_upper_bound
424,0.26546678769345317,ADMM,1.0,0.01,76.6904354095459,36609.33141647926,36479.11128148833,0.35697178581489053,8.448519661641285e-12,1.5147102443461642,6,converged,gap_callback_with_solver_termination
424,0.26546678769345317,MEL-ADMM,1.0,0.01,13.339042663574219,36486.491509116815,36479.11128148833,0.020231380012345042,7.570610804918942e-13,0.006433625511824914,16,converged,gap_residual_and_feasibility
424,0.26546678769345317,sMEL-ADMM,1.0,0.01,1.7181250000000001,36485.08459690754,36479.11128148833,0.016374618814352603,2.0050627824730327e-13,0.007325835896915933,39,converged,gap_residual_and_feasibility
425,0.6422992156325333,IPOPT,1.0,1.0e-10,13.177156448364258,36479.111281575715,36479.11128148832,2.395659429025202e-10,1.4210854715202004e-14,NaN,34,INTERRUPTED,gap_and_residual
425,0.6422992156325333,MadNLP,1.0,0.01,20.09892463684082,36479.11128148833,36479.11128148832,1.9945545158814437e-14,1.3322676295501878e-14,NaN,35,LOCALLY_SOLVED,residual_tolerance_upper_bound
425,0.6422992156325333,ADMM,1.0,0.01,74.51486587524414,36564.93645802847,36479.11128148832,0.2352721147121162,1.7162937737680295e-12,1.148680069293695,6,converged,gap_callback_with_solver_termination
425,0.6422992156325333,MEL-ADMM,1.0,0.01,13.172626495361328,36485.97946744207,36479.11128148832,0.01882772280483642,4.729550084903167e-12,0.00947480401499945,16,converged,gap_residual_and_feasibility
425,0.6422992156325333,sMEL-ADMM,1.0,0.01,1.4648700000000001,36486.11674485738,36479.11128148832,0.01920404067687558,2.0095036745715333e-13,0.008451023491117482,32,converged,gap_residual_and_feasibility
426,0.6408613588716928,IPOPT,1.0,1.0e-10,14.703035354614258,36479.11128148836,36479.11128148836,0.0,1.0658141036401503e-14,NaN,34,INTERRUPTED,gap_and_residual
426,0.6408613588716928,MadNLP,1.0,0.01,19.88506317138672,36479.11128148835,36479.11128148836,1.9945545158814418e-14,1.5987211554602254e-14,NaN,35,LOCALLY_SOLVED,residual_tolerance_upper_bound
426,0.6408613588716928,ADMM,1.0,0.01,72.9527473449707,36565.984586856524,36479.11128148836,0.23814534487370873,1.513789094076401e-12,1.1501159708785833,6,converged,gap_callback_with_solver_termination
426,0.6408613588716928,MEL-ADMM,1.0,0.01,13.280391693115234,36485.971794775694,36479.11128148836,0.018806689763892073,1.042721464727947e-12,0.009670937970819082,16,converged,gap_residual_and_feasibility
426,0.6408613588716928,sMEL-ADMM,1.0,0.01,1.129955,36486.115380190626,36479.11128148836,0.019200299722817137,2.0061730054976579e-13,0.008452199381631331,32,converged,gap_residual_and_feasibility
427,0.74520995790518,IPOPT,1.0,1.0e-10,13.969898223876953,36479.11128156987,36479.111281488345,2.2348983350451565e-10,1.3322676295501878e-14,NaN,34,INTERRUPTED,gap_and_residual
427,0.74520995790518,MadNLP,1.0,0.01,20.071983337402344,36479.11128148835,36479.111281488345,1.9945545158814427e-14,1.0658141036401503e-14,NaN,35,LOCALLY_SOLVED,residual_tolerance_upper_bound
427,0.74520995790518,ADMM,1.0,0.01,87.84174919128418,36532.06754344022,36479.111281488345,0.14516872832576283,3.5349501104064984e-13,0.8339105131019311,7,converged,gap_callback_with_solver_termination
427,0.74520995790518,MEL-ADMM,1.0,0.01,14.173030853271484,36485.72848671058,36479.111281488345,0.01813971061731929,2.9740654383658693e-12,0.008685339933588665,17,converged,gap_residual_and_feasibility
427,0.74520995790518,sMEL-ADMM,1.0,0.01,1.19854,36486.72515818781,36479.111281488345,0.020871881008039904,2.007283228522283e-13,0.008130536321388604,30,converged,gap_residual_and_feasibility
428,0.6397665094456879,IPOPT,1.0,1.0e-10,13.621091842651367,36479.11128148835,36479.11128148835,0.0,1.0658141036401503e-14,NaN,34,INTERRUPTED,gap_and_residual
428,0.6397665094456879,MadNLP,1.0,0.01,20.190000534057617,36479.11128148833,36479.11128148835,5.983663547644327e-14,1.1546319456101628e-14,NaN,35,LOCALLY_SOLVED,residual_tolerance_upper_bound
428,0.6397665094456879,ADMM,1.0,0.01,75.29664039611816,36566.79304688551,36479.11128148835,0.24036157219009394,4.847233725513433e-13,1.152763364202067,6,converged,gap_callback_with_solver_termination
428,0.6397665094456879,MEL-ADMM,1.0,0.01,13.545751571655273,36485.96605942861,36479.11128148835,0.018790967486470637,7.566169912820442e-13,0.009819027786525325,16,converged,gap_residual_and_feasibility
428,0.6397665094456879,sMEL-ADMM,1.0,0.01,1.173833,36486.11434335666,36479.11128148835,0.01919745745522683,1.9972912213006566e-13,0.008453097506883722,32,converged,gap_residual_and_feasibility
429,0.623643386792978,IPOPT,1.0,1.0e-10,14.506816864013672,36479.11128156951,36479.111281488345,2.2249255624657492e-10,9.769962616701378e-15,NaN,33,INTERRUPTED,gap_and_residual
429,0.623643386792978,MadNLP,1.0,0.01,20.53999900817871,36479.11128148834,36479.111281488345,1.9945545158814427e-14,9.769962616701378e-15,NaN,34,LOCALLY_SOLVED,residual_tolerance_upper_bound
429,0.623643386792978,ADMM,1.0,0.01,75.29759407043457,36579.79428997575,36479.111281488345,0.27600181295670523,1.7240653349404056e-12,1.169299605669119,6,converged,gap_callback_with_solver_termination
429,0.623643386792978,MEL-ADMM,1.0,0.01,15.337705612182617,36485.87170570963,36479.111281488345,0.01853231612228008,2.3383517344655047e-12,0.009591965050071316,18,converged,gap_residual_and_feasibility
429,0.623643386792978,sMEL-ADMM,1.0,0.01,1.186623,36486.10004948614,36479.111281488345,0.019158273741546755,2.007283228522283e-13,0.008465869169567597,32,converged,gap_residual_and_feasibility
430,0.35602262293249,IPOPT,1.0,1.0e-10,12.670040130615234,36479.11134599945,36479.11128148834,1.7684398486340275e-7,1.2434497875801753e-14,NaN,32,INTERRUPTED,gap_and_residual
430,0.35602262293249,MadNLP,1.0,0.01,19.421100616455078,36479.111281488345,36479.11128148834,1.994554515881443e-14,1.509903313490213e-14,NaN,34,LOCALLY_SOLVED,residual_tolerance_upper_bound
430,0.35602262293249,ADMM,1.0,0.01,71.77877426147461,36585.59203484973,36479.11128148834,0.29189514113910897,5.202838160300871e-12,1.1703513047801435,6,converged,gap_callback_with_solver_termination
430,0.35602262293249,MEL-ADMM,1.0,0.01,15.37775993347168,36485.94254707391,36479.11128148834,0.018726513189580827,9.179323967600794e-13,0.009516125333428604,18,converged,gap_residual_and_feasibility
430,0.35602262293249,sMEL-ADMM,1.0,0.01,1.389997,36485.39793790689,36479.11128148834,0.017233578883111503,2.0000667788622195e-13,0.005997606327628802,36,converged,gap_residual_and_feasibility
431,0.3005114112737846,IPOPT,1.0,1.0e-10,14.215946197509766,36479.111281571684,36479.11128148832,2.2851611088453703e-10,1.1546319456101628e-14,NaN,34,INTERRUPTED,gap_and_residual
431,0.3005114112737846,MadNLP,1.0,0.01,19.756078720092773,36479.11128148834,36479.11128148832,3.9891090317628874e-14,1.1546319456101628e-14,NaN,35,LOCALLY_SOLVED,residual_tolerance_upper_bound
431,0.3005114112737846,ADMM,1.0,0.01,75.20890235900879,36553.12548534015,36479.11128148832,0.2028947560720414,1.61393121089759e-12,1.1139173750259195,6,converged,gap_callback_with_solver_termination
431,0.3005114112737846,MEL-ADMM,1.0,0.01,13.51022720336914,36486.2139977073,36479.11128148832,0.019470639413802823,7.370215548974102e-13,0.005561889988408453,16,converged,gap_residual_and_feasibility
431,0.3005114112737846,sMEL-ADMM,1.0,0.01,1.59596,36484.88631074068,36479.11128148832,0.01583105796573128,2.0067281170099704e-13,0.006025970562664185,39,converged,gap_residual_and_feasibility
432,0.3242111977023671,IPOPT,1.0,1.0e-10,13.51308822631836,36479.11128157178,36479.11128148833,2.2875545742644276e-10,1.2434497875801753e-14,NaN,34,INTERRUPTED,gap_and_residual
432,0.3242111977023671,MadNLP,1.0,0.01,21.73900604248047,36479.11128148834,36479.11128148833,1.9945545158814434e-14,1.2434497875801753e-14,NaN,35,LOCALLY_SOLVED,residual_tolerance_upper_bound
432,0.3242111977023671,ADMM,1.0,0.01,74.55563545227051,36559.73930022321,36479.11128148833,0.22102517277003267,1.3913870056114774e-12,1.1431829748616096,6,converged,gap_callback_with_solver_termination
432,0.3242111977023671,MEL-ADMM,1.0,0.01,13.217687606811523,36486.03357019814,36479.11128148833,0.018976034411563085,1.3806733534238447e-12,0.008812122868718575,16,converged,gap_residual_and_feasibility
432,0.3242111977023671,sMEL-ADMM,1.0,0.01,1.377292,36485.027143322666,36479.11128148833,0.01621712159785382,1.9945156637390937e-13,0.008704781846027743,35,converged,gap_residual_and_feasibility
433,0.40416051104965073,IPOPT,1.0,1.0e-10,13.47494125366211,36479.11128157197,36479.11128148834,2.2925409605541306e-10,1.4210854715202004e-14,NaN,33,INTERRUPTED,gap_and_residual
433,0.40416051104965073,MadNLP,1.0,0.01,20.40410041809082,36479.11128148834,36479.11128148834,0.0,1.4210854715202004e-14,NaN,34,LOCALLY_SOLVED,residual_tolerance_upper_bound
433,0.40416051104965073,ADMM,1.0,0.01,71.70629501342773,36588.972056599014,36479.11128148834,0.3011607773636346,1.56935575645889e-12,1.1342369930582121,6,converged,gap_callback_with_solver_termination
433,0.40416051104965073,MEL-ADMM,1.0,0.01,15.42520523071289,36486.177190867274,36479.11128148834,0.0193697410126381,3.180011809433836e-12,0.00937914402569362,18,converged,gap_residual_and_feasibility
433,0.40416051104965073,sMEL-ADMM,1.0,0.01,1.499122,36485.55647146371,36479.11128148834,0.017668166106448162,1.9984014443252818e-13,0.0038743723476724057,35,converged,gap_residual_and_feasibility
434,0.432756053224947,IPOPT,1.0,1.0e-10,13.339042663574219,36479.111281572084,36479.11128148834,2.295732247779541e-10,1.3322676295501878e-14,NaN,33,INTERRUPTED,gap_and_residual
434,0.432756053224947,MadNLP,1.0,0.01,20.144224166870117,36479.11128148835,36479.11128148834,3.989109031762886e-14,1.1546319456101628e-14,NaN,34,LOCALLY_SOLVED,residual_tolerance_upper_bound
434,0.432756053224947,ADMM,1.0,0.01,70.9829330444336,36588.972054836944,36479.11128148834,0.30116077253328233,1.3166689960542044e-12,1.1342369919467137,6,converged,gap_callback_with_solver_termination
434,0.432756053224947,MEL-ADMM,1.0,0.01,15.427589416503906,36486.17719090147,36479.11128148834,0.019369741106382166,1.954936212911207e-12,0.009379143172631998,18,converged,gap_residual_and_feasibility
434,0.432756053224947,sMEL-ADMM,1.0,0.01,1.426828,36485.51196096167,36479.11128148834,0.0175461496962968,2.0011770018868447e-13,0.008832196282257954,33,converged,gap_residual_and_feasibility
435,0.5797811610654409,IPOPT,1.0,1.0e-10,14.322042465209961,36479.11128157206,36479.11128148835,2.2947349705215992e-10,1.509903313490213e-14,NaN,33,INTERRUPTED,gap_and_residual
435,0.5797811610654409,MadNLP,1.0,0.01,19.839048385620117,36479.11128148834,36479.11128148835,3.989109031762884e-14,1.2434497875801753e-14,NaN,34,LOCALLY_SOLVED,residual_tolerance_upper_bound
435,0.5797811610654409,ADMM,1.0,0.01,72.45826721191406,36590.08283231658,36479.11128148835,0.3042057411210502,1.0874634526203408e-12,1.1273765255754613,6,converged,gap_callback_with_solver_termination
435,0.5797811610654409,MEL-ADMM,1.0,0.01,15.618324279785156,36486.163117346965,36479.11128148835,0.019331161343809484,3.857358876757644e-12,0.0093837505597687,18,converged,gap_residual_and_feasibility
435,0.5797811610654409,sMEL-ADMM,1.0,0.01,1.119959,36486.71031516781,36479.11128148835,0.02083119191369342,2.0083934515469082e-13,0.009420753931488335,29,converged,gap_residual_and_feasibility
436,0.6817086592430135,IPOPT,1.0,1.0e-10,13.756990432739258,36479.11134600732,36479.11128148833,1.768655659432646e-7,1.4210854715202004e-14,NaN,33,INTERRUPTED,gap_and_residual
436,0.6817086592430135,MadNLP,1.0,0.01,21.214008331298828,36479.11128148836,36479.11128148833,7.978218063525773e-14,1.5987211554602254e-14,NaN,35,LOCALLY_SOLVED,residual_tolerance_upper_bound
436,0.6817086592430135,ADMM,1.0,0.01,76.07555389404297,36577.14372740781,36479.11128148833,0.26873583943156304,4.351519145018301e-12,1.1375904847148703,6,converged,gap_callback_with_solver_termination
436,0.6817086592430135,MEL-ADMM,1.0,0.01,13.666391372680664,36486.274905608945,36479.11128148833,0.01963760593106748,6.519229600598919e-13,0.004304951997987416,16,converged,gap_residual_and_feasibility
436,0.6817086592430135,sMEL-ADMM,1.0,0.01,1.023378,36486.57133268229,36479.11128148833,0.0204501999415285,1.9950707752514063e-13,0.009521646278690454,30,converged,gap_residual_and_feasibility
437,0.4820582517485062,IPOPT,1.0,1.0e-10,12.763023376464844,36479.11128157212,36479.11128148833,2.2969289804890702e-10,1.4210854715202004e-14,NaN,33,INTERRUPTED,gap_and_residual
437,0.4820582517485062,MadNLP,1.0,0.01,20.169973373413086,36479.11128148835,36479.11128148833,5.98366354764433e-14,9.769962616701378e-15,NaN,34,LOCALLY_SOLVED,residual_tolerance_upper_bound
437,0.4820582517485062,ADMM,1.0,0.01,70.41501998901367,36588.97204749947,36479.11128148833,0.30116075241911755,1.3459788839043085e-12,1.1342369868637352,6,converged,gap_callback_with_solver_termination
437,0.4820582517485062,MEL-ADMM,1.0,0.01,15.265226364135742,36486.1771908402,36479.11128148833,0.01936974093844068,9.91040582931646e-13,0.009379143297208792,18,converged,gap_residual_and_feasibility
437,0.4820582517485062,sMEL-ADMM,1.0,0.01,1.330918,36486.55204844867,36479.11128148833,0.020397336171165698,2.0017321133991572e-13,0.009083734026487988,29,converged,gap_residual_and_feasibility
438,0.37485339179103666,IPOPT,1.0,1.0e-10,14.659881591796875,36479.11128155536,36479.111281488345,1.8369847091268087e-10,1.2434497875801753e-14,NaN,33,INTERRUPTED,gap_and_residual
438,0.37485339179103666,MadNLP,1.0,0.01,19.960880279541016,36479.11128148834,36479.111281488345,1.9945545158814427e-14,1.2434497875801753e-14,NaN,34,LOCALLY_SOLVED,residual_tolerance_upper_bound
438,0.37485339179103666,ADMM,1.0,0.01,71.7921257019043,36596.61579145909,36479.111281488345,0.3221145083936596,2.155831069217129e-12,1.093459990896302,6,converged,gap_callback_with_solver_termination
438,0.37485339179103666,MEL-ADMM,1.0,0.01,15.481948852539062,36486.06780712997,36479.111281488345,0.019069887936537036,2.2752355555155646e-12,0.009388124441005452,18,converged,gap_residual_and_feasibility
438,0.37485339179103666,sMEL-ADMM,1.0,0.01,1.386875,36485.001420690336,36479.111281488345,0.016146608278200247,1.9984014443252818e-13,0.007705877121580329,33,converged,gap_residual_and_feasibility
439,0.5248221101174559,IPOPT,1.0,1.0e-10,14.390945434570312,36479.11128157217,36479.11128148837,2.2973278913922442e-10,1.4210854715202004e-14,NaN,33,INTERRUPTED,gap_and_residual
439,0.5248221101174559,MadNLP,1.0,0.01,19.44589614868164,36479.11128148833,36479.11128148837,9.972772579407208e-14,1.3322676295501878e-14,NaN,34,LOCALLY_SOLVED,residual_tolerance_upper_bound
439,0.5248221101174559,ADMM,1.0,0.01,69.50759887695312,36588.97204878384,36479.11128148837,0.301160755939865,3.5349501104064984e-13,1.1342369923650049,6,converged,gap_callback_with_solver_termination
439,0.5248221101174559,MEL-ADMM,1.0,0.01,15.185356140136719,36486.17719100324,36479.11128148837,0.019369741385280706,4.441780276920326e-12,0.009379143042358429,18,converged,gap_residual_and_feasibility
439,0.5248221101174559,sMEL-ADMM,1.0,0.01,1.2617909999999999,36486.61912473332,36479.11128148837,0.020581212044937396,2.0017321133991572e-13,0.008445229557803913,29,converged,gap_residual_and_feasibility
440,0.4804912507829505,IPOPT,1.0,1.0e-10,12.851953506469727,36479.11128157216,36479.11128148833,2.297926257747011e-10,1.2434497875801753e-14,NaN,33,INTERRUPTED,gap_and_residual
440,0.4804912507829505,MadNLP,1.0,0.01,20.320892333984375,36479.11128148835,36479.11128148833,5.98366354764433e-14,1.1546319456101628e-14,NaN,34,LOCALLY_SOLVED,residual_tolerance_upper_bound
440,0.4804912507829505,ADMM,1.0,0.01,69.82707977294922,36588.97204808753,36479.11128148833,0.30116075403117637,2.3679946892229964e-12,1.1342369861187258,6,converged,gap_callback_with_solver_termination
440,0.4804912507829505,MEL-ADMM,1.0,0.01,15.480279922485352,36486.17719091186,36479.11128148833,0.019369741134884353,3.2305269570542805e-12,0.009379143491111464,18,converged,gap_residual_and_feasibility
440,0.4804912507829505,sMEL-ADMM,1.0,0.01,1.097998,36486.54954503818,36479.11128148833,0.02039047358487151,2.010058786083846e-13,0.00910897818088685,29,converged,gap_residual_and_feasibility
441,0.5640885432211097,IPOPT,1.0,1.0e-10,14.614105224609375,36479.11128157209,36479.111281488345,2.2957322477795405e-10,1.3322676295501878e-14,NaN,33,INTERRUPTED,gap_and_residual
441,0.5640885432211097,MadNLP,1.0,0.01,19.122838973999023,36479.111281488345,36479.111281488345,0.0,1.3322676295501878e-14,NaN,34,LOCALLY_SOLVED,residual_tolerance_upper_bound
441,0.5640885432211097,ADMM,1.0,0.01,69.82946395874023,36588.972051683326,36479.111281488345,0.3011607638882647,9.844347559351263e-13,1.1342369896413773,6,converged,gap_callback_with_solver_termination
441,0.5640885432211097,MEL-ADMM,1.0,0.01,15.027761459350586,36486.17719081243,36479.111281488345,0.019369740862268635,1.2146950112423838e-12,0.00937914374605775,18,converged,gap_residual_and_feasibility
441,0.5640885432211097,sMEL-ADMM,1.0,0.01,1.055792,36486.68371043748,36479.111281488345,0.020758260503392,2.0039525594484076e-13,0.009118589227721685,29,converged,gap_residual_and_feasibility
442,0.3080241905997568,IPOPT,1.0,1.0e-10,13.926029205322266,36479.1112815717,36479.11128148834,2.2851611088453692e-10,1.1546319456101628e-14,NaN,34,INTERRUPTED,gap_and_residual
442,0.3080241905997568,MadNLP,1.0,0.01,19.95992660522461,36479.11128148833,36479.11128148834,1.994554515881443e-14,1.509903313490213e-14,NaN,35,LOCALLY_SOLVED,residual_tolerance_upper_bound
442,0.3080241905997568,ADMM,1.0,0.01,75.77681541442871,36550.99662151702,36479.11128148834,0.19705891263080585,2.326805415009403e-12,1.1133701384735062,6,converged,gap_callback_with_solver_termination
442,0.3080241905997568,MEL-ADMM,1.0,0.01,13.361930847167969,36486.1626731449,36479.11128148834,0.01932994365501376,6.94999613415348e-13,0.006396885363877836,16,converged,gap_residual_and_feasibility
442,0.3080241905997568,sMEL-ADMM,1.0,0.01,1.7772059999999998,36484.9344314927,36479.11128148834,0.015962971135530697,2.0028423364237824e-13,0.005280971846559623,39,converged,gap_residual_and_feasibility
443,0.6578765998169902,IPOPT,1.0,1.0e-10,13.125896453857422,36479.11134601085,36479.111281488345,1.768752195871214e-7,1.1546319456101628e-14,NaN,33,INTERRUPTED,gap_and_residual
443,0.6578765998169902,MadNLP,1.0,0.01,21.85797691345215,36479.11128148835,36479.111281488345,1.9945545158814427e-14,1.4210854715202004e-14,NaN,35,LOCALLY_SOLVED,residual_tolerance_upper_bound
443,0.6578765998169902,ADMM,1.0,0.01,74.38135147094727,36558.009504324735,36479.111281488345,0.2162832921766571,1.414313111069987e-12,1.13191243720527,6,converged,gap_callback_with_solver_termination
443,0.6578765998169902,MEL-ADMM,1.0,0.01,13.320446014404297,36486.081759809764,36479.111281488345,0.01910813634584232,4.050981772252271e-12,0.007220553286252596,16,converged,gap_residual_and_feasibility
443,0.6578765998169902,sMEL-ADMM,1.0,0.01,1.255668,36486.13415512758,36479.111281488345,0.0192517673608863,1.9972912213006566e-13,0.008439191153602366,32,converged,gap_residual_and_feasibility
444,0.5035984512174206,IPOPT,1.0,1.0e-10,14.06407356262207,36479.11128157213,36479.11128148834,2.2969289804890697e-10,1.4210854715202004e-14,NaN,33,INTERRUPTED,gap_and_residual
444,0.5035984512174206,MadNLP,1.0,0.01,20.611047744750977,36479.11128148833,36479.11128148834,1.994554515881443e-14,1.4210854715202004e-14,NaN,34,LOCALLY_SOLVED,residual_tolerance_upper_bound
444,0.5035984512174206,ADMM,1.0,0.01,71.45333290100098,36588.97204868283,36479.11128148834,0.301160755663041,2.4832358391790876e-12,1.1342369894419608,6,converged,gap_callback_with_solver_termination
444,0.5035984512174206,MEL-ADMM,1.0,0.01,15.57016372680664,36486.177190896124,36479.11128148834,0.019369741091722188,1.8153256675645935e-12,0.009379143071154061,18,converged,gap_residual_and_feasibility
444,0.5035984512174206,sMEL-ADMM,1.0,0.01,1.4506670000000002,36486.585122206256,36479.11128148834,0.020488001092587343,2.0050627824730327e-13,0.008734715523564418,29,converged,gap_residual_and_feasibility
445,0.36318363967398687,IPOPT,1.0,1.0e-10,12.900829315185547,36479.111281571175,36479.11128148835,2.2704014054278457e-10,1.3322676295501878e-14,NaN,33,INTERRUPTED,gap_and_residual
445,0.36318363967398687,MadNLP,1.0,0.01,19.533872604370117,36479.11128148832,36479.11128148835,7.978218063525768e-14,1.1546319456101628e-14,NaN,34,LOCALLY_SOLVED,residual_tolerance_upper_bound
445,0.36318363967398687,ADMM,1.0,0.01,70.06001472473145,36592.850129656705,36479.11128148835,0.31179171907641773,8.820166819134556e-13,1.1526067153803732,6,converged,gap_callback_with_solver_termination
445,0.36318363967398687,MEL-ADMM,1.0,0.01,15.800237655639648,36485.98417133863,36479.11128148835,0.018840617572176945,8.891776204222879e-13,0.009482799998987268,18,converged,gap_residual_and_feasibility
445,0.36318363967398687,sMEL-ADMM,1.0,0.01,1.307045,36485.44602744351,36479.11128148835,0.017365406482293736,1.996736109788344e-13,0.007833023909229908,36,converged,gap_residual_and_feasibility
446,0.6106660620628233,IPOPT,1.0,1.0e-10,13.015985488891602,36479.11128157164,36479.11128148833,2.2837649206842527e-10,1.1546319456101628e-14,NaN,33,INTERRUPTED,gap_and_residual
446,0.6106660620628233,MadNLP,1.0,0.01,19.27804946899414,36479.11128148835,36479.11128148833,5.98366354764433e-14,1.1546319456101628e-14,NaN,34,LOCALLY_SOLVED,residual_tolerance_upper_bound
446,0.6106660620628233,ADMM,1.0,0.01,70.23334503173828,36589.466770664556,36479.11128148833,0.30251693448525985,1.1320944182102721e-12,1.138801528403171,6,converged,gap_callback_with_solver_termination
446,0.6106660620628233,MEL-ADMM,1.0,0.01,15.358924865722656,36485.940823380784,36479.11128148833,0.01872178803851309,9.825473767932635e-13,0.009569914871320861,18,converged,gap_residual_and_feasibility
446,0.6106660620628233,sMEL-ADMM,1.0,0.01,1.390916,36486.08903159282,36479.11128148833,0.019128070447344336,1.992850329202156e-13,0.008474559148080374,32,converged,gap_residual_and_feasibility
447,0.4630039242454977,IPOPT,1.0,1.0e-10,12.72892951965332,36479.11128157212,36479.11128148833,2.2969289804890702e-10,1.2434497875801753e-14,NaN,33,INTERRUPTED,gap_and_residual
447,0.4630039242454977,MadNLP,1.0,0.01,19.746065139770508,36479.111281488345,36479.11128148833,3.989109031762887e-14,1.4210854715202004e-14,NaN,34,LOCALLY_SOLVED,residual_tolerance_upper_bound
447,0.4630039242454977,ADMM,1.0,0.01,69.09823417663574,36588.97204765398,36479.11128148833,0.3011607528426812,1.3438139490062895e-12,1.1342369850084726,6,converged,gap_callback_with_solver_termination
447,0.4630039242454977,MEL-ADMM,1.0,0.01,15.188455581665039,36486.17719090653,36479.11128148833,0.019369741120264267,1.878774913421921e-12,0.00937914305405485,18,converged,gap_residual_and_feasibility
447,0.4630039242454977,sMEL-ADMM,1.0,0.01,1.283631,36485.884781248635,36479.11128148833,0.018568160030096724,2.0056178939853453e-13,0.007300382698712582,33,converged,gap_residual_and_feasibility
448,0.36417865025948365,IPOPT,1.0,1.0e-10,13.017892837524414,36479.11128157134,36479.111281488345,2.2751883362659616e-10,1.509903313490213e-14,NaN,33,INTERRUPTED,gap_and_residual
448,0.36417865025948365,MadNLP,1.0,0.01,19.143104553222656,36479.111281488345,36479.111281488345,0.0,1.0658141036401503e-14,NaN,34,LOCALLY_SOLVED,residual_tolerance_upper_bound
448,0.36417865025948365,ADMM,1.0,0.01,70.70183753967285,36594.1543866166,36479.111281488345,0.3153670719676695,1.8279822100453202e-12,1.1567001614876258,6,converged,gap_callback_with_solver_termination
448,0.36417865025948365,MEL-ADMM,1.0,0.01,14.94145393371582,36485.99188606678,36479.111281488345,0.018861765916782038,9.144351942325102e-13,0.009450625323543349,18,converged,gap_residual_and_feasibility
448,0.36417865025948365,sMEL-ADMM,1.0,0.01,1.731336,36485.452087562466,36479.111281488345,0.017382019055212118,1.9978463328129692e-13,0.008077886581270732,36,converged,gap_residual_and_feasibility
449,0.289999280932816,IPOPT,1.0,1.0e-10,13.557910919189453,36479.111281571604,36479.111281488345,2.2823687325231348e-10,1.1546319456101628e-14,NaN,34,INTERRUPTED,gap_and_residual
449,0.289999280932816,MadNLP,1.0,0.01,20.626068115234375,36479.11128148833,36479.111281488345,3.9891090317628855e-14,1.2434497875801753e-14,NaN,35,LOCALLY_SOLVED,residual_tolerance_upper_bound
449,0.289999280932816,ADMM,1.0,0.01,75.67667961120605,36561.13333856417,36479.111281488345,0.22484664289902134,4.977129819394577e-13,1.1142511282324818,6,converged,gap_callback_with_solver_termination
449,0.289999280932816,MEL-ADMM,1.0,0.01,13.72981071472168,36486.292396026416,36479.111281488345,0.01968555232241858,1.8712809080057013e-12,0.00441843366255501,16,converged,gap_residual_and_feasibility
449,0.289999280932816,sMEL-ADMM,1.0,0.01,1.670706,36484.86766834162,36479.111281488345,0.015779953653079912,1.9984014443252818e-13,0.006652274884521248,39,converged,gap_residual_and_feasibility
450,0.29819262913502487,IPOPT,1.0,1.0e-10,14.393091201782227,36479.11128157163,36479.111281488345,2.2831665543294874e-10,1.509903313490213e-14,NaN,34,INTERRUPTED,gap_and_residual
450,0.29819262913502487,MadNLP,1.0,0.01,20.656108856201172,36479.111281488345,36479.111281488345,0.0,1.1546319456101628e-14,NaN,35,LOCALLY_SOLVED,residual_tolerance_upper_bound
450,0.29819262913502487,ADMM,1.0,0.01,75.46329498291016,36554.40440378092,36479.111281488345,0.20640064861115318,2.0106694087473898e-12,1.1144137784748525,6,converged,gap_callback_with_solver_termination
450,0.29819262913502487,MEL-ADMM,1.0,0.01,13.322591781616211,36486.23009804026,36479.111281488345,0.01951477517360728,3.410605131648481e-13,0.005307437696165707,16,converged,gap_residual_and_feasibility
450,0.29819262913502487,sMEL-ADMM,1.0,0.01,1.682039,36484.87711731024,36479.111281488345,0.01580585606213413,2.0028423364237824e-13,0.006280112522722092,39,converged,gap_residual_and_feasibility
451,0.7145555677274995,IPOPT,1.0,1.0e-10,14.198064804077148,36479.11128157181,36479.11128148834,2.2881529406191915e-10,1.509903313490213e-14,NaN,34,INTERRUPTED,gap_and_residual
451,0.7145555677274995,MadNLP,1.0,0.01,19.984960556030273,36479.11128148833,36479.11128148834,1.994554515881443e-14,1.2434497875801753e-14,NaN,35,LOCALLY_SOLVED,residual_tolerance_upper_bound
451,0.7145555677274995,ADMM,1.0,0.01,76.1258602142334,36685.05217687237,36479.11128148834,0.5645447165499853,7.154277170684509e-13,1.8728018091806446,6,converged,gap_callback_with_solver_termination
451,0.7145555677274995,MEL-ADMM,1.0,0.01,13.63062858581543,36486.58338193695,36479.11128148834,0.020483230501299386,6.364908600176022e-13,0.008577381711247334,16,converged,gap_residual_and_feasibility
451,0.7145555677274995,sMEL-ADMM,1.0,0.01,1.1811250000000002,36486.648820456234,36479.11128148834,0.02066261677740122,2.0061730054976579e-13,0.008765726399431628,30,converged,gap_residual_and_feasibility
452,0.44680006630195696,IPOPT,1.0,1.0e-10,13.011932373046875,36479.11128157207,36479.11128148835,2.2949344259731874e-10,1.5987211554602254e-14,NaN,33,INTERRUPTED,gap_and_residual
452,0.44680006630195696,MadNLP,1.0,0.01,21.0111141204834,36479.11128148836,36479.11128148835,1.994554515881442e-14,1.0658141036401503e-14,NaN,34,LOCALLY_SOLVED,residual_tolerance_upper_bound
452,0.44680006630195696,ADMM,1.0,0.01,70.72257995605469,36588.9720554866,36479.11128148835,0.3011607743141401,2.078559546703218e-12,1.1342370002564932,6,converged,gap_callback_with_solver_termination
452,0.44680006630195696,MEL-ADMM,1.0,0.01,15.34414291381836,36486.17719092656,36479.11128148835,0.019369741175114506,2.5422441929379147e-12,0.009379143142545843,18,converged,gap_residual_and_feasibility
452,0.44680006630195696,sMEL-ADMM,1.0,0.01,1.4255010000000001,36485.93514367219,36479.11128148835,0.01870621828252135,2.0089485630592208e-13,0.009771146928715169,35,converged,gap_residual_and_feasibility
453,0.6007974006160325,IPOPT,1.0,1.0e-10,13.504981994628906,36479.11128157194,36479.11128148835,2.291344227844601e-10,1.2434497875801753e-14,NaN,33,INTERRUPTED,gap_and_residual
453,0.6007974006160325,MadNLP,1.0,0.01,19.369125366210938,36479.11128148832,36479.11128148835,7.978218063525768e-14,1.0658141036401503e-14,NaN,34,LOCALLY_SOLVED,residual_tolerance_upper_bound
453,0.6007974006160325,ADMM,1.0,0.01,72.1747875213623,36599.67953225269,36479.11128148835,0.33051312526223575,2.542743793298996e-12,1.160346093758604,6,converged,gap_callback_with_solver_termination
453,0.6007974006160325,MEL-ADMM,1.0,0.01,15.584707260131836,36486.01436846,36479.11128148835,0.018923396785566437,1.917688230435033e-12,0.009379316932326631,18,converged,gap_residual_and_feasibility
453,0.6007974006160325,sMEL-ADMM,1.0,0.01,1.064458,36486.74683012986,36479.11128148835,0.02093129019121619,2.0017321133991572e-13,0.00981923153458375,29,converged,gap_residual_and_feasibility
454,0.5900750293285437,IPOPT,1.0,1.0e-10,14.242887496948242,36479.11128157203,36479.11128148834,2.294336059618424e-10,1.1546319456101628e-14,NaN,33,INTERRUPTED,gap_and_residual
454,0.5900750293285437,MadNLP,1.0,0.01,19.806861877441406,36479.11128148833,36479.11128148834,1.994554515881443e-14,1.0658141036401503e-14,NaN,34,LOCALLY_SOLVED,residual_tolerance_upper_bound
454,0.5900750293285437,ADMM,1.0,0.01,72.53193855285645,36595.89314516466,36479.11128148834,0.32013352182617627,5.930811397547586e-13,1.065880382767169,6,converged,gap_callback_with_solver_termination
454,0.5900750293285437,MEL-ADMM,1.0,0.01,16.302824020385742,36486.09060824173,36479.11128148834,0.019132392506862793,8.260059303211165e-13,0.009403094182921734,18,converged,gap_residual_and_feasibility
454,0.5900750293285437,sMEL-ADMM,1.0,0.01,1.2489160000000001,36486.72806219321,36479.11128148834,0.020879841743115062,2.0017321133991572e-13,0.009616479197880778,29,converged,gap_residual_and_feasibility
455,0.2887473575571305,IPOPT,1.0,1.0e-10,14.55378532409668,36479.1112815716,36479.11128148833,2.2825681879747238e-10,1.0658141036401503e-14,NaN,34,INTERRUPTED,gap_and_residual
455,0.2887473575571305,MadNLP,1.0,0.01,21.92997932434082,36479.11128148833,36479.11128148833,0.0,1.5987211554602254e-14,NaN,35,LOCALLY_SOLVED,residual_tolerance_upper_bound
455,0.2887473575571305,ADMM,1.0,0.01,81.0537338256836,36562.50594821727,36479.11128148833,0.2286093706763667,3.2951419370874646e-13,1.1145436521942855,6,converged,gap_callback_with_solver_termination
455,0.2887473575571305,MEL-ADMM,1.0,0.01,14.556407928466797,36486.30225852257,36479.11128148833,0.019712588332403178,4.255540364539456e-12,0.004284875528947296,16,converged,gap_residual_and_feasibility
455,0.2887473575571305,sMEL-ADMM,1.0,0.01,2.224211,36484.868989549286,36479.11128148833,0.015783575472895748,2.000621890374532e-13,0.006625290573268217,39,converged,gap_residual_and_feasibility
456,0.618295339677444,IPOPT,1.0,1.0e-10,13.438224792480469,36479.111281570404,36479.111281488345,2.249458583011091e-10,1.3322676295501878e-14,NaN,33,INTERRUPTED,gap_and_residual
456,0.618295339677444,MadNLP,1.0,0.01,19.405126571655273,36479.11128148835,36479.111281488345,1.9945545158814427e-14,1.509903313490213e-14,NaN,34,LOCALLY_SOLVED,residual_tolerance_upper_bound
456,0.618295339677444,ADMM,1.0,0.01,69.94509696960449,36583.59199804652,36479.111281488345,0.2864124505445202,3.714806240395774e-13,1.1570599833083959,6,converged,gap_callback_with_solver_termination
456,0.618295339677444,MEL-ADMM,1.0,0.01,15.441417694091797,36485.89838822966,36479.111281488345,0.0186054607771065,7.898126597183364e-13,0.009581024331912324,18,converged,gap_residual_and_feasibility
456,0.618295339677444,sMEL-ADMM,1.0,0.01,1.386167,36486.095486318256,36479.111281488345,0.019145764752922567,2.000621890374532e-13,0.008469555139413387,32,converged,gap_residual_and_feasibility
457,0.3428829809538636,IPOPT,1.0,1.0e-10,13.293981552124023,36479.11134600397,36479.11128148834,1.7685637104694635e-7,1.3322676295501878e-14,NaN,33,INTERRUPTED,gap_and_residual
457,0.3428829809538636,MadNLP,1.0,0.01,20.075082778930664,36479.111281488375,36479.11128148834,9.972772579407215e-14,1.687538997430238e-14,NaN,35,LOCALLY_SOLVED,residual_tolerance_upper_bound
457,0.3428829809538636,ADMM,1.0,0.01,71.8843936920166,36574.36773470306,36479.11128148834,0.2611260249178859,3.0730973321624333e-13,1.1687454717242582,6,converged,gap_callback_with_solver_termination
457,0.3428829809538636,MEL-ADMM,1.0,0.01,14.510869979858398,36485.857841332385,36479.11128148834,0.018494309776319356,1.5305534617482408e-12,0.009814266450826281,18,converged,gap_residual_and_feasibility
457,0.3428829809538636,sMEL-ADMM,1.0,0.01,1.436622,36485.24754212424,36479.11128148834,0.0168212996982121,2.0045076709607201e-13,0.00716048963058924,35,converged,gap_residual_and_feasibility
458,0.4130872638556095,IPOPT,1.0,1.0e-10,13.175010681152344,36479.11128157202,36479.11128148835,2.2935382378120703e-10,1.509903313490213e-14,NaN,33,INTERRUPTED,gap_and_residual
458,0.4130872638556095,MadNLP,1.0,0.01,19.75107192993164,36479.11128148835,36479.11128148835,0.0,1.9539925233402755e-14,NaN,34,LOCALLY_SOLVED,residual_tolerance_upper_bound
458,0.4130872638556095,ADMM,1.0,0.01,70.73664665222168,36588.97205589176,36479.11128148835,0.3011607754248078,9.825473767932635e-13,1.1342369964302694,6,converged,gap_callback_with_solver_termination
458,0.4130872638556095,MEL-ADMM,1.0,0.01,15.54560661315918,36486.177190952745,36479.11128148835,0.019369741246898522,4.667655151280314e-12,0.009379143793935896,18,converged,gap_residual_and_feasibility
458,0.4130872638556095,sMEL-ADMM,1.0,0.01,1.658331,36485.64438059277,36479.11128148835,0.017909150949444227,1.9978463328129692e-13,0.00863505353573224,35,converged,gap_residual_and_feasibility
459,0.41726556457870123,IPOPT,1.0,1.0e-10,14.05191421508789,36479.11128157201,36479.11128148835,2.2933387823604822e-10,1.3322676295501878e-14,NaN,33,INTERRUPTED,gap_and_residual
459,0.41726556457870123,MadNLP,1.0,0.01,19.79207992553711,36479.11128148835,36479.11128148835,0.0,1.865174681370263e-14,NaN,34,LOCALLY_SOLVED,residual_tolerance_upper_bound
459,0.41726556457870123,ADMM,1.0,0.01,71.56634330749512,36588.97205638479,36479.11128148835,0.3011607767763379,7.147060721024445e-13,1.134236997725517,6,converged,gap_callback_with_solver_termination
459,0.41726556457870123,MEL-ADMM,1.0,0.01,15.681266784667969,36486.17719086178,36479.11128148835,0.01936974099753932,1.925459791607409e-12,0.00937914365380621,18,converged,gap_residual_and_feasibility
459,0.41726556457870123,sMEL-ADMM,1.0,0.01,1.514415,36485.796702193584,36479.11128148835,0.01832670936976378,2.0050627824730327e-13,0.00435400145162923,36,converged,gap_residual_and_feasibility
460,0.5963618173092875,IPOPT,1.0,1.0e-10,14.689922332763672,36479.11128157197,36479.11128148833,2.2927404160057192e-10,1.2434497875801753e-14,NaN,33,INTERRUPTED,gap_and_residual
460,0.5963618173092875,MadNLP,1.0,0.01,20.161867141723633,36479.11128148832,36479.11128148833,1.9945545158814434e-14,9.769962616701378e-15,NaN,34,LOCALLY_SOLVED,residual_tolerance_upper_bound
460,0.5963618173092875,ADMM,1.0,0.01,71.99215888977051,36598.34427240748,36479.11128148833,0.32685278432112624,1.389777182225771e-12,1.1228924562009706,6,converged,gap_callback_with_solver_termination
460,0.5963618173092875,MEL-ADMM,1.0,0.01,15.562772750854492,36486.04671103595,36479.11128148833,0.01901205732262941,1.4942491688429982e-12,0.009368736389625987,18,converged,gap_residual_and_feasibility
460,0.5963618173092875,sMEL-ADMM,1.0,0.01,1.1331259999999999,36486.7390300056,36479.11128148833,0.02090990775079381,2.0028423364237824e-13,0.009735449027067133,29,converged,gap_residual_and_feasibility
461,0.31432761561366457,IPOPT,1.0,1.0e-10,15.356063842773438,36479.111281571735,36479.11128148833,2.2863578415548986e-10,1.2434497875801753e-14,NaN,34,INTERRUPTED,gap_and_residual
461,0.31432761561366457,MadNLP,1.0,0.01,20.2329158782959,36479.11128148833,36479.11128148833,0.0,1.2434497875801753e-14,NaN,35,LOCALLY_SOLVED,residual_tolerance_upper_bound
461,0.31432761561366457,ADMM,1.0,0.01,74.78928565979004,36552.68180955602,36479.11128148833,0.20167850992857417,3.5704772471945034e-13,1.1238005454765982,6,converged,gap_callback_with_solver_termination
461,0.31432761561366457,MEL-ADMM,1.0,0.01,13.135433197021484,36486.1162895639,36479.11128148833,0.019202792583170585,5.502265310042276e-13,0.0072066887562716175,16,converged,gap_residual_and_feasibility
461,0.31432761561366457,sMEL-ADMM,1.0,0.01,1.661954,36484.85915220301,36479.11128148833,0.015756608406183915,1.9989565558375944e-13,0.00915179445959069,38,converged,gap_residual_and_feasibility
462,0.511507347203094,IPOPT,1.0,1.0e-10,12.915849685668945,36479.11128157211,36479.11128148834,2.2965300695858936e-10,1.3322676295501878e-14,NaN,33,INTERRUPTED,gap_and_residual
462,0.511507347203094,MadNLP,1.0,0.01,19.29783821105957,36479.111281488316,36479.11128148834,5.983663547644329e-14,1.4210854715202004e-14,NaN,34,LOCALLY_SOLVED,residual_tolerance_upper_bound
462,0.511507347203094,ADMM,1.0,0.01,69.4587230682373,36588.972047983334,36479.11128148834,0.3011607537455162,1.0947909245828669e-12,1.1342369926407248,6,converged,gap_callback_with_solver_termination
462,0.511507347203094,MEL-ADMM,1.0,0.01,15.211820602416992,36486.17719089805,36479.11128148834,0.01936974109700776,2.6042501488632297e-12,0.009379143381465838,18,converged,gap_residual_and_feasibility
462,0.511507347203094,sMEL-ADMM,1.0,0.01,1.282499,36486.59776560954,36479.11128148834,0.020522660388941315,1.9972912213006566e-13,0.008631686230316404,29,converged,gap_residual_and_feasibility
463,0.43008529274865287,IPOPT,1.0,1.0e-10,13.682842254638672,36479.11128157205,36479.11128148833,2.294934425973189e-10,1.4210854715202004e-14,NaN,33,INTERRUPTED,gap_and_residual
463,0.43008529274865287,MadNLP,1.0,0.01,20.43294906616211,36479.11128148836,36479.11128148833,7.978218063525773e-14,1.1546319456101628e-14,NaN,34,LOCALLY_SOLVED,residual_tolerance_upper_bound
463,0.43008529274865287,ADMM,1.0,0.01,71.23899459838867,36588.97205622717,36479.11128148833,0.3011607763443176,1.0382250614782151e-12,1.1342370032865796,6,converged,gap_callback_with_solver_termination
463,0.43008529274865287,MEL-ADMM,1.0,0.01,15.62047004699707,36486.177190827235,36479.11128148833,0.01936974090289772,3.410605131648481e-13,0.009379143271217139,18,converged,gap_residual_and_feasibility
463,0.43008529274865287,sMEL-ADMM,1.0,0.01,1.4428329999999998,36485.93450562956,36479.11128148833,0.01870446921959034,2.0022872249114698e-13,0.009481718925313132,36,converged,gap_residual_and_feasibility
464,0.4149571630891826,IPOPT,1.0,1.0e-10,13.355016708374023,36479.11128157198,36479.11128148836,2.2923415051025411e-10,1.2434497875801753e-14,NaN,33,INTERRUPTED,gap_and_residual
464,0.4149571630891826,MadNLP,1.0,0.01,20.241975784301758,36479.11128148833,36479.11128148836,7.978218063525767e-14,1.3322676295501878e-14,NaN,34,LOCALLY_SOLVED,residual_tolerance_upper_bound
464,0.4149571630891826,ADMM,1.0,0.01,72.44110107421875,36588.97205578798,36479.11128148836,0.30116077514028455,9.746092821671937e-13,1.1342369928343468,6,converged,gap_callback_with_solver_termination
464,0.4149571630891826,MEL-ADMM,1.0,0.01,15.652894973754883,36486.17719087163,36479.11128148836,0.019369741024525638,2.4416024757556443e-12,0.009379143724704164,18,converged,gap_residual_and_feasibility
464,0.4149571630891826,sMEL-ADMM,1.0,0.01,1.393003,36485.6642417301,36479.11128148836,0.01796359618295489,2.000621890374532e-13,0.009677057374666731,35,converged,gap_residual_and_feasibility
465,0.5675423019919954,IPOPT,1.0,1.0e-10,12.789011001586914,36479.11128157211,36479.11128148834,2.2965300695858936e-10,1.3322676295501878e-14,NaN,33,INTERRUPTED,gap_and_residual
465,0.5675423019919954,MadNLP,1.0,0.01,19.75703239440918,36479.11128148834,36479.11128148834,0.0,1.1546319456101628e-14,NaN,34,LOCALLY_SOLVED,residual_tolerance_upper_bound
465,0.5675423019919954,ADMM,1.0,0.01,69.89765167236328,36588.97205237892,36479.11128148834,0.3011607657951187,1.2704282070785666e-12,1.1342369898746982,6,converged,gap_callback_with_solver_termination
465,0.5675423019919954,MEL-ADMM,1.0,0.01,15.401124954223633,36486.17719095589,36479.11128148834,0.019369741255554896,4.4149128797243975e-12,0.00937914362190817,18,converged,gap_residual_and_feasibility
465,0.5675423019919954,sMEL-ADMM,1.0,0.01,1.261879,36486.68952389163,36479.11128148834,0.02077419689536312,2.000621890374532e-13,0.009185601106477037,29,converged,gap_residual_and_feasibility
466,0.7089548274810102,IPOPT,1.0,1.0e-10,15.180110931396484,36479.11128157185,36479.111281488345,2.2891502178771317e-10,1.1546319456101628e-14,NaN,34,INTERRUPTED,gap_and_residual
466,0.7089548274810102,MadNLP,1.0,0.01,20.015954971313477,36479.111281488316,36479.111281488345,7.978218063525771e-14,1.4210854715202004e-14,NaN,35,LOCALLY_SOLVED,residual_tolerance_upper_bound
466,0.7089548274810102,ADMM,1.0,0.01,74.82290267944336,36657.73505966955,36479.111281488345,0.48966044376153905,4.884648241443301e-12,1.7443724063643447,6,converged,gap_callback_with_solver_termination
466,0.7089548274810102,MEL-ADMM,1.0,0.01,13.388872146606445,36486.5249364142,36479.111281488345,0.02032301409057838,7.903677712306489e-13,0.007625423382992658,16,converged,gap_residual_and_feasibility
466,0.7089548274810102,sMEL-ADMM,1.0,0.01,1.132835,36486.63498887791,36479.111281488345,0.020624700342906397,2.000621890374532e-13,0.008891203158821526,30,converged,gap_residual_and_feasibility
467,0.2958171756866023,IPOPT,1.0,1.0e-10,13.71908187866211,36479.11128157166,36479.11128148832,2.2845627424906058e-10,1.4210854715202004e-14,NaN,34,INTERRUPTED,gap_and_residual
467,0.2958171756866023,MadNLP,1.0,0.01,19.824981689453125,36479.111281488345,36479.11128148832,5.983663547644332e-14,1.0658141036401503e-14,NaN,35,LOCALLY_SOLVED,residual_tolerance_upper_bound
467,0.2958171756866023,ADMM,1.0,0.01,73.45056533813477,36555.998176213725,36479.11128148832,0.21076964877819915,2.9686808566964373e-12,1.114293458136987,6,converged,gap_callback_with_solver_termination
467,0.2958171756866023,MEL-ADMM,1.0,0.01,13.623714447021484,36486.24699139779,36479.11128148832,0.019561084847723894,1.9285684160763594e-12,0.005049793122697821,16,converged,gap_residual_and_feasibility
467,0.2958171756866023,sMEL-ADMM,1.0,0.01,1.539707,36484.871010853276,36479.11128148832,0.01578911646313926,2.0017321133991572e-13,0.0064764759153668194,39,converged,gap_residual_and_feasibility
468,0.7400684739166851,IPOPT,1.0,1.0e-10,13.222932815551758,36479.1112815719,36479.11128148834,2.2907458614898372e-10,9.769962616701378e-15,NaN,34,INTERRUPTED,gap_and_residual
468,0.7400684739166851,MadNLP,1.0,0.01,20.153045654296875,36479.111281488345,36479.11128148834,1.994554515881443e-14,1.509903313490213e-14,NaN,35,LOCALLY_SOLVED,residual_tolerance_upper_bound
468,0.7400684739166851,ADMM,1.0,0.01,88.60063552856445,36537.99125455289,36479.11128148834,0.16140736710993908,3.4613423238738505e-12,0.8528859245973752,7,converged,gap_callback_with_solver_termination
468,0.7400684739166851,MEL-ADMM,1.0,0.01,14.210224151611328,36485.68448514018,36479.11128148834,0.018019089338873355,2.291056233616473e-12,0.009322929682651804,17,converged,gap_residual_and_feasibility
468,0.7400684739166851,sMEL-ADMM,1.0,0.01,1.270294,36486.71226724235,36479.11128148834,0.020836543125625055,2.0061730054976579e-13,0.00823192984084642,30,converged,gap_residual_and_feasibility
469,0.7418126091556757,IPOPT,1.0,1.0e-10,13.211965560913086,36479.11128157211,36479.11128148833,2.296729525037482e-10,1.4210854715202004e-14,NaN,34,INTERRUPTED,gap_and_residual
469,0.7418126091556757,MadNLP,1.0,0.01,20.600080490112305,36479.11128148836,36479.11128148833,7.978218063525773e-14,1.0658141036401503e-14,NaN,35,LOCALLY_SOLVED,residual_tolerance_upper_bound
469,0.7418126091556757,ADMM,1.0,0.01,88.06514739990234,36535.9462697162,36479.11128148833,0.15580146070255893,3.197442310920451e-13,0.8418663064920979,7,converged,gap_callback_with_solver_termination
469,0.7418126091556757,MEL-ADMM,1.0,0.01,14.545440673828125,36485.699361891624,36479.11128148833,0.01805987090106638,5.284661597215745e-12,0.0091107757426645,17,converged,gap_residual_and_feasibility
469,0.7418126091556757,sMEL-ADMM,1.0,0.01,1.1869560000000001,36486.71663362982,36479.11128148833,0.02084851268113638,2.0017321133991572e-13,0.008197395418255482,30,converged,gap_residual_and_feasibility
470,0.3569725881250934,IPOPT,1.0,1.0e-10,13.072013854980469,36479.11134600856,36479.11128148834,1.7686895668594157e-7,1.509903313490213e-14,NaN,33,INTERRUPTED,gap_and_residual
470,0.3569725881250934,MadNLP,1.0,0.01,20.42102813720703,36479.11128148835,36479.11128148834,3.989109031762886e-14,1.3322676295501878e-14,NaN,35,LOCALLY_SOLVED,residual_tolerance_upper_bound
470,0.3569725881250934,ADMM,1.0,0.01,72.66855239868164,36586.33372461084,36479.11128148834,0.293928331463807,1.5744072712209345e-12,1.1676542983438107,6,converged,gap_callback_with_solver_termination
470,0.3569725881250934,MEL-ADMM,1.0,0.01,15.374422073364258,36485.94736663693,36479.11128148834,0.01873972503288829,5.064615393735039e-12,0.009520761422505686,18,converged,gap_residual_and_feasibility
470,0.3569725881250934,sMEL-ADMM,1.0,0.01,1.443163,36485.40468290741,36479.11128148834,0.017252068918308137,1.9972912213006566e-13,0.0062508023020182435,36,converged,gap_residual_and_feasibility
471,0.33337826258509945,IPOPT,1.0,1.0e-10,13.880014419555664,36479.111281557896,36479.11128148834,1.9067941171826596e-10,1.0658141036401503e-14,NaN,34,INTERRUPTED,gap_and_residual
471,0.33337826258509945,MadNLP,1.0,0.01,21.264076232910156,36479.11128148835,36479.11128148834,3.989109031762886e-14,1.509903313490213e-14,NaN,35,LOCALLY_SOLVED,residual_tolerance_upper_bound
471,0.33337826258509945,ADMM,1.0,0.01,73.03953170776367,36566.40253895508,36479.11128148834,0.23929107481036493,3.206324095117452e-13,1.1523179792814169,6,converged,gap_callback_with_solver_termination
471,0.33337826258509945,MEL-ADMM,1.0,0.01,16.23368263244629,36486.457096561106,36479.11128148834,0.02013704505047835,3.2240876635114546e-13,0.0009750522134268635,19,converged,gap_residual_and_feasibility
471,0.33337826258509945,sMEL-ADMM,1.0,0.01,1.476707,36485.15733072965,36479.11128148834,0.016574003666529533,2.0011770018868447e-13,0.007033572776309782,35,converged,gap_residual_and_feasibility
472,0.6255689592622292,IPOPT,1.0,1.0e-10,13.128042221069336,36479.11128156915,36479.11128148834,2.2153517007895186e-10,1.1546319456101628e-14,NaN,33,INTERRUPTED,gap_and_residual
472,0.6255689592622292,MadNLP,1.0,0.01,21.012067794799805,36479.11128148836,36479.11128148834,5.983663547644329e-14,1.2434497875801753e-14,NaN,34,LOCALLY_SOLVED,residual_tolerance_upper_bound
472,0.6255689592622292,ADMM,1.0,0.01,72.34477996826172,36578.36028969039,36479.11128148834,0.2720707953551956,3.703704010149522e-13,1.171809771288289,6,converged,gap_callback_with_solver_termination
472,0.6255689592622292,MEL-ADMM,1.0,0.01,15.190362930297852,36485.861765003014,36479.11128148834,0.01850506571441935,4.601874437071274e-12,0.009613437698785532,18,converged,gap_residual_and_feasibility
472,0.6255689592622292,sMEL-ADMM,1.0,0.01,1.3422900000000002,36486.101707476126,36479.11128148834,0.01916281878099086,2.0061730054976579e-13,0.008464447579497048,32,converged,gap_residual_and_feasibility
473,0.4081545144372531,IPOPT,1.0,1.0e-10,13.049125671386719,36479.11128157199,36479.111281488345,2.2929398714573064e-10,1.4210854715202004e-14,NaN,33,INTERRUPTED,gap_and_residual
473,0.4081545144372531,MadNLP,1.0,0.01,20.884037017822266,36479.11128148835,36479.111281488345,1.9945545158814427e-14,1.509903313490213e-14,NaN,34,LOCALLY_SOLVED,residual_tolerance_upper_bound
473,0.4081545144372531,ADMM,1.0,0.01,70.46151161193848,36588.97205649278,36479.111281488345,0.3011607770723897,1.0293987884324451e-12,1.134236997218423,6,converged,gap_callback_with_solver_termination
473,0.4081545144372531,MEL-ADMM,1.0,0.01,15.37179946899414,36486.17719096372,36479.111281488345,0.019369741276996356,4.5307646523440326e-12,0.009379143505146459,18,converged,gap_residual_and_feasibility
473,0.4081545144372531,sMEL-ADMM,1.0,0.01,1.48325,36485.5937303413,36479.111281488345,0.01777030367580608,2.0045076709607201e-13,0.0059298761952106815,35,converged,gap_residual_and_feasibility
474,0.6687616416648031,IPOPT,1.0,1.0e-10,14.415979385375977,36479.11128155857,36479.11128148836,1.9247451078255914e-10,1.2434497875801753e-14,NaN,34,INTERRUPTED,gap_and_residual
474,0.6687616416648031,MadNLP,1.0,0.01,19.697189331054688,36479.111281488345,36479.11128148836,3.9891090317628836e-14,1.3322676295501878e-14,NaN,35,LOCALLY_SOLVED,residual_tolerance_upper_bound
474,0.6687616416648031,ADMM,1.0,0.01,76.32899284362793,36561.6173570588,36479.11128148836,0.22617348030709367,1.4908074774666602e-12,1.1233759245812491,6,converged,gap_callback_with_solver_termination
474,0.6687616416648031,MEL-ADMM,1.0,0.01,13.615608215332031,36486.17319809073,36479.11128148836,0.019358795634781902,4.39648317751562e-13,0.005719666713383198,16,converged,gap_residual_and_feasibility
474,0.6687616416648031,sMEL-ADMM,1.0,0.01,1.281038,36486.54262671503,36479.11128148836,0.020371508421159153,2.0017321133991572e-13,0.009832545750924737,30,converged,gap_residual_and_feasibility
475,0.659257746758857,IPOPT,1.0,1.0e-10,13.192892074584961,36479.111346009035,36479.111281488345,1.768702332008317e-7,1.3322676295501878e-14,NaN,33,INTERRUPTED,gap_and_residual
475,0.659257746758857,MadNLP,1.0,0.01,20.409107208251953,36479.11128148834,36479.111281488345,1.9945545158814427e-14,1.4210854715202004e-14,NaN,35,LOCALLY_SOLVED,residual_tolerance_upper_bound
475,0.659257746758857,ADMM,1.0,0.01,73.7771987915039,36558.00167356778,36479.111281488345,0.2162618257629166,3.836930773104541e-13,1.1314107027014444,6,converged,gap_callback_with_solver_termination
475,0.659257746758857,MEL-ADMM,1.0,0.01,13.763904571533203,36486.092943072596,36479.111281488345,0.01913879296668341,3.1796787425264483e-13,0.007007544142357602,16,converged,gap_residual_and_feasibility
475,0.659257746758857,sMEL-ADMM,1.0,0.01,1.45567,36486.13583430668,36479.111281488345,0.019256370485926527,1.9984014443252818e-13,0.008438346130946073,32,converged,gap_residual_and_feasibility
476,0.3957147438310568,IPOPT,1.0,1.0e-10,12.943029403686523,36479.111281571895,36479.111281488345,2.2903469505866606e-10,1.2434497875801753e-14,NaN,33,INTERRUPTED,gap_and_residual
476,0.3957147438310568,MadNLP,1.0,0.01,19.695043563842773,36479.11128148836,36479.111281488345,3.9891090317628855e-14,1.3322676295501878e-14,NaN,34,LOCALLY_SOLVED,residual_tolerance_upper_bound
476,0.3957147438310568,ADMM,1.0,0.01,69.96297836303711,36588.97205729439,36479.111281488345,0.30116077926985024,2.3202550991641147e-12,1.1342369960157601,6,converged,gap_callback_with_solver_termination
476,0.3957147438310568,MEL-ADMM,1.0,0.01,15.130281448364258,36486.17719070552,36479.111281488345,0.01936974056920874,1.9031443088124433e-12,0.009379143737771933,18,converged,gap_residual_and_feasibility
476,0.3957147438310568,sMEL-ADMM,1.0,0.01,1.419878,36485.32189045256,36479.111281488345,0.017025110387935253,1.999511667349907e-13,0.007224145428294193,34,converged,gap_residual_and_feasibility
477,0.5127841021886234,IPOPT,1.0,1.0e-10,15.157938003540039,36479.11128157216,36479.111281488345,2.2975273468438339e-10,1.4210854715202004e-14,NaN,33,INTERRUPTED,gap_and_residual
477,0.5127841021886234,MadNLP,1.0,0.01,24.48415756225586,36479.11128148833,36479.111281488345,3.9891090317628855e-14,8.881784197001252e-15,NaN,34,LOCALLY_SOLVED,residual_tolerance_upper_bound
477,0.5127841021886234,ADMM,1.0,0.01,70.88303565979004,36588.97204779785,36479.111281488345,0.3011607532370244,3.8191672047105385e-13,1.1342369901156584,6,converged,gap_callback_with_solver_termination
477,0.5127841021886234,MEL-ADMM,1.0,0.01,15.472412109375,36486.17719086306,36479.111281488345,0.019369741001069682,7.990275108227252e-13,0.009379142874529123,18,converged,gap_residual_and_feasibility
477,0.5127841021886234,sMEL-ADMM,1.0,0.01,1.100171,36486.59980841582,36479.111281488345,0.02052826032325715,2.0017321133991572e-13,0.008614963114714769,29,converged,gap_residual_and_feasibility
478,0.5499233044446299,IPOPT,1.0,1.0e-10,13.938188552856445,36479.111281572106,36479.111281488345,2.2961311586827168e-10,1.3322676295501878e-14,NaN,33,INTERRUPTED,gap_and_residual
478,0.5499233044446299,MadNLP,1.0,0.01,19.28400993347168,36479.11128148831,36479.111281488345,9.972772579407213e-14,1.0658141036401503e-14,NaN,34,LOCALLY_SOLVED,residual_tolerance_upper_bound
478,0.5499233044446299,ADMM,1.0,0.01,69.71025466918945,36588.97205164597,36479.111281488345,0.3011607637858642,2.1421753260142395e-12,1.1342369930273684,6,converged,gap_callback_with_solver_termination
478,0.5499233044446299,MEL-ADMM,1.0,0.01,15.436887741088867,36486.17719087266,36479.111281488345,0.019369741027377856,2.005728916287808e-12,0.009379143516268229,18,converged,gap_residual_and_feasibility
478,0.5499233044446299,sMEL-ADMM,1.0,0.01,1.006089,36486.660074524676,36479.111281488345,0.020693467497277847,2.000621890374532e-13,0.008840069056747168,29,converged,gap_residual_and_feasibility
479,0.3965085067059066,IPOPT,1.0,1.0e-10,13.654947280883789,36479.111281571946,36479.11128148834,2.291942594199366e-10,1.2434497875801753e-14,NaN,33,INTERRUPTED,gap_and_residual
479,0.3965085067059066,MadNLP,1.0,0.01,19.42300796508789,36479.111281488345,36479.11128148834,1.994554515881443e-14,1.5987211554602254e-14,NaN,34,LOCALLY_SOLVED,residual_tolerance_upper_bound
479,0.3965085067059066,ADMM,1.0,0.01,69.61822509765625,36588.97205848898,36479.11128148834,0.30116078254458967,1.430910945288133e-12,1.1342370053726638,6,converged,gap_callback_with_solver_termination
479,0.3965085067059066,MEL-ADMM,1.0,0.01,14.978408813476562,36486.177190914495,36479.11128148834,0.01936974114208469,3.4733882436910335e-12,0.009379143685209534,18,converged,gap_residual_and_feasibility
479,0.3965085067059066,sMEL-ADMM,1.0,0.01,1.337248,36485.328742969075,36479.11128148834,0.017043895156218798,2.0028423364237824e-13,0.007626417325729662,34,converged,gap_residual_and_feasibility
480,0.36517453642212844,IPOPT,1.0,1.0e-10,12.974977493286133,36479.11128157148,36479.11128148834,2.279177445297725e-10,1.1546319456101628e-14,NaN,33,INTERRUPTED,gap_and_residual
480,0.36517453642212844,MadNLP,1.0,0.01,19.68693733215332,36479.111281488316,36479.11128148834,5.983663547644329e-14,7.993605777301127e-15,NaN,34,LOCALLY_SOLVED,residual_tolerance_upper_bound
480,0.36517453642212844,ADMM,1.0,0.01,71.62189483642578,36595.45323744255,36479.11128148834,0.31892760505173756,3.668176873361517e-13,1.160668306730158,6,converged,gap_callback_with_solver_termination
480,0.36517453642212844,MEL-ADMM,1.0,0.01,15.110492706298828,36485.99963782425,36479.11128148834,0.018883015769651738,5.1271209500214354e-12,0.009418350902252293,18,converged,gap_residual_and_feasibility
480,0.36517453642212844,sMEL-ADMM,1.0,0.01,1.489836,36484.985816695465,36479.11128148834,0.016103833127394263,2.0061730054976579e-13,0.00943637666783026,33,converged,gap_residual_and_feasibility
481,0.5270191958299348,IPOPT,1.0,1.0e-10,14.07313346862793,36479.11128157215,36479.11128148837,2.2967295250374797e-10,1.2434497875801753e-14,NaN,33,INTERRUPTED,gap_and_residual
481,0.5270191958299348,MadNLP,1.0,0.01,20.206928253173828,36479.11128148835,36479.11128148837,3.989109031762883e-14,1.1546319456101628e-14,NaN,34,LOCALLY_SOLVED,residual_tolerance_upper_bound
481,0.5270191958299348,ADMM,1.0,0.01,71.86722755432129,36588.972048089665,36479.11128148837,0.3011607540369204,1.7742474156534627e-12,1.1342369861625698,6,converged,gap_callback_with_solver_termination
481,0.5270191958299348,MEL-ADMM,1.0,0.01,15.340089797973633,36486.177190979564,36479.11128148837,0.019369741320377904,4.0359937614198316e-12,0.009379143177513427,18,converged,gap_residual_and_feasibility
481,0.5270191958299348,sMEL-ADMM,1.0,0.01,1.2352940000000001,36486.62266083022,36479.11128148837,0.02059090552916306,2.007283228522283e-13,0.008411964426139562,29,converged,gap_residual_and_feasibility
482,0.6212857231894927,IPOPT,1.0,1.0e-10,14.523029327392578,36479.111281569894,36479.111281488345,2.235496701399921e-10,1.509903313490213e-14,NaN,33,INTERRUPTED,gap_and_residual
482,0.6212857231894927,MadNLP,1.0,0.01,20.02882957458496,36479.11128148832,36479.111281488345,5.983663547644328e-14,1.0658141036401503e-14,NaN,34,LOCALLY_SOLVED,residual_tolerance_upper_bound
482,0.6212857231894927,ADMM,1.0,0.01,73.36711883544922,36581.468653873264,36479.111281488345,0.2805917380911106,7.69273533762771e-13,1.1642882454500647,6,converged,gap_callback_with_solver_termination
482,0.6212857231894927,MEL-ADMM,1.0,0.01,15.268325805664062,36485.88347696928,36479.111281488345,0.018564584615765767,3.092637257395836e-12,0.009583022166916422,18,converged,gap_residual_and_feasibility
482,0.6212857231894927,sMEL-ADMM,1.0,0.01,1.4471219999999998,36486.09803017083,36479.111281488345,0.01915273820289943,2.0050627824730327e-13,0.008467545637323326,32,converged,gap_residual_and_feasibility
483,0.2797187246817307,IPOPT,1.0,1.0e-10,14.557838439941406,36479.11128157153,36479.11128148833,2.2807730889104307e-10,1.0658141036401503e-14,NaN,34,INTERRUPTED,gap_and_residual
483,0.2797187246817307,MadNLP,1.0,0.01,20.702123641967773,36479.11128148835,36479.11128148833,5.98366354764433e-14,1.4210854715202004e-14,NaN,35,LOCALLY_SOLVED,residual_tolerance_upper_bound
483,0.2797187246817307,ADMM,1.0,0.01,77.6827335357666,36575.64981458867,36479.11128148833,0.2646405839095404,6.940004126931854e-13,1.2189928969583717,6,converged,gap_callback_with_solver_termination
483,0.2797187246817307,MEL-ADMM,1.0,0.01,13.73744010925293,36486.37340262597,36479.11128148833,0.019907615296878886,2.2733481763737018e-12,0.004370719600931494,16,converged,gap_residual_and_feasibility
483,0.2797187246817307,sMEL-ADMM,1.0,0.01,1.523296,36484.91314659697,36479.11128148833,0.015904622960436005,1.996736109788344e-13,0.0067777293748001455,39,converged,gap_residual_and_feasibility
484,0.5136892433837885,IPOPT,1.0,1.0e-10,13.818979263305664,36479.11128157215,36479.11128148835,2.297128435940657e-10,1.5987211554602254e-14,NaN,33,INTERRUPTED,gap_and_residual
484,0.5136892433837885,MadNLP,1.0,0.01,19.361019134521484,36479.11128148834,36479.11128148835,3.989109031762884e-14,9.769962616701378e-15,NaN,34,LOCALLY_SOLVED,residual_tolerance_upper_bound
484,0.5136892433837885,ADMM,1.0,0.01,69.83590126037598,36588.97204731073,36479.11128148835,0.30116075190167013,1.0654810367327627e-12,1.134236984574291,6,converged,gap_callback_with_solver_termination
484,0.5136892433837885,MEL-ADMM,1.0,0.01,15.364885330200195,36486.17719096405,36479.11128148835,0.0193697412778939,4.3264281046617725e-12,0.009379143351810448,18,converged,gap_residual_and_feasibility
484,0.5136892433837885,sMEL-ADMM,1.0,0.01,1.237626,36486.601257186165,36479.11128148835,0.020532231829926452,1.999511667349907e-13,0.008602964202276908,29,converged,gap_residual_and_feasibility
485,0.6660166205892751,IPOPT,1.0,1.0e-10,14.487028121948242,36479.11128155825,36479.11128148834,1.9165674343104785e-10,1.2434497875801753e-14,NaN,34,INTERRUPTED,gap_and_residual
485,0.6660166205892751,MadNLP,1.0,0.01,20.190954208374023,36479.111281488345,36479.11128148834,1.994554515881443e-14,1.2434497875801753e-14,NaN,35,LOCALLY_SOLVED,residual_tolerance_upper_bound
485,0.6660166205892751,ADMM,1.0,0.01,75.05607604980469,36559.74508691976,36479.11128148834,0.2210410358114636,4.773959005888173e-13,1.1244192760333434,6,converged,gap_callback_with_solver_termination
485,0.6660166205892751,MEL-ADMM,1.0,0.01,13.431549072265625,36486.15134236743,36479.11128148834,0.019298882653064117,3.419486915845482e-13,0.006043214709722022,16,converged,gap_residual_and_feasibility
485,0.6660166205892751,sMEL-ADMM,1.0,0.01,1.271002,36486.536619018545,36479.11128148834,0.02035503955375948,2.0117241206207837e-13,0.009898942493146379,30,converged,gap_residual_and_feasibility
486,0.5030508820756948,IPOPT,1.0,1.0e-10,13.306856155395508,36479.11128157213,36479.111281488345,2.2967295250374813e-10,1.2434497875801753e-14,NaN,33,INTERRUPTED,gap_and_residual
486,0.5030508820756948,MadNLP,1.0,0.01,20.170927047729492,36479.11128148835,36479.111281488345,1.9945545158814427e-14,9.769962616701378e-15,NaN,34,LOCALLY_SOLVED,residual_tolerance_upper_bound
486,0.5030508820756948,ADMM,1.0,0.01,71.9599723815918,36588.972048211006,36479.111281488345,0.30116075436961226,2.3931967518819874e-12,1.1342369926248645,6,converged,gap_callback_with_solver_termination
486,0.5030508820756948,MEL-ADMM,1.0,0.01,15.49673080444336,36486.177190867726,36479.111281488345,0.019369741013854778,1.038613639536834e-12,0.009379143086952091,18,converged,gap_residual_and_feasibility
486,0.5030508820756948,sMEL-ADMM,1.0,0.01,1.140792,36486.58427334281,36479.111281488345,0.020485674107565122,2.0017321133991572e-13,0.00874298643904936,29,converged,gap_residual_and_feasibility
487,0.7389979586516147,IPOPT,1.0,1.0e-10,14.05191421508789,36479.11128157185,36479.11128148833,2.2895491287803088e-10,1.2434497875801753e-14,NaN,34,INTERRUPTED,gap_and_residual
487,0.7389979586516147,MadNLP,1.0,0.01,20.55191993713379,36479.11128148833,36479.11128148833,0.0,1.3322676295501878e-14,NaN,35,LOCALLY_SOLVED,residual_tolerance_upper_bound
487,0.7389979586516147,ADMM,1.0,0.01,89.75768089294434,36539.260363039735,36479.11128148833,0.16488636767290873,2.510214258677479e-12,0.8602176789591987,7,converged,gap_callback_with_solver_termination
487,0.7389979586516147,MEL-ADMM,1.0,0.01,14.04881477355957,36485.67545174606,36479.11128148833,0.01799432614208957,2.64044341946601e-12,0.009451032382584046,17,converged,gap_residual_and_feasibility
487,0.7389979586516147,sMEL-ADMM,1.0,0.01,1.358875,36486.70959113066,36479.11128148833,0.020829207114443957,1.9972912213006566e-13,0.008253189381363768,30,converged,gap_residual_and_feasibility
488,0.5929406903644836,IPOPT,1.0,1.0e-10,13.278007507324219,36479.11128157199,36479.111281488345,2.2929398714573064e-10,9.769962616701378e-15,NaN,33,INTERRUPTED,gap_and_residual
488,0.5929406903644836,MadNLP,1.0,0.01,20.27606964111328,36479.11128148836,36479.111281488345,3.9891090317628855e-14,1.2434497875801753e-14,NaN,34,LOCALLY_SOLVED,residual_tolerance_upper_bound
488,0.5929406903644836,ADMM,1.0,0.01,72.83735275268555,36596.82169861857,36479.111281488345,0.32267896063016305,6.117439887987075e-12,1.0744780862109913,6,converged,gap_callback_with_solver_termination
488,0.5929406903644836,MEL-ADMM,1.0,0.01,15.637636184692383,36486.07096804746,36479.111281488345,0.01907855294338656,2.8147484343321594e-12,0.009396593647333695,18,converged,gap_residual_and_feasibility
488,0.5929406903644836,sMEL-ADMM,1.0,0.01,1.2614150000000002,36486.73304900545,36479.111281488345,0.02089351206583321,2.0061730054976579e-13,0.00967074769767784,29,converged,gap_residual_and_feasibility
489,0.6230743809443313,IPOPT,1.0,1.0e-10,12.980937957763672,36479.11128156961,36479.11128148834,2.227917394239572e-10,1.2434497875801753e-14,NaN,33,INTERRUPTED,gap_and_residual
489,0.6230743809443313,MadNLP,1.0,0.01,19.688129425048828,36479.11128148835,36479.11128148834,3.989109031762886e-14,1.2434497875801753e-14,NaN,34,LOCALLY_SOLVED,residual_tolerance_upper_bound
489,0.6230743809443313,ADMM,1.0,0.01,71.99907302856445,36580.207550335086,36479.11128148834,0.277134681452753,1.1288747714388592e-12,1.1681252202749342,6,converged,gap_callback_with_solver_termination
489,0.6230743809443313,MEL-ADMM,1.0,0.01,14.9993896484375,36485.874448467664,36479.11128148834,0.018539834830785404,4.141353926456759e-12,0.009589366802067012,18,converged,gap_residual_and_feasibility
489,0.6230743809443313,sMEL-ADMM,1.0,0.01,1.499752,36486.09956104851,36479.11128148834,0.019156934790019578,1.999511667349907e-13,0.008466280575527563,32,converged,gap_residual_and_feasibility
490,0.5960945250824343,IPOPT,1.0,1.0e-10,13.927936553955078,36479.11128157198,36479.11128148835,2.2925409605541298e-10,1.4210854715202004e-14,NaN,33,INTERRUPTED,gap_and_residual
490,0.5960945250824343,MadNLP,1.0,0.01,20.819902420043945,36479.11128148834,36479.11128148835,3.989109031762884e-14,1.4210854715202004e-14,NaN,34,LOCALLY_SOLVED,residual_tolerance_upper_bound
490,0.5960945250824343,ADMM,1.0,0.01,71.98786735534668,36598.21278151732,36479.11128148835,0.32649232902066067,3.197442310920451e-13,1.1191085504715659,6,converged,gap_callback_with_solver_termination
490,0.5960945250824343,MEL-ADMM,1.0,0.01,15.884160995483398,36486.048576519046,36479.11128148835,0.019017171161770437,4.05753208809756e-12,0.009371259658991882,18,converged,gap_residual_and_feasibility
490,0.5960945250824343,sMEL-ADMM,1.0,0.01,1.3092469999999998,36486.73856161684,36479.11128148835,0.020908623759036796,1.9984014443252818e-13,0.00973039680992649,29,converged,gap_residual_and_feasibility
491,0.27863382999357783,IPOPT,1.0,1.0e-10,13.29493522644043,36479.11128157154,36479.11128148833,2.2809725443620188e-10,1.2434497875801753e-14,NaN,34,INTERRUPTED,gap_and_residual
491,0.27863382999357783,MadNLP,1.0,0.01,20.328998565673828,36479.111281488345,36479.11128148833,3.989109031762887e-14,1.1546319456101628e-14,NaN,35,LOCALLY_SOLVED,residual_tolerance_upper_bound
491,0.27863382999357783,ADMM,1.0,0.01,75.7138729095459,36577.62493825534,36479.11128148833,0.2700549802511338,6.752376435770202e-12,1.2404818102169965,6,converged,gap_callback_with_solver_termination
491,0.27863382999357783,MEL-ADMM,1.0,0.01,13.246536254882812,36486.382482159606,36479.11128148833,0.019932504975704483,3.5438318946034997e-13,0.004475468760954726,16,converged,gap_residual_and_feasibility
491,0.27863382999357783,sMEL-ADMM,1.0,0.01,1.4114579999999999,36484.92097611829,36479.11128148833,0.015926085986924285,2.000621890374532e-13,0.0068327245768102784,39,converged,gap_residual_and_feasibility
492,0.5754839351166554,IPOPT,1.0,1.0e-10,12.734174728393555,36479.1112815721,36479.111281488345,2.2959317032311286e-10,1.3322676295501878e-14,NaN,33,INTERRUPTED,gap_and_residual
492,0.5754839351166554,MadNLP,1.0,0.01,19.70195770263672,36479.11128148833,36479.111281488345,3.9891090317628855e-14,1.5987211554602254e-14,NaN,34,LOCALLY_SOLVED,residual_tolerance_upper_bound
492,0.5754839351166554,ADMM,1.0,0.01,69.52571868896484,36588.97205302018,36479.111281488345,0.3011607675529793,3.241851231905457e-13,1.1342369931858372,6,converged,gap_callback_with_solver_termination
492,0.5754839351166554,MEL-ADMM,1.0,0.01,15.545845031738281,36486.177190804476,36479.111281488345,0.019369740840468153,3.9523939676655573e-13,0.009379143528239986,18,converged,gap_residual_and_feasibility
492,0.5754839351166554,sMEL-ADMM,1.0,0.01,1.1839559999999998,36486.70297919396,36479.111281488345,0.020811081846349066,2.000621890374532e-13,0.009338553719315357,29,converged,gap_residual_and_feasibility
493,0.3857168566694862,IPOPT,1.0,1.0e-10,15.110015869140625,36479.111281571866,36479.111281488345,2.289549128780308e-10,1.0658141036401503e-14,NaN,33,INTERRUPTED,gap_and_residual
493,0.3857168566694862,MadNLP,1.0,0.01,21.687984466552734,36479.11128148834,36479.111281488345,1.9945545158814427e-14,1.5987211554602254e-14,NaN,34,LOCALLY_SOLVED,residual_tolerance_upper_bound
493,0.3857168566694862,ADMM,1.0,0.01,71.6557502746582,36592.55194304108,36479.111281488345,0.3109743016417719,2.549183086841822e-12,1.0896596243169894,6,converged,gap_callback_with_solver_termination
493,0.3857168566694862,MEL-ADMM,1.0,0.01,16.2656307220459,36486.13791553101,36479.111281488345,0.019262075735473286,2.538413923502958e-12,0.009433591312526524,18,converged,gap_residual_and_feasibility
493,0.3857168566694862,sMEL-ADMM,1.0,0.01,1.3630859999999998,36485.25319617955,36479.111281488345,0.0168367991308988,1.999511667349907e-13,0.005842800561516981,34,converged,gap_residual_and_feasibility
494,0.31826700345190195,IPOPT,1.0,1.0e-10,14.043092727661133,36479.11128148833,36479.11128148833,0.0,1.4210854715202004e-14,NaN,35,INTERRUPTED,gap_and_residual
494,0.31826700345190195,MadNLP,1.0,0.01,20.892858505249023,36479.11128148835,36479.11128148833,5.98366354764433e-14,1.3322676295501878e-14,NaN,35,LOCALLY_SOLVED,residual_tolerance_upper_bound
494,0.31826700345190195,ADMM,1.0,0.01,75.62088966369629,36555.494800359615,36479.11128148833,0.20938974714015382,9.063305661527465e-13,1.135014642115582,6,converged,gap_callback_with_solver_termination
494,0.31826700345190195,MEL-ADMM,1.0,0.01,14.628171920776367,36486.081850075265,36479.11128148833,0.01910838379023568,1.5216161664000083e-12,0.007854324612781127,16,converged,gap_residual_and_feasibility
494,0.31826700345190195,sMEL-ADMM,1.0,0.01,1.570625,36484.84171497737,36479.11128148833,0.015708807829273773,1.9989565558375944e-13,0.009270446957694745,36,converged,gap_residual_and_feasibility
495,0.4024229061726127,IPOPT,1.0,1.0e-10,12.892007827758789,36479.11128157193,36479.11128148834,2.2915436832961898e-10,1.2434497875801753e-14,NaN,33,INTERRUPTED,gap_and_residual
495,0.4024229061726127,MadNLP,1.0,0.01,19.689083099365234,36479.11128148834,36479.11128148834,0.0,1.509903313490213e-14,NaN,34,LOCALLY_SOLVED,residual_tolerance_upper_bound
495,0.4024229061726127,ADMM,1.0,0.01,70.22380828857422,36588.9720568725,36479.11128148834,0.30116077811334774,2.2116752873557743e-12,1.1342369948743283,6,converged,gap_callback_with_solver_termination
495,0.4024229061726127,MEL-ADMM,1.0,0.01,15.40684700012207,36486.17719089282,36479.11128148834,0.01936974108266691,3.052391672753174e-12,0.009379143824989278,18,converged,gap_residual_and_feasibility
495,0.4024229061726127,sMEL-ADMM,1.0,0.01,1.2615,36485.54155246244,36479.11128148834,0.01762726872506188,1.9989565558375944e-13,0.003062921999838153,35,converged,gap_residual_and_feasibility
496,0.267975106940773,IPOPT,1.0,1.0e-10,13.200998306274414,36479.111281571444,36479.11128148836,2.2775818016850184e-10,1.3322676295501878e-14,NaN,34,INTERRUPTED,gap_and_residual
496,0.267975106940773,MadNLP,1.0,0.01,20.979881286621094,36479.11128148834,36479.11128148836,5.983663547644325e-14,1.2434497875801753e-14,NaN,35,LOCALLY_SOLVED,residual_tolerance_upper_bound
496,0.267975106940773,ADMM,1.0,0.01,78.35865020751953,36602.0128131648,36479.11128148836,0.3369093362173248,6.156186671546493e-12,1.4574592128579655,6,converged,gap_callback_with_solver_termination
496,0.267975106940773,MEL-ADMM,1.0,0.01,13.143777847290039,36486.47049223736,36479.11128148836,0.020173766548778827,1.3814505095410823e-12,0.006056402199373423,16,converged,gap_residual_and_feasibility
496,0.267975106940773,sMEL-ADMM,1.0,0.01,1.408375,36485.05215621743,36479.11128148836,0.016285689317457202,2.0067281170099704e-13,0.007253408521282978,39,converged,gap_residual_and_feasibility
497,0.3608702389278029,IPOPT,1.0,1.0e-10,14.068126678466797,36479.111281570695,36479.11128148834,2.2576362565262053e-10,1.4210854715202004e-14,NaN,33,INTERRUPTED,gap_and_residual
497,0.3608702389278029,MadNLP,1.0,0.01,19.227027893066406,36479.11128148835,36479.11128148834,3.989109031762886e-14,1.2434497875801753e-14,NaN,34,LOCALLY_SOLVED,residual_tolerance_upper_bound
497,0.3608702389278029,ADMM,1.0,0.01,70.63436508178711,36589.36228158805,36479.11128148834,0.3022304991176182,1.5711876244495215e-12,1.1555515970751902,6,converged,gap_callback_with_solver_termination
497,0.3608702389278029,MEL-ADMM,1.0,0.01,15.673637390136719,36485.96730105169,36479.11128148834,0.01879437114147472,2.9150570846070423e-12,0.009539855466829117,18,converged,gap_residual_and_feasibility
497,0.3608702389278029,sMEL-ADMM,1.0,0.01,1.3960000000000001,36485.431490796494,36479.11128148834,0.017325557246685407,2.0000667788622195e-13,0.007261364740807963,36,converged,gap_residual_and_feasibility
498,0.25596895076423143,IPOPT,1.0,1.0e-10,13.837814331054688,36479.11128157139,36479.111281488316,2.277382346233433e-10,1.509903313490213e-14,NaN,34,INTERRUPTED,gap_and_residual
498,0.25596895076423143,MadNLP,1.0,0.01,20.4160213470459,36479.11128148836,36479.111281488316,1.1967327095288666e-13,1.2434497875801753e-14,NaN,35,LOCALLY_SOLVED,residual_tolerance_upper_bound
498,0.25596895076423143,ADMM,1.0,0.01,77.08740234375,36642.78008827571,36479.111281488316,0.4486644576520877,6.257327989089845e-12,1.7275708802056142,6,converged,gap_callback_with_solver_termination
498,0.25596895076423143,MEL-ADMM,1.0,0.01,13.56363296508789,36486.577763683694,36479.111281488316,0.02046782921262231,8.906764215055318e-13,0.007923050819580446,16,converged,gap_residual_and_feasibility
498,0.25596895076423143,sMEL-ADMM,1.0,0.01,1.7647920000000001,36485.21117271678,36479.111281488316,0.016721600428787155,2.0000667788622195e-13,0.007033359651719806,39,converged,gap_residual_and_feasibility
499,0.44418691807434296,IPOPT,1.0,1.0e-10,13.098955154418945,36479.11128157206,36479.11128148835,2.2947349705215992e-10,1.2434497875801753e-14,NaN,33,INTERRUPTED,gap_and_residual
499,0.44418691807434296,MadNLP,1.0,0.01,20.10512351989746,36479.111281488345,36479.11128148835,1.994554515881442e-14,1.7763568394002505e-14,NaN,34,LOCALLY_SOLVED,residual_tolerance_upper_bound
499,0.44418691807434296,ADMM,1.0,0.01,71.72989845275879,36588.97205491887,36479.11128148835,0.30116077275782915,1.3589129821411916e-12,1.1342369951967983,6,converged,gap_callback_with_solver_termination
499,0.44418691807434296,MEL-ADMM,1.0,0.01,15.585660934448242,36486.17719096465,36479.11128148835,0.019369741279529434,3.723632513441544e-12,0.00937914325246414,18,converged,gap_residual_and_feasibility
499,0.44418691807434296,sMEL-ADMM,1.0,0.01,1.589043,36485.91139514849,36479.11128148835,0.018641116576731533,2.0083934515469082e-13,0.007590779681105886,35,converged,gap_residual_and_feasibility
500,0.4200191918208911,IPOPT,1.0,1.0e-10,13.407230377197266,36479.111281572,36479.11128148834,2.2933387823604832e-10,1.1546319456101628e-14,NaN,33,INTERRUPTED,gap_and_residual
500,0.4200191918208911,MadNLP,1.0,0.01,20.054101943969727,36479.11128148833,36479.11128148834,1.994554515881443e-14,1.3322676295501878e-14,NaN,34,LOCALLY_SOLVED,residual_tolerance_upper_bound
500,0.4200191918208911,ADMM,1.0,0.01,71.53630256652832,36588.97205592532,36479.11128148834,0.3011607755168367,2.0683454948766666e-12,1.1342369964086094,6,converged,gap_callback_with_solver_termination
500,0.4200191918208911,MEL-ADMM,1.0,0.01,15.207767486572266,36486.17719100504,36479.11128148834,0.019369741390287055,5.6865068209788205e-12,0.009379143663409195,18,converged,gap_residual_and_feasibility
500,0.4200191918208911,sMEL-ADMM,1.0,0.01,1.326833,36485.8256252004,36479.11128148834,0.01840599585952219,2.0000667788622195e-13,0.005140261368319798,36,converged,gap_residual_and_feasibility
501,0.7052646588045913,IPOPT,1.0,1.0e-10,13.602972030639648,36479.11128157187,36479.11128148834,2.2899480396834849e-10,1.3322676295501878e-14,NaN,34,INTERRUPTED,gap_and_residual
501,0.7052646588045913,MadNLP,1.0,0.01,20.560026168823242,36479.11128148834,36479.11128148834,0.0,1.4210854715202004e-14,NaN,35,LOCALLY_SOLVED,residual_tolerance_upper_bound
501,0.7052646588045913,ADMM,1.0,0.01,77.23093032836914,36641.92984913449,36479.11128148834,0.4463337014703386,6.961764498214507e-12,1.658734139870651,6,converged,gap_callback_with_solver_termination
501,0.7052646588045913,MEL-ADMM,1.0,0.01,13.40794563293457,36486.487596931926,36479.11128148834,0.02022065556002334,4.085620730620576e-13,0.0070052836884348935,16,converged,gap_residual_and_feasibility
501,0.7052646588045913,sMEL-ADMM,1.0,0.01,1.203667,36486.62594381255,36479.11128148834,0.0205999051518127,1.9961809982760315e-13,0.008974654659001047,30,converged,gap_residual_and_feasibility
502,0.7189244891136846,IPOPT,1.0,1.0e-10,14.887094497680664,36479.11128157182,36479.11128148832,2.288950762425545e-10,9.769962616701378e-15,NaN,34,INTERRUPTED,gap_and_residual
502,0.7189244891136846,MadNLP,1.0,0.01,20.161867141723633,36479.11128148834,36479.11128148832,3.9891090317628874e-14,1.4210854715202004e-14,NaN,35,LOCALLY_SOLVED,residual_tolerance_upper_bound
502,0.7189244891136846,ADMM,1.0,0.01,79.43964004516602,36709.766601489675,36479.11128148832,0.6322942415496827,5.4888316114443114e-12,1.9710262159946832,6,converged,gap_callback_with_solver_termination
502,0.7189244891136846,MEL-ADMM,1.0,0.01,13.463497161865234,36486.63032252332,36479.11128148832,0.020611908489153702,2.1430635044339397e-12,0.009317624287493054,16,converged,gap_residual_and_feasibility
502,0.7189244891136846,sMEL-ADMM,1.0,0.01,1.2631210000000002,36486.659599273306,36479.11128148832,0.02069216469320179,2.0117241206207837e-13,0.008670656463332094,30,converged,gap_residual_and_feasibility
503,0.6540302288674587,IPOPT,1.0,1.0e-10,14.116048812866211,36479.11134601585,36479.11128148835,1.7688890223110032e-7,1.4210854715202004e-14,NaN,33,INTERRUPTED,gap_and_residual
503,0.6540302288674587,MadNLP,1.0,0.01,23.239850997924805,36479.11128148833,36479.11128148835,5.983663547644327e-14,1.2434497875801753e-14,NaN,35,LOCALLY_SOLVED,residual_tolerance_upper_bound
503,0.6540302288674587,ADMM,1.0,0.01,76.17449760437012,36558.676717974246,36479.11128148835,0.2181123215199298,1.110556091532544e-12,1.1385529622637929,6,converged,gap_callback_with_solver_termination
503,0.6540302288674587,MEL-ADMM,1.0,0.01,13.301849365234375,36486.05275714239,36479.11128148835,0.019028631483020725,2.2433166435575913e-12,0.00779312029587409,16,converged,gap_residual_and_feasibility
503,0.6540302288674587,sMEL-ADMM,1.0,0.01,1.1752449999999999,36486.129476486145,36479.11128148835,0.019238941825191206,1.9984014443252818e-13,0.008441881309162014,32,converged,gap_residual_and_feasibility
504,0.6268028858462256,IPOPT,1.0,1.0e-10,14.024019241333008,36479.11128156895,36479.111281488316,2.2103653144998164e-10,1.4210854715202004e-14,NaN,33,INTERRUPTED,gap_and_residual
504,0.6268028858462256,MadNLP,1.0,0.01,19.704818725585938,36479.11128148836,36479.111281488316,1.1967327095288666e-13,1.2434497875801753e-14,NaN,34,LOCALLY_SOLVED,residual_tolerance_upper_bound
504,0.6268028858462256,ADMM,1.0,0.01,73.76956939697266,36577.39224081338,36479.111281488316,0.26941708795120145,1.6840973060539e-12,1.1729682343284038,6,converged,gap_callback_with_solver_termination
504,0.6268028858462256,MEL-ADMM,1.0,0.01,15.157222747802734,36485.85476460967,36479.111281488316,0.018485875572237753,1.737276988933445e-12,0.009638950472975694,18,converged,gap_residual_and_feasibility
504,0.6268028858462256,sMEL-ADMM,1.0,0.01,1.358123,36486.10277399114,36479.111281488316,0.019165742413161588,1.999511667349907e-13,0.00846351476167051,32,converged,gap_residual_and_feasibility
505,0.7266579547038912,IPOPT,1.0,1.0e-10,13.344049453735352,36479.11128157172,36479.111281488316,2.2863578415548994e-10,1.2434497875801753e-14,NaN,34,INTERRUPTED,gap_and_residual
505,0.7266579547038912,MadNLP,1.0,0.01,20.0650691986084,36479.11128148833,36479.111281488316,3.9891090317628886e-14,1.4210854715202004e-14,NaN,35,LOCALLY_SOLVED,residual_tolerance_upper_bound
505,0.7266579547038912,ADMM,1.0,0.01,78.76753807067871,36760.44288847698,36479.111281488316,0.7712128862399907,1.1135425914687858e-11,2.1524890975918782,6,converged,gap_callback_with_solver_termination
505,0.7266579547038912,MEL-ADMM,1.0,0.01,15.75016975402832,36485.91413919455,36479.111281488316,0.018648638816176785,2.098765605751396e-12,0.00490314193854946,19,converged,gap_residual_and_feasibility
505,0.7266579547038912,sMEL-ADMM,1.0,0.01,1.4152069999999999,36486.678815841646,36479.111281488316,0.020744842973106126,2.0083934515469082e-13,0.008505271876522613,30,converged,gap_residual_and_feasibility
506,0.5642815271926636,IPOPT,1.0,1.0e-10,13.894081115722656,36479.11128157212,36479.11128148833,2.2969289804890702e-10,1.3322676295501878e-14,NaN,33,INTERRUPTED,gap_and_residual
506,0.5642815271926636,MadNLP,1.0,0.01,19.77705955505371,36479.11128148834,36479.11128148833,1.9945545158814434e-14,1.2434497875801753e-14,NaN,34,LOCALLY_SOLVED,residual_tolerance_upper_bound
506,0.5642815271926636,ADMM,1.0,0.01,71.32101058959961,36588.97205275651,36479.11128148833,0.30116076683021276,2.5632829192545614e-12,1.134236991921652,6,converged,gap_callback_with_solver_termination
506,0.5642815271926636,MEL-ADMM,1.0,0.01,15.719413757324219,36486.17719085396,36479.11128148833,0.019369740976157703,1.8737233986598767e-12,0.009379143483083219,18,converged,gap_residual_and_feasibility
506,0.5642815271926636,sMEL-ADMM,1.0,0.01,1.0609140000000001,36486.684034700455,36479.11128148833,0.020759149403857622,2.000621890374532e-13,0.009122342253723659,29,converged,gap_residual_and_feasibility
507,0.5470187738546051,IPOPT,1.0,1.0e-10,14.493942260742188,36479.111281572135,36479.11128148834,2.2971284359406578e-10,1.1546319456101628e-14,NaN,33,INTERRUPTED,gap_and_residual
507,0.5470187738546051,MadNLP,1.0,0.01,19.880056381225586,36479.1112814883,36479.11128148834,9.972772579407215e-14,1.4210854715202004e-14,NaN,34,LOCALLY_SOLVED,residual_tolerance_upper_bound
507,0.5470187738546051,ADMM,1.0,0.01,72.39794731140137,36588.97204740054,36479.11128148834,0.301160752147898,4.841682610390308e-13,1.13423698476565,6,converged,gap_callback_with_solver_termination
507,0.5470187738546051,MEL-ADMM,1.0,0.01,15.764951705932617,36486.17719084796,36479.11128148834,0.01936974095968268,1.0090817070818048e-12,0.009379143318155592,18,converged,gap_residual_and_feasibility
507,0.5470187738546051,sMEL-ADMM,1.0,0.01,1.1440020000000002,36486.65525378254,36479.11128148834,0.020680252421695067,2.0028423364237824e-13,0.008782045558680451,29,converged,gap_residual_and_feasibility
508,0.33309875571798325,IPOPT,1.0,1.0e-10,14.113187789916992,36479.111281557874,36479.11128148834,1.906195750827895e-10,1.509903313490213e-14,NaN,34,INTERRUPTED,gap_and_residual
508,0.33309875571798325,MadNLP,1.0,0.01,19.9739933013916,36479.111281488345,36479.11128148834,1.994554515881443e-14,1.4210854715202004e-14,NaN,35,LOCALLY_SOLVED,residual_tolerance_upper_bound
508,0.33309875571798325,ADMM,1.0,0.01,71.75374031066895,36566.17994681506,36479.11128148834,0.23868088412258626,1.1391998455678731e-12,1.1515864162196365,6,converged,gap_callback_with_solver_termination
508,0.33309875571798325,MEL-ADMM,1.0,0.01,16.348600387573242,36486.455343581685,36479.11128148834,0.02013223961701565,2.7250424139424467e-12,0.0009871660103417668,19,converged,gap_residual_and_feasibility
508,0.33309875571798325,sMEL-ADMM,1.0,0.01,1.440208,36485.153929198525,36479.11128148834,0.01656467906676451,2.000621890374532e-13,0.007075468219612802,35,converged,gap_residual_and_feasibility
509,0.5027398509220828,IPOPT,1.0,1.0e-10,14.46986198425293,36479.11128157216,36479.11128148836,2.2971284359406565e-10,1.3322676295501878e-14,NaN,33,INTERRUPTED,gap_and_residual
509,0.5027398509220828,MadNLP,1.0,0.01,19.696950912475586,36479.111281488345,36479.11128148836,3.9891090317628836e-14,1.0658141036401503e-14,NaN,34,LOCALLY_SOLVED,residual_tolerance_upper_bound
509,0.5027398509220828,ADMM,1.0,0.01,72.24869728088379,36588.97204797518,36479.11128148836,0.30116075372309725,4.1655567883935873e-13,1.134236988509345,6,converged,gap_callback_with_solver_termination
509,0.5027398509220828,MEL-ADMM,1.0,0.01,15.284538269042969,36486.17719095442,36479.11128148836,0.01936974125146605,3.091304989766286e-12,0.009379142957354425,18,converged,gap_residual_and_feasibility
509,0.5027398509220828,sMEL-ADMM,1.0,0.01,1.074541,36486.58379125993,36479.11128148836,0.020484352576217783,2.0017321133991572e-13,0.00874766978592767,29,converged,gap_residual_and_feasibility
510,0.5519234203472433,IPOPT,1.0,1.0e-10,12.922048568725586,36479.1112815721,36479.11128148833,2.2963306141343057e-10,1.0658141036401503e-14,NaN,33,INTERRUPTED,gap_and_residual
510,0.5519234203472433,MadNLP,1.0,0.01,19.84095573425293,36479.11128148833,36479.11128148833,0.0,1.3322676295501878e-14,NaN,34,LOCALLY_SOLVED,residual_tolerance_upper_bound
510,0.5519234203472433,ADMM,1.0,0.01,69.92816925048828,36588.97205240949,36479.11128148833,0.3011607658789299,3.419486915845482e-13,1.1342369958115208,6,converged,gap_callback_with_solver_termination
510,0.5519234203472433,MEL-ADMM,1.0,0.01,15.500068664550781,36486.17719088641,36479.11128148833,0.019369741065114836,2.238320639946778e-12,0.00937914342695123,18,converged,gap_residual_and_feasibility
510,0.5519234203472433,sMEL-ADMM,1.0,0.01,1.264206,36486.663394277566,36479.11128148833,0.02070256791882878,2.0039525594484076e-13,0.008879780605518306,29,converged,gap_residual_and_feasibility
511,0.2799122524926309,IPOPT,1.0,1.0e-10,13.211965560913086,36479.111281571546,36479.11128148834,2.2809725443620183e-10,1.0658141036401503e-14,NaN,34,INTERRUPTED,gap_and_residual
511,0.2799122524926309,MadNLP,1.0,0.01,19.941091537475586,36479.11128148835,36479.11128148834,3.989109031762886e-14,1.509903313490213e-14,NaN,35,LOCALLY_SOLVED,residual_tolerance_upper_bound
511,0.2799122524926309,ADMM,1.0,0.01,76.27558708190918,36575.30582699834,36479.11128148834,0.2636976124986199,2.94320123828129e-12,1.2151539537692067,6,converged,gap_callback_with_solver_termination
511,0.2799122524926309,MEL-ADMM,1.0,0.01,13.36359977722168,36486.37178794334,36479.11128148834,0.019903188975673138,3.337385923174452e-12,0.004365123972647211,16,converged,gap_residual_and_feasibility
511,0.2799122524926309,sMEL-ADMM,1.0,0.01,1.53017,36484.91180517432,36479.11128148834,0.015900945725413423,2.0056178939853453e-13,0.00676742098129246,39,converged,gap_residual_and_feasibility
512,0.6449146334725565,IPOPT,1.0,1.0e-10,13.568878173828125,36479.111281575686,36479.11128148832,2.3948616072188494e-10,1.7763568394002505e-14,NaN,34,INTERRUPTED,gap_and_residual
512,0.6449146334725565,MadNLP,1.0,0.01,20.388126373291016,36479.11128148833,36479.11128148832,1.9945545158814437e-14,1.3322676295501878e-14,NaN,35,LOCALLY_SOLVED,residual_tolerance_upper_bound
512,0.6449146334725565,ADMM,1.0,0.01,73.31371307373047,36563.10137189819,36479.11128148832,0.2302416025482785,1.4088730182493236e-12,1.148179771078035,6,converged,gap_callback_with_solver_termination
512,0.6449146334725565,MEL-ADMM,1.0,0.01,13.398170471191406,36485.99421297195,36479.11128148832,0.01886814465000011,8.723022304479855e-13,0.00910813997894877,16,converged,gap_residual_and_feasibility
512,0.6449146334725565,sMEL-ADMM,1.0,0.01,1.264584,36486.11923567069,36479.11128148832,0.01921086873056983,1.999511667349907e-13,0.008448902622173904,32,converged,gap_residual_and_feasibility
513,0.7093761171278619,IPOPT,1.0,1.0e-10,14.564037322998047,36479.111281571815,36479.1112814883,2.2893496733287225e-10,1.1546319456101628e-14,NaN,34,INTERRUPTED,gap_and_residual
513,0.7093761171278619,MadNLP,1.0,0.01,20.452022552490234,36479.11128148834,36479.1112814883,9.972772579407225e-14,1.2434497875801753e-14,NaN,35,LOCALLY_SOLVED,residual_tolerance_upper_bound
513,0.7093761171278619,ADMM,1.0,0.01,76.07913017272949,36659.628192871416,36479.1112814883,0.49485008006409276,2.539302101922658e-12,1.7541142310210076,6,converged,gap_callback_with_solver_termination
513,0.7093761171278619,MEL-ADMM,1.0,0.01,13.565778732299805,36486.52926063691,36479.1112814883,0.020334868060159616,5.093703236980218e-13,0.007696343393908123,16,converged,gap_residual_and_feasibility
513,0.7093761171278619,sMEL-ADMM,1.0,0.01,1.250999,36486.63602501036,36479.1112814883,0.020627540687586612,1.9950707752514063e-13,0.00888171418243111,30,converged,gap_residual_and_feasibility
514,0.5550614857817,IPOPT,1.0,1.0e-10,12.892007827758789,36479.11128157211,36479.11128148833,2.296729525037482e-10,9.769962616701378e-15,NaN,33,INTERRUPTED,gap_and_residual
514,0.5550614857817,MadNLP,1.0,0.01,19.340991973876953,36479.11128148831,36479.11128148833,5.98366354764433e-14,1.4210854715202004e-14,NaN,34,LOCALLY_SOLVED,residual_tolerance_upper_bound
514,0.5550614857817,ADMM,1.0,0.01,69.7169303894043,36588.97205147692,36479.11128148833,0.3011607633224894,1.6302514893595799e-12,1.1342369895207352,6,converged,gap_callback_with_solver_termination
514,0.5550614857817,MEL-ADMM,1.0,0.01,15.556812286376953,36486.17719087885,36479.11128148833,0.019369741044391414,2.098987650356321e-12,0.009379143461660355,18,converged,gap_residual_and_feasibility
514,0.5550614857817,sMEL-ADMM,1.0,0.01,1.173835,36486.66861285852,36479.11128148833,0.020716873587939697,2.0106138975961585e-13,0.008941815227274219,29,converged,gap_residual_and_feasibility
515,0.6410823832988424,IPOPT,1.0,1.0e-10,13.97705078125,36479.111281488345,36479.111281488345,0.0,9.769962616701378e-15,NaN,34,INTERRUPTED,gap_and_residual
515,0.6410823832988424,MadNLP,1.0,0.01,21.165847778320312,36479.111281488345,36479.111281488345,0.0,1.0658141036401503e-14,NaN,35,LOCALLY_SOLVED,residual_tolerance_upper_bound
515,0.6410823832988424,ADMM,1.0,0.01,74.1121768951416,36565.820944087995,36479.111281488345,0.23769675179463806,3.673061854669868e-12,1.1495843640478967,6,converged,gap_callback_with_solver_termination
515,0.6410823832988424,MEL-ADMM,1.0,0.01,13.372182846069336,36485.97296204585,36479.111281488345,0.018809889595609527,2.623457007189245e-12,0.00964093369057828,16,converged,gap_residual_and_feasibility
515,0.6410823832988424,sMEL-ADMM,1.0,0.01,1.343666,36486.1155897442,36479.111281488345,0.01920087417099274,2.000621890374532e-13,0.008452018310364906,32,converged,gap_residual_and_feasibility
516,0.5019416403651165,IPOPT,1.0,1.0e-10,13.944864273071289,36479.11128157215,36479.111281488316,2.2981257131986e-10,1.0658141036401503e-14,NaN,33,INTERRUPTED,gap_and_residual
516,0.5019416403651165,MadNLP,1.0,0.01,19.788026809692383,36479.111281488345,36479.111281488316,7.978218063525777e-14,1.1546319456101628e-14,NaN,34,LOCALLY_SOLVED,residual_tolerance_upper_bound
516,0.5019416403651165,ADMM,1.0,0.01,72.03054428100586,36588.97204783334,36479.111281488316,0.3011607533343988,9.92761428619815e-13,1.1342369879398566,6,converged,gap_callback_with_solver_termination
516,0.5019416403651165,MEL-ADMM,1.0,0.01,15.938282012939453,36486.177190934795,36479.111281488316,0.01936974119779261,2.737809978725636e-12,0.009379143049764949,18,converged,gap_residual_and_feasibility
516,0.5019416403651165,sMEL-ADMM,1.0,0.01,1.600874,36486.58255437692,36479.111281488316,0.020480961915297597,2.0028423364237824e-13,0.008759639913522577,29,converged,gap_residual_and_feasibility
517,0.4537146165834508,IPOPT,1.0,1.0e-10,13.959884643554688,36479.1112815721,36479.11128148834,2.2961311586827173e-10,1.1546319456101628e-14,NaN,33,INTERRUPTED,gap_and_residual
517,0.4537146165834508,MadNLP,1.0,0.01,21.274089813232422,36479.11128148837,36479.11128148834,7.978218063525772e-14,1.2434497875801753e-14,NaN,34,LOCALLY_SOLVED,residual_tolerance_upper_bound
517,0.4537146165834508,ADMM,1.0,0.01,77.12554931640625,36588.97205380307,36479.11128148834,0.3011607696991201,4.167166611779294e-12,1.1342369895960944,6,converged,gap_callback_with_solver_termination
517,0.4537146165834508,MEL-ADMM,1.0,0.01,16.191720962524414,36486.17719088424,36479.11128148834,0.019369741059151114,1.2900236434632006e-12,0.009379143057164363,18,converged,gap_residual_and_feasibility
517,0.4537146165834508,sMEL-ADMM,1.0,0.01,1.9775790000000002,36486.18651805196,36479.11128148834,0.019395309576009663,2.0039525594484076e-13,0.008774246168064437,37,converged,gap_residual_and_feasibility
518,0.3472199855238561,IPOPT,1.0,1.0e-10,14.451980590820312,36479.11128155828,36479.11128148834,1.917365256116831e-10,1.4210854715202004e-14,NaN,34,INTERRUPTED,gap_and_residual
518,0.3472199855238561,MadNLP,1.0,0.01,19.93107795715332,36479.11128148833,36479.11128148834,1.994554515881443e-14,1.1546319456101628e-14,NaN,35,LOCALLY_SOLVED,residual_tolerance_upper_bound
518,0.3472199855238561,ADMM,1.0,0.01,70.74713706970215,36578.138503571114,36479.11128148834,0.27146281420794327,3.561595462997502e-13,1.1761481209196827,6,converged,gap_callback_with_solver_termination
518,0.3472199855238561,MEL-ADMM,1.0,0.01,15.14577865600586,36485.887342370865,36479.11128148834,0.01857518082126382,4.268030373566489e-12,0.009677262122123054,18,converged,gap_residual_and_feasibility
518,0.3472199855238561,sMEL-ADMM,1.0,0.01,1.5254139999999998,36485.27533593909,36479.11128148834,0.016897490739807626,2.0000667788622195e-13,0.008378006609639499,35,converged,gap_residual_and_feasibility
519,0.39604434183619314,IPOPT,1.0,1.0e-10,13.367891311645508,36479.11128157192,36479.111281488345,2.290945316941425e-10,1.509903313490213e-14,NaN,33,INTERRUPTED,gap_and_residual
519,0.39604434183619314,MadNLP,1.0,0.01,19.4091796875,36479.111281488345,36479.111281488345,0.0,1.687538997430238e-14,NaN,34,LOCALLY_SOLVED,residual_tolerance_upper_bound
519,0.39604434183619314,ADMM,1.0,0.01,70.51324844360352,36588.97205726528,36479.111281488345,0.3011607791900481,2.7993163342898697e-12,1.1342369942505268,6,converged,gap_callback_with_solver_termination
519,0.39604434183619314,MEL-ADMM,1.0,0.01,15.362262725830078,36486.177190844646,36479.111281488345,0.019369740950587508,1.564193219394383e-12,0.0093791436376085,18,converged,gap_residual_and_feasibility
519,0.39604434183619314,sMEL-ADMM,1.0,0.01,1.353125,36485.324722333404,36479.111281488345,0.017032873408326217,2.0011770018868447e-13,0.007391929171950196,34,converged,gap_residual_and_feasibility
520,0.5426454349709646,IPOPT,1.0,1.0e-10,13.499975204467773,36479.11128157212,36479.11128148832,2.2971284359406588e-10,1.509903313490213e-14,NaN,33,INTERRUPTED,gap_and_residual
520,0.5426454349709646,MadNLP,1.0,0.01,19.459962844848633,36479.11128148833,36479.11128148832,1.9945545158814437e-14,1.1546319456101628e-14,NaN,34,LOCALLY_SOLVED,residual_tolerance_upper_bound
520,0.5426454349709646,ADMM,1.0,0.01,71.72465324401855,36588.97204670893,36479.11128148832,0.30116075025203415,7.388534228880417e-13,1.1342369791281772,6,converged,gap_callback_with_solver_termination
520,0.5426454349709646,MEL-ADMM,1.0,0.01,15.302181243896484,36486.17719087681,36479.11128148832,0.01936974103882661,1.3999912340523224e-12,0.009379143214150787,18,converged,gap_residual_and_feasibility
520,0.5426454349709646,sMEL-ADMM,1.0,0.01,1.238958,36486.64801385295,36479.11128148832,0.02066040564001462,2.0017321133991572e-13,0.00869419678066663,29,converged,gap_residual_and_feasibility
521,0.3253392578388923,IPOPT,1.0,1.0e-10,12.799978256225586,36479.111346012825,36479.111281488345,1.7688062482985945e-7,1.1546319456101628e-14,NaN,33,INTERRUPTED,gap_and_residual
521,0.3253392578388923,MadNLP,1.0,0.01,20.33090591430664,36479.11128148834,36479.111281488345,1.9945545158814427e-14,1.4210854715202004e-14,NaN,35,LOCALLY_SOLVED,residual_tolerance_upper_bound
521,0.3253392578388923,ADMM,1.0,0.01,76.5843391418457,36560.51813858797,36479.111281488345,0.22316019837066267,9.353628982466944e-13,1.1432773243365162,6,converged,gap_callback_with_solver_termination
521,0.3253392578388923,MEL-ADMM,1.0,0.01,13.463973999023438,36486.02592427066,36479.111281488345,0.018955074669878894,7.450151606747113e-13,0.008981182457926451,16,converged,gap_residual_and_feasibility
521,0.3253392578388923,sMEL-ADMM,1.0,0.01,1.447166,36485.044899132234,36479.111281488345,0.016265795507193048,1.992850329202156e-13,0.008333228740399434,35,converged,gap_residual_and_feasibility
522,0.6043468164945113,IPOPT,1.0,1.0e-10,13.160943984985352,36479.111281571946,36479.11128148834,2.291942594199366e-10,1.1546319456101628e-14,NaN,33,INTERRUPTED,gap_and_residual
522,0.6043468164945113,MadNLP,1.0,0.01,19.868850708007812,36479.11128148832,36479.11128148834,3.989109031762886e-14,9.769962616701378e-15,NaN,34,LOCALLY_SOLVED,residual_tolerance_upper_bound
522,0.6043468164945113,ADMM,1.0,0.01,73.26507568359375,36596.652900735455,36479.11128148834,0.32221623586198544,3.517186542012496e-13,1.155240838546252,6,converged,gap_callback_with_solver_termination
522,0.6043468164945113,MEL-ADMM,1.0,0.01,15.06662368774414,36485.986820475315,36479.11128148834,0.018847879636984644,9.883205365213144e-13,0.00945553572933644,18,converged,gap_residual_and_feasibility
522,0.6043468164945113,sMEL-ADMM,1.0,0.01,1.237624,36486.75310963271,36479.11128148834,0.02094850416009798,2.0028423364237824e-13,0.009886218789773693,29,converged,gap_residual_and_feasibility
523,0.3264926228941273,IPOPT,1.0,1.0e-10,13.13018798828125,36479.111346015095,36479.11128148835,1.768868278944038e-7,1.3322676295501878e-14,NaN,33,INTERRUPTED,gap_and_residual
523,0.3264926228941273,MadNLP,1.0,0.01,20.711898803710938,36479.11128148834,36479.11128148835,3.989109031762884e-14,1.4210854715202004e-14,NaN,35,LOCALLY_SOLVED,residual_tolerance_upper_bound
523,0.3264926228941273,ADMM,1.0,0.01,74.75471496582031,36561.32623042189,36479.11128148835,0.22537541635575947,2.637223772694597e-12,1.143427954963208,6,converged,gap_callback_with_solver_termination
523,0.3264926228941273,MEL-ADMM,1.0,0.01,13.683795928955078,36486.01851955556,36479.11128148835,0.01893477616246901,4.462041847119735e-12,0.00914795772922794,16,converged,gap_residual_and_feasibility
523,0.3264926228941273,sMEL-ADMM,1.0,0.01,1.389501,36485.062567929584,36479.11128148835,0.01631423089041048,1.996736109788344e-13,0.007943943568546885,35,converged,gap_residual_and_feasibility
524,0.6731353676761682,IPOPT,1.0,1.0e-10,12.707948684692383,36479.11134601798,36479.11128148834,1.7689476622137709e-7,1.2434497875801753e-14,NaN,33,INTERRUPTED,gap_and_residual
524,0.6731353676761682,MadNLP,1.0,0.01,20.240068435668945,36479.11128148836,36479.11128148834,5.983663547644329e-14,1.1546319456101628e-14,NaN,35,LOCALLY_SOLVED,residual_tolerance_upper_bound
524,0.6731353676761682,ADMM,1.0,0.01,73.13370704650879,36565.4815564411,36479.11128148834,0.23676639018502552,1.9199086764842832e-12,1.123206075910364,6,converged,gap_callback_with_solver_termination
524,0.6731353676761682,MEL-ADMM,1.0,0.01,13.452768325805664,36486.20659293923,36479.11128148834,0.019450340761149473,1.1999290450148692e-12,0.005204245144453168,16,converged,gap_residual_and_feasibility
524,0.6731353676761682,sMEL-ADMM,1.0,0.01,1.288499,36486.55225606411,36479.11128148834,0.020397905306286858,2.000621890374532e-13,0.00972699591633841,30,converged,gap_residual_and_feasibility
525,0.6891807129416317,IPOPT,1.0,1.0e-10,13.338088989257812,36479.111281571946,36479.111281488345,2.2917431387477775e-10,1.4210854715202004e-14,NaN,34,INTERRUPTED,gap_and_residual
525,0.6891807129416317,MadNLP,1.0,0.01,19.979000091552734,36479.11128148835,36479.111281488345,1.9945545158814427e-14,1.2434497875801753e-14,NaN,35,LOCALLY_SOLVED,residual_tolerance_upper_bound
525,0.6891807129416317,ADMM,1.0,0.01,75.99306106567383,36592.10118011125,36479.111281488345,0.30973862754227666,3.7192471324942744e-12,1.2928895522194424,6,converged,gap_callback_with_solver_termination
525,0.6891807129416317,MEL-ADMM,1.0,0.01,13.436317443847656,36486.340274438866,36479.111281488345,0.01981680116803968,2.680744515259903e-12,0.00452403723864947,16,converged,gap_residual_and_feasibility
525,0.6891807129416317,sMEL-ADMM,1.0,0.01,1.211625,36486.58816604466,36479.111281488345,0.020496345151122128,1.992850329202156e-13,0.009345080153698504,30,converged,gap_residual_and_feasibility
526,0.35658318244970233,IPOPT,1.0,1.0e-10,12.925148010253906,36479.11134600216,36479.11128148834,1.7685140460620182e-7,1.4210854715202004e-14,NaN,32,INTERRUPTED,gap_and_residual
526,0.35658318244970233,MadNLP,1.0,0.01,19.423961639404297,36479.11128148835,36479.11128148834,3.989109031762886e-14,1.2434497875801753e-14,NaN,34,LOCALLY_SOLVED,residual_tolerance_upper_bound
526,0.35658318244970233,ADMM,1.0,0.01,71.6707706451416,36586.02800323441,36479.11128148834,0.2930902590281214,1.6628365351323282e-12,1.1687712140117226,6,converged,gap_callback_with_solver_termination
526,0.35658318244970233,MEL-ADMM,1.0,0.01,15.173673629760742,36485.9453982507,36479.11128148834,0.01873432910583679,2.7058910667676628e-12,0.009518684569727931,18,converged,gap_residual_and_feasibility
526,0.35658318244970233,sMEL-ADMM,1.0,0.01,1.477249,36485.40188695131,36479.11128148834,0.017244404378248573,2.0045076709607201e-13,0.006147910420652991,36,converged,gap_residual_and_feasibility
527,0.7275802755994719,IPOPT,1.0,1.0e-10,14.164924621582031,36479.11128157174,36479.111281488345,2.2861583861033095e-10,1.3322676295501878e-14,NaN,34,INTERRUPTED,gap_and_residual
527,0.7275802755994719,MadNLP,1.0,0.01,20.689964294433594,36479.11128148833,36479.111281488345,3.9891090317628855e-14,1.3322676295501878e-14,NaN,35,LOCALLY_SOLVED,residual_tolerance_upper_bound
527,0.7275802755994719,ADMM,1.0,0.01,79.99086380004883,36767.13439870186,36479.111281488345,0.7895562887785514,3.2073232958396147e-12,2.174268261913514,6,converged,gap_callback_with_solver_termination
527,0.7275802755994719,MEL-ADMM,1.0,0.01,15.702009201049805,36485.90956403369,36479.111281488345,0.01863609695117088,9.541256673628595e-13,0.004940443924114746,19,converged,gap_residual_and_feasibility
527,0.7275802755994719,sMEL-ADMM,1.0,0.01,1.352336,36486.681121132584,36479.111281488345,0.020751162455210116,2.0128343436454088e-13,0.008485757479286704,30,converged,gap_residual_and_feasibility
528,0.7475959746012837,IPOPT,1.0,1.0e-10,13.103008270263672,36479.111281568,36479.11128148835,2.1834388285354149e-10,1.3322676295501878e-14,NaN,34,INTERRUPTED,gap_and_residual
528,0.7475959746012837,MadNLP,1.0,0.01,20.270824432373047,36479.11128148834,36479.11128148835,3.989109031762884e-14,1.0658141036401503e-14,NaN,35,LOCALLY_SOLVED,residual_tolerance_upper_bound
528,0.7475959746012837,ADMM,1.0,0.01,89.9350643157959,36529.41401553675,36479.11128148835,0.1378946259415135,3.7125857943465235e-13,0.8282983132255755,7,converged,gap_callback_with_solver_termination
528,0.7475959746012837,MEL-ADMM,1.0,0.01,14.553308486938477,36485.74946463176,36479.11128148835,0.01819721728465794,3.1745717166131726e-12,0.00837957621270391,17,converged,gap_residual_and_feasibility
528,0.7475959746012837,sMEL-ADMM,1.0,0.01,1.237422,36486.73115690418,36479.11128148835,0.020888325258328618,2.0017321133991572e-13,0.008083963810992856,30,converged,gap_residual_and_feasibility
529,0.7044757041600438,IPOPT,1.0,1.0e-10,13.470888137817383,36479.111281571866,36479.11128148834,2.2897485842318967e-10,1.2434497875801753e-14,NaN,34,INTERRUPTED,gap_and_residual
529,0.7044757041600438,MadNLP,1.0,0.01,21.055221557617188,36479.11128148835,36479.11128148834,3.989109031762886e-14,1.3322676295501878e-14,NaN,35,LOCALLY_SOLVED,residual_tolerance_upper_bound
529,0.7044757041600438,ADMM,1.0,0.01,75.7741928100586,36638.78103303588,36479.11128148834,0.4377018681059941,1.0705880626460385e-12,1.6403243221662716,6,converged,gap_callback_with_solver_termination
529,0.7044757041600438,MEL-ADMM,1.0,0.01,13.54527473449707,36486.47975007601,36479.11128148834,0.02019914501429094,3.490541189421492e-13,0.0068721499150781185,16,converged,gap_residual_and_feasibility
529,0.7044757041600438,sMEL-ADMM,1.0,0.01,1.263964,36486.62401719418,36479.11128148834,0.02059462372280144,2.0095036745715333e-13,0.008992573264290371,30,converged,gap_residual_and_feasibility
530,0.3360271419566698,IPOPT,1.0,1.0e-10,15.338897705078125,36479.11128155791,36479.11128148836,1.9065946617310701e-10,1.0658141036401503e-14,NaN,34,INTERRUPTED,gap_and_residual
530,0.3360271419566698,MadNLP,1.0,0.01,20.501136779785156,36479.11128148835,36479.11128148836,1.9945545158814418e-14,1.509903313490213e-14,NaN,35,LOCALLY_SOLVED,residual_tolerance_upper_bound
530,0.3360271419566698,ADMM,1.0,0.01,74.4473934173584,36568.54289403077,36479.11128148836,0.24515841916299985,5.824229987183571e-13,1.1592226278455158,6,converged,gap_callback_with_solver_termination
530,0.3360271419566698,MEL-ADMM,1.0,0.01,16.39270782470703,36486.473817986705,36479.11128148836,0.020182883408351063,5.114242362935784e-13,0.0008602275358926548,19,converged,gap_residual_and_feasibility
530,0.3360271419566698,sMEL-ADMM,1.0,0.01,1.555374,36485.187083477125,36479.11128148836,0.01665556471998956,1.9972912213006566e-13,0.0065712389471830335,35,converged,gap_residual_and_feasibility
531,0.7097482229647474,IPOPT,1.0,1.0e-10,13.339042663574219,36479.11128157185,36479.111281488345,2.2891502178771317e-10,1.5987211554602254e-14,NaN,34,INTERRUPTED,gap_and_residual
531,0.7097482229647474,MadNLP,1.0,0.01,20.177125930786133,36479.11128148835,36479.111281488345,1.9945545158814427e-14,1.1546319456101628e-14,NaN,35,LOCALLY_SOLVED,residual_tolerance_upper_bound
531,0.7097482229647474,ADMM,1.0,0.01,75.03223419189453,36661.315855234054,36479.111281488345,0.4994764602123673,4.2998937743732313e-13,1.7627123805113118,6,converged,gap_callback_with_solver_termination
531,0.7097482229647474,MEL-ADMM,1.0,0.01,13.644933700561523,36486.53308987677,36479.111281488345,0.020345365135560217,1.2150280781497713e-12,0.0077590104421378925,16,converged,gap_residual_and_feasibility
531,0.7097482229647474,sMEL-ADMM,1.0,0.01,1.259207,36486.63694076817,36479.111281488345,0.02063005104963731,2.0017321133991572e-13,0.008873339660976143,30,converged,gap_residual_and_feasibility
532,0.6962120320434411,IPOPT,1.0,1.0e-10,13.309955596923828,36479.11128157189,36479.11128148836,2.2897485842318952e-10,1.509903313490213e-14,NaN,34,INTERRUPTED,gap_and_residual
532,0.6962120320434411,MadNLP,1.0,0.01,19.855976104736328,36479.11128148832,36479.11128148836,9.972772579407209e-14,1.1546319456101628e-14,NaN,35,LOCALLY_SOLVED,residual_tolerance_upper_bound
532,0.6962120320434411,ADMM,1.0,0.01,73.91619682312012,36610.41710892457,36479.11128148836,0.35994798892714325,4.1389114358025836e-13,1.4447866601992434,6,converged,gap_callback_with_solver_termination
532,0.6962120320434411,MEL-ADMM,1.0,0.01,13.41867446899414,36486.40158898111,36479.11128148836,0.019984882407078124,2.936317855528614e-12,0.0055143814769147426,16,converged,gap_residual_and_feasibility
532,0.6962120320434411,sMEL-ADMM,1.0,0.01,1.3784610000000002,36486.604168306,36479.11128148836,0.02054021206773571,2.0039525594484076e-13,0.009181833198580236,30,converged,gap_residual_and_feasibility
533,0.4909893251832591,IPOPT,1.0,1.0e-10,13.550043106079102,36479.11128157214,36479.11128148835,2.296928980489069e-10,1.2434497875801753e-14,NaN,33,INTERRUPTED,gap_and_residual
533,0.4909893251832591,MadNLP,1.0,0.01,19.262075424194336,36479.11128148834,36479.11128148835,3.989109031762884e-14,1.1546319456101628e-14,NaN,34,LOCALLY_SOLVED,residual_tolerance_upper_bound
533,0.4909893251832591,ADMM,1.0,0.01,68.96567344665527,36588.972047334224,36479.11128148835,0.3011607519660743,3.648970015035502e-12,1.1342369857078083,6,converged,gap_callback_with_solver_termination
533,0.4909893251832591,MEL-ADMM,1.0,0.01,15.2130126953125,36486.17719097677,36479.11128148835,0.019369741312758714,4.3195447219090966e-12,0.009379143210381358,18,converged,gap_residual_and_feasibility
533,0.4909893251832591,sMEL-ADMM,1.0,0.01,1.182874,36486.565659740954,36479.11128148835,0.020434648736589123,2.0078383400345956e-13,0.008917250116100561,29,converged,gap_residual_and_feasibility
534,0.6937974626192154,IPOPT,1.0,1.0e-10,13.504981994628906,36479.111281571946,36479.11128148835,2.291543683296189e-10,1.2434497875801753e-14,NaN,34,INTERRUPTED,gap_and_residual
534,0.6937974626192154,MadNLP,1.0,0.01,19.546031951904297,36479.11128148833,36479.11128148835,5.983663547644327e-14,1.0658141036401503e-14,NaN,35,LOCALLY_SOLVED,residual_tolerance_upper_bound
534,0.6937974626192154,ADMM,1.0,0.01,73.59957695007324,36603.584991988326,36479.11128148835,0.3412191419343551,5.5176974100845655e-12,1.3890762640067384,6,converged,gap_callback_with_solver_termination
534,0.6937974626192154,MEL-ADMM,1.0,0.01,13.143777847290039,36486.38019821745,36479.11128148835,0.019926244016761956,1.8056667272503546e-12,0.005132546243900471,16,converged,gap_residual_and_feasibility
534,0.6937974626192154,sMEL-ADMM,1.0,0.01,1.175005,36486.59865013137,36479.11128148835,0.020525085124028678,2.0050627824730327e-13,0.00923766564638484,30,converged,gap_residual_and_feasibility
535,0.4492806517535179,IPOPT,1.0,1.0e-10,12.73488998413086,36479.1112815721,36479.111281488345,2.2959317032311286e-10,1.4210854715202004e-14,NaN,33,INTERRUPTED,gap_and_residual
535,0.4492806517535179,MadNLP,1.0,0.01,19.56486701965332,36479.11128148834,36479.111281488345,1.9945545158814427e-14,1.4210854715202004e-14,NaN,34,LOCALLY_SOLVED,residual_tolerance_upper_bound
535,0.4492806517535179,ADMM,1.0,0.01,69.35381889343262,36588.97205429006,36479.111281488345,0.3011607710340953,1.863009746472244e-12,1.1342369919208704,6,converged,gap_callback_with_solver_termination
535,0.4492806517535179,MEL-ADMM,1.0,0.01,15.496015548706055,36486.177190856695,36479.111281488345,0.01936974098361733,1.2547185512801207e-12,0.009379143437428183,18,converged,gap_residual_and_feasibility
535,0.4492806517535179,sMEL-ADMM,1.0,0.01,1.397086,36486.0725350533,36479.111281488345,0.019082848568435763,1.996736109788344e-13,0.008778589672493453,36,converged,gap_residual_and_feasibility
536,0.36136855902928866,IPOPT,1.0,1.0e-10,13.554096221923828,36479.11134600925,36479.111281488345,1.7687083156718646e-7,1.687538997430238e-14,NaN,33,INTERRUPTED,gap_and_residual
536,0.36136855902928866,MadNLP,1.0,0.01,20.90311050415039,36479.11128148835,36479.111281488345,1.9945545158814427e-14,1.1546319456101628e-14,NaN,35,LOCALLY_SOLVED,residual_tolerance_upper_bound
536,0.36136855902928866,ADMM,1.0,0.01,72.80826568603516,36590.109853529735,36479.111281488345,0.304279814233624,7.489564524121306e-13,1.1541655932776598,6,converged,gap_callback_with_solver_termination
536,0.36136855902928866,MEL-ADMM,1.0,0.01,15.341997146606445,36485.970169817236,36479.111281488345,0.018802235273672693,7.688849557041522e-13,0.009539633743584908,18,converged,gap_residual_and_feasibility
536,0.36136855902928866,sMEL-ADMM,1.0,0.01,1.515251,36485.43468716635,36479.111281488345,0.017334319438901808,2.0022872249114698e-13,0.007383609046124562,36,converged,gap_residual_and_feasibility
537,0.7175702590077365,IPOPT,1.0,1.0e-10,14.121055603027344,36479.11128157181,36479.11128148832,2.2885518515223686e-10,1.1546319456101628e-14,NaN,34,INTERRUPTED,gap_and_residual
537,0.7175702590077365,MadNLP,1.0,0.01,20.12014389038086,36479.11128148832,36479.11128148832,0.0,1.3322676295501878e-14,NaN,35,LOCALLY_SOLVED,residual_tolerance_upper_bound
537,0.7175702590077365,ADMM,1.0,0.01,77.72517204284668,36701.845504799734,36479.11128148832,0.6105801799629891,5.582867501630062e-12,1.9407259028809634,6,converged,gap_callback_with_solver_termination
537,0.7175702590077365,MEL-ADMM,1.0,0.01,13.540506362915039,36486.61565428903,36479.11128148832,0.020571698533993092,1.514677272496101e-12,0.009089361463577639,16,converged,gap_residual_and_feasibility
537,0.7175702590077365,sMEL-ADMM,1.0,0.01,1.244127,36486.65625623579,36479.11128148832,0.020683000441657964,1.9984014443252818e-13,0.00869991480435317,30,converged,gap_residual_and_feasibility
538,0.46395510659901107,IPOPT,1.0,1.0e-10,13.278961181640625,36479.11128157211,36479.11128148836,2.2959317032311276e-10,1.2434497875801753e-14,NaN,33,INTERRUPTED,gap_and_residual
538,0.46395510659901107,MadNLP,1.0,0.01,18.97597312927246,36479.11128148836,36479.11128148836,0.0,1.865174681370263e-14,NaN,34,LOCALLY_SOLVED,residual_tolerance_upper_bound
538,0.46395510659901107,ADMM,1.0,0.01,74.05495643615723,36588.97204919733,36479.11128148836,0.3011607570733704,1.3067880111350405e-12,1.1342369912684633,6,converged,gap_callback_with_solver_termination
538,0.46395510659901107,MEL-ADMM,1.0,0.01,15.265226364135742,36486.17719085679,36479.11128148836,0.019369740983836724,8.602563106308025e-13,0.00937914320077926,18,converged,gap_residual_and_feasibility
538,0.46395510659901107,sMEL-ADMM,1.0,0.01,1.513749,36485.8985865661,36479.11128148836,0.018606004475733753,2.0022872249114698e-13,0.007065051915347453,33,converged,gap_residual_and_feasibility
539,0.6827778957239561,IPOPT,1.0,1.0e-10,14.286041259765625,36479.11134600529,36479.11128148833,1.768600011361653e-7,1.0658141036401503e-14,NaN,33,INTERRUPTED,gap_and_residual
539,0.6827778957239561,MadNLP,1.0,0.01,19.46401596069336,36479.11128148832,36479.11128148833,1.9945545158814434e-14,1.2434497875801753e-14,NaN,35,LOCALLY_SOLVED,residual_tolerance_upper_bound
539,0.6827778957239561,ADMM,1.0,0.01,79.38671112060547,36579.00730342275,36479.11128148833,0.2738444507695992,2.116640196447861e-12,1.1583436035397243,6,converged,gap_callback_with_solver_termination
539,0.6827778957239561,MEL-ADMM,1.0,0.01,13.460636138916016,36486.28398522171,36479.11128148833,0.019662495826800883,3.4638958368304884e-13,0.004334951244906904,16,converged,gap_residual_and_feasibility
539,0.6827778957239561,sMEL-ADMM,1.0,0.01,1.014165,36486.573731200086,36479.11128148833,0.0204567749860223,2.0017321133991572e-13,0.009496203220002997,30,converged,gap_residual_and_feasibility
540,0.49787568054100595,IPOPT,1.0,1.0e-10,14.367103576660156,36479.11128157214,36479.111281488316,2.297926257747012e-10,1.2434497875801753e-14,NaN,33,INTERRUPTED,gap_and_residual
540,0.49787568054100595,MadNLP,1.0,0.01,19.834041595458984,36479.11128148836,36479.111281488316,1.1967327095288666e-13,1.2434497875801753e-14,NaN,34,LOCALLY_SOLVED,residual_tolerance_upper_bound
540,0.49787568054100595,ADMM,1.0,0.01,69.13185119628906,36588.972048151016,36479.111281488316,0.30116075420524124,2.2296053892034706e-12,1.1342369892660225,6,converged,gap_callback_with_solver_termination
540,0.49787568054100595,MEL-ADMM,1.0,0.01,15.320777893066406,36486.17719098767,36479.111281488316,0.019369741342736887,4.085620730620576e-12,0.009379143041696736,18,converged,gap_residual_and_feasibility
540,0.49787568054100595,sMEL-ADMM,1.0,0.01,1.307082,36486.57626105776,36479.111281488316,0.020463710071879953,2.0000667788622195e-13,0.008819512790624984,29,converged,gap_residual_and_feasibility
541,0.545909740429174,IPOPT,1.0,1.0e-10,14.597892761230469,36479.111281572135,36479.11128148833,2.2973278913922465e-10,1.0658141036401503e-14,NaN,33,INTERRUPTED,gap_and_residual
541,0.545909740429174,MadNLP,1.0,0.01,19.85001564025879,36479.11128148833,36479.11128148833,0.0,1.1546319456101628e-14,NaN,34,LOCALLY_SOLVED,residual_tolerance_upper_bound
541,0.545909740429174,ADMM,1.0,0.01,71.72870635986328,36588.972047997624,36479.11128148833,0.30116075378470925,3.055555808373356e-12,1.134236986949416,6,converged,gap_callback_with_solver_termination
541,0.545909740429174,MEL-ADMM,1.0,0.01,15.831470489501953,36486.177191015995,36479.11128148833,0.019369741420344994,5.5461191195149695e-12,0.009379143424264491,18,converged,gap_residual_and_feasibility
541,0.545909740429174,sMEL-ADMM,1.0,0.01,1.341335,36486.65341575583,36479.11128148833,0.020675213848544663,2.0039525594484076e-13,0.008759822085957936,29,converged,gap_residual_and_feasibility
542,0.5783537435613897,IPOPT,1.0,1.0e-10,13.929128646850586,36479.11128157209,36479.11128148834,2.2959317032311292e-10,1.687538997430238e-14,NaN,33,INTERRUPTED,gap_and_residual
542,0.5783537435613897,MadNLP,1.0,0.01,20.200014114379883,36479.111281488316,36479.11128148834,5.983663547644329e-14,1.2434497875801753e-14,NaN,34,LOCALLY_SOLVED,residual_tolerance_upper_bound
542,0.5783537435613897,ADMM,1.0,0.01,71.87318801879883,36589.24974819255,36479.11128148834,0.3019220118997405,2.560174294785611e-12,1.1277917114364904,6,converged,gap_callback_with_solver_termination
542,0.5783537435613897,MEL-ADMM,1.0,0.01,15.105009078979492,36486.17385471046,36479.11128148834,0.01936059562313758,3.4593439224295253e-12,0.009380479978748468,18,converged,gap_residual_and_feasibility
542,0.5783537435613897,sMEL-ADMM,1.0,0.01,1.1314170000000001,36486.70787383471,36479.11128148834,0.020824499499878482,2.0017321133991572e-13,0.009393487599135497,29,converged,gap_residual_and_feasibility
543,0.4346600192776876,IPOPT,1.0,1.0e-10,15.514850616455078,36479.11128157204,36479.11128148834,2.294535515070012e-10,1.0658141036401503e-14,NaN,33,INTERRUPTED,gap_and_residual
543,0.4346600192776876,MadNLP,1.0,0.01,19.110918045043945,36479.11128148834,36479.11128148834,0.0,1.1546319456101628e-14,NaN,34,LOCALLY_SOLVED,residual_tolerance_upper_bound
543,0.4346600192776876,ADMM,1.0,0.01,71.89106941223145,36588.972055340455,36479.11128148834,0.3011607739135539,3.536115844582355e-12,1.1342369985778618,6,converged,gap_callback_with_solver_termination
543,0.4346600192776876,MEL-ADMM,1.0,0.01,15.54107666015625,36486.17719092016,36479.11128148834,0.019369741157622272,2.5056623442765158e-12,0.009379143202660423,18,converged,gap_residual_and_feasibility
543,0.4346600192776876,sMEL-ADMM,1.0,0.01,1.463464,36485.685800346655,36479.11128148834,0.01802269470762348,2.0022872249114698e-13,0.009849717392509394,34,converged,gap_residual_and_feasibility
544,0.601414495808873,IPOPT,1.0,1.0e-10,14.417886734008789,36479.111281571946,36479.11128148834,2.291942594199366e-10,1.2434497875801753e-14,NaN,33,INTERRUPTED,gap_and_residual
544,0.601414495808873,MadNLP,1.0,0.01,19.858121871948242,36479.11128148833,36479.11128148834,1.994554515881443e-14,1.2434497875801753e-14,NaN,34,LOCALLY_SOLVED,residual_tolerance_upper_bound
544,0.601414495808873,ADMM,1.0,0.01,73.2424259185791,36599.28158579093,36479.11128148834,0.3294222366748648,1.0116352200384426e-12,1.1601006209811189,6,converged,gap_callback_with_solver_termination
544,0.601414495808873,MEL-ADMM,1.0,0.01,15.743017196655273,36486.00956788903,36479.11128148834,0.018910237005118232,2.095101869770133e-12,0.009391078387935181,18,converged,gap_residual_and_feasibility
544,0.601414495808873,sMEL-ADMM,1.0,0.01,1.131125,36486.747919447844,36479.11128148834,0.020934276333044573,1.9972912213006566e-13,0.009830880668916464,29,converged,gap_residual_and_feasibility
545,0.41179148450156916,IPOPT,1.0,1.0e-10,12.93802261352539,36479.111281572,36479.11128148832,2.2937376932636605e-10,1.509903313490213e-14,NaN,33,INTERRUPTED,gap_and_residual
545,0.41179148450156916,MadNLP,1.0,0.01,19.93107795715332,36479.111281488345,36479.11128148832,5.983663547644332e-14,1.3322676295501878e-14,NaN,34,LOCALLY_SOLVED,residual_tolerance_upper_bound
545,0.41179148450156916,ADMM,1.0,0.01,70.2674388885498,36588.97205644439,36479.11128148832,0.3011607769398118,3.013145288832675e-13,1.1342369962105376,6,converged,gap_callback_with_solver_termination
545,0.41179148450156916,MEL-ADMM,1.0,0.01,15.505075454711914,36486.17719099848,36479.11128148832,0.019369741372356017,5.485167875463048e-12,0.009379143584924421,18,converged,gap_residual_and_feasibility
545,0.41179148450156916,sMEL-ADMM,1.0,0.01,1.3312529999999998,36485.630690729646,36479.11128148832,0.017871622998201917,2.0078383400345956e-13,0.007836549138566795,35,converged,gap_residual_and_feasibility
546,0.625828420230385,IPOPT,1.0,1.0e-10,14.380931854248047,36479.11128156914,36479.11128148834,2.2149527898863426e-10,1.1546319456101628e-14,NaN,33,INTERRUPTED,gap_and_residual
546,0.625828420230385,MadNLP,1.0,0.01,19.383907318115234,36479.11128148834,36479.11128148834,0.0,1.3322676295501878e-14,NaN,34,LOCALLY_SOLVED,residual_tolerance_upper_bound
546,0.625828420230385,ADMM,1.0,0.01,72.9529857635498,36578.16095278664,36479.11128148834,0.2715243541269166,1.386335490849433e-12,1.172087840671728,6,converged,gap_callback_with_solver_termination
546,0.625828420230385,MEL-ADMM,1.0,0.01,15.348434448242188,36485.86032366398,36479.11128148834,0.01850111457915254,3.656075442393103e-12,0.009618195086686043,18,converged,gap_residual_and_feasibility
546,0.625828420230385,sMEL-ADMM,1.0,0.01,1.453915,36486.101931474026,36479.11128148834,0.019163432825282104,1.9972912213006566e-13,0.008464252774878389,32,converged,gap_residual_and_feasibility
547,0.622131696136362,IPOPT,1.0,1.0e-10,13.995885848999023,36479.11128156976,36479.111281488345,2.2319065032713342e-10,1.509903313490213e-14,NaN,33,INTERRUPTED,gap_and_residual
547,0.622131696136362,MadNLP,1.0,0.01,19.57106590270996,36479.111281488345,36479.111281488345,0.0,1.3322676295501878e-14,NaN,34,LOCALLY_SOLVED,residual_tolerance_upper_bound
547,0.622131696136362,ADMM,1.0,0.01,78.32098007202148,36580.88049270218,36479.111281488345,0.2789794149000437,4.568567746332519e-13,1.166172729435388,6,converged,gap_callback_with_solver_termination
547,0.622131696136362,MEL-ADMM,1.0,0.01,15.626668930053711,36485.87923133452,36479.111281488345,0.018552946079054985,2.0216051055399475e-12,0.00958541859716533,18,converged,gap_residual_and_feasibility
547,0.622131696136362,sMEL-ADMM,1.0,0.01,1.4338739999999999,36486.09875336463,36479.111281488345,0.019154720690340545,2.0017321133991572e-13,0.008466952796576166,32,converged,gap_residual_and_feasibility
548,0.3795386046889341,IPOPT,1.0,1.0e-10,12.98213005065918,36479.111281562524,36479.11128148834,2.0336477843927193e-10,1.3322676295501878e-14,NaN,32,INTERRUPTED,gap_and_residual
548,0.3795386046889341,MadNLP,1.0,0.01,19.761085510253906,36479.11128148834,36479.11128148834,0.0,1.1546319456101628e-14,NaN,33,LOCALLY_SOLVED,residual_tolerance_upper_bound
548,0.3795386046889341,ADMM,1.0,0.01,72.33858108520508,36595.040378364385,36479.11128148834,0.3177958365857346,8.684719610130287e-13,1.0704145461006291,6,converged,gap_callback_with_solver_termination
548,0.3795386046889341,MEL-ADMM,1.0,0.01,15.725374221801758,36486.09746495977,36479.11128148834,0.01915118879274128,2.728539616470016e-12,0.009394527683868503,18,converged,gap_residual_and_feasibility
548,0.3795386046889341,sMEL-ADMM,1.0,0.01,1.400747,36485.021968297355,36479.11128148834,0.016202935327583094,1.9984014443252818e-13,0.007619463886937794,33,converged,gap_residual_and_feasibility
549,0.2636414336350342,IPOPT,1.0,1.0e-10,15.32292366027832,36479.11128157143,36479.111281488345,2.2775818016850194e-10,1.4210854715202004e-14,NaN,34,INTERRUPTED,gap_and_residual
549,0.2636414336350342,MadNLP,1.0,0.01,20.496129989624023,36479.11128148833,36479.111281488345,3.9891090317628855e-14,1.4210854715202004e-14,NaN,35,LOCALLY_SOLVED,residual_tolerance_upper_bound
549,0.2636414336350342,ADMM,1.0,0.01,78.16123962402344,36615.06184959071,36479.111281488345,0.3726805926090502,4.683031740171373e-12,1.555979310632111,6,converged,gap_callback_with_solver_termination
549,0.2636414336350342,MEL-ADMM,1.0,0.01,13.682365417480469,36486.50713309563,36479.111281488345,0.020274209945006935,5.643263634169671e-13,0.006713074876174119,16,converged,gap_residual_and_feasibility
549,0.2636414336350342,sMEL-ADMM,1.0,0.01,1.717335,36485.1075612318,36479.111281488345,0.0164375707982208,2.003397447936095e-13,0.007359486603920828,39,converged,gap_residual_and_feasibility
550,0.3654808006739798,IPOPT,1.0,1.0e-10,13.047933578491211,36479.1112815715,36479.11128148833,2.279975267104078e-10,1.1546319456101628e-14,NaN,33,INTERRUPTED,gap_and_residual
550,0.3654808006739798,MadNLP,1.0,0.01,19.797086715698242,36479.11128148833,36479.11128148833,0.0,1.2434497875801753e-14,NaN,34,LOCALLY_SOLVED,residual_tolerance_upper_bound
550,0.3654808006739798,ADMM,1.0,0.01,70.33395767211914,36595.85312013566,36479.11128148833,0.3200238014202141,8.965050923848139e-13,1.1618902589339362,6,converged,gap_callback_with_solver_termination
550,0.3654808006739798,MEL-ADMM,1.0,0.01,15.173912048339844,36486.00202814261,36479.11128148833,0.018889568337091846,1.1186052084610765e-12,0.00940841361096556,18,converged,gap_residual_and_feasibility
550,0.3654808006739798,sMEL-ADMM,1.0,0.01,1.435794,36484.9856695135,36479.11128148833,0.016103429658255872,2.0028423364237824e-13,0.009250463477952664,33,converged,gap_residual_and_feasibility
551,0.37481885518155267,IPOPT,1.0,1.0e-10,12.768983840942383,36479.11134598857,36479.11128148833,1.7681416627339034e-7,1.2434497875801753e-14,NaN,32,INTERRUPTED,gap_and_residual
551,0.37481885518155267,MadNLP,1.0,0.01,19.29187774658203,36479.11128148833,36479.11128148833,0.0,1.1546319456101628e-14,NaN,34,LOCALLY_SOLVED,residual_tolerance_upper_bound
551,0.37481885518155267,ADMM,1.0,0.01,71.72989845275879,36596.63104437978,36479.11128148833,0.32215632114668075,9.832135106080386e-13,1.0940093609836001,6,converged,gap_callback_with_solver_termination
551,0.37481885518155267,MEL-ADMM,1.0,0.01,15.315055847167969,36486.06757379021,36479.11128148833,0.019069248283502167,5.260125668371529e-12,0.009387837899313745,18,converged,gap_residual_and_feasibility
551,0.37481885518155267,sMEL-ADMM,1.0,0.01,1.372248,36485.001295482434,36479.11128148833,0.016146265046463177,2.0056178939853453e-13,0.007711229243358986,33,converged,gap_residual_and_feasibility
552,0.5273338255042035,IPOPT,1.0,1.0e-10,14.210939407348633,36479.11128157213,36479.11128148832,2.297327891392247e-10,1.1546319456101628e-14,NaN,33,INTERRUPTED,gap_and_residual
552,0.5273338255042035,MadNLP,1.0,0.01,19.35100555419922,36479.11128148836,36479.11128148832,9.972772579407219e-14,1.3322676295501878e-14,NaN,34,LOCALLY_SOLVED,residual_tolerance_upper_bound
552,0.5273338255042035,ADMM,1.0,0.01,70.70684432983398,36588.97204751314,36479.11128148832,0.3011607524566153,1.6155965454345278e-12,1.1342369850395153,6,converged,gap_callback_with_solver_termination
552,0.5273338255042035,MEL-ADMM,1.0,0.01,15.37322998046875,36486.17719104694,36479.11128148832,0.01936974150519335,5.469291686210909e-12,0.009379142996980505,18,converged,gap_residual_and_feasibility
552,0.5273338255042035,sMEL-ADMM,1.0,0.01,1.089749,36486.62316746497,36479.11128148832,0.020592294364518652,2.007283228522283e-13,0.008407145909954394,29,converged,gap_residual_and_feasibility
553,0.5278128175891561,IPOPT,1.0,1.0e-10,12.643098831176758,36479.111281572135,36479.11128148834,2.2971284359406578e-10,1.3322676295501878e-14,NaN,33,INTERRUPTED,gap_and_residual
553,0.5278128175891561,MadNLP,1.0,0.01,18.813133239746094,36479.111281488345,36479.11128148834,1.994554515881443e-14,1.4210854715202004e-14,NaN,34,LOCALLY_SOLVED,residual_tolerance_upper_bound
553,0.5278128175891561,ADMM,1.0,0.01,71.17271423339844,36588.97204697287,36479.11128148834,0.30116075097553874,5.63660229602192e-13,1.1342369793067295,6,converged,gap_callback_with_solver_termination
553,0.5278128175891561,MEL-ADMM,1.0,0.01,15.447854995727539,36486.17719100413,36479.11128148834,0.019369741387793862,4.4009240696141205e-12,0.009379143028264814,18,converged,gap_residual_and_feasibility
553,0.5278128175891561,sMEL-ADMM,1.0,0.01,1.288956,36486.623938890676,36479.11128148834,0.02059440906980183,2.0039525594484076e-13,0.008399783981367648,29,converged,gap_residual_and_feasibility
554,0.5616526727627922,IPOPT,1.0,1.0e-10,12.97903060913086,36479.111281572084,36479.11128148834,2.295732247779541e-10,1.4210854715202004e-14,NaN,33,INTERRUPTED,gap_and_residual
554,0.5616526727627922,MadNLP,1.0,0.01,19.627809524536133,36479.11128148833,36479.11128148834,1.994554515881443e-14,1.4210854715202004e-14,NaN,34,LOCALLY_SOLVED,residual_tolerance_upper_bound
554,0.5616526727627922,ADMM,1.0,0.01,70.92475891113281,36588.97205163754,36479.11128148834,0.30116076376276735,2.922551090023262e-12,1.1342369870551652,6,converged,gap_callback_with_solver_termination
554,0.5616526727627922,MEL-ADMM,1.0,0.01,15.575408935546875,36486.1771908923,36479.11128148834,0.019369741081230834,2.94364532749114e-12,0.009379143616301988,18,converged,gap_residual_and_feasibility
554,0.5616526727627922,sMEL-ADMM,1.0,0.01,1.201501,36486.67962316917,36479.11128148834,0.020747056095832394,1.9984014443252818e-13,0.009071126828290588,29,converged,gap_residual_and_feasibility
555,0.34102369598122123,IPOPT,1.0,1.0e-10,13.154029846191406,36479.11134600376,36479.11128148832,1.7685583251722715e-7,1.3322676295501878e-14,NaN,33,INTERRUPTED,gap_and_residual
555,0.34102369598122123,MadNLP,1.0,0.01,19.96016502380371,36479.11128148836,36479.11128148832,9.972772579407219e-14,1.3322676295501878e-14,NaN,35,LOCALLY_SOLVED,residual_tolerance_upper_bound
555,0.34102369598122123,ADMM,1.0,0.01,74.16534423828125,36572.76191624408,36479.11128148832,0.2567240030413864,5.920264278813647e-13,1.168551870203597,6,converged,gap_callback_with_solver_termination
555,0.34102369598122123,MEL-ADMM,1.0,0.01,15.012502670288086,36485.84603306503,36479.11128148832,0.01846193983382728,3.161915174132446e-13,0.009876314065021319,18,converged,gap_residual_and_feasibility
555,0.34102369598122123,sMEL-ADMM,1.0,0.01,1.50471,36485.23335017417,36479.11128148832,0.01678239537855727,1.996736109788344e-13,0.00655876045563808,35,converged,gap_residual_and_feasibility
556,0.3542430396108912,IPOPT,1.0,1.0e-10,13.257980346679688,36479.111281569916,36479.11128148834,2.2362945232062738e-10,1.2434497875801753e-14,NaN,33,INTERRUPTED,gap_and_residual
556,0.3542430396108912,MadNLP,1.0,0.01,19.33598518371582,36479.11128148833,36479.11128148834,1.994554515881443e-14,1.3322676295501878e-14,NaN,34,LOCALLY_SOLVED,residual_tolerance_upper_bound
556,0.3542430396108912,ADMM,1.0,0.01,72.2808837890625,36584.18140106359,36479.11128148834,0.288028178001623,1.08124620368244e-12,1.1746669960102132,6,converged,gap_callback_with_solver_termination
556,0.3542430396108912,MEL-ADMM,1.0,0.01,15.238523483276367,36485.93308646439,36479.11128148834,0.018700578869409564,4.754141524898614e-12,0.009516406204364891,18,converged,gap_residual_and_feasibility
556,0.3542430396108912,sMEL-ADMM,1.0,0.01,1.389619,36485.38498381846,36479.11128148834,0.017198067907172373,2.0022872249114698e-13,0.005514098157036074,36,converged,gap_residual_and_feasibility
557,0.4316521435160443,IPOPT,1.0,1.0e-10,12.765884399414062,36479.11128157204,36479.11128148831,2.2953333368763665e-10,1.0658141036401503e-14,NaN,33,INTERRUPTED,gap_and_residual
557,0.4316521435160443,MadNLP,1.0,0.01,19.696950912475586,36479.11128148833,36479.11128148831,5.983663547644334e-14,1.5987211554602254e-14,NaN,34,LOCALLY_SOLVED,residual_tolerance_upper_bound
557,0.4316521435160443,ADMM,1.0,0.01,71.04086875915527,36588.97205635472,36479.11128148831,0.30116077669404295,3.130495862535554e-12,1.1342370028696607,6,converged,gap_callback_with_solver_termination
557,0.4316521435160443,MEL-ADMM,1.0,0.01,15.28620719909668,36486.17719091425,36479.11128148831,0.01936974114148634,2.6715851753067454e-12,0.009379143398025036,18,converged,gap_residual_and_feasibility
557,0.4316521435160443,sMEL-ADMM,1.0,0.01,1.323207,36485.501981506684,36479.11128148831,0.017518793067797078,1.9989565558375944e-13,0.008505046409567285,33,converged,gap_residual_and_feasibility
558,0.3893034727471781,IPOPT,1.0,1.0e-10,12.902021408081055,36479.11128157188,36479.11128148833,2.2903469505866614e-10,1.1546319456101628e-14,NaN,33,INTERRUPTED,gap_and_residual
558,0.3893034727471781,MadNLP,1.0,0.01,19.57106590270996,36479.11128148836,36479.11128148833,7.978218063525773e-14,1.3322676295501878e-14,NaN,34,LOCALLY_SOLVED,residual_tolerance_upper_bound
558,0.3893034727471781,ADMM,1.0,0.01,69.41342353820801,36589.95403565916,36479.11128148833,0.30385267150704387,1.3617440508539858e-12,1.1270248147627333,6,converged,gap_callback_with_solver_termination
558,0.3893034727471781,MEL-ADMM,1.0,0.01,15.332937240600586,36486.162738973326,36479.11128148833,0.019330124110159524,4.64539517963658e-12,0.009403530721120212,18,converged,gap_residual_and_feasibility
558,0.3893034727471781,sMEL-ADMM,1.0,0.01,1.416338,36485.27349850508,36479.11128148833,0.01689245379142133,2.0050627824730327e-13,0.0052274387917101706,34,converged,gap_residual_and_feasibility
559,0.491133745186877,IPOPT,1.0,1.0e-10,13.130903244018555,36479.11128157215,36479.11128148834,2.297527346843834e-10,1.0658141036401503e-14,NaN,33,INTERRUPTED,gap_and_residual
559,0.491133745186877,MadNLP,1.0,0.01,19.530057907104492,36479.111281488345,36479.11128148834,1.994554515881443e-14,1.1546319456101628e-14,NaN,34,LOCALLY_SOLVED,residual_tolerance_upper_bound
559,0.491133745186877,ADMM,1.0,0.01,69.34213638305664,36588.97204743409,36479.11128148834,0.3011607522398669,4.156675004196586e-13,1.1342369858138355,6,converged,gap_callback_with_solver_termination
559,0.491133745186877,MEL-ADMM,1.0,0.01,14.97793197631836,36486.17719081054,36479.11128148834,0.019369740857102743,3.5083047578154947e-13,0.009379143156804659,18,converged,gap_residual_and_feasibility
559,0.491133745186877,sMEL-ADMM,1.0,0.01,1.070413,36486.565880473645,36479.11128148834,0.020435253830017805,2.0039525594484076e-13,0.008914461532539164,29,converged,gap_residual_and_feasibility
560,0.611030846297707,IPOPT,1.0,1.0e-10,13.504981994628906,36479.111281571626,36479.11128148834,2.283166554329488e-10,1.1546319456101628e-14,NaN,33,INTERRUPTED,gap_and_residual
560,0.611030846297707,MadNLP,1.0,0.01,19.843101501464844,36479.11128148832,36479.11128148834,3.989109031762886e-14,1.0658141036401503e-14,NaN,34,LOCALLY_SOLVED,residual_tolerance_upper_bound
560,0.611030846297707,ADMM,1.0,0.01,70.14608383178711,36589.178371490576,36479.11128148834,0.3017263473139829,4.083955396083638e-12,1.1397190230212075,6,converged,gap_callback_with_solver_termination
560,0.611030846297707,MEL-ADMM,1.0,0.01,14.741897583007812,36485.938667689705,36479.11128148834,0.01871587865363164,7.759348719105219e-13,0.009570719453867227,18,converged,gap_residual_and_feasibility
560,0.611030846297707,sMEL-ADMM,1.0,0.01,1.202664,36486.089338053665,36479.11128148834,0.019128910546865097,1.999511667349907e-13,0.008474337919718522,32,converged,gap_residual_and_feasibility
561,0.2843586276805266,IPOPT,1.0,1.0e-10,14.23501968383789,36479.11128157156,36479.111281488345,2.281171999813606e-10,9.769962616701378e-15,NaN,34,INTERRUPTED,gap_and_residual
561,0.2843586276805266,MadNLP,1.0,0.01,19.648075103759766,36479.11128148835,36479.111281488345,1.9945545158814427e-14,1.3322676295501878e-14,NaN,35,LOCALLY_SOLVED,residual_tolerance_upper_bound
561,0.2843586276805266,ADMM,1.0,0.01,73.65083694458008,36568.165157928845,36479.111281488345,0.2441229331310227,5.336786568221896e-12,1.1264047940481898,6,converged,gap_callback_with_solver_termination
561,0.2843586276805266,MEL-ADMM,1.0,0.01,12.979269027709961,36486.335607895606,36479.111281488345,0.019804008797019206,1.5175083412088952e-12,0.0042411655127558845,16,converged,gap_residual_and_feasibility
561,0.2843586276805266,sMEL-ADMM,1.0,0.01,1.510541,36484.88625527865,36479.111281488345,0.015830905927901245,1.9945156637390937e-13,0.006496180233188653,39,converged,gap_residual_and_feasibility
562,0.7266325584076374,IPOPT,1.0,1.0e-10,14.292001724243164,36479.111281571735,36479.11128148835,2.285759475200133e-10,1.509903313490213e-14,NaN,34,INTERRUPTED,gap_and_residual
562,0.7266325584076374,MadNLP,1.0,0.01,20.32780647277832,36479.11128148835,36479.11128148835,0.0,1.4210854715202004e-14,NaN,35,LOCALLY_SOLVED,residual_tolerance_upper_bound
562,0.7266325584076374,ADMM,1.0,0.01,77.88276672363281,36760.26059313151,36479.11128148835,0.7707131609476215,8.624212455288216e-13,2.1518889012619065,6,converged,gap_callback_with_solver_termination
562,0.7266325584076374,MEL-ADMM,1.0,0.01,15.027999877929688,36485.91426568804,36479.11128148835,0.018648985572032383,1.0437206654501097e-12,0.004902110419502392,19,converged,gap_residual_and_feasibility
562,0.7266325584076374,sMEL-ADMM,1.0,0.01,1.360789,36486.67875240314,36479.11128148835,0.020744669069353888,2.0061730054976579e-13,0.00850580987869165,30,converged,gap_residual_and_feasibility
563,0.7473788804834778,IPOPT,1.0,1.0e-10,13.623952865600586,36479.11128156815,36479.111281488345,2.1876273930187663e-10,1.2434497875801753e-14,NaN,34,INTERRUPTED,gap_and_residual
563,0.7473788804834778,MadNLP,1.0,0.01,19.95706558227539,36479.11128148833,36479.111281488345,3.9891090317628855e-14,1.687538997430238e-14,NaN,35,LOCALLY_SOLVED,residual_tolerance_upper_bound
563,0.7473788804834778,ADMM,1.0,0.01,87.97693252563477,36529.656253553745,36479.111281488345,0.13855867177073783,1.5403234243649422e-12,0.8288057250395475,7,converged,gap_callback_with_solver_termination
563,0.7473788804834778,MEL-ADMM,1.0,0.01,13.321399688720703,36485.74754579224,36479.111281488345,0.018191957179788037,4.1655567883935873e-13,0.008407606094929854,17,converged,gap_residual_and_feasibility
563,0.7473788804834778,sMEL-ADMM,1.0,0.01,1.122376,36486.73061085627,36479.111281488345,0.020886828380029265,2.0095036745715333e-13,0.008088184340799387,30,converged,gap_residual_and_feasibility
564,0.6080699338013895,IPOPT,1.0,1.0e-10,14.497995376586914,36479.11128157198,36479.11128148836,2.2923415051025411e-10,1.1546319456101628e-14,NaN,33,INTERRUPTED,gap_and_residual
564,0.6080699338013895,MadNLP,1.0,0.01,20.442962646484375,36479.11128148834,36479.11128148836,5.983663547644325e-14,1.1546319456101628e-14,NaN,34,LOCALLY_SOLVED,residual_tolerance_upper_bound
564,0.6080699338013895,ADMM,1.0,0.01,73.36592674255371,36592.51329808942,36479.11128148836,0.31086836443465227,1.9897417047332056e-12,1.1445463899821524,6,converged,gap_callback_with_solver_termination
564,0.6080699338013895,MEL-ADMM,1.0,0.01,15.609502792358398,36485.95933761108,36479.11128148836,0.018772541002647587,3.3737457272309257e-12,0.009544467919527122,18,converged,gap_residual_and_feasibility
564,0.6080699338013895,sMEL-ADMM,1.0,0.01,1.254955,36486.75973625997,36479.11128148836,0.0209666696992458,2.0050627824730327e-13,0.009956514700931507,29,converged,gap_residual_and_feasibility
565,0.6039557794428279,IPOPT,1.0,1.0e-10,12.82501220703125,36479.11128157197,36479.11128148832,2.292939871457308e-10,1.2434497875801753e-14,NaN,33,INTERRUPTED,gap_and_residual
565,0.6039557794428279,MadNLP,1.0,0.01,19.78898048400879,36479.11128148832,36479.11128148832,0.0,1.0658141036401503e-14,NaN,34,LOCALLY_SOLVED,residual_tolerance_upper_bound
565,0.6039557794428279,ADMM,1.0,0.01,70.61386108398438,36597.02342642898,36479.11128148832,0.32323195603861926,1.3474776849875525e-12,1.1560170730973454,6,converged,gap_callback_with_solver_termination
565,0.6039557794428279,MEL-ADMM,1.0,0.01,14.92619514465332,36485.98969371387,36479.11128148832,0.018855756031085476,2.3209212329788897e-12,0.00944689738765625,18,converged,gap_residual_and_feasibility
565,0.6039557794428279,sMEL-ADMM,1.0,0.01,1.1467459999999998,36486.7524161633,36479.11128148832,0.020946603156013,2.000621890374532e-13,0.009878840529324862,29,converged,gap_residual_and_feasibility
566,0.4984345671805677,IPOPT,1.0,1.0e-10,15.034198760986328,36479.11128157213,36479.111281488345,2.2967295250374813e-10,1.2434497875801753e-14,NaN,33,INTERRUPTED,gap_and_residual
566,0.4984345671805677,MadNLP,1.0,0.01,20.33209800720215,36479.11128148834,36479.111281488345,1.9945545158814427e-14,1.1546319456101628e-14,NaN,34,LOCALLY_SOLVED,residual_tolerance_upper_bound
566,0.4984345671805677,ADMM,1.0,0.01,70.04141807556152,36588.972047291005,36479.111281488345,0.30116075184761776,1.0591527654923993e-12,1.134236986407534,6,converged,gap_callback_with_solver_termination
566,0.4984345671805677,MEL-ADMM,1.0,0.01,15.499353408813477,36486.177190945346,36479.111281488345,0.019369741226633853,2.5391355684689643e-12,0.009379142785398642,18,converged,gap_residual_and_feasibility
566,0.4984345671805677,sMEL-ADMM,1.0,0.01,1.511247,36486.57712536356,36479.111281488345,0.020466079388848507,1.9984014443252818e-13,0.008811392708569343,29,converged,gap_residual_and_feasibility
567,0.2730503479907027,IPOPT,1.0,1.0e-10,13.128995895385742,36479.11128157151,36479.111281488316,2.2805736334588433e-10,1.2434497875801753e-14,NaN,34,INTERRUPTED,gap_and_residual
567,0.2730503479907027,MadNLP,1.0,0.01,21.514892578125,36479.111281488345,36479.111281488316,7.978218063525777e-14,1.2434497875801753e-14,NaN,35,LOCALLY_SOLVED,residual_tolerance_upper_bound
567,0.2730503479907027,ADMM,1.0,0.01,77.18515396118164,36589.272921137155,36479.111281488316,0.3019855357735689,1.9922952176898434e-12,1.3515118854603863,6,converged,gap_callback_with_solver_termination
567,0.2730503479907027,MEL-ADMM,1.0,0.01,13.566732406616211,36486.429153499645,36479.111281488316,0.020060444879976606,6.225575610585565e-13,0.005295674017132157,16,converged,gap_residual_and_feasibility
567,0.2730503479907027,sMEL-ADMM,1.0,0.01,2.0160009999999997,36484.98382102887,36479.111281488316,0.01609836241689472,2.0017321133991572e-13,0.00706671609711762,39,converged,gap_residual_and_feasibility
568,0.4530989970246187,IPOPT,1.0,1.0e-10,14.013051986694336,36479.11128157211,36479.11128148836,2.2959317032311276e-10,1.2434497875801753e-14,NaN,33,INTERRUPTED,gap_and_residual
568,0.4530989970246187,MadNLP,1.0,0.01,19.335031509399414,36479.11128148836,36479.11128148836,0.0,1.1546319456101628e-14,NaN,34,LOCALLY_SOLVED,residual_tolerance_upper_bound
568,0.4530989970246187,ADMM,1.0,0.01,71.82168960571289,36588.972053797945,36479.11128148836,0.30116076968501837,3.959610417325621e-13,1.1342369915524069,6,converged,gap_callback_with_solver_termination
568,0.4530989970246187,MEL-ADMM,1.0,0.01,15.598058700561523,36486.17719081134,36479.11128148836,0.019369740859236904,4.1810999107383395e-13,0.009379143168136927,18,converged,gap_residual_and_feasibility
568,0.4530989970246187,sMEL-ADMM,1.0,0.01,1.405376,36486.179798329365,36479.11128148836,0.019376888834987754,2.007283228522283e-13,0.008703621690779428,37,converged,gap_residual_and_feasibility
569,0.3657595222635088,IPOPT,1.0,1.0e-10,14.79196548461914,36479.11128157158,36479.111281488345,2.2817703661683704e-10,1.509903313490213e-14,NaN,33,INTERRUPTED,gap_and_residual
569,0.3657595222635088,MadNLP,1.0,0.01,20.39813995361328,36479.11128148834,36479.111281488345,1.9945545158814427e-14,1.3322676295501878e-14,NaN,34,LOCALLY_SOLVED,residual_tolerance_upper_bound
569,0.3657595222635088,ADMM,1.0,0.01,72.64375686645508,36596.220001152826,36479.111281488345,0.3210295304642144,1.0288991880713638e-12,1.1630015734427044,6,converged,gap_callback_with_solver_termination
569,0.3657595222635088,MEL-ADMM,1.0,0.01,15.170812606811523,36486.00420662772,36479.111281488345,0.018895540207058033,4.107492124205692e-12,0.009402812733394939,18,converged,gap_residual_and_feasibility
569,0.3657595222635088,sMEL-ADMM,1.0,0.01,1.583626,36484.98556568002,36479.111281488345,0.016103145020028218,2.0000667788622195e-13,0.009143200301430454,33,converged,gap_residual_and_feasibility
570,0.6783008359785956,IPOPT,1.0,1.0e-10,13.041973114013672,36479.111346011734,36479.11128148835,1.7687761305254042e-7,1.3322676295501878e-14,NaN,33,INTERRUPTED,gap_and_residual
570,0.6783008359785956,MadNLP,1.0,0.01,20.492076873779297,36479.11128148833,36479.11128148835,5.983663547644327e-14,9.769962616701378e-15,NaN,35,LOCALLY_SOLVED,residual_tolerance_upper_bound
570,0.6783008359785956,ADMM,1.0,0.01,74.74207878112793,36571.814226547714,36479.11128148835,0.25412610615435893,1.6404655411861313e-12,1.1223531401772027,6,converged,gap_callback_with_solver_termination
570,0.6783008359785956,MEL-ADMM,1.0,0.01,13.59415054321289,36486.24667832164,36479.11128148835,0.01956022661359378,6.550315845288424e-13,0.004606445636296641,16,converged,gap_residual_and_feasibility
570,0.6783008359785956,sMEL-ADMM,1.0,0.01,2.590752,36486.563717710225,36479.11128148835,0.020429325057747322,2.0039525594484076e-13,0.009602977325219086,30,converged,gap_residual_and_feasibility
571,0.29223559562905255,IPOPT,1.0,1.0e-10,13.39578628540039,36479.11128157161,36479.111281488345,2.282568187974723e-10,1.1546319456101628e-14,NaN,34,INTERRUPTED,gap_and_residual
571,0.29223559562905255,MadNLP,1.0,0.01,21.652936935424805,36479.11128148832,36479.111281488345,5.983663547644328e-14,1.2434497875801753e-14,NaN,35,LOCALLY_SOLVED,residual_tolerance_upper_bound
571,0.29223559562905255,ADMM,1.0,0.01,76.29656791687012,36558.935135632855,36479.111281488345,0.2188207205174353,4.147904242302047e-12,1.114371343588977,6,converged,gap_callback_with_solver_termination
571,0.29223559562905255,MEL-ADMM,1.0,0.01,13.349533081054688,36486.27481813374,36479.111281488345,0.019637366135690962,1.2475021016200571e-12,0.004659664910030337,16,converged,gap_residual_and_feasibility
571,0.29223559562905255,sMEL-ADMM,1.0,0.01,1.747042,36484.86702366706,36479.111281488345,0.015778186410023827,2.000621890374532e-13,0.006642769739437782,39,converged,gap_residual_and_feasibility
572,0.45789999187003805,IPOPT,1.0,1.0e-10,13.562917709350586,36479.111281572084,36479.11128148836,2.295133881424775e-10,1.5987211554602254e-14,NaN,33,INTERRUPTED,gap_and_residual
572,0.45789999187003805,MadNLP,1.0,0.01,20.219087600708008,36479.11128148835,36479.11128148836,1.9945545158814418e-14,1.0658141036401503e-14,NaN,34,LOCALLY_SOLVED,residual_tolerance_upper_bound
572,0.45789999187003805,ADMM,1.0,0.01,71.98476791381836,36588.972054040016,36479.11128148836,0.30116077034860667,4.760081218080359e-13,1.1342369965616435,6,converged,gap_callback_with_solver_termination
572,0.45789999187003805,MEL-ADMM,1.0,0.01,16.284942626953125,36486.177190731636,36479.11128148836,0.0193697406407534,2.5665580771772056e-12,0.0093791431138186,18,converged,gap_residual_and_feasibility
572,0.45789999187003805,sMEL-ADMM,1.0,0.01,1.361002,36485.80884191208,36479.11128148836,0.01835998791758374,2.0011770018868447e-13,0.008790614506147987,33,converged,gap_residual_and_feasibility
573,0.28383716741891274,IPOPT,1.0,1.0e-10,14.113903045654297,36479.111281571575,36479.11128148833,2.2819698216199593e-10,1.2434497875801753e-14,NaN,34,INTERRUPTED,gap_and_residual
573,0.28383716741891274,MadNLP,1.0,0.01,20.917892456054688,36479.11128148834,36479.11128148833,1.9945545158814434e-14,1.7763568394002505e-14,NaN,35,LOCALLY_SOLVED,residual_tolerance_upper_bound
573,0.28383716741891274,ADMM,1.0,0.01,77.61168479919434,36568.93057443152,36479.11128148833,0.24622116545029277,4.365952044338428e-13,1.1368302689720107,6,converged,gap_callback_with_solver_termination
573,0.28383716741891274,MEL-ADMM,1.0,0.01,13.856649398803711,36486.33980358066,36479.11128148833,0.01981551040690428,2.3432367157738554e-12,0.00425515194638848,16,converged,gap_residual_and_feasibility
573,0.28383716741891274,sMEL-ADMM,1.0,0.01,1.594957,36484.888828501884,36479.11128148833,0.015837959891541672,1.9989565558375944e-13,0.006531676653304785,39,converged,gap_residual_and_feasibility
574,0.6985673689376242,IPOPT,1.0,1.0e-10,13.35597038269043,36479.1112815719,36479.11128148832,2.2911447723930145e-10,1.2434497875801753e-14,NaN,34,INTERRUPTED,gap_and_residual
574,0.6985673689376242,MadNLP,1.0,0.01,20.259857177734375,36479.11128148834,36479.11128148832,3.9891090317628874e-14,1.0658141036401503e-14,NaN,35,LOCALLY_SOLVED,residual_tolerance_upper_bound
574,0.6985673689376242,ADMM,1.0,0.01,75.57415962219238,36617.67788961916,36479.11128148832,0.37985192967448805,1.4689360838815446e-12,1.5009733263244014,6,converged,gap_callback_with_solver_termination
574,0.6985673689376242,MEL-ADMM,1.0,0.01,13.641119003295898,36486.4228651785,36479.11128148832,0.02004320673757278,1.4717116414431075e-12,0.005889468877854576,16,converged,gap_residual_and_feasibility
574,0.6985673689376242,sMEL-ADMM,1.0,0.01,1.411252,36486.60967072675,36479.11128148832,0.020555295825507955,2.0050627824730327e-13,0.009127599873714587,30,converged,gap_residual_and_feasibility
575,0.45400530799378475,IPOPT,1.0,1.0e-10,14.554977416992188,36479.11128157209,36479.11128148835,2.2955327923279518e-10,1.4210854715202004e-14,NaN,33,INTERRUPTED,gap_and_residual
575,0.45400530799378475,MadNLP,1.0,0.01,20.038843154907227,36479.11128148836,36479.11128148835,1.994554515881442e-14,1.4210854715202004e-14,NaN,34,LOCALLY_SOLVED,residual_tolerance_upper_bound
575,0.45400530799378475,ADMM,1.0,0.01,72.74198532104492,36588.972055497565,36479.11128148835,0.3011607743441981,1.4636625245145751e-12,1.1342370013153085,6,converged,gap_callback_with_solver_termination
575,0.45400530799378475,MEL-ADMM,1.0,0.01,15.294075012207031,36486.17719102377,36479.11128148835,0.019369741441606934,4.990230451085154e-12,0.009379143081948982,18,converged,gap_residual_and_feasibility
575,0.45400530799378475,sMEL-ADMM,1.0,0.01,1.615376,36486.19009043811,36479.11128148835,0.019405102539738803,2.0050627824730327e-13,0.00865569683168843,37,converged,gap_residual_and_feasibility
576,0.5076163095864122,IPOPT,1.0,1.0e-10,14.455080032348633,36479.11128157216,36479.111281488345,2.2975273468438339e-10,1.2434497875801753e-14,NaN,33,INTERRUPTED,gap_and_residual
576,0.5076163095864122,MadNLP,1.0,0.01,19.893169403076172,36479.11128148833,36479.111281488345,3.9891090317628855e-14,9.769962616701378e-15,NaN,34,LOCALLY_SOLVED,residual_tolerance_upper_bound
576,0.5076163095864122,ADMM,1.0,0.01,72.4036693572998,36588.972048341966,36479.111281488345,0.30116075472861215,3.9168668308775523e-13,1.1342369907577199,6,converged,gap_callback_with_solver_termination
576,0.5076163095864122,MEL-ADMM,1.0,0.01,15.853404998779297,36486.177190846145,36479.111281488345,0.01936974095469629,3.312905505481467e-13,0.009379142852392164,18,converged,gap_residual_and_feasibility
576,0.5076163095864122,sMEL-ADMM,1.0,0.01,1.472169,36486.59154548765,36479.111281488345,0.020505609200799524,2.0061730054976579e-13,0.008681194252259772,29,converged,gap_residual_and_feasibility
577,0.4439225293183452,IPOPT,1.0,1.0e-10,13.308048248291016,36479.111281572055,36479.11128148836,2.2943360596184227e-10,1.3322676295501878e-14,NaN,33,INTERRUPTED,gap_and_residual
577,0.4439225293183452,MadNLP,1.0,0.01,19.32382583618164,36479.11128148834,36479.11128148836,5.983663547644325e-14,1.3322676295501878e-14,NaN,34,LOCALLY_SOLVED,residual_tolerance_upper_bound
577,0.4439225293183452,ADMM,1.0,0.01,69.57411766052246,36588.972055015045,36479.11128148836,0.30116077302144934,3.2862601528904634e-13,1.1342369960146153,6,converged,gap_callback_with_solver_termination
577,0.4439225293183452,MEL-ADMM,1.0,0.01,15.236854553222656,36486.17719107335,36479.11128148836,0.01936974157749593,6.753930748004677e-12,0.009379143342913565,18,converged,gap_residual_and_feasibility
577,0.4439225293183452,sMEL-ADMM,1.0,0.01,1.405791,36485.90949974417,36479.11128148836,0.01863592071460764,1.999511667349907e-13,0.007124958717172447,35,converged,gap_residual_and_feasibility
578,0.3494929415783416,IPOPT,1.0,1.0e-10,12.75014877319336,36479.111346005986,36479.11128148836,1.7686183612631977e-7,1.2434497875801753e-14,NaN,33,INTERRUPTED,gap_and_residual
578,0.3494929415783416,MadNLP,1.0,0.01,19.1500186920166,36479.111281488345,36479.11128148836,3.9891090317628836e-14,1.2434497875801753e-14,NaN,35,LOCALLY_SOLVED,residual_tolerance_upper_bound
578,0.3494929415783416,ADMM,1.0,0.01,70.15323638916016,36580.14486531527,36479.11128148836,0.27696284333050536,2.592703829407128e-12,1.1775554635225278,6,converged,gap_callback_with_solver_termination
578,0.3494929415783416,MEL-ADMM,1.0,0.01,15.651941299438477,36485.90325731286,36479.11128148836,0.01861880836977436,3.797351322276654e-12,0.009607342323191048,18,converged,gap_residual_and_feasibility
578,0.3494929415783416,sMEL-ADMM,1.0,0.01,1.358711,36485.288280247674,36479.11128148836,0.016932974906241405,2.0028423364237824e-13,0.008967672158007645,35,converged,gap_residual_and_feasibility
579,0.39644983445551935,IPOPT,1.0,1.0e-10,13.204097747802734,36479.11128157193,36479.11128148833,2.2917431387477785e-10,1.1546319456101628e-14,NaN,33,INTERRUPTED,gap_and_residual
579,0.39644983445551935,MadNLP,1.0,0.01,19.641876220703125,36479.111281488345,36479.11128148833,3.989109031762887e-14,1.4210854715202004e-14,NaN,34,LOCALLY_SOLVED,residual_tolerance_upper_bound
579,0.39644983445551935,ADMM,1.0,0.01,70.3439712524414,36588.97205764633,36479.11128148833,0.30116078023465626,2.8108626537459713e-12,1.1342370014405212,6,converged,gap_callback_with_solver_termination
579,0.39644983445551935,MEL-ADMM,1.0,0.01,16.762256622314453,36486.17719093185,36479.11128148833,0.019369741189674765,3.922917546361759e-12,0.00937914371123405,18,converged,gap_residual_and_feasibility
579,0.39644983445551935,sMEL-ADMM,1.0,0.01,1.761835,36485.328231069194,36479.11128148833,0.017042491887728228,1.999511667349907e-13,0.007596769852849405,34,converged,gap_residual_and_feasibility
580,0.27618358474010446,IPOPT,1.0,1.0e-10,15.285015106201172,36479.11128157151,36479.11128148835,2.2795763562009004e-10,1.1546319456101628e-14,NaN,34,INTERRUPTED,gap_and_residual
580,0.27618358474010446,MadNLP,1.0,0.01,21.8350887298584,36479.11128148833,36479.11128148835,5.983663547644327e-14,1.3322676295501878e-14,NaN,35,LOCALLY_SOLVED,residual_tolerance_upper_bound
580,0.27618358474010446,ADMM,1.0,0.01,83.25862884521484,36582.40417464105,36479.11128148835,0.2831562763567527,1.1569079028106444e-12,1.2889132129057081,6,converged,gap_callback_with_solver_termination
580,0.27618358474010446,MEL-ADMM,1.0,0.01,14.259099960327148,36486.40352955246,36479.11128148835,0.019990202085342204,2.4519830610358895e-12,0.004834486919166103,16,converged,gap_residual_and_feasibility
580,0.27618358474010446,sMEL-ADMM,1.0,0.01,2.137004,36484.94357298303,36479.11128148835,0.015988030655879105,2.0056178939853453e-13,0.006944064232458302,39,converged,gap_residual_and_feasibility
581,0.310671759432836,IPOPT,1.0,1.0e-10,13.23390007019043,36479.111281571706,36479.111281488345,2.2851611088453687e-10,1.3322676295501878e-14,NaN,34,INTERRUPTED,gap_and_residual
581,0.310671759432836,MadNLP,1.0,0.01,21.55590057373047,36479.11128148833,36479.111281488345,3.9891090317628855e-14,1.0658141036401503e-14,NaN,35,LOCALLY_SOLVED,residual_tolerance_upper_bound
581,0.310671759432836,ADMM,1.0,0.01,75.61898231506348,36550.940049218596,36479.111281488345,0.19690383128028863,3.6504133049675147e-13,1.1133094696824797,6,converged,gap_callback_with_solver_termination
581,0.310671759432836,MEL-ADMM,1.0,0.01,13.509035110473633,36486.144735243026,36479.111281488345,0.01928077057691291,2.905065077385416e-12,0.006690748669861968,16,converged,gap_residual_and_feasibility
581,0.310671759432836,sMEL-ADMM,1.0,0.01,1.539079,36484.79427204584,36479.111281488345,0.015578752765219334,2.0011770018868447e-13,0.009761306296326211,38,converged,gap_residual_and_feasibility
582,0.3501341241067844,IPOPT,1.0,1.0e-10,13.192892074584961,36479.11134600618,36479.111281488345,1.7686241454712945e-7,1.0658141036401503e-14,NaN,33,INTERRUPTED,gap_and_residual
582,0.3501341241067844,MadNLP,1.0,0.01,19.817113876342773,36479.11128148834,36479.111281488345,1.9945545158814427e-14,8.881784197001252e-15,NaN,35,LOCALLY_SOLVED,residual_tolerance_upper_bound
582,0.3501341241067844,ADMM,1.0,0.01,70.34111022949219,36580.708020862316,36479.111281488345,0.27850661873313337,1.5195067426532205e-12,1.1786063543250842,6,converged,gap_callback_with_solver_termination
582,0.3501341241067844,MEL-ADMM,1.0,0.01,14.994621276855469,36485.907617622026,36479.111281488345,0.01863076126289694,2.794875442191369e-12,0.009588667161612996,18,converged,gap_residual_and_feasibility
582,0.3501341241067844,sMEL-ADMM,1.0,0.01,1.440541,36485.29174250521,36479.111281488345,0.01694246597503675,2.000621890374532e-13,0.009130694749387658,35,converged,gap_residual_and_feasibility
583,0.6749010692575479,IPOPT,1.0,1.0e-10,13.543128967285156,36479.111346016005,36479.11128148831,1.7688944076081981e-7,1.2434497875801753e-14,NaN,33,INTERRUPTED,gap_and_residual
583,0.6749010692575479,MadNLP,1.0,0.01,20.878076553344727,36479.11128148833,36479.11128148831,5.983663547644334e-14,1.2434497875801753e-14,NaN,35,LOCALLY_SOLVED,residual_tolerance_upper_bound
583,0.6749010692575479,ADMM,1.0,0.01,76.35903358459473,36567.39087279781,36479.11128148831,0.24200038928662626,7.959188863537747e-13,1.1228574378200005,6,converged,gap_callback_with_solver_termination
583,0.6749010692575479,MEL-ADMM,1.0,0.01,13.907909393310547,36486.2203006277,36479.11128148831,0.01948791757708263,1.0335066136235582e-12,0.004997201669700857,16,converged,gap_residual_and_feasibility
583,0.6749010692575479,sMEL-ADMM,1.0,0.01,1.149583,36486.55616365014,36479.11128148831,0.0204086171518273,2.0039525594484076e-13,0.009684492742449535,30,converged,gap_residual_and_feasibility
584,0.42332260774334574,IPOPT,1.0,1.0e-10,12.6800537109375,36479.11128157203,36479.111281488345,2.2941366041668353e-10,1.4210854715202004e-14,NaN,33,INTERRUPTED,gap_and_residual
584,0.42332260774334574,MadNLP,1.0,0.01,22.454023361206055,36479.11128148832,36479.111281488345,5.983663547644328e-14,1.3322676295501878e-14,NaN,34,LOCALLY_SOLVED,residual_tolerance_upper_bound
584,0.42332260774334574,ADMM,1.0,0.01,71.89083099365234,36588.972056680206,36479.111281488345,0.3011607775861869,3.455014052633487e-13,1.1342370034905347,6,converged,gap_callback_with_solver_termination
584,0.42332260774334574,MEL-ADMM,1.0,0.01,15.595436096191406,36486.17719083787,36479.111281488345,0.019369740932018206,5.106470801763408e-13,0.009379143273197776,18,converged,gap_residual_and_feasibility
584,0.42332260774334574,sMEL-ADMM,1.0,0.01,1.597168,36485.86149274828,36479.111281488345,0.018504319383892756,2.0011770018868447e-13,0.00664452477880495,36,converged,gap_residual_and_feasibility
585,0.692551890677884,IPOPT,1.0,1.0e-10,13.558149337768555,36479.11128157193,36479.11128148837,2.2907458614898354e-10,1.2434497875801753e-14,NaN,34,INTERRUPTED,gap_and_residual
585,0.692551890677884,MadNLP,1.0,0.01,20.190954208374023,36479.11128148833,36479.11128148837,9.972772579407208e-14,1.2434497875801753e-14,NaN,35,LOCALLY_SOLVED,residual_tolerance_upper_bound
585,0.692551890677884,ADMM,1.0,0.01,74.29361343383789,36600.32051146113,36479.11128148837,0.3322702382672021,9.058309657916652e-13,1.363232935354998,6,converged,gap_callback_with_solver_termination
585,0.692551890677884,MEL-ADMM,1.0,0.01,14.312744140625,36486.36929272661,36479.11128148837,0.01989634885081527,3.126610081949366e-12,0.004936818406292787,16,converged,gap_residual_and_feasibility
585,0.692551890677884,sMEL-ADMM,1.0,0.01,1.07113,36486.59581302477,36479.11128148837,0.02051730777826848,2.0028423364237824e-13,0.009266558917246925,30,converged,gap_residual_and_feasibility
586,0.6833614582068033,IPOPT,1.0,1.0e-10,13.406038284301758,36479.11134604524,36479.111281488345,1.7696948223354197e-7,1.509903313490213e-14,NaN,34,INTERRUPTED,gap_and_residual
586,0.6833614582068033,MadNLP,1.0,0.01,20.04384994506836,36479.111281488345,36479.111281488345,0.0,1.509903313490213e-14,NaN,35,LOCALLY_SOLVED,residual_tolerance_upper_bound
586,0.6833614582068033,ADMM,1.0,0.01,74.65577125549316,36580.06501318444,36479.111281488345,0.2767439450952912,6.359135440447972e-12,1.1705100778651003,6,converged,gap_callback_with_solver_termination
586,0.6833614582068033,MEL-ADMM,1.0,0.01,14.320850372314453,36486.28895442535,36479.111281488345,0.01967611787912568,5.524469770534779e-13,0.004351595309383782,16,converged,gap_residual_and_feasibility
586,0.6833614582068033,sMEL-ADMM,1.0,0.01,1.933711,36486.57504212652,36479.111281488345,0.020460368621865312,2.0061730054976579e-13,0.00948233311415514,30,converged,gap_residual_and_feasibility
587,0.40055554158812784,IPOPT,1.0,1.0e-10,13.756036758422852,36479.111281571946,36479.11128148836,2.2913442278446004e-10,1.3322676295501878e-14,NaN,33,INTERRUPTED,gap_and_residual
587,0.40055554158812784,MadNLP,1.0,0.01,20.72882652282715,36479.11128148836,36479.11128148836,0.0,1.509903313490213e-14,NaN,34,LOCALLY_SOLVED,residual_tolerance_upper_bound
587,0.40055554158812784,ADMM,1.0,0.01,70.95718383789062,36588.97205677657,36479.11128148836,0.3011607778503057,6.316058787092516e-13,1.134236993125823,6,converged,gap_callback_with_solver_termination
587,0.40055554158812784,MEL-ADMM,1.0,0.01,16.640424728393555,36486.1771907967,36479.11128148836,0.019369740819106467,7.943090629680682e-13,0.009379143945162483,18,converged,gap_residual_and_feasibility
587,0.40055554158812784,sMEL-ADMM,1.0,0.01,1.5607920000000002,36485.52641353101,36479.11128148836,0.017585768450200653,2.003397447936095e-13,0.002945523834730679,35,converged,gap_residual_and_feasibility
588,0.4689709467156518,IPOPT,1.0,1.0e-10,14.292001724243164,36479.11128157212,36479.11128148835,2.2963306141343044e-10,1.3322676295501878e-14,NaN,33,INTERRUPTED,gap_and_residual
588,0.4689709467156518,MadNLP,1.0,0.01,19.446849822998047,36479.11128148835,36479.11128148835,0.0,1.2434497875801753e-14,NaN,34,LOCALLY_SOLVED,residual_tolerance_upper_bound
588,0.4689709467156518,ADMM,1.0,0.01,70.04261016845703,36588.97204815144,36479.11128148835,0.30116075420629806,1.6328050023162177e-12,1.1342369872356395,6,converged,gap_callback_with_solver_termination
588,0.4689709467156518,MEL-ADMM,1.0,0.01,15.520572662353516,36486.17719083921,36479.11128148835,0.019369740935668237,3.597122599785507e-13,0.009379142977103072,18,converged,gap_residual_and_feasibility
588,0.4689709467156518,sMEL-ADMM,1.0,0.01,1.241582,36485.92201615681,36479.11128148835,0.018670231892167065,2.0133894551577214e-13,0.009228134690077994,32,converged,gap_residual_and_feasibility
589,0.7134718839901959,IPOPT,1.0,1.0e-10,13.400077819824219,36479.11128157185,36479.111281488345,2.2891502178771317e-10,1.3322676295501878e-14,NaN,34,INTERRUPTED,gap_and_residual
589,0.7134718839901959,MadNLP,1.0,0.01,20.38407325744629,36479.11128148832,36479.111281488345,5.983663547644328e-14,1.3322676295501878e-14,NaN,35,LOCALLY_SOLVED,residual_tolerance_upper_bound
589,0.7134718839901959,ADMM,1.0,0.01,76.63130760192871,36679.33898645862,36479.111281488345,0.5488831770742248,8.43813907636104e-12,1.8481877562172744,6,converged,gap_callback_with_solver_termination
589,0.7134718839901959,MEL-ADMM,1.0,0.01,14.22739028930664,36486.57191383949,36479.111281488345,0.020451793064742325,3.765876499528531e-13,0.008392619498426512,16,converged,gap_residual_and_feasibility
589,0.7134718839901959,sMEL-ADMM,1.0,0.01,1.302125,36486.646134740426,36479.111281488345,0.020655254438459527,2.007283228522283e-13,0.008789888479615371,30,converged,gap_residual_and_feasibility
590,0.7376643039510541,IPOPT,1.0,1.0e-10,13.833999633789062,36479.111281571815,36479.111281488345,2.288152940619191e-10,1.3322676295501878e-14,NaN,34,INTERRUPTED,gap_and_residual
590,0.7376643039510541,MadNLP,1.0,0.01,20.045995712280273,36479.11128148832,36479.111281488345,5.983663547644328e-14,1.0658141036401503e-14,NaN,35,LOCALLY_SOLVED,residual_tolerance_upper_bound
590,0.7376643039510541,ADMM,1.0,0.01,88.90199661254883,36540.86721031956,36479.111281488345,0.16929120985069052,5.681011217006926e-13,0.8692858349260888,7,converged,gap_callback_with_solver_termination
590,0.7376643039510541,MEL-ADMM,1.0,0.01,13.885021209716797,36485.664300884586,36479.111281488345,0.017963758342889796,1.9897417047332056e-12,0.009608364613518994,17,converged,gap_residual_and_feasibility
590,0.7376643039510541,sMEL-ADMM,1.0,0.01,1.200462,36486.70626153809,36479.111281488345,0.020820079719435305,2.0017321133991572e-13,0.008279743536377282,30,converged,gap_residual_and_feasibility
591,0.2677062891782063,IPOPT,1.0,1.0e-10,13.859987258911133,36479.11128157145,36479.11128148835,2.2779807125881952e-10,9.769962616701378e-15,NaN,34,INTERRUPTED,gap_and_residual
591,0.2677062891782063,MadNLP,1.0,0.01,19.819974899291992,36479.111281488345,36479.11128148835,1.994554515881442e-14,1.509903313490213e-14,NaN,35,LOCALLY_SOLVED,residual_tolerance_upper_bound
591,0.2677062891782063,ADMM,1.0,0.01,76.3695240020752,36602.75918637232,36479.11128148835,0.3389553652495764,4.771572026385229e-12,1.4636167956777757,6,converged,gap_callback_with_solver_termination
591,0.2677062891782063,MEL-ADMM,1.0,0.01,13.1378173828125,36486.47272699522,36479.11128148835,0.02017989267902736,3.801403636316536e-13,0.006096785050778486,16,converged,gap_residual_and_feasibility
591,0.2677062891782063,sMEL-ADMM,1.0,0.01,1.59554,36485.05573105528,36479.11128148835,0.01629548900207714,2.0011770018868447e-13,0.0072618987114232425,39,converged,gap_residual_and_feasibility
592,0.5577149394119394,IPOPT,1.0,1.0e-10,13.01121711730957,36479.11128157212,36479.11128148832,2.2971284359406588e-10,1.3322676295501878e-14,NaN,33,INTERRUPTED,gap_and_residual
592,0.5577149394119394,MadNLP,1.0,0.01,19.91891860961914,36479.11128148832,36479.11128148832,0.0,1.509903313490213e-14,NaN,34,LOCALLY_SOLVED,residual_tolerance_upper_bound
592,0.5577149394119394,ADMM,1.0,0.01,70.28532028198242,36588.97205168867,36479.11128148832,0.3011607639029647,6.52145004664817e-13,1.134236989923333,6,converged,gap_callback_with_solver_termination
592,0.5577149394119394,MEL-ADMM,1.0,0.01,15.815496444702148,36486.17719091925,36479.11128148832,0.019369741155149032,3.4326985698385215e-12,0.009379143564131276,18,converged,gap_residual_and_feasibility
592,0.5577149394119394,sMEL-ADMM,1.0,0.01,1.273294,36486.67303702165,36479.11128148832,0.020729001523565493,2.007283228522283e-13,0.008994031796534685,29,converged,gap_residual_and_feasibility
593,0.3823990519779501,IPOPT,1.0,1.0e-10,14.072895050048828,36479.111281562735,36479.11128148833,2.039631447940364e-10,9.769962616701378e-15,NaN,32,INTERRUPTED,gap_and_residual
593,0.3823990519779501,MadNLP,1.0,0.01,19.61493492126465,36479.11128148837,36479.11128148833,9.972772579407217e-14,1.509903313490213e-14,NaN,33,LOCALLY_SOLVED,residual_tolerance_upper_bound
593,0.3823990519779501,ADMM,1.0,0.01,71.23756408691406,36594.090310038635,36479.11128148833,0.3151914191743242,1.0244582959728632e-12,1.0812727876763235,6,converged,gap_callback_with_solver_termination
593,0.3823990519779501,MEL-ADMM,1.0,0.01,15.334129333496094,36486.11585725415,36479.11128148833,0.019201607494690263,2.4649171592727726e-12,0.009412704637373537,18,converged,gap_residual_and_feasibility
593,0.3823990519779501,sMEL-ADMM,1.0,0.01,1.474837,36485.03972777759,36479.11128148833,0.016251619299370083,1.9939605522267811e-13,0.009184134567460589,33,converged,gap_residual_and_feasibility
594,0.5925733850091778,IPOPT,1.0,1.0e-10,12.830972671508789,36479.111281572004,36479.111281488345,2.2933387823604827e-10,1.4210854715202004e-14,NaN,33,INTERRUPTED,gap_and_residual
594,0.5925733850091778,MadNLP,1.0,0.01,19.463777542114258,36479.111281488345,36479.111281488345,0.0,1.687538997430238e-14,NaN,34,LOCALLY_SOLVED,residual_tolerance_upper_bound
594,0.5925733850091778,ADMM,1.0,0.01,70.37758827209473,36596.678559241074,36479.111281488345,0.3222865733913573,1.2921885783612197e-12,1.0692882673178907,6,converged,gap_callback_with_solver_termination
594,0.5925733850091778,MEL-ADMM,1.0,0.01,15.705108642578125,36486.0736221509,36479.111281488345,0.01908582862348212,3.1175062531474396e-12,0.009398999236864825,18,converged,gap_residual_and_feasibility
594,0.5925733850091778,sMEL-ADMM,1.0,0.01,1.368623,36486.732408655516,36479.111281488345,0.02089175667785069,2.000621890374532e-13,0.009663795875024306,29,converged,gap_residual_and_feasibility
595,0.38685950352560805,IPOPT,1.0,1.0e-10,12.521028518676758,36479.11128157187,36479.11128148835,2.2895491287803075e-10,1.509903313490213e-14,NaN,33,INTERRUPTED,gap_and_residual
595,0.38685950352560805,MadNLP,1.0,0.01,19.169092178344727,36479.111281488345,36479.11128148835,1.994554515881442e-14,1.1546319456101628e-14,NaN,34,LOCALLY_SOLVED,residual_tolerance_upper_bound
595,0.38685950352560805,ADMM,1.0,0.01,71.07710838317871,36591.589713841,36479.11128148835,0.30833654768811636,1.0642042802544438e-12,1.102255107656859,6,converged,gap_callback_with_solver_termination
595,0.38685950352560805,MEL-ADMM,1.0,0.01,15.254020690917969,36486.145789748996,36479.11128148835,0.0192836612886821,1.346311950811696e-12,0.00942537642203245,18,converged,gap_residual_and_feasibility
595,0.38685950352560805,sMEL-ADMM,1.0,0.01,1.293419,36485.259307186534,36479.11128148835,0.016853551202880235,2.0050627824730327e-13,0.005661751074168109,34,converged,gap_residual_and_feasibility
596,0.4243576608565429,IPOPT,1.0,1.0e-10,13.414859771728516,36479.111281572026,36479.11128148836,2.29353823781207e-10,1.1546319456101628e-14,NaN,33,INTERRUPTED,gap_and_residual
596,0.4243576608565429,MadNLP,1.0,0.01,19.38605308532715,36479.111281488345,36479.11128148836,3.9891090317628836e-14,1.3322676295501878e-14,NaN,34,LOCALLY_SOLVED,residual_tolerance_upper_bound
596,0.4243576608565429,ADMM,1.0,0.01,69.4131851196289,36588.97205591377,36479.11128148836,0.3011607754851231,5.63660229602192e-13,1.1342369983999179,6,converged,gap_callback_with_solver_termination
596,0.4243576608565429,MEL-ADMM,1.0,0.01,15.851736068725586,36486.177190923474,36479.11128148836,0.019369741166637644,2.901900941765234e-12,0.009379143386629707,18,converged,gap_residual_and_feasibility
596,0.4243576608565429,sMEL-ADMM,1.0,0.01,1.60425,36485.87282436683,36479.11128148836,0.01853538269146763,2.007283228522283e-13,0.007076345184833244,36,converged,gap_residual_and_feasibility
597,0.6350907997048585,IPOPT,1.0,1.0e-10,13.391971588134766,36479.111281488375,36479.111281488375,0.0,1.1546319456101628e-14,NaN,34,INTERRUPTED,gap_and_residual
597,0.6350907997048585,MadNLP,1.0,0.01,20.54309844970703,36479.11128148835,36479.111281488375,5.983663547644323e-14,1.3322676295501878e-14,NaN,35,LOCALLY_SOLVED,residual_tolerance_upper_bound
597,0.6350907997048585,ADMM,1.0,0.01,82.06629753112793,36570.43134734022,36479.111281488375,0.2503352265004008,3.4228175849193576e-13,1.1642776196627898,6,converged,gap_callback_with_solver_termination
597,0.6350907997048585,MEL-ADMM,1.0,0.01,14.920473098754883,36485.80216120524,36479.111281488375,0.018341674130259455,4.50417481090426e-13,0.009916259149972184,18,converged,gap_residual_and_feasibility
597,0.6350907997048585,sMEL-ADMM,1.0,0.01,1.293541,36486.110015868115,36479.111281488375,0.019185594533087665,1.9950707752514063e-13,0.00845693259277347,32,converged,gap_residual_and_feasibility
598,0.3592450773570985,IPOPT,1.0,1.0e-10,13.602972030639648,36479.11128157011,36479.11128148833,2.2418792758507423e-10,1.1546319456101628e-14,NaN,33,INTERRUPTED,gap_and_residual
598,0.3592450773570985,MadNLP,1.0,0.01,19.418954849243164,36479.11128148835,36479.11128148833,5.98366354764433e-14,1.3322676295501878e-14,NaN,34,LOCALLY_SOLVED,residual_tolerance_upper_bound
598,0.3592450773570985,ADMM,1.0,0.01,69.8542594909668,36588.087499706744,36479.11128148833,0.2987359461076403,2.4479307469960077e-12,1.1608646373224092,6,converged,gap_callback_with_solver_termination
598,0.3592450773570985,MEL-ADMM,1.0,0.01,15.375375747680664,36485.95891598177,36479.11128148833,0.01877138519247237,1.326050380612287e-12,0.00953261362149238,18,converged,gap_residual_and_feasibility
598,0.3592450773570985,sMEL-ADMM,1.0,0.01,2.049749,36485.420637514544,36479.11128148833,0.017295805200755947,2.0039525594484076e-13,0.0068399867079023124,36,converged,gap_residual_and_feasibility
599,0.5369020894738021,IPOPT,1.0,1.0e-10,13.592958450317383,36479.111281572135,36479.111281488345,2.2969289804890694e-10,1.2434497875801753e-14,NaN,33,INTERRUPTED,gap_and_residual
599,0.5369020894738021,MadNLP,1.0,0.01,20.019054412841797,36479.11128148834,36479.111281488345,1.9945545158814427e-14,1.3322676295501878e-14,NaN,34,LOCALLY_SOLVED,residual_tolerance_upper_bound
599,0.5369020894738021,ADMM,1.0,0.01,72.59607315063477,36588.97204893168,36479.111281488345,0.30116075634519857,4.606315329169774e-13,1.1342369910893364,6,converged,gap_callback_with_solver_termination
599,0.5369020894738021,MEL-ADMM,1.0,0.01,15.011787414550781,36486.1771908294,36479.111281488345,0.01936974090880159,3.410605131648481e-13,0.009379143214135688,18,converged,gap_residual_and_feasibility
599,0.5369020894738021,sMEL-ADMM,1.0,0.01,1.3185829999999998,36486.63864321154,36479.111281488345,0.020634717948882754,1.999511667349907e-13,0.00857800629052008,29,converged,gap_residual_and_feasibility
600,0.6039130162466684,IPOPT,1.0,1.0e-10,12.809038162231445,36479.111281571924,36479.111281488345,2.2911447723930133e-10,1.687538997430238e-14,NaN,33,INTERRUPTED,gap_and_residual
600,0.6039130162466684,MadNLP,1.0,0.01,19.32811737060547,36479.11128148836,36479.111281488345,3.9891090317628855e-14,1.1546319456101628e-14,NaN,34,LOCALLY_SOLVED,residual_tolerance_upper_bound
600,0.6039130162466684,ADMM,1.0,0.01,71.26641273498535,36597.06318001706,36479.111281488345,0.32334093234494404,1.2079226507921703e-12,1.1560974862121718,6,converged,gap_callback_with_solver_termination
600,0.6039130162466684,MEL-ADMM,1.0,0.01,14.581680297851562,36485.99000821988,36479.111281488345,0.018856618184734587,1.1810552535962415e-12,0.009445949886125682,18,converged,gap_residual_and_feasibility
600,0.6039130162466684,sMEL-ADMM,1.0,0.01,1.066124,36486.75234035161,36479.111281488345,0.020946395333764224,2.007283228522283e-13,0.009878033633771821,29,converged,gap_residual_and_feasibility
601,0.5753525017828202,IPOPT,1.0,1.0e-10,13.87476921081543,36479.111281572084,36479.11128148833,2.2959317032311294e-10,1.4210854715202004e-14,NaN,33,INTERRUPTED,gap_and_residual
601,0.5753525017828202,MadNLP,1.0,0.01,19.653797149658203,36479.111281488345,36479.11128148833,3.989109031762887e-14,1.0658141036401503e-14,NaN,34,LOCALLY_SOLVED,residual_tolerance_upper_bound
601,0.5753525017828202,ADMM,1.0,0.01,69.74148750305176,36588.97205322539,36479.11128148833,0.3011607681155635,2.4944490917278017e-12,1.1342369955088625,6,converged,gap_callback_with_solver_termination
601,0.5753525017828202,MEL-ADMM,1.0,0.01,15.438556671142578,36486.1771909344,36479.11128148833,0.01936974119667565,3.26139115713886e-12,0.00937914344765911,18,converged,gap_residual_and_feasibility
601,0.5753525017828202,sMEL-ADMM,1.0,0.01,1.26004,36486.7027554537,36479.11128148833,0.020810468508369477,2.000621890374532e-13,0.009336033914641106,29,converged,gap_residual_and_feasibility
602,0.4456374869852013,IPOPT,1.0,1.0e-10,13.854026794433594,36479.111281572084,36479.111281488345,2.2955327923279523e-10,9.769962616701378e-15,NaN,33,INTERRUPTED,gap_and_residual
602,0.4456374869852013,MadNLP,1.0,0.01,19.22011375427246,36479.11128148836,36479.111281488345,3.9891090317628855e-14,1.2434497875801753e-14,NaN,34,LOCALLY_SOLVED,residual_tolerance_upper_bound
602,0.4456374869852013,ADMM,1.0,0.01,70.6787109375,36588.972055180304,36479.111281488345,0.30116077347451253,4.0478731477833207e-13,1.1342369956185205,6,converged,gap_callback_with_solver_termination
602,0.4456374869852013,MEL-ADMM,1.0,0.01,15.215635299682617,36486.1771908469,36479.111281488345,0.019369740956770628,3.5083047578154947e-13,0.009379143076242435,18,converged,gap_residual_and_feasibility
602,0.4456374869852013,sMEL-ADMM,1.0,0.01,1.421169,36485.92341655739,36479.111281488345,0.018674070803086057,2.0039525594484076e-13,0.009378722942685158,35,converged,gap_residual_and_feasibility
603,0.5964234970003599,IPOPT,1.0,1.0e-10,13.802051544189453,36479.111281572,36479.11128148834,2.2933387823604832e-10,1.0658141036401503e-14,NaN,33,INTERRUPTED,gap_and_residual
603,0.5964234970003599,MadNLP,1.0,0.01,19.94490623474121,36479.11128148836,36479.11128148834,5.983663547644329e-14,1.0658141036401503e-14,NaN,34,LOCALLY_SOLVED,residual_tolerance_upper_bound
603,0.5964234970003599,ADMM,1.0,0.01,72.97730445861816,36598.37491311528,36479.11128148834,0.3269367795356989,2.755240480212251e-12,1.1237656943641294,6,converged,gap_callback_with_solver_termination
603,0.5964234970003599,MEL-ADMM,1.0,0.01,15.815973281860352,36486.04628120759,36479.11128148834,0.01901087903633792,1.1031175972675555e-12,0.009368145842048037,18,converged,gap_residual_and_feasibility
603,0.5964234970003599,sMEL-ADMM,1.0,0.01,1.2392480000000001,36486.739138116325,36479.11128148834,0.0209102041141498,2.0017321133991572e-13,0.009736614801209242,29,converged,gap_residual_and_feasibility
604,0.6835136310796825,IPOPT,1.0,1.0e-10,13.440132141113281,36479.11134604523,36479.11128148833,1.769695021790872e-7,1.3322676295501878e-14,NaN,34,INTERRUPTED,gap_and_residual
604,0.6835136310796825,MadNLP,1.0,0.01,20.65110206604004,36479.11128148836,36479.11128148833,7.978218063525773e-14,1.509903313490213e-14,NaN,35,LOCALLY_SOLVED,residual_tolerance_upper_bound
604,0.6835136310796825,ADMM,1.0,0.01,74.6924877166748,36580.345041979,36479.11128148833,0.27751158658857894,2.2462032234216167e-12,1.1737136517607993,6,converged,gap_callback_with_solver_termination
604,0.6835136310796825,MEL-ADMM,1.0,0.01,13.822317123413086,36486.29025156795,36479.11128148833,0.01967967372950965,5.089262344881718e-13,0.004355964602922313,16,converged,gap_residual_and_feasibility
604,0.6835136310796825,sMEL-ADMM,1.0,0.01,1.247711,36486.57538418889,36479.11128148833,0.020461306315716427,2.000621890374532e-13,0.0094787181725966,30,converged,gap_residual_and_feasibility
605,0.48109021086811604,IPOPT,1.0,1.0e-10,12.963056564331055,36479.11128157213,36479.11128148836,2.296330614134304e-10,1.0658141036401503e-14,NaN,33,INTERRUPTED,gap_and_residual
605,0.48109021086811604,MadNLP,1.0,0.01,19.24610137939453,36479.11128148834,36479.11128148836,5.983663547644325e-14,1.2434497875801753e-14,NaN,34,LOCALLY_SOLVED,residual_tolerance_upper_bound
605,0.48109021086811604,ADMM,1.0,0.01,70.94597816467285,36588.97204739588,36479.11128148836,0.3011607521350728,2.459643599905803e-12,1.1342369870849547,6,converged,gap_callback_with_solver_termination
605,0.48109021086811604,MEL-ADMM,1.0,0.01,15.329360961914062,36486.17719074429,36479.11128148836,0.019369740675438705,1.6319723350477489e-12,0.00937914323059541,18,converged,gap_residual_and_feasibility
605,0.48109021086811604,sMEL-ADMM,1.0,0.01,1.567958,36486.55052624655,36479.11128148836,0.020393163366255927,2.0000667788622195e-13,0.009100290796711263,29,converged,gap_residual_and_feasibility
606,0.7411247274441792,IPOPT,1.0,1.0e-10,13.91911506652832,36479.11128157198,36479.111281488345,2.2927404160057182e-10,1.4210854715202004e-14,NaN,34,INTERRUPTED,gap_and_residual
606,0.7411247274441792,MadNLP,1.0,0.01,20.679950714111328,36479.11128148833,36479.111281488345,3.9891090317628855e-14,1.4210854715202004e-14,NaN,35,LOCALLY_SOLVED,residual_tolerance_upper_bound
606,0.7411247274441792,ADMM,1.0,0.01,91.9187068939209,36536.76258935956,36479.111281488345,0.15803923353930954,1.13420384195706e-12,0.8455061480376997,7,converged,gap_callback_with_solver_termination
606,0.7411247274441792,MEL-ADMM,1.0,0.01,14.597654342651367,36485.69347259246,36479.111281488345,0.018043726595535787,1.9563239916919883e-12,0.009194927902261618,17,converged,gap_residual_and_feasibility
606,0.7411247274441792,sMEL-ADMM,1.0,0.01,1.222625,36486.7149106234,36479.111281488345,0.02084378941246935,2.000621890374532e-13,0.00821100073503267,30,converged,gap_residual_and_feasibility
607,0.525686618178862,IPOPT,1.0,1.0e-10,13.833045959472656,36479.11128157213,36479.11128148834,2.2969289804890697e-10,1.5987211554602254e-14,NaN,33,INTERRUPTED,gap_and_residual
607,0.525686618178862,MadNLP,1.0,0.01,19.90818977355957,36479.111281488345,36479.11128148834,1.994554515881443e-14,1.3322676295501878e-14,NaN,34,LOCALLY_SOLVED,residual_tolerance_upper_bound
607,0.525686618178862,ADMM,1.0,0.01,71.84123992919922,36588.97204722631,36479.11128148834,0.30116075167028195,1.1497469643018121e-12,1.1342369825615455,6,converged,gap_callback_with_solver_termination
607,0.525686618178862,MEL-ADMM,1.0,0.01,15.20085334777832,36486.177190933784,36479.11128148834,0.019369741194960332,2.5783819523894635e-12,0.009379143033489079,18,converged,gap_residual_and_feasibility
607,0.525686618178862,sMEL-ADMM,1.0,0.01,1.0987900000000002,36486.620515748546,36479.11128148834,0.020585025227898245,2.0028423364237824e-13,0.008432220619232211,29,converged,gap_residual_and_feasibility
608,0.39886016403805763,IPOPT,1.0,1.0e-10,15.44809341430664,36479.11128157193,36479.111281488375,2.290546406038247e-10,1.4210854715202004e-14,NaN,33,INTERRUPTED,gap_and_residual
608,0.39886016403805763,MadNLP,1.0,0.01,20.003080368041992,36479.11128148834,36479.111281488375,9.972772579407205e-14,1.4210854715202004e-14,NaN,34,LOCALLY_SOLVED,residual_tolerance_upper_bound
608,0.39886016403805763,ADMM,1.0,0.01,70.89591026306152,36588.97205807867,36479.111281488375,0.30116078141970054,1.8112733535247116e-12,1.1342370023830997,6,converged,gap_callback_with_solver_termination
608,0.39886016403805763,MEL-ADMM,1.0,0.01,15.673398971557617,36486.17719085551,36479.111281488375,0.01936974098028641,2.1690427232101683e-12,0.00937914386338079,18,converged,gap_residual_and_feasibility
608,0.39886016403805763,sMEL-ADMM,1.0,0.01,1.509204,36485.35003368934,36479.111281488375,0.017102259298001615,2.0039525594484076e-13,0.009248972300538227,34,converged,gap_residual_and_feasibility
609,0.5210699546430333,IPOPT,1.0,1.0e-10,13.090848922729492,36479.11128157217,36479.11128148832,2.298524624101776e-10,1.4210854715202004e-14,NaN,33,INTERRUPTED,gap_and_residual
609,0.5210699546430333,MadNLP,1.0,0.01,19.512176513671875,36479.11128148834,36479.11128148832,3.9891090317628874e-14,1.2434497875801753e-14,NaN,34,LOCALLY_SOLVED,residual_tolerance_upper_bound
609,0.5210699546430333,ADMM,1.0,0.01,71.06709480285645,36588.9720480574,36479.11128148832,0.30116075394860187,1.2555512185485895e-12,1.1342369900702582,6,converged,gap_callback_with_solver_termination
609,0.5210699546430333,MEL-ADMM,1.0,0.01,15.775203704833984,36486.17719087052,36479.11128148832,0.019369741021573714,9.46243083888021e-13,0.009379143026909453,18,converged,gap_residual_and_feasibility
609,0.5210699546430333,sMEL-ADMM,1.0,0.01,0.9916669999999999,36486.61309269757,36479.11128148832,0.020564676456497896,1.9984014443252818e-13,0.008500472705145867,29,converged,gap_residual_and_feasibility
610,0.36493350975439554,IPOPT,1.0,1.0e-10,14.178991317749023,36479.111281571444,36479.111281488345,2.2779807125881958e-10,1.4210854715202004e-14,NaN,33,INTERRUPTED,gap_and_residual
610,0.36493350975439554,MadNLP,1.0,0.01,19.572973251342773,36479.11128148834,36479.111281488345,1.9945545158814427e-14,1.2434497875801753e-14,NaN,34,LOCALLY_SOLVED,residual_tolerance_upper_bound
610,0.36493350975439554,ADMM,1.0,0.01,73.98152351379395,36595.13787910078,36479.111281488345,0.31806311485256583,3.6060043839825084e-13,1.1597076402143882,6,converged,gap_callback_with_solver_termination
610,0.36493350975439554,MEL-ADMM,1.0,0.01,14.962911605834961,36485.997759192745,36479.111281488345,0.018877865886756478,2.680300426050053e-12,0.00942616111306016,18,converged,gap_residual_and_feasibility
610,0.36493350975439554,sMEL-ADMM,1.0,0.01,1.416877,36484.98595607742,36479.111281488345,0.016104215214409606,1.995625886763719e-13,0.009582688786379023,33,converged,gap_residual_and_feasibility
611,0.25283764725913804,IPOPT,1.0,1.0e-10,13.453006744384766,36479.11128157146,36479.111281488345,2.2783796234913718e-10,8.881784197001252e-15,NaN,34,INTERRUPTED,gap_and_residual
611,0.25283764725913804,MadNLP,1.0,0.01,20.25008201599121,36479.11128148834,36479.111281488345,1.9945545158814427e-14,1.509903313490213e-14,NaN,35,LOCALLY_SOLVED,residual_tolerance_upper_bound
611,0.25283764725913804,ADMM,1.0,0.01,75.73604583740234,36656.057329259864,36479.111281488345,0.4850612900246592,4.73143746404503e-12,1.7970647124227446,6,converged,gap_callback_with_solver_termination
611,0.25283764725913804,MEL-ADMM,1.0,0.01,13.20958137512207,36486.60838142014,36479.111281488345,0.02055176145587775,8.889555758173628e-13,0.00842892961593833,16,converged,gap_residual_and_feasibility
611,0.25283764725913804,sMEL-ADMM,1.0,0.01,1.924,36485.261683059456,36479.111281488345,0.016860064171113135,1.9945156637390937e-13,0.007024121252367621,39,converged,gap_residual_and_feasibility
612,0.6193213993442694,IPOPT,1.0,1.0e-10,12.835979461669922,36479.11128157024,36479.11128148836,2.2446716521729746e-10,1.4210854715202004e-14,NaN,33,INTERRUPTED,gap_and_residual
612,0.6193213993442694,MadNLP,1.0,0.01,19.48404312133789,36479.11128148832,36479.11128148836,9.972772579407209e-14,1.3322676295501878e-14,NaN,34,LOCALLY_SOLVED,residual_tolerance_upper_bound
612,0.6193213993442694,ADMM,1.0,0.01,71.75230979919434,36582.851362012145,36479.11128148836,0.28438214879546325,3.739231146937527e-13,1.1594620561480342,6,converged,gap_callback_with_solver_termination
612,0.6193213993442694,MEL-ADMM,1.0,0.01,15.047073364257812,36485.89319552288,36479.11128148836,0.018591226036707733,7.986944439153376e-13,0.009581065716909976,18,converged,gap_residual_and_feasibility
612,0.6193213993442694,sMEL-ADMM,1.0,0.01,1.5215,36486.09635694604,36479.11128148836,0.01914815140033597,1.9939605522267811e-13,0.008468881492509794,32,converged,gap_residual_and_feasibility
613,0.469656812102841,IPOPT,1.0,1.0e-10,13.14091682434082,36479.111281572106,36479.11128148835,2.295931703231128e-10,1.2434497875801753e-14,NaN,33,INTERRUPTED,gap_and_residual
613,0.469656812102841,MadNLP,1.0,0.01,19.43206787109375,36479.11128148835,36479.11128148835,0.0,1.865174681370263e-14,NaN,34,LOCALLY_SOLVED,residual_tolerance_upper_bound
613,0.469656812102841,ADMM,1.0,0.01,70.38736343383789,36588.97204965287,36479.11128148835,0.30116075832216105,1.887823231072616e-12,1.1342369871961626,6,converged,gap_callback_with_solver_termination
613,0.469656812102841,MEL-ADMM,1.0,0.01,15.568733215332031,36486.17719088609,36479.11128148835,0.019369741064177385,9.43245481721533e-13,0.00937914282103769,18,converged,gap_residual_and_feasibility
613,0.469656812102841,sMEL-ADMM,1.0,0.01,1.262,36485.933307953856,36479.11128148835,0.0187011860372946,2.0028423364237824e-13,0.00893461816269081,32,converged,gap_residual_and_feasibility
614,0.34291867767508133,IPOPT,1.0,1.0e-10,12.816905975341797,36479.11134600396,36479.11128148834,1.768563511014012e-7,1.3322676295501878e-14,NaN,33,INTERRUPTED,gap_and_residual
614,0.34291867767508133,MadNLP,1.0,0.01,19.993066787719727,36479.111281488316,36479.11128148834,5.983663547644329e-14,1.1546319456101628e-14,NaN,35,LOCALLY_SOLVED,residual_tolerance_upper_bound
614,0.34291867767508133,ADMM,1.0,0.01,73.45056533813477,36574.397494950084,36479.11128148834,0.26120760652987757,2.0063395389513516e-12,1.168747523879543,6,converged,gap_callback_with_solver_termination
614,0.34291867767508133,MEL-ADMM,1.0,0.01,14.814615249633789,36485.85807681538,36479.11128148834,0.018494955304633687,1.8945955915228296e-12,0.009813068197503938,18,converged,gap_residual_and_feasibility
614,0.34291867767508133,sMEL-ADMM,1.0,0.01,1.4607070000000002,36485.247800933736,36479.11128148834,0.016822009171345846,2.000621890374532e-13,0.007171844698763863,35,converged,gap_residual_and_feasibility
615,0.7349465815542003,IPOPT,1.0,1.0e-10,15.295982360839844,36479.11128157175,36479.11128148836,2.2859589306517205e-10,1.7763568394002505e-14,NaN,34,INTERRUPTED,gap_and_residual
615,0.7349465815542003,MadNLP,1.0,0.01,20.071983337402344,36479.111281488345,36479.11128148836,3.9891090317628836e-14,1.5987211554602254e-14,NaN,35,LOCALLY_SOLVED,residual_tolerance_upper_bound
615,0.7349465815542003,ADMM,1.0,0.01,79.44369316101074,36826.26435967315,36479.11128148836,0.9516489464505028,2.7888802378583932e-12,2.3475972987677167,6,converged,gap_callback_with_solver_termination
615,0.7349465815542003,MEL-ADMM,1.0,0.01,14.150857925415039,36485.641983821944,36479.11128148836,0.01790258069389576,2.5019986082952528e-12,0.00992031454193043,17,converged,gap_residual_and_feasibility
615,0.7349465815542003,sMEL-ADMM,1.0,0.01,1.504834,36486.6994921148,36479.11128148836,0.020801522734164125,2.0017321133991572e-13,0.008334098562983172,30,converged,gap_residual_and_feasibility
616,0.2668033387704408,IPOPT,1.0,1.0e-10,13.89312744140625,36479.11128157146,36479.11128148833,2.2787785343945491e-10,1.4210854715202004e-14,NaN,34,INTERRUPTED,gap_and_residual
616,0.2668033387704408,MadNLP,1.0,0.01,20.889997482299805,36479.11128148835,36479.11128148833,5.98366354764433e-14,1.5987211554602254e-14,NaN,35,LOCALLY_SOLVED,residual_tolerance_upper_bound
616,0.2668033387704408,ADMM,1.0,0.01,77.08239555358887,36605.346170563455,36479.11128148833,0.346047051697728,3.4283687000424834e-13,1.4842580429844734,6,converged,gap_callback_with_solver_termination
616,0.2668033387704408,MEL-ADMM,1.0,0.01,13.363122940063477,36486.48026520628,36479.11128148833,0.020200557138264495,2.1641577419018176e-12,0.006232425137917552,16,converged,gap_residual_and_feasibility
616,0.2668033387704408,sMEL-ADMM,1.0,0.01,1.706043,36485.06754374743,36479.11128148833,0.0163278710743129,1.999511667349907e-13,0.007289413007855572,39,converged,gap_residual_and_feasibility
617,0.32876558636179987,IPOPT,1.0,1.0e-10,14.300823211669922,36479.111346017875,36479.11128148834,1.7689448698374484e-7,1.0658141036401503e-14,NaN,33,INTERRUPTED,gap_and_residual
617,0.32876558636179987,MadNLP,1.0,0.01,20.903825759887695,36479.11128148834,36479.11128148834,0.0,9.769962616701378e-15,NaN,35,LOCALLY_SOLVED,residual_tolerance_upper_bound
617,0.32876558636179987,ADMM,1.0,0.01,75.21414756774902,36562.93501792515,36479.11128148834,0.22978557725814913,5.564992910933597e-13,1.1438862189744095,6,converged,gap_callback_with_solver_termination
617,0.32876558636179987,MEL-ADMM,1.0,0.01,13.429880142211914,36486.00499726015,36479.11128148834,0.018897707563693782,3.3075764349632664e-12,0.00946042961090221,16,converged,gap_residual_and_feasibility
617,0.32876558636179987,sMEL-ADMM,1.0,0.01,1.717337,36485.096136456705,36479.11128148834,0.016406252121069716,1.999511667349907e-13,0.007564185013849922,35,converged,gap_residual_and_feasibility
618,0.4807080591309327,IPOPT,1.0,1.0e-10,13.648033142089844,36479.111281572135,36479.11128148835,2.2967295250374807e-10,1.2434497875801753e-14,NaN,33,INTERRUPTED,gap_and_residual
618,0.4807080591309327,MadNLP,1.0,0.01,21.130800247192383,36479.111281488345,36479.11128148835,1.994554515881442e-14,1.1546319456101628e-14,NaN,34,LOCALLY_SOLVED,residual_tolerance_upper_bound
618,0.4807080591309327,ADMM,1.0,0.01,72.68118858337402,36588.972047525946,36479.11128148835,0.30116075249163937,2.0532464617417645e-12,1.1342369866884336,6,converged,gap_callback_with_solver_termination
618,0.4807080591309327,MEL-ADMM,1.0,0.01,15.69676399230957,36486.177190864575,36479.11128148835,0.019369741005198407,1.489697254442035e-12,0.009379143224345299,18,converged,gap_residual_and_feasibility
618,0.4807080591309327,sMEL-ADMM,1.0,0.01,1.4619550000000001,36486.5499026717,36479.11128148835,0.020391453963744997,2.0022872249114698e-13,0.00910604751259747,29,converged,gap_residual_and_feasibility
619,0.6696300463658951,IPOPT,1.0,1.0e-10,13.605117797851562,36479.11128155886,36479.111281488345,1.932922781340706e-10,1.1546319456101628e-14,NaN,34,INTERRUPTED,gap_and_residual
619,0.6696300463658951,MadNLP,1.0,0.01,19.976139068603516,36479.11128148835,36479.111281488345,1.9945545158814427e-14,1.1546319456101628e-14,NaN,35,LOCALLY_SOLVED,residual_tolerance_upper_bound
619,0.6696300463658951,ADMM,1.0,0.01,74.45716857910156,36562.29352782925,36479.111281488345,0.22802706375995505,4.085620730620576e-13,1.1232701122338025,6,converged,gap_callback_with_solver_termination
619,0.6696300463658951,MEL-ADMM,1.0,0.01,13.637781143188477,36486.17976905993,36479.111281488345,0.019376808598866462,2.1401769245699143e-12,0.005617814398199528,16,converged,gap_residual_and_feasibility
619,0.6696300463658951,sMEL-ADMM,1.0,0.01,1.178501,36486.54453301116,36479.111281488345,0.02037673414096633,2.0028423364237824e-13,0.00981156236808367,30,converged,gap_residual_and_feasibility
620,0.3749802035784885,IPOPT,1.0,1.0e-10,13.225078582763672,36479.11128155565,36479.111281488345,1.8449629271903343e-10,1.3322676295501878e-14,NaN,33,INTERRUPTED,gap_and_residual
620,0.3749802035784885,MadNLP,1.0,0.01,19.701004028320312,36479.11128148834,36479.111281488345,1.9945545158814427e-14,1.1546319456101628e-14,NaN,34,LOCALLY_SOLVED,residual_tolerance_upper_bound
620,0.3749802035784885,ADMM,1.0,0.01,69.83542442321777,36596.56009927113,36479.111281488345,0.3219618396854652,1.3691825451189743e-12,1.0914433704271085,6,converged,gap_callback_with_solver_termination
620,0.3749802035784885,MEL-ADMM,1.0,0.01,15.882015228271484,36486.06866579658,36479.111281488345,0.019072241794890338,2.1774249070460883e-12,0.009389169429818267,18,converged,gap_residual_and_feasibility
620,0.3749802035784885,sMEL-ADMM,1.0,0.01,1.247498,36485.0018833602,36479.111281488345,0.016147876592718866,2.0017321133991572e-13,0.007686215229236737,33,converged,gap_residual_and_feasibility
621,0.5850610803668619,IPOPT,1.0,1.0e-10,13.329029083251953,36479.11128157205,36479.11128148834,2.2947349705216002e-10,1.1546319456101628e-14,NaN,33,INTERRUPTED,gap_and_residual
621,0.5850610803668619,MadNLP,1.0,0.01,19.804000854492188,36479.11128148833,36479.11128148834,1.994554515881443e-14,9.769962616701378e-15,NaN,34,LOCALLY_SOLVED,residual_tolerance_upper_bound
621,0.5850610803668619,ADMM,1.0,0.01,71.91038131713867,36593.94704790698,36479.11128148834,0.3147986954301571,1.6092682741941644e-12,1.0796533836873712,6,converged,gap_callback_with_solver_termination
621,0.5850610803668619,MEL-ADMM,1.0,0.01,15.651464462280273,36486.12471866591,36479.11128148834,0.019225899237107266,3.864908393325095e-12,0.009410893143853905,18,converged,gap_residual_and_feasibility
621,0.5850610803668619,sMEL-ADMM,1.0,0.01,1.0782509999999998,36486.71938621367,36479.11128148834,0.020856058325063265,2.0028423364237824e-13,0.00952132239932979,29,converged,gap_residual_and_feasibility
622,0.3164439627840456,IPOPT,1.0,1.0e-10,14.019966125488281,36479.11128157172,36479.11128148832,2.286158386103311e-10,1.0658141036401503e-14,NaN,34,INTERRUPTED,gap_and_residual
622,0.3164439627840456,MadNLP,1.0,0.01,19.98114585876465,36479.11128148834,36479.11128148832,3.9891090317628874e-14,1.1546319456101628e-14,NaN,35,LOCALLY_SOLVED,residual_tolerance_upper_bound
622,0.3164439627840456,ADMM,1.0,0.01,74.32007789611816,36554.147975130494,36479.11128148832,0.20569770207162,1.447286734901354e-12,1.1297913197793177,6,converged,gap_callback_with_solver_termination
622,0.3164439627840456,MEL-ADMM,1.0,0.01,13.525247573852539,36486.09781162745,36479.11128148832,0.019152139111105256,1.7665313656323178e-12,0.0075503725027488144,16,converged,gap_residual_and_feasibility
622,0.3164439627840456,sMEL-ADMM,1.0,0.01,1.394705,36484.89551134997,36479.11128148832,0.015856279548620494,1.9961809982760315e-13,0.008817959635456063,38,converged,gap_residual_and_feasibility
623,0.4512520885596244,IPOPT,1.0,1.0e-10,12.788057327270508,36479.1112815721,36479.111281488345,2.2959317032311286e-10,1.3322676295501878e-14,NaN,33,INTERRUPTED,gap_and_residual
623,0.4512520885596244,MadNLP,1.0,0.01,19.528865814208984,36479.11128148833,36479.111281488345,3.9891090317628855e-14,1.3322676295501878e-14,NaN,34,LOCALLY_SOLVED,residual_tolerance_upper_bound
623,0.4512520885596244,ADMM,1.0,0.01,74.2034912109375,36588.97205459498,36479.111281488345,0.3011607718699732,3.6021186033963204e-13,1.1342369939049401,6,converged,gap_callback_with_solver_termination
623,0.4512520885596244,MEL-ADMM,1.0,0.01,15.360593795776367,36486.17719087641,36479.111281488345,0.01936974103766976,1.1623479956313076e-12,0.009379143098879439,18,converged,gap_residual_and_feasibility
623,0.4512520885596244,sMEL-ADMM,1.0,0.01,1.615959,36486.0932199835,36479.111281488345,0.019139552061122275,2.0050627824730327e-13,0.009007432746175326,36,converged,gap_residual_and_feasibility
624,0.6799940242532357,IPOPT,1.0,1.0e-10,13.58485221862793,36479.111346009595,36479.11128148834,1.7687178895335413e-7,1.1546319456101628e-14,NaN,33,INTERRUPTED,gap_and_residual
624,0.6799940242532357,MadNLP,1.0,0.01,21.57878875732422,36479.11128148837,36479.11128148834,7.978218063525772e-14,1.0658141036401503e-14,NaN,35,LOCALLY_SOLVED,residual_tolerance_upper_bound
624,0.6799940242532357,ADMM,1.0,0.01,77.0561695098877,36574.34979250845,36479.11128148834,0.26107684007215276,2.068234472574204e-12,1.122212698782783,6,converged,gap_callback_with_solver_termination
624,0.6799940242532357,MEL-ADMM,1.0,0.01,13.767719268798828,36486.26041425542,36479.11128148834,0.019597880858213016,4.055644708955697e-13,0.004414904039927947,16,converged,gap_residual_and_feasibility
624,0.6799940242532357,sMEL-ADMM,1.0,0.01,1.329625,36486.56749564503,36479.11128148834,0.020439681491025652,2.0095036745715333e-13,0.009562523597665518,30,converged,gap_residual_and_feasibility
625,0.29581518854332467,IPOPT,1.0,1.0e-10,13.45205307006836,36479.111281571604,36479.11128148835,2.2821692770715462e-10,1.4210854715202004e-14,NaN,34,INTERRUPTED,gap_and_residual
625,0.29581518854332467,MadNLP,1.0,0.01,21.41094207763672,36479.11128148834,36479.11128148835,3.989109031762884e-14,1.0658141036401503e-14,NaN,35,LOCALLY_SOLVED,residual_tolerance_upper_bound
625,0.29581518854332467,ADMM,1.0,0.01,76.98464393615723,36555.99961822554,36479.11128148835,0.21077360175769072,8.862910405582625e-13,1.1142932279610074,6,converged,gap_callback_with_solver_termination
625,0.29581518854332467,MEL-ADMM,1.0,0.01,13.555765151977539,36486.247006531274,36479.11128148835,0.019561126332981838,8.857359290459499e-13,0.005049579757383071,16,converged,gap_residual_and_feasibility
625,0.29581518854332467,sMEL-ADMM,1.0,0.01,1.334914,36484.8710069075,36479.11128148835,0.015789105646530487,1.9972912213006566e-13,0.006476612496728151,39,converged,gap_residual_and_feasibility
626,0.4688974242723554,IPOPT,1.0,1.0e-10,13.569116592407227,36479.11128157208,36479.11128148832,2.29593170323113e-10,1.3322676295501878e-14,NaN,33,INTERRUPTED,gap_and_residual
626,0.4688974242723554,MadNLP,1.0,0.01,20.926952362060547,36479.11128148833,36479.11128148832,1.9945545158814437e-14,1.0658141036401503e-14,NaN,34,LOCALLY_SOLVED,residual_tolerance_upper_bound
626,0.4688974242723554,ADMM,1.0,0.01,71.53034210205078,36588.97204872894,36479.11128148832,0.30116075578947593,3.2264191318631674e-12,1.134236988980998,6,converged,gap_callback_with_solver_termination
626,0.4688974242723554,MEL-ADMM,1.0,0.01,15.472650527954102,36486.1771909512,36479.11128148832,0.019369741242749865,3.283817662236288e-12,0.009379143187323358,18,converged,gap_residual_and_feasibility
626,0.4688974242723554,sMEL-ADMM,1.0,0.01,1.223914,36485.92076681054,36479.11128148832,0.01866680706574469,2.0039525594484076e-13,0.00926222204199334,32,converged,gap_residual_and_feasibility
627,0.4041357819747698,IPOPT,1.0,1.0e-10,13.609886169433594,36479.11128157197,36479.11128148837,2.2917431387477762e-10,1.0658141036401503e-14,NaN,33,INTERRUPTED,gap_and_residual
627,0.4041357819747698,MadNLP,1.0,0.01,19.15907859802246,36479.111281488345,36479.11128148837,5.983663547644324e-14,1.3322676295501878e-14,NaN,34,LOCALLY_SOLVED,residual_tolerance_upper_bound
627,0.4041357819747698,ADMM,1.0,0.01,71.37584686279297,36588.97205693595,36479.11128148837,0.3011607782871929,8.169576126704214e-13,1.1342369958621603,6,converged,gap_callback_with_solver_termination
627,0.4041357819747698,MEL-ADMM,1.0,0.01,15.373468399047852,36486.17719084809,36479.11128148837,0.0193697409599619,2.91539015151443e-12,0.009379144143956353,18,converged,gap_residual_and_feasibility
627,0.4041357819747698,sMEL-ADMM,1.0,0.01,1.5967900000000002,36485.55625353217,36479.11128148837,0.017667568691775125,2.007283228522283e-13,0.003861612394626235,35,converged,gap_residual_and_feasibility
628,0.2707376934671637,IPOPT,1.0,1.0e-10,14.554023742675781,36479.11128157149,36479.11128148834,2.279376900749313e-10,9.769962616701378e-15,NaN,34,INTERRUPTED,gap_and_residual
628,0.2707376934671637,MadNLP,1.0,0.01,20.51401138305664,36479.111281488345,36479.11128148834,1.994554515881443e-14,1.3322676295501878e-14,NaN,35,LOCALLY_SOLVED,residual_tolerance_upper_bound
628,0.2707376934671637,ADMM,1.0,0.01,77.0120620727539,36594.78667239752,36479.11128148834,0.31710035372456863,4.188316360398403e-12,1.3975972101824223,6,converged,gap_callback_with_solver_termination
628,0.2707376934671637,MEL-ADMM,1.0,0.01,13.39864730834961,36486.4478043001,36479.11128148834,0.020111572223210413,8.97171226199589e-13,0.005638553311673178,16,converged,gap_residual_and_feasibility
628,0.2707376934671637,sMEL-ADMM,1.0,0.01,1.733959,36485.0151808074,36479.11128148834,0.016184328816306617,1.9989565558375944e-13,0.007156296903612969,39,converged,gap_residual_and_feasibility
629,0.4509239004760037,IPOPT,1.0,1.0e-10,14.222145080566406,36479.11128157208,36479.11128148834,2.2955327923279529e-10,1.3322676295501878e-14,NaN,33,INTERRUPTED,gap_and_residual
629,0.4509239004760037,MadNLP,1.0,0.01,19.587993621826172,36479.111281488345,36479.11128148834,1.994554515881443e-14,1.0658141036401503e-14,NaN,34,LOCALLY_SOLVED,residual_tolerance_upper_bound
629,0.4509239004760037,ADMM,1.0,0.01,72.59154319763184,36588.972054514015,36479.11128148834,0.30116077164803917,7.027156634364928e-13,1.1342369959965728,6,converged,gap_callback_with_solver_termination
629,0.4509239004760037,MEL-ADMM,1.0,0.01,16.07203483581543,36486.177190802984,36479.11128148834,0.019369740836399266,6.779576899873518e-13,0.009379143178622762,18,converged,gap_residual_and_feasibility
629,0.4509239004760037,sMEL-ADMM,1.0,0.01,1.9093300000000002,36486.08944646366,36479.11128148834,0.019129207730621253,2.0067281170099704e-13,0.009110360955547847,36,converged,gap_residual_and_feasibility
630,0.47419606045364643,IPOPT,1.0,1.0e-10,13.307809829711914,36479.11128157211,36479.11128148835,2.2961311586827163e-10,1.4210854715202004e-14,NaN,33,INTERRUPTED,gap_and_residual
630,0.47419606045364643,MadNLP,1.0,0.01,19.929170608520508,36479.11128148833,36479.11128148835,5.983663547644327e-14,1.5987211554602254e-14,NaN,34,LOCALLY_SOLVED,residual_tolerance_upper_bound
630,0.47419606045364643,ADMM,1.0,0.01,70.03903388977051,36588.97204959068,36479.11128148835,0.30116075815168647,3.7121417051366734e-12,1.1342369864033524,6,converged,gap_callback_with_solver_termination
630,0.47419606045364643,MEL-ADMM,1.0,0.01,15.749454498291016,36486.17719097422,36479.11128148835,0.019369741305757828,4.528211139387395e-12,0.009379143304811599,18,converged,gap_residual_and_feasibility
630,0.47419606045364643,sMEL-ADMM,1.0,0.01,1.335621,36486.52221206939,36479.11128148835,0.020315545858144515,2.007283228522283e-13,0.009649247303791242,29,converged,gap_residual_and_feasibility
631,0.6819106947481548,IPOPT,1.0,1.0e-10,13.331174850463867,36479.11134600695,36479.11128148836,1.7686446893828073e-7,1.7763568394002505e-14,NaN,33,INTERRUPTED,gap_and_residual
631,0.6819106947481548,MadNLP,1.0,0.01,20.26510238647461,36479.11128148835,36479.11128148836,1.9945545158814418e-14,1.0658141036401503e-14,NaN,35,LOCALLY_SOLVED,residual_tolerance_upper_bound
631,0.6819106947481548,ADMM,1.0,0.01,74.7227668762207,36577.487701765865,36479.11128148836,0.26967877456879685,1.6316947792915926e-12,1.1413204615510661,6,converged,gap_callback_with_solver_termination
631,0.6819106947481548,MEL-ADMM,1.0,0.01,13.881206512451172,36486.276618920114,36479.11128148836,0.019642302622076162,4.005684672847565e-13,0.004310570117961987,16,converged,gap_residual_and_feasibility
631,0.6819106947481548,sMEL-ADMM,1.0,0.01,1.3999590000000002,36486.571785549466,36479.11128148836,0.020451441383912746,1.9950707752514063e-13,0.00951683585929608,30,converged,gap_residual_and_feasibility
632,0.5624546627171587,IPOPT,1.0,1.0e-10,17.063140869140625,36479.1112815721,36479.11128148832,2.2965300695858944e-10,1.5987211554602254e-14,NaN,33,INTERRUPTED,gap_and_residual
632,0.5624546627171587,MadNLP,1.0,0.01,21.25692367553711,36479.11128148833,36479.11128148832,1.9945545158814437e-14,1.0658141036401503e-14,NaN,34,LOCALLY_SOLVED,residual_tolerance_upper_bound
632,0.5624546627171587,ADMM,1.0,0.01,71.7318058013916,36588.97205217616,36479.11128148832,0.30116076523933616,1.5608625503205076e-12,1.13423699416116,6,converged,gap_callback_with_solver_termination
632,0.5624546627171587,MEL-ADMM,1.0,0.01,15.800237655639648,36486.17719088035,36479.11128148832,0.019369741048520146,2.701394663517931e-12,0.009379143655564803,18,converged,gap_residual_and_feasibility
632,0.5624546627171587,sMEL-ADMM,1.0,0.01,1.1650829999999999,36486.68096772992,36479.11128148832,0.02075074193332872,1.9961809982760315e-13,0.009086772275754385,29,converged,gap_residual_and_feasibility
633,0.31919386968756336,IPOPT,1.0,1.0e-10,13.650178909301758,36479.111281558,36479.11128148834,1.9095864935048934e-10,8.881784197001252e-15,NaN,34,INTERRUPTED,gap_and_residual
633,0.31919386968756336,MadNLP,1.0,0.01,20.078182220458984,36479.11128148832,36479.11128148834,3.989109031762886e-14,1.5987211554602254e-14,NaN,35,LOCALLY_SOLVED,residual_tolerance_upper_bound
633,0.31919386968756336,ADMM,1.0,0.01,70.71137428283691,36556.17053781939,36479.11128148834,0.21124214276062608,1.5687451337953462e-12,1.137092643510318,6,converged,gap_callback_with_solver_termination
633,0.31919386968756336,MEL-ADMM,1.0,0.01,13.725996017456055,36486.07387072122,36479.11128148834,0.01908651002804799,3.212541344055353e-12,0.008008944375733407,16,converged,gap_residual_and_feasibility
633,0.31919386968756336,sMEL-ADMM,1.0,0.01,1.6114169999999999,36484.86398928441,36479.11128148834,0.015769868272500126,1.996736109788344e-13,0.0088715274244624,36,converged,gap_residual_and_feasibility
634,0.630895032355473,IPOPT,1.0,1.0e-10,12.977838516235352,36479.11128156825,36479.11128148834,2.1906192247925888e-10,1.5987211554602254e-14,NaN,33,INTERRUPTED,gap_and_residual
634,0.630895032355473,MadNLP,1.0,0.01,20.0960636138916,36479.11128148833,36479.11128148834,1.994554515881443e-14,1.3322676295501878e-14,NaN,35,LOCALLY_SOLVED,residual_tolerance_upper_bound
634,0.630895032355473,ADMM,1.0,0.01,71.13361358642578,36573.93838571815,36479.11128148834,0.2599490527553932,3.5793590313915047e-13,1.169216997235523,6,converged,gap_callback_with_solver_termination
634,0.630895032355473,MEL-ADMM,1.0,0.01,15.388727188110352,36485.82902209978,36479.11128148834,0.018415307762312188,3.7125857943465235e-13,0.009772116896055394,18,converged,gap_residual_and_feasibility
634,0.630895032355473,sMEL-ADMM,1.0,0.01,1.323122,36486.10633298699,36479.11128148834,0.01917549867010669,2.0061730054976579e-13,0.008460320884239536,32,converged,gap_residual_and_feasibility
635,0.3172856283541573,IPOPT,1.0,1.0e-10,15.3350830078125,36479.11128157175,36479.11128148833,2.286756752458075e-10,1.1546319456101628e-14,NaN,34,INTERRUPTED,gap_and_residual
635,0.3172856283541573,MadNLP,1.0,0.01,21.20804786682129,36479.11128148834,36479.11128148833,1.9945545158814434e-14,1.2434497875801753e-14,NaN,35,LOCALLY_SOLVED,residual_tolerance_upper_bound
635,0.3172856283541573,ADMM,1.0,0.01,73.9450454711914,36554.7588585436,36479.11128148833,0.2073723136277709,2.02082794942271e-12,1.1322589775220244,6,converged,gap_callback_with_solver_termination
635,0.3172856283541573,MEL-ADMM,1.0,0.01,14.169931411743164,36486.09040205191,36479.11128148833,0.019131827279791964,1.7348900094305009e-12,0.007689550209109441,16,converged,gap_residual_and_feasibility
635,0.3172856283541573,sMEL-ADMM,1.0,0.01,1.64175,36484.81759277122,36479.11128148833,0.015642681749724222,1.9961809982760315e-13,0.009683849727116112,36,converged,gap_residual_and_feasibility
636,0.44967582362451064,IPOPT,1.0,1.0e-10,13.30113410949707,36479.111281572084,36479.11128148834,2.295732247779541e-10,1.2434497875801753e-14,NaN,33,INTERRUPTED,gap_and_residual
636,0.44967582362451064,MadNLP,1.0,0.01,19.49000358581543,36479.11128148831,36479.11128148834,7.978218063525772e-14,1.4210854715202004e-14,NaN,34,LOCALLY_SOLVED,residual_tolerance_upper_bound
636,0.44967582362451064,ADMM,1.0,0.01,71.13385200500488,36588.97205502449,36479.11128148834,0.3011607730473987,1.1444734049348426e-12,1.1342369986894258,6,converged,gap_callback_with_solver_termination
636,0.44967582362451064,MEL-ADMM,1.0,0.01,15.609979629516602,36486.17719085539,36479.11128148834,0.019369740980067027,8.446576771348191e-13,0.009379143236502685,18,converged,gap_residual_and_feasibility
636,0.44967582362451064,sMEL-ADMM,1.0,0.01,1.433876,36486.076201697324,36479.11128148834,0.019092899920838454,2.0017321133991572e-13,0.009035786989409544,36,converged,gap_residual_and_feasibility
637,0.37117769328538064,IPOPT,1.0,1.0e-10,14.11294937133789,36479.111346006364,36479.11128148834,1.7686293313130362e-7,9.769962616701378e-15,NaN,32,INTERRUPTED,gap_and_residual
637,0.37117769328538064,MadNLP,1.0,0.01,19.910097122192383,36479.11128148833,36479.11128148834,1.994554515881443e-14,1.3322676295501878e-14,NaN,34,LOCALLY_SOLVED,residual_tolerance_upper_bound
637,0.37117769328538064,ADMM,1.0,0.01,72.02577590942383,36598.41609501305,36479.11128148834,0.3270496712601048,1.588507103633674e-12,1.1519636645664875,6,converged,gap_callback_with_solver_termination
637,0.37117769328538064,MEL-ADMM,1.0,0.01,15.197515487670898,36486.0433993788,36479.11128148834,0.019002979093908166,8.760214775804798e-13,0.009353269481520599,18,converged,gap_residual_and_feasibility
637,0.37117769328538064,sMEL-ADMM,1.0,0.01,1.417914,36484.990997242094,36479.11128148834,0.016118034533202312,2.0083934515469082e-13,0.008267996243398912,33,converged,gap_residual_and_feasibility
638,0.6968531556922628,IPOPT,1.0,1.0e-10,13.273954391479492,36479.11128157191,36479.11128148832,2.2913442278446027e-10,1.4210854715202004e-14,NaN,34,INTERRUPTED,gap_and_residual
638,0.6968531556922628,MadNLP,1.0,0.01,20.23792266845703,36479.11128148834,36479.11128148832,3.9891090317628874e-14,1.3322676295501878e-14,NaN,35,LOCALLY_SOLVED,residual_tolerance_upper_bound
638,0.6968531556922628,ADMM,1.0,0.01,75.29473304748535,36612.334829302265,36479.11128148832,0.36520502592821263,6.025291376943187e-12,1.4601100549816506,6,converged,gap_callback_with_solver_termination
638,0.6968531556922628,MEL-ADMM,1.0,0.01,13.43536376953125,36486.40732840676,36479.11128148832,0.02000061586517438,2.2074564398621987e-12,0.005616071960893976,16,converged,gap_residual_and_feasibility
638,0.6968531556922628,sMEL-ADMM,1.0,0.01,1.2247899999999998,36486.60563759714,36479.11128148832,0.02054423982806267,2.007283228522283e-13,0.00916704826951431,30,converged,gap_residual_and_feasibility
639,0.7193683998819816,IPOPT,1.0,1.0e-10,12.565851211547852,36479.11128157178,36479.11128148833,2.2875545742644276e-10,1.1546319456101628e-14,NaN,34,INTERRUPTED,gap_and_residual
639,0.7193683998819816,MadNLP,1.0,0.01,20.994186401367188,36479.11128148834,36479.11128148833,1.9945545158814434e-14,1.2434497875801753e-14,NaN,35,LOCALLY_SOLVED,residual_tolerance_upper_bound
639,0.7193683998819816,ADMM,1.0,0.01,82.5810432434082,36712.419915652994,36479.11128148833,0.6395677580091096,4.679034937282722e-12,1.9809578260177565,6,converged,gap_callback_with_solver_termination
639,0.7193683998819816,MEL-ADMM,1.0,0.01,14.238119125366211,36486.63514343267,36479.11128148833,0.020625124023125,4.446443213623752e-13,0.009392993463206878,16,converged,gap_residual_and_feasibility
639,0.7193683998819816,sMEL-ADMM,1.0,0.01,1.3457510000000001,36486.6606966592,36479.11128148833,0.020695172951488344,2.000621890374532e-13,0.008661084590773527,30,converged,gap_residual_and_feasibility
640,0.51889009687096,IPOPT,1.0,1.0e-10,14.430999755859375,36479.11128157212,36479.11128148836,2.2961311586827158e-10,1.4210854715202004e-14,NaN,33,INTERRUPTED,gap_and_residual
640,0.51889009687096,MadNLP,1.0,0.01,19.037961959838867,36479.11128148835,36479.11128148836,1.9945545158814418e-14,1.2434497875801753e-14,NaN,34,LOCALLY_SOLVED,residual_tolerance_upper_bound
640,0.51889009687096,ADMM,1.0,0.01,71.95925712585449,36588.97204788831,36479.11128148836,0.30116075348496735,3.659073044559591e-12,1.1342369904137186,6,converged,gap_callback_with_solver_termination
640,0.51889009687096,MEL-ADMM,1.0,0.01,16.03078842163086,36486.17719095863,36479.11128148836,0.01936974126301452,2.7340352204419105e-12,0.009379142757869552,18,converged,gap_residual_and_feasibility
640,0.51889009687096,sMEL-ADMM,1.0,0.01,1.2569160000000001,36486.609592085944,36479.11128148836,0.02055508024777301,2.0039525594484076e-13,0.008531648296516536,29,converged,gap_residual_and_feasibility
641,0.2654601807779357,IPOPT,1.0,1.0e-10,15.496969223022461,36479.11128157146,36479.11128148833,2.2787785343945491e-10,1.2434497875801753e-14,NaN,34,INTERRUPTED,gap_and_residual
641,0.2654601807779357,MadNLP,1.0,0.01,22.40896224975586,36479.11128148835,36479.11128148833,5.98366354764433e-14,1.3322676295501878e-14,NaN,35,LOCALLY_SOLVED,residual_tolerance_upper_bound
641,0.2654601807779357,ADMM,1.0,0.01,85.56699752807617,36609.35158117274,36479.11128148833,0.3570270631853412,1.0047573884008898e-11,1.5148601522939726,6,converged,gap_callback_with_solver_termination
641,0.2654601807779357,MEL-ADMM,1.0,0.01,15.33961296081543,36486.4915649459,36479.11128148833,0.02023153305632809,1.1625700402362327e-12,0.006434621549942676,16,converged,gap_residual_and_feasibility
641,0.2654601807779357,sMEL-ADMM,1.0,0.01,2.290669,36485.084680213164,36479.11128148833,0.016374847179635273,1.999511667349907e-13,0.007325998177305948,39,converged,gap_residual_and_feasibility
642,0.49449546539348327,IPOPT,1.0,1.0e-10,14.46080207824707,36479.11128157214,36479.11128148834,2.297327891392246e-10,1.509903313490213e-14,NaN,33,INTERRUPTED,gap_and_residual
642,0.49449546539348327,MadNLP,1.0,0.01,21.656036376953125,36479.11128148836,36479.11128148834,5.983663547644329e-14,1.0658141036401503e-14,NaN,34,LOCALLY_SOLVED,residual_tolerance_upper_bound
642,0.49449546539348327,ADMM,1.0,0.01,80.39569854736328,36588.97204648646,36479.11128148834,0.3011607496421391,2.2414292644157285e-12,1.1342369791469746,6,converged,gap_callback_with_solver_termination
642,0.49449546539348327,MEL-ADMM,1.0,0.01,17.963409423828125,36486.17719085076,36479.11128148834,0.019369740967361715,7.382428002244978e-13,0.009379143119399913,18,converged,gap_residual_and_feasibility
642,0.49449546539348327,sMEL-ADMM,1.0,0.01,1.582497,36486.57104688164,36479.11128148834,0.020449416477662442,2.0045076709607201e-13,0.008867836161545739,29,converged,gap_residual_and_feasibility
643,0.5058227654505791,IPOPT,1.0,1.0e-10,15.525102615356445,36479.11128157212,36479.11128148833,2.2969289804890702e-10,1.0658141036401503e-14,NaN,33,INTERRUPTED,gap_and_residual
643,0.5058227654505791,MadNLP,1.0,0.01,22.356033325195312,36479.111281488345,36479.11128148833,3.989109031762887e-14,1.509903313490213e-14,NaN,34,LOCALLY_SOLVED,residual_tolerance_upper_bound
643,0.5058227654505791,ADMM,1.0,0.01,73.51064682006836,36588.972047874806,36479.11128148833,0.30116075344802845,1.4189760477734126e-12,1.134236986700154,6,converged,gap_callback_with_solver_termination
643,0.5058227654505791,MEL-ADMM,1.0,0.01,16.344070434570312,36486.17719093019,36479.11128148833,0.01936974118512718,2.9760638398101946e-12,0.00937914319681532,18,converged,gap_residual_and_feasibility
643,0.5058227654505791,sMEL-ADMM,1.0,0.01,1.349875,36486.58867275758,36479.11128148833,0.020497734200672912,2.0050627824730327e-13,0.008703441559575253,29,converged,gap_residual_and_feasibility
644,0.2994751301724946,IPOPT,1.0,1.0e-10,14.666080474853516,36479.11128157164,36479.11128148834,2.283565465232664e-10,1.1546319456101628e-14,NaN,34,INTERRUPTED,gap_and_residual
644,0.2994751301724946,MadNLP,1.0,0.01,20.96700668334961,36479.11128148834,36479.11128148834,0.0,1.2434497875801753e-14,NaN,35,LOCALLY_SOLVED,residual_tolerance_upper_bound
644,0.2994751301724946,ADMM,1.0,0.01,76.72905921936035,36553.66279399383,36479.11128148834,0.20436767751885226,3.42204042880212e-12,1.1141682922161449,6,converged,gap_callback_with_solver_termination
644,0.2994751301724946,MEL-ADMM,1.0,0.01,14.40739631652832,36486.22112583119,36479.11128148834,0.019490179703081357,4.192202140984591e-13,0.005447677969675269,16,converged,gap_residual_and_feasibility
644,0.2994751301724946,sMEL-ADMM,1.0,0.01,1.739916,36484.881812899046,36479.11128148834,0.015818728055571427,1.9961809982760315e-13,0.006146378778973727,39,converged,gap_residual_and_feasibility
645,0.31161872977604776,IPOPT,1.0,1.0e-10,15.056133270263672,36479.11128157172,36479.11128148834,2.2857594752001337e-10,1.2434497875801753e-14,NaN,34,INTERRUPTED,gap_and_residual
645,0.31161872977604776,MadNLP,1.0,0.01,21.600008010864258,36479.11128148832,36479.11128148834,3.989109031762886e-14,1.0658141036401503e-14,NaN,35,LOCALLY_SOLVED,residual_tolerance_upper_bound
645,0.31161872977604776,ADMM,1.0,0.01,78.91488075256348,36551.03462833042,36479.11128148834,0.19716310051275035,1.6182610806936282e-12,1.1135393847277024,6,converged,gap_callback_with_solver_termination
645,0.31161872977604776,MEL-ADMM,1.0,0.01,13.878822326660156,36486.13853399074,36479.11128148834,0.019263771115966798,1.9963475317297252e-12,0.006795004014728434,16,converged,gap_residual_and_feasibility
645,0.31161872977604776,sMEL-ADMM,1.0,0.01,1.665121,36484.81110272688,36479.11128148834,0.015624890624560453,1.9961809982760315e-13,0.009602356500739262,38,converged,gap_residual_and_feasibility
646,0.3776927824784013,IPOPT,1.0,1.0e-10,13.038158416748047,36479.11128157199,36479.11128148834,2.293139326908895e-10,1.2434497875801753e-14,NaN,32,INTERRUPTED,gap_and_residual
646,0.3776927824784013,MadNLP,1.0,0.01,18.84603500366211,36479.11128148835,36479.11128148834,3.989109031762886e-14,1.3322676295501878e-14,NaN,33,LOCALLY_SOLVED,residual_tolerance_upper_bound
646,0.3776927824784013,ADMM,1.0,0.01,69.24962997436523,36595.58092299138,36479.11128148834,0.319277628789561,1.1001755062522989e-12,1.0583642531768902,6,converged,gap_callback_with_solver_termination
646,0.3776927824784013,MEL-ADMM,1.0,0.01,16.759634017944336,36486.08591338891,36479.11128148834,0.019119522530997173,3.098632461728812e-12,0.009397107796893955,18,converged,gap_residual_and_feasibility
646,0.3776927824784013,sMEL-ADMM,1.0,0.01,1.381539,36485.01275504123,36479.11128148834,0.01617767907598554,1.996736109788344e-13,0.007155546806931312,33,converged,gap_residual_and_feasibility
647,0.6594898138032033,IPOPT,1.0,1.0e-10,13.348817825317383,36479.11134600872,36479.111281488316,1.7686945532457064e-7,1.4210854715202004e-14,NaN,33,INTERRUPTED,gap_and_residual
647,0.6594898138032033,MadNLP,1.0,0.01,20.51401138305664,36479.11128148837,36479.111281488316,1.396188161117011e-13,1.2434497875801753e-14,NaN,35,LOCALLY_SOLVED,residual_tolerance_upper_bound
647,0.6594898138032033,ADMM,1.0,0.01,75.55270195007324,36558.00995062224,36479.111281488316,0.21628451560978995,6.095124405192109e-13,1.1312957567004354,6,converged,gap_callback_with_solver_termination
647,0.6594898138032033,MEL-ADMM,1.0,0.01,13.833284378051758,36486.09495976233,36479.111281488316,0.01914432130796083,3.304023721284466e-13,0.0069714184055973405,16,converged,gap_residual_and_feasibility
647,0.6594898138032033,sMEL-ADMM,1.0,0.01,1.314875,36486.136114244524,36479.111281488316,0.019257137878170943,1.9972912213006566e-13,0.008438235210039835,32,converged,gap_residual_and_feasibility
648,0.6826724324720643,IPOPT,1.0,1.0e-10,14.14799690246582,36479.11134600553,36479.11128148837,1.7686055961142957e-7,1.1546319456101628e-14,NaN,33,INTERRUPTED,gap_and_residual
648,0.6826724324720643,MadNLP,1.0,0.01,20.515918731689453,36479.111281488345,36479.11128148837,5.983663547644324e-14,1.0658141036401503e-14,NaN,35,LOCALLY_SOLVED,residual_tolerance_upper_bound
648,0.6826724324720643,ADMM,1.0,0.01,73.49967956542969,36578.81907665267,36479.11128148837,0.27332846569345576,1.818656336638469e-12,1.1561864036233045,6,converged,gap_callback_with_solver_termination
648,0.6826724324720643,MEL-ADMM,1.0,0.01,14.258623123168945,36486.28308827782,36479.11128148837,0.01966003703904326,2.6121327323380683e-12,0.00433196317589335,16,converged,gap_residual_and_feasibility
648,0.6826724324720643,sMEL-ADMM,1.0,0.01,1.878542,36486.573494426826,36479.11128148837,0.02045612592060486,2.0017321133991572e-13,0.009498711092893686,30,converged,gap_residual_and_feasibility
649,0.5134718033992187,IPOPT,1.0,1.0e-10,14.426946640014648,36479.11128157213,36479.111281488375,2.2959317032311268e-10,1.687538997430238e-14,NaN,33,INTERRUPTED,gap_and_residual
649,0.5134718033992187,MadNLP,1.0,0.01,20.923852920532227,36479.11128148832,36479.111281488375,1.3961881611170086e-13,1.2434497875801753e-14,NaN,34,LOCALLY_SOLVED,residual_tolerance_upper_bound
649,0.5134718033992187,ADMM,1.0,0.01,75.94823837280273,36588.972046951465,36479.111281488375,0.3011607509167589,1.1536327448880002e-12,1.1342369840921984,6,converged,gap_callback_with_solver_termination
649,0.5134718033992187,MEL-ADMM,1.0,0.01,17.197847366333008,36486.177190795795,36479.111281488375,0.01936974081659332,3.4372504842394846e-13,0.009379143294611758,18,converged,gap_residual_and_feasibility
649,0.5134718033992187,sMEL-ADMM,1.0,0.01,1.735916,36486.60090910996,36479.111281488375,0.020531277650364218,2.0095036745715333e-13,0.008605857517915538,29,converged,gap_residual_and_feasibility
650,0.46321226342718635,IPOPT,1.0,1.0e-10,14.389991760253906,36479.111281572084,36479.11128148835,2.2953333368763637e-10,1.2434497875801753e-14,NaN,33,INTERRUPTED,gap_and_residual
650,0.46321226342718635,MadNLP,1.0,0.01,19.30689811706543,36479.11128148834,36479.11128148835,3.989109031762884e-14,1.2434497875801753e-14,NaN,34,LOCALLY_SOLVED,residual_tolerance_upper_bound
650,0.46321226342718635,ADMM,1.0,0.01,71.56229019165039,36588.972048293756,36479.11128148835,0.30116075459643293,9.908740494779522e-13,1.1342369842900526,6,converged,gap_callback_with_solver_termination
650,0.46321226342718635,MEL-ADMM,1.0,0.01,16.91460609436035,36486.17719083279,36479.11128148835,0.01936974091805632,2.9043434324194095e-13,0.009379143217790542,18,converged,gap_residual_and_feasibility
650,0.46321226342718635,sMEL-ADMM,1.0,0.01,2.267377,36485.88763861595,36479.11128148835,0.018575992916361573,2.0011770018868447e-13,0.007265397349028646,33,converged,gap_residual_and_feasibility
651,0.6931045446330355,IPOPT,1.0,1.0e-10,16.46900177001953,36479.111281571924,36479.11128148834,2.2913442278446017e-10,1.5987211554602254e-14,NaN,34,INTERRUPTED,gap_and_residual
651,0.6931045446330355,MadNLP,1.0,0.01,22.128820419311523,36479.111281488316,36479.11128148834,5.983663547644329e-14,1.0658141036401503e-14,NaN,35,LOCALLY_SOLVED,residual_tolerance_upper_bound
651,0.6931045446330355,ADMM,1.0,0.01,82.93628692626953,36601.74716765515,36479.11128148834,0.33618112354904045,3.2287506002148803e-12,1.3746928787839297,6,converged,gap_callback_with_solver_termination
651,0.6931045446330355,MEL-ADMM,1.0,0.01,14.87421989440918,36486.37412411184,36479.11128148834,0.019909593102362563,3.3661962106634746e-13,0.0050231866680521264,16,converged,gap_residual_and_feasibility
651,0.6931045446330355,sMEL-ADMM,1.0,0.01,1.293374,36486.59707104049,36479.11128148834,0.020520756370366416,2.0095036745715333e-13,0.009253731486992933,30,converged,gap_residual_and_feasibility
652,0.7079936887909583,IPOPT,1.0,1.0e-10,16.796112060546875,36479.11128157185,36479.11128148834,2.2893496733287204e-10,1.3322676295501878e-14,NaN,34,INTERRUPTED,gap_and_residual
652,0.7079936887909583,MadNLP,1.0,0.01,23.571014404296875,36479.11128148833,36479.11128148834,1.994554515881443e-14,1.4210854715202004e-14,NaN,35,LOCALLY_SOLVED,residual_tolerance_upper_bound
652,0.7079936887909583,ADMM,1.0,0.01,86.1966609954834,36653.48641438261,36479.11128148834,0.4780136543040255,2.8692603848412546e-12,1.7221196774747964,6,converged,gap_callback_with_solver_termination
652,0.7079936887909583,MEL-ADMM,1.0,0.01,14.816761016845703,36486.515116856426,36479.11128148834,0.020296095787413506,8.600897771771088e-13,0.007463712649122378,16,converged,gap_residual_and_feasibility
652,0.7079936887909583,sMEL-ADMM,1.0,0.01,1.431376,36486.63262769131,36479.11128148834,0.02061822763425777,1.999511667349907e-13,0.00891288121048106,30,converged,gap_residual_and_feasibility
653,0.4133726718138773,IPOPT,1.0,1.0e-10,14.042854309082031,36479.11128157202,36479.111281488345,2.293737693263659e-10,1.3322676295501878e-14,NaN,33,INTERRUPTED,gap_and_residual
653,0.4133726718138773,MadNLP,1.0,0.01,20.06983757019043,36479.111281488345,36479.111281488345,0.0,1.4210854715202004e-14,NaN,34,LOCALLY_SOLVED,residual_tolerance_upper_bound
653,0.4133726718138773,ADMM,1.0,0.01,72.27253913879395,36588.97205657638,36479.111281488345,0.301160777301564,1.09051656593806e-12,1.1342369972298112,6,converged,gap_callback_with_solver_termination
653,0.4133726718138773,MEL-ADMM,1.0,0.01,17.030954360961914,36486.17719096492,36479.111281488345,0.01936974128028737,4.552247467870529e-12,0.009379143544346213,18,converged,gap_residual_and_feasibility
653,0.4133726718138773,sMEL-ADMM,1.0,0.01,1.9483350000000002,36485.64744055746,36479.111281488345,0.01791753921492629,2.0028423364237824e-13,0.008806683893249456,35,converged,gap_residual_and_feasibility
654,0.4468844964024063,IPOPT,1.0,1.0e-10,14.00303840637207,36479.11128157206,36479.11128148834,2.2951338814247766e-10,1.687538997430238e-14,NaN,33,INTERRUPTED,gap_and_residual
654,0.4468844964024063,MadNLP,1.0,0.01,20.566940307617188,36479.11128148834,36479.11128148834,0.0,1.1546319456101628e-14,NaN,34,LOCALLY_SOLVED,residual_tolerance_upper_bound
654,0.4468844964024063,ADMM,1.0,0.01,74.75090026855469,36588.97205510554,36479.11128148834,0.30116077326959206,5.169753514167041e-13,1.134236997953038,6,converged,gap_callback_with_solver_termination
654,0.4468844964024063,MEL-ADMM,1.0,0.01,16.536474227905273,36486.177190840965,36479.11128148834,0.019369740940515013,3.9562797482517453e-13,0.009379143201092788,18,converged,gap_residual_and_feasibility
654,0.4468844964024063,sMEL-ADMM,1.0,0.01,2.097832,36485.93610262805,36479.11128148834,0.01870884706332808,2.0039525594484076e-13,0.00974689180438304,35,converged,gap_residual_and_feasibility
655,0.3625526173204429,IPOPT,1.0,1.0e-10,13.937950134277344,36479.1112815711,36479.111281488345,2.2686063063635529e-10,1.2434497875801753e-14,NaN,33,INTERRUPTED,gap_and_residual
655,0.3625526173204429,MadNLP,1.0,0.01,20.121097564697266,36479.11128148837,36479.111281488345,5.983663547644328e-14,1.2434497875801753e-14,NaN,34,LOCALLY_SOLVED,residual_tolerance_upper_bound
655,0.3625526173204429,ADMM,1.0,0.01,74.67389106750488,36591.93107742915,36479.111281488345,0.309272325935357,2.365996287778671e-12,1.1523300171924875,6,converged,gap_callback_with_solver_termination
655,0.3625526173204429,MEL-ADMM,1.0,0.01,15.982627868652344,36485.979295930396,36479.111281488345,0.018827252640707056,1.0435541319964159e-12,0.009503142599277759,18,converged,gap_residual_and_feasibility
655,0.3625526173204429,sMEL-ADMM,1.0,0.01,2.182333,36485.44212856773,36479.111281488345,0.01735471851420368,2.0022872249114698e-13,0.007676408758763742,36,converged,gap_residual_and_feasibility
656,0.3444934655959763,IPOPT,1.0,1.0e-10,13.612031936645508,36479.111281558,36479.111281488345,1.909387038053305e-10,1.2434497875801753e-14,NaN,34,INTERRUPTED,gap_and_residual
656,0.3444934655959763,MadNLP,1.0,0.01,20.97797393798828,36479.111281488345,36479.111281488345,0.0,1.687538997430238e-14,NaN,35,LOCALLY_SOLVED,residual_tolerance_upper_bound
656,0.3444934655959763,ADMM,1.0,0.01,89.56742286682129,36575.73270084523,36479.111281488345,0.26486779957798107,1.5643042416968456e-12,1.1696408457753469,6,converged,gap_callback_with_solver_termination
656,0.3444934655959763,MEL-ADMM,1.0,0.01,15.839576721191406,36485.86851309263,36479.111281488345,0.018523564217736523,1.3711254354120683e-12,0.009760004879187711,18,converged,gap_residual_and_feasibility
656,0.3444934655959763,sMEL-ADMM,1.0,0.01,1.934836,36485.25842442937,36479.111281488345,0.016851131305225826,2.0000667788622195e-13,0.007637519022452466,35,converged,gap_residual_and_feasibility
657,0.3609878369653106,IPOPT,1.0,1.0e-10,13.787031173706055,36479.11128157071,36479.11128148836,2.2574368010746158e-10,1.0658141036401503e-14,NaN,33,INTERRUPTED,gap_and_residual
657,0.3609878369653106,MadNLP,1.0,0.01,20.4620361328125,36479.111281488345,36479.11128148836,3.9891090317628836e-14,1.5987211554602254e-14,NaN,34,LOCALLY_SOLVED,residual_tolerance_upper_bound
657,0.3609878369653106,ADMM,1.0,0.01,74.36108589172363,36589.48388396616,36479.11128148836,0.3025638470907876,1.9693136010801027e-12,1.155135748697388,6,converged,gap_callback_with_solver_termination
657,0.3609878369653106,MEL-ADMM,1.0,0.01,16.02768898010254,36485.96791330965,36479.11128148836,0.018796049521003833,3.3018032752352156e-12,0.009540315435020652,18,converged,gap_residual_and_feasibility
657,0.3609878369653106,sMEL-ADMM,1.0,0.01,1.671875,36485.43225135073,36479.11128148836,0.017327642150033098,2.0056178939853453e-13,0.007290913542988164,36,converged,gap_residual_and_feasibility
658,0.6269869531084611,IPOPT,1.0,1.0e-10,13.91911506652832,36479.11128156891,36479.11128148835,2.2083707599839328e-10,1.509903313490213e-14,NaN,33,INTERRUPTED,gap_and_residual
658,0.6269869531084611,MadNLP,1.0,0.01,20.086050033569336,36479.11128148836,36479.11128148835,1.994554515881442e-14,1.1546319456101628e-14,NaN,34,LOCALLY_SOLVED,residual_tolerance_upper_bound
658,0.6269869531084611,ADMM,1.0,0.01,77.0576000213623,36577.24266249656,36479.11128148835,0.2690070496810709,4.064748537757623e-12,1.173088990291716,6,converged,gap_callback_with_solver_termination
658,0.6269869531084611,MEL-ADMM,1.0,0.01,16.3114070892334,36485.853663478665,36479.11128148835,0.018482857047380716,4.992672941739329e-13,0.009643798634350276,18,converged,gap_residual_and_feasibility
658,0.6269869531084611,sMEL-ADMM,1.0,0.01,1.583163,36486.102933353504,36479.11128148835,0.0191661792722994,2.0061730054976579e-13,0.00846337426827759,32,converged,gap_residual_and_feasibility
659,0.3539924915785594,IPOPT,1.0,1.0e-10,15.80500602722168,36479.1112815699,36479.11128148834,2.2358956123030975e-10,1.687538997430238e-14,NaN,33,INTERRUPTED,gap_and_residual
659,0.3539924915785594,MadNLP,1.0,0.01,19.140958786010742,36479.11128148834,36479.11128148834,0.0,1.1546319456101628e-14,NaN,34,LOCALLY_SOLVED,residual_tolerance_upper_bound
659,0.3539924915785594,ADMM,1.0,0.01,74.51844215393066,36583.97927119943,36479.11128148834,0.2874740804453441,9.94926363517834e-13,1.1752050927613658,6,converged,gap_callback_with_solver_termination
659,0.3539924915785594,MEL-ADMM,1.0,0.01,16.634464263916016,36485.931673551444,36479.11128148834,0.018696705658415805,3.1646352205427775e-12,0.009518015368646715,18,converged,gap_residual_and_feasibility
659,0.3539924915785594,sMEL-ADMM,1.0,0.01,1.9873769999999997,36485.383137764926,36479.11128148834,0.01719300733011649,1.9972912213006566e-13,0.005449392503308559,36,converged,gap_residual_and_feasibility
660,0.2665355135307084,IPOPT,1.0,1.0e-10,15.150070190429688,36479.11128157146,36479.11128148835,2.2781801680397834e-10,1.4210854715202004e-14,NaN,34,INTERRUPTED,gap_and_residual
660,0.2665355135307084,MadNLP,1.0,0.01,20.718097686767578,36479.111281488345,36479.11128148835,1.994554515881442e-14,1.509903313490213e-14,NaN,35,LOCALLY_SOLVED,residual_tolerance_upper_bound
660,0.2665355135307084,ADMM,1.0,0.01,82.01885223388672,36606.128374180866,36479.11128148835,0.34819130244811886,1.5094037131291316e-12,1.4903719269028675,6,converged,gap_callback_with_solver_termination
660,0.2665355135307084,MEL-ADMM,1.0,0.01,14.452934265136719,36486.48251084459,36479.11128148835,0.020206713094941625,1.6714407635731732e-12,0.006272700893285688,16,converged,gap_residual_and_feasibility
660,0.2665355135307084,sMEL-ADMM,1.0,0.01,2.1435429999999998,36485.07099732827,36479.11128148835,0.016337338357646714,1.9972912213006566e-13,0.007297128081660276,39,converged,gap_residual_and_feasibility
661,0.313410009532503,IPOPT,1.0,1.0e-10,15.130996704101562,36479.111281571735,36479.11128148834,2.28615838610331e-10,1.1546319456101628e-14,NaN,34,INTERRUPTED,gap_and_residual
661,0.313410009532503,MadNLP,1.0,0.01,20.51997184753418,36479.11128148832,36479.11128148834,3.989109031762886e-14,1.2434497875801753e-14,NaN,35,LOCALLY_SOLVED,residual_tolerance_upper_bound
661,0.313410009532503,ADMM,1.0,0.01,76.19786262512207,36552.09116307501,36479.11128148834,0.20005937377018454,3.6262659541819176e-12,1.1205341918492913,6,converged,gap_callback_with_solver_termination
661,0.313410009532503,MEL-ADMM,1.0,0.01,14.60719108581543,36486.12425692689,36479.11128148834,0.019224633474302023,1.7097989690739723e-12,0.007055868896108208,16,converged,gap_residual_and_feasibility
661,0.313410009532503,sMEL-ADMM,1.0,0.01,1.662083,36484.84300915384,36479.11128148834,0.015712355548557065,1.9961809982760315e-13,0.009301931923207718,38,converged,gap_residual_and_feasibility
662,0.27413247743176034,IPOPT,1.0,1.0e-10,14.473199844360352,36479.11128157148,36479.11128148835,2.2787785343945478e-10,1.2434497875801753e-14,NaN,34,INTERRUPTED,gap_and_residual
662,0.27413247743176034,MadNLP,1.0,0.01,21.558046340942383,36479.111281488345,36479.11128148835,1.994554515881442e-14,1.2434497875801753e-14,NaN,35,LOCALLY_SOLVED,residual_tolerance_upper_bound
662,0.27413247743176034,ADMM,1.0,0.01,82.8244686126709,36586.81021758442,36479.11128148835,0.29523453919974724,4.1466829969749597e-13,1.3298327394961964,6,converged,gap_callback_with_solver_termination
662,0.27413247743176034,MEL-ADMM,1.0,0.01,14.590024948120117,36486.420442328934,36479.11128148835,0.020036564992443412,4.6442294454607236e-12,0.005137065577754285,16,converged,gap_residual_and_feasibility
662,0.27413247743176034,sMEL-ADMM,1.0,0.01,1.876125,36484.96922762867,36479.11128148835,0.01605835760393985,2.0022872249114698e-13,0.007025086715225726,39,converged,gap_residual_and_feasibility
663,0.35747942595372423,IPOPT,1.0,1.0e-10,15.357017517089844,36479.111281570236,36479.111281488345,2.2448711076245636e-10,1.509903313490213e-14,NaN,33,INTERRUPTED,gap_and_residual
663,0.35747942595372423,MadNLP,1.0,0.01,21.445035934448242,36479.11128148833,36479.111281488345,3.9891090317628855e-14,1.3322676295501878e-14,NaN,34,LOCALLY_SOLVED,residual_tolerance_upper_bound
663,0.35747942595372423,ADMM,1.0,0.01,74.52034950256348,36586.72850962863,36479.111281488345,0.29501055360110867,8.201772594418344e-13,1.1661664891671446,6,converged,gap_callback_with_solver_termination
663,0.35747942595372423,MEL-ADMM,1.0,0.01,16.489267349243164,36485.949936548066,36479.111281488345,0.018746769917037314,2.7094992915976945e-12,0.009523427959344133,18,converged,gap_residual_and_feasibility
663,0.35747942595372423,sMEL-ADMM,1.0,0.01,1.633086,36485.4083077272,36479.111281488345,0.017262005618132497,2.0095036745715333e-13,0.006384245254773546,36,converged,gap_residual_and_feasibility
664,0.6216649256042217,IPOPT,1.0,1.0e-10,13.986825942993164,36479.11128156984,36479.111281488345,2.234100513238804e-10,1.4210854715202004e-14,NaN,33,INTERRUPTED,gap_and_residual
664,0.6216649256042217,MadNLP,1.0,0.01,20.737171173095703,36479.111281488345,36479.111281488345,0.0,1.2434497875801753e-14,NaN,34,LOCALLY_SOLVED,residual_tolerance_upper_bound
664,0.6216649256042217,ADMM,1.0,0.01,76.99346542358398,36581.205020923844,36479.111281488345,0.27986904244377003,4.1588954502458364e-13,1.1651635859476306,6,converged,gap_callback_with_solver_termination
664,0.6216649256042217,MEL-ADMM,1.0,0.01,15.98668098449707,36485.88158284478,36479.111281488345,0.01855939226202338,4.529376873563251e-12,0.009583903504819524,18,converged,gap_residual_and_feasibility
664,0.6216649256042217,sMEL-ADMM,1.0,0.01,1.6413739999999999,36486.09835414688,36479.111281488345,0.019153626316772584,2.000621890374532e-13,0.008467281151137485,32,converged,gap_residual_and_feasibility
665,0.6038145683592002,IPOPT,1.0,1.0e-10,12.949943542480469,36479.11128157195,36479.11128148834,2.2921420496509543e-10,1.1546319456101628e-14,NaN,33,INTERRUPTED,gap_and_residual
665,0.6038145683592002,MadNLP,1.0,0.01,19.38796043395996,36479.11128148834,36479.11128148834,0.0,1.2434497875801753e-14,NaN,34,LOCALLY_SOLVED,residual_tolerance_upper_bound
665,0.6038145683592002,ADMM,1.0,0.01,76.63536071777344,36597.154763170576,36479.11128148834,0.32359198877232603,1.5648593532091581e-12,1.1562824371695015,6,converged,gap_callback_with_solver_termination
665,0.6038145683592002,MEL-ADMM,1.0,0.01,15.883207321166992,36485.990765167044,36479.11128148834,0.018858693200118175,7.502887200416808e-13,0.009443767814879322,18,converged,gap_residual_and_feasibility
665,0.6038145683592002,sMEL-ADMM,1.0,0.01,1.1488360000000002,36486.752165839396,36479.11128148834,0.020945916944351342,2.0061730054976579e-13,0.009876176011930582,29,converged,gap_residual_and_feasibility
666,0.44071716057145655,IPOPT,1.0,1.0e-10,13.252019882202148,36479.111281572055,36479.111281488345,2.2947349705215997e-10,1.0658141036401503e-14,NaN,33,INTERRUPTED,gap_and_residual
666,0.44071716057145655,MadNLP,1.0,0.01,19.726991653442383,36479.111281488345,36479.111281488345,0.0,1.687538997430238e-14,NaN,34,LOCALLY_SOLVED,residual_tolerance_upper_bound
666,0.44071716057145655,ADMM,1.0,0.01,74.12075996398926,36588.972055428996,36479.111281488345,0.30116077415625125,9.34863297885613e-13,1.1342369994088166,6,converged,gap_callback_with_solver_termination
666,0.44071716057145655,MEL-ADMM,1.0,0.01,16.602277755737305,36486.177190876835,36479.111281488345,0.0193697410388266,1.5643597528480768e-12,0.009379143325325856,18,converged,gap_residual_and_feasibility
666,0.44071716057145655,sMEL-ADMM,1.0,0.01,1.420957,36485.73323442758,36479.111281488345,0.018152725509497925,2.0045076709607201e-13,0.00937037215275538,34,converged,gap_residual_and_feasibility
667,0.40815661393224534,IPOPT,1.0,1.0e-10,12.81881332397461,36479.111281571975,36479.111281488345,2.29254096055413e-10,1.4210854715202004e-14,NaN,33,INTERRUPTED,gap_and_residual
667,0.40815661393224534,MadNLP,1.0,0.01,19.19102668762207,36479.11128148832,36479.111281488345,5.983663547644328e-14,1.4210854715202004e-14,NaN,34,LOCALLY_SOLVED,residual_tolerance_upper_bound
667,0.40815661393224534,ADMM,1.0,0.01,72.9215145111084,36588.97205725618,36479.111281488345,0.3011607791650962,8.98892071887758e-13,1.1342370016314334,6,converged,gap_callback_with_solver_termination
667,0.40815661393224534,MEL-ADMM,1.0,0.01,16.32976531982422,36486.177190949034,36479.111281488345,0.019369741236746243,4.799327602000858e-12,0.009379143879430174,18,converged,gap_residual_and_feasibility
667,0.40815661393224534,sMEL-ADMM,1.0,0.01,1.711666,36485.59375083411,36479.111281488345,0.017770359852633474,2.0083934515469082e-13,0.0059309311247535135,35,converged,gap_residual_and_feasibility
668,0.47207142946898634,IPOPT,1.0,1.0e-10,13.164997100830078,36479.11128157211,36479.11128148834,2.2965300695858936e-10,1.1546319456101628e-14,NaN,33,INTERRUPTED,gap_and_residual
668,0.47207142946898634,MadNLP,1.0,0.01,19.37699317932129,36479.11128148833,36479.11128148834,1.994554515881443e-14,1.4210854715202004e-14,NaN,34,LOCALLY_SOLVED,residual_tolerance_upper_bound
668,0.47207142946898634,ADMM,1.0,0.01,69.70977783203125,36588.9720501523,36479.11128148834,0.3011607596912832,2.978284285859445e-12,1.1342369910931254,6,converged,gap_callback_with_solver_termination
668,0.47207142946898634,MEL-ADMM,1.0,0.01,16.936779022216797,36486.17719096688,36479.11128148834,0.019369741285692615,3.570366224892041e-12,0.009379143110982646,18,converged,gap_residual_and_feasibility
668,0.47207142946898634,sMEL-ADMM,1.0,0.01,1.702164,36486.506783830046,36479.11128148834,0.020273252505086072,2.007283228522283e-13,0.009834475565398293,29,converged,gap_residual_and_feasibility
669,0.6573455824110795,IPOPT,1.0,1.0e-10,12.980937957763672,36479.1113460116,36479.111281488316,1.7687735376045354e-7,1.3322676295501878e-14,NaN,33,INTERRUPTED,gap_and_residual
669,0.6573455824110795,MadNLP,1.0,0.01,19.958019256591797,36479.11128148833,36479.111281488316,3.9891090317628886e-14,1.0658141036401503e-14,NaN,35,LOCALLY_SOLVED,residual_tolerance_upper_bound
669,0.6573455824110795,ADMM,1.0,0.01,77.26812362670898,36558.03769476376,36479.111281488316,0.2163605704821514,1.7604806501481107e-12,1.1326760971181535,6,converged,gap_callback_with_solver_termination
669,0.6573455824110795,MEL-ADMM,1.0,0.01,14.781475067138672,36486.07763789219,36479.111281488316,0.019096836954485177,9.722223026642496e-13,0.007300634147086704,16,converged,gap_residual_and_feasibility
669,0.6573455824110795,sMEL-ADMM,1.0,0.01,1.3884990000000001,36486.13350808304,36479.111281488316,0.019249993621107422,2.007283228522283e-13,0.008439550226739811,32,converged,gap_residual_and_feasibility
670,0.6118185180482071,IPOPT,1.0,1.0e-10,13.878107070922852,36479.11128157147,36479.11128148834,2.2789779898461368e-10,1.3322676295501878e-14,NaN,33,INTERRUPTED,gap_and_residual
670,0.6118185180482071,MadNLP,1.0,0.01,20.27106285095215,36479.11128148833,36479.11128148834,1.994554515881443e-14,1.4210854715202004e-14,NaN,34,LOCALLY_SOLVED,residual_tolerance_upper_bound
670,0.6118185180482071,ADMM,1.0,0.01,75.43420791625977,36588.554537783384,36479.11128148834,0.3000162351832952,2.0218271501448726e-12,1.141443394597978,6,converged,gap_callback_with_solver_termination
670,0.6118185180482071,MEL-ADMM,1.0,0.01,16.857385635375977,36485.93402200981,36479.11128148834,0.01870314347524523,4.292122213200855e-12,0.009572441198140602,18,converged,gap_residual_and_feasibility
670,0.6118185180482071,sMEL-ADMM,1.0,0.01,1.729417,36486.09000081976,36479.11128148834,0.019130727384140258,2.0050627824730327e-13,0.008473850293876595,32,converged,gap_residual_and_feasibility
671,0.6906377629787686,IPOPT,1.0,1.0e-10,13.705968856811523,36479.11128157195,36479.111281488345,2.2919425941993656e-10,1.4210854715202004e-14,NaN,34,INTERRUPTED,gap_and_residual
671,0.6906377629787686,MadNLP,1.0,0.01,20.195960998535156,36479.111281488375,36479.111281488345,7.978218063525771e-14,1.2434497875801753e-14,NaN,35,LOCALLY_SOLVED,residual_tolerance_upper_bound
671,0.6906377629787686,ADMM,1.0,0.01,77.21066474914551,36595.534317390455,36479.111281488345,0.319149869095603,3.955502592134508e-12,1.323360441030994,6,converged,gap_callback_with_solver_termination
671,0.6906377629787686,MEL-ADMM,1.0,0.01,14.821290969848633,36486.352723582815,36479.111281488345,0.01985092794227257,1.4097611966690238e-12,0.004634638617135423,16,converged,gap_residual_and_feasibility
671,0.6906377629787686,sMEL-ADMM,1.0,0.01,1.324209,36486.591465622034,36479.111281488345,0.020505390265591093,2.0017321133991572e-13,0.00931107999541858,30,converged,gap_residual_and_feasibility
672,0.6014952728454872,IPOPT,1.0,1.0e-10,14.100074768066406,36479.111281571924,36479.11128148833,2.2915436832961903e-10,1.2434497875801753e-14,NaN,33,INTERRUPTED,gap_and_residual
672,0.6014952728454872,MadNLP,1.0,0.01,20.70784568786621,36479.11128148835,36479.11128148833,5.98366354764433e-14,1.1546319456101628e-14,NaN,34,LOCALLY_SOLVED,residual_tolerance_upper_bound
672,0.6014952728454872,ADMM,1.0,0.01,76.23958587646484,36599.22732280605,36479.11128148833,0.32927348583372534,3.801403636316536e-13,1.160056346784403,6,converged,gap_callback_with_solver_termination
672,0.6014952728454872,MEL-ADMM,1.0,0.01,16.19696617126465,36486.008935999416,36479.11128148833,0.018908504809396768,4.89475127096739e-12,0.009392746525701767,18,converged,gap_residual_and_feasibility
672,0.6014952728454872,sMEL-ADMM,1.0,0.01,1.36,36486.74806211358,36479.11128148833,0.020934667421903308,2.0028423364237824e-13,0.009832405424907265,29,converged,gap_residual_and_feasibility
673,0.30746601075843394,IPOPT,1.0,1.0e-10,14.719009399414062,36479.111281571684,36479.11128148834,2.284762197942193e-10,1.3322676295501878e-14,NaN,34,INTERRUPTED,gap_and_residual
673,0.30746601075843394,MadNLP,1.0,0.01,21.939992904663086,36479.11128148832,36479.11128148834,3.989109031762886e-14,1.0658141036401503e-14,NaN,35,LOCALLY_SOLVED,residual_tolerance_upper_bound
673,0.30746601075843394,ADMM,1.0,0.01,79.2546272277832,36551.08674390436,36479.11128148834,0.19730596466735797,7.485123632022805e-13,1.1134057140053102,6,converged,gap_callback_with_solver_termination
673,0.30746601075843394,MEL-ADMM,1.0,0.01,13.231277465820312,36486.16646903944,36479.11128148834,0.019340349321177654,3.3217872896784684e-13,0.006335439661718567,16,converged,gap_residual_and_feasibility
673,0.30746601075843394,sMEL-ADMM,1.0,0.01,1.688081,36484.93017397299,36479.11128148834,0.015951300018669446,2.0000667788622195e-13,0.005288815951665526,39,converged,gap_residual_and_feasibility
674,0.6775680455107855,IPOPT,1.0,1.0e-10,13.276815414428711,36479.11134601266,36479.111281488345,1.768801660823208e-7,1.3322676295501878e-14,NaN,33,INTERRUPTED,gap_and_residual
674,0.6775680455107855,MadNLP,1.0,0.01,20.405054092407227,36479.111281488316,36479.111281488345,7.978218063525771e-14,1.509903313490213e-14,NaN,35,LOCALLY_SOLVED,residual_tolerance_upper_bound
674,0.6775680455107855,ADMM,1.0,0.01,73.04835319519043,36570.7786170732,36479.111281488345,0.2512871952321155,1.5296652833285407e-12,1.1226049809182728,6,converged,gap_callback_with_solver_termination
674,0.6775680455107855,MEL-ADMM,1.0,0.01,13.530492782592773,36486.241015072395,36479.111281488345,0.01954470197761649,3.6323166696661247e-12,0.004689512848190525,16,converged,gap_residual_and_feasibility
674,0.6775680455107855,sMEL-ADMM,1.0,0.01,1.281374,36486.562086071695,36479.111281488345,0.020424852255463092,2.0095036745715333e-13,0.009620510720314002,30,converged,gap_residual_and_feasibility
675,0.3772617590960719,IPOPT,1.0,1.0e-10,12.967109680175781,36479.11128157195,36479.11128148836,2.2915436832961885e-10,1.0658141036401503e-14,NaN,32,INTERRUPTED,gap_and_residual
675,0.3772617590960719,MadNLP,1.0,0.01,18.85509490966797,36479.11128148837,36479.11128148836,1.9945545158814418e-14,1.2434497875801753e-14,NaN,33,LOCALLY_SOLVED,residual_tolerance_upper_bound
675,0.3772617590960719,ADMM,1.0,0.01,70.47772407531738,36595.71638557297,36479.11128148836,0.3196489716671884,3.0294100561434334e-12,1.0572625796114918,6,converged,gap_callback_with_solver_termination
675,0.3772617590960719,MEL-ADMM,1.0,0.01,17.103910446166992,36486.08325437278,36479.11128148836,0.0191122333837094,3.4928171466219737e-12,0.009397239532832558,18,converged,gap_residual_and_feasibility
675,0.3772617590960719,sMEL-ADMM,1.0,0.01,1.371335,36485.01084591784,36479.11128148836,0.016172445605798263,2.0000667788622195e-13,0.007247047340733559,33,converged,gap_residual_and_feasibility
676,0.583845254036155,IPOPT,1.0,1.0e-10,13.14091682434082,36479.111281572084,36479.11128148833,2.2959317032311294e-10,1.2434497875801753e-14,NaN,33,INTERRUPTED,gap_and_residual
676,0.583845254036155,MadNLP,1.0,0.01,19.55699920654297,36479.11128148834,36479.11128148833,1.9945545158814434e-14,1.687538997430238e-14,NaN,34,LOCALLY_SOLVED,residual_tolerance_upper_bound
676,0.583845254036155,ADMM,1.0,0.01,70.29843330383301,36593.29804021292,36479.11128148833,0.3130195739788544,3.632649736573512e-13,1.0827550702214204,6,converged,gap_callback_with_solver_termination
676,0.583845254036155,MEL-ADMM,1.0,0.01,15.908956527709961,36486.13336234103,36479.11128148833,0.019249594099252244,3.1796787425264483e-13,0.009413787379586758,18,converged,gap_residual_and_feasibility
676,0.583845254036155,sMEL-ADMM,1.0,0.01,1.461998,36486.7172915899,36479.11128148833,0.02085031634372076,2.0017321133991572e-13,0.009498200903838239,29,converged,gap_residual_and_feasibility
677,0.558324991230319,IPOPT,1.0,1.0e-10,13.000011444091797,36479.1112815721,36479.11128148833,2.2963306141343057e-10,1.2434497875801753e-14,NaN,33,INTERRUPTED,gap_and_residual
677,0.558324991230319,MadNLP,1.0,0.01,20.035982131958008,36479.11128148833,36479.11128148833,0.0,1.3322676295501878e-14,NaN,34,LOCALLY_SOLVED,residual_tolerance_upper_bound
677,0.558324991230319,ADMM,1.0,0.01,75.56986808776855,36588.972052456455,36479.11128148833,0.3011607660076784,3.481659405224491e-13,1.134236995570049,6,converged,gap_callback_with_solver_termination
677,0.558324991230319,MEL-ADMM,1.0,0.01,15.546560287475586,36486.17719085538,36479.11128148833,0.019369740980047085,1.5865087021893487e-12,0.009379143460653161,18,converged,gap_residual_and_feasibility
677,0.558324991230319,sMEL-ADMM,1.0,0.01,1.200871,36486.6740557268,36479.11128148833,0.020731794094735755,2.0083934515469082e-13,0.009006006286144341,29,converged,gap_residual_and_feasibility
678,0.6685527496424155,IPOPT,1.0,1.0e-10,15.284061431884766,36479.11128155854,36479.111281488345,1.9241467414708278e-10,1.0658141036401503e-14,NaN,34,INTERRUPTED,gap_and_residual
678,0.6685527496424155,MadNLP,1.0,0.01,20.611047744750977,36479.111281488345,36479.111281488345,0.0,1.1546319456101628e-14,NaN,35,LOCALLY_SOLVED,residual_tolerance_upper_bound
678,0.6685527496424155,ADMM,1.0,0.01,78.74274253845215,36561.46086502838,36479.111281488345,0.22574448950959172,3.8458125573015423e-13,1.1234500222244534,6,converged,gap_callback_with_solver_termination
678,0.6685527496424155,MEL-ADMM,1.0,0.01,13.58795166015625,36486.1715202425,36479.111281488345,0.019354196158101022,4.1033842990145786e-13,0.005744293105852449,16,converged,gap_residual_and_feasibility
678,0.6685527496424155,sMEL-ADMM,1.0,0.01,1.152331,36486.54216857361,36479.111281488345,0.02037025252046861,2.0028423364237824e-13,0.009837594935138583,30,converged,gap_residual_and_feasibility
679,0.5814654060864329,IPOPT,1.0,1.0e-10,14.217138290405273,36479.11128157206,36479.111281488345,2.294934425973188e-10,1.0658141036401503e-14,NaN,33,INTERRUPTED,gap_and_residual
679,0.5814654060864329,MadNLP,1.0,0.01,19.836902618408203,36479.11128148832,36479.111281488345,5.983663547644328e-14,9.769962616701378e-15,NaN,34,LOCALLY_SOLVED,residual_tolerance_upper_bound
679,0.5814654060864329,ADMM,1.0,0.01,72.86715507507324,36591.23830345876,36479.111281488345,0.3073732282159966,2.723821168615359e-12,1.1098155308388815,6,converged,gap_callback_with_solver_termination
679,0.5814654060864329,MEL-ADMM,1.0,0.01,15.774726867675781,36486.150660161606,36479.111281488345,0.0192970125257202,6.857847623109592e-13,0.009396251629701702,18,converged,gap_residual_and_feasibility
679,0.5814654060864329,sMEL-ADMM,1.0,0.01,1.43479,36486.71320169911,36479.111281488345,0.02083910474710852,2.0061730054976579e-13,0.009452881188041218,29,converged,gap_residual_and_feasibility
680,0.6547970584912466,IPOPT,1.0,1.0e-10,14.904975891113281,36479.11134601534,36479.11128148832,1.7688758582511999e-7,1.3322676295501878e-14,NaN,33,INTERRUPTED,gap_and_residual
680,0.6547970584912466,MadNLP,1.0,0.01,21.109819412231445,36479.11128148833,36479.11128148832,1.9945545158814437e-14,1.2434497875801753e-14,NaN,35,LOCALLY_SOLVED,residual_tolerance_upper_bound
680,0.6547970584912466,ADMM,1.0,0.01,76.32565498352051,36558.474024895106,36479.11128148832,0.2175566800254136,2.2810642263948466e-12,1.1381981252909945,6,converged,gap_callback_with_solver_termination
680,0.6547970584912466,MEL-ADMM,1.0,0.01,13.824462890625,36486.05830928042,36479.11128148832,0.019043851530518078,1.691868867226276e-12,0.007681362075368625,16,converged,gap_residual_and_feasibility
680,0.6547970584912466,sMEL-ADMM,1.0,0.01,1.249291,36486.130407719014,36479.11128148832,0.019241494609142706,2.0061730054976579e-13,0.008441329182513613,32,converged,gap_residual_and_feasibility
681,0.6016245695623791,IPOPT,1.0,1.0e-10,14.312982559204102,36479.11128157194,36479.11128148836,2.2911447723930122e-10,1.1546319456101628e-14,NaN,33,INTERRUPTED,gap_and_residual
681,0.6016245695623791,MadNLP,1.0,0.01,19.845008850097656,36479.11128148833,36479.11128148836,7.978218063525767e-14,1.2434497875801753e-14,NaN,34,LOCALLY_SOLVED,residual_tolerance_upper_bound
681,0.6016245695623791,ADMM,1.0,0.01,74.7535228729248,36599.13622498696,36479.11128148836,0.3290237598510554,9.556799795973347e-13,1.1599647386509222,6,converged,gap_callback_with_solver_termination
681,0.6016245695623791,MEL-ADMM,1.0,0.01,16.236543655395508,36486.00792581518,36479.11128148836,0.01890573559647437,2.1861401577893957e-12,0.009395385171450776,18,converged,gap_residual_and_feasibility
681,0.6016245695623791,sMEL-ADMM,1.0,0.01,1.1733740000000001,36486.74829050949,36479.11128148836,0.02093529352235909,2.007283228522283e-13,0.009834845996275376,29,converged,gap_residual_and_feasibility
682,0.26043404466370995,IPOPT,1.0,1.0e-10,14.94908332824707,36479.11128157143,36479.11128148835,2.2773823462334308e-10,1.1546319456101628e-14,NaN,34,INTERRUPTED,gap_and_residual
682,0.26043404466370995,MadNLP,1.0,0.01,21.028995513916016,36479.11128148833,36479.11128148835,5.983663547644327e-14,1.1546319456101628e-14,NaN,35,LOCALLY_SOLVED,residual_tolerance_upper_bound
682,0.26043404466370995,ADMM,1.0,0.01,78.46856117248535,36625.9000034482,36479.11128148835,0.4023911679951973,8.279765761898261e-12,1.6281505446401132,6,converged,gap_callback_with_solver_termination
682,0.26043404466370995,MEL-ADMM,1.0,0.01,13.435602188110352,36486.535553932306,36479.11128148835,0.020352119838295463,9.218181773462675e-13,0.00720989400082761,16,converged,gap_residual_and_feasibility
682,0.26043404466370995,sMEL-ADMM,1.0,0.01,1.6383750000000001,36485.148517953035,36479.11128148835,0.016549845247316758,2.003397447936095e-13,0.007341895425977185,39,converged,gap_residual_and_feasibility
683,0.6125926981991755,IPOPT,1.0,1.0e-10,13.97395133972168,36479.11128157139,36479.11128148835,2.27638506897549e-10,1.509903313490213e-14,NaN,33,INTERRUPTED,gap_and_residual
683,0.6125926981991755,MadNLP,1.0,0.01,20.032882690429688,36479.11128148832,36479.11128148835,7.978218063525768e-14,1.3322676295501878e-14,NaN,34,LOCALLY_SOLVED,residual_tolerance_upper_bound
683,0.6125926981991755,ADMM,1.0,0.01,74.02801513671875,36587.9515681583,36479.11128148835,0.2983633176534623,2.8989033395987462e-12,1.1435134880813793,6,converged,gap_callback_with_solver_termination
683,0.6125926981991755,MEL-ADMM,1.0,0.01,15.259265899658203,36485.929454759826,36479.11128148835,0.01869062329633249,1.1031175972675555e-12,0.009574344422202508,18,converged,gap_residual_and_feasibility
683,0.6125926981991755,sMEL-ADMM,1.0,0.01,1.4377909999999998,36486.09065360411,36479.11128148835,0.019132516858481028,2.007283228522283e-13,0.008473358045183232,32,converged,gap_residual_and_feasibility
684,0.5600549768933586,IPOPT,1.0,1.0e-10,14.256000518798828,36479.1112815721,36479.11128148835,2.29573224777954e-10,1.3322676295501878e-14,NaN,33,INTERRUPTED,gap_and_residual
684,0.5600549768933586,MadNLP,1.0,0.01,19.987821578979492,36479.11128148832,36479.11128148835,7.978218063525768e-14,1.2434497875801753e-14,NaN,34,LOCALLY_SOLVED,residual_tolerance_upper_bound
684,0.5600549768933586,ADMM,1.0,0.01,72.64423370361328,36588.97205150655,36479.11128148835,0.30116076340364767,1.1683987111155147e-12,1.1342369873039244,6,converged,gap_callback_with_solver_termination
684,0.5600549768933586,MEL-ADMM,1.0,0.01,15.523672103881836,36486.17719094672,36479.11128148835,0.01936974123038361,4.162448163924637e-12,0.009379143580972915,18,converged,gap_residual_and_feasibility
684,0.5600549768933586,sMEL-ADMM,1.0,0.01,1.363413,36486.67694783121,36479.11128148835,0.020739722205620665,2.0050627824730327e-13,0.009039902249382337,29,converged,gap_residual_and_feasibility
685,0.661294733332394,IPOPT,1.0,1.0e-10,12.958049774169922,36479.11134600668,36479.111281488316,1.7686385062638102e-7,1.509903313490213e-14,NaN,33,INTERRUPTED,gap_and_residual
685,0.661294733332394,MadNLP,1.0,0.01,20.415067672729492,36479.11128148837,36479.111281488316,1.396188161117011e-13,1.3322676295501878e-14,NaN,35,LOCALLY_SOLVED,residual_tolerance_upper_bound
685,0.661294733332394,ADMM,1.0,0.01,74.44930076599121,36558.14969943694,36479.111281488316,0.21666760831624135,8.961720254774264e-13,1.1289675440095381,6,converged,gap_callback_with_solver_termination
685,0.661294733332394,MEL-ADMM,1.0,0.01,13.38338851928711,36486.111239026926,36479.111281488316,0.01918894757220204,1.1181056080999952e-12,0.006683565623034404,16,converged,gap_residual_and_feasibility
685,0.661294733332394,sMEL-ADMM,1.0,0.01,1.356544,36486.138293830314,36479.111281488316,0.01926311276547926,2.0050627824730327e-13,0.008437403223327422,32,converged,gap_residual_and_feasibility
686,0.5308168984140746,IPOPT,1.0,1.0e-10,12.953042984008789,36479.111281572135,36479.11128148834,2.2971284359406578e-10,1.3322676295501878e-14,NaN,33,INTERRUPTED,gap_and_residual
686,0.5308168984140746,MadNLP,1.0,0.01,19.307851791381836,36479.11128148832,36479.11128148834,3.989109031762886e-14,1.509903313490213e-14,NaN,34,LOCALLY_SOLVED,residual_tolerance_upper_bound
686,0.5308168984140746,ADMM,1.0,0.01,71.02465629577637,36588.972047920004,36479.11128148834,0.3011607535719102,7.503997423441433e-13,1.1342369847183082,6,converged,gap_callback_with_solver_termination
686,0.5308168984140746,MEL-ADMM,1.0,0.01,15.886783599853516,36486.17719088947,36479.11128148834,0.019369741073491962,1.779465463869201e-12,0.009379143235114462,18,converged,gap_residual_and_feasibility
686,0.5308168984140746,sMEL-ADMM,1.0,0.01,1.224087,36486.62878057314,36479.11128148834,0.020607681549022597,2.0117241206207837e-13,0.00845421092902221,29,converged,gap_residual_and_feasibility
687,0.5131967333204281,IPOPT,1.0,1.0e-10,13.985157012939453,36479.11128157213,36479.11128148833,2.2971284359406583e-10,1.2434497875801753e-14,NaN,33,INTERRUPTED,gap_and_residual
687,0.5131967333204281,MadNLP,1.0,0.01,20.75505256652832,36479.11128148832,36479.11128148833,1.9945545158814434e-14,1.509903313490213e-14,NaN,34,LOCALLY_SOLVED,residual_tolerance_upper_bound
687,0.5131967333204281,ADMM,1.0,0.01,71.03991508483887,36588.97204801677,36479.11128148833,0.301160753837186,7.602807272633072e-13,1.1342369866563606,6,converged,gap_callback_with_solver_termination
687,0.5131967333204281,MEL-ADMM,1.0,0.01,15.459537506103516,36486.17719092451,36479.11128148833,0.01936974116954971,3.1743496720082476e-12,0.009379143311059046,18,converged,gap_residual_and_feasibility
687,0.5131967333204281,sMEL-ADMM,1.0,0.01,0.930293,36486.60046881755,36479.11128148833,0.020530070679167584,2.000621890374532e-13,0.008609507850856346,29,converged,gap_residual_and_feasibility
688,0.5720576731230281,IPOPT,1.0,1.0e-10,13.297080993652344,36479.111281572106,36479.111281488316,2.2969289804890712e-10,1.2434497875801753e-14,NaN,33,INTERRUPTED,gap_and_residual
688,0.5720576731230281,MadNLP,1.0,0.01,19.361019134521484,36479.11128148832,36479.111281488316,1.9945545158814443e-14,1.2434497875801753e-14,NaN,34,LOCALLY_SOLVED,residual_tolerance_upper_bound
688,0.5720576731230281,ADMM,1.0,0.01,68.70579719543457,36588.97205234689,36479.111281488316,0.3011607657073784,1.2921885783612197e-12,1.1342369917815232,6,converged,gap_callback_with_solver_termination
688,0.5720576731230281,MEL-ADMM,1.0,0.01,15.555381774902344,36486.1771907455,36479.111281488316,0.019369740678869363,8.921752225887758e-13,0.009379143693935,18,converged,gap_residual_and_feasibility
688,0.5720576731230281,sMEL-ADMM,1.0,0.01,1.20521,36486.69715851384,36479.111281488316,0.020795125645978376,2.0061730054976579e-13,0.009272745542245886,29,converged,gap_residual_and_feasibility
689,0.37520816539709,IPOPT,1.0,1.0e-10,14.840126037597656,36479.11128157198,36479.11128148836,2.2923415051025411e-10,1.0658141036401503e-14,NaN,33,INTERRUPTED,gap_and_residual
689,0.37520816539709,MadNLP,1.0,0.01,19.830942153930664,36479.111281488345,36479.11128148836,3.9891090317628836e-14,1.0658141036401503e-14,NaN,34,LOCALLY_SOLVED,residual_tolerance_upper_bound
689,0.37520816539709,ADMM,1.0,0.01,72.12543487548828,36596.46121050256,36479.11128148836,0.3216907564131071,1.5991097335188442e-12,1.0878184214459754,6,converged,gap_callback_with_solver_termination
689,0.37520816539709,MEL-ADMM,1.0,0.01,15.596151351928711,36486.07021198435,36479.11128148836,0.019076480351426596,6.742384428548576e-13,0.009391012078939553,18,converged,gap_residual_and_feasibility
689,0.37520816539709,sMEL-ADMM,1.0,0.01,1.308081,36485.002703768936,36479.11128148836,0.016150125574922472,2.0000667788622195e-13,0.00764638393016881,33,converged,gap_residual_and_feasibility
690,0.42599395219704356,IPOPT,1.0,1.0e-10,13.605117797851562,36479.111281572026,36479.11128148835,2.2937376932636585e-10,1.509903313490213e-14,NaN,33,INTERRUPTED,gap_and_residual
690,0.42599395219704356,MadNLP,1.0,0.01,20.797014236450195,36479.11128148834,36479.11128148835,3.989109031762884e-14,1.5987211554602254e-14,NaN,34,LOCALLY_SOLVED,residual_tolerance_upper_bound
690,0.42599395219704356,ADMM,1.0,0.01,71.13003730773926,36588.97205546322,36479.11128148835,0.3011607742500551,4.014566457044566e-13,1.1342369929181677,6,converged,gap_callback_with_solver_termination
690,0.42599395219704356,MEL-ADMM,1.0,0.01,15.737056732177734,36486.177190881535,36479.11128148835,0.019369741051691473,1.6023848914414884e-12,0.009379143257285172,18,converged,gap_residual_and_feasibility
690,0.42599395219704356,sMEL-ADMM,1.0,0.01,1.5423749999999998,36485.89067216269,36479.11128148835,0.018584308762421373,2.0039525594484076e-13,0.007896483772181995,36,converged,gap_residual_and_feasibility
691,0.36764192159215925,IPOPT,1.0,1.0e-10,13.835906982421875,36479.11128157186,36479.11128148834,2.2895491287803086e-10,1.2434497875801753e-14,NaN,33,INTERRUPTED,gap_and_residual
691,0.36764192159215925,MadNLP,1.0,0.01,20.396947860717773,36479.111281488345,36479.11128148834,1.994554515881443e-14,1.1546319456101628e-14,NaN,34,LOCALLY_SOLVED,residual_tolerance_upper_bound
691,0.36764192159215925,ADMM,1.0,0.01,73.10748100280762,36598.6751439646,36479.11128148834,0.32775980081767736,1.395605853105053e-12,1.170258589957058,6,converged,gap_callback_with_solver_termination
691,0.36764192159215925,MEL-ADMM,1.0,0.01,15.269279479980469,36486.01889251932,36479.11128148834,0.018935798566147417,3.552713678800501e-13,0.009365870793105913,18,converged,gap_residual_and_feasibility
691,0.36764192159215925,sMEL-ADMM,1.0,0.01,1.427249,36484.986117227665,36479.11128148834,0.016104656974766252,1.9989565558375944e-13,0.008772822004676328,33,converged,gap_residual_and_feasibility
692,0.4119859305390835,IPOPT,1.0,1.0e-10,13.306140899658203,36479.111281572004,36479.111281488345,2.2933387823604827e-10,1.509903313490213e-14,NaN,33,INTERRUPTED,gap_and_residual
692,0.4119859305390835,MadNLP,1.0,0.01,20.159006118774414,36479.111281488375,36479.111281488345,7.978218063525771e-14,1.4210854715202004e-14,NaN,34,LOCALLY_SOLVED,residual_tolerance_upper_bound
692,0.4119859305390835,ADMM,1.0,0.01,71.15912437438965,36588.972056402636,36479.111281488345,0.3011607768252843,3.339550858072471e-13,1.1342369969200279,6,converged,gap_callback_with_solver_termination
692,0.4119859305390835,MEL-ADMM,1.0,0.01,15.455961227416992,36486.17719093735,36479.111281488345,0.0193697412047137,3.877453913503359e-12,0.00937914356107683,18,converged,gap_residual_and_feasibility
692,0.4119859305390835,sMEL-ADMM,1.0,0.01,1.596204,36485.63272945833,36479.111281488345,0.017877211754595435,1.9989565558375944e-13,0.007950263668533353,35,converged,gap_residual_and_feasibility
693,0.6098191962276676,IPOPT,1.0,1.0e-10,14.561176300048828,36479.11128157182,36479.11128148834,2.2885518515223678e-10,1.509903313490213e-14,NaN,33,INTERRUPTED,gap_and_residual
693,0.6098191962276676,MadNLP,1.0,0.01,22.22609519958496,36479.11128148834,36479.11128148834,0.0,1.0658141036401503e-14,NaN,34,LOCALLY_SOLVED,residual_tolerance_upper_bound
693,0.6098191962276676,ADMM,1.0,0.01,80.56521415710449,36590.40662337786,36479.11128148834,0.3050933478908444,2.2306601010768645e-12,1.1384428157170738,6,converged,gap_callback_with_solver_termination
693,0.6098191962276676,MEL-ADMM,1.0,0.01,16.280412673950195,36485.94630567215,36479.11128148834,0.018736816615598277,4.950484466803573e-13,0.009565141553989243,18,converged,gap_residual_and_feasibility
693,0.6098191962276676,sMEL-ADMM,1.0,0.01,1.242955,36486.76287550442,36479.11128148834,0.0209752752939609,1.999511667349907e-13,0.009989767958792584,29,converged,gap_residual_and_feasibility
694,0.7318810303359118,IPOPT,1.0,1.0e-10,15.171051025390625,36479.11128157173,36479.111281488345,2.2857594752001332e-10,1.5987211554602254e-14,NaN,34,INTERRUPTED,gap_and_residual
694,0.7318810303359118,MadNLP,1.0,0.01,20.704030990600586,36479.11128148833,36479.111281488345,3.9891090317628855e-14,1.3322676295501878e-14,NaN,35,LOCALLY_SOLVED,residual_tolerance_upper_bound
694,0.7318810303359118,ADMM,1.0,0.01,81.1913013458252,36800.57793448703,36479.111281488345,0.8812348812944282,4.626521388217952e-12,2.275695794425002,6,converged,gap_callback_with_solver_termination
694,0.7318810303359118,MEL-ADMM,1.0,0.01,15.980720520019531,36485.888946496634,36479.111281488345,0.018579578202959503,3.304023721284466e-13,0.0051099166376378236,19,converged,gap_residual_and_feasibility
694,0.7318810303359118,sMEL-ADMM,1.0,0.01,1.0520010000000002,36486.69188309354,36479.111281488345,0.02078066416338561,2.007283228522283e-13,0.008395813310258404,30,converged,gap_residual_and_feasibility
695,0.3332612025519381,IPOPT,1.0,1.0e-10,13.414859771728516,36479.11128155788,36479.11128148835,1.9059962953763062e-10,1.687538997430238e-14,NaN,34,INTERRUPTED,gap_and_residual
695,0.3332612025519381,MadNLP,1.0,0.01,20.56598663330078,36479.11128148833,36479.11128148835,5.983663547644327e-14,1.0658141036401503e-14,NaN,35,LOCALLY_SOLVED,residual_tolerance_upper_bound
695,0.3332612025519381,ADMM,1.0,0.01,73.81534576416016,36566.30923208431,36479.11128148835,0.2390352931657359,5.614952947041729e-13,1.152011453180112,6,converged,gap_callback_with_solver_termination
695,0.3332612025519381,MEL-ADMM,1.0,0.01,16.618013381958008,36486.456361920944,36479.11128148835,0.020135031185144384,1.752376022068347e-12,0.00098012499053457,19,converged,gap_residual_and_feasibility
695,0.3332612025519381,sMEL-ADMM,1.0,0.01,1.485458,36485.155911598864,36479.11128148835,0.01657011341057151,2.0028423364237824e-13,0.007051267067996747,35,converged,gap_residual_and_feasibility
696,0.31053227710721365,IPOPT,1.0,1.0e-10,13.17596435546875,36479.11128157173,36479.111281488345,2.2857594752001332e-10,1.5987211554602254e-14,NaN,34,INTERRUPTED,gap_and_residual
696,0.31053227710721365,MadNLP,1.0,0.01,20.19786834716797,36479.11128148833,36479.111281488345,3.9891090317628855e-14,1.2434497875801753e-14,NaN,35,LOCALLY_SOLVED,residual_tolerance_upper_bound
696,0.31053227710721365,ADMM,1.0,0.01,74.80812072753906,36550.93275509552,36479.111281488345,0.19688383593824407,1.5628054406136016e-12,1.1133113798446654,6,converged,gap_callback_with_solver_termination
696,0.31053227710721365,MEL-ADMM,1.0,0.01,13.501644134521484,36486.14565994428,36479.111281488345,0.019283305455708614,7.52065076881081e-13,0.006675272981252256,16,converged,gap_residual_and_feasibility
696,0.31053227710721365,sMEL-ADMM,1.0,0.01,1.5636700000000001,36484.79180334032,36479.111281488345,0.015571985315485627,1.992850329202156e-13,0.009784552453522721,38,converged,gap_residual_and_feasibility
697,0.7057247856453359,IPOPT,1.0,1.0e-10,13.51785659790039,36479.111281571895,36479.11128148834,2.290546406038249e-10,1.1546319456101628e-14,NaN,34,INTERRUPTED,gap_and_residual
697,0.7057247856453359,MadNLP,1.0,0.01,19.668102264404297,36479.11128148837,36479.11128148834,7.978218063525772e-14,1.3322676295501878e-14,NaN,35,LOCALLY_SOLVED,residual_tolerance_upper_bound
697,0.7057247856453359,ADMM,1.0,0.01,74.39160346984863,36643.824649493356,36479.11128148834,0.4515279079416683,9.356182495423582e-12,1.66944265686837,6,converged,gap_callback_with_solver_termination
697,0.7057247856453359,MEL-ADMM,1.0,0.01,13.322591781616211,36486.49221574579,36479.11128148834,0.02023331709070093,3.33288951992472e-13,0.007080838106677589,16,converged,gap_residual_and_feasibility
697,0.7057247856453359,sMEL-ADMM,1.0,0.01,1.378128,36486.62706861567,36479.11128148834,0.02060298856882274,2.0061730054976579e-13,0.008964216690449334,30,converged,gap_residual_and_feasibility
698,0.611876713552174,IPOPT,1.0,1.0e-10,13.206958770751953,36479.11128157147,36479.11128148833,2.2791774452977254e-10,1.2434497875801753e-14,NaN,33,INTERRUPTED,gap_and_residual
698,0.611876713552174,MadNLP,1.0,0.01,19.276857376098633,36479.111281488375,36479.11128148833,1.196732709528866e-13,1.4210854715202004e-14,NaN,34,LOCALLY_SOLVED,residual_tolerance_upper_bound
698,0.611876713552174,ADMM,1.0,0.01,72.87788391113281,36588.50903143208,36479.11128148833,0.2998914888566952,2.1931345628445342e-12,1.1415885941128465,6,converged,gap_callback_with_solver_termination
698,0.611876713552174,MEL-ADMM,1.0,0.01,15.363931655883789,36485.93367773667,36479.11128148833,0.01870219972107985,4.125255692599694e-12,0.009572594621360508,18,converged,gap_residual_and_feasibility
698,0.611876713552174,sMEL-ADMM,1.0,0.01,1.254249,36486.09004984268,36479.11128148833,0.019130861770442056,2.0017321133991572e-13,0.00847381373454148,32,converged,gap_residual_and_feasibility
699,0.7271301455282153,IPOPT,1.0,1.0e-10,14.815092086791992,36479.111281571735,36479.11128148835,2.285759475200133e-10,1.3322676295501878e-14,NaN,34,INTERRUPTED,gap_and_residual
699,0.7271301455282153,MadNLP,1.0,0.01,20.31707763671875,36479.11128148834,36479.11128148835,3.989109031762884e-14,1.4210854715202004e-14,NaN,35,LOCALLY_SOLVED,residual_tolerance_upper_bound
699,0.7271301455282153,ADMM,1.0,0.01,81.63809776306152,36763.84907225794,36479.11128148835,0.7805502403071899,1.1982637104779315e-11,2.163645004833369,6,converged,gap_callback_with_solver_termination
699,0.7271301455282153,MEL-ADMM,1.0,0.01,16.23821258544922,36485.911792701576,36479.11128148835,0.018642206386958217,2.825406575368561e-12,0.004922277388174301,19,converged,gap_residual_and_feasibility
699,0.7271301455282153,sMEL-ADMM,1.0,0.01,1.142293,36486.6799957221,36479.11128148835,0.020748077373225742,2.0050627824730327e-13,0.008495275373356037,30,converged,gap_residual_and_feasibility
700,0.5520380093081121,IPOPT,1.0,1.0e-10,13.097047805786133,36479.11128157211,36479.11128148832,2.2969289804890707e-10,1.0658141036401503e-14,NaN,33,INTERRUPTED,gap_and_residual
700,0.5520380093081121,MadNLP,1.0,0.01,19.697904586791992,36479.11128148835,36479.11128148832,7.978218063525775e-14,1.3322676295501878e-14,NaN,34,LOCALLY_SOLVED,residual_tolerance_upper_bound
700,0.5520380093081121,ADMM,1.0,0.01,70.74499130249023,36588.97205163681,36479.11128148832,0.3011607637608128,4.3354209111612363e-13,1.1342369925476925,6,converged,gap_callback_with_solver_termination
700,0.5520380093081121,MEL-ADMM,1.0,0.01,15.296220779418945,36486.17719097215,36479.11128148832,0.01936974130017309,4.430678046674075e-12,0.009379143414821378,18,converged,gap_residual_and_feasibility
700,0.5520380093081121,sMEL-ADMM,1.0,0.01,1.146502,36486.66358458885,36479.11128148832,0.020703089618197883,2.0061730054976579e-13,0.008882051233234378,29,converged,gap_residual_and_feasibility
701,0.7469039595545515,IPOPT,1.0,1.0e-10,14.64390754699707,36479.111281568505,36479.11128148832,2.197999076501351e-10,1.2434497875801753e-14,NaN,34,INTERRUPTED,gap_and_residual
701,0.7469039595545515,MadNLP,1.0,0.01,19.95396614074707,36479.11128148836,36479.11128148832,9.972772579407219e-14,1.4210854715202004e-14,NaN,35,LOCALLY_SOLVED,residual_tolerance_upper_bound
701,0.7469039595545515,ADMM,1.0,0.01,87.92638778686523,36530.186023007656,36479.11128148832,0.14001092604811102,1.3044010316320964e-12,0.8299167565569912,7,converged,gap_callback_with_solver_termination
701,0.7469039595545515,MEL-ADMM,1.0,0.01,14.221668243408203,36485.74335494788,36479.11128148832,0.018180468839773905,2.499445095338615e-12,0.008468784281085107,17,converged,gap_residual_and_feasibility
701,0.7469039595545515,sMEL-ADMM,1.0,0.01,1.080293,36486.72941658971,36479.11128148832,0.020883554543318462,2.0095036745715333e-13,0.008097424557620414,30,converged,gap_residual_and_feasibility
702,0.5079521151705014,IPOPT,1.0,1.0e-10,13.625144958496094,36479.11128157212,36479.11128148833,2.2969289804890702e-10,1.3322676295501878e-14,NaN,33,INTERRUPTED,gap_and_residual
702,0.5079521151705014,MadNLP,1.0,0.01,19.643068313598633,36479.111281488345,36479.11128148833,3.989109031762887e-14,1.2434497875801753e-14,NaN,34,LOCALLY_SOLVED,residual_tolerance_upper_bound
702,0.5079521151705014,ADMM,1.0,0.01,69.63992118835449,36588.972047817406,36479.11128148833,0.30116075329067804,7.797096301942474e-13,1.1342369864898227,6,converged,gap_callback_with_solver_termination
702,0.5079521151705014,MEL-ADMM,1.0,0.01,15.737771987915039,36486.177190790986,36479.11128148833,0.01936974080352901,8.936185125207885e-13,0.009379143045335603,18,converged,gap_residual_and_feasibility
702,0.5079521151705014,sMEL-ADMM,1.0,0.01,1.34708,36486.59208196997,36479.11128148833,0.02050707985704969,2.000621890374532e-13,0.008677007983182605,29,converged,gap_residual_and_feasibility
703,0.7262709707646927,IPOPT,1.0,1.0e-10,15.009880065917969,36479.11128157174,36479.111281488345,2.2861583861033095e-10,1.3322676295501878e-14,NaN,34,INTERRUPTED,gap_and_residual
703,0.7262709707646927,MadNLP,1.0,0.01,27.711868286132812,36479.11128148832,36479.111281488345,5.983663547644328e-14,1.4210854715202004e-14,NaN,35,LOCALLY_SOLVED,residual_tolerance_upper_bound
703,0.7262709707646927,ADMM,1.0,0.01,78.63330841064453,36757.67317754563,36479.111281488345,0.7636202919193419,1.003974681168529e-12,2.1433415897580987,6,converged,gap_callback_with_solver_termination
703,0.7262709707646927,MEL-ADMM,1.0,0.01,16.234636306762695,36485.91606858783,36479.111281488345,0.018653927851960204,2.4700241851860483e-12,0.004887401961640059,19,converged,gap_residual_and_feasibility
703,0.7262709707646927,sMEL-ADMM,1.0,0.01,1.397749,36486.67784940226,36479.111281488345,0.020742193677707823,2.0039525594484076e-13,0.008513473715446196,30,converged,gap_residual_and_feasibility
704,0.46076345798588164,IPOPT,1.0,1.0e-10,12.962818145751953,36479.111281572084,36479.11128148832,2.296131158682718e-10,1.509903313490213e-14,NaN,33,INTERRUPTED,gap_and_residual
704,0.46076345798588164,MadNLP,1.0,0.01,19.659996032714844,36479.11128148833,36479.11128148832,1.9945545158814437e-14,1.2434497875801753e-14,NaN,34,LOCALLY_SOLVED,residual_tolerance_upper_bound
704,0.46076345798588164,ADMM,1.0,0.01,69.36502456665039,36588.97204837393,36479.11128148832,0.3011607548162929,2.048583525038339e-12,1.1342369871078635,6,converged,gap_callback_with_solver_termination
704,0.46076345798588164,MEL-ADMM,1.0,0.01,15.257596969604492,36486.177190804425,36479.11128148832,0.019369740840388384,9.26869692108312e-13,0.009379142971694066,18,converged,gap_residual_and_feasibility
704,0.46076345798588164,sMEL-ADMM,1.0,0.01,0.9945839999999999,36485.85218899978,36479.11128148832,0.01847881506607955,2.0028423364237824e-13,0.00779684486429133,33,converged,gap_residual_and_feasibility
705,0.5328910042744051,IPOPT,1.0,1.0e-10,13.568878173828125,36479.11128157213,36479.11128148834,2.2969289804890697e-10,1.7763568394002505e-14,NaN,33,INTERRUPTED,gap_and_residual
705,0.5328910042744051,MadNLP,1.0,0.01,19.442081451416016,36479.111281488345,36479.11128148834,1.994554515881443e-14,1.3322676295501878e-14,NaN,34,LOCALLY_SOLVED,residual_tolerance_upper_bound
705,0.5328910042744051,ADMM,1.0,0.01,74.83744621276855,36588.972048235795,36479.11128148834,0.3011607544375867,1.1324274851176597e-12,1.134236987615127,6,converged,gap_callback_with_solver_termination
705,0.5328910042744051,MEL-ADMM,1.0,0.01,16.711711883544922,36486.17719102447,36479.11128148834,0.019369741443561607,5.118128143521972e-12,0.00937914312793442,18,converged,gap_residual_and_feasibility
705,0.5328910042744051,sMEL-ADMM,1.0,0.01,1.708709,36486.63212743031,36479.11128148834,0.020616856271359327,2.0050627824730327e-13,0.008496368685715794,29,converged,gap_residual_and_feasibility
706,0.30699961269995835,IPOPT,1.0,1.0e-10,14.938116073608398,36479.11128157169,36479.11128148837,2.2841638315874266e-10,1.1546319456101628e-14,NaN,34,INTERRUPTED,gap_and_residual
706,0.30699961269995835,MadNLP,1.0,0.01,21.9728946685791,36479.11128148837,36479.11128148837,0.0,1.4210854715202004e-14,NaN,35,LOCALLY_SOLVED,residual_tolerance_upper_bound
706,0.30699961269995835,ADMM,1.0,0.01,79.19812202453613,36551.16900923075,36479.11128148837,0.19753147818309444,3.719413665947968e-12,1.1134467761560032,6,converged,gap_callback_with_solver_termination
706,0.30699961269995835,MEL-ADMM,1.0,0.01,13.356447219848633,36486.169638203224,36479.11128148837,0.019349036933470332,7.873146579129298e-13,0.006284269899739847,16,converged,gap_residual_and_feasibility
706,0.30699961269995835,sMEL-ADMM,1.0,0.01,1.718334,36484.926680712895,36479.11128148837,0.015941723962664106,1.9989565558375944e-13,0.005295428634633836,39,converged,gap_residual_and_feasibility
707,0.5158596687146526,IPOPT,1.0,1.0e-10,13.55600357055664,36479.11128157216,36479.11128148834,2.2977268022954223e-10,1.1546319456101628e-14,NaN,33,INTERRUPTED,gap_and_residual
707,0.5158596687146526,MadNLP,1.0,0.01,19.860029220581055,36479.11128148832,36479.11128148834,3.989109031762886e-14,1.509903313490213e-14,NaN,34,LOCALLY_SOLVED,residual_tolerance_upper_bound
707,0.5158596687146526,ADMM,1.0,0.01,69.82779502868652,36588.97204820043,36479.11128148834,0.30116075434063144,3.703704010149522e-13,1.134236989582634,6,converged,gap_callback_with_solver_termination
707,0.5158596687146526,MEL-ADMM,1.0,0.01,15.272140502929688,36486.17719093558,36479.11128148834,0.01936974119988688,2.5682789228653746e-12,0.009379142996448486,18,converged,gap_residual_and_feasibility
707,0.5158596687146526,sMEL-ADMM,1.0,0.01,1.169209,36486.60473303066,36479.11128148834,0.020541760144594023,2.0050627824730327e-13,0.008573708328023955,29,converged,gap_residual_and_feasibility
708,0.29561187383369986,IPOPT,1.0,1.0e-10,14.519929885864258,36479.111281571626,36479.111281488345,2.2829670988778993e-10,1.2434497875801753e-14,NaN,34,INTERRUPTED,gap_and_residual
708,0.29561187383369986,MadNLP,1.0,0.01,19.672870635986328,36479.11128148835,36479.111281488345,1.9945545158814427e-14,1.5987211554602254e-14,NaN,35,LOCALLY_SOLVED,residual_tolerance_upper_bound
708,0.29561187383369986,ADMM,1.0,0.01,75.3030776977539,36556.148972584255,36479.111281488345,0.2111830260925322,1.7605916724505732e-12,1.1142721981752173,6,converged,gap_callback_with_solver_termination
708,0.29561187383369986,MEL-ADMM,1.0,0.01,13.237476348876953,36486.24854422508,36479.111281488345,0.019565341605128583,7.164269177906135e-13,0.005027762231334165,16,converged,gap_residual_and_feasibility
708,0.29561187383369986,sMEL-ADMM,1.0,0.01,1.533164,36484.87061147269,36479.111281488345,0.01578802164313015,1.9984014443252818e-13,0.006490348230622445,39,converged,gap_residual_and_feasibility
709,0.5778141897579268,IPOPT,1.0,1.0e-10,12.894868850708008,36479.11128157205,36479.11128148833,2.294934425973189e-10,1.4210854715202004e-14,NaN,33,INTERRUPTED,gap_and_residual
709,0.5778141897579268,MadNLP,1.0,0.01,19.276857376098633,36479.11128148832,36479.11128148833,1.9945545158814434e-14,1.509903313490213e-14,NaN,34,LOCALLY_SOLVED,residual_tolerance_upper_bound
709,0.5778141897579268,ADMM,1.0,0.01,69.90718841552734,36588.98334259138,36479.11128148833,0.3011917155964456,5.532241331707155e-13,1.1339609614389428,6,converged,gap_callback_with_solver_termination
709,0.5778141897579268,MEL-ADMM,1.0,0.01,15.592336654663086,36486.17719081897,36479.11128148833,0.01936974088023958,1.6133760993852775e-12,0.009379143848701865,18,converged,gap_residual_and_feasibility
709,0.5778141897579268,sMEL-ADMM,1.0,0.01,1.160914,36486.70695221325,36479.11128148833,0.020821973063732867,2.0061730054976579e-13,0.009383171519100841,29,converged,gap_residual_and_feasibility
710,0.39062836751629954,IPOPT,1.0,1.0e-10,13.252973556518555,36479.111281571895,36479.11128148837,2.2897485842318946e-10,1.0658141036401503e-14,NaN,33,INTERRUPTED,gap_and_residual
710,0.39062836751629954,MadNLP,1.0,0.01,19.57392692565918,36479.11128148834,36479.11128148837,7.978218063525766e-14,1.2434497875801753e-14,NaN,34,LOCALLY_SOLVED,residual_tolerance_upper_bound
710,0.39062836751629954,ADMM,1.0,0.01,71.07973098754883,36589.26685780967,36479.11128148837,0.30196891440500373,5.489497745259087e-13,1.1275509887486992,6,converged,gap_callback_with_solver_termination
710,0.39062836751629954,MEL-ADMM,1.0,0.01,15.554428100585938,36486.1716971635,36479.11128148837,0.01935468115068608,6.34714503178202e-13,0.009388898775026355,18,converged,gap_residual_and_feasibility
710,0.39062836751629954,sMEL-ADMM,1.0,0.01,1.323248,36485.28194773326,36479.11128148837,0.01691561561704959,1.9989565558375944e-13,0.004975752988178428,34,converged,gap_residual_and_feasibility
711,0.49287291203535527,IPOPT,1.0,1.0e-10,13.977766036987305,36479.11128157214,36479.11128148834,2.297327891392246e-10,1.0658141036401503e-14,NaN,33,INTERRUPTED,gap_and_residual
711,0.49287291203535527,MadNLP,1.0,0.01,19.733905792236328,36479.11128148834,36479.11128148834,0.0,1.5987211554602254e-14,NaN,34,LOCALLY_SOLVED,residual_tolerance_upper_bound
711,0.49287291203535527,ADMM,1.0,0.01,71.81787490844727,36588.97204816931,36479.11128148834,0.30116075425532435,9.000022949123831e-13,1.1342369890112627,6,converged,gap_callback_with_solver_termination
711,0.49287291203535527,MEL-ADMM,1.0,0.01,15.404462814331055,36486.177190847324,36479.11128148834,0.01936974095794742,4.1033842990145786e-13,0.009379142949407893,18,converged,gap_residual_and_feasibility
711,0.49287291203535527,sMEL-ADMM,1.0,0.01,1.1900389999999998,36486.56854813076,36479.11128148834,0.02044256666473472,2.010058786083846e-13,0.00889057156567219,29,converged,gap_residual_and_feasibility
712,0.39497959812260897,IPOPT,1.0,1.0e-10,12.81595230102539,36479.11128157193,36479.11128148837,2.2907458614898354e-10,1.3322676295501878e-14,NaN,33,INTERRUPTED,gap_and_residual
712,0.39497959812260897,MadNLP,1.0,0.01,19.381046295166016,36479.111281488345,36479.11128148837,5.983663547644324e-14,1.2434497875801753e-14,NaN,34,LOCALLY_SOLVED,residual_tolerance_upper_bound
712,0.39497959812260897,ADMM,1.0,0.01,70.4183578491211,36588.97205868208,36479.11128148837,0.3011607830738445,2.7622348852673895e-13,1.1342370034157314,6,converged,gap_callback_with_solver_termination
712,0.39497959812260897,MEL-ADMM,1.0,0.01,15.076160430908203,36486.17719094598,36479.11128148837,0.019369741228309267,4.950095888744954e-12,0.009379144053831112,18,converged,gap_residual_and_feasibility
712,0.39497959812260897,sMEL-ADMM,1.0,0.01,1.2652480000000002,36485.31565198411,36479.11128148837,0.017008008906423188,2.003397447936095e-13,0.00684820900565164,34,converged,gap_residual_and_feasibility
713,0.7410791989217509,IPOPT,1.0,1.0e-10,13.226985931396484,36479.11128157201,36479.11128148836,2.2931393269088937e-10,1.5987211554602254e-14,NaN,34,INTERRUPTED,gap_and_residual
713,0.7410791989217509,MadNLP,1.0,0.01,19.561052322387695,36479.111281488316,36479.11128148836,1.196732709528865e-13,1.687538997430238e-14,NaN,35,LOCALLY_SOLVED,residual_tolerance_upper_bound
713,0.7410791989217509,ADMM,1.0,0.01,89.13469314575195,36536.815595985216,36479.11128148836,0.1581845403293534,2.474909166494399e-12,0.845914551517235,7,converged,gap_callback_with_solver_termination
713,0.7410791989217509,MEL-ADMM,1.0,0.01,17.38595962524414,36485.69308360309,36479.11128148836,0.018042660260936507,4.689582056016661e-13,0.009200478090000352,17,converged,gap_residual_and_feasibility
713,0.7410791989217509,sMEL-ADMM,1.0,0.01,1.340084,36486.714796625165,36479.11128148836,0.0208434769096569,2.0039525594484076e-13,0.008211901905950114,30,converged,gap_residual_and_feasibility
714,0.6801187372722435,IPOPT,1.0,1.0e-10,13.731002807617188,36479.11134600943,36479.11128148835,1.7687129031472509e-7,1.2434497875801753e-14,NaN,33,INTERRUPTED,gap_and_residual
714,0.6801187372722435,MadNLP,1.0,0.01,20.823001861572266,36479.111281488345,36479.11128148835,1.994554515881442e-14,1.3322676295501878e-14,NaN,35,LOCALLY_SOLVED,residual_tolerance_upper_bound
714,0.6801187372722435,ADMM,1.0,0.01,77.4698257446289,36574.54486922746,36479.11128148835,0.2616116028778762,3.7836400679225335e-13,1.1221852818847253,6,converged,gap_callback_with_solver_termination
714,0.6801187372722435,MEL-ADMM,1.0,0.01,13.39268684387207,36486.26145823072,36479.11128148835,0.019600742702296056,1.855737785660949e-12,0.004400764233229992,16,converged,gap_residual_and_feasibility
714,0.6801187372722435,sMEL-ADMM,1.0,0.01,1.1729559999999999,36486.56777434721,36479.11128148835,0.020440445495838327,1.999511667349907e-13,0.009559547323727102,30,converged,gap_residual_and_feasibility
715,0.2968981564878838,IPOPT,1.0,1.0e-10,13.554811477661133,36479.111281571626,36479.111281488345,2.2829670988778993e-10,1.509903313490213e-14,NaN,34,INTERRUPTED,gap_and_residual
715,0.2968981564878838,MadNLP,1.0,0.01,20.393848419189453,36479.11128148834,36479.111281488345,1.9945545158814427e-14,1.0658141036401503e-14,NaN,35,LOCALLY_SOLVED,residual_tolerance_upper_bound
715,0.2968981564878838,ADMM,1.0,0.01,77.35252380371094,36555.240192170844,36479.111281488345,0.20869179102269175,1.6950330028464577e-12,1.1143659194016697,6,converged,gap_callback_with_solver_termination
715,0.2968981564878838,MEL-ADMM,1.0,0.01,13.379573822021484,36486.23923017545,36479.111281488345,0.01953980904881144,2.8304580901306053e-12,0.00516633537950284,16,converged,gap_residual_and_feasibility
715,0.2968981564878838,sMEL-ADMM,1.0,0.01,1.552331,36484.87342178897,36479.111281488345,0.01579572554869497,1.995625886763719e-13,0.006395500480614658,39,converged,gap_residual_and_feasibility
716,0.34381814309446546,IPOPT,1.0,1.0e-10,14.119148254394531,36479.11128155798,36479.111281488345,1.9089881271501287e-10,1.509903313490213e-14,NaN,34,INTERRUPTED,gap_and_residual
716,0.34381814309446546,MadNLP,1.0,0.01,19.556045532226562,36479.11128148834,36479.111281488345,1.9945545158814427e-14,1.687538997430238e-14,NaN,35,LOCALLY_SOLVED,residual_tolerance_upper_bound
716,0.34381814309446546,ADMM,1.0,0.01,77.17680931091309,36575.15477093989,36479.111281488345,0.26328352330304744,1.2476131239225197e-12,1.1687186606952196,6,converged,gap_callback_with_solver_termination
716,0.34381814309446546,MEL-ADMM,1.0,0.01,15.218734741210938,36485.86402597153,36479.111281488345,0.01851126369576177,1.857625164802812e-12,0.009782801903861937,18,converged,gap_residual_and_feasibility
716,0.34381814309446546,sMEL-ADMM,1.0,0.01,1.337539,36485.2540276442,36479.111281488345,0.01683907842067741,1.9972912213006566e-13,0.007444880723658898,35,converged,gap_residual_and_feasibility
717,0.5005465263676113,IPOPT,1.0,1.0e-10,12.992143630981445,36479.111281572135,36479.111281488345,2.2969289804890694e-10,1.509903313490213e-14,NaN,33,INTERRUPTED,gap_and_residual
717,0.5005465263676113,MadNLP,1.0,0.01,18.813133239746094,36479.111281488375,36479.111281488345,7.978218063525771e-14,1.0658141036401503e-14,NaN,34,LOCALLY_SOLVED,residual_tolerance_upper_bound
717,0.5005465263676113,ADMM,1.0,0.01,71.11740112304688,36588.97204889008,36479.111281488345,0.3011607562311499,3.979039320256561e-13,1.1342369916208623,6,converged,gap_callback_with_solver_termination
717,0.5005465263676113,MEL-ADMM,1.0,0.01,15.836954116821289,36486.1771908707,36479.111281488345,0.019369741022012506,6.925571227611726e-13,0.009379142883689795,18,converged,gap_residual_and_feasibility
717,0.5005465263676113,sMEL-ADMM,1.0,0.01,1.0457489999999998,36486.58039362869,36479.111281488345,0.020475038667225078,2.0039525594484076e-13,0.008780391605432314,29,converged,gap_residual_and_feasibility
718,0.34579436548634196,IPOPT,1.0,1.0e-10,13.70096206665039,36479.11128155814,36479.11128148835,1.9129772361818913e-10,1.0658141036401503e-14,NaN,34,INTERRUPTED,gap_and_residual
718,0.34579436548634196,MadNLP,1.0,0.01,20.14613151550293,36479.11128148834,36479.11128148835,3.989109031762884e-14,1.7763568394002505e-14,NaN,35,LOCALLY_SOLVED,residual_tolerance_upper_bound
718,0.34579436548634196,ADMM,1.0,0.01,70.72234153747559,36576.87671701657,36479.11128148835,0.2680038852202679,3.8191672047105385e-13,1.17278248718136,6,converged,gap_callback_with_solver_termination
718,0.34579436548634196,MEL-ADMM,1.0,0.01,14.750242233276367,36485.877410382935,36479.11128148835,0.018547954313830713,1.6510126599200703e-12,0.009720677206415118,18,converged,gap_residual_and_feasibility
718,0.34579436548634196,sMEL-ADMM,1.0,0.01,1.676163,36485.266681579276,36479.11128148835,0.01687376658774925,2.0078383400345956e-13,0.007996535174020991,35,converged,gap_residual_and_feasibility
719,0.47244162692038655,IPOPT,1.0,1.0e-10,13.45515251159668,36479.11128157213,36479.11128148833,2.2971284359406583e-10,1.2434497875801753e-14,NaN,33,INTERRUPTED,gap_and_residual
719,0.47244162692038655,MadNLP,1.0,0.01,19.428014755249023,36479.11128148832,36479.11128148833,1.9945545158814434e-14,1.3322676295501878e-14,NaN,34,LOCALLY_SOLVED,residual_tolerance_upper_bound
719,0.47244162692038655,ADMM,1.0,0.01,71.50912284851074,36588.97205029293,36479.11128148833,0.3011607600768107,6.389333506717776e-13,1.1342369930531673,6,converged,gap_callback_with_solver_termination
719,0.47244162692038655,MEL-ADMM,1.0,0.01,15.213489532470703,36486.17719087196,36479.11128148833,0.019369741025502984,2.205791105325261e-12,0.009379143525352518,18,converged,gap_residual_and_feasibility
719,0.47244162692038655,sMEL-ADMM,1.0,0.01,1.272375,36486.509535909514,36479.11128148833,0.020280796766387773,2.003397447936095e-13,0.009861157389661201,29,converged,gap_residual_and_feasibility
720,0.6303304590353573,IPOPT,1.0,1.0e-10,15.117168426513672,36479.111281568345,36479.11128148832,2.193611056566412e-10,1.2434497875801753e-14,NaN,33,INTERRUPTED,gap_and_residual
720,0.6303304590353573,MadNLP,1.0,0.01,20.586013793945312,36479.11128148834,36479.11128148832,3.9891090317628874e-14,1.7763568394002505e-14,NaN,35,LOCALLY_SOLVED,residual_tolerance_upper_bound
720,0.6303304590353573,ADMM,1.0,0.01,72.73197174072266,36574.414935882036,36479.11128148832,0.2612554172669089,1.2879697308676441e-12,1.170588147336538,6,converged,gap_callback_with_solver_termination
720,0.6303304590353573,MEL-ADMM,1.0,0.01,15.274524688720703,36485.832623623755,36479.11128148832,0.018425180601487345,9.140466161738914e-13,0.009752413917240688,18,converged,gap_residual_and_feasibility
720,0.6303304590353573,sMEL-ADMM,1.0,0.01,1.257415,36486.105839995056,36479.11128148832,0.019174147233904874,2.0083934515469082e-13,0.008460769369376564,32,converged,gap_residual_and_feasibility
721,0.6460471202038807,IPOPT,1.0,1.0e-10,13.948917388916016,36479.11128157569,36479.111281488345,2.394462696315672e-10,1.4210854715202004e-14,NaN,34,INTERRUPTED,gap_and_residual
721,0.6460471202038807,MadNLP,1.0,0.01,21.3010311126709,36479.11128148834,36479.111281488345,1.9945545158814427e-14,1.3322676295501878e-14,NaN,35,LOCALLY_SOLVED,residual_tolerance_upper_bound
721,0.6460471202038807,ADMM,1.0,0.01,72.71075248718262,36562.35553262325,36479.111281488345,0.22819703718261988,2.5139890169612045e-12,1.1480058715797021,6,converged,gap_callback_with_solver_termination
721,0.6460471202038807,MEL-ADMM,1.0,0.01,13.675451278686523,36486.000775576205,36479.111281488345,0.018886134683209967,9.919842725025774e-13,0.008947481881021346,16,converged,gap_residual_and_feasibility
721,0.6460471202038807,sMEL-ADMM,1.0,0.01,1.057666,36486.12031753618,36479.111281488345,0.01921383444281454,2.0017321133991572e-13,0.008447994502047251,32,converged,gap_residual_and_feasibility
722,0.6246814979111623,IPOPT,1.0,1.0e-10,13.213872909545898,36479.11128156931,36479.11128148834,2.219739720724458e-10,1.0658141036401503e-14,NaN,33,INTERRUPTED,gap_and_residual
722,0.6246814979111623,MadNLP,1.0,0.01,19.72198486328125,36479.11128148835,36479.11128148834,3.989109031762886e-14,1.4210854715202004e-14,NaN,34,LOCALLY_SOLVED,residual_tolerance_upper_bound
722,0.6246814979111623,ADMM,1.0,0.01,74.7380256652832,36579.02968052512,36479.11128148834,0.273905793005123,9.616751839303106e-13,1.1708320166314117,6,converged,gap_callback_with_solver_termination
722,0.6246814979111623,MEL-ADMM,1.0,0.01,14.942646026611328,36485.86649136225,36479.11128148834,0.018518022058664124,1.503241975342462e-12,0.00960084869398159,18,converged,gap_residual_and_feasibility
722,0.6246814979111623,sMEL-ADMM,1.0,0.01,1.2665,36486.10094237216,36479.11128148834,0.019160721405434476,2.0017321133991572e-13,0.008465108193989934,32,converged,gap_residual_and_feasibility
723,0.25073788404803904,IPOPT,1.0,1.0e-10,14.513969421386719,36479.11128157151,36479.11128148834,2.2799752671040775e-10,1.2434497875801753e-14,NaN,34,INTERRUPTED,gap_and_residual
723,0.25073788404803904,MadNLP,1.0,0.01,19.978046417236328,36479.11128148833,36479.11128148834,1.994554515881443e-14,1.3322676295501878e-14,NaN,35,LOCALLY_SOLVED,residual_tolerance_upper_bound
723,0.25073788404803904,ADMM,1.0,0.01,77.18420028686523,36665.58082453363,36479.11128148834,0.5111679986017581,7.635003740347202e-13,1.8433833966477704,6,converged,gap_callback_with_solver_termination
723,0.25073788404803904,MEL-ADMM,1.0,0.01,13.13471794128418,36486.62973882778,36479.11128148834,0.020610308407537515,2.8305136012818366e-12,0.008770590041878634,16,converged,gap_residual_and_feasibility
723,0.25073788404803904,sMEL-ADMM,1.0,0.01,1.712709,36485.29954211788,36479.11128148834,0.016963847013127756,2.000621890374532e-13,0.006882288712558804,39,converged,gap_residual_and_feasibility
724,0.5465442742342869,IPOPT,1.0,1.0e-10,13.430118560791016,36479.11128157211,36479.111281488345,2.296330614134305e-10,1.509903313490213e-14,NaN,33,INTERRUPTED,gap_and_residual
724,0.5465442742342869,MadNLP,1.0,0.01,19.570112228393555,36479.111281488345,36479.111281488345,0.0,1.2434497875801753e-14,NaN,34,LOCALLY_SOLVED,residual_tolerance_upper_bound
724,0.5465442742342869,ADMM,1.0,0.01,71.58041000366211,36588.97204758859,36479.111281488345,0.30116075266339054,3.668176873361517e-13,1.1342369833927615,6,converged,gap_callback_with_solver_termination
724,0.5465442742342869,MEL-ADMM,1.0,0.01,15.268087387084961,36486.17719090949,36479.111281488345,0.019369741128342208,2.599587212159804e-12,0.009379143331543105,18,converged,gap_residual_and_feasibility
724,0.5465442742342869,sMEL-ADMM,1.0,0.01,0.986588,36486.65446720726,36479.111281488345,0.0206780961869147,2.0039525594484076e-13,0.008772541828626856,29,converged,gap_residual_and_feasibility
725,0.5456446590024076,IPOPT,1.0,1.0e-10,12.961864471435547,36479.11128157213,36479.11128148835,2.2965300695858926e-10,1.5987211554602254e-14,NaN,33,INTERRUPTED,gap_and_residual
725,0.5456446590024076,MadNLP,1.0,0.01,19.566059112548828,36479.11128148832,36479.11128148835,7.978218063525768e-14,1.3322676295501878e-14,NaN,34,LOCALLY_SOLVED,residual_tolerance_upper_bound
725,0.5456446590024076,ADMM,1.0,0.01,70.27554512023926,36588.97204754964,36479.11128148835,0.301160752556602,1.493138945818373e-12,1.1342369868188298,6,converged,gap_callback_with_solver_termination
725,0.5456446590024076,MEL-ADMM,1.0,0.01,15.94400405883789,36486.17719094309,36479.11128148835,0.019369741220430784,3.870792575355608e-12,0.00937914352074376,18,converged,gap_residual_and_feasibility
725,0.5456446590024076,sMEL-ADMM,1.0,0.01,1.117497,36486.65297664184,36479.11128148835,0.020674010107568922,2.0050627824730327e-13,0.008754504710243083,29,converged,gap_residual_and_feasibility
726,0.6784680513586986,IPOPT,1.0,1.0e-10,12.841939926147461,36479.11134601151,36479.11128148835,1.768769947406405e-7,1.1546319456101628e-14,NaN,33,INTERRUPTED,gap_and_residual
726,0.6784680513586986,MadNLP,1.0,0.01,19.85907554626465,36479.111281488316,36479.11128148835,9.972772579407211e-14,1.2434497875801753e-14,NaN,35,LOCALLY_SOLVED,residual_tolerance_upper_bound
726,0.6784680513586986,ADMM,1.0,0.01,74.96428489685059,36572.05725761298,36479.11128148835,0.25479232596269846,3.4413583094305977e-12,1.1225082295994815,6,converged,gap_callback_with_solver_termination
726,0.6784680513586986,MEL-ADMM,1.0,0.01,13.573646545410156,36486.247977195206,36479.11128148835,0.019563787209022937,5.874190023291703e-13,0.004587486478277114,16,converged,gap_residual_and_feasibility
726,0.6784680513586986,sMEL-ADMM,1.0,0.01,1.2694150000000002,36486.56409032122,36479.11128148835,0.02043034649434602,2.0017321133991572e-13,0.009598978495414912,30,converged,gap_residual_and_feasibility
727,0.45463103246974546,IPOPT,1.0,1.0e-10,13.603925704956055,36479.11128157209,36479.11128148834,2.2959317032311292e-10,1.3322676295501878e-14,NaN,33,INTERRUPTED,gap_and_residual
727,0.45463103246974546,MadNLP,1.0,0.01,19.882917404174805,36479.11128148834,36479.11128148834,0.0,1.4210854715202004e-14,NaN,34,LOCALLY_SOLVED,residual_tolerance_upper_bound
727,0.45463103246974546,ADMM,1.0,0.01,72.99542427062988,36588.97205436676,36479.11128148834,0.3011607712443613,2.847611035861064e-12,1.1342369986877214,6,converged,gap_callback_with_solver_termination
727,0.45463103246974546,MEL-ADMM,1.0,0.01,15.491724014282227,36486.177191052295,36479.11128148834,0.01936974151983337,5.591027640861057e-12,0.009379143022798075,18,converged,gap_residual_and_feasibility
727,0.45463103246974546,sMEL-ADMM,1.0,0.01,1.504124,36486.19771792577,36479.11128148834,0.01942601173243062,2.007283228522283e-13,0.00839021631128034,37,converged,gap_residual_and_feasibility
728,0.5817226217941325,IPOPT,1.0,1.0e-10,12.683868408203125,36479.11128157205,36479.11128148833,2.294934425973189e-10,1.7763568394002505e-14,NaN,33,INTERRUPTED,gap_and_residual
728,0.5817226217941325,MadNLP,1.0,0.01,19.39702033996582,36479.11128148832,36479.11128148833,1.9945545158814434e-14,1.1546319456101628e-14,NaN,34,LOCALLY_SOLVED,residual_tolerance_upper_bound
728,0.5817226217941325,ADMM,1.0,0.01,71.0597038269043,36591.43643948376,36479.11128148833,0.3079163774815721,8.308909116294672e-13,1.1068947995272476,6,converged,gap_callback_with_solver_termination
728,0.5817226217941325,MEL-ADMM,1.0,0.01,15.030860900878906,36486.14877347528,36479.11128148833,0.0192918405622488,4.910405415614605e-12,0.009398384827630224,18,converged,gap_residual_and_feasibility
728,0.5817226217941325,sMEL-ADMM,1.0,0.01,1.2290400000000001,36486.71364310033,36479.11128148833,0.020840314758046163,1.9972912213006566e-13,0.009457783549722265,29,converged,gap_residual_and_feasibility
729,0.45965184593177605,IPOPT,1.0,1.0e-10,14.02902603149414,36479.111281572106,36479.11128148837,2.295532792327951e-10,1.4210854715202004e-14,NaN,33,INTERRUPTED,gap_and_residual
729,0.45965184593177605,MadNLP,1.0,0.01,19.361019134521484,36479.11128148834,36479.11128148837,7.978218063525766e-14,1.2434497875801753e-14,NaN,34,LOCALLY_SOLVED,residual_tolerance_upper_bound
729,0.45965184593177605,ADMM,1.0,0.01,70.60837745666504,36588.97204856199,36479.11128148837,0.3011607553317054,5.444533712761768e-13,1.1342369888585218,6,converged,gap_callback_with_solver_termination
729,0.45965184593177605,MEL-ADMM,1.0,0.01,15.43879508972168,36486.17719095472,36479.11128148837,0.019369741252263865,3.3860136916530337e-12,0.00937914316709243,18,converged,gap_residual_and_feasibility
729,0.45965184593177605,sMEL-ADMM,1.0,0.01,1.371494,36485.83501083873,36479.11128148837,0.018431724661494217,1.999511667349907e-13,0.008114572175255574,33,converged,gap_residual_and_feasibility
730,0.45524553703642595,IPOPT,1.0,1.0e-10,14.693021774291992,36479.11128157208,36479.11128148834,2.2955327923279529e-10,1.1546319456101628e-14,NaN,33,INTERRUPTED,gap_and_residual
730,0.45524553703642595,MadNLP,1.0,0.01,19.397974014282227,36479.111281488345,36479.11128148834,1.994554515881443e-14,1.1546319456101628e-14,NaN,34,LOCALLY_SOLVED,residual_tolerance_upper_bound
730,0.45524553703642595,ADMM,1.0,0.01,70.86062431335449,36588.972054294536,36479.11128148834,0.3011607710463818,3.819722316222851e-12,1.1342369944070363,6,converged,gap_callback_with_solver_termination
730,0.45524553703642595,MEL-ADMM,1.0,0.01,15.155792236328125,36486.17719094031,36479.11128148834,0.019369741212851486,2.990607761432784e-12,0.009379143174307991,18,converged,gap_residual_and_feasibility
730,0.45524553703642595,sMEL-ADMM,1.0,0.01,1.347164,36486.20528973072,36479.11128148834,0.019446768282383915,2.0011770018868447e-13,0.008415398352090459,37,converged,gap_residual_and_feasibility
731,0.7494637271610043,IPOPT,1.0,1.0e-10,14.693021774291992,36479.111281566606,36479.111281488345,2.1453428372820797e-10,9.769962616701378e-15,NaN,34,INTERRUPTED,gap_and_residual
731,0.7494637271610043,MadNLP,1.0,0.01,20.589113235473633,36479.11128148837,36479.111281488345,5.983663547644328e-14,1.3322676295501878e-14,NaN,36,LOCALLY_SOLVED,residual_tolerance_upper_bound
731,0.7494637271610043,ADMM,1.0,0.01,89.16020393371582,36527.37844928564,36479.111281488345,0.13231453865432077,1.3701262346899057e-12,0.8239288078883034,7,converged,gap_callback_with_solver_termination
731,0.7494637271610043,MEL-ADMM,1.0,0.01,13.921499252319336,36485.76605589796,36479.111281488345,0.018242698837331525,2.1616042289451798e-12,0.008136851364490383,17,converged,gap_residual_and_feasibility
731,0.7494637271610043,sMEL-ADMM,1.0,0.01,1.226661,36486.73584634484,36479.111281488345,0.02090118039789993,2.0028423364237824e-13,0.008047948732961885,30,converged,gap_residual_and_feasibility
732,0.5071428835326428,IPOPT,1.0,1.0e-10,13.44609260559082,36479.111281572135,36479.111281488345,2.2969289804890694e-10,1.3322676295501878e-14,NaN,33,INTERRUPTED,gap_and_residual
732,0.5071428835326428,MadNLP,1.0,0.01,19.65808868408203,36479.11128148834,36479.111281488345,1.9945545158814427e-14,9.769962616701378e-15,NaN,34,LOCALLY_SOLVED,residual_tolerance_upper_bound
732,0.5071428835326428,ADMM,1.0,0.01,69.71549987792969,36588.97204748686,36479.111281488345,0.3011607523845119,3.1441516057384433e-13,1.1342369850164644,6,converged,gap_callback_with_solver_termination
732,0.5071428835326428,MEL-ADMM,1.0,0.01,15.387773513793945,36486.17719088079,36479.111281488345,0.019369741049676977,1.439959262938828e-12,0.009379143035486592,18,converged,gap_residual_and_feasibility
732,0.5071428835326428,sMEL-ADMM,1.0,0.01,1.309167,36486.590789249014,36479.111281488345,0.02050353612771313,2.000621890374532e-13,0.008687068487247984,29,converged,gap_residual_and_feasibility
733,0.5397442004144614,IPOPT,1.0,1.0e-10,12.819051742553711,36479.11128157214,36479.11128148834,2.297327891392246e-10,1.4210854715202004e-14,NaN,33,INTERRUPTED,gap_and_residual
733,0.5397442004144614,MadNLP,1.0,0.01,20.720958709716797,36479.11128148834,36479.11128148834,0.0,1.2434497875801753e-14,NaN,34,LOCALLY_SOLVED,residual_tolerance_upper_bound
733,0.5397442004144614,ADMM,1.0,0.01,72.14188575744629,36588.97204810358,36479.11128148834,0.30116075407513626,4.3809400551708677e-13,1.1342369929438494,6,converged,gap_callback_with_solver_termination
733,0.5397442004144614,MEL-ADMM,1.0,0.01,15.537738800048828,36486.17719087097,36479.11128148834,0.01936974102277044,1.3916645613676337e-12,0.009379143282097324,18,converged,gap_residual_and_feasibility
733,0.5397442004144614,sMEL-ADMM,1.0,0.01,1.180204,36486.64326795024,36479.11128148834,0.020647395721297555,2.0050627824730327e-13,0.008635614140196424,29,converged,gap_residual_and_feasibility
734,0.6994988307563231,IPOPT,1.0,1.0e-10,14.842987060546875,36479.11128157192,36479.11128148836,2.2905464060382478e-10,1.2434497875801753e-14,NaN,34,INTERRUPTED,gap_and_residual
734,0.6994988307563231,MadNLP,1.0,0.01,20.595073699951172,36479.111281488345,36479.11128148836,3.9891090317628836e-14,1.2434497875801753e-14,NaN,35,LOCALLY_SOLVED,residual_tolerance_upper_bound
734,0.6994988307563231,ADMM,1.0,0.01,77.84676551818848,36620.70590629704,36479.11128148836,0.3881526162084163,6.290523657526137e-12,1.523107685495264,6,converged,gap_callback_with_solver_termination
734,0.6994988307563231,MEL-ADMM,1.0,0.01,13.66114616394043,36486.43151996046,36479.11128148836,0.020066932046712095,1.0141887329950805e-12,0.006042140308078814,16,converged,gap_residual_and_feasibility
734,0.6994988307563231,sMEL-ADMM,1.0,0.01,1.2605870000000001,36486.61192289419,36479.11128148836,0.020561469680419754,1.9972912213006566e-13,0.009106215543342344,30,converged,gap_residual_and_feasibility
735,0.5437758154026266,IPOPT,1.0,1.0e-10,13.173103332519531,36479.11128157215,36479.111281488316,2.2981257131986e-10,1.1546319456101628e-14,NaN,33,INTERRUPTED,gap_and_residual
735,0.5437758154026266,MadNLP,1.0,0.01,19.813060760498047,36479.111281488345,36479.111281488316,7.978218063525777e-14,1.3322676295501878e-14,NaN,34,LOCALLY_SOLVED,residual_tolerance_upper_bound
735,0.5437758154026266,ADMM,1.0,0.01,70.23358345031738,36588.97204771198,36479.111281488316,0.30116075300170714,4.384270724244743e-13,1.1342369905319538,6,converged,gap_callback_with_solver_termination
735,0.5437758154026266,MEL-ADMM,1.0,0.01,15.186786651611328,36486.17719089448,36479.111281488316,0.019369741087274343,1.7625900738948985e-12,0.009379143150016311,18,converged,gap_residual_and_feasibility
735,0.5437758154026266,sMEL-ADMM,1.0,0.01,1.10129,36486.649883115686,36479.111281488316,0.020665529840347786,2.0050627824730327e-13,0.008716957296609706,29,converged,gap_residual_and_feasibility
736,0.43626021559194383,IPOPT,1.0,1.0e-10,15.612125396728516,36479.11128157205,36479.111281488375,2.2937376932636572e-10,1.7763568394002505e-14,NaN,33,INTERRUPTED,gap_and_residual
736,0.43626021559194383,MadNLP,1.0,0.01,19.755125045776367,36479.11128148834,36479.111281488375,9.972772579407205e-14,1.687538997430238e-14,NaN,34,LOCALLY_SOLVED,residual_tolerance_upper_bound
736,0.43626021559194383,ADMM,1.0,0.01,75.16956329345703,36588.97205508441,36479.111281488375,0.3011607732115502,5.850875339774575e-13,1.1342369953381004,6,converged,gap_callback_with_solver_termination
736,0.43626021559194383,MEL-ADMM,1.0,0.01,14.782428741455078,36486.17719088901,36479.111281488375,0.019369741072115698,1.725675158326112e-12,0.009379143233000597,18,converged,gap_residual_and_feasibility
736,0.43626021559194383,sMEL-ADMM,1.0,0.01,1.569872,36485.69649649237,36479.111281488375,0.01805201599671474,1.9972912213006566e-13,0.008484689456559558,34,converged,gap_residual_and_feasibility
737,0.3042270006588669,IPOPT,1.0,1.0e-10,13.263940811157227,36479.11128157168,36479.11128148834,2.2845627424906048e-10,1.1546319456101628e-14,NaN,34,INTERRUPTED,gap_and_residual
737,0.3042270006588669,MadNLP,1.0,0.01,19.94800567626953,36479.11128148834,36479.11128148834,0.0,1.7763568394002505e-14,NaN,35,LOCALLY_SOLVED,residual_tolerance_upper_bound
737,0.3042270006588669,ADMM,1.0,0.01,73.2278823852539,36551.796593874904,36479.11128148834,0.19925187273805822,5.167699601571485e-12,1.113670724939066,6,converged,gap_callback_with_solver_termination
737,0.3042270006588669,MEL-ADMM,1.0,0.01,13.750791549682617,36486.188349302465,36479.11128148834,0.019400329573594628,1.512290292993157e-12,0.005978764676664028,16,converged,gap_residual_and_feasibility
737,0.3042270006588669,sMEL-ADMM,1.0,0.01,1.5729579999999999,36484.90737406376,36479.11128148834,0.015888798744843672,2.0011770018868447e-13,0.005532339897294847,39,converged,gap_residual_and_feasibility
738,0.7465863910856473,IPOPT,1.0,1.0e-10,13.59701156616211,36479.11128156876,36479.11128148833,2.2047805618553476e-10,1.1546319456101628e-14,NaN,34,INTERRUPTED,gap_and_residual
738,0.7465863910856473,MadNLP,1.0,0.01,20.612001419067383,36479.11128148835,36479.11128148833,5.98366354764433e-14,1.2434497875801753e-14,NaN,35,LOCALLY_SOLVED,residual_tolerance_upper_bound
738,0.7465863910856473,ADMM,1.0,0.01,90.05045890808105,36530.53234924727,36479.11128148833,0.14096030838621434,2.1124213489542853e-12,0.8306599431563457,7,converged,gap_callback_with_solver_termination
738,0.7465863910856473,MEL-ADMM,1.0,0.01,14.201641082763672,36485.74055796781,36479.11128148833,0.01817280149267804,1.783573289060314e-12,0.008509582560589202,17,converged,gap_residual_and_feasibility
738,0.7465863910856473,sMEL-ADMM,1.0,0.01,1.268583,36486.7286178218,36479.11128148833,0.02088136488493041,1.9961809982760315e-13,0.008103624413822175,30,converged,gap_residual_and_feasibility
739,0.57001067574516,IPOPT,1.0,1.0e-10,13.038158416748047,36479.111281572084,36479.11128148834,2.295732247779541e-10,1.3322676295501878e-14,NaN,33,INTERRUPTED,gap_and_residual
739,0.57001067574516,MadNLP,1.0,0.01,19.610881805419922,36479.11128148834,36479.11128148834,0.0,9.769962616701378e-15,NaN,34,LOCALLY_SOLVED,residual_tolerance_upper_bound
739,0.57001067574516,ADMM,1.0,0.01,71.49004936218262,36588.972052662524,36479.11128148834,0.30116076657255614,6.336042801535768e-13,1.1342369941319674,6,converged,gap_callback_with_solver_termination
739,0.57001067574516,MEL-ADMM,1.0,0.01,15.903711318969727,36486.17719084795,36479.11128148834,0.019369740959662735,1.4062084829902233e-12,0.009379143500014564,18,converged,gap_residual_and_feasibility
739,0.57001067574516,sMEL-ADMM,1.0,0.01,1.340873,36486.693692468805,36479.11128148834,0.02078562419450955,2.0039525594484076e-13,0.009233301632722402,29,converged,gap_residual_and_feasibility
740,0.435020073464316,IPOPT,1.0,1.0e-10,13.05699348449707,36479.11128157204,36479.11128148833,2.2947349705216008e-10,9.769962616701378e-15,NaN,33,INTERRUPTED,gap_and_residual
740,0.435020073464316,MadNLP,1.0,0.01,20.067930221557617,36479.11128148835,36479.11128148833,5.98366354764433e-14,1.3322676295501878e-14,NaN,34,LOCALLY_SOLVED,residual_tolerance_upper_bound
740,0.435020073464316,ADMM,1.0,0.01,70.58906555175781,36588.97205515833,36479.11128148833,0.30116077341431696,1.1405876243486546e-12,1.1342369964374868,6,converged,gap_callback_with_solver_termination
740,0.435020073464316,MEL-ADMM,1.0,0.01,15.314817428588867,36486.17719091791,36479.11128148833,0.0193697411514591,2.783218100432805e-12,0.00937914340114343,18,converged,gap_residual_and_feasibility
740,0.435020073464316,sMEL-ADMM,1.0,0.01,1.275167,36485.688124057124,36479.11128148833,0.018029064683191466,2.0000667788622195e-13,0.009625789466983115,34,converged,gap_residual_and_feasibility
741,0.5227928994433959,IPOPT,1.0,1.0e-10,14.333009719848633,36479.11128157215,36479.111281488345,2.2973278913922457e-10,1.2434497875801753e-14,NaN,33,INTERRUPTED,gap_and_residual
741,0.5227928994433959,MadNLP,1.0,0.01,19.31285858154297,36479.111281488345,36479.111281488345,0.0,9.769962616701378e-15,NaN,34,LOCALLY_SOLVED,residual_tolerance_upper_bound
741,0.5227928994433959,ADMM,1.0,0.01,69.97084617614746,36588.97204743687,36479.111281488345,0.301160752247486,1.1622924844800764e-12,1.1342369838855069,6,converged,gap_callback_with_solver_termination
741,0.5227928994433959,MEL-ADMM,1.0,0.01,15.358209609985352,36486.17719090765,36479.111281488345,0.019369741123295984,1.7694734566475745e-12,0.009379142962671061,18,converged,gap_residual_and_feasibility
741,0.5227928994433959,sMEL-ADMM,1.0,0.01,1.387711,36486.61586149204,36479.111281488345,0.020572266538481074,2.000621890374532e-13,0.008475352773297473,29,converged,gap_residual_and_feasibility
742,0.557867831261286,IPOPT,1.0,1.0e-10,14.194965362548828,36479.11128157212,36479.11128148835,2.2963306141343044e-10,9.769962616701378e-15,NaN,33,INTERRUPTED,gap_and_residual
742,0.557867831261286,MadNLP,1.0,0.01,19.310951232910156,36479.11128148832,36479.11128148835,7.978218063525768e-14,1.4210854715202004e-14,NaN,34,LOCALLY_SOLVED,residual_tolerance_upper_bound
742,0.557867831261286,ADMM,1.0,0.01,69.26989555358887,36588.972051526325,36479.11128148835,0.3011607634578597,8.789635685957364e-13,1.1342369874356475,6,converged,gap_callback_with_solver_termination
742,0.557867831261286,MEL-ADMM,1.0,0.01,15.968561172485352,36486.17719088756,36479.11128148835,0.019369741068206384,2.5992541452524165e-12,0.009379143540663826,18,converged,gap_residual_and_feasibility
742,0.557867831261286,sMEL-ADMM,1.0,0.01,1.370542,36486.67329227515,36479.11128148835,0.020729701248593264,2.0106138975961585e-13,0.008997033921662734,29,converged,gap_residual_and_feasibility
743,0.6961871412786534,IPOPT,1.0,1.0e-10,13.330936431884766,36479.11128157191,36479.11128148837,2.290147495135071e-10,1.2434497875801753e-14,NaN,34,INTERRUPTED,gap_and_residual
743,0.6961871412786534,MadNLP,1.0,0.01,19.93703842163086,36479.11128148833,36479.11128148837,9.972772579407208e-14,1.2434497875801753e-14,NaN,35,LOCALLY_SOLVED,residual_tolerance_upper_bound
743,0.6961871412786534,ADMM,1.0,0.01,75.81114768981934,36610.34391608945,36479.11128148837,0.35974734578491907,1.918354364249808e-12,1.4441911235465303,6,converged,gap_callback_with_solver_termination
743,0.6961871412786534,MEL-ADMM,1.0,0.01,13.542890548706055,36486.401366286234,36479.11128148837,0.01998427193473483,1.514011138681326e-12,0.005510429592661126,16,converged,gap_residual_and_feasibility
743,0.6961871412786534,sMEL-ADMM,1.0,0.01,0.889416,36486.604111297405,36479.11128148837,0.020540055790340444,2.0028423364237824e-13,0.009182407542837723,30,converged,gap_residual_and_feasibility
744,0.3108643404094773,IPOPT,1.0,1.0e-10,13.302803039550781,36479.11128157171,36479.11128148834,2.2855600197485455e-10,1.4210854715202004e-14,NaN,34,INTERRUPTED,gap_and_residual
744,0.3108643404094773,MadNLP,1.0,0.01,20.284175872802734,36479.11128148833,36479.11128148834,1.994554515881443e-14,1.2434497875801753e-14,NaN,35,LOCALLY_SOLVED,residual_tolerance_upper_bound
744,0.3108643404094773,ADMM,1.0,0.01,74.59259033203125,36550.95119716712,36479.11128148834,0.19693439109422958,1.139810468231417e-12,1.1133069119218435,6,converged,gap_callback_with_solver_termination
744,0.3108643404094773,MEL-ADMM,1.0,0.01,13.292074203491211,36486.14346767755,36479.11128148834,0.019277295806227134,1.2972956042744954e-12,0.006711999560844895,16,converged,gap_residual_and_feasibility
744,0.3108643404094773,sMEL-ADMM,1.0,0.01,1.536545,36484.7976773154,36479.11128148834,0.015588087613165028,2.0067281170099704e-13,0.009729292221814845,38,converged,gap_residual_and_feasibility
745,0.6584052880845612,IPOPT,1.0,1.0e-10,12.765169143676758,36479.11134601014,36479.11128148833,1.7687330481478623e-7,1.3322676295501878e-14,NaN,33,INTERRUPTED,gap_and_residual
745,0.6584052880845612,MadNLP,1.0,0.01,20.761966705322266,36479.11128148833,36479.11128148833,0.0,1.509903313490213e-14,NaN,35,LOCALLY_SOLVED,residual_tolerance_upper_bound
745,0.6584052880845612,ADMM,1.0,0.01,74.88703727722168,36557.99452378939,36479.11128148833,0.21624222611226515,3.984479413077224e-12,1.1317253843446817,6,converged,gap_callback_with_solver_termination
745,0.6584052880845612,MEL-ADMM,1.0,0.01,13.228893280029297,36486.0859490729,36479.11128148833,0.019119620351350432,1.9400037132299985e-12,0.007139836945950329,16,converged,gap_residual_and_feasibility
745,0.6584052880845612,sMEL-ADMM,1.0,0.01,1.360293,36486.13479968845,36479.11128148833,0.019253534292333143,2.007283228522283e-13,0.008438837867345228,32,converged,gap_residual_and_feasibility
746,0.7118088728258046,IPOPT,1.0,1.0e-10,12.925148010253906,36479.11128157183,36479.11128148834,2.288751306973956e-10,1.1546319456101628e-14,NaN,34,INTERRUPTED,gap_and_residual
746,0.7118088728258046,MadNLP,1.0,0.01,20.47896385192871,36479.11128148832,36479.11128148834,3.989109031762886e-14,1.3322676295501878e-14,NaN,35,LOCALLY_SOLVED,residual_tolerance_upper_bound
746,0.7118088728258046,ADMM,1.0,0.01,77.04901695251465,36671.063300103575,36479.11128148834,0.5261970806636525,8.453793221008254e-12,1.8101109884779247,6,converged,gap_callback_with_solver_termination
746,0.7118088728258046,MEL-ADMM,1.0,0.01,13.490915298461914,36486.554463060456,36479.11128148834,0.020403955334008652,3.597122599785507e-13,0.008108271889034846,16,converged,gap_residual_and_feasibility
746,0.7118088728258046,sMEL-ADMM,1.0,0.01,1.081292,36486.642021976484,36479.11128148834,0.02064398013985475,1.9961809982760315e-13,0.008827077943934114,30,converged,gap_residual_and_feasibility
747,0.6577463387366064,IPOPT,1.0,1.0e-10,13.330221176147461,36479.111346011014,36479.11128148834,1.768756783346601e-7,1.5987211554602254e-14,NaN,33,INTERRUPTED,gap_and_residual
747,0.6577463387366064,MadNLP,1.0,0.01,19.824981689453125,36479.11128148834,36479.11128148834,0.0,1.3322676295501878e-14,NaN,35,LOCALLY_SOLVED,residual_tolerance_upper_bound
747,0.6577463387366064,ADMM,1.0,0.01,72.39103317260742,36558.014392539495,36479.11128148834,0.2162966922146401,2.010724919898621e-12,1.1319580388735853,6,converged,gap_callback_with_solver_termination
747,0.6577463387366064,MEL-ADMM,1.0,0.01,13.377666473388672,36486.08074443123,36479.11128148834,0.019105352893914924,5.323519403077626e-13,0.007240234420536673,16,converged,gap_residual_and_feasibility
747,0.6577463387366064,sMEL-ADMM,1.0,0.01,1.189624,36486.133996371405,36479.11128148834,0.019251332163431785,1.9972912213006566e-13,0.008439278847536258,32,converged,gap_residual_and_feasibility
748,0.609802597665176,IPOPT,1.0,1.0e-10,12.867927551269531,36479.1112815718,36479.111281488345,2.2877540297160147e-10,1.7763568394002505e-14,NaN,33,INTERRUPTED,gap_and_residual
748,0.609802597665176,MadNLP,1.0,0.01,19.69313621520996,36479.11128148834,36479.111281488345,1.9945545158814427e-14,9.769962616701378e-15,NaN,34,LOCALLY_SOLVED,residual_tolerance_upper_bound
748,0.609802597665176,ADMM,1.0,0.01,71.91181182861328,36590.427610730905,36479.111281488345,0.30515088041371285,2.5609514509028486e-12,1.138506481104688,6,converged,gap_callback_with_solver_termination
748,0.609802597665176,MEL-ADMM,1.0,0.01,15.620231628417969,36485.94642903795,36479.111281488345,0.01873715479760201,2.961519918187605e-12,0.0095649585160551,18,converged,gap_residual_and_feasibility
748,0.609802597665176,sMEL-ADMM,1.0,0.01,1.17058,36486.762845677,36479.111281488345,0.020975193528195792,2.0095036745715333e-13,0.009989452418029288,29,converged,gap_residual_and_feasibility
749,0.26079598865273557,IPOPT,1.0,1.0e-10,14.915943145751953,36479.11128157144,36479.111281488345,2.2777812571366076e-10,1.2434497875801753e-14,NaN,34,INTERRUPTED,gap_and_residual
749,0.26079598865273557,MadNLP,1.0,0.01,18.877029418945312,36479.11128148834,36479.111281488345,1.9945545158814427e-14,1.5987211554602254e-14,NaN,35,LOCALLY_SOLVED,residual_tolerance_upper_bound
749,0.26079598865273557,ADMM,1.0,0.01,95.99661827087402,36624.634225191716,36479.111281488345,0.3989212965756031,5.823064253007715e-12,1.6200245476988986,6,converged,gap_callback_with_solver_termination
749,0.26079598865273557,MEL-ADMM,1.0,0.01,51.224708557128906,36486.532256164835,36479.111281488345,0.020343079685320748,1.5755174942455596e-12,0.0071534670510873255,16,converged,gap_residual_and_feasibility
749,0.26079598865273557,sMEL-ADMM,1.0,0.01,5.441251,36485.14380218715,36479.111281488345,0.016536917942589005,1.9945156637390937e-13,0.007350487573772213,39,converged,gap_residual_and_feasibility
750,0.42738907287258576,IPOPT,1.0,1.0e-10,18.35799217224121,36479.11128157204,36479.11128148835,2.2941366041668348e-10,1.2434497875801753e-14,NaN,33,INTERRUPTED,gap_and_residual
750,0.42738907287258576,MadNLP,1.0,0.01,23.999929428100586,36479.111281488345,36479.11128148835,1.994554515881442e-14,1.1546319456101628e-14,NaN,34,LOCALLY_SOLVED,residual_tolerance_upper_bound
750,0.42738907287258576,ADMM,1.0,0.01,73.04072380065918,36588.97205547598,36479.11128148835,0.30116077428501964,3.4727776210274897e-13,1.1342369969843613,6,converged,gap_callback_with_solver_termination
750,0.42738907287258576,MEL-ADMM,1.0,0.01,16.261577606201172,36486.177190915376,36479.11128148835,0.0193697411444582,2.6367796834847468e-12,0.00937914337610568,18,converged,gap_residual_and_feasibility
750,0.42738907287258576,sMEL-ADMM,1.0,0.01,1.367041,36485.90603250965,36479.11128148835,0.018626416002480998,2.003397447936095e-13,0.00857234213975211,36,converged,gap_residual_and_feasibility
751,0.4279647611370578,IPOPT,1.0,1.0e-10,13.365983963012695,36479.11128157204,36479.11128148834,2.294535515070012e-10,1.3322676295501878e-14,NaN,33,INTERRUPTED,gap_and_residual
751,0.4279647611370578,MadNLP,1.0,0.01,18.912792205810547,36479.111281488345,36479.11128148834,1.994554515881443e-14,1.2434497875801753e-14,NaN,34,LOCALLY_SOLVED,residual_tolerance_upper_bound
751,0.4279647611370578,ADMM,1.0,0.01,69.56648826599121,36588.972055044585,36479.11128148834,0.3011607731024883,2.8954616482224083e-13,1.1342369908922958,6,converged,gap_callback_with_solver_termination
751,0.4279647611370578,MEL-ADMM,1.0,0.01,16.118288040161133,36486.1771907912,36479.11128148834,0.019369740804087484,6.732947532839262e-13,0.009379143326275319,18,converged,gap_residual_and_feasibility
751,0.4279647611370578,sMEL-ADMM,1.0,0.01,1.5910819999999999,36485.47306432133,36479.11128148834,0.017439522536349665,2.0061730054976579e-13,0.009965808247548225,33,converged,gap_residual_and_feasibility
752,0.5315717172088279,IPOPT,1.0,1.0e-10,14.822959899902344,36479.11128157214,36479.11128148833,2.2975273468438346e-10,1.7763568394002505e-14,NaN,33,INTERRUPTED,gap_and_residual
752,0.5315717172088279,MadNLP,1.0,0.01,18.743038177490234,36479.11128148834,36479.11128148833,1.9945545158814434e-14,1.0658141036401503e-14,NaN,34,LOCALLY_SOLVED,residual_tolerance_upper_bound
752,0.5315717172088279,ADMM,1.0,0.01,72.42608070373535,36588.972048254225,36479.11128148833,0.3011607544881288,1.7352785874891197e-12,1.1342369869054112,6,converged,gap_callback_with_solver_termination
752,0.5315717172088279,MEL-ADMM,1.0,0.01,15.383720397949219,36486.17719078056,36479.11128148833,0.019369740774947044,1.223132706229535e-12,0.009379143109736532,18,converged,gap_residual_and_feasibility
752,0.5315717172088279,sMEL-ADMM,1.0,0.01,1.222667,36486.62999811381,36479.11128148833,0.020611019187004746,2.000621890374532e-13,0.008469562039355338,29,converged,gap_residual_and_feasibility
753,0.7008301001830131,IPOPT,1.0,1.0e-10,13.200044631958008,36479.11128157188,36479.11128148835,2.2897485842318957e-10,1.865174681370263e-14,NaN,34,INTERRUPTED,gap_and_residual
753,0.7008301001830131,MadNLP,1.0,0.01,20.0350284576416,36479.111281488345,36479.11128148835,1.994554515881442e-14,1.2434497875801753e-14,NaN,35,LOCALLY_SOLVED,residual_tolerance_upper_bound
753,0.7008301001830131,ADMM,1.0,0.01,76.38120651245117,36625.24476621683,36479.11128148835,0.4005949695452998,5.717759599122019e-12,1.5546219247319373,6,converged,gap_callback_with_solver_termination
753,0.7008301001830131,MEL-ADMM,1.0,0.01,13.772249221801758,36486.44413658531,36479.11128148835,0.020101517935501616,1.0228484725871567e-12,0.006264824052195195,16,converged,gap_residual_and_feasibility
753,0.7008301001830131,sMEL-ADMM,1.0,0.01,1.358124,36486.61514798106,36479.11128148835,0.020570310594471723,2.000621890374532e-13,0.00907571521461037,30,converged,gap_residual_and_feasibility
754,0.3779686515007719,IPOPT,1.0,1.0e-10,13.297080993652344,36479.11128157202,36479.11128148834,2.2939371487152476e-10,1.0658141036401503e-14,NaN,32,INTERRUPTED,gap_and_residual
754,0.3779686515007719,MadNLP,1.0,0.01,18.912792205810547,36479.11128148832,36479.11128148834,3.989109031762886e-14,1.3322676295501878e-14,NaN,33,LOCALLY_SOLVED,residual_tolerance_upper_bound
754,0.3779686515007719,ADMM,1.0,0.01,71.13933563232422,36595.49610545178,36479.11128148834,0.31904511890480053,1.940114735532461e-12,1.0601950879272533,6,converged,gap_callback_with_solver_termination
754,0.3779686515007719,MEL-ADMM,1.0,0.01,15.660524368286133,36486.08762266134,36479.11128148834,0.019124208150712446,1.4427903316516222e-12,0.009396927744777628,18,converged,gap_residual_and_feasibility
754,0.3779686515007719,sMEL-ADMM,1.0,0.01,1.265084,36485.01400464628,36479.11128148834,0.016181104611870972,2.000621890374532e-13,0.007095884254967544,33,converged,gap_residual_and_feasibility
755,0.37609367028777857,IPOPT,1.0,1.0e-10,13.795137405395508,36479.11128157184,36479.11128148834,2.288950762425544e-10,1.1546319456101628e-14,NaN,32,INTERRUPTED,gap_and_residual
755,0.37609367028777857,MadNLP,1.0,0.01,18.999099731445312,36479.11128148833,36479.11128148834,1.994554515881443e-14,1.509903313490213e-14,NaN,33,LOCALLY_SOLVED,residual_tolerance_upper_bound
755,0.37609367028777857,ADMM,1.0,0.01,69.13876533508301,36596.10886219459,36479.11128148834,0.32072486581004656,1.5623058402525203e-12,1.0741808261563621,6,converged,gap_callback_with_solver_termination
755,0.37609367028777857,MEL-ADMM,1.0,0.01,15.409231185913086,36486.07611909383,36479.11128148834,0.01909267348030089,3.5579872381674704e-12,0.009396679399351626,18,converged,gap_residual_and_feasibility
755,0.37609367028777857,sMEL-ADMM,1.0,0.01,1.102958,36485.00603504628,36479.11128148834,0.016159257588421832,2.000621890374532e-13,0.007486425907226035,33,converged,gap_residual_and_feasibility
756,0.65677921599706,IPOPT,1.0,1.0e-10,13.244867324829102,36479.11134601241,36479.11128148833,1.7687952782487577e-7,1.4210854715202004e-14,NaN,33,INTERRUPTED,gap_and_residual
756,0.65677921599706,MadNLP,1.0,0.01,20.10798454284668,36479.111281488345,36479.11128148833,3.989109031762887e-14,1.2434497875801753e-14,NaN,35,LOCALLY_SOLVED,residual_tolerance_upper_bound
756,0.65677921599706,ADMM,1.0,0.01,72.89433479309082,36558.08731529019,36479.11128148833,0.21649659497581455,3.0109248427834245e-13,1.1340742015887386,6,converged,gap_callback_with_solver_termination
756,0.65677921599706,MEL-ADMM,1.0,0.01,13.632535934448242,36486.07329692069,36479.11128148833,0.0190849370716153,1.0444978215673473e-12,0.007385432580625739,16,converged,gap_residual_and_feasibility
756,0.65677921599706,sMEL-ADMM,1.0,0.01,1.2456690000000001,36486.13281836059,36479.11128148833,0.0192481028884596,2.0061730054976579e-13,0.008439937756298477,32,converged,gap_residual_and_feasibility
757,0.2761855139959684,IPOPT,1.0,1.0e-10,14.310836791992188,36479.111281571495,36479.11128148834,2.2795763562009012e-10,1.2434497875801753e-14,NaN,34,INTERRUPTED,gap_and_residual
757,0.2761855139959684,MadNLP,1.0,0.01,20.01810073852539,36479.11128148834,36479.11128148834,0.0,1.1546319456101628e-14,NaN,35,LOCALLY_SOLVED,residual_tolerance_upper_bound
757,0.2761855139959684,ADMM,1.0,0.01,77.50773429870605,36582.39999905489,36479.11128148834,0.28314482984394307,3.268496584496461e-13,1.288874312010229,6,converged,gap_callback_with_solver_termination
757,0.2761855139959684,MEL-ADMM,1.0,0.01,13.423681259155273,36486.40351293823,36479.11128148834,0.019990156540886577,3.038125306886741e-13,0.004834199362581337,16,converged,gap_residual_and_feasibility
757,0.2761855139959684,sMEL-ADMM,1.0,0.01,1.590836,36484.943552480385,36479.11128148834,0.015987974452125228,1.999511667349907e-13,0.0069439824425483465,39,converged,gap_residual_and_feasibility
758,0.40777612200670493,IPOPT,1.0,1.0e-10,13.012170791625977,36479.111281572004,36479.11128148834,2.2935382378120713e-10,1.4210854715202004e-14,NaN,33,INTERRUPTED,gap_and_residual
758,0.40777612200670493,MadNLP,1.0,0.01,19.243955612182617,36479.11128148833,36479.11128148834,1.994554515881443e-14,1.4210854715202004e-14,NaN,34,LOCALLY_SOLVED,residual_tolerance_upper_bound
758,0.40777612200670493,ADMM,1.0,0.01,70.82772254943848,36588.97205597894,36479.11128148834,0.30116077566383537,1.9073076451547877e-12,1.1342369926576001,6,converged,gap_callback_with_solver_termination
758,0.40777612200670493,MEL-ADMM,1.0,0.01,15.464544296264648,36486.1771907664,36479.11128148834,0.019369740736113066,6.878386749065157e-13,0.009379143630833475,18,converged,gap_residual_and_feasibility
758,0.40777612200670493,sMEL-ADMM,1.0,0.01,1.437087,36485.59005207984,36479.11128148834,0.01776022047661073,2.0144996781823465e-13,0.005739739192833326,35,converged,gap_residual_and_feasibility
759,0.556938682437112,IPOPT,1.0,1.0e-10,13.12708854675293,36479.11128157209,36479.11128148833,2.2961311586827176e-10,1.3322676295501878e-14,NaN,33,INTERRUPTED,gap_and_residual
759,0.556938682437112,MadNLP,1.0,0.01,19.72508430480957,36479.11128148833,36479.11128148833,0.0,1.2434497875801753e-14,NaN,34,LOCALLY_SOLVED,residual_tolerance_upper_bound
759,0.556938682437112,ADMM,1.0,0.01,71.87318801879883,36588.97205157548,36479.11128148833,0.3011607635926718,9.460210392830959e-13,1.1342369885941732,6,converged,gap_callback_with_solver_termination
759,0.556938682437112,MEL-ADMM,1.0,0.01,15.350818634033203,36486.17719095161,36479.11128148833,0.019369741243846866,4.104716566644129e-12,0.009379143497015185,18,converged,gap_residual_and_feasibility
759,0.556938682437112,sMEL-ADMM,1.0,0.01,1.037496,36486.67174162518,36479.11128148833,0.02072545045987302,2.0050627824730327e-13,0.008978778480550176,29,converged,gap_residual_and_feasibility
760,0.5782083490519507,IPOPT,1.0,1.0e-10,14.41502571105957,36479.111281572084,36479.11128148831,2.2965300695858954e-10,1.1546319456101628e-14,NaN,33,INTERRUPTED,gap_and_residual
760,0.5782083490519507,MadNLP,1.0,0.01,19.910812377929688,36479.11128148836,36479.11128148831,1.3961881611170111e-13,1.0658141036401503e-14,NaN,34,LOCALLY_SOLVED,residual_tolerance_upper_bound
760,0.5782083490519507,ADMM,1.0,0.01,69.58699226379395,36589.17533905111,36479.11128148831,0.30171803450335605,1.6499024368954451e-12,1.1294540356733629,6,converged,gap_callback_with_solver_termination
760,0.5782083490519507,MEL-ADMM,1.0,0.01,14.890193939208984,36486.17495630412,36479.11128148831,0.01936361541625205,2.400413201542051e-12,0.0093800556574557,18,converged,gap_residual_and_feasibility
760,0.5782083490519507,sMEL-ADMM,1.0,0.01,1.113709,36486.70762542023,36479.11128148831,0.020823818522625995,1.992850329202156e-13,0.009390708236725942,29,converged,gap_residual_and_feasibility
761,0.5242125007177181,IPOPT,1.0,1.0e-10,12.68911361694336,36479.11128157214,36479.111281488345,2.2971284359406576e-10,1.509903313490213e-14,NaN,33,INTERRUPTED,gap_and_residual
761,0.5242125007177181,MadNLP,1.0,0.01,20.8280086517334,36479.111281488345,36479.111281488345,0.0,1.2434497875801753e-14,NaN,34,LOCALLY_SOLVED,residual_tolerance_upper_bound
761,0.5242125007177181,ADMM,1.0,0.01,71.7017650604248,36588.972047582305,36479.111281488345,0.3011607526461576,5.220268661787486e-13,1.1342369855196166,6,converged,gap_callback_with_solver_termination
761,0.5242125007177181,MEL-ADMM,1.0,0.01,15.412569046020508,36486.177190889466,36479.111281488345,0.019369741073452067,1.510791491909913e-12,0.009379143083783958,18,converged,gap_residual_and_feasibility
761,0.5242125007177181,sMEL-ADMM,1.0,0.01,1.116415,36486.618144136184,36479.111281488345,0.02057852393911839,2.007283228522283e-13,0.008454339944636402,29,converged,gap_residual_and_feasibility
762,0.7326301259800152,IPOPT,1.0,1.0e-10,14.451980590820312,36479.111281571735,36479.11128148832,2.2865572970064873e-10,1.4210854715202004e-14,NaN,34,INTERRUPTED,gap_and_residual
762,0.7326301259800152,MadNLP,1.0,0.01,19.747018814086914,36479.11128148834,36479.11128148832,3.9891090317628874e-14,1.509903313490213e-14,NaN,35,LOCALLY_SOLVED,residual_tolerance_upper_bound
762,0.7326301259800152,ADMM,1.0,0.01,79.42414283752441,36806.7121016889,36479.11128148832,0.898050442272754,4.764078020969009e-12,2.2933040663639623,6,converged,gap_callback_with_solver_termination
762,0.7326301259800152,MEL-ADMM,1.0,0.01,15.396833419799805,36485.88583587131,36479.11128148832,0.018571051061832357,4.005684672847565e-13,0.005138673690505691,19,converged,gap_residual_and_feasibility
762,0.7326301259800152,sMEL-ADMM,1.0,0.01,1.21025,36486.693739706636,36479.11128148832,0.020785753687371303,2.000621890374532e-13,0.008380692428714198,30,converged,gap_residual_and_feasibility
763,0.6175271343187287,IPOPT,1.0,1.0e-10,14.71400260925293,36479.11128157054,36479.11128148836,2.2528493256880886e-10,1.4210854715202004e-14,NaN,33,INTERRUPTED,gap_and_residual
763,0.6175271343187287,MadNLP,1.0,0.01,18.810033798217773,36479.11128148831,36479.11128148836,1.3961881611170094e-13,1.2434497875801753e-14,NaN,34,LOCALLY_SOLVED,residual_tolerance_upper_bound
763,0.6175271343187287,ADMM,1.0,0.01,74.09167289733887,36584.1599428436,36479.11128148836,0.2879693546935446,9.562350911096473e-13,1.1552625744487033,6,converged,gap_callback_with_solver_termination
763,0.6175271343187287,MEL-ADMM,1.0,0.01,16.114473342895508,36485.90231525846,36479.11128148836,0.01861622592091329,4.596989455762923e-12,0.009580723654805112,18,converged,gap_residual_and_feasibility
763,0.6175271343187287,sMEL-ADMM,1.0,0.01,1.339543,36486.094836016055,36479.11128148836,0.01914398208280506,2.0028423364237824e-13,0.00847004800105644,32,converged,gap_residual_and_feasibility
764,0.3337802816971094,IPOPT,1.0,1.0e-10,15.594959259033203,36479.11128155791,36479.111281488345,1.9069935726342472e-10,1.4210854715202004e-14,NaN,34,INTERRUPTED,gap_and_residual
764,0.3337802816971094,MadNLP,1.0,0.01,20.071029663085938,36479.11128148834,36479.111281488345,1.9945545158814427e-14,1.3322676295501878e-14,NaN,35,LOCALLY_SOLVED,residual_tolerance_upper_bound
764,0.3337802816971094,ADMM,1.0,0.01,73.55093955993652,36566.72409971587,36479.111281488345,0.24017256766885056,7.601697049608447e-13,1.1533718135685689,6,converged,gap_callback_with_solver_termination
764,0.3337802816971094,MEL-ADMM,1.0,0.01,16.417741775512695,36486.45962259329,36479.111281488345,0.02014396964948693,3.8902214782865485e-12,0.0009576291815101001,19,converged,gap_residual_and_feasibility
764,0.3337802816971094,sMEL-ADMM,1.0,0.01,1.516958,36485.16214463594,36479.111281488345,0.016587200003053238,1.996736109788344e-13,0.006971239036580812,35,converged,gap_residual_and_feasibility
765,0.5512188534974878,IPOPT,1.0,1.0e-10,14.321088790893555,36479.11128157215,36479.11128148833,2.2977268022954228e-10,1.687538997430238e-14,NaN,33,INTERRUPTED,gap_and_residual
765,0.5512188534974878,MadNLP,1.0,0.01,19.675016403198242,36479.11128148832,36479.11128148833,1.9945545158814434e-14,1.2434497875801753e-14,NaN,34,LOCALLY_SOLVED,residual_tolerance_upper_bound
765,0.5512188534974878,ADMM,1.0,0.01,71.70867919921875,36588.97205159974,36479.11128148833,0.30116076365917027,9.65005853004186e-13,1.1342369915726476,6,converged,gap_callback_with_solver_termination
765,0.5512188534974878,MEL-ADMM,1.0,0.01,15.27547836303711,36486.17719095306,36479.11128148833,0.01936974124781603,4.0641934262453105e-12,0.009379143513584154,18,converged,gap_residual_and_feasibility
765,0.5512188534974878,sMEL-ADMM,1.0,0.01,1.200961,36486.662224525964,36479.11128148833,0.02069936128478288,2.0083934515469082e-13,0.008865810365035642,29,converged,gap_residual_and_feasibility
766,0.5561136528763756,IPOPT,1.0,1.0e-10,14.117956161499023,36479.11128157211,36479.111281488316,2.2971284359406594e-10,1.3322676295501878e-14,NaN,33,INTERRUPTED,gap_and_residual
766,0.5561136528763756,MadNLP,1.0,0.01,20.374059677124023,36479.11128148835,36479.111281488316,9.972772579407222e-14,1.4210854715202004e-14,NaN,34,LOCALLY_SOLVED,residual_tolerance_upper_bound
766,0.5561136528763756,ADMM,1.0,0.01,72.53026962280273,36588.97205174762,36479.111281488316,0.30116076406460346,1.866506948999813e-12,1.134236992357759,6,converged,gap_callback_with_solver_termination
766,0.5561136528763756,MEL-ADMM,1.0,0.01,15.206336975097656,36486.17719080106,36479.111281488316,0.01936974083119349,3.0819791163594346e-13,0.009379143493802644,18,converged,gap_residual_and_feasibility
766,0.5561136528763756,sMEL-ADMM,1.0,0.01,1.446793,36486.670365865924,36479.111281488316,0.020721679098152864,1.9972912213006566e-13,0.008962546498949564,29,converged,gap_residual_and_feasibility
767,0.7034261608398973,IPOPT,1.0,1.0e-10,13.451099395751953,36479.11128157192,36479.11128148837,2.290346950586659e-10,1.1546319456101628e-14,NaN,34,INTERRUPTED,gap_and_residual
767,0.7034261608398973,MadNLP,1.0,0.01,21.40498161315918,36479.11128148833,36479.11128148837,9.972772579407208e-14,1.3322676295501878e-14,NaN,35,LOCALLY_SOLVED,residual_tolerance_upper_bound
767,0.7034261608398973,ADMM,1.0,0.01,75.87909698486328,36634.73458241934,36479.11128148837,0.42660935385765547,6.049827305787403e-12,1.6157677394433394,6,converged,gap_callback_with_solver_termination
767,0.7034261608398973,MEL-ADMM,1.0,0.01,13.316154479980469,36486.46938620642,36479.11128148837,0.02017073459185371,1.3427037259816643e-12,0.006696920346720425,16,converged,gap_residual_and_feasibility
767,0.7034261608398973,sMEL-ADMM,1.0,0.01,1.1717929999999999,36486.62145818884,36479.11128148837,0.020587608734551344,1.9984014443252818e-13,0.009016451553733873,30,converged,gap_residual_and_feasibility
768,0.6332907490558539,IPOPT,1.0,1.0e-10,13.852834701538086,36479.11128148833,36479.11128148833,0.0,1.0658141036401503e-14,NaN,34,INTERRUPTED,gap_and_residual
768,0.6332907490558539,MadNLP,1.0,0.01,19.7601318359375,36479.11128148831,36479.11128148833,5.98366354764433e-14,1.2434497875801753e-14,NaN,35,LOCALLY_SOLVED,residual_tolerance_upper_bound
768,0.6332907490558539,ADMM,1.0,0.01,71.7461109161377,36571.93889451057,36479.11128148833,0.25446785779932873,2.9616309404900676e-12,1.1670300766657347,6,converged,gap_callback_with_solver_termination
768,0.6332907490558539,MEL-ADMM,1.0,0.01,16.308069229125977,36485.81388251569,36479.11128148833,0.018373805698395414,2.6771918015811025e-12,0.009854818524938302,18,converged,gap_residual_and_feasibility
768,0.6332907490558539,sMEL-ADMM,1.0,0.01,1.775797,36486.10843178819,36479.11128148833,0.019181252103064282,1.9950707752514063e-13,0.008458396343755226,32,converged,gap_residual_and_feasibility
769,0.4854041920288544,IPOPT,1.0,1.0e-10,14.279842376708984,36479.11128157214,36479.11128148833,2.2975273468438346e-10,1.0658141036401503e-14,NaN,33,INTERRUPTED,gap_and_residual
769,0.4854041920288544,MadNLP,1.0,0.01,21.551132202148438,36479.11128148831,36479.11128148833,5.98366354764433e-14,1.1546319456101628e-14,NaN,34,LOCALLY_SOLVED,residual_tolerance_upper_bound
769,0.4854041920288544,ADMM,1.0,0.01,75.51836967468262,36588.972046974966,36479.11128148833,0.30116075098130307,1.1659562204613394e-12,1.1342369825354792,6,converged,gap_callback_with_solver_termination
769,0.4854041920288544,MEL-ADMM,1.0,0.01,16.295909881591797,36486.177190762595,36479.11128148833,0.019369740725701495,1.0189626920009687e-12,0.009379143291372571,18,converged,gap_residual_and_feasibility
769,0.4854041920288544,sMEL-ADMM,1.0,0.01,1.127626,36486.557138449156,36479.11128148833,0.020411289363300663,1.995625886763719e-13,0.009022736074127735,29,converged,gap_residual_and_feasibility
770,0.5869833251907249,IPOPT,1.0,1.0e-10,19.448041915893555,36479.11128157204,36479.11128148834,2.294535515070012e-10,1.3322676295501878e-14,NaN,33,INTERRUPTED,gap_and_residual
770,0.5869833251907249,MadNLP,1.0,0.01,20.754098892211914,36479.11128148833,36479.11128148834,1.994554515881443e-14,1.4210854715202004e-14,NaN,34,LOCALLY_SOLVED,residual_tolerance_upper_bound
770,0.5869833251907249,ADMM,1.0,0.01,72.47257232666016,36594.84980026056,36479.11128148834,0.3172734058106217,3.273714632712199e-12,1.0747896668610561,6,converged,gap_callback_with_solver_termination
770,0.5869833251907249,MEL-ADMM,1.0,0.01,15.121221542358398,36486.11124568793,36479.11128148834,0.01918896583190982,1.7046364320094654e-12,0.009397404058653969,18,converged,gap_residual_and_feasibility
770,0.5869833251907249,sMEL-ADMM,1.0,0.01,1.500042,36486.72270511415,36479.11128148834,0.020865156409873898,2.000621890374532e-13,0.00955783830586654,29,converged,gap_residual_and_feasibility
771,0.5568232396987278,IPOPT,1.0,1.0e-10,14.625072479248047,36479.11128157213,36479.11128148832,2.297327891392247e-10,1.2434497875801753e-14,NaN,33,INTERRUPTED,gap_and_residual
771,0.5568232396987278,MadNLP,1.0,0.01,20.81918716430664,36479.111281488316,36479.11128148832,1.9945545158814437e-14,1.2434497875801753e-14,NaN,34,LOCALLY_SOLVED,residual_tolerance_upper_bound
771,0.5568232396987278,ADMM,1.0,0.01,71.90275192260742,36588.972051940305,36479.11128148832,0.3011607645927814,1.5625278848574453e-12,1.1342369933042278,6,converged,gap_callback_with_solver_termination
771,0.5568232396987278,MEL-ADMM,1.0,0.01,15.529870986938477,36486.177190868504,36479.11128148832,0.019369741016048797,1.8561818748707992e-12,0.009379143436603066,18,converged,gap_residual_and_feasibility
771,0.5568232396987278,sMEL-ADMM,1.0,0.01,1.242916,36486.67154905793,36479.11128148832,0.02072492257628792,2.000621890374532e-13,0.008976508471784328,29,converged,gap_residual_and_feasibility
772,0.6215838129155686,IPOPT,1.0,1.0e-10,12.771844863891602,36479.11128156985,36479.11128148834,2.2344994241419807e-10,1.2434497875801753e-14,NaN,33,INTERRUPTED,gap_and_residual
772,0.6215838129155686,MadNLP,1.0,0.01,19.83499526977539,36479.111281488316,36479.11128148834,5.983663547644329e-14,1.3322676295501878e-14,NaN,34,LOCALLY_SOLVED,residual_tolerance_upper_bound
772,0.6215838129155686,ADMM,1.0,0.01,72.10683822631836,36581.261249219046,36479.11128148834,0.28002318078002186,3.369304835132425e-12,1.1649774427605255,6,converged,gap_callback_with_solver_termination
772,0.6215838129155686,MEL-ADMM,1.0,0.01,15.528440475463867,36485.881989309986,36479.11128148834,0.01856050650302975,4.296007993787043e-12,0.009583687126804463,18,converged,gap_residual_and_feasibility
772,0.6215838129155686,sMEL-ADMM,1.0,0.01,1.497418,36486.09828482113,36479.11128148834,0.01915343627446147,2.0028423364237824e-13,0.008467337898293792,32,converged,gap_residual_and_feasibility
773,0.4003672830324921,IPOPT,1.0,1.0e-10,14.728069305419922,36479.11128157194,36479.11128148837,2.2909453169414236e-10,9.769962616701378e-15,NaN,33,INTERRUPTED,gap_and_residual
773,0.4003672830324921,MadNLP,1.0,0.01,20.251989364624023,36479.11128148835,36479.11128148837,3.989109031762883e-14,1.2434497875801753e-14,NaN,34,LOCALLY_SOLVED,residual_tolerance_upper_bound
773,0.4003672830324921,ADMM,1.0,0.01,72.7689266204834,36588.97205746368,36479.11128148837,0.30116077973386324,4.4630965589931293e-13,1.1342369990866912,6,converged,gap_callback_with_solver_termination
773,0.4003672830324921,MEL-ADMM,1.0,0.01,15.182256698608398,36486.17719079266,36479.11128148837,0.01936974080801674,4.4775294583132563e-13,0.009379143805112733,18,converged,gap_residual_and_feasibility
773,0.4003672830324921,sMEL-ADMM,1.0,0.01,1.617374,36485.52494505078,36479.11128148837,0.0175817429128845,2.0056178939853453e-13,0.0030729837252021497,35,converged,gap_residual_and_feasibility
774,0.5937584338128817,IPOPT,1.0,1.0e-10,14.091968536376953,36479.111281572004,36479.111281488345,2.2933387823604827e-10,1.687538997430238e-14,NaN,33,INTERRUPTED,gap_and_residual
774,0.5937584338128817,MadNLP,1.0,0.01,19.344806671142578,36479.111281488345,36479.111281488345,0.0,1.2434497875801753e-14,NaN,34,LOCALLY_SOLVED,residual_tolerance_upper_bound
774,0.5937584338128817,ADMM,1.0,0.01,75.54030418395996,36597.15488602948,36479.111281488345,0.3235923255647834,3.300359985303203e-12,1.0860360624055039,6,converged,gap_callback_with_solver_termination
774,0.5937584338128817,MEL-ADMM,1.0,0.01,15.625,36486.06509416048,36479.111281488345,0.019062450887247714,3.922973057512991e-12,0.009390821912401037,18,converged,gap_residual_and_feasibility
774,0.5937584338128817,sMEL-ADMM,1.0,0.01,1.4674550000000002,36486.73447587883,36479.111281488345,0.020897423546484085,2.000621890374532e-13,0.009686220865422257,29,converged,gap_residual_and_feasibility
775,0.5428174474025038,IPOPT,1.0,1.0e-10,13.979911804199219,36479.11128157213,36479.11128148833,2.2971284359406583e-10,1.3322676295501878e-14,NaN,33,INTERRUPTED,gap_and_residual
775,0.5428174474025038,MadNLP,1.0,0.01,20.85709571838379,36479.111281488345,36479.11128148833,3.989109031762887e-14,1.687538997430238e-14,NaN,34,LOCALLY_SOLVED,residual_tolerance_upper_bound
775,0.5428174474025038,ADMM,1.0,0.01,72.05891609191895,36588.97204685952,36479.11128148833,0.30116075066482706,1.4526158054195548e-12,1.1342369822366285,6,converged,gap_callback_with_solver_termination
775,0.5428174474025038,MEL-ADMM,1.0,0.01,15.607357025146484,36486.177190924565,36479.11128148833,0.019369741169709274,2.2086776851892864e-12,0.009379142945578955,18,converged,gap_residual_and_feasibility
775,0.5428174474025038,sMEL-ADMM,1.0,0.01,1.2141680000000001,36486.64829821355,36479.11128148833,0.020661185156238424,2.0106138975961585e-13,0.008697662678121887,29,converged,gap_residual_and_feasibility
776,0.6647639703651202,IPOPT,1.0,1.0e-10,14.122962951660156,36479.11134600407,36479.11128148833,1.7685667023012376e-7,1.4210854715202004e-14,NaN,33,INTERRUPTED,gap_and_residual
776,0.6647639703651202,MadNLP,1.0,0.01,20.460128784179688,36479.11128148834,36479.11128148833,1.9945545158814434e-14,1.2434497875801753e-14,NaN,35,LOCALLY_SOLVED,residual_tolerance_upper_bound
776,0.6647639703651202,ADMM,1.0,0.01,78.9794921875,36559.04723910449,36479.11128148833,0.21912802918727617,9.86322135076989e-13,1.124788411367656,6,converged,gap_callback_with_solver_termination
776,0.6647639703651202,MEL-ADMM,1.0,0.01,13.605594635009766,36486.14144948524,36479.11128148833,0.019271763346055036,4.666267372499533e-13,0.006191829403656257,16,converged,gap_residual_and_feasibility
776,0.6647639703651202,sMEL-ADMM,1.0,0.01,1.284127,36486.53388655836,36479.11128148833,0.020347549074742705,2.0017321133991572e-13,0.009929269962967169,30,converged,gap_residual_and_feasibility
777,0.5978858933580051,IPOPT,1.0,1.0e-10,14.137029647827148,36479.111281571946,36479.11128148834,2.291942594199366e-10,1.5987211554602254e-14,NaN,33,INTERRUPTED,gap_and_residual
777,0.5978858933580051,MadNLP,1.0,0.01,20.355939865112305,36479.111281488345,36479.11128148834,1.994554515881443e-14,1.2434497875801753e-14,NaN,34,LOCALLY_SOLVED,residual_tolerance_upper_bound
777,0.5978858933580051,ADMM,1.0,0.01,73.02570343017578,36599.1364511095,36479.11128148834,0.32902437971966547,1.2434497875801753e-12,1.144477022722512,6,converged,gap_callback_with_solver_termination
777,0.5978858933580051,MEL-ADMM,1.0,0.01,15.678882598876953,36486.036057501704,36479.11128148834,0.018982852844005037,5.0360826620021726e-12,0.009356547944154414,18,converged,gap_residual_and_feasibility
777,0.5978858933580051,sMEL-ADMM,1.0,0.01,1.174541,36486.741704290864,36479.11128148834,0.020917238755204272,2.0017321133991572e-13,0.009764248203634196,29,converged,gap_residual_and_feasibility
778,0.6355044634008673,IPOPT,1.0,1.0e-10,14.52183723449707,36479.11128148836,36479.11128148836,0.0,1.4210854715202004e-14,NaN,34,INTERRUPTED,gap_and_residual
778,0.6355044634008673,MadNLP,1.0,0.01,19.917011260986328,36479.111281488345,36479.11128148836,3.9891090317628836e-14,1.1546319456101628e-14,NaN,35,LOCALLY_SOLVED,residual_tolerance_upper_bound
778,0.6355044634008673,ADMM,1.0,0.01,71.17080688476562,36570.08697206384,36479.11128148836,0.24939119232776655,1.581401676276073e-12,1.1632602406663937,6,converged,gap_callback_with_solver_termination
778,0.6355044634008673,MEL-ADMM,1.0,0.01,14.556884765625,36485.79938067474,36479.11128148836,0.018334051876351277,1.3923306951824088e-12,0.009930231662609756,18,converged,gap_residual_and_feasibility
778,0.6355044634008673,sMEL-ADMM,1.0,0.01,1.5690840000000001,36486.110380745115,36479.11128148836,0.019186594768569144,2.0061730054976579e-13,0.008456594663657668,32,converged,gap_residual_and_feasibility
779,0.5530937717250616,IPOPT,1.0,1.0e-10,12.993812561035156,36479.111281572135,36479.11128148833,2.2973278913922465e-10,1.2434497875801753e-14,NaN,33,INTERRUPTED,gap_and_residual
779,0.5530937717250616,MadNLP,1.0,0.01,19.928932189941406,36479.11128148834,36479.11128148833,1.9945545158814434e-14,1.1546319456101628e-14,NaN,34,LOCALLY_SOLVED,residual_tolerance_upper_bound
779,0.5530937717250616,ADMM,1.0,0.01,69.23294067382812,36588.972051846795,36479.11128148833,0.30116076433642125,1.3802292642139946e-12,1.1342369935264642,6,converged,gap_callback_with_solver_termination
779,0.5530937717250616,MEL-ADMM,1.0,0.01,15.200614929199219,36486.177190876835,36479.11128148833,0.0193697410388665,1.878053268455915e-12,0.009379143373406507,18,converged,gap_residual_and_feasibility
779,0.5530937717250616,sMEL-ADMM,1.0,0.01,1.123457,36486.66533889444,36479.11128148833,0.02070789868705531,2.007283228522283e-13,0.008902952404424624,29,converged,gap_residual_and_feasibility
780,0.674598771981645,IPOPT,1.0,1.0e-10,14.750003814697266,36479.111346016405,36479.111281488345,1.768904380380776e-7,1.687538997430238e-14,NaN,33,INTERRUPTED,gap_and_residual
780,0.674598771981645,MadNLP,1.0,0.01,20.727157592773438,36479.111281488316,36479.111281488345,7.978218063525771e-14,1.0658141036401503e-14,NaN,35,LOCALLY_SOLVED,residual_tolerance_upper_bound
780,0.674598771981645,ADMM,1.0,0.01,78.7818431854248,36567.04767690428,36479.111281488345,0.2410595881499956,2.7166047189552955e-12,1.1229284613096429,6,converged,gap_callback_with_solver_termination
780,0.674598771981645,MEL-ADMM,1.0,0.01,13.864994049072266,36486.217954339445,36479.111281488345,0.019481485709071863,6.787903572558207e-13,0.005032446704779758,16,converged,gap_residual_and_feasibility
780,0.674598771981645,sMEL-ADMM,1.0,0.01,1.274583,36486.555493821324,36479.111281488345,0.020406780953451324,2.000621890374532e-13,0.009691764487699928,30,converged,gap_residual_and_feasibility
781,0.5764839233161475,IPOPT,1.0,1.0e-10,13.235092163085938,36479.11128157207,36479.11128148833,2.295532792327953e-10,1.4210854715202004e-14,NaN,33,INTERRUPTED,gap_and_residual
781,0.5764839233161475,MadNLP,1.0,0.01,19.192934036254883,36479.111281488316,36479.11128148833,3.989109031762887e-14,1.3322676295501878e-14,NaN,34,LOCALLY_SOLVED,residual_tolerance_upper_bound
781,0.5764839233161475,ADMM,1.0,0.01,69.43225860595703,36588.97205275261,36479.11128148833,0.3011607668195219,3.2220892620671293e-12,1.134236992541318,6,converged,gap_callback_with_solver_termination
781,0.5764839233161475,MEL-ADMM,1.0,0.01,15.141963958740234,36486.17719084032,36479.11128148833,0.019369740938759806,1.7505996652289468e-12,0.009379143636111031,18,converged,gap_residual_and_feasibility
781,0.5764839233161475,sMEL-ADMM,1.0,0.01,1.212998,36486.70468270005,36479.11128148833,0.020815751658880735,2.0028423364237824e-13,0.009357713748340046,29,converged,gap_residual_and_feasibility
782,0.5892550765693398,IPOPT,1.0,1.0e-10,13.015031814575195,36479.111281572026,36479.11128148834,2.2941366041668358e-10,1.1546319456101628e-14,NaN,33,INTERRUPTED,gap_and_residual
782,0.5892550765693398,MadNLP,1.0,0.01,19.350051879882812,36479.11128148833,36479.11128148834,1.994554515881443e-14,1.7763568394002505e-14,NaN,34,LOCALLY_SOLVED,residual_tolerance_upper_bound
782,0.5892550765693398,ADMM,1.0,0.01,71.46286964416504,36595.6723033269,36479.11128148834,0.3195281292329967,4.584110868677271e-13,1.070571921959166,6,converged,gap_callback_with_solver_termination
782,0.5892550765693398,MEL-ADMM,1.0,0.01,15.043020248413086,36486.09602029203,36479.11128148834,0.01914722853250723,4.608868842126412e-12,0.009401850839076964,18,converged,gap_residual_and_feasibility
782,0.5892550765693398,sMEL-ADMM,1.0,0.01,1.2321680000000002,36486.726639125874,36479.11128148834,0.02087594069595891,1.9950707752514063e-13,0.009600937022712586,29,converged,gap_residual_and_feasibility
783,0.6318106753798132,IPOPT,1.0,1.0e-10,14.89400863647461,36479.11128148834,36479.11128148834,0.0,1.1546319456101628e-14,NaN,34,INTERRUPTED,gap_and_residual
783,0.6318106753798132,MadNLP,1.0,0.01,20.46799659729004,36479.11128148835,36479.11128148834,3.989109031762886e-14,1.2434497875801753e-14,NaN,35,LOCALLY_SOLVED,residual_tolerance_upper_bound
783,0.6318106753798132,ADMM,1.0,0.01,76.11632347106934,36573.17574611721,36479.11128148834,0.25785843274258974,3.97015753605956e-13,1.1673561747799122,6,converged,gap_callback_with_solver_termination
783,0.6318106753798132,MEL-ADMM,1.0,0.01,15.529632568359375,36485.823204626264,36479.11128148834,0.018399360352102795,2.7635671528969397e-12,0.009803956611325049,18,converged,gap_residual_and_feasibility
783,0.6318106753798132,sMEL-ADMM,1.0,0.01,1.379333,36486.10713385174,36479.11128148834,0.01917769407654156,2.0050627824730327e-13,0.008459589136332824,32,converged,gap_residual_and_feasibility
784,0.6228523440078941,IPOPT,1.0,1.0e-10,14.234066009521484,36479.11128156964,36479.11128148834,2.2287152160459246e-10,1.1546319456101628e-14,NaN,33,INTERRUPTED,gap_and_residual
784,0.6228523440078941,MadNLP,1.0,0.01,19.968032836914062,36479.111281488345,36479.11128148834,1.994554515881443e-14,1.3322676295501878e-14,NaN,34,LOCALLY_SOLVED,residual_tolerance_upper_bound
784,0.6228523440078941,ADMM,1.0,0.01,72.85833358764648,36580.36403440302,36479.11128148834,0.2775636504227679,5.039302308773586e-13,1.16768079536795,6,converged,gap_callback_with_solver_termination
784,0.6228523440078941,MEL-ADMM,1.0,0.01,15.060901641845703,36485.87557293876,36479.11128148834,0.018542917337620386,1.9908519277578307e-12,0.009588436108805887,18,converged,gap_residual_and_feasibility
784,0.6228523440078941,sMEL-ADMM,1.0,0.01,1.215376,36486.09937063795,36479.11128148834,0.019156412818533405,2.0061730054976579e-13,0.00846643997662433,32,converged,gap_residual_and_feasibility
785,0.7450807174989436,IPOPT,1.0,1.0e-10,14.39213752746582,36479.11128157002,36479.11128148834,2.239086899528508e-10,1.2434497875801753e-14,NaN,34,INTERRUPTED,gap_and_residual
785,0.7450807174989436,MadNLP,1.0,0.01,20.561933517456055,36479.111281488345,36479.11128148834,1.994554515881443e-14,1.3322676295501878e-14,NaN,35,LOCALLY_SOLVED,residual_tolerance_upper_bound
785,0.7450807174989436,ADMM,1.0,0.01,90.62933921813965,36532.21488230142,36479.11128148834,0.1455726275876438,3.5672576004230905e-12,0.8342139815214153,7,converged,gap_callback_with_solver_termination
785,0.7450807174989436,MEL-ADMM,1.0,0.01,14.098882675170898,36485.72735779869,36479.11128148834,0.018136615937000063,8.424372310855688e-13,0.008701749231111222,17,converged,gap_residual_and_feasibility
785,0.7450807174989436,sMEL-ADMM,1.0,0.01,1.3194190000000001,36486.724833554355,36479.11128148834,0.020870991092046858,2.000621890374532e-13,0.008133066650124476,30,converged,gap_residual_and_feasibility
786,0.5653633673891703,IPOPT,1.0,1.0e-10,12.784957885742188,36479.11128157211,36479.1112814883,2.2975273468438364e-10,1.1546319456101628e-14,NaN,33,INTERRUPTED,gap_and_residual
786,0.5653633673891703,MadNLP,1.0,0.01,19.817113876342773,36479.111281488345,36479.1112814883,1.196732709528867e-13,1.1546319456101628e-14,NaN,34,LOCALLY_SOLVED,residual_tolerance_upper_bound
786,0.5653633673891703,ADMM,1.0,0.01,70.07479667663574,36588.97205256497,36479.1112814883,0.3011607663052263,2.0241586184965854e-12,1.1342369944837687,6,converged,gap_callback_with_solver_termination
786,0.5653633673891703,MEL-ADMM,1.0,0.01,15.812397003173828,36486.177190741066,36479.1112814883,0.019369740666762423,8.488765246283947e-13,0.00937914362923209,18,converged,gap_residual_and_feasibility
786,0.5653633673891703,sMEL-ADMM,1.0,0.01,1.120916,36486.6858537105,36479.1112814883,0.020764135846812637,2.0028423364237824e-13,0.00914336196656862,29,converged,gap_residual_and_feasibility
787,0.7421319441277965,IPOPT,1.0,1.0e-10,14.335870742797852,36479.11128157216,36479.11128148831,2.2985246241017767e-10,1.1546319456101628e-14,NaN,34,INTERRUPTED,gap_and_residual
787,0.7421319441277965,MadNLP,1.0,0.01,21.24619483947754,36479.111281488316,36479.11128148831,1.9945545158814446e-14,1.687538997430238e-14,NaN,35,LOCALLY_SOLVED,residual_tolerance_upper_bound
787,0.7421319441277965,ADMM,1.0,0.01,89.68591690063477,36535.57119229027,36479.11128148831,0.1547732628854153,1.5494272531668685e-12,0.8411113823897196,7,converged,gap_callback_with_solver_termination
787,0.7421319441277965,MEL-ADMM,1.0,0.01,13.734102249145508,36485.7021152914,36479.11128148831,0.018067418781766494,8.589795541524836e-13,0.009071340535724559,17,converged,gap_residual_and_feasibility
787,0.7421319441277965,sMEL-ADMM,1.0,0.01,1.2116220000000002,36486.71743389655,36479.11128148831,0.02085070644826685,2.0083934515469082e-13,0.008191085938429765,30,converged,gap_residual_and_feasibility
788,0.6610790301590233,IPOPT,1.0,1.0e-10,13.552188873291016,36479.1113460069,36479.11128148835,1.7686436921055498e-7,1.1546319456101628e-14,NaN,33,INTERRUPTED,gap_and_residual
788,0.6610790301590233,MadNLP,1.0,0.01,20.45607566833496,36479.11128148834,36479.11128148835,3.989109031762884e-14,1.4210854715202004e-14,NaN,35,LOCALLY_SOLVED,residual_tolerance_upper_bound
788,0.6610790301590233,ADMM,1.0,0.01,75.62589645385742,36558.125903363965,36479.11128148835,0.21660237626378062,2.8961277820371834e-12,1.1292106598805365,6,converged,gap_callback_with_solver_termination
788,0.6610790301590233,MEL-ADMM,1.0,0.01,13.53311538696289,36486.109241825936,36479.11128148835,0.01918347265530667,1.2829737272568309e-12,0.0067185493805821395,16,converged,gap_residual_and_feasibility
788,0.6610790301590233,sMEL-ADMM,1.0,0.01,1.264832,36486.13803313336,36479.11128148835,0.019262398118151954,2.0028423364237824e-13,0.00843749971826746,32,converged,gap_residual_and_feasibility
789,0.7148180026827617,IPOPT,1.0,1.0e-10,13.314962387084961,36479.111281571815,36479.11128148833,2.288551851522368e-10,1.1546319456101628e-14,NaN,34,INTERRUPTED,gap_and_residual
789,0.7148180026827617,MadNLP,1.0,0.01,19.99497413635254,36479.11128148837,36479.11128148833,9.972772579407217e-14,1.4210854715202004e-14,NaN,35,LOCALLY_SOLVED,residual_tolerance_upper_bound
789,0.7148180026827617,ADMM,1.0,0.01,77.14962959289551,36686.46752689857,36479.11128148833,0.5684246082920902,6.98530122633656e-12,1.8787451769014716,6,converged,gap_callback_with_solver_termination
789,0.7148180026827617,MEL-ADMM,1.0,0.01,13.84115219116211,36486.58617021383,36479.11128148833,0.020490873990371847,7.688294445529209e-13,0.008622054760806463,16,converged,gap_residual_and_feasibility
789,0.7148180026827617,sMEL-ADMM,1.0,0.01,1.241417,36486.64947151761,36479.11128148833,0.02066440152861696,2.0061730054976579e-13,0.008759883819022818,30,converged,gap_residual_and_feasibility
790,0.5753357296014969,IPOPT,1.0,1.0e-10,13.025045394897461,36479.11128157209,36479.11128148833,2.2961311586827176e-10,1.4210854715202004e-14,NaN,33,INTERRUPTED,gap_and_residual
790,0.5753357296014969,MadNLP,1.0,0.01,19.176959991455078,36479.11128148836,36479.11128148833,7.978218063525773e-14,1.4210854715202004e-14,NaN,34,LOCALLY_SOLVED,residual_tolerance_upper_bound
790,0.5753357296014969,ADMM,1.0,0.01,69.42248344421387,36588.972053201185,36479.11128148833,0.30116076804920466,2.9101165921474603e-12,1.1342369951578481,6,converged,gap_callback_with_solver_termination
790,0.5753357296014969,MEL-ADMM,1.0,0.01,16.01386070251465,36486.17719094854,36479.11128148833,0.019369741235429845,3.4888758548845544e-12,0.009379143368296816,18,converged,gap_residual_and_feasibility
790,0.5753357296014969,sMEL-ADMM,1.0,0.01,1.287416,36486.702726904885,36479.11128148833,0.02081039024765497,2.0095036745715333e-13,0.009335712337296798,29,converged,gap_residual_and_feasibility
791,0.5157092219668262,IPOPT,1.0,1.0e-10,13.777017593383789,36479.11128157213,36479.11128148833,2.2971284359406583e-10,1.509903313490213e-14,NaN,33,INTERRUPTED,gap_and_residual
791,0.5157092219668262,MadNLP,1.0,0.01,19.176959991455078,36479.11128148834,36479.11128148833,1.9945545158814434e-14,9.769962616701378e-15,NaN,34,LOCALLY_SOLVED,residual_tolerance_upper_bound
791,0.5157092219668262,ADMM,1.0,0.01,75.16026496887207,36588.9720486948,36479.11128148833,0.3011607556958715,2.5845992013273644e-12,1.1342369921855475,6,converged,gap_callback_with_solver_termination
791,0.5157092219668262,MEL-ADMM,1.0,0.01,15.414714813232422,36486.177190978786,36479.11128148833,0.019369741318343476,3.7767566851698575e-12,0.00937914307223675,18,converged,gap_residual_and_feasibility
791,0.5157092219668262,sMEL-ADMM,1.0,0.01,1.237495,36486.60449201136,36479.11128148833,0.020541099439654546,2.0050627824730327e-13,0.008575758257558519,29,converged,gap_residual_and_feasibility
792,0.4562242296651821,IPOPT,1.0,1.0e-10,13.51308822631836,36479.11128157209,36479.11128148835,2.2955327923279518e-10,1.509903313490213e-14,NaN,33,INTERRUPTED,gap_and_residual
792,0.4562242296651821,MadNLP,1.0,0.01,19.745826721191406,36479.11128148835,36479.11128148835,0.0,1.687538997430238e-14,NaN,34,LOCALLY_SOLVED,residual_tolerance_upper_bound
792,0.4562242296651821,ADMM,1.0,0.01,72.51954078674316,36588.97205433223,36479.11128148835,0.30116077114967965,2.001065979584382e-12,1.1342369959332776,6,converged,gap_callback_with_solver_termination
792,0.4562242296651821,MEL-ADMM,1.0,0.01,15.421628952026367,36486.17719090811,36479.11128148835,0.019369741124532602,2.150279954094003e-12,0.009379143187345562,18,converged,gap_residual_and_feasibility
792,0.4562242296651821,sMEL-ADMM,1.0,0.01,1.460163,36485.78501610268,36479.11128148835,0.018294674348916785,2.0039525594484076e-13,0.009710737523610208,33,converged,gap_residual_and_feasibility
793,0.3974001972311764,IPOPT,1.0,1.0e-10,14.523029327392578,36479.111281571946,36479.11128148833,2.2921420496509548e-10,1.4210854715202004e-14,NaN,33,INTERRUPTED,gap_and_residual
793,0.3974001972311764,MadNLP,1.0,0.01,19.814014434814453,36479.11128148837,36479.11128148833,9.972772579407217e-14,1.2434497875801753e-14,NaN,34,LOCALLY_SOLVED,residual_tolerance_upper_bound
793,0.3974001972311764,ADMM,1.0,0.01,72.79443740844727,36588.97205708084,36479.11128148833,0.3011607786844885,4.843347944927245e-13,1.1342369963906895,6,converged,gap_callback_with_solver_termination
793,0.3974001972311764,MEL-ADMM,1.0,0.01,15.836477279663086,36486.17719092377,36479.11128148833,0.01936974116753521,3.788913627289503e-12,0.009379143729249861,18,converged,gap_residual_and_feasibility
793,0.3974001972311764,sMEL-ADMM,1.0,0.01,1.5279580000000001,36485.33661357616,36479.11128148833,0.017065470810932248,2.0011770018868447e-13,0.008211045983756549,34,converged,gap_residual_and_feasibility
794,0.5920159165070101,IPOPT,1.0,1.0e-10,12.997865676879883,36479.11128157199,36479.11128148835,2.292740416005718e-10,1.2434497875801753e-14,NaN,33,INTERRUPTED,gap_and_residual
794,0.5920159165070101,MadNLP,1.0,0.01,20.10202407836914,36479.11128148834,36479.11128148835,3.989109031762884e-14,1.1546319456101628e-14,NaN,34,LOCALLY_SOLVED,residual_tolerance_upper_bound
794,0.5920159165070101,ADMM,1.0,0.01,71.31195068359375,36596.47653297962,36479.11128148835,0.32173275984063326,2.2528645615693677e-12,1.0615978200387346,6,converged,gap_callback_with_solver_termination
794,0.5920159165070101,MEL-ADMM,1.0,0.01,15.305519104003906,36486.077669153536,36479.11128148835,0.019096922650958734,4.085620730620576e-13,0.009402426167079092,18,converged,gap_residual_and_feasibility
794,0.5920159165070101,sMEL-ADMM,1.0,0.01,1.196919,36486.73143743876,36479.11128148835,0.020889094286327122,2.007283228522283e-13,0.009653242759512182,29,converged,gap_residual_and_feasibility
795,0.4592118616353414,IPOPT,1.0,1.0e-10,13.010025024414062,36479.11128157211,36479.111281488345,2.296330614134305e-10,1.2434497875801753e-14,NaN,33,INTERRUPTED,gap_and_residual
795,0.4592118616353414,MadNLP,1.0,0.01,19.72508430480957,36479.111281488345,36479.111281488345,0.0,1.0658141036401503e-14,NaN,34,LOCALLY_SOLVED,residual_tolerance_upper_bound
795,0.4592118616353414,ADMM,1.0,0.01,70.90973854064941,36588.972053777085,36479.111281488345,0.3011607696278745,3.907985046680551e-13,1.1342369939258425,6,converged,gap_callback_with_solver_termination
795,0.4592118616353414,MEL-ADMM,1.0,0.01,15.351057052612305,36486.17719094113,36479.111281488345,0.019369741215085383,2.480071703558906e-12,0.009379142875736157,18,converged,gap_residual_and_feasibility
795,0.4592118616353414,sMEL-ADMM,1.0,0.01,1.3185,36485.82819262428,36479.111281488345,0.018413033925366386,2.0017321133991572e-13,0.008244485028349402,33,converged,gap_residual_and_feasibility
796,0.3865424502683664,IPOPT,1.0,1.0e-10,13.006210327148438,36479.11128157189,36479.11128148834,2.290346950586661e-10,1.3322676295501878e-14,NaN,33,INTERRUPTED,gap_and_residual
796,0.3865424502683664,MadNLP,1.0,0.01,19.501924514770508,36479.11128148834,36479.11128148834,0.0,1.509903313490213e-14,NaN,34,LOCALLY_SOLVED,residual_tolerance_upper_bound
796,0.3865424502683664,ADMM,1.0,0.01,69.58484649658203,36591.843925974186,36479.11128148834,0.30903341810044416,1.4752088439706768e-12,1.0987603131577748,6,converged,gap_callback_with_solver_termination
796,0.3865424502683664,MEL-ADMM,1.0,0.01,15.55490493774414,36486.14359565513,36479.11128148834,0.01927764663049527,3.0730973321624333e-13,0.009427783051338068,18,converged,gap_residual_and_feasibility
796,0.3865424502683664,sMEL-ADMM,1.0,0.01,1.4267889999999999,36485.25758350803,36479.11128148834,0.01684882609190305,2.0056178939853453e-13,0.005712189467306672,34,converged,gap_residual_and_feasibility
797,0.6704662300912608,IPOPT,1.0,1.0e-10,14.904975891113281,36479.111281559235,36479.11128148836,1.9428955539201125e-10,1.2434497875801753e-14,NaN,34,INTERRUPTED,gap_and_residual
797,0.6704662300912608,MadNLP,1.0,0.01,21.630048751831055,36479.11128148832,36479.11128148836,9.972772579407209e-14,1.509903313490213e-14,NaN,35,LOCALLY_SOLVED,residual_tolerance_upper_bound
797,0.6704662300912608,ADMM,1.0,0.01,75.03271102905273,36562.98302765606,36479.11128148836,0.22991718608633446,1.0629275237761249e-12,1.1232348839562398,6,converged,gap_callback_with_solver_termination
797,0.6704662300912608,MEL-ADMM,1.0,0.01,13.305425643920898,36486.18601244724,36479.11128148836,0.019393923564324966,3.976707851904848e-12,0.005520403603195945,16,converged,gap_residual_and_feasibility
797,0.6704662300912608,sMEL-ADMM,1.0,0.01,1.347081,36486.54637119474,36479.11128148836,0.02038177314410279,1.9961809982760315e-13,0.009791368980712534,30,converged,gap_residual_and_feasibility
798,0.40993138939884877,IPOPT,1.0,1.0e-10,13.019084930419922,36479.111281572,36479.11128148834,2.2933387823604832e-10,1.2434497875801753e-14,NaN,33,INTERRUPTED,gap_and_residual
798,0.40993138939884877,MadNLP,1.0,0.01,19.515037536621094,36479.11128148835,36479.11128148834,3.989109031762886e-14,1.1546319456101628e-14,NaN,34,LOCALLY_SOLVED,residual_tolerance_upper_bound
798,0.40993138939884877,ADMM,1.0,0.01,69.44417953491211,36588.97205645012,36479.11128148834,0.30116077695546895,1.467492793949532e-12,1.1342369959810163,6,converged,gap_callback_with_solver_termination
798,0.40993138939884877,MEL-ADMM,1.0,0.01,15.725135803222656,36486.17719082314,36479.11128148834,0.019369740891648425,1.4607204334993185e-12,0.009379143864173045,18,converged,gap_residual_and_feasibility
798,0.40993138939884877,sMEL-ADMM,1.0,0.01,1.548874,36485.61145608339,36479.11128148834,0.017818895161376677,2.0017321133991572e-13,0.006778915966533461,35,converged,gap_residual_and_feasibility
799,0.5449035782299121,IPOPT,1.0,1.0e-10,13.936996459960938,36479.111281572135,36479.11128148832,2.2975273468438352e-10,1.4210854715202004e-14,NaN,33,INTERRUPTED,gap_and_residual
799,0.5449035782299121,MadNLP,1.0,0.01,19.3328857421875,36479.11128148832,36479.11128148832,0.0,1.0658141036401503e-14,NaN,34,LOCALLY_SOLVED,residual_tolerance_upper_bound
799,0.5449035782299121,ADMM,1.0,0.01,71.01869583129883,36588.97204806089,36479.11128148832,0.3011607539581558,3.0229152514493762e-12,1.1342369896337416,6,converged,gap_callback_with_solver_termination
799,0.5449035782299121,MEL-ADMM,1.0,0.01,15.65694808959961,36486.177190844224,36479.11128148832,0.019369740949490514,1.0543788064865112e-12,0.009379143395639389,18,converged,gap_residual_and_feasibility
799,0.5449035782299121,sMEL-ADMM,1.0,0.01,1.226957,36486.65174944926,36479.11128148832,0.02067064601094354,2.0017321133991572e-13,0.008739627881226397,29,converged,gap_residual_and_feasibility
800,0.5756063086713493,IPOPT,1.0,1.0e-10,13.53001594543457,36479.1112815721,36479.11128148833,2.2963306141343057e-10,1.4210854715202004e-14,NaN,33,INTERRUPTED,gap_and_residual
800,0.5756063086713493,MadNLP,1.0,0.01,19.55699920654297,36479.11128148834,36479.11128148833,1.9945545158814434e-14,1.4210854715202004e-14,NaN,34,LOCALLY_SOLVED,residual_tolerance_upper_bound
800,0.5756063086713493,ADMM,1.0,0.01,70.50681114196777,36588.97205263359,36479.11128148833,0.3011607664932527,3.4205971388701073e-12,1.1342369897411286,6,converged,gap_callback_with_solver_termination
800,0.5756063086713493,MEL-ADMM,1.0,0.01,15.654802322387695,36486.17719088794,36479.11128148833,0.0193697410693034,1.6678880498943727e-12,0.009379143239304888,18,converged,gap_residual_and_feasibility
800,0.5756063086713493,sMEL-ADMM,1.0,0.01,1.162169,36486.703187544954,36479.11128148833,0.02081165299790502,2.0028423364237824e-13,0.009340899513807344,29,converged,gap_residual_and_feasibility
801,0.4352471987743773,IPOPT,1.0,1.0e-10,12.904882431030273,36479.11128157203,36479.11128148835,2.2939371487152466e-10,1.1546319456101628e-14,NaN,33,INTERRUPTED,gap_and_residual
801,0.4352471987743773,MadNLP,1.0,0.01,19.6840763092041,36479.11128148835,36479.11128148835,0.0,1.3322676295501878e-14,NaN,34,LOCALLY_SOLVED,residual_tolerance_upper_bound
801,0.4352471987743773,ADMM,1.0,0.01,71.09808921813965,36588.97205471461,36479.11128148835,0.30116077219789783,2.1073143230410096e-12,1.1342369905974063,6,converged,gap_callback_with_solver_termination
801,0.4352471987743773,MEL-ADMM,1.0,0.01,15.891313552856445,36486.177190950446,36479.11128148835,0.01936974124059573,3.4961478156958492e-12,0.009379143315375593,18,converged,gap_residual_and_feasibility
801,0.4352471987743773,sMEL-ADMM,1.0,0.01,1.344833,36485.689611160975,36479.11128148835,0.01803314127326461,2.0028423364237824e-13,0.00941544661661764,34,converged,gap_residual_and_feasibility
802,0.2509744518991284,IPOPT,1.0,1.0e-10,14.075040817260742,36479.111281571495,36479.11128148835,2.2791774452977241e-10,1.1546319456101628e-14,NaN,34,INTERRUPTED,gap_and_residual
802,0.2509744518991284,MadNLP,1.0,0.01,20.746946334838867,36479.11128148833,36479.11128148835,5.983663547644327e-14,1.2434497875801753e-14,NaN,35,LOCALLY_SOLVED,residual_tolerance_upper_bound
802,0.2509744518991284,ADMM,1.0,0.01,77.18062400817871,36664.48637598198,36479.11128148835,0.5081677924201398,3.652689262167996e-12,1.8381914673337172,6,converged,gap_callback_with_solver_termination
802,0.2509744518991284,MEL-ADMM,1.0,0.01,13.247489929199219,36486.62731859197,36479.11128148835,0.020603673827526127,3.82804898890754e-13,0.00873230338480191,16,converged,gap_residual_and_feasibility
802,0.2509744518991284,sMEL-ADMM,1.0,0.01,1.6103750000000001,36485.29508337236,36479.11128148835,0.016951624276944126,1.9961809982760315e-13,0.0069176775359522935,39,converged,gap_residual_and_feasibility
803,0.47663616395029845,IPOPT,1.0,1.0e-10,13.624906539916992,36479.111281572106,36479.11128148834,2.2963306141343055e-10,1.4210854715202004e-14,NaN,33,INTERRUPTED,gap_and_residual
803,0.47663616395029845,MadNLP,1.0,0.01,19.201993942260742,36479.11128148834,36479.11128148834,0.0,1.1546319456101628e-14,NaN,34,LOCALLY_SOLVED,residual_tolerance_upper_bound
803,0.47663616395029845,ADMM,1.0,0.01,70.50108909606934,36588.97204879282,36479.11128148834,0.3011607559645578,1.2184697695261093e-12,1.1342369934300578,6,converged,gap_callback_with_solver_termination
803,0.47663616395029845,MEL-ADMM,1.0,0.01,15.545129776000977,36486.17719098107,36479.11128148834,0.01936974132458643,4.308275958209151e-12,0.009379143110584742,18,converged,gap_residual_and_feasibility
803,0.47663616395029845,sMEL-ADMM,1.0,0.01,1.167502,36486.54123128003,36479.11128148834,0.02036768312243649,2.0028423364237824e-13,0.009122387818381483,29,converged,gap_residual_and_feasibility
804,0.26960592287016333,IPOPT,1.0,1.0e-10,13.94796371459961,36479.111281571495,36479.11128148835,2.2791774452977241e-10,9.769962616701378e-15,NaN,34,INTERRUPTED,gap_and_residual
804,0.26960592287016333,MadNLP,1.0,0.01,20.076990127563477,36479.111281488345,36479.11128148835,1.994554515881442e-14,1.3322676295501878e-14,NaN,35,LOCALLY_SOLVED,residual_tolerance_upper_bound
804,0.26960592287016333,ADMM,1.0,0.01,76.23672485351562,36597.633400503764,36479.11128148835,0.3249040748302349,6.41908748377773e-12,1.420109646067544,6,converged,gap_callback_with_solver_termination
804,0.26960592287016333,MEL-ADMM,1.0,0.01,13.335227966308594,36486.457037624656,36479.11128148835,0.020136883488251593,2.957634137601417e-13,0.005810270051415323,16,converged,gap_residual_and_feasibility
804,0.26960592287016333,sMEL-ADMM,1.0,0.01,1.4732530000000001,36485.030066334395,36479.11128148835,0.016225134434801704,1.995625886763719e-13,0.007198150828974903,39,converged,gap_residual_and_feasibility
805,0.5130420454795059,IPOPT,1.0,1.0e-10,12.777090072631836,36479.11128157212,36479.111281488345,2.296530069585893e-10,1.2434497875801753e-14,NaN,33,INTERRUPTED,gap_and_residual
805,0.5130420454795059,MadNLP,1.0,0.01,19.831180572509766,36479.11128148834,36479.111281488345,1.9945545158814427e-14,1.4210854715202004e-14,NaN,34,LOCALLY_SOLVED,residual_tolerance_upper_bound
805,0.5130420454795059,ADMM,1.0,0.01,70.97768783569336,36588.972047217605,36479.111281488345,0.3011607516464071,4.218847493575595e-13,1.1342369853852334,6,converged,gap_callback_with_solver_termination
805,0.5130420454795059,MEL-ADMM,1.0,0.01,15.348672866821289,36486.177190904345,36479.111281488345,0.019369741114240707,2.6136870445725435e-12,0.009379143266073697,18,converged,gap_residual_and_feasibility
805,0.5130420454795059,sMEL-ADMM,1.0,0.01,1.090209,36486.600221233995,36479.111281488345,0.0205293919795966,2.0050627824730327e-13,0.008611555823190287,29,converged,gap_residual_and_feasibility
806,0.6696953093600115,IPOPT,1.0,1.0e-10,14.527082443237305,36479.11128155888,36479.11128148834,1.933720603147059e-10,1.4210854715202004e-14,NaN,34,INTERRUPTED,gap_and_residual
806,0.6696953093600115,MadNLP,1.0,0.01,20.546913146972656,36479.11128148834,36479.11128148834,0.0,1.1546319456101628e-14,NaN,35,LOCALLY_SOLVED,residual_tolerance_upper_bound
806,0.6696953093600115,ADMM,1.0,0.01,75.90723037719727,36562.34597739181,36479.11128148834,0.2281708434758596,1.1610712391529887e-12,1.1232676995274318,6,converged,gap_callback_with_solver_termination
806,0.6696953093600115,MEL-ADMM,1.0,0.01,13.568878173828125,36486.180256206964,36479.11128148834,0.019378144012552573,2.3145929617385264e-12,0.005610192030302663,16,converged,gap_residual_and_feasibility
806,0.6696953093600115,sMEL-ADMM,1.0,0.01,1.165038,36486.54467638632,36479.11128148834,0.020377127174575554,1.999511667349907e-13,0.009809985886464645,30,converged,gap_residual_and_feasibility
807,0.36068637547291343,IPOPT,1.0,1.0e-10,12.501955032348633,36479.11128157067,36479.11128148833,2.2572373456230295e-10,1.2434497875801753e-14,NaN,33,INTERRUPTED,gap_and_residual
807,0.36068637547291343,MadNLP,1.0,0.01,20.23792266845703,36479.111281488345,36479.11128148833,3.989109031762887e-14,1.3322676295501878e-14,NaN,34,LOCALLY_SOLVED,residual_tolerance_upper_bound
807,0.36068637547291343,ADMM,1.0,0.01,70.53947448730469,36589.216730515574,36479.11128148833,0.30183150071179954,1.0493272917244667e-12,1.1561793952702084,6,converged,gap_callback_with_solver_termination
807,0.36068637547291343,MEL-ADMM,1.0,0.01,15.689849853515625,36485.96634579557,36479.11128148833,0.018791752502798204,4.32542890393961e-13,0.009539108977552502,18,converged,gap_residual_and_feasibility
807,0.36068637547291343,sMEL-ADMM,1.0,0.01,1.575707,36485.43029826909,36479.11128148833,0.017322288177478468,2.0000667788622195e-13,0.0072151116770555745,36,converged,gap_residual_and_feasibility
808,0.42420790565598226,IPOPT,1.0,1.0e-10,13.705015182495117,36479.11128157205,36479.111281488345,2.2945355150700116e-10,1.3322676295501878e-14,NaN,33,INTERRUPTED,gap_and_residual
808,0.42420790565598226,MadNLP,1.0,0.01,19.57106590270996,36479.11128148833,36479.111281488345,3.9891090317628855e-14,1.3322676295501878e-14,NaN,34,LOCALLY_SOLVED,residual_tolerance_upper_bound
808,0.42420790565598226,ADMM,1.0,0.01,69.72813606262207,36588.972056134124,36479.111281488345,0.30116077608921393,3.6867731090239886e-12,1.1342369977173243,6,converged,gap_callback_with_solver_termination
808,0.42420790565598226,MEL-ADMM,1.0,0.01,15.274524688720703,36486.1771910601,36479.111281488345,0.019369741541214992,6.343037206590907e-12,0.009379143303561932,18,converged,gap_residual_and_feasibility
808,0.42420790565598226,sMEL-ADMM,1.0,0.01,1.433664,36485.871176136665,36479.111281488345,0.018530864406638738,2.0028423364237824e-13,0.006999130722217473,36,converged,gap_residual_and_feasibility
809,0.40838176193067194,IPOPT,1.0,1.0e-10,13.038873672485352,36479.11128157198,36479.11128148835,2.2925409605541298e-10,9.769962616701378e-15,NaN,33,INTERRUPTED,gap_and_residual
809,0.40838176193067194,MadNLP,1.0,0.01,19.4551944732666,36479.111281488345,36479.11128148835,1.994554515881442e-14,1.3322676295501878e-14,NaN,34,LOCALLY_SOLVED,residual_tolerance_upper_bound
809,0.40838176193067194,ADMM,1.0,0.01,70.18661499023438,36588.972056540006,36479.11128148835,0.3011607772018362,1.9746981827495347e-12,1.1342369953064138,6,converged,gap_callback_with_solver_termination
809,0.40838176193067194,MEL-ADMM,1.0,0.01,15.332460403442383,36486.17719100631,36479.11128148835,0.019369741393737625,6.139144748118497e-12,0.00937914377813609,18,converged,gap_residual_and_feasibility
809,0.40838176193067194,sMEL-ADMM,1.0,0.01,1.5873300000000001,36485.59595385341,36479.11128148835,0.01777639897808039,2.0067281170099704e-13,0.00604405836084787,35,converged,gap_residual_and_feasibility
810,0.4341957525283303,IPOPT,1.0,1.0e-10,14.236927032470703,36479.11128157205,36479.11128148835,2.294336059618423e-10,1.4210854715202004e-14,NaN,33,INTERRUPTED,gap_and_residual
810,0.4341957525283303,MadNLP,1.0,0.01,20.025014877319336,36479.11128148835,36479.11128148835,0.0,1.3322676295501878e-14,NaN,34,LOCALLY_SOLVED,residual_tolerance_upper_bound
810,0.4341957525283303,ADMM,1.0,0.01,71.69699668884277,36588.97205498402,36479.11128148835,0.3011607729364215,6.708522626297508e-13,1.1342369939654722,6,converged,gap_callback_with_solver_termination
810,0.4341957525283303,MEL-ADMM,1.0,0.01,15.132665634155273,36486.17719079193,36479.11128148835,0.019369740806062085,8.850142840799435e-13,0.009379143199425677,18,converged,gap_residual_and_feasibility
810,0.4341957525283303,sMEL-ADMM,1.0,0.01,1.6097080000000001,36485.68268429327,36479.11128148835,0.018014152686481367,2.0000667788622195e-13,0.008779037478646945,34,converged,gap_residual_and_feasibility
811,0.325309333297812,IPOPT,1.0,1.0e-10,15.060901641845703,36479.11134601274,36479.111281488345,1.7688038548331753e-7,1.687538997430238e-14,NaN,33,INTERRUPTED,gap_and_residual
811,0.325309333297812,MadNLP,1.0,0.01,21.162033081054688,36479.11128148835,36479.111281488345,1.9945545158814427e-14,1.4210854715202004e-14,NaN,35,LOCALLY_SOLVED,residual_tolerance_upper_bound
811,0.325309333297812,ADMM,1.0,0.01,81.06231689453125,36560.49709549981,36479.111281488345,0.22310251306140783,1.9670931550308524e-12,1.1432747965111787,6,converged,gap_callback_with_solver_termination
811,0.325309333297812,MEL-ADMM,1.0,0.01,14.456510543823242,36486.02612174579,36479.111281488345,0.018955616007432303,3.739231146937527e-13,0.008976769871081203,16,converged,gap_residual_and_feasibility
811,0.325309333297812,sMEL-ADMM,1.0,0.01,1.577417,36485.04443443261,36479.111281488345,0.016264521628505585,1.9961809982760315e-13,0.00834322015381872,35,converged,gap_residual_and_feasibility
812,0.6432181893290159,IPOPT,1.0,1.0e-10,14.539003372192383,36479.1112815757,36479.11128148834,2.394861607218849e-10,1.0658141036401503e-14,NaN,34,INTERRUPTED,gap_and_residual
812,0.6432181893290159,MadNLP,1.0,0.01,20.604848861694336,36479.11128148833,36479.11128148834,1.994554515881443e-14,1.3322676295501878e-14,NaN,35,LOCALLY_SOLVED,residual_tolerance_upper_bound
812,0.6432181893290159,ADMM,1.0,0.01,77.33869552612305,36564.28916272992,36479.11128148834,0.23349768744175492,1.1434186930614487e-12,1.1484962709226831,6,converged,gap_callback_with_solver_termination
812,0.6432181893290159,MEL-ADMM,1.0,0.01,13.583898544311523,36485.984540797486,36479.11128148834,0.018841630367886796,1.1965983759409937e-12,0.009347294458176947,16,converged,gap_residual_and_feasibility
812,0.6432181893290159,sMEL-ADMM,1.0,0.01,1.4078300000000001,36486.11761880904,36479.11128148834,0.019206436436012376,2.0028423364237824e-13,0.008450275129058937,32,converged,gap_residual_and_feasibility
813,0.5144698159295191,IPOPT,1.0,1.0e-10,14.274835586547852,36479.11128157213,36479.111281488345,2.2967295250374813e-10,1.2434497875801753e-14,NaN,33,INTERRUPTED,gap_and_residual
813,0.5144698159295191,MadNLP,1.0,0.01,19.7598934173584,36479.11128148835,36479.111281488345,1.9945545158814427e-14,1.509903313490213e-14,NaN,34,LOCALLY_SOLVED,residual_tolerance_upper_bound
813,0.5144698159295191,ADMM,1.0,0.01,72.50118255615234,36588.9720477521,36479.111281488345,0.30116075311160684,6.222800053024002e-13,1.1342369877081833,6,converged,gap_callback_with_solver_termination
813,0.5144698159295191,MEL-ADMM,1.0,0.01,15.220403671264648,36486.1771910259,36479.111281488345,0.019369741447450982,5.70943292643733e-12,0.009379143253974931,18,converged,gap_residual_and_feasibility
813,0.5144698159295191,sMEL-ADMM,1.0,0.01,1.260915,36486.602506936986,36479.111281488345,0.020535657765440828,2.0017321133991572e-13,0.008592521211580717,29,converged,gap_residual_and_feasibility
814,0.37176030891354517,IPOPT,1.0,1.0e-10,14.277935028076172,36479.111346006015,36479.11128148834,1.76861975745136e-7,1.509903313490213e-14,NaN,32,INTERRUPTED,gap_and_residual
814,0.37176030891354517,MadNLP,1.0,0.01,20.464181900024414,36479.11128148835,36479.11128148834,3.989109031762886e-14,1.1546319456101628e-14,NaN,34,LOCALLY_SOLVED,residual_tolerance_upper_bound
814,0.37176030891354517,ADMM,1.0,0.01,72.34597206115723,36598.10318262551,36479.11128148834,0.32619188614268246,6.021294574054536e-13,1.1427139720158124,6,converged,gap_callback_with_solver_termination
814,0.37176030891354517,MEL-ADMM,1.0,0.01,15.822172164916992,36486.04723622209,36479.11128148834,0.019013497012662774,3.694822225952521e-13,0.00935852986133856,18,converged,gap_residual_and_feasibility
814,0.37176030891354517,sMEL-ADMM,1.0,0.01,1.760128,36484.992264927976,36479.11128148834,0.016121509633986862,2.011169009108471e-13,0.00817959257935641,33,converged,gap_residual_and_feasibility
815,0.47522009657838127,IPOPT,1.0,1.0e-10,15.281915664672852,36479.11128157213,36479.11128148834,2.2969289804890697e-10,1.2434497875801753e-14,NaN,33,INTERRUPTED,gap_and_residual
815,0.47522009657838127,MadNLP,1.0,0.01,19.7908878326416,36479.11128148834,36479.11128148834,0.0,1.2434497875801753e-14,NaN,34,LOCALLY_SOLVED,residual_tolerance_upper_bound
815,0.47522009657838127,ADMM,1.0,0.01,74.40328598022461,36588.972049656266,36479.11128148834,0.3011607583315156,4.2826853174915414e-13,1.1342369870968554,6,converged,gap_callback_with_solver_termination
815,0.47522009657838127,MEL-ADMM,1.0,0.01,15.473604202270508,36486.17719081514,36479.11128148834,0.019369740869728272,5.40845146446145e-13,0.00937914339460022,18,converged,gap_residual_and_feasibility
815,0.47522009657838127,sMEL-ADMM,1.0,0.01,1.1242100000000002,36486.53531121125,36479.11128148834,0.020351454468352268,2.0011770018868447e-13,0.009071755763734757,29,converged,gap_residual_and_feasibility
816,0.3398986969607681,IPOPT,1.0,1.0e-10,14.985084533691406,36479.11128155795,36479.11128148834,1.9081903053437766e-10,1.3322676295501878e-14,NaN,34,INTERRUPTED,gap_and_residual
816,0.3398986969607681,MadNLP,1.0,0.01,20.400047302246094,36479.111281488345,36479.11128148834,1.994554515881443e-14,1.2434497875801753e-14,NaN,35,LOCALLY_SOLVED,residual_tolerance_upper_bound
816,0.3398986969607681,ADMM,1.0,0.01,74.13887977600098,36571.77840420793,36479.11128148834,0.25402790655872126,3.7569947153315297e-13,1.1658771290000551,6,converged,gap_callback_with_solver_termination
816,0.3398986969607681,MEL-ADMM,1.0,0.01,15.084981918334961,36485.838978594904,36479.11128148834,0.018442601451148257,9.678924328682115e-13,0.009913507404054833,18,converged,gap_residual_and_feasibility
816,0.3398986969607681,sMEL-ADMM,1.0,0.01,1.5266710000000001,36485.22398463998,36479.11128148834,0.01675672168786176,1.996736109788344e-13,0.006189141468430748,35,converged,gap_residual_and_feasibility
817,0.46807464644178676,IPOPT,1.0,1.0e-10,12.942075729370117,36479.11128157211,36479.11128148835,2.2961311586827163e-10,1.0658141036401503e-14,NaN,33,INTERRUPTED,gap_and_residual
817,0.46807464644178676,MadNLP,1.0,0.01,19.491910934448242,36479.11128148835,36479.11128148835,0.0,8.881784197001252e-15,NaN,34,LOCALLY_SOLVED,residual_tolerance_upper_bound
817,0.46807464644178676,ADMM,1.0,0.01,69.05961036682129,36588.972048322335,36479.11128148835,0.30116075467477904,8.380518501382994e-13,1.1342369858976715,6,converged,gap_callback_with_solver_termination
817,0.46807464644178676,MEL-ADMM,1.0,0.01,15.465497970581055,36486.17719089017,36479.11128148835,0.019369741075366834,1.358357870628879e-12,0.009379143001061685,18,converged,gap_residual_and_feasibility
817,0.46807464644178676,sMEL-ADMM,1.0,0.01,1.223251,36485.90576380894,36479.11128148835,0.018625679414615234,2.0095036745715333e-13,0.00979602463246465,32,converged,gap_residual_and_feasibility
818,0.25538314162508097,IPOPT,1.0,1.0e-10,13.247966766357422,36479.11128157142,36479.11128148834,2.2775818016850197e-10,1.3322676295501878e-14,NaN,34,INTERRUPTED,gap_and_residual
818,0.25538314162508097,MadNLP,1.0,0.01,20.212173461914062,36479.11128148835,36479.11128148834,3.989109031762886e-14,1.4210854715202004e-14,NaN,35,LOCALLY_SOLVED,residual_tolerance_upper_bound
818,0.25538314162508097,ADMM,1.0,0.01,76.60126686096191,36645.18355260354,36479.11128148834,0.45525306204342675,3.9137026952573706e-12,1.7405703738464084,6,converged,gap_callback_with_solver_termination
818,0.25538314162508097,MEL-ADMM,1.0,0.01,13.361454010009766,36486.58343082141,36479.11128148834,0.02048336450801751,1.932343174360085e-12,0.008017480120477316,16,converged,gap_residual_and_feasibility
818,0.25538314162508097,sMEL-ADMM,1.0,0.01,1.679127,36485.220193251815,36479.11128148834,0.016746328374991203,1.996736109788344e-13,0.006957935825342432,39,converged,gap_residual_and_feasibility
819,0.5152937293381158,IPOPT,1.0,1.0e-10,12.85099983215332,36479.11128157213,36479.11128148834,2.2969289804890697e-10,1.1546319456101628e-14,NaN,33,INTERRUPTED,gap_and_residual
819,0.5152937293381158,MadNLP,1.0,0.01,19.224882125854492,36479.11128148835,36479.11128148834,3.989109031762886e-14,9.769962616701378e-15,NaN,34,LOCALLY_SOLVED,residual_tolerance_upper_bound
819,0.5152937293381158,ADMM,1.0,0.01,71.03824615478516,36588.97204769689,36479.11128148834,0.30116075296028005,3.412825577697731e-13,1.1342369865544173,6,converged,gap_callback_with_solver_termination
819,0.5152937293381158,MEL-ADMM,1.0,0.01,15.333175659179688,36486.17719077889,36479.11128148834,0.019369740770359564,7.364109322338663e-13,0.009379143225586084,18,converged,gap_residual_and_feasibility
819,0.5152937293381158,sMEL-ADMM,1.0,0.01,1.145462,36486.6038264484,36479.11128148834,0.020539274935311824,1.999511667349907e-13,0.008581402581700814,29,converged,gap_residual_and_feasibility
820,0.2696641077471604,IPOPT,1.0,1.0e-10,13.302087783813477,36479.11128157149,36479.11128148837,2.2785790789429587e-10,1.3322676295501878e-14,NaN,34,INTERRUPTED,gap_and_residual
820,0.2696641077471604,MadNLP,1.0,0.01,20.16282081604004,36479.11128148834,36479.11128148837,7.978218063525766e-14,1.2434497875801753e-14,NaN,35,LOCALLY_SOLVED,residual_tolerance_upper_bound
820,0.2696641077471604,ADMM,1.0,0.01,77.23569869995117,36597.48364513019,36479.11128148837,0.3244935511953954,8.334999357373363e-13,1.418912871794439,6,converged,gap_callback_with_solver_termination
820,0.2696641077471604,MEL-ADMM,1.0,0.01,13.38338851928711,36486.45656077235,36479.11128148837,0.02013557629543754,1.3001266729872896e-12,0.005801449702448558,16,converged,gap_residual_and_feasibility
820,0.2696641077471604,sMEL-ADMM,1.0,0.01,1.572755,36485.02930453045,36479.11128148837,0.016223046105527373,1.995625886763719e-13,0.007196146163545691,39,converged,gap_residual_and_feasibility
821,0.3311873671817632,IPOPT,1.0,1.0e-10,14.77503776550293,36479.11128157571,36479.11128148836,2.394462696315671e-10,1.2434497875801753e-14,NaN,34,INTERRUPTED,gap_and_residual
821,0.3311873671817632,MadNLP,1.0,0.01,20.785093307495117,36479.11128148834,36479.11128148836,5.983663547644325e-14,1.1546319456101628e-14,NaN,35,LOCALLY_SOLVED,residual_tolerance_upper_bound
821,0.3311873671817632,ADMM,1.0,0.01,74.66912269592285,36564.69896297113,36479.11128148836,0.23462107073371546,1.1952105971602123e-12,1.1469899641352361,6,converged,gap_callback_with_solver_termination
821,0.3311873671817632,MEL-ADMM,1.0,0.01,13.368368148803711,36485.99236348339,36479.11128148836,0.018863074656432936,1.4908629886178915e-12,0.009769055095283363,16,converged,gap_residual_and_feasibility
821,0.3311873671817632,sMEL-ADMM,1.0,0.01,1.222872,36485.129435433926,36479.11128148836,0.016497534435878976,2.0045076709607201e-13,0.007312073265685726,35,converged,gap_residual_and_feasibility
822,0.4385918001429886,IPOPT,1.0,1.0e-10,13.556957244873047,36479.111281572026,36479.111281488345,2.293937148715247e-10,1.2434497875801753e-14,NaN,33,INTERRUPTED,gap_and_residual
822,0.4385918001429886,MadNLP,1.0,0.01,20.356178283691406,36479.11128148837,36479.111281488345,5.983663547644328e-14,1.509903313490213e-14,NaN,34,LOCALLY_SOLVED,residual_tolerance_upper_bound
822,0.4385918001429886,ADMM,1.0,0.01,73.10724258422852,36588.97205574578,36479.111281488345,0.3011607750246404,9.621192731401607e-13,1.134237000790698,6,converged,gap_callback_with_solver_termination
822,0.4385918001429886,MEL-ADMM,1.0,0.01,15.370845794677734,36486.17719095307,36479.111281488345,0.01936974124781602,3.3663627441171684e-12,0.009379143221229569,18,converged,gap_residual_and_feasibility
822,0.4385918001429886,sMEL-ADMM,1.0,0.01,1.344957,36485.71390473386,36479.111281488345,0.01809973711958837,2.0089485630592208e-13,0.007446306158179539,34,converged,gap_residual_and_feasibility
823,0.25404131374429045,IPOPT,1.0,1.0e-10,14.688968658447266,36479.11128157143,36479.11128148833,2.2779807125881965e-10,1.1546319456101628e-14,NaN,34,INTERRUPTED,gap_and_residual
823,0.25404131374429045,MadNLP,1.0,0.01,19.8819637298584,36479.11128148834,36479.11128148833,1.9945545158814434e-14,1.5987211554602254e-14,NaN,35,LOCALLY_SOLVED,residual_tolerance_upper_bound
823,0.25404131374429045,ADMM,1.0,0.01,77.24118232727051,36650.83308321304,36479.11128148833,0.47074009122543714,4.990785562597466e-12,1.7703833749927695,6,converged,gap_callback_with_solver_termination
823,0.25404131374429045,MEL-ADMM,1.0,0.01,13.041257858276367,36486.59651256424,36479.11128148833,0.020519225422323446,1.307953745310897e-12,0.008234688500770027,16,converged,gap_residual_and_feasibility
823,0.25404131374429045,sMEL-ADMM,1.0,0.01,1.728375,36485.24159480116,36479.11128148833,0.016804996332084883,2.0045076709607201e-13,0.006955822002069567,39,converged,gap_residual_and_feasibility
824,0.4618453832330752,IPOPT,1.0,1.0e-10,13.081073760986328,36479.11128157209,36479.11128148832,2.2963306141343062e-10,1.2434497875801753e-14,NaN,33,INTERRUPTED,gap_and_residual
824,0.4618453832330752,MadNLP,1.0,0.01,19.35100555419922,36479.11128148835,36479.11128148832,7.978218063525775e-14,1.1546319456101628e-14,NaN,34,LOCALLY_SOLVED,residual_tolerance_upper_bound
824,0.4618453832330752,ADMM,1.0,0.01,71.12956047058105,36588.97204848502,36479.11128148832,0.3011607551208215,4.050981772252271e-12,1.1342369864730841,6,converged,gap_callback_with_solver_termination
824,0.4618453832330752,MEL-ADMM,1.0,0.01,15.824079513549805,36486.177190825525,36479.11128148832,0.019369740898230462,3.1441516057384433e-13,0.009379143112000499,18,converged,gap_residual_and_feasibility
824,0.4618453832330752,sMEL-ADMM,1.0,0.01,1.42558,36485.8685584879,36479.11128148832,0.018523688659608368,2.0056178939853453e-13,0.007515477918460078,33,converged,gap_residual_and_feasibility
825,0.46902326278143125,IPOPT,1.0,1.0e-10,13.07988166809082,36479.11128157212,36479.111281488345,2.296530069585893e-10,1.4210854715202004e-14,NaN,33,INTERRUPTED,gap_and_residual
825,0.46902326278143125,MadNLP,1.0,0.01,19.625186920166016,36479.11128148835,36479.111281488345,1.9945545158814427e-14,1.5987211554602254e-14,NaN,34,LOCALLY_SOLVED,residual_tolerance_upper_bound
825,0.46902326278143125,ADMM,1.0,0.01,69.14949417114258,36588.97204802875,36479.111281488345,0.3011607538699963,1.7075230118734908e-12,1.1342369846238611,6,converged,gap_callback_with_solver_termination
825,0.46902326278143125,MEL-ADMM,1.0,0.01,15.702247619628906,36486.17719097235,36479.111281488345,0.01936974130065177,3.685718397150595e-12,0.009379143083455332,18,converged,gap_residual_and_feasibility
825,0.46902326278143125,sMEL-ADMM,1.0,0.01,1.539124,36485.92290570107,36479.111281488345,0.0186726703952853,2.0017321133991572e-13,0.009203879345024646,32,converged,gap_residual_and_feasibility
826,0.5412069703432272,IPOPT,1.0,1.0e-10,14.767169952392578,36479.11128157215,36479.11128148834,2.297527346843834e-10,1.2434497875801753e-14,NaN,33,INTERRUPTED,gap_and_residual
826,0.5412069703432272,MadNLP,1.0,0.01,19.665956497192383,36479.11128148834,36479.11128148834,0.0,1.3322676295501878e-14,NaN,34,LOCALLY_SOLVED,residual_tolerance_upper_bound
826,0.5412069703432272,ADMM,1.0,0.01,72.90315628051758,36588.972047857504,36479.11128148834,0.30116075340057796,1.7634782523145986e-12,1.1342369893003958,6,converged,gap_callback_with_solver_termination
826,0.5412069703432272,MEL-ADMM,1.0,0.01,15.94686508178711,36486.17719088778,36479.11128148834,0.019369741068844648,1.6213697051625786e-12,0.00937914317115851,18,converged,gap_residual_and_feasibility
826,0.5412069703432272,sMEL-ADMM,1.0,0.01,1.2625410000000001,36486.64565094123,36479.11128148834,0.020653928202237333,1.999511667349907e-13,0.008665180092195968,29,converged,gap_residual_and_feasibility
827,0.4404675768035045,IPOPT,1.0,1.0e-10,13.881921768188477,36479.11128157206,36479.111281488345,2.294934425973188e-10,1.1546319456101628e-14,NaN,33,INTERRUPTED,gap_and_residual
827,0.4404675768035045,MadNLP,1.0,0.01,19.969940185546875,36479.11128148834,36479.111281488345,1.9945545158814427e-14,1.509903313490213e-14,NaN,34,LOCALLY_SOLVED,residual_tolerance_upper_bound
827,0.4404675768035045,ADMM,1.0,0.01,72.75080680847168,36588.972055144855,36479.111281488345,0.3011607733773378,8.886780200612066e-13,1.1342369951800313,6,converged,gap_callback_with_solver_termination
827,0.4404675768035045,MEL-ADMM,1.0,0.01,15.342235565185547,36486.17719088894,36479.111281488345,0.019369741072015986,1.5797918528903665e-12,0.009379143151391212,18,converged,gap_residual_and_feasibility
827,0.4404675768035045,sMEL-ADMM,1.0,0.01,1.2746680000000001,36485.73065530753,36479.111281488345,0.018145655380990427,1.9972912213006566e-13,0.009196516726493797,34,converged,gap_residual_and_feasibility
828,0.25001057643783886,IPOPT,1.0,1.0e-10,14.853954315185547,36479.11128157151,36479.11128148833,2.2801747225556662e-10,1.3322676295501878e-14,NaN,34,INTERRUPTED,gap_and_residual
828,0.25001057643783886,MadNLP,1.0,0.01,20.006895065307617,36479.11128148834,36479.11128148833,1.9945545158814434e-14,1.3322676295501878e-14,NaN,35,LOCALLY_SOLVED,residual_tolerance_upper_bound
828,0.25001057643783886,ADMM,1.0,0.01,80.99746704101562,36668.98734292523,36479.11128148833,0.5205062699355192,3.785527447064396e-12,1.8593244946384755,6,converged,gap_callback_with_solver_termination
828,0.25001057643783886,MEL-ADMM,1.0,0.01,13.471126556396484,36486.63720333361,36479.11128148833,0.02063077081896066,1.261046822520484e-12,0.008889562087172287,16,converged,gap_residual_and_feasibility
828,0.25001057643783886,sMEL-ADMM,1.0,0.01,1.454836,36485.3134266038,36479.11128148833,0.01700190848295066,2.0017321133991572e-13,0.006740921367283548,39,converged,gap_residual_and_feasibility
829,0.321131180686424,IPOPT,1.0,1.0e-10,12.770891189575195,36479.11134601698,36479.11128148835,1.7689199379059993e-7,1.1546319456101628e-14,NaN,33,INTERRUPTED,gap_and_residual
829,0.321131180686424,MadNLP,1.0,0.01,19.477128982543945,36479.11128148834,36479.11128148835,3.989109031762884e-14,1.4210854715202004e-14,NaN,35,LOCALLY_SOLVED,residual_tolerance_upper_bound
829,0.321131180686424,ADMM,1.0,0.01,73.30894470214844,36557.58789766884,36479.11128148835,0.2151275440208188,3.633260359237056e-12,1.141021258817446,6,converged,gap_callback_with_solver_termination
829,0.321131180686424,MEL-ADMM,1.0,0.01,13.741016387939453,36486.05775427161,36479.11128148835,0.019042330087644308,1.6593948437559902e-12,0.008325182408460918,16,converged,gap_residual_and_feasibility
829,0.321131180686424,sMEL-ADMM,1.0,0.01,1.6521240000000001,36484.975129874714,36479.11128148835,0.01607453740063333,1.9989565558375944e-13,0.009675498767997226,35,converged,gap_residual_and_feasibility
830,0.6085331023972673,IPOPT,1.0,1.0e-10,14.29295539855957,36479.111281572,36479.11128148836,2.2927404160057174e-10,1.2434497875801753e-14,NaN,33,INTERRUPTED,gap_and_residual
830,0.6085331023972673,MadNLP,1.0,0.01,19.804000854492188,36479.11128148835,36479.11128148836,1.9945545158814418e-14,1.0658141036401503e-14,NaN,34,LOCALLY_SOLVED,residual_tolerance_upper_bound
830,0.6085331023972673,ADMM,1.0,0.01,73.66299629211426,36591.96723316607,36479.11128148836,0.30937143947083834,1.1052270210143433e-12,1.14300378841972,6,converged,gap_callback_with_solver_termination
830,0.6085331023972673,MEL-ADMM,1.0,0.01,16.464710235595703,36485.95588183542,36479.11128148836,0.018763067702620394,3.5967895328781196e-12,0.009550715525872278,18,converged,gap_residual_and_feasibility
830,0.6085331023972673,sMEL-ADMM,1.0,0.01,1.404454,36486.76056665125,36479.11128148836,0.020968946046597752,2.0017321133991572e-13,0.009965319454940058,29,converged,gap_residual_and_feasibility
831,0.7044537829217756,IPOPT,1.0,1.0e-10,14.544010162353516,36479.11128157187,36479.11128148834,2.2899480396834849e-10,1.509903313490213e-14,NaN,34,INTERRUPTED,gap_and_residual
831,0.7044537829217756,MadNLP,1.0,0.01,22.078990936279297,36479.11128148834,36479.11128148834,0.0,1.3322676295501878e-14,NaN,35,LOCALLY_SOLVED,residual_tolerance_upper_bound
831,0.7044537829217756,ADMM,1.0,0.01,80.65080642700195,36638.69491725512,36479.11128148834,0.4374657993594314,5.211941989102797e-12,1.639812157738974,6,converged,gap_callback_with_solver_termination
831,0.7044537829217756,MEL-ADMM,1.0,0.01,14.654397964477539,36486.47953270979,36479.11128148834,0.020198549149386777,7.829292769656604e-13,0.006868447638479047,16,converged,gap_residual_and_feasibility
831,0.7044537829217756,sMEL-ADMM,1.0,0.01,1.500873,36486.62396369927,36479.11128148834,0.020594477077468955,2.0061730054976579e-13,0.008993071516602669,30,converged,gap_residual_and_feasibility
832,0.4226938786432334,IPOPT,1.0,1.0e-10,14.065980911254883,36479.11128157202,36479.111281488345,2.293737693263659e-10,1.3322676295501878e-14,NaN,33,INTERRUPTED,gap_and_residual
832,0.4226938786432334,MadNLP,1.0,0.01,20.083904266357422,36479.111281488345,36479.111281488345,0.0,1.3322676295501878e-14,NaN,34,LOCALLY_SOLVED,residual_tolerance_upper_bound
832,0.4226938786432334,ADMM,1.0,0.01,72.2050666809082,36588.972056481536,36479.111281488345,0.3011607770415738,3.5349501104064984e-13,1.1342370037266871,6,converged,gap_callback_with_solver_termination
832,0.4226938786432334,MEL-ADMM,1.0,0.01,15.081167221069336,36486.1771909628,36479.111281488345,0.019369741274483217,4.05359079636014e-12,0.009379143459097072,18,converged,gap_residual_and_feasibility
832,0.4226938786432334,sMEL-ADMM,1.0,0.01,1.80921,36485.85467749047,36479.111281488345,0.018485636752736918,2.0045076709607201e-13,0.006402909598696382,36,converged,gap_residual_and_feasibility
833,0.5626021766985969,IPOPT,1.0,1.0e-10,14.35089111328125,36479.11128157211,36479.11128148835,2.2961311586827163e-10,1.3322676295501878e-14,NaN,33,INTERRUPTED,gap_and_residual
833,0.5626021766985969,MadNLP,1.0,0.01,19.815921783447266,36479.111281488316,36479.11128148835,9.972772579407211e-14,9.769962616701378e-15,NaN,34,LOCALLY_SOLVED,residual_tolerance_upper_bound
833,0.5626021766985969,ADMM,1.0,0.01,72.01075553894043,36588.972052320074,36479.11128148835,0.3011607656337591,4.46753745109163e-13,1.134236993565116,6,converged,gap_callback_with_solver_termination
833,0.5626021766985969,MEL-ADMM,1.0,0.01,15.31362533569336,36486.17719080677,36479.11128148835,0.01936974084673105,9.539036227579345e-13,0.009379143735869455,18,converged,gap_residual_and_feasibility
833,0.5626021766985969,sMEL-ADMM,1.0,0.01,1.188998,36486.68121516218,36479.11128148835,0.02075142021803234,1.9984014443252818e-13,0.00908964798945,29,converged,gap_residual_and_feasibility
834,0.309297311377678,IPOPT,1.0,1.0e-10,13.935089111328125,36479.11128157172,36479.11128148834,2.2857594752001337e-10,1.3322676295501878e-14,NaN,34,INTERRUPTED,gap_and_residual
834,0.309297311377678,MadNLP,1.0,0.01,20.243167877197266,36479.11128148836,36479.11128148834,5.983663547644329e-14,1.1546319456101628e-14,NaN,35,LOCALLY_SOLVED,residual_tolerance_upper_bound
834,0.309297311377678,ADMM,1.0,0.01,73.79984855651855,36550.901483998,36479.11128148834,0.19679811263958444,1.8233192733418946e-12,1.1133308568578109,6,converged,gap_callback_with_solver_termination
834,0.309297311377678,MEL-ADMM,1.0,0.01,12.670278549194336,36486.154010211896,36479.11128148834,0.01930619600135888,2.972455614980163e-12,0.006537771096914113,16,converged,gap_residual_and_feasibility
834,0.309297311377678,sMEL-ADMM,1.0,0.01,1.736417,36484.7699435833,36479.11128148834,0.015512061276097217,1.9989565558375944e-13,0.009979905316235715,38,converged,gap_residual_and_feasibility
835,0.3824144407465508,IPOPT,1.0,1.0e-10,13.122081756591797,36479.11128156272,36479.11128148836,2.0384347152308336e-10,1.0658141036401503e-14,NaN,32,INTERRUPTED,gap_and_residual
835,0.3824144407465508,MadNLP,1.0,0.01,19.81210708618164,36479.111281488375,36479.11128148836,3.9891090317628836e-14,1.509903313490213e-14,NaN,33,LOCALLY_SOLVED,residual_tolerance_upper_bound
835,0.3824144407465508,ADMM,1.0,0.01,69.1378116607666,36594.084086073046,36479.11128148836,0.31517435744940936,1.0468848010702914e-12,1.0813139398696432,6,converged,gap_callback_with_solver_termination
835,0.3824144407465508,MEL-ADMM,1.0,0.01,14.679670333862305,36486.11595772727,36479.11128148836,0.019201882921047922,1.263822380082047e-12,0.009412835091175076,18,converged,gap_residual_and_feasibility
835,0.3824144407465508,sMEL-ADMM,1.0,0.01,1.2602920000000002,36485.03983292463,36479.11128148836,0.016251907538327094,2.0061730054976579e-13,0.00919530734249463,33,converged,gap_residual_and_feasibility
836,0.36885770910021787,IPOPT,1.0,1.0e-10,12.989997863769531,36479.11134600557,36479.11128148833,1.7686077901242648e-7,1.4210854715202004e-14,NaN,32,INTERRUPTED,gap_and_residual
836,0.36885770910021787,MadNLP,1.0,0.01,19.564151763916016,36479.11128148834,36479.11128148833,1.9945545158814434e-14,1.2434497875801753e-14,NaN,34,LOCALLY_SOLVED,residual_tolerance_upper_bound
836,0.36885770910021787,ADMM,1.0,0.01,72.5710391998291,36599.30202849452,36479.11128148833,0.32947827615302766,8.656408923002346e-13,1.1698985486052447,6,converged,gap_callback_with_solver_termination
836,0.36885770910021787,MEL-ADMM,1.0,0.01,15.499353408813477,36486.02772992484,36479.11128148833,0.018960024500432184,1.9945156637390937e-12,0.009347991412909096,18,converged,gap_residual_and_feasibility
836,0.36885770910021787,sMEL-ADMM,1.0,0.01,1.314127,36484.98737491673,36479.11128148833,0.01610810467134909,2.0000667788622195e-13,0.008611020933393831,33,converged,gap_residual_and_feasibility
837,0.3180507212585153,IPOPT,1.0,1.0e-10,13.461112976074219,36479.111281558326,36479.111281488345,1.9183625333747716e-10,1.7763568394002505e-14,NaN,34,INTERRUPTED,gap_and_residual
837,0.3180507212585153,MadNLP,1.0,0.01,19.903898239135742,36479.11128148834,36479.111281488345,1.9945545158814427e-14,1.3322676295501878e-14,NaN,35,LOCALLY_SOLVED,residual_tolerance_upper_bound
837,0.3180507212585153,ADMM,1.0,0.01,72.57556915283203,36555.331845828,36479.111281488345,0.20894304072130923,2.2429280654989725e-12,1.1344816069348482,6,converged,gap_callback_with_solver_termination
837,0.3180507212585153,MEL-ADMM,1.0,0.01,14.153242111206055,36486.08373062614,36479.111281488345,0.01911353893462612,4.1300296516055823e-13,0.007818032227451255,16,converged,gap_residual_and_feasibility
837,0.3180507212585153,sMEL-ADMM,1.0,0.01,1.4396630000000001,36484.83645391166,36479.111281488345,0.015694385696888042,1.9972912213006566e-13,0.00936096449138546,36,converged,gap_residual_and_feasibility
838,0.358083589031456,IPOPT,1.0,1.0e-10,16.2050724029541,36479.11128157022,36479.11128148834,2.244671652172976e-10,1.509903313490213e-14,NaN,33,INTERRUPTED,gap_and_residual
838,0.358083589031456,MadNLP,1.0,0.01,19.500017166137695,36479.11128148834,36479.11128148834,0.0,1.7763568394002505e-14,NaN,34,LOCALLY_SOLVED,residual_tolerance_upper_bound
838,0.358083589031456,ADMM,1.0,0.01,74.82361793518066,36587.19011327907,36479.11128148834,0.2962759453122451,7.782663402622347e-13,1.1644050831805979,6,converged,gap_callback_with_solver_termination
838,0.358083589031456,MEL-ADMM,1.0,0.01,15.130758285522461,36485.95300044686,36479.11128148834,0.0187551689670557,5.838662886503698e-13,0.009526635951253581,18,converged,gap_residual_and_feasibility
838,0.358083589031456,sMEL-ADMM,1.0,0.01,1.626833,36485.4125830094,36479.11128148834,0.01727372542723538,2.0022872249114698e-13,0.006541567802791803,36,converged,gap_residual_and_feasibility
839,0.6555482843738965,IPOPT,1.0,1.0e-10,12.880086898803711,36479.111346014215,36479.11128148834,1.7688445437452998e-7,1.1546319456101628e-14,NaN,33,INTERRUPTED,gap_and_residual
839,0.6555482843738965,MadNLP,1.0,0.01,19.93417739868164,36479.11128148834,36479.11128148834,0.0,1.9539925233402755e-14,NaN,35,LOCALLY_SOLVED,residual_tolerance_upper_bound
839,0.6555482843738965,ADMM,1.0,0.01,72.40533828735352,36558.294402906206,36479.11128148834,0.21706428319170587,9.170442183403793e-13,1.1370771329238885,6,converged,gap_callback_with_solver_termination
839,0.6555482843738965,MEL-ADMM,1.0,0.01,13.51785659790039,36486.06389458631,36479.11128148834,0.019059162500760344,3.280598015464875e-12,0.00757019698707051,16,converged,gap_residual_and_feasibility
839,0.6555482843738965,sMEL-ADMM,1.0,0.01,1.2787110000000002,36486.13132074271,36479.11128148834,0.01924399747625592,2.0161650127192843e-13,0.008440795603448237,32,converged,gap_residual_and_feasibility
840,0.7159988734138394,IPOPT,1.0,1.0e-10,14.047861099243164,36479.111281571786,36479.111281488345,2.2873551188128384e-10,1.3322676295501878e-14,NaN,34,INTERRUPTED,gap_and_residual
840,0.7159988734138394,MadNLP,1.0,0.01,19.84095573425293,36479.11128148834,36479.111281488345,1.9945545158814427e-14,1.2434497875801753e-14,NaN,35,LOCALLY_SOLVED,residual_tolerance_upper_bound
840,0.7159988734138394,ADMM,1.0,0.01,75.90794563293457,36692.95437527546,36479.111281488345,0.5862069723601869,6.089573290068984e-13,1.9054382654587418,6,converged,gap_callback_with_solver_termination
840,0.7159988734138394,MEL-ADMM,1.0,0.01,13.902902603149414,36486.59876806796,36479.111281488345,0.020525408423025644,1.623590151211829e-12,0.008822769524357454,16,converged,gap_residual_and_feasibility
840,0.7159988734138394,sMEL-ADMM,1.0,0.01,1.365414,36486.65238622292,36479.111281488345,0.020672391595251798,2.000621890374532e-13,0.008733971276967623,30,converged,gap_residual_and_feasibility
841,0.7001250440380363,IPOPT,1.0,1.0e-10,15.10000228881836,36479.11128157189,36479.11128148834,2.290346950586661e-10,1.4210854715202004e-14,NaN,34,INTERRUPTED,gap_and_residual
841,0.7001250440380363,MadNLP,1.0,0.01,20.53093910217285,36479.11128148836,36479.11128148834,5.983663547644329e-14,1.1546319456101628e-14,NaN,35,LOCALLY_SOLVED,residual_tolerance_upper_bound
841,0.7001250440380363,ADMM,1.0,0.01,76.44414901733398,36622.814886144944,36479.11128148834,0.39393395181074503,4.231726080661247e-12,1.537946033245241,6,converged,gap_callback_with_solver_termination
841,0.7001250440380363,MEL-ADMM,1.0,0.01,14.707803726196289,36486.437408803264,36479.11128148834,0.020083075101238156,1.886490963443066e-12,0.006145383106976432,16,converged,gap_residual_and_feasibility
841,0.7001250440380363,sMEL-ADMM,1.0,0.01,7.630087,36486.613439023255,36479.11128148834,0.020565625837281613,2.0039525594484076e-13,0.009091859337571506,30,converged,gap_residual_and_feasibility
842,0.632572886039071,IPOPT,1.0,1.0e-10,14.05191421508789,36479.11128148837,36479.11128148837,0.0,1.1546319456101628e-14,NaN,34,INTERRUPTED,gap_and_residual
842,0.632572886039071,MadNLP,1.0,0.01,20.789146423339844,36479.11128148835,36479.11128148837,3.989109031762883e-14,1.2434497875801753e-14,NaN,35,LOCALLY_SOLVED,residual_tolerance_upper_bound
842,0.632572886039071,ADMM,1.0,0.01,74.80669021606445,36572.53570178531,36479.11128148837,0.25610388250974503,1.655453552018571e-12,1.1671909571117451,6,converged,gap_callback_with_solver_termination
842,0.632572886039071,MEL-ADMM,1.0,0.01,15.427589416503906,36485.81839559542,36479.11128148837,0.01838617738053041,2.5114355040045666e-12,0.009830192684970207,18,converged,gap_residual_and_feasibility
842,0.632572886039071,sMEL-ADMM,1.0,0.01,1.563293,36486.107801745384,36479.11128148837,0.019179524969861233,2.0028423364237824e-13,0.00845897627880099,32,converged,gap_residual_and_feasibility
843,0.5894222110487413,IPOPT,1.0,1.0e-10,14.235973358154297,36479.111281572,36479.111281488345,2.2931393269088945e-10,1.1546319456101628e-14,NaN,33,INTERRUPTED,gap_and_residual
843,0.5894222110487413,MadNLP,1.0,0.01,20.08509635925293,36479.111281488345,36479.111281488345,0.0,1.4210854715202004e-14,NaN,34,LOCALLY_SOLVED,residual_tolerance_upper_bound
843,0.5894222110487413,ADMM,1.0,0.01,71.9461441040039,36595.714784373435,36479.111281488345,0.3196445823071922,3.6770586575585185e-13,1.0695795080628976,6,converged,gap_callback_with_solver_termination
843,0.5894222110487413,MEL-ADMM,1.0,0.01,15.40517807006836,36486.09491461825,36479.111281488345,0.019144197554629146,1.873612376357414e-12,0.009402128663150933,18,converged,gap_residual_and_feasibility
843,0.5894222110487413,sMEL-ADMM,1.0,0.01,1.136708,36486.72692905936,36479.111281488345,0.02087673548911401,2.0017321133991572e-13,0.009604105608003621,29,converged,gap_residual_and_feasibility
844,0.5156276123750012,IPOPT,1.0,1.0e-10,13.525962829589844,36479.11128157215,36479.11128148834,2.297527346843834e-10,1.4210854715202004e-14,NaN,33,INTERRUPTED,gap_and_residual
844,0.5156276123750012,MadNLP,1.0,0.01,19.95396614074707,36479.11128148834,36479.11128148834,0.0,1.1546319456101628e-14,NaN,34,LOCALLY_SOLVED,residual_tolerance_upper_bound
844,0.5156276123750012,ADMM,1.0,0.01,71.76852226257324,36588.972047781266,36479.11128148834,0.3011607531915885,9.904299602681021e-13,1.1342369896294926,6,converged,gap_callback_with_solver_termination
844,0.5156276123750012,MEL-ADMM,1.0,0.01,15.852689743041992,36486.17719094472,36479.11128148834,0.019369741224938484,2.476019389519024e-12,0.00937914280798946,18,converged,gap_residual_and_feasibility
844,0.5156276123750012,sMEL-ADMM,1.0,0.01,1.2643739999999999,36486.60436127618,36479.11128148834,0.02054074105594501,1.9972912213006566e-13,0.008576868868034992,29,converged,gap_residual_and_feasibility
845,0.5895800869992167,IPOPT,1.0,1.0e-10,13.00811767578125,36479.11128157201,36479.11128148836,2.2931393269088937e-10,1.2434497875801753e-14,NaN,33,INTERRUPTED,gap_and_residual
845,0.5895800869992167,MadNLP,1.0,0.01,19.418001174926758,36479.11128148832,36479.11128148836,9.972772579407209e-14,8.881784197001252e-15,NaN,34,LOCALLY_SOLVED,residual_tolerance_upper_bound
845,0.5895800869992167,ADMM,1.0,0.01,70.68610191345215,36595.75754434226,36479.11128148836,0.3197617999896129,3.2344127376404685e-12,1.0687023149382808,6,converged,gap_callback_with_solver_termination
845,0.5895800869992167,MEL-ADMM,1.0,0.01,14.890432357788086,36486.09387167463,36479.11128148836,0.019141338538624937,3.5905722839402188e-12,0.009402374364091415,18,converged,gap_residual_and_feasibility
845,0.5895800869992167,sMEL-ADMM,1.0,0.01,1.3346250000000002,36486.72720299586,36479.11128148836,0.020877486429794062,2.0017321133991572e-13,0.009607098402552694,29,converged,gap_residual_and_feasibility
846,0.43364058837888064,IPOPT,1.0,1.0e-10,14.863014221191406,36479.111281572055,36479.11128148834,2.2949344259731884e-10,1.1546319456101628e-14,NaN,33,INTERRUPTED,gap_and_residual
846,0.43364058837888064,MadNLP,1.0,0.01,19.866943359375,36479.11128148836,36479.11128148834,5.983663547644329e-14,1.687538997430238e-14,NaN,34,LOCALLY_SOLVED,residual_tolerance_upper_bound
846,0.43364058837888064,ADMM,1.0,0.01,71.74825668334961,36588.97205450189,36479.11128148834,0.3011607716148099,3.811395643538162e-12,1.1342369906680467,6,converged,gap_callback_with_solver_termination
846,0.43364058837888064,MEL-ADMM,1.0,0.01,15.634298324584961,36486.17719084979,36479.11128148834,0.01936974096470896,1.0195733146645125e-12,0.00937914341498125,18,converged,gap_residual_and_feasibility
846,0.43364058837888064,sMEL-ADMM,1.0,0.01,1.483917,36485.52055817724,36479.11128148834,0.017569717199095156,1.999511667349907e-13,0.00956471190571051,33,converged,gap_residual_and_feasibility
847,0.6615470483202068,IPOPT,1.0,1.0e-10,14.512777328491211,36479.11134600639,36479.11128148836,1.7686295307684865e-7,1.2434497875801753e-14,NaN,33,INTERRUPTED,gap_and_residual
847,0.6615470483202068,MadNLP,1.0,0.01,20.529985427856445,36479.11128148832,36479.11128148836,9.972772579407209e-14,1.2434497875801753e-14,NaN,35,LOCALLY_SOLVED,residual_tolerance_upper_bound
847,0.6615470483202068,ADMM,1.0,0.01,76.45869255065918,36558.17956577472,36479.11128148836,0.21674948075416686,2.4532598175142084e-12,1.1284975833008115,6,converged,gap_callback_with_solver_termination
847,0.6615470483202068,MEL-ADMM,1.0,0.01,13.332605361938477,36486.11359731131,36479.11128148836,0.019195412324931705,3.1175062531474396e-13,0.0066423827378052636,16,converged,gap_residual_and_feasibility
847,0.6615470483202068,sMEL-ADMM,1.0,0.01,1.415335,36486.1385988508,36479.11128148836,0.019263948916440267,1.9972912213006566e-13,0.00843729138853,32,converged,gap_residual_and_feasibility
848,0.31321915789696786,IPOPT,1.0,1.0e-10,13.368844985961914,36479.11128157173,36479.11128148836,2.285360564296956e-10,1.1546319456101628e-14,NaN,34,INTERRUPTED,gap_and_residual
848,0.31321915789696786,MadNLP,1.0,0.01,19.817829132080078,36479.11128148834,36479.11128148836,5.983663547644325e-14,1.3322676295501878e-14,NaN,35,LOCALLY_SOLVED,residual_tolerance_upper_bound
848,0.31321915789696786,ADMM,1.0,0.01,74.54204559326172,36551.97194368256,36479.11128148836,0.19973255826321487,1.1881606809538425e-12,1.119826395100623,6,converged,gap_callback_with_solver_termination
848,0.31321915789696786,MEL-ADMM,1.0,0.01,13.359546661376953,36486.12591959066,36479.11128148836,0.01922919132588672,2.595479386968691e-12,0.007024492325488296,16,converged,gap_residual_and_feasibility
848,0.31321915789696786,sMEL-ADMM,1.0,0.01,1.617081,36484.83963195617,36479.11128148836,0.01570309765391533,1.9972912213006566e-13,0.00933347649445615,38,converged,gap_residual_and_feasibility
849,0.7182568353814505,IPOPT,1.0,1.0e-10,13.628005981445312,36479.11128157181,36479.11128148835,2.2877540297160142e-10,1.3322676295501878e-14,NaN,34,INTERRUPTED,gap_and_residual
849,0.7182568353814505,MadNLP,1.0,0.01,19.89293098449707,36479.11128148835,36479.11128148835,0.0,1.3322676295501878e-14,NaN,35,LOCALLY_SOLVED,residual_tolerance_upper_bound
849,0.7182568353814505,ADMM,1.0,0.01,76.75671577453613,36705.831136790606,36479.11128148835,0.621505972425662,7.765343923438195e-12,1.9560957708080808,6,converged,gap_callback_with_solver_termination
849,0.7182568353814505,MEL-ADMM,1.0,0.01,13.751506805419922,36486.62308746936,36479.11128148835,0.020592075072883312,3.8113956435381624e-13,0.009204244697635033,16,converged,gap_residual_and_feasibility
849,0.7182568353814505,sMEL-ADMM,1.0,0.01,1.324459,36486.65795021377,36479.11128148835,0.020687644134700398,1.9972912213006566e-13,0.008685070454252042,30,converged,gap_residual_and_feasibility
850,0.38057181610005675,IPOPT,1.0,1.0e-10,12.948036193847656,36479.11128157183,36479.11128148835,2.2883523960707786e-10,9.769962616701378e-15,NaN,33,INTERRUPTED,gap_and_residual
850,0.38057181610005675,MadNLP,1.0,0.01,20.37215232849121,36479.11128148833,36479.11128148835,5.983663547644327e-14,1.0658141036401503e-14,NaN,34,LOCALLY_SOLVED,residual_tolerance_upper_bound
850,0.38057181610005675,ADMM,1.0,0.01,70.09744644165039,36594.76055852184,36479.11128148835,0.31702876789154477,3.4638958368304884e-13,1.0760199766188991,6,converged,gap_callback_with_solver_termination
850,0.38057181610005675,MEL-ADMM,1.0,0.01,15.494585037231445,36486.10403648984,36479.11128148835,0.019169203294268335,1.6704415628510105e-12,0.009395344460318533,18,converged,gap_residual_and_feasibility
850,0.38057181610005675,sMEL-ADMM,1.0,0.01,1.418291,36485.02792198866,36479.11128148835,0.0162192561508692,2.0039525594484076e-13,0.008125571706925072,33,converged,gap_residual_and_feasibility
851,0.41036554137648334,IPOPT,1.0,1.0e-10,13.684988021850586,36479.11128157199,36479.11128148834,2.293139326908895e-10,1.509903313490213e-14,NaN,33,INTERRUPTED,gap_and_residual
851,0.41036554137648334,MadNLP,1.0,0.01,19.3178653717041,36479.11128148835,36479.11128148834,3.989109031762886e-14,1.1546319456101628e-14,NaN,34,LOCALLY_SOLVED,residual_tolerance_upper_bound
851,0.41036554137648334,ADMM,1.0,0.01,71.02322578430176,36588.97205601814,36479.11128148834,0.301160775771282,1.1952661083114435e-12,1.1342369948374937,6,converged,gap_callback_with_solver_termination
851,0.41036554137648334,MEL-ADMM,1.0,0.01,15.194892883300781,36486.177190867355,36479.11128148834,0.019369741012857503,2.3936963522430688e-12,0.009379143713113436,18,converged,gap_residual_and_feasibility
851,0.41036554137648334,sMEL-ADMM,1.0,0.01,1.316918,36485.61589860661,36479.11128148834,0.017831073427411616,2.0011770018868447e-13,0.006983931774987795,35,converged,gap_residual_and_feasibility
852,0.6893245998624031,IPOPT,1.0,1.0e-10,14.373064041137695,36479.11128157197,36479.11128148833,2.2927404160057192e-10,1.4210854715202004e-14,NaN,34,INTERRUPTED,gap_and_residual
852,0.6893245998624031,MadNLP,1.0,0.01,19.932985305786133,36479.11128148834,36479.11128148833,1.9945545158814434e-14,1.509903313490213e-14,NaN,35,LOCALLY_SOLVED,residual_tolerance_upper_bound
852,0.6893245998624031,ADMM,1.0,0.01,74.3710994720459,36592.43271443069,36479.11128148833,0.31064746086581124,1.832201057538896e-12,1.2959020678570674,6,converged,gap_callback_with_solver_termination
852,0.6893245998624031,MEL-ADMM,1.0,0.01,13.578414916992188,36486.34149896815,36479.11128148833,0.019820157963897467,3.718692020981962e-12,0.004528406405629681,16,converged,gap_residual_and_feasibility
852,0.6893245998624031,sMEL-ADMM,1.0,0.01,1.1937060000000002,36486.58849164159,36479.11128148833,0.020497237708344166,1.999511667349907e-13,0.009341713594270828,30,converged,gap_residual_and_feasibility
853,0.5171671870441996,IPOPT,1.0,1.0e-10,12.957096099853516,36479.11128157216,36479.11128148833,2.297926257747011e-10,1.0658141036401503e-14,NaN,33,INTERRUPTED,gap_and_residual
853,0.5171671870441996,MadNLP,1.0,0.01,19.675016403198242,36479.11128148835,36479.11128148833,5.98366354764433e-14,1.509903313490213e-14,NaN,34,LOCALLY_SOLVED,residual_tolerance_upper_bound
853,0.5171671870441996,ADMM,1.0,0.01,70.87349891662598,36588.97204759645,36479.11128148833,0.3011607526849717,6.715739075957572e-13,1.134236985578676,6,converged,gap_callback_with_solver_termination
853,0.5171671870441996,MEL-ADMM,1.0,0.01,15.41280746459961,36486.17719077568,36479.11128148833,0.019369740761563583,1.6503465261052952e-12,0.009379142965740606,18,converged,gap_residual_and_feasibility
853,0.5171671870441996,sMEL-ADMM,1.0,0.01,1.208708,36486.606828246215,36479.11128148833,0.0205475037482274,1.9972912213006566e-13,0.008555754746119248,29,converged,gap_residual_and_feasibility
854,0.296278837383173,IPOPT,1.0,1.0e-10,13.35597038269043,36479.11128157163,36479.11128148834,2.2833660097810759e-10,1.2434497875801753e-14,NaN,34,INTERRUPTED,gap_and_residual
854,0.296278837383173,MadNLP,1.0,0.01,20.2028751373291,36479.11128148834,36479.11128148834,0.0,1.2434497875801753e-14,NaN,35,LOCALLY_SOLVED,residual_tolerance_upper_bound
854,0.296278837383173,ADMM,1.0,0.01,73.85540008544922,36555.667906393755,36479.11128148834,0.20986428182055694,1.8293144776748704e-12,1.1143349611247428,6,converged,gap_callback_with_solver_termination
854,0.296278837383173,MEL-ADMM,1.0,0.01,13.489961624145508,36486.24358744621,36479.11128148834,0.01955175361273419,4.840572387365683e-13,0.0050994332447169555,16,converged,gap_residual_and_feasibility
854,0.296278837383173,sMEL-ADMM,1.0,0.01,1.478292,36484.87197581764,36479.11128148834,0.015791761714937277,2.0022872249114698e-13,0.006443506484053785,39,converged,gap_residual_and_feasibility
855,0.7415473685250004,IPOPT,1.0,1.0e-10,13.477087020874023,36479.11128157204,36479.111281488345,2.2943360596184234e-10,1.4210854715202004e-14,NaN,34,INTERRUPTED,gap_and_residual
855,0.7415473685250004,MadNLP,1.0,0.01,20.002126693725586,36479.11128148833,36479.111281488345,3.9891090317628855e-14,1.4210854715202004e-14,NaN,35,LOCALLY_SOLVED,residual_tolerance_upper_bound
855,0.7415473685250004,ADMM,1.0,0.01,88.54413032531738,36536.259905759216,36479.111281488345,0.15666122957296721,3.6770586575585185e-13,0.8424906782451194,7,converged,gap_callback_with_solver_termination
855,0.7415473685250004,MEL-ADMM,1.0,0.01,14.117002487182617,36485.697083054605,36479.111281488345,0.018053623936835832,4.266031972122164e-12,0.009143371275049716,17,converged,gap_residual_and_feasibility
855,0.7415473685250004,sMEL-ADMM,1.0,0.01,1.6362510000000001,36486.71596911592,36479.111281488345,0.0208466910525623,1.9939605522267811e-13,0.00820263921853126,30,converged,gap_residual_and_feasibility
856,0.2741556218731971,IPOPT,1.0,1.0e-10,14.055967330932617,36479.111281571495,36479.11128148834,2.2795763562009012e-10,1.1546319456101628e-14,NaN,34,INTERRUPTED,gap_and_residual
856,0.2741556218731971,MadNLP,1.0,0.01,19.896984100341797,36479.11128148835,36479.11128148834,3.989109031762886e-14,1.2434497875801753e-14,NaN,35,LOCALLY_SOLVED,residual_tolerance_upper_bound
856,0.2741556218731971,ADMM,1.0,0.01,76.65371894836426,36586.758411223476,36479.11128148834,0.2950925226891826,7.732148255001903e-13,1.329368678151459,6,converged,gap_callback_with_solver_termination
856,0.2741556218731971,MEL-ADMM,1.0,0.01,13.031244277954102,36486.420254496006,36479.11128148834,0.020036050087045586,1.4596102104746933e-12,0.0051336877954444304,16,converged,gap_residual_and_feasibility
856,0.2741556218731971,sMEL-ADMM,1.0,0.01,1.591833,36484.96891030673,36479.11128148834,0.016057487730965846,1.995625886763719e-13,0.00702422464178909,39,converged,gap_residual_and_feasibility
857,0.6793961393800697,IPOPT,1.0,1.0e-10,13.025999069213867,36479.111346010366,36479.11128148834,1.7687390318114095e-7,1.1546319456101628e-14,NaN,33,INTERRUPTED,gap_and_residual
857,0.6793961393800697,MadNLP,1.0,0.01,19.89603042602539,36479.11128148835,36479.11128148834,3.989109031762886e-14,9.769962616701378e-15,NaN,35,LOCALLY_SOLVED,residual_tolerance_upper_bound
857,0.6793961393800697,ADMM,1.0,0.01,74.44906234741211,36573.43208399126,36479.11128148834,0.2585611304373729,4.377609386096992e-13,1.1223402578699329,6,converged,gap_callback_with_solver_termination
857,0.6793961393800697,MEL-ADMM,1.0,0.01,13.39578628540039,36486.25544815104,36479.11128148834,0.01958426730183279,2.486788552857888e-12,0.004482445139309732,16,converged,gap_residual_and_feasibility
857,0.6793961393800697,sMEL-ADMM,1.0,0.01,1.3048739999999999,36486.566160354494,36479.11128148834,0.020436021065948967,2.000621890374532e-13,0.009576798636068418,30,converged,gap_residual_and_feasibility
858,0.29795788664914424,IPOPT,1.0,1.0e-10,13.318061828613281,36479.111281571626,36479.11128148832,2.283565465232665e-10,1.9539925233402755e-14,NaN,34,INTERRUPTED,gap_and_residual
858,0.29795788664914424,MadNLP,1.0,0.01,20.15399932861328,36479.111281488345,36479.11128148832,5.983663547644332e-14,1.2434497875801753e-14,NaN,35,LOCALLY_SOLVED,residual_tolerance_upper_bound
858,0.29795788664914424,ADMM,1.0,0.01,73.36735725402832,36554.5489152275,36479.11128148832,0.206796797095917,3.82804898890754e-13,1.1144397862638025,6,converged,gap_callback_with_solver_termination
858,0.29795788664914424,MEL-ADMM,1.0,0.01,13.52834701538086,36486.23175948858,36479.11128148832,0.019519329693408353,3.552713678800501e-13,0.005281686481573011,16,converged,gap_residual_and_feasibility
858,0.29795788664914424,sMEL-ADMM,1.0,0.01,2.046164,36484.876373022635,36479.11128148832,0.01580381575040349,1.992850329202156e-13,0.006302586307672442,39,converged,gap_residual_and_feasibility
859,0.3036208127036701,IPOPT,1.0,1.0e-10,14.83297348022461,36479.11128157168,36479.11128148836,2.283964376135839e-10,1.2434497875801753e-14,NaN,34,INTERRUPTED,gap_and_residual
859,0.3036208127036701,MadNLP,1.0,0.01,20.1570987701416,36479.11128148835,36479.11128148836,1.9945545158814418e-14,1.4210854715202004e-14,NaN,35,LOCALLY_SOLVED,residual_tolerance_upper_bound
859,0.3036208127036701,ADMM,1.0,0.01,75.20580291748047,36551.962065450025,36479.11128148836,0.19970547911520464,1.156408302449563e-12,1.1137047699494875,6,converged,gap_callback_with_solver_termination
859,0.3036208127036701,MEL-ADMM,1.0,0.01,13.72218132019043,36486.19253623043,36479.11128148836,0.019411807177619894,2.1367352331935763e-12,0.005910074288036249,16,converged,gap_residual_and_feasibility
859,0.3036208127036701,sMEL-ADMM,1.0,0.01,1.476915,36484.90356364681,36479.11128148836,0.015878353268408796,1.9989565558375944e-13,0.005618849311794349,39,converged,gap_residual_and_feasibility
860,0.5267861266625407,IPOPT,1.0,1.0e-10,12.937068939208984,36479.11128157212,36479.111281488345,2.296530069585893e-10,1.1546319456101628e-14,NaN,33,INTERRUPTED,gap_and_residual
860,0.5267861266625407,MadNLP,1.0,0.01,19.587993621826172,36479.111281488316,36479.111281488345,7.978218063525771e-14,1.4210854715202004e-14,NaN,34,LOCALLY_SOLVED,residual_tolerance_upper_bound
860,0.5267861266625407,ADMM,1.0,0.01,70.20068168640137,36588.972047955256,36479.111281488345,0.30116075366852635,1.797562099170591e-12,1.1342369866733524,6,converged,gap_callback_with_solver_termination
860,0.5267861266625407,MEL-ADMM,1.0,0.01,15.018701553344727,36486.17719107199,36479.111281488345,0.019369741573806012,6.140532526899278e-12,0.009379142985643796,18,converged,gap_residual_and_feasibility
860,0.5267861266625407,sMEL-ADMM,1.0,0.01,1.113708,36486.622285570615,36479.111281488345,0.02058987683200697,2.0050627824730327e-13,0.008415525028571125,29,converged,gap_residual_and_feasibility
861,0.7369114884466754,IPOPT,1.0,1.0e-10,14.477014541625977,36479.1112815718,36479.11128148834,2.2879534851676033e-10,1.1546319456101628e-14,NaN,34,INTERRUPTED,gap_and_residual
861,0.7369114884466754,MadNLP,1.0,0.01,19.77396011352539,36479.11128148835,36479.11128148834,3.989109031762886e-14,1.0658141036401503e-14,NaN,35,LOCALLY_SOLVED,residual_tolerance_upper_bound
861,0.7369114884466754,ADMM,1.0,0.01,79.2090892791748,36843.634980011935,36479.11128148834,0.999266938579663,1.758371226401323e-12,2.3934660761934032,6,converged,gap_callback_with_solver_termination
861,0.7369114884466754,MEL-ADMM,1.0,0.01,14.029979705810547,36485.65806185105,36479.11128148834,0.017946655312386765,7.988054662178001e-13,0.009695979828881818,17,converged,gap_residual_and_feasibility
861,0.7369114884466754,sMEL-ADMM,1.0,0.01,1.271914,36486.7043842514,36479.11128148834,0.020814933523115055,1.9939605522267811e-13,0.008294767047191343,30,converged,gap_residual_and_feasibility
862,0.3343560920064526,IPOPT,1.0,1.0e-10,14.688968658447266,36479.1112815579,36479.11128148834,1.9069935726342477e-10,1.1546319456101628e-14,NaN,34,INTERRUPTED,gap_and_residual
862,0.3343560920064526,MadNLP,1.0,0.01,19.66714859008789,36479.111281488345,36479.11128148834,1.994554515881443e-14,1.2434497875801753e-14,NaN,35,LOCALLY_SOLVED,residual_tolerance_upper_bound
862,0.3343560920064526,ADMM,1.0,0.01,71.80333137512207,36567.190301494564,36479.11128148834,0.24145056420528022,2.053968106707771e-12,1.1548824977186243,6,converged,gap_callback_with_solver_termination
862,0.3343560920064526,MEL-ADMM,1.0,0.01,16.501426696777344,36486.46324750947,36479.11128148834,0.020153906613569826,1.9020895969390494e-12,0.0009326711311841152,19,converged,gap_residual_and_feasibility
862,0.3343560920064526,sMEL-ADMM,1.0,0.01,1.492462,36485.16885574353,36479.11128148834,0.01660559712775185,1.9978463328129692e-13,0.006877292534456458,35,converged,gap_residual_and_feasibility
863,0.5797383842652172,IPOPT,1.0,1.0e-10,13.159990310668945,36479.111281572084,36479.11128148834,2.295732247779541e-10,1.509903313490213e-14,NaN,33,INTERRUPTED,gap_and_residual
863,0.5797383842652172,MadNLP,1.0,0.01,20.57194709777832,36479.11128148834,36479.11128148834,0.0,1.2434497875801753e-14,NaN,34,LOCALLY_SOLVED,residual_tolerance_upper_bound
863,0.5797383842652172,ADMM,1.0,0.01,71.0148811340332,36590.05412129151,36479.11128148834,0.3041270357358544,1.393218873602109e-12,1.1271072710788355,6,converged,gap_callback_with_solver_termination
863,0.5797383842652172,MEL-ADMM,1.0,0.01,15.460491180419922,36486.16343613531,36479.11128148834,0.019332035236708404,2.7056135110115065e-12,0.009383687020807052,18,converged,gap_residual_and_feasibility
863,0.5797383842652172,sMEL-ADMM,1.0,0.01,1.186875,36486.710241939334,36479.11128148834,0.02083099117289107,2.0083934515469082e-13,0.00941993733606239,29,converged,gap_residual_and_feasibility
864,0.29823192902299617,IPOPT,1.0,1.0e-10,13.765096664428711,36479.11128157164,36479.11128148835,2.283166554329487e-10,1.1546319456101628e-14,NaN,34,INTERRUPTED,gap_and_residual
864,0.29823192902299617,MadNLP,1.0,0.01,20.390033721923828,36479.11128148834,36479.11128148835,3.989109031762884e-14,1.2434497875801753e-14,NaN,35,LOCALLY_SOLVED,residual_tolerance_upper_bound
864,0.29823192902299617,ADMM,1.0,0.01,75.22964477539062,36554.38052876025,36479.11128148835,0.20633520013985407,8.072986723561826e-13,1.1144090523948975,6,converged,gap_callback_with_solver_termination
864,0.29823192902299617,MEL-ADMM,1.0,0.01,13.423919677734375,36486.229819828935,36479.11128148835,0.019514012514321066,2.123523579200537e-12,0.005311752176518247,16,converged,gap_residual_and_feasibility
864,0.29823192902299617,sMEL-ADMM,1.0,0.01,1.434963,36484.877245319345,36479.11128148835,0.015806206972806363,2.0022872249114698e-13,0.006276286915554152,39,converged,gap_residual_and_feasibility
865,0.6435685355819514,IPOPT,1.0,1.0e-10,13.948917388916016,36479.111281575715,36479.111281488316,2.395858884476791e-10,1.2434497875801753e-14,NaN,34,INTERRUPTED,gap_and_residual
865,0.6435685355819514,MadNLP,1.0,0.01,20.405054092407227,36479.11128148833,36479.111281488316,3.9891090317628886e-14,1.1546319456101628e-14,NaN,35,LOCALLY_SOLVED,residual_tolerance_upper_bound
865,0.6435685355819514,ADMM,1.0,0.01,73.88663291931152,36564.048071227975,36479.111281488316,0.2328367845484238,9.556799795973347e-13,1.1484278934020784,6,converged,gap_callback_with_solver_termination
865,0.6435685355819514,MEL-ADMM,1.0,0.01,13.473272323608398,36485.98651754317,36479.111281488316,0.018847049210714215,7.980283101005625e-13,0.00929812922620954,16,converged,gap_residual_and_feasibility
865,0.6435685355819514,sMEL-ADMM,1.0,0.01,1.313668,36486.11795234718,36479.111281488316,0.019207350762460607,2.0017321133991572e-13,0.008449990645010175,32,converged,gap_residual_and_feasibility
866,0.6580743065145913,IPOPT,1.0,1.0e-10,12.809991836547852,36479.11134601059,36479.11128148836,1.768744616564053e-7,1.1546319456101628e-14,NaN,33,INTERRUPTED,gap_and_residual
866,0.6580743065145913,MadNLP,1.0,0.01,20.255088806152344,36479.11128148834,36479.11128148836,5.983663547644325e-14,1.509903313490213e-14,NaN,35,LOCALLY_SOLVED,residual_tolerance_upper_bound
866,0.6580743065145913,ADMM,1.0,0.01,73.35829734802246,36558.002101905,36479.11128148836,0.2162629999614882,1.0751399770470016e-12,1.1318423872895789,6,converged,gap_callback_with_solver_termination
866,0.6580743065145913,MEL-ADMM,1.0,0.01,15.238761901855469,36486.083312338975,36479.11128148836,0.019112392286137862,1.7279511155265936e-12,0.007190549554942471,16,converged,gap_residual_and_feasibility
866,0.6580743065145913,sMEL-ADMM,1.0,0.01,1.642502,36486.13439612432,36479.11128148836,0.01925242800397464,1.9972912213006566e-13,0.008439058542176525,32,converged,gap_residual_and_feasibility
867,0.3126624056375288,IPOPT,1.0,1.0e-10,13.540983200073242,36479.1112815717,36479.11128148833,2.285360564296958e-10,1.1546319456101628e-14,NaN,34,INTERRUPTED,gap_and_residual
867,0.3126624056375288,MadNLP,1.0,0.01,20.328998565673828,36479.111281488345,36479.11128148833,3.989109031762887e-14,1.2434497875801753e-14,NaN,35,LOCALLY_SOLVED,residual_tolerance_upper_bound
867,0.3126624056375288,ADMM,1.0,0.01,74.97978210449219,36551.63404587145,36479.11128148833,0.19880628073282886,4.823363930483993e-13,1.117672325961431,6,converged,gap_callback_with_solver_termination
867,0.3126624056375288,MEL-ADMM,1.0,0.01,13.420343399047852,36486.13077698463,36479.11128148833,0.019242506875058973,3.073652443674746e-12,0.006933017583856227,16,converged,gap_residual_and_feasibility
867,0.3126624056375288,sMEL-ADMM,1.0,0.01,1.610539,36484.82973073649,36479.11128148833,0.01567595549144568,2.0028423364237824e-13,0.009426366802692598,38,converged,gap_residual_and_feasibility
868,0.7195072807981313,IPOPT,1.0,1.0e-10,14.634132385253906,36479.11128157178,36479.11128148837,2.2865572970064845e-10,1.4210854715202004e-14,NaN,34,INTERRUPTED,gap_and_residual
868,0.7195072807981313,MadNLP,1.0,0.01,21.007061004638672,36479.11128148833,36479.11128148837,9.972772579407208e-14,1.509903313490213e-14,NaN,35,LOCALLY_SOLVED,residual_tolerance_upper_bound
868,0.7195072807981313,ADMM,1.0,0.01,77.69918441772461,36713.25573654672,36479.11128148837,0.6418589895230623,2.063016424358466e-12,1.9840701309066517,6,converged,gap_callback_with_solver_termination
868,0.7195072807981313,MEL-ADMM,1.0,0.01,13.541936874389648,36486.63665396962,36479.11128148837,0.020629264850179893,7.848166561075232e-13,0.009416564475291267,16,converged,gap_residual_and_feasibility
868,0.7195072807981313,sMEL-ADMM,1.0,0.01,1.275291,36486.66104014063,36479.11128148837,0.020696114535259266,2.0050627824730327e-13,0.00865809189602551,30,converged,gap_residual_and_feasibility
869,0.6093973659399006,IPOPT,1.0,1.0e-10,15.472888946533203,36479.11128157188,36479.11128148835,2.2897485842318957e-10,1.2434497875801753e-14,NaN,33,INTERRUPTED,gap_and_residual
869,0.6093973659399006,MadNLP,1.0,0.01,22.207975387573242,36479.11128148833,36479.11128148835,5.983663547644327e-14,1.0658141036401503e-14,NaN,34,LOCALLY_SOLVED,residual_tolerance_upper_bound
869,0.6093973659399006,ADMM,1.0,0.01,75.48737525939941,36590.941227846335,36479.11128148835,0.3065588563686624,3.383959779057477e-13,1.1400564243618225,6,converged,gap_callback_with_solver_termination
869,0.6093973659399006,MEL-ADMM,1.0,0.01,15.461206436157227,36485.94944069515,36479.11128148835,0.01874541063796789,3.28126414927965e-12,0.009560462643009693,18,converged,gap_residual_and_feasibility
869,0.6093973659399006,sMEL-ADMM,1.0,0.01,1.23775,36486.76211771578,36479.11128148835,0.020973197971815176,2.0017321133991572e-13,0.009981748956004566,29,converged,gap_residual_and_feasibility
870,0.6393794068973937,IPOPT,1.0,1.0e-10,13.401985168457031,36479.11128148835,36479.11128148835,0.0,1.1546319456101628e-14,NaN,34,INTERRUPTED,gap_and_residual
870,0.6393794068973937,MadNLP,1.0,0.01,20.53213119506836,36479.111281488345,36479.11128148835,1.994554515881442e-14,1.9539925233402755e-14,NaN,35,LOCALLY_SOLVED,residual_tolerance_upper_bound
870,0.6393794068973937,ADMM,1.0,0.01,74.80025291442871,36567.073674451975,36479.11128148835,0.2411308550936632,1.315281217273423e-12,1.153732711780667,6,converged,gap_callback_with_solver_termination
870,0.6393794068973937,MEL-ADMM,1.0,0.01,13.535499572753906,36485.964053324096,36479.11128148835,0.01878546816249091,1.4455103780619538e-12,0.009871146791285312,16,converged,gap_residual_and_feasibility
870,0.6393794068973937,sMEL-ADMM,1.0,0.01,1.326872,36486.11397724594,36479.11128148835,0.01919645383779867,2.007283228522283e-13,0.008453415389682917,32,converged,gap_residual_and_feasibility
871,0.7098189355303404,IPOPT,1.0,1.0e-10,14.716148376464844,36479.111281571866,36479.11128148835,2.2893496733287194e-10,1.2434497875801753e-14,NaN,34,INTERRUPTED,gap_and_residual
871,0.7098189355303404,MadNLP,1.0,0.01,20.328998565673828,36479.11128148835,36479.11128148835,0.0,1.1546319456101628e-14,NaN,35,LOCALLY_SOLVED,residual_tolerance_upper_bound
871,0.7098189355303404,ADMM,1.0,0.01,77.05903053283691,36661.63829985753,36479.11128148835,0.5003603759990733,1.0095035918311623e-11,1.7643455501599643,6,converged,gap_callback_with_solver_termination
871,0.7098189355303404,MEL-ADMM,1.0,0.01,13.331890106201172,36486.53381874999,36479.11128148835,0.020347363191935402,1.836530927334934e-12,0.007770922261618907,16,converged,gap_residual_and_feasibility
871,0.7098189355303404,sMEL-ADMM,1.0,0.01,1.249086,36486.6371148552,36479.11128148835,0.020630528273492373,1.9961809982760315e-13,0.008871748930628698,30,converged,gap_residual_and_feasibility
872,0.31159116703249196,IPOPT,1.0,1.0e-10,14.783859252929688,36479.1112815717,36479.11128148834,2.2851611088453692e-10,1.5987211554602254e-14,NaN,34,INTERRUPTED,gap_and_residual
872,0.31159116703249196,MadNLP,1.0,0.01,20.257949829101562,36479.11128148835,36479.11128148834,3.989109031762886e-14,1.2434497875801753e-14,NaN,35,LOCALLY_SOLVED,residual_tolerance_upper_bound
872,0.31159116703249196,ADMM,1.0,0.01,75.70099830627441,36551.01933541945,36479.11128148834,0.19712117813462515,8.827938380306932e-13,1.113430132534524,6,converged,gap_callback_with_solver_termination
872,0.31159116703249196,MEL-ADMM,1.0,0.01,13.07535171508789,36486.13871439449,36479.11128148834,0.01926426565582613,1.2251311076738602e-12,0.006791964240807857,16,converged,gap_residual_and_feasibility
872,0.31159116703249196,sMEL-ADMM,1.0,0.01,1.734373,36484.81061278401,36479.11128148834,0.015623547546678945,1.9972912213006566e-13,0.00960699192981096,38,converged,gap_residual_and_feasibility
873,0.5742252375653354,IPOPT,1.0,1.0e-10,12.813091278076172,36479.111281572084,36479.11128148833,2.2959317032311294e-10,1.2434497875801753e-14,NaN,33,INTERRUPTED,gap_and_residual
873,0.5742252375653354,MadNLP,1.0,0.01,19.26898956298828,36479.11128148834,36479.11128148833,1.9945545158814434e-14,1.3322676295501878e-14,NaN,34,LOCALLY_SOLVED,residual_tolerance_upper_bound
873,0.5742252375653354,ADMM,1.0,0.01,69.20790672302246,36588.97205230533,36479.11128148833,0.30116076559340943,4.50417481090426e-13,1.1342369905946565,6,converged,gap_callback_with_solver_termination
873,0.5742252375653354,MEL-ADMM,1.0,0.01,15.231609344482422,36486.1771909392,36479.11128148833,0.019369741209819765,3.5371705564557487e-12,0.009379143514487431,18,converged,gap_residual_and_feasibility
873,0.5742252375653354,sMEL-ADMM,1.0,0.01,1.410873,36486.70083800933,36479.11128148833,0.020805212227998016,2.0017321133991572e-13,0.009314407508535183,29,converged,gap_residual_and_feasibility
874,0.4048638821513221,IPOPT,1.0,1.0e-10,13.327836990356445,36479.11128157198,36479.11128148833,2.2931393269088956e-10,1.509903313490213e-14,NaN,33,INTERRUPTED,gap_and_residual
874,0.4048638821513221,MadNLP,1.0,0.01,20.50018310546875,36479.11128148837,36479.11128148833,9.972772579407217e-14,1.509903313490213e-14,NaN,34,LOCALLY_SOLVED,residual_tolerance_upper_bound
874,0.4048638821513221,ADMM,1.0,0.01,70.54471969604492,36588.97205632036,36479.11128148833,0.30116077659978013,8.942846463355636e-13,1.134236994203583,6,converged,gap_callback_with_solver_termination
874,0.4048638821513221,MEL-ADMM,1.0,0.01,15.414953231811523,36486.17719087388,36479.11128148833,0.019369741030768606,3.407440996028299e-12,0.009379144051366417,18,converged,gap_residual_and_feasibility
874,0.4048638821513221,sMEL-ADMM,1.0,0.01,1.511957,36485.56276177654,36479.11128148833,0.017685409708665733,2.0083934515469082e-13,0.004241230165174414,35,converged,gap_residual_and_feasibility
875,0.4099896566656986,IPOPT,1.0,1.0e-10,12.941837310791016,36479.111281571975,36479.11128148838,2.2915436832961872e-10,1.5987211554602254e-14,NaN,33,INTERRUPTED,gap_and_residual
875,0.4099896566656986,MadNLP,1.0,0.01,19.74797248840332,36479.11128148834,36479.11128148838,1.1967327095288643e-13,1.1546319456101628e-14,NaN,34,LOCALLY_SOLVED,residual_tolerance_upper_bound
875,0.4099896566656986,ADMM,1.0,0.01,69.83137130737305,36588.97205726238,36479.11128148838,0.3011607791819898,5.743738817898247e-13,1.13423700332483,6,converged,gap_callback_with_solver_termination
875,0.4099896566656986,MEL-ADMM,1.0,0.01,15.221595764160156,36486.177190839895,36479.11128148838,0.01936974093746332,1.868838417351526e-12,0.00937914382841587,18,converged,gap_residual_and_feasibility
875,0.4099896566656986,sMEL-ADMM,1.0,0.01,1.411205,36485.61205034468,36479.11128148838,0.017820524206676888,2.0106138975961585e-13,0.006806316820497926,35,converged,gap_residual_and_feasibility
876,0.2960190820855654,IPOPT,1.0,1.0e-10,13.376951217651367,36479.11128157161,36479.11128148834,2.2827676434263117e-10,1.1546319456101628e-14,NaN,34,INTERRUPTED,gap_and_residual
876,0.2960190820855654,MadNLP,1.0,0.01,21.142005920410156,36479.11128148834,36479.11128148834,0.0,1.2434497875801753e-14,NaN,35,LOCALLY_SOLVED,residual_tolerance_upper_bound
876,0.2960190820855654,ADMM,1.0,0.01,76.5385627746582,36555.85251866218,36479.11128148834,0.21037035848179292,1.0237921621580881e-12,1.114313577099665,6,converged,gap_callback_with_solver_termination
876,0.2960190820855654,MEL-ADMM,1.0,0.01,13.266801834106445,36486.245465583364,36479.11128148834,0.019556902140449327,3.0676017281905388e-12,0.005071478712560307,16,converged,gap_residual_and_feasibility
876,0.2960190820855654,sMEL-ADMM,1.0,0.01,1.7247510000000001,36484.871421042044,36479.11128148834,0.015790240911457865,2.000621890374532e-13,0.006462358833726256,39,converged,gap_residual_and_feasibility
877,0.6732095276236182,IPOPT,1.0,1.0e-10,13.289213180541992,36479.11134601791,36479.11128148836,1.7689452687483505e-7,1.4210854715202004e-14,NaN,33,INTERRUPTED,gap_and_residual
877,0.6732095276236182,MadNLP,1.0,0.01,20.97606658935547,36479.111281488345,36479.11128148836,3.9891090317628836e-14,1.1546319456101628e-14,NaN,35,LOCALLY_SOLVED,residual_tolerance_upper_bound
877,0.6732095276236182,ADMM,1.0,0.01,73.97890090942383,36565.558459706044,36479.11128148836,0.23697720470935002,3.2828184615141254e-12,1.1232011245415476,6,converged,gap_callback_with_solver_termination
877,0.6732095276236182,MEL-ADMM,1.0,0.01,13.483285903930664,36486.20716880684,36479.11128148836,0.019451919384011807,3.6770586575585185e-13,0.005195492301960591,16,converged,gap_residual_and_feasibility
877,0.6732095276236182,sMEL-ADMM,1.0,0.01,1.2575850000000002,36486.552419948996,36479.11128148836,0.020398354563017074,2.0028423364237824e-13,0.009725209388722789,30,converged,gap_residual_and_feasibility
878,0.5729293517027763,IPOPT,1.0,1.0e-10,13.164043426513672,36479.11128157209,36479.11128148832,2.2963306141343062e-10,1.1546319456101628e-14,NaN,33,INTERRUPTED,gap_and_residual
878,0.5729293517027763,MadNLP,1.0,0.01,20.53093910217285,36479.11128148833,36479.11128148832,1.9945545158814437e-14,1.0658141036401503e-14,NaN,34,LOCALLY_SOLVED,residual_tolerance_upper_bound
878,0.5729293517027763,ADMM,1.0,0.01,70.17374038696289,36588.97205241406,36479.11128148832,0.3011607658914757,4.363176486776865e-13,1.134236992103527,6,converged,gap_callback_with_solver_termination
878,0.5729293517027763,MEL-ADMM,1.0,0.01,15.387773513793945,36486.17719079048,36479.11128148832,0.01936974080215277,3.339550858072471e-13,0.009379143696080838,18,converged,gap_residual_and_feasibility
878,0.5729293517027763,sMEL-ADMM,1.0,0.01,1.383457,36486.69863704286,36479.11128148832,0.02079917872994732,2.0061730054976579e-13,0.009289512363357844,29,converged,gap_residual_and_feasibility
879,0.3949554078806883,IPOPT,1.0,1.0e-10,12.428045272827148,36479.11128157191,36479.11128148836,2.2903469505866596e-10,1.1546319456101628e-14,NaN,33,INTERRUPTED,gap_and_residual
879,0.3949554078806883,MadNLP,1.0,0.01,19.98305320739746,36479.11128148836,36479.11128148836,0.0,1.509903313490213e-14,NaN,34,LOCALLY_SOLVED,residual_tolerance_upper_bound
879,0.3949554078806883,ADMM,1.0,0.01,69.80156898498535,36588.97205698407,36479.11128148836,0.3011607784191327,2.5180968421523175e-12,1.134236993999636,6,converged,gap_callback_with_solver_termination
879,0.3949554078806883,MEL-ADMM,1.0,0.01,14.900445938110352,36486.177190916605,36479.11128148836,0.01936974114780905,3.979483409466411e-12,0.009379143952909175,18,converged,gap_residual_and_feasibility
879,0.3949554078806883,sMEL-ADMM,1.0,0.01,1.166418,36485.315449031266,36479.11128148836,0.01700745255286611,2.0061730054976579e-13,0.0068358370790022605,34,converged,gap_residual_and_feasibility
880,0.5587002415573697,IPOPT,1.0,1.0e-10,13.221025466918945,36479.111281572106,36479.111281488345,2.2961311586827168e-10,1.4210854715202004e-14,NaN,33,INTERRUPTED,gap_and_residual
880,0.5587002415573697,MadNLP,1.0,0.01,19.308090209960938,36479.11128148835,36479.111281488345,1.9945545158814427e-14,9.769962616701378e-15,NaN,34,LOCALLY_SOLVED,residual_tolerance_upper_bound
880,0.5587002415573697,ADMM,1.0,0.01,70.05095481872559,36588.97205168145,36479.111281488345,0.3011607638831187,9.829914660031136e-13,1.1342369914351957,6,converged,gap_callback_with_solver_termination
880,0.5587002415573697,MEL-ADMM,1.0,0.01,15.492439270019531,36486.177190939125,36479.111281488345,0.01936974120958041,3.781974733385596e-12,0.00937914344529922,18,converged,gap_residual_and_feasibility
880,0.5587002415573697,sMEL-ADMM,1.0,0.01,1.162872,36486.67468263988,36479.111281488345,0.020733512648302692,1.9972912213006566e-13,0.009013366317779159,29,converged,gap_residual_and_feasibility
881,0.590086218047151,IPOPT,1.0,1.0e-10,14.10984992980957,36479.111281572004,36479.111281488345,2.2933387823604827e-10,1.2434497875801753e-14,NaN,33,INTERRUPTED,gap_and_residual
881,0.590086218047151,MadNLP,1.0,0.01,19.71602439880371,36479.11128148833,36479.111281488345,3.9891090317628855e-14,1.1546319456101628e-14,NaN,34,LOCALLY_SOLVED,residual_tolerance_upper_bound
881,0.590086218047151,ADMM,1.0,0.01,71.70510292053223,36595.89627493105,36479.111281488345,0.32014210143866734,4.452216373351803e-12,1.0658163733669372,6,converged,gap_callback_with_solver_termination
881,0.590086218047151,MEL-ADMM,1.0,0.01,15.233516693115234,36486.0905348623,36479.111281488345,0.01913219135219037,3.204769782882977e-12,0.009403107802046229,18,converged,gap_residual_and_feasibility
881,0.590086218047151,sMEL-ADMM,1.0,0.01,1.14029,36486.728081623405,36479.111281488345,0.02087989500699531,1.999511667349907e-13,0.009616691232810837,29,converged,gap_residual_and_feasibility
882,0.5251103475500368,IPOPT,1.0,1.0e-10,14.23788070678711,36479.11128157216,36479.11128148835,2.2973278913922452e-10,1.3322676295501878e-14,NaN,33,INTERRUPTED,gap_and_residual
882,0.5251103475500368,MadNLP,1.0,0.01,19.816875457763672,36479.11128148834,36479.11128148835,3.989109031762884e-14,1.509903313490213e-14,NaN,34,LOCALLY_SOLVED,residual_tolerance_upper_bound
882,0.5251103475500368,ADMM,1.0,0.01,72.24512100219727,36588.97204758254,36479.11128148835,0.30116075264677583,1.2106982083537332e-12,1.1342369825039134,6,converged,gap_callback_with_solver_termination
882,0.5251103475500368,MEL-ADMM,1.0,0.01,15.56849479675293,36486.177190919196,36479.11128148835,0.019369741154929614,2.3675506000131463e-12,0.009379143125196165,18,converged,gap_residual_and_feasibility
882,0.5251103475500368,sMEL-ADMM,1.0,0.01,1.105081,36486.61958846255,36479.11128148835,0.0205824832635274,2.0039525594484076e-13,0.008440903826395285,29,converged,gap_residual_and_feasibility
883,0.38161661792650337,IPOPT,1.0,1.0e-10,13.829946517944336,36479.11128156392,36479.11128148833,2.0721426865492315e-10,1.509903313490213e-14,NaN,32,INTERRUPTED,gap_and_residual
883,0.38161661792650337,MadNLP,1.0,0.01,19.51003074645996,36479.11128148837,36479.11128148833,9.972772579407217e-14,1.509903313490213e-14,NaN,33,LOCALLY_SOLVED,residual_tolerance_upper_bound
883,0.38161661792650337,ADMM,1.0,0.01,71.54011726379395,36594.405294462886,36479.11128148833,0.3160548843553155,6.911693439803912e-13,1.0791113055732504,6,converged,gap_callback_with_solver_termination
883,0.38161661792650337,MEL-ADMM,1.0,0.01,15.41280746459961,36486.11076587255,36479.11128148833,0.01918765051651186,8.287259767314481e-13,0.009405748786539547,18,converged,gap_residual_and_feasibility
883,0.38161661792650337,sMEL-ADMM,1.0,0.01,1.456499,36485.03449184344,36479.11128148833,0.01623726606003423,2.000621890374532e-13,0.008639194674620043,33,converged,gap_residual_and_feasibility
884,0.731430754790833,IPOPT,1.0,1.0e-10,13.357877731323242,36479.11128157172,36479.111281488345,2.285560019748545e-10,1.4210854715202004e-14,NaN,34,INTERRUPTED,gap_and_residual
884,0.731430754790833,MadNLP,1.0,0.01,19.8671817779541,36479.111281488345,36479.111281488345,0.0,1.3322676295501878e-14,NaN,35,LOCALLY_SOLVED,residual_tolerance_upper_bound
884,0.731430754790833,ADMM,1.0,0.01,77.29840278625488,36796.93343150924,36479.111281488345,0.8712442240394662,5.4048987507826496e-12,2.265102688124639,6,converged,gap_callback_with_solver_termination
884,0.731430754790833,MEL-ADMM,1.0,0.01,15.569686889648438,36485.89106776584,36479.111281488345,0.01858539322732174,2.3723245590190345e-12,0.005092520160449254,19,converged,gap_residual_and_feasibility
884,0.731430754790833,sMEL-ADMM,1.0,0.01,1.225123,36486.69076116252,36479.111281488345,0.020777588619660118,2.0061730054976579e-13,0.00840503822198535,30,converged,gap_residual_and_feasibility
885,0.32039270974347606,IPOPT,1.0,1.0e-10,14.737844467163086,36479.111281571786,36479.11128148834,2.287554574264427e-10,1.4210854715202004e-14,NaN,34,INTERRUPTED,gap_and_residual
885,0.32039270974347606,MadNLP,1.0,0.01,19.650936126708984,36479.11128148833,36479.11128148834,1.994554515881443e-14,1.0658141036401503e-14,NaN,35,LOCALLY_SOLVED,residual_tolerance_upper_bound
885,0.32039270974347606,ADMM,1.0,0.01,73.81081581115723,36557.03730953988,36479.11128148834,0.21361821961679436,3.5089708916302698e-12,1.1394566475738799,6,converged,gap_callback_with_solver_termination
885,0.32039270974347606,MEL-ADMM,1.0,0.01,13.881921768188477,36486.06384720598,36479.11128148834,0.01905903261730499,2.2609136784979e-12,0.00820518495705258,16,converged,gap_residual_and_feasibility
885,0.32039270974347606,sMEL-ADMM,1.0,0.01,1.322918,36484.96195117669,36479.11128148834,0.01603841070360092,1.9989565558375944e-13,0.009893979570218647,35,converged,gap_residual_and_feasibility
886,0.28157146109212045,IPOPT,1.0,1.0e-10,13.783931732177734,36479.11128157155,36479.11128148835,2.280773088910429e-10,1.0658141036401503e-14,NaN,34,INTERRUPTED,gap_and_residual
886,0.28157146109212045,MadNLP,1.0,0.01,19.736051559448242,36479.111281488345,36479.11128148835,1.994554515881442e-14,1.3322676295501878e-14,NaN,35,LOCALLY_SOLVED,residual_tolerance_upper_bound
886,0.28157146109212045,ADMM,1.0,0.01,75.8967399597168,36572.465176809055,36479.11128148835,0.2559105527553678,1.490751966315429e-12,1.1821660259332516,6,converged,gap_callback_with_solver_termination
886,0.28157146109212045,MEL-ADMM,1.0,0.01,13.288736343383789,36486.35814053836,36479.11128148835,0.019865777414605185,9.484635299372712e-13,0.0043177230695228275,16,converged,gap_residual_and_feasibility
886,0.28157146109212045,sMEL-ADMM,1.0,0.01,1.5289590000000002,36484.90124446498,36479.11128148835,0.015871995707207414,2.0000667788622195e-13,0.006673526479136882,39,converged,gap_residual_and_feasibility
887,0.5631712885367546,IPOPT,1.0,1.0e-10,12.836933135986328,36479.111281572106,36479.11128148832,2.2967295250374825e-10,1.2434497875801753e-14,NaN,33,INTERRUPTED,gap_and_residual
887,0.5631712885367546,MadNLP,1.0,0.01,20.473957061767578,36479.1112814883,36479.11128148832,5.983663547644332e-14,1.3322676295501878e-14,NaN,34,LOCALLY_SOLVED,residual_tolerance_upper_bound
887,0.5631712885367546,ADMM,1.0,0.01,70.94359397888184,36588.9720529114,36479.11128148832,0.30116076725483354,2.320144076861652e-12,1.1342369953023024,6,converged,gap_callback_with_solver_termination
887,0.5631712885367546,MEL-ADMM,1.0,0.01,15.101909637451172,36486.177190829265,36479.11128148832,0.019369740908482473,1.3016254740705335e-12,0.00937914360244907,18,converged,gap_residual_and_feasibility
887,0.5631712885367546,sMEL-ADMM,1.0,0.01,1.300751,36486.68217011498,36479.11128148832,0.020754038025318715,2.0117241206207837e-13,0.009100736682539079,29,converged,gap_residual_and_feasibility
888,0.312184049819574,IPOPT,1.0,1.0e-10,13.252019882202148,36479.11128157173,36479.111281488316,2.2865572970064876e-10,1.2434497875801753e-14,NaN,34,INTERRUPTED,gap_and_residual
888,0.312184049819574,MadNLP,1.0,0.01,20.372867584228516,36479.11128148834,36479.111281488316,5.983663547644333e-14,1.0658141036401503e-14,NaN,35,LOCALLY_SOLVED,residual_tolerance_upper_bound
888,0.312184049819574,ADMM,1.0,0.01,72.784423828125,36551.35553995215,36479.111281488316,0.1980428138897531,6.448175327022909e-13,1.1157794960472565,6,converged,gap_callback_with_solver_termination
888,0.312184049819574,MEL-ADMM,1.0,0.01,13.292074203491211,36486.13483769643,36479.111281488316,0.019253638483453097,8.010814234182817e-13,0.006857398249769275,16,converged,gap_residual_and_feasibility
888,0.312184049819574,sMEL-ADMM,1.0,0.01,1.420375,36484.821176441525,36479.111281488316,0.015652505646720126,2.003397447936095e-13,0.009507082722457483,38,converged,gap_residual_and_feasibility
889,0.6622456078004373,IPOPT,1.0,1.0e-10,12.970924377441406,36479.11134600575,36479.11128148834,1.7686125770551028e-7,1.4210854715202004e-14,NaN,33,INTERRUPTED,gap_and_residual
889,0.6622456078004373,MadNLP,1.0,0.01,19.659042358398438,36479.11128148835,36479.11128148834,3.989109031762886e-14,1.0658141036401503e-14,NaN,35,LOCALLY_SOLVED,residual_tolerance_upper_bound
889,0.6622456078004373,ADMM,1.0,0.01,74.72467422485352,36558.27603470495,36479.11128148834,0.21701393053613866,9.019451852054772e-13,1.1273327441949235,6,converged,gap_callback_with_solver_termination
889,0.6622456078004373,MEL-ADMM,1.0,0.01,13.329744338989258,36486.12026630248,36479.11128148834,0.01921369399615858,1.833089235958596e-12,0.006526683789374488,16,converged,gap_residual_and_feasibility
889,0.6622456078004373,sMEL-ADMM,1.0,0.01,1.190458,36486.52840820286,36479.11128148834,0.020332531286980763,2.000621890374532e-13,0.009990342059658985,30,converged,gap_residual_and_feasibility
890,0.48395170823705663,IPOPT,1.0,1.0e-10,13.344049453735352,36479.111281572135,36479.11128148832,2.2975273468438352e-10,1.0658141036401503e-14,NaN,33,INTERRUPTED,gap_and_residual
890,0.48395170823705663,MadNLP,1.0,0.01,19.269943237304688,36479.11128148833,36479.11128148832,1.9945545158814437e-14,2.042810365310288e-14,NaN,34,LOCALLY_SOLVED,residual_tolerance_upper_bound
890,0.48395170823705663,ADMM,1.0,0.01,68.5739517211914,36588.97204801412,36479.11128148832,0.30116075382994584,8.853473509873311e-13,1.1342369893973796,6,converged,gap_callback_with_solver_termination
890,0.48395170823705663,MEL-ADMM,1.0,0.01,14.950752258300781,36486.177190864786,36479.11128148832,0.019369741005856624,1.2651546477115971e-12,0.009379143094669473,18,converged,gap_residual_and_feasibility
890,0.48395170823705663,sMEL-ADMM,1.0,0.01,1.019086,36486.55492743154,36479.11128148832,0.020405228312114866,1.9984014443252818e-13,0.00904941700805395,29,converged,gap_residual_and_feasibility
891,0.3623974996892698,IPOPT,1.0,1.0e-10,13.531923294067383,36479.11128157107,36479.11128148834,2.268007940008789e-10,1.3322676295501878e-14,NaN,33,INTERRUPTED,gap_and_residual
891,0.3623974996892698,MadNLP,1.0,0.01,19.221067428588867,36479.11128148835,36479.11128148834,3.989109031762886e-14,1.509903313490213e-14,NaN,34,LOCALLY_SOLVED,residual_tolerance_upper_bound
891,0.3623974996892698,ADMM,1.0,0.01,71.74968719482422,36591.694211934686,36479.11128148834,0.3086230077745315,1.716404796070492e-12,1.1514402578477458,6,converged,gap_callback_with_solver_termination
891,0.3623974996892698,MEL-ADMM,1.0,0.01,15.805244445800781,36485.97809852514,36479.11128148834,0.018823970199867028,1.3737344595199374e-12,0.009508145963279091,18,converged,gap_residual_and_feasibility
891,0.3623974996892698,sMEL-ADMM,1.0,0.01,1.382289,36485.4411637715,36479.11128148834,0.017352073723287374,1.999511667349907e-13,0.007637786806387936,36,converged,gap_residual_and_feasibility
892,0.40506528612631926,IPOPT,1.0,1.0e-10,12.679815292358398,36479.111281571975,36479.11128148836,2.292142049650953e-10,1.2434497875801753e-14,NaN,33,INTERRUPTED,gap_and_residual
892,0.40506528612631926,MadNLP,1.0,0.01,19.69003677368164,36479.11128148835,36479.11128148836,1.9945545158814418e-14,1.2434497875801753e-14,NaN,34,LOCALLY_SOLVED,residual_tolerance_upper_bound
892,0.40506528612631926,ADMM,1.0,0.01,69.84138488769531,36588.97205674048,36479.11128148836,0.3011607777513758,3.7481129311345285e-13,1.1342369977052122,6,converged,gap_callback_with_solver_termination
892,0.40506528612631926,MEL-ADMM,1.0,0.01,15.11836051940918,36486.177190828384,36479.11128148836,0.019369740905969317,2.0815016377184747e-12,0.009379143941968593,18,converged,gap_residual_and_feasibility
892,0.40506528612631926,sMEL-ADMM,1.0,0.01,1.500625,36485.5645804734,36479.11128148836,0.01769039529292511,2.0017321133991572e-13,0.004347803932578387,35,converged,gap_residual_and_feasibility
893,0.5957888893465587,IPOPT,1.0,1.0e-10,15.258073806762695,36479.111281571975,36479.11128148833,2.2929398714573074e-10,1.4210854715202004e-14,NaN,33,INTERRUPTED,gap_and_residual
893,0.5957888893465587,MadNLP,1.0,0.01,20.09415626525879,36479.1112814883,36479.11128148833,7.978218063525773e-14,1.3322676295501878e-14,NaN,34,LOCALLY_SOLVED,residual_tolerance_upper_bound
893,0.5957888893465587,ADMM,1.0,0.01,73.20904731750488,36598.06500360014,36479.11128148833,0.3260872261769497,4.122036045828281e-12,1.1147824754172646,6,converged,gap_callback_with_solver_termination
893,0.5957888893465587,MEL-ADMM,1.0,0.01,16.16978645324707,36486.05071532901,36479.11128148833,0.019023034270573717,8.375522497772181e-13,0.009374078323111767,18,converged,gap_residual_and_feasibility
893,0.5957888893465587,sMEL-ADMM,1.0,0.01,1.62133,36486.7380262654,36479.11128148833,0.02090715620294268,1.999511667349907e-13,0.009724619290478742,29,converged,gap_residual_and_feasibility
894,0.6028670228263786,IPOPT,1.0,1.0e-10,15.199899673461914,36479.11128157195,36479.11128148832,2.2925409605541316e-10,1.2434497875801753e-14,NaN,33,INTERRUPTED,gap_and_residual
894,0.6028670228263786,MadNLP,1.0,0.01,20.153045654296875,36479.11128148834,36479.11128148832,3.9891090317628874e-14,1.2434497875801753e-14,NaN,34,LOCALLY_SOLVED,residual_tolerance_upper_bound
894,0.6028670228263786,ADMM,1.0,0.01,75.28090476989746,36598.043883590595,36479.11128148832,0.32602933000351114,1.8482992913959606e-12,1.1580633003876004,6,converged,gap_callback_with_solver_termination
894,0.6028670228263786,MEL-ADMM,1.0,0.01,15.821695327758789,36485.998177836555,36479.11128148832,0.018879013512935472,1.865618770580113e-12,0.009422671671317495,18,converged,gap_residual_and_feasibility
894,0.6028670228263786,sMEL-ADMM,1.0,0.01,1.670793,36486.75048752134,36479.11128148832,0.020941316179746722,1.9984014443252818e-13,0.009858295460643873,29,converged,gap_residual_and_feasibility
895,0.6115082681322191,IPOPT,1.0,1.0e-10,13.767004013061523,36479.111281571524,36479.111281488316,2.2809725443620196e-10,1.1546319456101628e-14,NaN,33,INTERRUPTED,gap_and_residual
895,0.6115082681322191,MadNLP,1.0,0.01,20.53999900817871,36479.11128148835,36479.111281488316,9.972772579407222e-14,1.2434497875801753e-14,NaN,34,LOCALLY_SOLVED,residual_tolerance_upper_bound
895,0.6115082681322191,ADMM,1.0,0.01,72.41225242614746,36588.799661008255,36479.111281488316,0.3006881902180595,1.818656336638469e-12,1.1406654701915144,6,converged,gap_callback_with_solver_termination
895,0.6115082681322191,MEL-ADMM,1.0,0.01,15.675067901611328,36485.935855068965,36479.111281488316,0.018708168430933713,3.375077994860476e-13,0.009571679333573613,18,converged,gap_residual_and_feasibility
895,0.6115082681322191,sMEL-ADMM,1.0,0.01,1.363833,36486.0897395999,36479.111281488316,0.01913001130354605,1.9961809982760315e-13,0.008474043968069722,32,converged,gap_residual_and_feasibility
896,0.5690908816803395,IPOPT,1.0,1.0e-10,13.759136199951172,36479.111281572106,36479.11128148834,2.2963306141343055e-10,1.1546319456101628e-14,NaN,33,INTERRUPTED,gap_and_residual
896,0.5690908816803395,MadNLP,1.0,0.01,20.596981048583984,36479.111281488345,36479.11128148834,1.994554515881443e-14,1.4210854715202004e-14,NaN,34,LOCALLY_SOLVED,residual_tolerance_upper_bound
896,0.5690908816803395,ADMM,1.0,0.01,72.03149795532227,36588.9720525875,36479.11128148834,0.3011607663668976,3.4994229736184934e-13,1.1342369946864261,6,converged,gap_callback_with_solver_termination
896,0.5690908816803395,MEL-ADMM,1.0,0.01,15.237808227539062,36486.17719083435,36479.11128148834,0.019369740922384512,1.2951861805277076e-12,0.009379143625351638,18,converged,gap_residual_and_feasibility
896,0.5690908816803395,sMEL-ADMM,1.0,0.01,1.2594990000000001,36486.69213774748,36479.11128148834,0.02078136224494037,2.0039525594484076e-13,0.009215544902096084,29,converged,gap_residual_and_feasibility
897,0.38803587767798486,IPOPT,1.0,1.0e-10,12.790918350219727,36479.11128157188,36479.111281488345,2.2899480396834843e-10,1.1546319456101628e-14,NaN,33,INTERRUPTED,gap_and_residual
897,0.38803587767798486,MadNLP,1.0,0.01,20.565032958984375,36479.11128148832,36479.111281488345,5.983663547644328e-14,1.1546319456101628e-14,NaN,34,LOCALLY_SOLVED,residual_tolerance_upper_bound
897,0.38803587767798486,ADMM,1.0,0.01,69.71907615661621,36590.73273254601,36479.111281488345,0.3059873092750051,2.7193802765168584e-12,1.115229622719779,6,converged,gap_callback_with_solver_termination
897,0.38803587767798486,MEL-ADMM,1.0,0.01,15.407085418701172,36486.153991932464,36479.111281488345,0.019306145892026155,6.245781669633743e-12,0.009415595157075352,18,converged,gap_residual_and_feasibility
897,0.38803587767798486,sMEL-ADMM,1.0,0.01,1.40625,36485.265970309665,36479.111281488345,0.016871816788044877,1.9978463328129692e-13,0.005463952773775205,34,converged,gap_residual_and_feasibility
898,0.6199912762545099,IPOPT,1.0,1.0e-10,14.301776885986328,36479.11128157011,36479.11128148834,2.241679820399154e-10,1.1546319456101628e-14,NaN,33,INTERRUPTED,gap_and_residual
898,0.6199912762545099,MadNLP,1.0,0.01,19.843101501464844,36479.11128148834,36479.11128148834,0.0,1.1546319456101628e-14,NaN,34,LOCALLY_SOLVED,residual_tolerance_upper_bound
898,0.6199912762545099,ADMM,1.0,0.01,72.39651679992676,36582.37642918125,36479.11128148834,0.2830802178706376,1.4314105456492143e-12,1.1610552713841296,6,converged,gap_callback_with_solver_termination
898,0.6199912762545099,MEL-ADMM,1.0,0.01,15.80357551574707,36485.889904558906,36479.11128148834,0.0185822045341541,2.318145675417327e-12,0.009581151437242141,18,converged,gap_residual_and_feasibility
898,0.6199912762545099,sMEL-ADMM,1.0,0.01,1.123375,36486.096926601975,36479.11128148834,0.01914971299528751,2.0028423364237824e-13,0.008468432570188256,32,converged,gap_residual_and_feasibility
899,0.42347814224849917,IPOPT,1.0,1.0e-10,14.158964157104492,36479.11128157203,36479.11128148836,2.2937376932636582e-10,1.4210854715202004e-14,NaN,33,INTERRUPTED,gap_and_residual
899,0.42347814224849917,MadNLP,1.0,0.01,19.826173782348633,36479.11128148837,36479.11128148836,1.9945545158814418e-14,1.1546319456101628e-14,NaN,34,LOCALLY_SOLVED,residual_tolerance_upper_bound
899,0.42347814224849917,ADMM,1.0,0.01,71.48480415344238,36588.97205442348,36479.11128148836,0.30116077139979675,3.232969447708456e-13,1.1342369893545579,6,converged,gap_callback_with_solver_termination
899,0.42347814224849917,MEL-ADMM,1.0,0.01,15.261650085449219,36486.17719081083,36479.11128148836,0.019369740857840715,3.4994229736184934e-13,0.00937914332937595,18,converged,gap_residual_and_feasibility
899,0.42347814224849917,sMEL-ADMM,1.0,0.01,1.638332,36485.86318661415,36479.11128148836,0.018508962769654132,2.0089485630592208e-13,0.006704281084658703,36,converged,gap_residual_and_feasibility
900,0.4710232419819081,IPOPT,1.0,1.0e-10,12.792825698852539,36479.11128157211,36479.11128148836,2.2959317032311276e-10,1.4210854715202004e-14,NaN,33,INTERRUPTED,gap_and_residual
900,0.4710232419819081,MadNLP,1.0,0.01,20.142793655395508,36479.11128148835,36479.11128148836,1.9945545158814418e-14,1.1546319456101628e-14,NaN,34,LOCALLY_SOLVED,residual_tolerance_upper_bound
900,0.4710232419819081,ADMM,1.0,0.01,73.29535484313965,36588.97205072717,36479.11128148836,0.3011607612671207,3.454292407667481e-12,1.134236992200611,6,converged,gap_callback_with_solver_termination
900,0.4710232419819081,MEL-ADMM,1.0,0.01,15.119075775146484,36486.177190898234,36479.11128148836,0.01936974109744655,1.4979129048242612e-12,0.009379142964583309,18,converged,gap_residual_and_feasibility
900,0.4710232419819081,sMEL-ADMM,1.0,0.01,1.2799580000000002,36486.495060331574,36479.11128148836,0.020241114939005562,2.0011770018868447e-13,0.009969770702587866,29,converged,gap_residual_and_feasibility
901,0.438429665236251,IPOPT,1.0,1.0e-10,12.833118438720703,36479.11128157206,36479.11128148836,2.2945355150700108e-10,1.1546319456101628e-14,NaN,33,INTERRUPTED,gap_and_residual
901,0.438429665236251,MadNLP,1.0,0.01,19.292831420898438,36479.11128148835,36479.11128148836,1.9945545158814418e-14,1.1546319456101628e-14,NaN,34,LOCALLY_SOLVED,residual_tolerance_upper_bound
901,0.438429665236251,ADMM,1.0,0.01,69.10061836242676,36588.97205632461,36479.11128148836,0.30116077661134827,3.2240876635114546e-13,1.1342370044193784,6,converged,gap_callback_with_solver_termination
901,0.438429665236251,MEL-ADMM,1.0,0.01,15.150308609008789,36486.17719086218,36479.11128148836,0.019369740998616373,1.2290168882600483e-12,0.009379143343981156,18,converged,gap_residual_and_feasibility
901,0.438429665236251,sMEL-ADMM,1.0,0.01,1.366585,36485.712632855095,36479.11128148836,0.018096250524844343,2.007283228522283e-13,0.007308976418958224,34,converged,gap_residual_and_feasibility
902,0.3848476554730084,IPOPT,1.0,1.0e-10,13.772964477539062,36479.111281571866,36479.11128148834,2.2897485842318967e-10,1.2434497875801753e-14,NaN,33,INTERRUPTED,gap_and_residual
902,0.3848476554730084,MadNLP,1.0,0.01,19.450902938842773,36479.111281488345,36479.11128148834,1.994554515881443e-14,9.769962616701378e-15,NaN,34,LOCALLY_SOLVED,residual_tolerance_upper_bound
902,0.3848476554730084,ADMM,1.0,0.01,72.88670539855957,36592.98471349889,36479.11128148834,0.3121606530703411,3.3928415632544784e-13,1.087458322022548,6,converged,gap_callback_with_solver_termination
902,0.3848476554730084,MEL-ADMM,1.0,0.01,15.315771102905273,36486.132063967976,36479.11128148834,0.01924603487585719,1.4589440766599182e-12,0.009430039363080844,18,converged,gap_residual_and_feasibility
902,0.3848476554730084,sMEL-ADMM,1.0,0.01,1.187584,36485.248739602845,36479.11128148834,0.01682458234014312,2.0039525594484076e-13,0.005979961065797568,34,converged,gap_residual_and_feasibility
903,0.648721621435964,IPOPT,1.0,1.0e-10,13.312816619873047,36479.11128157572,36479.11128148833,2.3956594290252015e-10,1.1546319456101628e-14,NaN,34,INTERRUPTED,gap_and_residual
903,0.648721621435964,MadNLP,1.0,0.01,20.406007766723633,36479.11128148831,36479.11128148833,5.98366354764433e-14,1.2434497875801753e-14,NaN,35,LOCALLY_SOLVED,residual_tolerance_upper_bound
903,0.648721621435964,ADMM,1.0,0.01,73.49252700805664,36560.81086298111,36479.11128148833,0.2239626422429835,8.240075288767912e-13,1.146486177722636,6,converged,gap_callback_with_solver_termination
903,0.648721621435964,MEL-ADMM,1.0,0.01,13.495445251464844,36486.01711271748,36479.11128148833,0.018930919604549443,1.6509016376176078e-12,0.008557822660831604,16,converged,gap_residual_and_feasibility
903,0.648721621435964,sMEL-ADMM,1.0,0.01,1.063168,36486.12307808588,36479.11128148833,0.019221401923543133,2.000621890374532e-13,0.00844588316612871,32,converged,gap_residual_and_feasibility
904,0.7403600096067815,IPOPT,1.0,1.0e-10,14.71710205078125,36479.1112815719,36479.11128148835,2.2903469505866601e-10,1.0658141036401503e-14,NaN,34,INTERRUPTED,gap_and_residual
904,0.7403600096067815,MadNLP,1.0,0.01,20.97797393798828,36479.11128148833,36479.11128148835,5.983663547644327e-14,1.0658141036401503e-14,NaN,35,LOCALLY_SOLVED,residual_tolerance_upper_bound
904,0.7403600096067815,ADMM,1.0,0.01,90.1789665222168,36537.65059148068,36479.11128148835,0.16047350918340564,2.2639667918156192e-12,0.8508878588230493,7,converged,gap_callback_with_solver_termination
904,0.7403600096067815,MEL-ADMM,1.0,0.01,14.178276062011719,36485.68695874415,36479.11128148835,0.018025870216666094,2.6998403512834557e-12,0.009287753540756505,17,converged,gap_residual_and_feasibility
904,0.7403600096067815,sMEL-ADMM,1.0,0.01,1.210378,36486.71299655417,36479.11128148835,0.020838542384317697,2.000621890374532e-13,0.008226148574463465,30,converged,gap_residual_and_feasibility
905,0.3577835139701612,IPOPT,1.0,1.0e-10,13.731956481933594,36479.11128157022,36479.111281488345,2.2444721967213873e-10,1.1546319456101628e-14,NaN,33,INTERRUPTED,gap_and_residual
905,0.3577835139701612,MadNLP,1.0,0.01,19.72794532775879,36479.11128148835,36479.111281488345,1.9945545158814427e-14,1.5987211554602254e-14,NaN,34,LOCALLY_SOLVED,residual_tolerance_upper_bound
905,0.3577835139701612,ADMM,1.0,0.01,73.21381568908691,36586.96043172836,36479.111281488345,0.2956463204594101,1.1562417689958693e-12,1.1652858250027052,6,converged,gap_callback_with_solver_termination
905,0.3577835139701612,MEL-ADMM,1.0,0.01,15.151739120483398,36485.95147909044,36479.111281488345,0.01875099848051638,3.2807090377673376e-12,0.00952503533882254,18,converged,gap_residual_and_feasibility
905,0.3577835139701612,sMEL-ADMM,1.0,0.01,1.742,36485.41046429939,36479.111281488345,0.01726791741837957,2.0000667788622195e-13,0.006463697819098613,36,converged,gap_residual_and_feasibility
906,0.532180166040849,IPOPT,1.0,1.0e-10,13.401985168457031,36479.11128157214,36479.11128148834,2.297327891392246e-10,1.1546319456101628e-14,NaN,33,INTERRUPTED,gap_and_residual
906,0.532180166040849,MadNLP,1.0,0.01,18.954992294311523,36479.111281488316,36479.11128148834,5.983663547644329e-14,1.0658141036401503e-14,NaN,34,LOCALLY_SOLVED,residual_tolerance_upper_bound
906,0.532180166040849,ADMM,1.0,0.01,70.24788856506348,36588.9720474982,36479.11128148834,0.301160752415627,2.066458115734804e-12,1.1342369831558887,6,converged,gap_callback_with_solver_termination
906,0.532180166040849,MEL-ADMM,1.0,0.01,15.210151672363281,36486.177190992195,36479.11128148834,0.019369741355083167,3.9716008259915725e-12,0.009379142952699482,18,converged,gap_residual_and_feasibility
906,0.532180166040849,sMEL-ADMM,1.0,0.01,1.042294,36486.630979858724,36479.11128148834,0.020613710439273403,2.0083934515469082e-13,0.008481928171095277,29,converged,gap_residual_and_feasibility
907,0.42490022442652803,IPOPT,1.0,1.0e-10,12.911081314086914,36479.11128157204,36479.11128148832,2.2949344259731892e-10,1.7763568394002505e-14,NaN,33,INTERRUPTED,gap_and_residual
907,0.42490022442652803,MadNLP,1.0,0.01,20.669937133789062,36479.11128148833,36479.11128148832,1.9945545158814437e-14,1.2434497875801753e-14,NaN,34,LOCALLY_SOLVED,residual_tolerance_upper_bound
907,0.42490022442652803,ADMM,1.0,0.01,68.9859390258789,36588.97205594217,36479.11128148832,0.3011607755630706,3.1796787425264483e-13,1.1342369958062504,6,converged,gap_callback_with_solver_termination
907,0.42490022442652803,MEL-ADMM,1.0,0.01,15.225648880004883,36486.177190926435,36479.11128148832,0.01936974117485523,3.051725538938399e-12,0.009379143412293622,18,converged,gap_residual_and_feasibility
907,0.42490022442652803,sMEL-ADMM,1.0,0.01,1.455709,36485.8788202716,36479.11128148832,0.018551819234458644,2.0028423364237824e-13,0.007356044580264509,36,converged,gap_residual_and_feasibility
908,0.7129326947737706,IPOPT,1.0,1.0e-10,15.046834945678711,36479.11128157183,36479.11128148836,2.28815294061919e-10,1.509903313490213e-14,NaN,34,INTERRUPTED,gap_and_residual
908,0.7129326947737706,MadNLP,1.0,0.01,19.845008850097656,36479.11128148834,36479.11128148836,5.983663547644325e-14,1.509903313490213e-14,NaN,35,LOCALLY_SOLVED,residual_tolerance_upper_bound
908,0.7129326947737706,ADMM,1.0,0.01,76.93028450012207,36676.60499020374,36479.11128148836,0.5413884872124094,7.484235453603105e-12,1.8358702470596837,6,converged,gap_callback_with_solver_termination
908,0.7129326947737706,MEL-ADMM,1.0,0.01,14.014482498168945,36486.56623557004,36479.11128148836,0.020436227253879693,1.064259791405675e-12,0.008300512873808508,16,converged,gap_residual_and_feasibility
908,0.7129326947737706,sMEL-ADMM,1.0,0.01,1.192836,36486.64480011628,36479.11128148836,0.02065159584011553,1.999511667349907e-13,0.008801931718659617,30,converged,gap_residual_and_feasibility
909,0.42976407377533554,IPOPT,1.0,1.0e-10,14.488935470581055,36479.11128157204,36479.11128148834,2.294535515070012e-10,1.1546319456101628e-14,NaN,33,INTERRUPTED,gap_and_residual
909,0.42976407377533554,MadNLP,1.0,0.01,19.526004791259766,36479.11128148834,36479.11128148834,0.0,1.5987211554602254e-14,NaN,34,LOCALLY_SOLVED,residual_tolerance_upper_bound
909,0.42976407377533554,ADMM,1.0,0.01,69.35596466064453,36588.97205609115,36479.11128148834,0.30116077597143553,4.437006317914438e-13,1.1342370000950268,6,converged,gap_callback_with_solver_termination
909,0.42976407377533554,MEL-ADMM,1.0,0.01,15.374183654785156,36486.177190881775,36479.11128148834,0.019369741052389575,1.8426926651216036e-12,0.009379143388960287,18,converged,gap_residual_and_feasibility
909,0.42976407377533554,sMEL-ADMM,1.0,0.01,1.390873,36485.93129297864,36479.11128148834,0.018695662396145025,2.0011770018868447e-13,0.009412493667076305,36,converged,gap_residual_and_feasibility
910,0.5984486998377455,IPOPT,1.0,1.0e-10,12.881994247436523,36479.111281571946,36479.111281488345,2.2917431387477775e-10,1.3322676295501878e-14,NaN,33,INTERRUPTED,gap_and_residual
910,0.5984486998377455,MadNLP,1.0,0.01,19.662857055664062,36479.111281488345,36479.111281488345,0.0,1.4210854715202004e-14,NaN,34,LOCALLY_SOLVED,residual_tolerance_upper_bound
910,0.5984486998377455,ADMM,1.0,0.01,70.73855400085449,36599.444325945704,36479.111281488345,0.3298683554235121,3.5349501104064984e-13,1.1523460308931206,6,converged,gap_callback_with_solver_termination
910,0.5984486998377455,MEL-ADMM,1.0,0.01,15.557050704956055,36486.03204505188,36479.111281488345,0.01897185353592782,3.456235297960575e-12,0.009355035501912745,18,converged,gap_residual_and_feasibility
910,0.5984486998377455,sMEL-ADMM,1.0,0.01,1.01,36486.74269338729,36479.111281488345,0.02091995016013263,2.000621890374532e-13,0.009774879842346706,29,converged,gap_residual_and_feasibility
911,0.30206898692696976,IPOPT,1.0,1.0e-10,14.985084533691406,36479.11128157167,36479.11128148833,2.2845627424906053e-10,1.1546319456101628e-14,NaN,34,INTERRUPTED,gap_and_residual
911,0.30206898692696976,MadNLP,1.0,0.01,19.366979598999023,36479.111281488345,36479.11128148833,3.989109031762887e-14,1.1546319456101628e-14,NaN,35,LOCALLY_SOLVED,residual_tolerance_upper_bound
911,0.30206898692696976,ADMM,1.0,0.01,74.55682754516602,36552.47943770699,36479.11128148833,0.20112374902042235,1.0858536292346344e-12,1.1138222889336173,6,converged,gap_callback_with_solver_termination
911,0.30206898692696976,MEL-ADMM,1.0,0.01,13.29803466796875,36486.203261635485,36479.11128148833,0.019441208675367472,5.640932165817958e-12,0.00573525330303859,16,converged,gap_residual_and_feasibility
911,0.30206898692696976,sMEL-ADMM,1.0,0.01,1.752918,36484.89451433314,36479.11128148833,0.015853546431490256,2.0028423364237824e-13,0.005829718298297593,39,converged,gap_residual_and_feasibility
912,0.3137852994704594,IPOPT,1.0,1.0e-10,13.544082641601562,36479.11128157175,36479.111281488345,2.2863578415548976e-10,1.0658141036401503e-14,NaN,34,INTERRUPTED,gap_and_residual
912,0.3137852994704594,MadNLP,1.0,0.01,19.345998764038086,36479.111281488345,36479.111281488345,0.0,1.3322676295501878e-14,NaN,35,LOCALLY_SOLVED,residual_tolerance_upper_bound
912,0.3137852994704594,ADMM,1.0,0.01,76.31683349609375,36552.325173647616,36479.111281488345,0.20070086574840304,4.1588954502458364e-13,1.121856536583012,6,converged,gap_callback_with_solver_termination
912,0.3137852994704594,MEL-ADMM,1.0,0.01,13.195037841796875,36486.12098959185,36479.111281488345,0.019215676745564483,2.0393131627827188e-12,0.007117602497535458,16,converged,gap_residual_and_feasibility
912,0.3137852994704594,sMEL-ADMM,1.0,0.01,1.5072079999999999,36484.84962952422,36479.111281488345,0.01573050393579263,2.0017321133991572e-13,0.00924029647377722,38,converged,gap_residual_and_feasibility
913,0.526920636181357,IPOPT,1.0,1.0e-10,13.731956481933594,36479.11128157213,36479.11128148834,2.2969289804890697e-10,9.769962616701378e-15,NaN,33,INTERRUPTED,gap_and_residual
913,0.526920636181357,MadNLP,1.0,0.01,19.119977951049805,36479.111281488345,36479.11128148834,1.994554515881443e-14,1.2434497875801753e-14,NaN,34,LOCALLY_SOLVED,residual_tolerance_upper_bound
913,0.526920636181357,ADMM,1.0,0.01,69.16952133178711,36588.97204738487,36479.11128148834,0.30116075210495524,1.2480017019811385e-12,1.1342369836024293,6,converged,gap_callback_with_solver_termination
913,0.526920636181357,MEL-ADMM,1.0,0.01,15.161991119384766,36486.17719085355,36479.11128148834,0.019369740975020804,4.511946372076636e-13,0.009379143014115243,18,converged,gap_residual_and_feasibility
913,0.526920636181357,sMEL-ADMM,1.0,0.01,1.4270859999999999,36486.62250213716,36479.11128148834,0.020590470504776054,1.9984014443252818e-13,0.008413471041128773,29,converged,gap_residual_and_feasibility
914,0.34971953202584777,IPOPT,1.0,1.0e-10,12.877941131591797,36479.11134600604,36479.11128148835,1.7686199569068106e-7,1.1546319456101628e-14,NaN,33,INTERRUPTED,gap_and_residual
914,0.34971953202584777,MadNLP,1.0,0.01,20.18594741821289,36479.11128148835,36479.11128148835,0.0,1.3322676295501878e-14,NaN,35,LOCALLY_SOLVED,residual_tolerance_upper_bound
914,0.34971953202584777,ADMM,1.0,0.01,71.49076461791992,36580.343603480316,36479.11128148835,0.27750764323947436,2.4401036746724003e-12,1.177948227140651,6,converged,gap_callback_with_solver_termination
914,0.34971953202584777,MEL-ADMM,1.0,0.01,15.476465225219727,36485.904799635624,36479.11128148835,0.01862303633125699,5.5762616746335425e-12,0.009600854920323698,18,converged,gap_residual_and_feasibility
914,0.34971953202584777,sMEL-ADMM,1.0,0.01,1.3480409999999998,36485.28951308829,36479.11128148835,0.016936354485895422,2.0017321133991572e-13,0.009025446876581356,35,converged,gap_residual_and_feasibility
915,0.2660451743200934,IPOPT,1.0,1.0e-10,14.189004898071289,36479.111281571444,36479.11128148834,2.2781801680397842e-10,1.1546319456101628e-14,NaN,34,INTERRUPTED,gap_and_residual
915,0.2660451743200934,MadNLP,1.0,0.01,20.233869552612305,36479.111281488345,36479.11128148834,1.994554515881443e-14,1.3322676295501878e-14,NaN,35,LOCALLY_SOLVED,residual_tolerance_upper_bound
915,0.2660451743200934,ADMM,1.0,0.01,76.5528678894043,36607.58239736689,36479.11128148834,0.3521772087242273,2.3016588635016433e-12,1.5015500620102804,6,converged,gap_callback_with_solver_termination
915,0.2660451743200934,MEL-ADMM,1.0,0.01,13.106584548950195,36486.48663198422,36479.11128148834,0.020218010353840778,6.460387780293786e-13,0.006346487795119593,16,converged,gap_residual_and_feasibility
915,0.2660451743200934,sMEL-ADMM,1.0,0.01,1.825587,36485.07725811344,36479.11128148834,0.016354501015835705,1.9972912213006566e-13,0.007311020864932516,39,converged,gap_residual_and_feasibility
916,0.3669595363063312,IPOPT,1.0,1.0e-10,12.99285888671875,36479.11128157176,36479.11128148835,2.2863578415548974e-10,1.2434497875801753e-14,NaN,33,INTERRUPTED,gap_and_residual
916,0.3669595363063312,MadNLP,1.0,0.01,19.400835037231445,36479.111281488345,36479.11128148835,1.994554515881442e-14,1.4210854715202004e-14,NaN,34,LOCALLY_SOLVED,residual_tolerance_upper_bound
916,0.3669595363063312,ADMM,1.0,0.01,70.10054588317871,36597.817220441786,36479.11128148835,0.3254079794802231,1.5777934514460412e-12,1.1677861002911092,6,converged,gap_callback_with_solver_termination
916,0.3669595363063312,MEL-ADMM,1.0,0.01,14.960289001464844,36486.01360523825,36479.11128148835,0.01892130456972313,1.71057612519121e-12,0.009385359092672019,18,converged,gap_residual_and_feasibility
916,0.3669595363063312,sMEL-ADMM,1.0,0.01,1.3135029999999999,36484.98563744326,36479.11128148835,0.016103341744196687,1.9989565558375944e-13,0.008904361314868936,33,converged,gap_residual_and_feasibility
917,0.7098074788583117,IPOPT,1.0,1.0e-10,13.319015502929688,36479.11128157186,36479.11128148832,2.2899480396834856e-10,1.509903313490213e-14,NaN,34,INTERRUPTED,gap_and_residual
917,0.7098074788583117,MadNLP,1.0,0.01,19.57082748413086,36479.111281488345,36479.11128148832,5.983663547644332e-14,1.3322676295501878e-14,NaN,35,LOCALLY_SOLVED,residual_tolerance_upper_bound
917,0.7098074788583117,ADMM,1.0,0.01,75.64258575439453,36661.58601631882,36479.11128148832,0.5002170514035905,4.994116231671342e-12,1.7640809689486305,6,converged,gap_callback_with_solver_termination
917,0.7098074788583117,MEL-ADMM,1.0,0.01,13.665199279785156,36486.53370059609,36479.11128148832,0.020347039297344535,1.2739809207573671e-12,0.007768991814277371,16,converged,gap_residual_and_feasibility
917,0.7098074788583117,sMEL-ADMM,1.0,0.01,1.152078,36486.63708664869,36479.11128148832,0.02063045095121578,2.0095036745715333e-13,0.008872006641356123,30,converged,gap_residual_and_feasibility
918,0.5503094298555711,IPOPT,1.0,1.0e-10,12.814998626708984,36479.11128157213,36479.11128148833,2.2971284359406583e-10,1.1546319456101628e-14,NaN,33,INTERRUPTED,gap_and_residual
918,0.5503094298555711,MadNLP,1.0,0.01,19.87004280090332,36479.11128148833,36479.11128148833,0.0,1.0658141036401503e-14,NaN,34,LOCALLY_SOLVED,residual_tolerance_upper_bound
918,0.5503094298555711,ADMM,1.0,0.01,69.16618347167969,36588.972052200625,36479.11128148833,0.3011607653063731,3.4283687000424834e-13,1.1342369954880196,6,converged,gap_callback_with_solver_termination
918,0.5503094298555711,MEL-ADMM,1.0,0.01,15.158653259277344,36486.177190891874,36479.11128148833,0.01936974108009394,2.2700730184510576e-12,0.009379143374002474,18,converged,gap_residual_and_feasibility
918,0.5503094298555711,sMEL-ADMM,1.0,0.01,1.308005,36486.660715680104,36479.11128148833,0.020695225093391792,2.0050627824730327e-13,0.008847755461916407,29,converged,gap_residual_and_feasibility
919,0.5001853205902966,IPOPT,1.0,1.0e-10,13.20505142211914,36479.111281572106,36479.11128148833,2.296530069585894e-10,1.4210854715202004e-14,NaN,33,INTERRUPTED,gap_and_residual
919,0.5001853205902966,MadNLP,1.0,0.01,20.68018913269043,36479.111281488375,36479.11128148833,1.196732709528866e-13,1.509903313490213e-14,NaN,34,LOCALLY_SOLVED,residual_tolerance_upper_bound
919,0.5001853205902966,ADMM,1.0,0.01,70.89114189147949,36588.97204780603,36479.11128148833,0.30116075325950314,4.0234482412415673e-13,1.1342369874347886,6,converged,gap_callback_with_solver_termination
919,0.5001853205902966,MEL-ADMM,1.0,0.01,14.970541000366211,36486.17719072954,36479.11128148833,0.01936974063508888,2.898459250388896e-12,0.00937914293402109,18,converged,gap_residual_and_feasibility
919,0.5001853205902966,sMEL-ADMM,1.0,0.01,1.242665,36486.57983442395,36479.11128148833,0.02047350572219424,2.000621890374532e-13,0.008785729058464753,29,converged,gap_residual_and_feasibility
920,0.7211341561152502,IPOPT,1.0,1.0e-10,13.468027114868164,36479.111281571786,36479.11128148835,2.2871556633612497e-10,1.687538997430238e-14,NaN,34,INTERRUPTED,gap_and_residual
920,0.7211341561152502,MadNLP,1.0,0.01,20.977020263671875,36479.111281488375,36479.11128148835,5.983663547644327e-14,1.4210854715202004e-14,NaN,35,LOCALLY_SOLVED,residual_tolerance_upper_bound
920,0.7211341561152502,ADMM,1.0,0.01,77.83818244934082,36723.258714656484,36479.11128148835,0.6692801019306243,5.058953256309451e-12,2.0213081088189213,6,converged,gap_callback_with_solver_termination
920,0.7211341561152502,MEL-ADMM,1.0,0.01,13.22627067565918,36486.65441311867,36479.11128148835,0.020677947914105505,3.8458125573015423e-13,0.009692422914510779,16,converged,gap_residual_and_feasibility
920,0.7211341561152502,sMEL-ADMM,1.0,0.01,1.191,36486.66506908615,36479.11128148835,0.020707159062919086,2.0083934515469082e-13,0.008623103558925038,30,converged,gap_residual_and_feasibility
921,0.5853392935547325,IPOPT,1.0,1.0e-10,13.590097427368164,36479.11128157206,36479.11128148835,2.2947349705215992e-10,1.2434497875801753e-14,NaN,33,INTERRUPTED,gap_and_residual
921,0.5853392935547325,MadNLP,1.0,0.01,20.63584327697754,36479.11128148834,36479.11128148835,3.989109031762884e-14,1.0658141036401503e-14,NaN,34,LOCALLY_SOLVED,residual_tolerance_upper_bound
921,0.5853392935547325,ADMM,1.0,0.01,70.64366340637207,36594.09095042557,36479.11128148835,0.31519317466366975,5.848654893725325e-13,1.0789957370796603,6,converged,gap_callback_with_solver_termination
921,0.5853392935547325,MEL-ADMM,1.0,0.01,15.05136489868164,36486.12275652544,36479.11128148835,0.019220520431491233,7.218114994600455e-12,0.009409136353528247,18,converged,gap_residual_and_feasibility
921,0.5853392935547325,sMEL-ADMM,1.0,0.01,1.0723340000000001,36486.71986601651,36479.11128148835,0.020857373606075102,2.0028423364237824e-13,0.009526610397051272,29,converged,gap_residual_and_feasibility
922,0.4001024222285051,IPOPT,1.0,1.0e-10,12.852907180786133,36479.11128157194,36479.11128148834,2.291743138747778e-10,1.4210854715202004e-14,NaN,33,INTERRUPTED,gap_and_residual
922,0.4001024222285051,MadNLP,1.0,0.01,19.80900764465332,36479.11128148837,36479.11128148834,7.978218063525772e-14,1.1546319456101628e-14,NaN,34,LOCALLY_SOLVED,residual_tolerance_upper_bound
922,0.4001024222285051,ADMM,1.0,0.01,69.4284439086914,36588.97205728901,36479.11128148834,0.30116077925511053,2.0073942508247455e-12,1.1342370003898683,6,converged,gap_callback_with_solver_termination
922,0.4001024222285051,MEL-ADMM,1.0,0.01,15.19465446472168,36486.17719089581,36479.11128148834,0.01936974109086453,3.1801228317362984e-12,0.009379143804683743,18,converged,gap_residual_and_feasibility
922,0.4001024222285051,sMEL-ADMM,1.0,0.01,1.595711,36485.522895705006,36479.11128148834,0.017576125051931544,2.0017321133991572e-13,0.0032547624787664375,35,converged,gap_residual_and_feasibility
923,0.6794937394150021,IPOPT,1.0,1.0e-10,12.937068939208984,36479.11134601023,36479.11128148832,1.7687356410687333e-7,1.1546319456101628e-14,NaN,33,INTERRUPTED,gap_and_residual
923,0.6794937394150021,MadNLP,1.0,0.01,20.133018493652344,36479.11128148834,36479.11128148832,3.9891090317628874e-14,1.0658141036401503e-14,NaN,35,LOCALLY_SOLVED,residual_tolerance_upper_bound
923,0.6794937394150021,ADMM,1.0,0.01,74.4009017944336,36573.57998228416,36479.11128148832,0.258966563266506,1.8182122474286189e-12,1.1223200839953824,6,converged,gap_callback_with_solver_termination
923,0.6794937394150021,MEL-ADMM,1.0,0.01,13.235092163085938,36486.25625713614,36479.11128148832,0.019586484968573126,3.959055305813308e-13,0.004471425073332647,16,converged,gap_residual_and_feasibility
923,0.6794937394150021,sMEL-ADMM,1.0,0.01,1.243956,36486.566378236384,36479.11128148832,0.020436618344493652,1.9984014443252818e-13,0.009574467616014104,30,converged,gap_residual_and_feasibility
924,0.27112963584422706,IPOPT,1.0,1.0e-10,13.874053955078125,36479.11128157147,36479.111281488345,2.278778534394548e-10,1.2434497875801753e-14,NaN,34,INTERRUPTED,gap_and_residual
924,0.27112963584422706,MadNLP,1.0,0.01,19.8972225189209,36479.11128148832,36479.111281488345,5.983663547644328e-14,1.3322676295501878e-14,NaN,35,LOCALLY_SOLVED,residual_tolerance_upper_bound
924,0.27112963584422706,ADMM,1.0,0.01,75.4547119140625,36593.82465402037,36479.111281488345,0.31446317769872856,5.086209231563998e-12,1.389815082060136,6,converged,gap_callback_with_solver_termination
924,0.27112963584422706,MEL-ADMM,1.0,0.01,13.115406036376953,36486.444621313436,36479.111281488345,0.020102846718231402,3.1855074134057304e-12,0.005580325594976898,16,converged,gap_residual_and_feasibility
924,0.27112963584422706,sMEL-ADMM,1.0,0.01,1.557955,36485.00993276286,36479.111281488345,0.01616994237880758,2.0000667788622195e-13,0.007141233020712789,39,converged,gap_residual_and_feasibility
925,0.6679121372656048,IPOPT,1.0,1.0e-10,13.313055038452148,36479.11128155838,36479.11128148831,1.9207559987938312e-10,1.2434497875801753e-14,NaN,34,INTERRUPTED,gap_and_residual
925,0.6679121372656048,MadNLP,1.0,0.01,19.860029220581055,36479.111281488345,36479.11128148831,9.972772579407223e-14,1.1546319456101628e-14,NaN,35,LOCALLY_SOLVED,residual_tolerance_upper_bound
925,0.6679121372656048,ADMM,1.0,0.01,75.51193237304688,36560.993733293784,36479.11128148831,0.2244639436899532,8.40549851943706e-13,1.1237122139325022,6,converged,gap_callback_with_solver_termination
925,0.6679121372656048,MEL-ADMM,1.0,0.01,13.418436050415039,36486.16637555783,36479.11128148831,0.01934009306059407,1.453503983839255e-12,0.005819942412469636,16,converged,gap_residual_and_feasibility
925,0.6679121372656048,sMEL-ADMM,1.0,0.01,1.168915,36486.540764578094,36479.11128148831,0.020366403754894583,2.0017321133991572e-13,0.009853083214204972,30,converged,gap_residual_and_feasibility
926,0.5425066694505695,IPOPT,1.0,1.0e-10,13.238906860351562,36479.11128157212,36479.111281488316,2.2973278913922475e-10,1.0658141036401503e-14,NaN,33,INTERRUPTED,gap_and_residual
926,0.5425066694505695,MadNLP,1.0,0.01,19.283056259155273,36479.11128148834,36479.111281488316,5.983663547644333e-14,1.509903313490213e-14,NaN,34,LOCALLY_SOLVED,residual_tolerance_upper_bound
926,0.5425066694505695,ADMM,1.0,0.01,69.44966316223145,36588.97204719777,36479.111281488316,0.3011607515921155,2.113642594281373e-12,1.1342369826538103,6,converged,gap_callback_with_solver_termination
926,0.5425066694505695,MEL-ADMM,1.0,0.01,15.175104141235352,36486.17719104574,36479.111281488316,0.019369741501922284,5.841216399460336e-12,0.00937914320876132,18,converged,gap_residual_and_feasibility
926,0.5425066694505695,sMEL-ADMM,1.0,0.01,1.2037529999999999,36486.64778447721,36479.111281488316,0.02065977685349226,2.0050627824730327e-13,0.008691400161012552,29,converged,gap_residual_and_feasibility
927,0.3064836869078528,IPOPT,1.0,1.0e-10,13.46898078918457,36479.1112815717,36479.11128148834,2.2851611088453692e-10,1.1546319456101628e-14,NaN,34,INTERRUPTED,gap_and_residual
927,0.3064836869078528,MadNLP,1.0,0.01,20.055055618286133,36479.11128148834,36479.11128148834,0.0,1.1546319456101628e-14,NaN,35,LOCALLY_SOLVED,residual_tolerance_upper_bound
927,0.3064836869078528,ADMM,1.0,0.01,74.90396499633789,36551.269073944786,36479.11128148834,0.1978057850687421,1.9223511671384585e-12,1.1135073889318026,6,converged,gap_callback_with_solver_termination
927,0.3064836869078528,MEL-ADMM,1.0,0.01,13.061761856079102,36486.17313892299,36479.11128148834,0.019358633438625903,3.4017233474514796e-13,0.006227908271517535,16,converged,gap_residual_and_feasibility
927,0.3064836869078528,sMEL-ADMM,1.0,0.01,1.7435829999999999,36484.922903045364,36479.11128148834,0.01593136826218513,1.9945156637390937e-13,0.005302272627124793,39,converged,gap_residual_and_feasibility
928,0.611793938011277,IPOPT,1.0,1.0e-10,13.748884201049805,36479.111281571495,36479.11128148834,2.2795763562009012e-10,1.1546319456101628e-14,NaN,33,INTERRUPTED,gap_and_residual
928,0.611793938011277,MadNLP,1.0,0.01,19.080162048339844,36479.11128148835,36479.11128148834,3.989109031762886e-14,1.2434497875801753e-14,NaN,34,LOCALLY_SOLVED,residual_tolerance_upper_bound
928,0.611793938011277,ADMM,1.0,0.01,72.05343246459961,36588.573919778624,36479.11128148834,0.30006936694708886,1.9839685450051547e-12,1.1413816325828172,6,converged,gap_callback_with_solver_termination
928,0.611793938011277,MEL-ADMM,1.0,0.01,15.49983024597168,36485.93416741707,36479.11128148834,0.018703542079425813,4.637623618464204e-12,0.009572376956662687,18,converged,gap_residual_and_feasibility
928,0.611793938011277,sMEL-ADMM,1.0,0.01,1.249879,36486.089980116245,36479.11128148834,0.01913067062970982,2.0106138975961585e-13,0.008473865713613193,32,converged,gap_residual_and_feasibility
929,0.3702572405331903,IPOPT,1.0,1.0e-10,13.192892074584961,36479.11134600653,36479.11128148834,1.7686339187884227e-7,1.3322676295501878e-14,NaN,32,INTERRUPTED,gap_and_residual
929,0.3702572405331903,MadNLP,1.0,0.01,20.576000213623047,36479.11128148835,36479.11128148834,3.989109031762886e-14,1.3322676295501878e-14,NaN,34,LOCALLY_SOLVED,residual_tolerance_upper_bound
929,0.3702572405331903,ADMM,1.0,0.01,72.18170166015625,36598.90532255175,36479.11128148834,0.3283907881939042,3.1168956304838957e-12,1.1635558364466831,6,converged,gap_callback_with_solver_termination
929,0.3702572405331903,MEL-ADMM,1.0,0.01,14.69564437866211,36486.03730297915,36479.11128148834,0.01898626706492232,5.737632591262809e-13,0.009346881941181273,18,converged,gap_residual_and_feasibility
929,0.3702572405331903,sMEL-ADMM,1.0,0.01,1.2435829999999999,36484.98921440501,36479.11128148834,0.016113147251080824,1.999511667349907e-13,0.00840671927145209,33,converged,gap_residual_and_feasibility
930,0.45049537998358874,IPOPT,1.0,1.0e-10,12.97307014465332,36479.11128157207,36479.111281488345,2.295133881424776e-10,1.5987211554602254e-14,NaN,33,INTERRUPTED,gap_and_residual
930,0.45049537998358874,MadNLP,1.0,0.01,20.023822784423828,36479.11128148834,36479.111281488345,1.9945545158814427e-14,1.2434497875801753e-14,NaN,34,LOCALLY_SOLVED,residual_tolerance_upper_bound
930,0.45049537998358874,ADMM,1.0,0.01,71.49577140808105,36588.972054864236,36479.111281488345,0.30116077260807805,4.799494135454552e-13,1.1342369961251295,6,converged,gap_callback_with_solver_termination
930,0.45049537998358874,MEL-ADMM,1.0,0.01,15.239953994750977,36486.177190946386,36479.111281488345,0.019369741229486065,3.499533995920956e-12,0.009379143397563183,18,converged,gap_residual_and_feasibility
930,0.45049537998358874,sMEL-ADMM,1.0,0.01,1.578376,36486.08452477986,36479.111281488345,0.019115715944127847,2.0022872249114698e-13,0.009239627068810208,36,converged,gap_residual_and_feasibility
931,0.6223001688445022,IPOPT,1.0,1.0e-10,14.2059326171875,36479.111281569734,36479.11128148832,2.2317070478197476e-10,1.2434497875801753e-14,NaN,33,INTERRUPTED,gap_and_residual
931,0.6223001688445022,MadNLP,1.0,0.01,19.587993621826172,36479.11128148833,36479.11128148832,1.9945545158814437e-14,1.7763568394002505e-14,NaN,34,LOCALLY_SOLVED,residual_tolerance_upper_bound
931,0.6223001688445022,ADMM,1.0,0.01,73.98438453674316,36580.76333456686,36479.11128148832,0.2786582499067596,8.125722317231521e-13,1.1665232176584155,6,converged,gap_callback_with_solver_termination
931,0.6223001688445022,MEL-ADMM,1.0,0.01,15.059471130371094,36485.87837577767,36479.11128148832,0.01855060074552742,2.5919266732898905e-12,0.009586108491857814,18,converged,gap_residual_and_feasibility
931,0.6223001688445022,sMEL-ADMM,1.0,0.01,1.5382900000000002,36486.09889757061,36479.11128148832,0.019155116001511634,2.0039525594484076e-13,0.00846683354041744,32,converged,gap_residual_and_feasibility
932,0.5036589840060844,IPOPT,1.0,1.0e-10,13.155937194824219,36479.11128157213,36479.111281488345,2.2967295250374813e-10,1.509903313490213e-14,NaN,33,INTERRUPTED,gap_and_residual
932,0.5036589840060844,MadNLP,1.0,0.01,18.718957901000977,36479.11128148834,36479.111281488345,1.9945545158814427e-14,1.0658141036401503e-14,NaN,34,LOCALLY_SOLVED,residual_tolerance_upper_bound
932,0.5036589840060844,ADMM,1.0,0.01,71.0139274597168,36588.97204819557,36479.111281488345,0.3011607543272878,5.633271626948044e-13,1.1342369899586906,6,converged,gap_callback_with_solver_termination
932,0.5036589840060844,MEL-ADMM,1.0,0.01,15.946149826049805,36486.177190850816,36479.111281488345,0.01936974096750133,4.656275365277907e-13,0.009379142998076517,18,converged,gap_residual_and_feasibility
932,0.5036589840060844,sMEL-ADMM,1.0,0.01,1.408498,36486.58521605886,36479.111281488345,0.02048825837023418,2.000621890374532e-13,0.008733799163927358,29,converged,gap_residual_and_feasibility
933,0.5581902826406613,IPOPT,1.0,1.0e-10,14.245986938476562,36479.111281572106,36479.11128148832,2.2967295250374825e-10,1.3322676295501878e-14,NaN,33,INTERRUPTED,gap_and_residual
933,0.5581902826406613,MadNLP,1.0,0.01,18.929004669189453,36479.11128148833,36479.11128148832,1.9945545158814437e-14,9.769962616701378e-15,NaN,34,LOCALLY_SOLVED,residual_tolerance_upper_bound
933,0.5581902826406613,ADMM,1.0,0.01,74.03826713562012,36588.97205213488,36479.11128148832,0.30116076512616513,1.859401521642212e-12,1.1342369928735403,6,converged,gap_callback_with_solver_termination
933,0.5581902826406613,MEL-ADMM,1.0,0.01,15.945911407470703,36486.177190860864,36479.11128148832,0.019369740995105977,2.1529444893531036e-12,0.009379143679507429,18,converged,gap_residual_and_feasibility
933,0.5581902826406613,sMEL-ADMM,1.0,0.01,1.313916,36486.67383073047,36479.11128148832,0.020731177313476918,2.0050627824730327e-13,0.009003363114553409,29,converged,gap_residual_and_feasibility
934,0.5307189278240935,IPOPT,1.0,1.0e-10,13.995170593261719,36479.11128157214,36479.11128148832,2.2977268022954233e-10,1.3322676295501878e-14,NaN,33,INTERRUPTED,gap_and_residual
934,0.5307189278240935,MadNLP,1.0,0.01,20.725011825561523,36479.11128148831,36479.11128148832,3.9891090317628874e-14,1.2434497875801753e-14,NaN,34,LOCALLY_SOLVED,residual_tolerance_upper_bound
934,0.5307189278240935,ADMM,1.0,0.01,74.85675811767578,36588.972047686955,36479.11128148832,0.30116075293309436,1.2675416272145412e-12,1.1342369855958792,6,converged,gap_callback_with_solver_termination
934,0.5307189278240935,MEL-ADMM,1.0,0.01,15.820026397705078,36486.17719085448,36479.11128148832,0.019369740977613733,9.264811140496931e-13,0.009379143249833355,18,converged,gap_residual_and_feasibility
934,0.5307189278240935,sMEL-ADMM,1.0,0.01,1.441373,36486.628622574346,36479.11128148832,0.020607248427779667,2.000621890374532e-13,0.008452217649875138,29,converged,gap_residual_and_feasibility
935,0.6735668924574718,IPOPT,1.0,1.0e-10,14.17398452758789,36479.11134601754,36479.11128148833,1.7689358943421274e-7,1.3322676295501878e-14,NaN,33,INTERRUPTED,gap_and_residual
935,0.6735668924574718,MadNLP,1.0,0.01,21.67510986328125,36479.11128148834,36479.11128148833,1.9945545158814434e-14,1.2434497875801753e-14,NaN,35,LOCALLY_SOLVED,residual_tolerance_upper_bound
935,0.6735668924574718,ADMM,1.0,0.01,77.10480690002441,36565.929141644054,36479.11128148833,0.23799335319821627,2.614242156084856e-12,1.123185308501518,6,converged,gap_callback_with_solver_termination
935,0.6735668924574718,MEL-ADMM,1.0,0.01,13.938188552856445,36486.20994334426,36479.11128148833,0.01945952520925315,9.039435866498025e-13,0.005153385863822635,16,converged,gap_residual_and_feasibility
935,0.6735668924574718,sMEL-ADMM,1.0,0.01,1.174337,36486.55320997181,36479.11128148833,0.020400520248575173,2.0061730054976579e-13,0.009716602051927481,30,converged,gap_residual_and_feasibility
936,0.669857374606101,IPOPT,1.0,1.0e-10,15.501976013183594,36479.11128155896,36479.111281488345,1.93571515766294e-10,1.3322676295501878e-14,NaN,34,INTERRUPTED,gap_and_residual
936,0.669857374606101,MadNLP,1.0,0.01,21.611928939819336,36479.11128148831,36479.111281488345,9.972772579407213e-14,1.5987211554602254e-14,NaN,35,LOCALLY_SOLVED,residual_tolerance_upper_bound
936,0.669857374606101,ADMM,1.0,0.01,76.6603946685791,36562.47722048207,36479.111281488345,0.2285306194836732,1.1840528557627295e-12,1.1232614668192964,6,converged,gap_callback_with_solver_termination
936,0.669857374606101,MEL-ADMM,1.0,0.01,14.18924331665039,36486.18146552261,36479.111281488345,0.019381459103292642,1.3219425554211739e-12,0.005591283062079455,16,converged,gap_residual_and_feasibility
936,0.669857374606101,sMEL-ADMM,1.0,0.01,1.2460010000000001,36486.545032492424,36479.111281488345,0.02037810336638048,2.007283228522283e-13,0.009806071364939939,30,converged,gap_residual_and_feasibility
937,0.6397095030183244,IPOPT,1.0,1.0e-10,13.173103332519531,36479.11128148836,36479.11128148836,0.0,1.0658141036401503e-14,NaN,34,INTERRUPTED,gap_and_residual
937,0.6397095030183244,MadNLP,1.0,0.01,19.865036010742188,36479.11128148836,36479.11128148836,0.0,1.0658141036401503e-14,NaN,35,LOCALLY_SOLVED,residual_tolerance_upper_bound
937,0.6397095030183244,ADMM,1.0,0.01,72.6006031036377,36566.834111601645,36479.11128148836,0.24047414268505266,1.2033707363912072e-12,1.152903410577676,6,converged,gap_callback_with_solver_termination
937,0.6397095030183244,MEL-ADMM,1.0,0.01,14.116287231445312,36485.9657642608,36479.11128148836,0.018790158344450452,6.998845947236987e-13,0.009826696477420072,16,converged,gap_residual_and_feasibility
937,0.6397095030183244,sMEL-ADMM,1.0,0.01,1.3031659999999998,36486.114289425765,36479.11128148836,0.01919730961471738,1.999511667349907e-13,0.008453144311729943,32,converged,gap_residual_and_feasibility
938,0.3765206276984674,IPOPT,1.0,1.0e-10,14.039993286132812,36479.11128157185,36479.111281488345,2.2891502178771317e-10,1.0658141036401503e-14,NaN,32,INTERRUPTED,gap_and_residual
938,0.3765206276984674,MadNLP,1.0,0.01,20.1261043548584,36479.11128148834,36479.111281488345,1.9945545158814427e-14,1.1546319456101628e-14,NaN,33,LOCALLY_SOLVED,residual_tolerance_upper_bound
938,0.3765206276984674,ADMM,1.0,0.01,72.7834701538086,36595.960975810776,36479.111281488345,0.3203194656272433,6.250000517127319e-13,1.0679935555850202,6,converged,gap_callback_with_solver_termination
938,0.3765206276984674,MEL-ADMM,1.0,0.01,15.975475311279297,36486.07871860699,36479.111281488345,0.019099799512321974,3.649192059640427e-12,0.009397065948816063,18,converged,gap_residual_and_feasibility
938,0.3765206276984674,sMEL-ADMM,1.0,0.01,1.4042919999999999,36485.00771858548,36479.111281488345,0.016163872665750208,2.000621890374532e-13,0.007399130803129594,33,converged,gap_residual_and_feasibility
939,0.3091273568345448,IPOPT,1.0,1.0e-10,13.260841369628906,36479.111281571684,36479.11128148834,2.284762197942193e-10,1.1546319456101628e-14,NaN,34,INTERRUPTED,gap_and_residual
939,0.3091273568345448,MadNLP,1.0,0.01,19.730091094970703,36479.11128148832,36479.11128148834,3.989109031762886e-14,1.1546319456101628e-14,NaN,35,LOCALLY_SOLVED,residual_tolerance_upper_bound
939,0.3091273568345448,ADMM,1.0,0.01,76.95484161376953,36550.905664615806,36479.11128148834,0.19680957294565618,2.779165786392923e-12,1.1133360067901377,6,converged,gap_callback_with_solver_termination
939,0.3091273568345448,MEL-ADMM,1.0,0.01,13.870716094970703,36486.155167025434,36479.11128148834,0.019309367168356045,4.1761039071275263e-13,0.006518904407622372,16,converged,gap_residual_and_feasibility
939,0.3091273568345448,sMEL-ADMM,1.0,0.01,1.917003,36484.94314503095,36479.11128148834,0.01598685751308497,1.9961809982760315e-13,0.005262564470642772,39,converged,gap_residual_and_feasibility
940,0.5774708866887683,IPOPT,1.0,1.0e-10,12.936830520629883,36479.11128157208,36479.11128148832,2.29593170323113e-10,1.5987211554602254e-14,NaN,33,INTERRUPTED,gap_and_residual
940,0.5774708866887683,MadNLP,1.0,0.01,19.316911697387695,36479.111281488316,36479.11128148832,1.9945545158814437e-14,1.3322676295501878e-14,NaN,34,LOCALLY_SOLVED,residual_tolerance_upper_bound
940,0.5774708866887683,ADMM,1.0,0.01,72.53193855285645,36588.972050303615,36479.11128148832,0.30116076010613074,2.3077095789858504e-12,1.134236985679797,6,converged,gap_callback_with_solver_termination
940,0.5774708866887683,MEL-ADMM,1.0,0.01,16.417503356933594,36486.17719074617,36479.11128148832,0.019369740680704347,4.121147867408581e-13,0.009379143878033958,18,converged,gap_residual_and_feasibility
940,0.5774708866887683,sMEL-ADMM,1.0,0.01,2.25804,36486.706366146296,36479.11128148832,0.020820366481424726,2.0028423364237824e-13,0.009376604854120174,29,converged,gap_residual_and_feasibility
941,0.7249479280048622,IPOPT,1.0,1.0e-10,13.875007629394531,36479.11128157175,36479.11128148833,2.286756752458075e-10,1.2434497875801753e-14,NaN,34,INTERRUPTED,gap_and_residual
941,0.7249479280048622,MadNLP,1.0,0.01,22.082805633544922,36479.11128148836,36479.11128148833,7.978218063525773e-14,1.9539925233402755e-14,NaN,35,LOCALLY_SOLVED,residual_tolerance_upper_bound
941,0.7249479280048622,ADMM,1.0,0.01,79.59175109863281,36748.40809173786,36479.11128148833,0.7382219598814239,9.745537710159624e-13,2.1120149123279073,6,converged,gap_callback_with_solver_termination
941,0.7249479280048622,MEL-ADMM,1.0,0.01,16.463518142700195,36485.92271061119,36479.11128148833,0.018672135596440077,2.502886786714953e-12,0.004833177448189119,19,converged,gap_residual_and_feasibility
941,0.7249479280048622,sMEL-ADMM,1.0,0.01,1.541169,36486.674548985495,36479.11128148833,0.02073314626226094,2.0095036745715333e-13,0.008541576531598594,30,converged,gap_residual_and_feasibility
942,0.26287492878328766,IPOPT,1.0,1.0e-10,13.293027877807617,36479.11128157145,36479.11128148832,2.2787785343945497e-10,1.509903313490213e-14,NaN,34,INTERRUPTED,gap_and_residual
942,0.26287492878328766,MadNLP,1.0,0.01,19.787073135375977,36479.111281488345,36479.11128148832,5.983663547644332e-14,1.5987211554602254e-14,NaN,35,LOCALLY_SOLVED,residual_tolerance_upper_bound
942,0.26287492878328766,ADMM,1.0,0.01,77.41570472717285,36617.57363272229,36479.11128148832,0.37956613077970375,9.497236330702208e-12,1.5732584951361823,6,converged,gap_callback_with_solver_termination
942,0.26287492878328766,MEL-ADMM,1.0,0.01,13.996124267578125,36486.513807845586,36479.11128148832,0.020292507402773784,1.3729573034026998e-12,0.006831826114554573,16,converged,gap_residual_and_feasibility
942,0.26287492878328766,sMEL-ADMM,1.0,0.01,1.6442519999999998,36485.117259910854,36479.11128148832,0.01646415773724798,1.9961809982760315e-13,0.0073655423037362056,39,converged,gap_residual_and_feasibility
943,0.3405441753754078,IPOPT,1.0,1.0e-10,12.811899185180664,36479.11134600378,36479.11128148836,1.7685579262613665e-7,1.1546319456101628e-14,NaN,33,INTERRUPTED,gap_and_residual
943,0.3405441753754078,MadNLP,1.0,0.01,19.98305320739746,36479.11128148832,36479.11128148836,9.972772579407209e-14,1.2434497875801753e-14,NaN,35,LOCALLY_SOLVED,residual_tolerance_upper_bound
943,0.3405441753754078,ADMM,1.0,0.01,72.52264022827148,36572.34146834415,36479.11128148836,0.25557143137722765,1.952382699954569e-12,1.1676472225858738,6,converged,gap_callback_with_solver_termination
943,0.3405441753754078,MEL-ADMM,1.0,0.01,15.569210052490234,36485.84301985898,36479.11128148836,0.018453679747493616,9.474643292151086e-13,0.009892208185249274,18,converged,gap_residual_and_feasibility
943,0.3405441753754078,sMEL-ADMM,1.0,0.01,1.598045,36485.22943123652,36479.11128148836,0.016771652414854874,1.9961809982760315e-13,0.006399005020941928,35,converged,gap_residual_and_feasibility
944,0.6909912661293705,IPOPT,1.0,1.0e-10,13.317108154296875,36479.11128157195,36479.11128148835,2.2917431387477772e-10,1.2434497875801753e-14,NaN,34,INTERRUPTED,gap_and_residual
944,0.6909912661293705,MadNLP,1.0,0.01,19.85001564025879,36479.11128148833,36479.11128148835,5.983663547644327e-14,1.1546319456101628e-14,NaN,35,LOCALLY_SOLVED,residual_tolerance_upper_bound
944,0.6909912661293705,ADMM,1.0,0.01,74.93019104003906,36596.39276829928,36479.11128148835,0.3215031361535463,5.914380096783134e-12,1.330739367539925,6,converged,gap_callback_with_solver_termination
944,0.6909912661293705,MEL-ADMM,1.0,0.01,14.312505722045898,36486.35576546559,36479.11128148835,0.019859266639843727,3.7214675785435247e-13,0.004690656683231431,16,converged,gap_residual_and_feasibility
944,0.6909912661293705,sMEL-ADMM,1.0,0.01,1.347125,36486.59226736737,36479.11128148835,0.02050758808593556,2.000621890374532e-13,0.009302847018441085,30,converged,gap_residual_and_feasibility
945,0.48435965142488047,IPOPT,1.0,1.0e-10,13.08894157409668,36479.11128157213,36479.11128148835,2.2965300695858926e-10,1.1546319456101628e-14,NaN,33,INTERRUPTED,gap_and_residual
945,0.48435965142488047,MadNLP,1.0,0.01,19.33908462524414,36479.11128148834,36479.11128148835,3.989109031762884e-14,1.2434497875801753e-14,NaN,34,LOCALLY_SOLVED,residual_tolerance_upper_bound
945,0.48435965142488047,ADMM,1.0,0.01,69.17595863342285,36588.97204783877,36479.11128148835,0.30116075334917813,1.6827095272731185e-12,1.134236987112362,6,converged,gap_callback_with_solver_termination
945,0.48435965142488047,MEL-ADMM,1.0,0.01,15.830516815185547,36486.17719092702,36479.11128148835,0.019369741176371077,3.3866243143165775e-12,0.009379143359563358,18,converged,gap_residual_and_feasibility
945,0.48435965142488047,sMEL-ADMM,1.0,0.01,1.471915,36486.555548196695,36479.11128148835,0.020406930012354337,1.9961809982760315e-13,0.009041954698233212,29,converged,gap_residual_and_feasibility
946,0.7014645208965749,IPOPT,1.0,1.0e-10,13.225793838500977,36479.11128157188,36479.11128148836,2.289549128780307e-10,1.3322676295501878e-14,NaN,34,INTERRUPTED,gap_and_residual
946,0.7014645208965749,MadNLP,1.0,0.01,19.830942153930664,36479.11128148835,36479.11128148836,1.9945545158814418e-14,1.1546319456101628e-14,NaN,35,LOCALLY_SOLVED,residual_tolerance_upper_bound
946,0.7014645208965749,ADMM,1.0,0.01,77.48246192932129,36627.49203483051,36479.11128148836,0.4067553954294019,3.3091307471977416e-12,1.5695876846223418,6,converged,gap_callback_with_solver_termination
946,0.7014645208965749,MEL-ADMM,1.0,0.01,13.954877853393555,36486.450253224575,36479.11128148836,0.020118285447209883,3.647082635893639e-13,0.006370812750091659,16,converged,gap_residual_and_feasibility
946,0.7014645208965749,sMEL-ADMM,1.0,0.01,1.189919,36486.61668748635,36479.11128148836,0.020574530832381057,2.0039525594484076e-13,0.009061206267078958,30,converged,gap_residual_and_feasibility
947,0.49681101510473563,IPOPT,1.0,1.0e-10,14.210224151611328,36479.11128157213,36479.111281488316,2.2975273468438357e-10,1.4210854715202004e-14,NaN,33,INTERRUPTED,gap_and_residual
947,0.49681101510473563,MadNLP,1.0,0.01,20.146846771240234,36479.111281488345,36479.111281488316,7.978218063525777e-14,1.1546319456101628e-14,NaN,34,LOCALLY_SOLVED,residual_tolerance_upper_bound
947,0.49681101510473563,ADMM,1.0,0.01,73.9736557006836,36588.97204691318,36479.111281488316,0.30116075081196547,1.9259593919684903e-12,1.134236980398982,6,converged,gap_callback_with_solver_termination
947,0.49681101510473563,MEL-ADMM,1.0,0.01,15.717506408691406,36486.177190884286,36479.111281488316,0.019369741059330637,1.135314064981685e-12,0.00937914286744057,18,converged,gap_residual_and_feasibility
947,0.49681101510473563,sMEL-ADMM,1.0,0.01,1.432419,36486.574616492246,36479.111281488316,0.02045920183290411,2.0050627824730327e-13,0.008834877946862107,29,converged,gap_residual_and_feasibility
948,0.6574849395447647,IPOPT,1.0,1.0e-10,12.804031372070312,36479.111346011385,36479.11128148833,1.7687671550300837e-7,1.3322676295501878e-14,NaN,33,INTERRUPTED,gap_and_residual
948,0.6574849395447647,MadNLP,1.0,0.01,20.112991333007812,36479.111281488345,36479.11128148833,3.989109031762887e-14,1.509903313490213e-14,NaN,35,LOCALLY_SOLVED,residual_tolerance_upper_bound
948,0.6574849395447647,ADMM,1.0,0.01,74.32150840759277,36558.028615113144,36479.11128148833,0.21633568048260135,9.71889235756862e-13,1.132332528813599,6,converged,gap_callback_with_solver_termination
948,0.6574849395447647,MEL-ADMM,1.0,0.01,14.007329940795898,36486.07871395822,36479.11128148833,0.019099786768714266,8.467671008816069e-13,0.007279660974768731,16,converged,gap_residual_and_feasibility
948,0.6574849395447647,sMEL-ADMM,1.0,0.01,1.60421,36486.13367785507,36479.11128148833,0.019250459016256924,1.9972912213006566e-13,0.008439455589256184,32,converged,gap_residual_and_feasibility
949,0.5627509897891084,IPOPT,1.0,1.0e-10,14.340877532958984,36479.111281572106,36479.111281488345,2.2961311586827168e-10,1.2434497875801753e-14,NaN,33,INTERRUPTED,gap_and_residual
949,0.5627509897891084,MadNLP,1.0,0.01,20.72906494140625,36479.111281488316,36479.111281488345,7.978218063525771e-14,1.1546319456101628e-14,NaN,34,LOCALLY_SOLVED,residual_tolerance_upper_bound
949,0.5627509897891084,ADMM,1.0,0.01,74.60522651672363,36588.97205197588,36479.111281488345,0.3011607646902351,2.275957200481571e-12,1.134236994811081,6,converged,gap_callback_with_solver_termination
949,0.5627509897891084,MEL-ADMM,1.0,0.01,16.225099563598633,36486.177190992166,36479.111281488345,0.019369741354983434,5.5857540814940876e-12,0.009379143628380326,18,converged,gap_residual_and_feasibility
949,0.5627509897891084,sMEL-ADMM,1.0,0.01,1.225289,36486.6814648117,36479.111281488345,0.020752104581001247,2.000621890374532e-13,0.009092548392867883,29,converged,gap_residual_and_feasibility
950,0.4002722719871718,IPOPT,1.0,1.0e-10,13.953924179077148,36479.111281571946,36479.111281488345,2.2917431387477775e-10,1.2434497875801753e-14,NaN,33,INTERRUPTED,gap_and_residual
950,0.4002722719871718,MadNLP,1.0,0.01,20.34616470336914,36479.11128148835,36479.111281488345,1.9945545158814427e-14,1.0658141036401503e-14,NaN,34,LOCALLY_SOLVED,residual_tolerance_upper_bound
950,0.4002722719871718,ADMM,1.0,0.01,73.10986518859863,36588.97205710997,36479.111281488345,0.3011607787642905,2.4278912214015236e-12,1.1342369967342005,6,converged,gap_callback_with_solver_termination
950,0.4002722719871718,MEL-ADMM,1.0,0.01,16.528606414794922,36486.177190976356,36479.111281488345,0.019369741311641767,5.4468651811134805e-12,0.00937914391390926,18,converged,gap_residual_and_feasibility
950,0.4002722719871718,sMEL-ADMM,1.0,0.01,1.9538350000000002,36485.524208280076,36479.111281488345,0.01757972320719575,2.0039525594484076e-13,0.0031382220181868092,35,converged,gap_residual_and_feasibility
951,0.5578389277974436,IPOPT,1.0,1.0e-10,12.745141983032227,36479.11128157213,36479.111281488316,2.2975273468438357e-10,1.4210854715202004e-14,NaN,33,INTERRUPTED,gap_and_residual
951,0.5578389277974436,MadNLP,1.0,0.01,19.279003143310547,36479.11128148837,36479.111281488316,1.396188161117011e-13,1.5987211554602254e-14,NaN,34,LOCALLY_SOLVED,residual_tolerance_upper_bound
951,0.5578389277974436,ADMM,1.0,0.01,70.81413269042969,36588.972050555,36479.111281488316,0.3011607607952693,8.710809851208978e-13,1.1342369824208314,6,converged,gap_callback_with_solver_termination
951,0.5578389277974436,MEL-ADMM,1.0,0.01,16.04461669921875,36486.1771909259,36479.111281488316,0.019369741173399208,3.838152018431629e-12,0.00937914370081483,18,converged,gap_residual_and_feasibility
951,0.5578389277974436,sMEL-ADMM,1.0,0.01,1.6739190000000002,36486.67324401788,36479.111281488316,0.020729568961300824,2.007283228522283e-13,0.008996466439144868,29,converged,gap_residual_and_feasibility
952,0.42394163494434134,IPOPT,1.0,1.0e-10,12.927055358886719,36479.111281572004,36479.11128148835,2.2931393269088943e-10,1.1546319456101628e-14,NaN,33,INTERRUPTED,gap_and_residual
952,0.42394163494434134,MadNLP,1.0,0.01,19.390106201171875,36479.11128148834,36479.11128148835,3.989109031762884e-14,1.3322676295501878e-14,NaN,34,LOCALLY_SOLVED,residual_tolerance_upper_bound
952,0.42394163494434134,ADMM,1.0,0.01,68.89081001281738,36588.972054316015,36479.11128148835,0.30116077110522105,1.145639139110699e-12,1.1342369908499697,6,converged,gap_callback_with_solver_termination
952,0.42394163494434134,MEL-ADMM,1.0,0.01,16.082048416137695,36486.177190912844,36479.11128148835,0.019369741137517153,2.2536417176866053e-12,0.009379143177441485,18,converged,gap_residual_and_feasibility
952,0.42394163494434134,sMEL-ADMM,1.0,0.01,1.60504,36485.86825294493,36479.11128148835,0.01852285107615827,1.9989565558375944e-13,0.006882320971547173,36,converged,gap_residual_and_feasibility
953,0.392998933725164,IPOPT,1.0,1.0e-10,13.025999069213867,36479.11128157192,36479.111281488345,2.290945316941425e-10,8.881784197001252e-15,NaN,33,INTERRUPTED,gap_and_residual
953,0.392998933725164,MadNLP,1.0,0.01,19.47307586669922,36479.11128148833,36479.111281488345,3.9891090317628855e-14,1.4210854715202004e-14,NaN,34,LOCALLY_SOLVED,residual_tolerance_upper_bound
953,0.392998933725164,ADMM,1.0,0.01,71.87485694885254,36588.97205807262,36479.111281488345,0.3011607814032058,3.0895286329268856e-12,1.134237000371182,6,converged,gap_callback_with_solver_termination
953,0.392998933725164,MEL-ADMM,1.0,0.01,16.038894653320312,36486.177190830385,36479.111281488345,0.01936974091149424,2.878641769399337e-12,0.009379144400996076,18,converged,gap_residual_and_feasibility
953,0.392998933725164,sMEL-ADMM,1.0,0.01,1.543871,36485.29944263804,36479.111281488345,0.016963574309536447,1.999511667349907e-13,0.00585702643880559,34,converged,gap_residual_and_feasibility
954,0.717925996200018,IPOPT,1.0,1.0e-10,13.257980346679688,36479.1112815718,36479.11128148836,2.2873551188128376e-10,1.1546319456101628e-14,NaN,34,INTERRUPTED,gap_and_residual
954,0.717925996200018,MadNLP,1.0,0.01,19.917011260986328,36479.11128148833,36479.11128148836,7.978218063525767e-14,1.2434497875801753e-14,NaN,35,LOCALLY_SOLVED,residual_tolerance_upper_bound
954,0.717925996200018,ADMM,1.0,0.01,80.00302314758301,36703.90282055051,36479.11128148836,0.6162198890415996,1.3365308859647484e-11,1.948692297608615,6,converged,gap_callback_with_solver_termination
954,0.717925996200018,MEL-ADMM,1.0,0.01,14.31417465209961,36486.61951112878,36479.11128148836,0.020582271268850094,3.815836535636663e-13,0.00914801472414073,16,converged,gap_residual_and_feasibility
954,0.717925996200018,sMEL-ADMM,1.0,0.01,1.2325439999999999,36486.657133708555,36479.11128148836,0.020685405853142144,2.0039525594484076e-13,0.008692220725050603,30,converged,gap_residual_and_feasibility
955,0.6480428362197537,IPOPT,1.0,1.0e-10,13.273954391479492,36479.11128157571,36479.11128148834,2.395061062670437e-10,1.5987211554602254e-14,NaN,34,INTERRUPTED,gap_and_residual
955,0.6480428362197537,MadNLP,1.0,0.01,19.807100296020508,36479.11128148837,36479.11128148834,7.978218063525772e-14,1.7763568394002505e-14,NaN,35,LOCALLY_SOLVED,residual_tolerance_upper_bound
955,0.6480428362197537,ADMM,1.0,0.01,73.57501983642578,36561.176163552285,36479.11128148834,0.22496403881854363,1.0393907956540716e-12,1.1475465114944035,6,converged,gap_callback_with_solver_termination
955,0.6480428362197537,MEL-ADMM,1.0,0.01,14.041900634765625,36486.01289457163,36479.11128148834,0.018919356423005816,2.744693361478312e-12,0.008657480351194735,16,converged,gap_residual_and_feasibility
955,0.6480428362197537,sMEL-ADMM,1.0,0.01,1.3007929999999999,36486.122343951385,36479.11128148834,0.019219389444404614,2.0095036745715333e-13,0.008446414029908311,32,converged,gap_residual_and_feasibility
956,0.6796245984709455,IPOPT,1.0,1.0e-10,12.828826904296875,36479.11134601007,36479.11128148834,1.7687308541378945e-7,1.3322676295501878e-14,NaN,33,INTERRUPTED,gap_and_residual
956,0.6796245984709455,MadNLP,1.0,0.01,19.92177963256836,36479.11128148834,36479.11128148834,0.0,1.3322676295501878e-14,NaN,35,LOCALLY_SOLVED,residual_tolerance_upper_bound
956,0.6796245984709455,ADMM,1.0,0.01,77.04901695251465,36573.779413966025,36479.11128148834,0.2595132643095051,3.254507774386184e-12,1.1222925776979498,6,converged,gap_callback_with_solver_termination
956,0.6796245984709455,MEL-ADMM,1.0,0.01,14.722347259521484,36486.25734217601,36479.11128148834,0.019589459382740065,1.973865515481066e-12,0.004456654180179598,16,converged,gap_residual_and_feasibility
956,0.6796245984709455,sMEL-ADMM,1.0,0.01,1.444955,36486.56667042299,36479.11128148834,0.020437419314085988,2.0039525594484076e-13,0.009571342703353025,30,converged,gap_residual_and_feasibility
957,0.6182986539414073,IPOPT,1.0,1.0e-10,14.48512077331543,36479.1112815704,36479.111281488345,2.249259127559503e-10,1.4210854715202004e-14,NaN,33,INTERRUPTED,gap_and_residual
957,0.6182986539414073,MadNLP,1.0,0.01,21.011829376220703,36479.111281488316,36479.111281488345,7.978218063525771e-14,9.769962616701378e-15,NaN,34,LOCALLY_SOLVED,residual_tolerance_upper_bound
957,0.6182986539414073,ADMM,1.0,0.01,77.92925834655762,36583.58957241957,36479.111281488345,0.2864058011858571,9.083844787483031e-13,1.1570677436076888,6,converged,gap_callback_with_solver_termination
957,0.6182986539414073,MEL-ADMM,1.0,0.01,17.13848114013672,36485.89837139377,36479.111281488345,0.018605414624969938,1.748934330692009e-12,0.009581024931115678,18,converged,gap_residual_and_feasibility
957,0.6182986539414073,sMEL-ADMM,1.0,0.01,1.379996,36486.09548912669,36479.111281488345,0.019145772451663653,1.9984014443252818e-13,0.008469552991412499,32,converged,gap_residual_and_feasibility
958,0.5436491921669948,IPOPT,1.0,1.0e-10,12.783050537109375,36479.11128157213,36479.11128148832,2.297327891392247e-10,1.687538997430238e-14,NaN,33,INTERRUPTED,gap_and_residual
958,0.5436491921669948,MadNLP,1.0,0.01,19.11306381225586,36479.11128148835,36479.11128148832,7.978218063525775e-14,1.2434497875801753e-14,NaN,34,LOCALLY_SOLVED,residual_tolerance_upper_bound
958,0.5436491921669948,ADMM,1.0,0.01,71.84505462646484,36588.97204757859,36479.11128148832,0.30116075263602543,3.632649736573512e-13,1.1342369850376928,6,converged,gap_callback_with_solver_termination
958,0.5436491921669948,MEL-ADMM,1.0,0.01,15.951395034790039,36486.17719096306,36479.11128148832,0.019369741275261105,3.5890179717057435e-12,0.009379143170260562,18,converged,gap_residual_and_feasibility
958,0.5436491921669948,sMEL-ADMM,1.0,0.01,1.17,36486.649673655,36479.11128148832,0.02066495564683691,2.0017321133991572e-13,0.0087144095481122,29,converged,gap_residual_and_feasibility
959,0.35344366190683235,IPOPT,1.0,1.0e-10,13.616085052490234,36479.11134600655,36479.11128148834,1.7686345171547773e-7,1.3322676295501878e-14,NaN,33,INTERRUPTED,gap_and_residual
959,0.35344366190683235,MadNLP,1.0,0.01,20.160913467407227,36479.11128148834,36479.11128148834,0.0,1.2434497875801753e-14,NaN,35,LOCALLY_SOLVED,residual_tolerance_upper_bound
959,0.35344366190683235,ADMM,1.0,0.01,74.71990585327148,36583.53424121346,36479.11128148834,0.28625412203535644,1.1096124019616127e-12,1.1763357507643368,6,converged,gap_callback_with_solver_termination
959,0.35344366190683235,MEL-ADMM,1.0,0.01,15.784025192260742,36485.92855945342,36479.11128148834,0.018688168997539233,3.4372504842394846e-13,0.00952201309810885,18,converged,gap_residual_and_feasibility
959,0.35344366190683235,sMEL-ADMM,1.0,0.01,1.717413,36485.30854406847,36479.11128148834,0.01698852401396162,2.0050627824730327e-13,0.009919981752428697,35,converged,gap_residual_and_feasibility
960,0.5889426419191459,IPOPT,1.0,1.0e-10,14.991998672485352,36479.11128157202,36479.11128148832,2.2943360596184247e-10,1.1546319456101628e-14,NaN,33,INTERRUPTED,gap_and_residual
960,0.5889426419191459,MadNLP,1.0,0.01,19.275903701782227,36479.11128148833,36479.11128148832,1.9945545158814437e-14,1.5987211554602254e-14,NaN,34,LOCALLY_SOLVED,residual_tolerance_upper_bound
960,0.5889426419191459,ADMM,1.0,0.01,74.17988777160645,36595.584567712765,36479.11128148832,0.3192876200455775,2.5114355040045666e-12,1.0722118097194686,6,converged,gap_callback_with_solver_termination
960,0.5889426419191459,MEL-ADMM,1.0,0.01,16.261816024780273,36486.098090848485,36479.11128148832,0.0191529045382946,3.3142377731110173e-12,0.00940128353807701,18,converged,gap_residual_and_feasibility
960,0.5889426419191459,sMEL-ADMM,1.0,0.01,1.353501,36486.72609732223,36479.11128148832,0.020874455452454532,1.999511667349907e-13,0.009595013009844777,29,converged,gap_residual_and_feasibility
961,0.25993323030551735,IPOPT,1.0,1.0e-10,14.58883285522461,36479.11128157139,36479.11128148835,2.27638506897549e-10,1.3322676295501878e-14,NaN,34,INTERRUPTED,gap_and_residual
961,0.25993323030551735,MadNLP,1.0,0.01,20.77007293701172,36479.11128148834,36479.11128148835,3.989109031762884e-14,1.865174681370263e-14,NaN,35,LOCALLY_SOLVED,residual_tolerance_upper_bound
961,0.25993323030551735,ADMM,1.0,0.01,77.62002944946289,36627.6691971154,36479.11128148835,0.40724104948914674,5.591083152012288e-13,1.639386310439622,6,converged,gap_callback_with_solver_termination
961,0.25993323030551735,MEL-ADMM,1.0,0.01,14.454841613769531,36486.54017111618,36479.11128148835,0.020364776900692244,2.3977486662829506e-12,0.007288421393808697,16,converged,gap_residual_and_feasibility
961,0.25993323030551735,sMEL-ADMM,1.0,0.01,1.7295399999999999,36485.15509122214,36479.11128148835,0.01656786451608841,2.0039525594484076e-13,0.0073269638093123035,39,converged,gap_residual_and_feasibility
962,0.5452768742959824,IPOPT,1.0,1.0e-10,14.317035675048828,36479.111281572135,36479.11128148833,2.2973278913922465e-10,1.5987211554602254e-14,NaN,33,INTERRUPTED,gap_and_residual
962,0.5452768742959824,MadNLP,1.0,0.01,19.1800594329834,36479.11128148832,36479.11128148833,1.9945545158814434e-14,1.509903313490213e-14,NaN,34,LOCALLY_SOLVED,residual_tolerance_upper_bound
962,0.5452768742959824,ADMM,1.0,0.01,71.40779495239258,36588.97204767882,36479.11128148833,0.30116075291077526,2.5036639428321905e-12,1.134236985044235,6,converged,gap_callback_with_solver_termination
962,0.5452768742959824,MEL-ADMM,1.0,0.01,16.072988510131836,36486.177190914124,36479.11128148833,0.01936974114108742,3.1211699891287026e-12,0.009379143509564258,18,converged,gap_residual_and_feasibility
962,0.5452768742959824,sMEL-ADMM,1.0,0.01,1.211124,36486.65236753072,36479.11128148833,0.0206723403544482,1.9972912213006566e-13,0.008747123668959134,29,converged,gap_residual_and_feasibility
963,0.3882366302405641,IPOPT,1.0,1.0e-10,14.183998107910156,36479.111281571895,36479.11128148836,2.2899480396834833e-10,1.2434497875801753e-14,NaN,33,INTERRUPTED,gap_and_residual
963,0.3882366302405641,MadNLP,1.0,0.01,20.007848739624023,36479.111281488345,36479.11128148836,3.9891090317628836e-14,1.3322676295501878e-14,NaN,34,LOCALLY_SOLVED,residual_tolerance_upper_bound
963,0.3882366302405641,ADMM,1.0,0.01,72.68857955932617,36590.60010853856,36479.11128148836,0.3056237477659546,2.6016411247553606e-12,1.1174439836148053,6,converged,gap_callback_with_solver_termination
963,0.3882366302405641,MEL-ADMM,1.0,0.01,16.054630279541016,36486.15540121098,36479.11128148836,0.019310009139920918,2.177147351289932e-12,0.009413791145104433,18,converged,gap_residual_and_feasibility
963,0.3882366302405641,sMEL-ADMM,1.0,0.01,1.9731229999999997,36485.26714323449,36479.11128148836,0.016875032120781813,2.0000667788622195e-13,0.005430090400651011,34,converged,gap_residual_and_feasibility
964,0.3223266738379567,IPOPT,1.0,1.0e-10,14.820098876953125,36479.1112815718,36479.11128148833,2.288152940619192e-10,1.0658141036401503e-14,NaN,34,INTERRUPTED,gap_and_residual
964,0.3223266738379567,MadNLP,1.0,0.01,21.045923233032227,36479.111281488345,36479.11128148833,3.989109031762887e-14,1.2434497875801753e-14,NaN,35,LOCALLY_SOLVED,residual_tolerance_upper_bound
964,0.3223266738379567,ADMM,1.0,0.01,80.0333023071289,36558.411851120436,36479.11128148833,0.21738624337689663,3.818667604349457e-12,1.1428006295281925,6,converged,gap_callback_with_solver_termination
964,0.3223266738379567,MEL-ADMM,1.0,0.01,14.555692672729492,36486.04806247526,36479.11128148833,0.019015762016245212,9.671707879022051e-13,0.008517421044073714,16,converged,gap_residual_and_feasibility
964,0.3223266738379567,sMEL-ADMM,1.0,0.01,2.0667910000000003,36484.995980797285,36479.11128148833,0.01613169592741685,2.0017321133991572e-13,0.009305823368293886,35,converged,gap_residual_and_feasibility
965,0.6409104891823395,IPOPT,1.0,1.0e-10,14.316797256469727,36479.11128148835,36479.11128148835,0.0,1.0658141036401503e-14,NaN,34,INTERRUPTED,gap_and_residual
965,0.6409104891823395,MadNLP,1.0,0.01,19.58179473876953,36479.111281488345,36479.11128148835,1.994554515881442e-14,1.1546319456101628e-14,NaN,35,LOCALLY_SOLVED,residual_tolerance_upper_bound
965,0.6409104891823395,ADMM,1.0,0.01,75.90508460998535,36565.948112918486,36479.11128148835,0.23804535905511337,8.678613383494849e-13,1.1499977386949212,6,converged,gap_callback_with_solver_termination
965,0.6409104891823395,MEL-ADMM,1.0,0.01,13.649702072143555,36485.97205394762,36479.11128148835,0.018807400230573264,1.7755796832830129e-12,0.009664271509084443,16,converged,gap_residual_and_feasibility
965,0.6409104891823395,sMEL-ADMM,1.0,0.01,1.2764149999999999,36486.11542676418,36479.11128148835,0.019200427394690505,2.0050627824730327e-13,0.008452159123995884,32,converged,gap_residual_and_feasibility
966,0.3844628080182292,IPOPT,1.0,1.0e-10,12.892007827758789,36479.111281571866,36479.11128148832,2.2901474951350738e-10,1.1546319456101628e-14,NaN,33,INTERRUPTED,gap_and_residual
966,0.3844628080182292,MadNLP,1.0,0.01,19.39105987548828,36479.11128148835,36479.11128148832,7.978218063525775e-14,1.5987211554602254e-14,NaN,34,LOCALLY_SOLVED,residual_tolerance_upper_bound
966,0.3844628080182292,ADMM,1.0,0.01,68.7570571899414,36593.173852429194,36479.11128148832,0.31267913864654,8.813505480986805e-13,1.0865454519091804,6,converged,gap_callback_with_solver_termination
966,0.3844628080182292,MEL-ADMM,1.0,0.01,15.836238861083984,36486.12949174024,36479.11128148832,0.01923898364124605,1.4972467710094861e-12,0.009427723180751357,18,converged,gap_residual_and_feasibility
966,0.3844628080182292,sMEL-ADMM,1.0,0.01,1.3298299999999998,36485.24681796211,36479.11128148832,0.016819314556318115,2.0061730054976579e-13,0.006040524700201999,34,converged,gap_residual_and_feasibility
967,0.381602516890798,IPOPT,1.0,1.0e-10,13.291120529174805,36479.11128156389,36479.11128148835,2.0707464983881134e-10,1.1546319456101628e-14,NaN,32,INTERRUPTED,gap_and_residual
967,0.381602516890798,MadNLP,1.0,0.01,19.682884216308594,36479.111281488345,36479.11128148835,1.994554515881442e-14,1.1546319456101628e-14,NaN,33,LOCALLY_SOLVED,residual_tolerance_upper_bound
967,0.381602516890798,ADMM,1.0,0.01,73.84991645812988,36594.410753499156,36479.11128148835,0.3160698491832868,5.691003224228552e-13,1.0790715431365978,6,converged,gap_callback_with_solver_termination
967,0.381602516890798,MEL-ADMM,1.0,0.01,16.108274459838867,36486.110674701704,36479.11128148835,0.01918740059027437,6.82776057914225e-12,0.00940561756540692,18,converged,gap_residual_and_feasibility
967,0.381602516890798,sMEL-ADMM,1.0,0.01,1.551418,36485.0344004016,36479.11128148835,0.016237015390924914,2.0061730054976579e-13,0.008629804834946242,33,converged,gap_residual_and_feasibility
968,0.7013905467139522,IPOPT,1.0,1.0e-10,13.243913650512695,36479.11128157189,36479.11128148832,2.2907458614898382e-10,1.0658141036401503e-14,NaN,34,INTERRUPTED,gap_and_residual
968,0.7013905467139522,MadNLP,1.0,0.01,19.823074340820312,36479.11128148836,36479.11128148832,9.972772579407219e-14,1.1546319456101628e-14,NaN,35,LOCALLY_SOLVED,residual_tolerance_upper_bound
968,0.7013905467139522,ADMM,1.0,0.01,76.6139030456543,36627.22752409166,36479.11128148832,0.4060302935025075,1.949107542031925e-12,1.567842687008997,6,converged,gap_callback_with_solver_termination
968,0.7013905467139522,MEL-ADMM,1.0,0.01,14.194488525390625,36486.44953805404,36479.11128148832,0.02011632495400067,2.6304514122443834e-12,0.006358472947276539,16,converged,gap_residual_and_feasibility
968,0.7013905467139522,sMEL-ADMM,1.0,0.01,1.191541,36486.61650789254,36479.11128148832,0.020574038512899722,2.0028423364237824e-13,0.009062897157276595,30,converged,gap_residual_and_feasibility
969,0.5915885606460163,IPOPT,1.0,1.0e-10,13.171195983886719,36479.11128157197,36479.111281488345,2.292341505102542e-10,1.3322676295501878e-14,NaN,33,INTERRUPTED,gap_and_residual
969,0.5915885606460163,MadNLP,1.0,0.01,19.46091651916504,36479.11128148832,36479.111281488345,5.983663547644328e-14,1.4210854715202004e-14,NaN,34,LOCALLY_SOLVED,residual_tolerance_upper_bound
969,0.5915885606460163,ADMM,1.0,0.01,71.3653564453125,36596.342494404606,36479.111281488345,0.3213653205848525,3.502753642692369e-13,1.0571973276576472,6,converged,gap_callback_with_solver_termination
969,0.5915885606460163,MEL-ADMM,1.0,0.01,14.780044555664062,36486.08070158725,36479.111281488345,0.019105235445908603,5.247136058983415e-12,0.009404283259386581,18,converged,gap_residual_and_feasibility
969,0.5915885606460163,sMEL-ADMM,1.0,0.01,1.2704140000000002,36486.7306934389,36479.111281488345,0.020887054763363007,2.0028423364237824e-13,0.00964515090997331,29,converged,gap_residual_and_feasibility
970,0.6984748495547941,IPOPT,1.0,1.0e-10,13.424873352050781,36479.11128157187,36479.11128148832,2.290346950586662e-10,1.3322676295501878e-14,NaN,34,INTERRUPTED,gap_and_residual
970,0.6984748495547941,MadNLP,1.0,0.01,19.281864166259766,36479.11128148834,36479.11128148832,3.9891090317628874e-14,1.4210854715202004e-14,NaN,35,LOCALLY_SOLVED,residual_tolerance_upper_bound
970,0.6984748495547941,ADMM,1.0,0.01,76.12109184265137,36617.38214427823,36479.11128148832,0.37904120449357415,3.1459279625778436e-12,1.498771731105125,6,converged,gap_callback_with_solver_termination
970,0.6984748495547941,MEL-ADMM,1.0,0.01,13.14401626586914,36486.42201102453,36479.11128148832,0.020040865249685933,8.171241461241152e-13,0.005874541697232338,16,converged,gap_residual_and_feasibility
970,0.6984748495547941,sMEL-ADMM,1.0,0.01,1.308087,36486.6094472214,36479.11128148832,0.020554683131450334,2.0095036745715333e-13,0.009129725881672712,30,converged,gap_residual_and_feasibility
971,0.7002382945048554,IPOPT,1.0,1.0e-10,13.353824615478516,36479.1112815719,36479.11128148833,2.290945316941426e-10,1.865174681370263e-14,NaN,34,INTERRUPTED,gap_and_residual
971,0.7002382945048554,MadNLP,1.0,0.01,20.087003707885742,36479.11128148832,36479.11128148833,1.9945545158814434e-14,1.2434497875801753e-14,NaN,35,LOCALLY_SOLVED,residual_tolerance_upper_bound
971,0.7002382945048554,ADMM,1.0,0.01,75.01363754272461,36623.19838213347,36479.11128148833,0.3949852273902845,2.545519350860559e-12,1.5406305914960545,6,converged,gap_callback_with_solver_termination
971,0.7002382945048554,MEL-ADMM,1.0,0.01,13.582229614257812,36486.43848513075,36479.11128148833,0.02008602563225031,1.0202949596305189e-12,0.006164162361761427,16,converged,gap_residual_and_feasibility
971,0.7002382945048554,sMEL-ADMM,1.0,0.01,1.258043,36486.61371338794,36479.11128148833,0.020566377951796902,2.0028423364237824e-13,0.009089264768574523,30,converged,gap_residual_and_feasibility
972,0.3254835342133677,IPOPT,1.0,1.0e-10,12.8021240234375,36479.11134601312,36479.11128148835,1.768814027061206e-7,1.3322676295501878e-14,NaN,33,INTERRUPTED,gap_and_residual
972,0.3254835342133677,MadNLP,1.0,0.01,19.685029983520508,36479.11128148836,36479.11128148835,1.994554515881442e-14,1.4210854715202004e-14,NaN,35,LOCALLY_SOLVED,residual_tolerance_upper_bound
972,0.3254835342133677,ADMM,1.0,0.01,74.55825805664062,36560.62000843338,36479.11128148835,0.2234394536535566,1.8741119767184955e-12,1.1432896294233998,6,converged,gap_callback_with_solver_termination
972,0.3254835342133677,MEL-ADMM,1.0,0.01,13.529062271118164,36486.02497574476,36479.11128148835,0.018952474480692025,4.1938119643702976e-12,0.009002406212161418,16,converged,gap_residual_and_feasibility
972,0.3254835342133677,sMEL-ADMM,1.0,0.01,1.401082,36485.047139096976,36479.11128148835,0.016271935910992272,1.9989565558375944e-13,0.008285276704041777,35,converged,gap_residual_and_feasibility
973,0.3109216032850044,IPOPT,1.0,1.0e-10,13.655900955200195,36479.11128157171,36479.11128148834,2.2855600197485455e-10,1.2434497875801753e-14,NaN,34,INTERRUPTED,gap_and_residual
973,0.3109216032850044,MadNLP,1.0,0.01,20.154953002929688,36479.11128148834,36479.11128148834,0.0,1.1546319456101628e-14,NaN,35,LOCALLY_SOLVED,residual_tolerance_upper_bound
973,0.3109216032850044,ADMM,1.0,0.01,75.01506805419922,36550.954751292025,36479.11128148834,0.19694413399852978,5.258571356137054e-13,1.1133061684540966,6,converged,gap_callback_with_solver_termination
973,0.3109216032850044,MEL-ADMM,1.0,0.01,13.191461563110352,36486.14309234194,36479.11128148834,0.019276266900640087,1.652455949852083e-12,0.006718302579587387,16,converged,gap_residual_and_feasibility
973,0.3109216032850044,sMEL-ADMM,1.0,0.01,1.396169,36484.79869076822,36479.11128148834,0.015590865786164827,2.0000667788622195e-13,0.009719763758862854,38,converged,gap_residual_and_feasibility
974,0.6976685178963393,IPOPT,1.0,1.0e-10,13.17286491394043,36479.11128157188,36479.11128148836,2.289549128780307e-10,1.2434497875801753e-14,NaN,34,INTERRUPTED,gap_and_residual
974,0.6976685178963393,MadNLP,1.0,0.01,20.084857940673828,36479.11128148834,36479.11128148836,5.983663547644325e-14,1.2434497875801753e-14,NaN,35,LOCALLY_SOLVED,residual_tolerance_upper_bound
974,0.6976685178963393,ADMM,1.0,0.01,74.90420341491699,36614.84322798994,36479.11128148836,0.37208128634005655,6.303957356124101e-12,1.4795631562821834,6,converged,gap_callback_with_solver_termination
974,0.6976685178963393,MEL-ADMM,1.0,0.01,13.314485549926758,36486.41466991365,36479.11128148836,0.020020741100108527,7.05546732149287e-13,0.005745580406771644,16,converged,gap_residual_and_feasibility
974,0.6976685178963393,sMEL-ADMM,1.0,0.01,1.2897480000000001,36486.60750868404,36479.11128148836,0.020549369028863656,2.0039525594484076e-13,0.0091482696066425,30,converged,gap_residual_and_feasibility
975,0.6222877258719,IPOPT,1.0,1.0e-10,13.06605339050293,36479.11128156974,36479.11128148836,2.2309092260133927e-10,1.509903313490213e-14,NaN,33,INTERRUPTED,gap_and_residual
975,0.6222877258719,MadNLP,1.0,0.01,19.31595802307129,36479.11128148833,36479.11128148836,7.978218063525767e-14,1.509903313490213e-14,NaN,34,LOCALLY_SOLVED,residual_tolerance_upper_bound
975,0.6222877258719,ADMM,1.0,0.01,71.37632369995117,36580.77200100372,36479.11128148836,0.2786820071654308,2.048805569643264e-12,1.1664973466574544,6,converged,gap_callback_with_solver_termination
975,0.6222877258719,MEL-ADMM,1.0,0.01,14.72330093383789,36485.87843897919,36479.11128148836,0.01855077399943381,1.798228232985366e-12,0.009586056363432682,18,converged,gap_residual_and_feasibility
975,0.6222877258719,sMEL-ADMM,1.0,0.01,1.205706,36486.09888691782,36479.11128148836,0.01915508679895971,2.0083934515469082e-13,0.008466842361679383,32,converged,gap_residual_and_feasibility
976,0.4747433973527587,IPOPT,1.0,1.0e-10,13.585090637207031,36479.111281572135,36479.111281488345,2.2969289804890694e-10,1.1546319456101628e-14,NaN,33,INTERRUPTED,gap_and_residual
976,0.4747433973527587,MadNLP,1.0,0.01,20.422935485839844,36479.111281488345,36479.111281488345,0.0,1.2434497875801753e-14,NaN,34,LOCALLY_SOLVED,residual_tolerance_upper_bound
976,0.4747433973527587,ADMM,1.0,0.01,71.35367393493652,36588.97204979341,36479.111281488345,0.3011607587074492,1.6845969064149813e-12,1.134236985696523,6,converged,gap_callback_with_solver_termination
976,0.4747433973527587,MEL-ADMM,1.0,0.01,15.60354232788086,36486.177190902235,36479.111281488345,0.019369741108456497,2.6259550089946515e-12,0.009379143297054249,18,converged,gap_residual_and_feasibility
976,0.4747433973527587,sMEL-ADMM,1.0,0.01,1.024167,36486.52913758151,36479.111281488345,0.020334530728893192,2.0000667788622195e-13,0.009292480180391749,29,converged,gap_residual_and_feasibility
977,0.2675846144910458,IPOPT,1.0,1.0e-10,13.35597038269043,36479.11128157145,36479.11128148835,2.2779807125881952e-10,1.2434497875801753e-14,NaN,34,INTERRUPTED,gap_and_residual
977,0.2675846144910458,MadNLP,1.0,0.01,20.374059677124023,36479.111281488345,36479.11128148835,1.994554515881442e-14,1.0658141036401503e-14,NaN,35,LOCALLY_SOLVED,residual_tolerance_upper_bound
977,0.2675846144910458,ADMM,1.0,0.01,74.33080673217773,36603.10151629782,36479.11128148835,0.33989379251239926,1.8448020888683914e-12,1.466404677190929,6,converged,gap_callback_with_solver_termination
977,0.2675846144910458,MEL-ADMM,1.0,0.01,13.350963592529297,36486.47374034464,36479.11128148835,0.02018267056858102,1.8512413824112173e-12,0.0061150619989200905,16,converged,gap_residual_and_feasibility
977,0.2675846144910458,sMEL-ADMM,1.0,0.01,1.6791639999999999,36485.05734001084,36479.11128148835,0.016299899623665598,2.0061730054976579e-13,0.007265705306695125,39,converged,gap_residual_and_feasibility
978,0.41550630416393797,IPOPT,1.0,1.0e-10,14.458894729614258,36479.11128157202,36479.11128148834,2.2939371487152476e-10,1.509903313490213e-14,NaN,33,INTERRUPTED,gap_and_residual
978,0.41550630416393797,MadNLP,1.0,0.01,19.444942474365234,36479.11128148834,36479.11128148834,0.0,1.3322676295501878e-14,NaN,34,LOCALLY_SOLVED,residual_tolerance_upper_bound
978,0.41550630416393797,ADMM,1.0,0.01,71.59256935119629,36588.97205540786,36479.11128148834,0.3011607740983295,8.645306692756094e-13,1.1342369920400843,6,converged,gap_callback_with_solver_termination
978,0.41550630416393797,MEL-ADMM,1.0,0.01,15.124082565307617,36486.177190799506,36479.11128148834,0.019369740826865295,5.392353230604385e-13,0.009379143757214159,18,converged,gap_residual_and_feasibility
978,0.41550630416393797,sMEL-ADMM,1.0,0.01,1.3553339999999998,36485.670189233984,36479.11128148834,0.017979900044808702,2.0039525594484076e-13,0.009982967905715512,35,converged,gap_residual_and_feasibility
979,0.34275184129303227,IPOPT,1.0,1.0e-10,13.321876525878906,36479.11134600392,36479.11128148834,1.7685623142813026e-7,1.0658141036401503e-14,NaN,33,INTERRUPTED,gap_and_residual
979,0.34275184129303227,MadNLP,1.0,0.01,20.218849182128906,36479.111281488345,36479.11128148834,1.994554515881443e-14,1.5987211554602254e-14,NaN,35,LOCALLY_SOLVED,residual_tolerance_upper_bound
979,0.34275184129303227,ADMM,1.0,0.01,73.52352142333984,36574.258564683616,36479.11128148834,0.2608267577054741,1.599054222367613e-12,1.1687422197220787,6,converged,gap_callback_with_solver_termination
979,0.34275184129303227,MEL-ADMM,1.0,0.01,14.741897583007812,36485.856976752155,36479.11128148834,0.01849193970698488,1.7300050281221502e-12,0.009818665630385581,18,converged,gap_residual_and_feasibility
979,0.34275184129303227,sMEL-ADMM,1.0,0.01,1.304375,36485.24658861222,36479.11128148834,0.016818685840622374,1.9989565558375944e-13,0.007118785007207862,35,converged,gap_residual_and_feasibility
980,0.3980152756121738,IPOPT,1.0,1.0e-10,12.937068939208984,36479.111281571924,36479.111281488345,2.2911447723930133e-10,1.4210854715202004e-14,NaN,33,INTERRUPTED,gap_and_residual
980,0.3980152756121738,MadNLP,1.0,0.01,19.24300193786621,36479.11128148834,36479.111281488345,1.9945545158814427e-14,1.2434497875801753e-14,NaN,34,LOCALLY_SOLVED,residual_tolerance_upper_bound
980,0.3980152756121738,ADMM,1.0,0.01,70.13177871704102,36588.97205727888,36479.111281488345,0.3011607792273263,8.762990333366361e-13,1.1342369965758934,6,converged,gap_callback_with_solver_termination
980,0.3980152756121738,MEL-ADMM,1.0,0.01,15.405893325805664,36486.17719071321,36479.111281488345,0.01936974059029118,1.8364754161837027e-12,0.009379143676312651,18,converged,gap_residual_and_feasibility
980,0.3980152756121738,sMEL-ADMM,1.0,0.01,1.436083,36485.342184426154,36479.111281488345,0.01708074215330556,2.0056178939853453e-13,0.008643339592248722,34,converged,gap_residual_and_feasibility
981,0.549038168970805,IPOPT,1.0,1.0e-10,13.450860977172852,36479.11128157212,36479.11128148833,2.2969289804890702e-10,1.687538997430238e-14,NaN,33,INTERRUPTED,gap_and_residual
981,0.549038168970805,MadNLP,1.0,0.01,20.013093948364258,36479.11128148833,36479.11128148833,0.0,1.3322676295501878e-14,NaN,34,LOCALLY_SOLVED,residual_tolerance_upper_bound
981,0.549038168970805,ADMM,1.0,0.01,72.16095924377441,36588.97205099576,36479.11128148833,0.30116076200349057,1.6183721029960907e-12,1.1342369882190413,6,converged,gap_callback_with_solver_termination
981,0.549038168970805,MEL-ADMM,1.0,0.01,15.259742736816406,36486.17719092934,36479.11128148833,0.019369741182793554,3.1000757516608246e-12,0.009379143301122994,18,converged,gap_residual_and_feasibility
981,0.549038168970805,sMEL-ADMM,1.0,0.01,1.37646,36486.65860433871,36479.11128148833,0.020689437284087665,2.0061730054976579e-13,0.008822414536885148,29,converged,gap_residual_and_feasibility
982,0.4686780319641861,IPOPT,1.0,1.0e-10,12.897968292236328,36479.11128157211,36479.11128148835,2.2961311586827163e-10,1.4210854715202004e-14,NaN,33,INTERRUPTED,gap_and_residual
982,0.4686780319641861,MadNLP,1.0,0.01,19.794940948486328,36479.111281488345,36479.11128148835,1.994554515881442e-14,1.2434497875801753e-14,NaN,34,LOCALLY_SOLVED,residual_tolerance_upper_bound
982,0.4686780319641861,ADMM,1.0,0.01,69.16666030883789,36588.9720487899,36479.11128148835,0.30116075595651964,1.6737167207736547e-12,1.1342369897904945,6,converged,gap_callback_with_solver_termination
982,0.4686780319641861,MEL-ADMM,1.0,0.01,15.394926071166992,36486.17719095368,36479.11128148835,0.019369741249451553,3.0479507806546735e-12,0.009379143027192782,18,converged,gap_residual_and_feasibility
982,0.4686780319641861,sMEL-ADMM,1.0,0.01,1.2481280000000001,36485.91674371975,36479.11128148835,0.018655778587586908,2.0078383400345956e-13,0.009401897881604171,32,converged,gap_residual_and_feasibility
983,0.48754784859832395,IPOPT,1.0,1.0e-10,13.844966888427734,36479.11128157213,36479.11128148835,2.2965300695858926e-10,1.5987211554602254e-14,NaN,33,INTERRUPTED,gap_and_residual
983,0.48754784859832395,MadNLP,1.0,0.01,20.33090591430664,36479.11128148835,36479.11128148835,0.0,1.3322676295501878e-14,NaN,34,LOCALLY_SOLVED,residual_tolerance_upper_bound
983,0.48754784859832395,ADMM,1.0,0.01,71.69079780578613,36588.97204735611,36479.11128148835,0.30116075202607046,4.26364499261922e-12,1.134236983332534,6,converged,gap_callback_with_solver_termination
983,0.48754784859832395,MEL-ADMM,1.0,0.01,15.280008316040039,36486.17719073644,36479.11128148835,0.01936974065393741,2.3613888622264767e-12,0.009379142941068785,18,converged,gap_residual_and_feasibility
983,0.48754784859832395,sMEL-ADMM,1.0,0.01,1.1507939999999999,36486.5604054844,36479.11128148835,0.020420245270142107,2.0017321133991572e-13,0.00898279224914944,29,converged,gap_residual_and_feasibility
984,0.5992820455577464,IPOPT,1.0,1.0e-10,13.97395133972168,36479.11128157194,36479.11128148833,2.2919425941993666e-10,1.2434497875801753e-14,NaN,33,INTERRUPTED,gap_and_residual
984,0.5992820455577464,MadNLP,1.0,0.01,19.781827926635742,36479.11128148832,36479.11128148833,1.9945545158814434e-14,1.0658141036401503e-14,NaN,34,LOCALLY_SOLVED,residual_tolerance_upper_bound
984,0.5992820455577464,ADMM,1.0,0.01,72.62587547302246,36599.778179794506,36479.11128148833,0.33078354726094705,3.7836400679225335e-13,1.1567431630888407,6,converged,gap_callback_with_solver_termination
984,0.5992820455577464,MEL-ADMM,1.0,0.01,15.465974807739258,36486.02594853092,36479.11128148833,0.018955141174449745,1.6298074001497298e-12,0.009357946596555422,18,converged,gap_residual_and_feasibility
984,0.5992820455577464,sMEL-ADMM,1.0,0.01,1.337083,36486.74415947568,36479.11128148833,0.02092396914072978,1.9984014443252818e-13,0.009790619166158976,29,converged,gap_residual_and_feasibility
985,0.7218843273610189,IPOPT,1.0,1.0e-10,13.14401626586914,36479.11128157177,36479.11128148835,2.2867567524580734e-10,1.1546319456101628e-14,NaN,34,INTERRUPTED,gap_and_residual
985,0.7218843273610189,MadNLP,1.0,0.01,21.1789608001709,36479.111281488345,36479.11128148835,1.994554515881442e-14,1.3322676295501878e-14,NaN,35,LOCALLY_SOLVED,residual_tolerance_upper_bound
985,0.7218843273610189,ADMM,1.0,0.01,76.61700248718262,36728.00881135611,36479.11128148835,0.6823015175648193,1.23262511309008e-11,2.039053898018831,6,converged,gap_callback_with_solver_termination
985,0.7218843273610189,MEL-ADMM,1.0,0.01,12.88461685180664,36486.662640662544,36479.11128148835,0.020700502037786825,2.913225216616411e-13,0.009819370979837316,16,converged,gap_residual_and_feasibility
985,0.7218843273610189,sMEL-ADMM,1.0,0.01,1.218792,36486.66692966852,36479.11128148835,0.020712259467798016,2.0028423364237824e-13,0.008607008006888961,30,converged,gap_residual_and_feasibility
986,0.30805346569841363,IPOPT,1.0,1.0e-10,13.283967971801758,36479.1112815717,36479.111281488345,2.2849616533937805e-10,1.4210854715202004e-14,NaN,34,INTERRUPTED,gap_and_residual
986,0.30805346569841363,MadNLP,1.0,0.01,21.215200424194336,36479.111281488316,36479.111281488345,7.978218063525771e-14,1.0658141036401503e-14,NaN,35,LOCALLY_SOLVED,residual_tolerance_upper_bound
986,0.30805346569841363,ADMM,1.0,0.01,75.51932334899902,36550.99273446214,36479.111281488345,0.1970482570672457,1.7805201757425948e-12,1.1133674424908273,6,converged,gap_callback_with_solver_termination
986,0.30805346569841363,MEL-ADMM,1.0,0.01,13.074398040771484,36486.162474030505,36479.111281488345,0.019329397823729024,4.04121180963557e-13,0.006400113302226451,16,converged,gap_residual_and_feasibility
986,0.30805346569841363,sMEL-ADMM,1.0,0.01,1.4099169999999999,36484.93465978151,36479.111281488345,0.015963596942447904,1.9972912213006566e-13,0.005280488730232236,39,converged,gap_residual_and_feasibility
987,0.7089951788962969,IPOPT,1.0,1.0e-10,13.725996017456055,36479.11128157184,36479.11128148836,2.288352396070778e-10,1.4210854715202004e-14,NaN,34,INTERRUPTED,gap_and_residual
987,0.7089951788962969,MadNLP,1.0,0.01,20.32303810119629,36479.11128148835,36479.11128148836,1.9945545158814418e-14,1.3322676295501878e-14,NaN,35,LOCALLY_SOLVED,residual_tolerance_upper_bound
987,0.7089951788962969,ADMM,1.0,0.01,75.0737190246582,36657.91559268122,36479.11128148836,0.4901553379771952,3.657074643115266e-12,1.7453058110915598,6,converged,gap_callback_with_solver_termination
987,0.7089951788962969,MEL-ADMM,1.0,0.01,13.601064682006836,36486.525350161755,36479.11128148836,0.020324148294582248,1.5664136654436334e-12,0.007632215202771242,16,converged,gap_residual_and_feasibility
987,0.7089951788962969,sMEL-ADMM,1.0,0.01,1.2071239999999999,36486.63508808864,36479.11128148836,0.02062497230873192,2.0028423364237824e-13,0.008890293952763528,30,converged,gap_residual_and_feasibility
988,0.3158800944550596,IPOPT,1.0,1.0e-10,13.250112533569336,36479.11128157175,36479.111281488345,2.2863578415548976e-10,1.509903313490213e-14,NaN,34,INTERRUPTED,gap_and_residual
988,0.3158800944550596,MadNLP,1.0,0.01,19.888877868652344,36479.11128148834,36479.111281488345,1.9945545158814427e-14,1.4210854715202004e-14,NaN,35,LOCALLY_SOLVED,residual_tolerance_upper_bound
988,0.3158800944550596,ADMM,1.0,0.01,72.0987319946289,36553.75104847028,36479.111281488345,0.2046096090608737,3.5438318946034997e-13,1.128475562550629,6,converged,gap_callback_with_solver_termination
988,0.3158800944550596,MEL-ADMM,1.0,0.01,14.103174209594727,36486.10284759454,36479.111281488345,0.019165944181717978,2.0063395389513516e-12,0.007459538668015853,16,converged,gap_residual_and_feasibility
988,0.3158800944550596,sMEL-ADMM,1.0,0.01,1.718788,36484.88594422601,36479.111281488345,0.015830053240886547,1.999511667349907e-13,0.008904939847594662,38,converged,gap_residual_and_feasibility
989,0.6014127362609514,IPOPT,1.0,1.0e-10,14.782905578613281,36479.111281571924,36479.11128148832,2.291743138747779e-10,1.3322676295501878e-14,NaN,33,INTERRUPTED,gap_and_residual
989,0.6014127362609514,MadNLP,1.0,0.01,20.117998123168945,36479.11128148833,36479.11128148832,1.9945545158814437e-14,1.4210854715202004e-14,NaN,34,LOCALLY_SOLVED,residual_tolerance_upper_bound
989,0.6014127362609514,ADMM,1.0,0.01,73.0130672454834,36599.28276365236,36479.11128148832,0.32942546554037505,3.7125857943465235e-13,1.16010158822714,6,converged,gap_callback_with_solver_termination
989,0.6014127362609514,MEL-ADMM,1.0,0.01,15.57302474975586,36486.00958158353,36479.11128148832,0.018910274545825514,4.4986236957811343e-13,0.009391042366726943,18,converged,gap_residual_and_feasibility
989,0.6014127362609514,sMEL-ADMM,1.0,0.01,1.355544,36486.74791634037,36479.11128148832,0.02093426781458148,2.000621890374532e-13,0.009830847455246428,29,converged,gap_residual_and_feasibility
990,0.5584834406315371,IPOPT,1.0,1.0e-10,12.849092483520508,36479.11128157213,36479.11128148835,2.2965300695858926e-10,1.2434497875801753e-14,NaN,33,INTERRUPTED,gap_and_residual
990,0.5584834406315371,MadNLP,1.0,0.01,19.7751522064209,36479.11128148832,36479.11128148835,7.978218063525768e-14,1.3322676295501878e-14,NaN,34,LOCALLY_SOLVED,residual_tolerance_upper_bound
990,0.5584834406315371,ADMM,1.0,0.01,69.92864608764648,36588.97205167398,36479.11128148835,0.3011607638626346,3.5349501104064984e-13,1.1342369932171126,6,converged,gap_callback_with_solver_termination
990,0.5584834406315371,MEL-ADMM,1.0,0.01,15.446186065673828,36486.177190863214,36479.11128148835,0.01936974100146859,2.128297538206425e-12,0.009379143638803988,18,converged,gap_residual_and_feasibility
990,0.5584834406315371,sMEL-ADMM,1.0,0.01,1.2016660000000001,36486.67432041322,36479.11128148835,0.02073251967820544,2.000621890374532e-13,0.009009114579816568,29,converged,gap_residual_and_feasibility
991,0.6626264699469292,IPOPT,1.0,1.0e-10,13.704061508178711,36479.11134600543,36479.11128148833,1.768604000470685e-7,1.3322676295501878e-14,NaN,33,INTERRUPTED,gap_and_residual
991,0.6626264699469292,MadNLP,1.0,0.01,19.569873809814453,36479.11128148834,36479.11128148833,1.9945545158814434e-14,1.4210854715202004e-14,NaN,35,LOCALLY_SOLVED,residual_tolerance_upper_bound
991,0.6626264699469292,ADMM,1.0,0.01,74.32889938354492,36558.33915460392,36479.11128148833,0.21718696079033661,4.922728891187944e-13,1.1263543153153917,6,converged,gap_callback_with_solver_termination
991,0.6626264699469292,MEL-ADMM,1.0,0.01,13.395071029663086,36486.1239875379,36479.11128148833,0.019223894999687418,2.5318636076576695e-12,0.006462579964141568,16,converged,gap_residual_and_feasibility
991,0.6626264699469292,sMEL-ADMM,1.0,0.01,1.0552510000000002,36486.529235447175,36479.11128148833,0.020334799007585252,1.9984014443252818e-13,0.009981097555760599,30,converged,gap_residual_and_feasibility
992,0.3125275493745688,IPOPT,1.0,1.0e-10,12.638092041015625,36479.11128157171,36479.11128148833,2.2857594752001342e-10,1.0658141036401503e-14,NaN,34,INTERRUPTED,gap_and_residual
992,0.3125275493745688,MadNLP,1.0,0.01,20.964860916137695,36479.11128148834,36479.11128148833,1.9945545158814434e-14,1.3322676295501878e-14,NaN,35,LOCALLY_SOLVED,residual_tolerance_upper_bound
992,0.3125275493745688,ADMM,1.0,0.01,76.6456127166748,36551.5552579277,36479.11128148833,0.19859029974814835,2.795930154064763e-12,1.117140025069581,6,converged,gap_callback_with_solver_termination
992,0.3125275493745688,MEL-ADMM,1.0,0.01,13.375282287597656,36486.13195483287,36479.11128148833,0.019245735704367904,5.102029909664907e-13,0.006910873631968073,16,converged,gap_residual_and_feasibility
992,0.3125275493745688,sMEL-ADMM,1.0,0.01,1.4337469999999999,36484.82732183387,36479.11128148833,0.01566935197909413,1.9989565558375944e-13,0.009449057044314202,38,converged,gap_residual_and_feasibility
993,0.3053777267085338,IPOPT,1.0,1.0e-10,13.643026351928711,36479.11128157168,36479.111281488345,2.2843632870390164e-10,1.1546319456101628e-14,NaN,34,INTERRUPTED,gap_and_residual
993,0.3053777267085338,MadNLP,1.0,0.01,19.564151763916016,36479.11128148835,36479.111281488345,1.9945545158814427e-14,1.0658141036401503e-14,NaN,35,LOCALLY_SOLVED,residual_tolerance_upper_bound
993,0.3053777267085338,ADMM,1.0,0.01,74.85175132751465,36551.52005182294,36479.111281488345,0.19849378943433443,3.2058244947563708e-12,1.1135984464665567,6,converged,gap_callback_with_solver_termination
993,0.3053777267085338,MEL-ADMM,1.0,0.01,13.343095779418945,36486.18061381119,36479.111281488345,0.019379124311165195,4.284350652028479e-13,0.00610680502460248,16,converged,gap_residual_and_feasibility
993,0.3053777267085338,sMEL-ADMM,1.0,0.01,1.4937500000000001,36484.915071076415,36479.111281488345,0.01590989852599551,2.0039525594484076e-13,0.005362464244155873,39,converged,gap_residual_and_feasibility
994,0.2722948924383902,IPOPT,1.0,1.0e-10,13.914823532104492,36479.111281571495,36479.11128148833,2.27977581165249e-10,1.3322676295501878e-14,NaN,34,INTERRUPTED,gap_and_residual
994,0.2722948924383902,MadNLP,1.0,0.01,20.15399932861328,36479.11128148831,36479.11128148833,5.98366354764433e-14,1.2434497875801753e-14,NaN,35,LOCALLY_SOLVED,residual_tolerance_upper_bound
994,0.2722948924383902,ADMM,1.0,0.01,78.12929153442383,36591.024960079754,36479.11128148833,0.30678839110922923,1.079303313389346e-12,1.3666022660882224,6,converged,gap_callback_with_solver_termination
994,0.2722948924383902,MEL-ADMM,1.0,0.01,13.170003890991211,36486.435211680284,36479.11128148833,0.020077052139341908,5.157541060896165e-13,0.005407517789374872,16,converged,gap_residual_and_feasibility
994,0.2722948924383902,sMEL-ADMM,1.0,0.01,1.6360439999999998,36484.993982145,36479.11128148833,0.016126217032203006,1.9989565558375944e-13,0.007096328500905358,39,converged,gap_residual_and_feasibility
995,0.6392393060452219,IPOPT,1.0,1.0e-10,14.191865921020508,36479.11128148836,36479.11128148836,0.0,1.5987211554602254e-14,NaN,34,INTERRUPTED,gap_and_residual
995,0.6392393060452219,MadNLP,1.0,0.01,19.960880279541016,36479.11128148833,36479.11128148836,7.978218063525767e-14,1.0658141036401503e-14,NaN,35,LOCALLY_SOLVED,residual_tolerance_upper_bound
995,0.6392393060452219,ADMM,1.0,0.01,76.24959945678711,36567.17634686206,36479.11128148836,0.24141231044296943,3.0464519795714295e-13,1.1541088650134679,6,converged,gap_callback_with_solver_termination
995,0.6392393060452219,MEL-ADMM,1.0,0.01,13.443708419799805,36485.963329987935,36479.11128148836,0.01878348528477531,2.5146551507759796e-12,0.009889981159565409,16,converged,gap_residual_and_feasibility
995,0.6392393060452219,sMEL-ADMM,1.0,0.01,1.4045450000000002,36486.11384480475,36479.11128148836,0.01919609077741727,1.9939605522267811e-13,0.008453530464826997,32,converged,gap_residual_and_feasibility
996,0.4118128035667213,IPOPT,1.0,1.0e-10,12.981176376342773,36479.11128157201,36479.11128148835,2.2933387823604822e-10,1.509903313490213e-14,NaN,33,INTERRUPTED,gap_and_residual
996,0.4118128035667213,MadNLP,1.0,0.01,20.392179489135742,36479.11128148835,36479.11128148835,0.0,1.687538997430238e-14,NaN,34,LOCALLY_SOLVED,residual_tolerance_upper_bound
996,0.4118128035667213,ADMM,1.0,0.01,71.32816314697266,36588.97205696497,36479.11128148835,0.30116077836679567,3.774758283725532e-13,1.134236999189711,6,converged,gap_callback_with_solver_termination
996,0.4118128035667213,MEL-ADMM,1.0,0.01,15.0146484375,36486.17719079907,36479.11128148835,0.019369740825628663,4.52138326778595e-13,0.009379143668185819,18,converged,gap_residual_and_feasibility
996,0.4118128035667213,sMEL-ADMM,1.0,0.01,1.374955,36485.630913937784,36479.11128148835,0.01787223487744411,1.9989565558375944e-13,0.007849016919461604,35,converged,gap_residual_and_feasibility
997,0.35221804195385803,IPOPT,1.0,1.0e-10,13.365030288696289,36479.11134600673,36479.11128148832,1.7686397029965195e-7,1.0658141036401503e-14,NaN,33,INTERRUPTED,gap_and_residual
997,0.35221804195385803,MadNLP,1.0,0.01,19.61207389831543,36479.11128148834,36479.11128148832,3.9891090317628874e-14,1.4210854715202004e-14,NaN,35,LOCALLY_SOLVED,residual_tolerance_upper_bound
997,0.35221804195385803,ADMM,1.0,0.01,71.25568389892578,36582.517468113285,36479.11128148832,0.28346684716915166,3.561595462997502e-13,1.178391473798623,6,converged,gap_callback_with_solver_termination
997,0.35221804195385803,MEL-ADMM,1.0,0.01,15.44499397277832,36485.92132937926,36479.11128148832,0.018668349232498615,4.562572541999543e-12,0.009536549804041172,18,converged,gap_residual_and_feasibility
997,0.35221804195385803,sMEL-ADMM,1.0,0.01,1.3575,36485.302616368615,36479.11128148832,0.016972274440889917,2.0061730054976579e-13,0.009648420697649485,35,converged,gap_residual_and_feasibility
998,0.580188481384609,IPOPT,1.0,1.0e-10,13.180971145629883,36479.11128157207,36479.11128148832,2.2957322477795418e-10,1.3322676295501878e-14,NaN,33,INTERRUPTED,gap_and_residual
998,0.580188481384609,MadNLP,1.0,0.01,19.945144653320312,36479.11128148836,36479.11128148832,9.972772579407219e-14,1.3322676295501878e-14,NaN,34,LOCALLY_SOLVED,residual_tolerance_upper_bound
998,0.580188481384609,ADMM,1.0,0.01,71.97999954223633,36590.34267229314,36479.11128148832,0.3049180391115004,1.0703660180411134e-12,1.124181761586681,6,converged,gap_callback_with_solver_termination
998,0.580188481384609,MEL-ADMM,1.0,0.01,15.26951789855957,36486.16008808253,36479.11128148832,0.019322857236879813,3.5026426203899064e-12,0.009384827845567933,18,converged,gap_residual_and_feasibility
998,0.580188481384609,sMEL-ADMM,1.0,0.01,1.210499,36486.71101265674,36479.11128148832,0.020833103936595116,1.9972912213006566e-13,0.009428527975824608,29,converged,gap_residual_and_feasibility
999,0.47417181335465736,IPOPT,1.0,1.0e-10,12.941122055053711,36479.11128157212,36479.11128148835,2.2963306141343044e-10,1.5987211554602254e-14,NaN,33,INTERRUPTED,gap_and_residual
999,0.47417181335465736,MadNLP,1.0,0.01,19.572019577026367,36479.11128148832,36479.11128148835,7.978218063525768e-14,1.0658141036401503e-14,NaN,34,LOCALLY_SOLVED,residual_tolerance_upper_bound
999,0.47417181335465736,ADMM,1.0,0.01,69.98348236083984,36588.97204992663,36479.11128148835,0.3011607590726321,3.1246116805050406e-12,1.1342369883071912,6,converged,gap_callback_with_solver_termination
999,0.47417181335465736,MEL-ADMM,1.0,0.01,15.200614929199219,36486.17719086348,36479.11128148835,0.01936974100218663,1.276534433714005e-12,0.009379143101508447,18,converged,gap_residual_and_feasibility
999,0.47417181335465736,sMEL-ADMM,1.0,0.01,1.277917,36486.52204971932,36479.11128148835,0.02031510080874753,2.0050627824730327e-13,0.009652184206167647,29,converged,gap_residual_and_feasibility
1000,0.48467668361493044,IPOPT,1.0,1.0e-10,12.907981872558594,36479.11128157216,36479.11128148833,2.297926257747011e-10,9.769962616701378e-15,NaN,33,INTERRUPTED,gap_and_residual
1000,0.48467668361493044,MadNLP,1.0,0.01,19.294023513793945,36479.11128148833,36479.11128148833,0.0,1.509903313490213e-14,NaN,34,LOCALLY_SOLVED,residual_tolerance_upper_bound
1000,0.48467668361493044,ADMM,1.0,0.01,69.20075416564941,36588.97204754355,36479.11128148833,0.3011607525399676,2.2097879082139116e-12,1.1342369856527057,6,converged,gap_callback_with_solver_termination
1000,0.48467668361493044,MEL-ADMM,1.0,0.01,15.316963195800781,36486.17719088644,36479.11128148833,0.01936974106519462,2.045585922871851e-12,0.009379143212124852,18,converged,gap_residual_and_feasibility
1000,0.48467668361493044,sMEL-ADMM,1.0,0.01,1.2137120000000001,36486.55603074165,36479.11128148833,0.020408252810423307,2.000621890374532e-13,0.00903613851958518,29,converged,gap_residual_and_feasibility
