sample,x0,solver,target_gap_pct,residual_tol,solve_time_ms,objective,reference_objective,opt_gap_pct,feasibility_residual,stopping_residual,iterations,status,stopping_mode
1,0.2757921849194162,IPOPT,0.01,1.0e-10,65.04607200622559,4.086629705745066,4.086629705745066,0.0,9.995269056872758e-9,NaN,55,INTERRUPTED,gap_and_residual
1,0.2757921849194162,MadNLP,0.01,0.01,31.69393539428711,4.086755424746293,4.086629705745066,0.0030763492236748373,1.0848960618758952e-14,NaN,40,INTERRUPTED,gap_and_residual
1,0.2757921849194162,ADMM,0.01,0.0001,356.3356399536133,4.087033356386483,4.086629705745066,0.009877348095649944,3.95516952522712e-16,0.025384728172389025,26,converged,gap_callback_with_solver_termination
1,0.2757921849194162,MEL-ADMM,0.01,0.01,56.80203437805176,4.08701350050656,4.086629705745066,0.009391473882614016,3.712308238590367e-16,0.0012319172316723505,30,converged,gap_residual_and_feasibility
1,0.2757921849194162,sMEL-ADMM,0.01,0.01,7.613957999999999,4.086979727574052,4.086629705745066,0.008565048810116925,2.853273173286652e-14,6.952781632836233e-5,93,converged,gap_residual_and_feasibility
2,0.461889806461838,IPOPT,0.01,1.0e-10,27.034997940063477,3.7290951418180343,3.7290951418180343,0.0,9.995267613582826e-9,NaN,31,INTERRUPTED,gap_and_residual
2,0.461889806461838,MadNLP,0.01,0.01,16.03412628173828,3.72916459177897,3.7290951418180343,0.0018623810413719401,9.13852327144582e-15,NaN,20,INTERRUPTED,gap_and_residual
2,0.461889806461838,ADMM,0.01,0.0001,436.9540214538574,3.7294667512541073,3.7290951418180343,0.009965136901599456,2.167432899824462e-12,4.5722833125937806e-5,32,converged,gap_callback_with_solver_termination
2,0.461889806461838,MEL-ADMM,0.01,0.01,58.24589729309082,3.729467633811438,3.7290951418180343,0.009988803697355764,3.95516952522712e-16,0.00028019971965307505,31,converged,gap_residual_and_feasibility
2,0.461889806461838,sMEL-ADMM,0.01,0.01,6.668499,3.729428816047884,3.7290951418180343,0.008947860463730892,2.964295475749168e-14,6.891249569526171e-5,93,converged,gap_residual_and_feasibility
3,0.4357974476962958,IPOPT,0.01,1.0e-10,27.11200714111328,3.779224316150031,3.779224316150031,0.0,9.995268002160884e-9,NaN,32,INTERRUPTED,gap_and_residual
3,0.4357974476962958,MadNLP,0.01,0.01,15.38395881652832,3.779295162968575,3.779224316150031,0.001874639148594363,9.194034422677078e-16,NaN,21,INTERRUPTED,gap_and_residual
3,0.4357974476962958,ADMM,0.01,0.0001,416.4237976074219,3.7795989379364667,3.779224316150031,0.009912663422349633,4.198030811863873e-16,0.0002809348131203905,31,converged,gap_callback_with_solver_termination
3,0.4357974476962958,MEL-ADMM,0.01,0.01,59.73696708679199,3.7796016975713145,3.779224316150031,0.009985684619740745,3.047001539968619e-11,0.00018371037184463854,31,converged,gap_residual_and_feasibility
3,0.4357974476962958,sMEL-ADMM,0.01,0.01,6.8181639999999994,3.7795596688956534,3.779224316150031,0.008873586682567493,2.864375403532904e-14,6.896197058697817e-5,93,converged,gap_residual_and_feasibility
4,0.38537641182373616,IPOPT,0.01,1.0e-10,24.207115173339844,3.8760942434711656,3.8760942434711656,0.0,9.995268390738943e-9,NaN,29,INTERRUPTED,gap_and_residual
4,0.38537641182373616,MadNLP,0.01,0.01,15.192985534667969,3.876215905071595,3.8760942434711656,0.003138767862378863,7.94850296692573e-15,NaN,22,INTERRUPTED,gap_and_residual
4,0.38537641182373616,ADMM,0.01,0.0001,404.94728088378906,3.8764788122964395,3.8760942434711656,0.009921555078845058,5.897782262564988e-12,0.0024295999226450517,30,converged,gap_callback_with_solver_termination
4,0.38537641182373616,MEL-ADMM,0.01,0.01,54.544925689697266,3.8764774771549293,3.8760942434711656,0.009887109540982089,3.400058012914542e-16,0.0013124143052938957,30,converged,gap_residual_and_feasibility
4,0.38537641182373616,sMEL-ADMM,0.01,0.01,6.703749999999999,3.8764329229479784,3.8760942434711656,0.008737648146281038,2.8754776337791554e-14,6.915525070785248e-5,93,converged,gap_residual_and_feasibility
5,0.25796867475512036,IPOPT,0.01,1.0e-10,29.58512306213379,4.120872598703327,4.120872598703327,0.0,9.995268057672035e-9,NaN,34,INTERRUPTED,gap_and_residual
5,0.25796867475512036,MadNLP,0.01,0.01,15.903949737548828,4.121026742437739,4.120872598703327,0.003740560541974545,9.020562075079397e-15,NaN,23,INTERRUPTED,gap_and_residual
5,0.25796867475512036,ADMM,0.01,0.0001,355.1445007324219,4.121276251573449,4.120872598703327,0.009795325151496042,2.871314297436811e-13,0.025384725301456385,26,converged,gap_callback_with_solver_termination
5,0.25796867475512036,MEL-ADMM,0.01,0.01,54.689645767211914,4.121256584549222,4.120872598703327,0.009318071274898566,3.7816971776294395e-16,0.0012319167794529323,30,converged,gap_residual_and_feasibility
5,0.25796867475512036,sMEL-ADMM,0.01,0.01,6.854382,4.121223843194176,4.120872598703327,0.008523546468280394,3.0309088572266774e-14,6.95574630811711e-5,93,converged,gap_residual_and_feasibility
6,0.7208970006295407,IPOPT,0.01,1.0e-10,40.75002670288086,3.231485212936395,3.231485212936395,0.0,9.995268446250094e-9,NaN,46,INTERRUPTED,gap_and_residual
6,0.7208970006295407,MadNLP,0.01,0.01,28.760910034179688,3.2315923562276154,3.231485212936395,0.0033156051833876303,2.7755575615628914e-17,NaN,36,INTERRUPTED,gap_and_residual
6,0.7208970006295407,ADMM,0.01,0.0001,546.3953018188477,3.2318022120556558,3.231485212936395,0.009809703537922484,8.442690990762003e-12,0.014248596679250478,42,converged,gap_callback_with_solver_termination
6,0.7208970006295407,MEL-ADMM,0.01,0.01,82.50975608825684,3.2317884495347147,3.231485212936395,0.009383815129521241,3.8163916471489756e-16,0.007875721602578455,45,converged,gap_residual_and_feasibility
6,0.7208970006295407,sMEL-ADMM,0.01,0.01,7.057374,3.2317222647135724,3.231485212936395,0.007335691224224179,2.919886554764162e-14,9.42461115751251e-5,93,converged,gap_residual_and_feasibility
7,0.6358466462547939,IPOPT,0.01,1.0e-10,43.40505599975586,3.3948856965707384,3.3948856965707384,0.0,9.99526827971664e-9,NaN,47,INTERRUPTED,gap_and_residual
7,0.6358466462547939,MadNLP,0.01,0.01,21.293163299560547,3.3949967675826156,3.3948856965707384,0.003271715804435927,3.469446951953614e-17,NaN,27,INTERRUPTED,gap_and_residual
7,0.6358466462547939,ADMM,0.01,0.0001,460.6971740722656,3.3951969202383903,3.3948856965707384,0.009167426990731394,1.7020274079015962e-12,0.016902692374080718,35,converged,gap_callback_with_solver_termination
7,0.6358466462547939,MEL-ADMM,0.01,0.01,71.62952423095703,3.395211495520708,3.3948856965707384,0.009596757566787083,3.5171518475429764e-16,0.005145840620366604,38,converged,gap_residual_and_feasibility
7,0.6358466462547939,sMEL-ADMM,0.01,0.01,6.954419,3.3951500238808334,3.3948856965707384,0.007786044471602482,2.942091015256665e-14,6.223019191583471e-5,93,converged,gap_residual_and_feasibility
8,0.6985131866188585,IPOPT,0.01,1.0e-10,26.84187889099121,3.2744894550917065,3.2744894550917065,0.0,9.995268501761245e-9,NaN,32,INTERRUPTED,gap_and_residual
8,0.6985131866188585,MadNLP,0.01,0.01,14.612913131713867,3.274565545758039,3.2744894550917065,0.0023237413763635964,7.494005416219807e-16,NaN,21,INTERRUPTED,gap_and_residual
8,0.6985131866188585,ADMM,0.01,0.0001,519.1152095794678,3.2747895025984,3.2744894550917065,0.009163184392818016,1.6573908911965418e-11,0.0144010797189317,40,converged,gap_callback_with_solver_termination
8,0.6985131866188585,MEL-ADMM,0.01,0.01,77.84843444824219,3.2747935352054434,3.2744894550917065,0.009286336630707564,3.677613769070831e-16,0.006301234040544568,43,converged,gap_residual_and_feasibility
8,0.6985131866188585,sMEL-ADMM,0.01,0.01,6.805083,3.2747298011636716,3.2744894550917065,0.007339955594951571,2.864375403532904e-14,7.046595690832734e-5,93,converged,gap_residual_and_feasibility
9,0.46885009045376125,IPOPT,0.01,1.0e-10,26.43895149230957,3.7157229015860707,3.7157229015860707,0.0,9.995267724605128e-9,NaN,32,INTERRUPTED,gap_and_residual
9,0.46885009045376125,MadNLP,0.01,0.01,14.224052429199219,3.71579209492209,3.7157229015860707,0.0018621769666940853,8.615504143438812e-15,NaN,20,INTERRUPTED,gap_and_residual
9,0.46885009045376125,ADMM,0.01,0.0001,401.9920825958252,3.716094364810092,3.7157229015860707,0.009997064739749614,3.8510861166685117e-16,0.00042017413795353634,31,converged,gap_callback_with_solver_termination
9,0.46885009045376125,MEL-ADMM,0.01,0.01,56.185007095336914,3.716093630716107,3.7157229015860707,0.009977308315383368,3.191891195797325e-16,0.0003539337374184326,31,converged,gap_residual_and_feasibility
9,0.46885009045376125,sMEL-ADMM,0.01,0.01,6.764583999999999,3.71605594564559,3.7157229015860707,0.008963102694696202,2.8754776337791554e-14,6.890771207346269e-5,93,converged,gap_residual_and_feasibility
10,0.40015212307604836,IPOPT,0.01,1.0e-10,25.263071060180664,3.8477068442367033,3.8477068442367033,0.0,9.99526778011628e-9,NaN,30,INTERRUPTED,gap_and_residual
10,0.40015212307604836,MadNLP,0.01,0.01,15.434980392456055,3.8477801423599347,3.8477068442367033,0.0019049820113300536,1.1136924715771102e-15,NaN,22,INTERRUPTED,gap_and_residual
10,0.40015212307604836,ADMM,0.01,0.0001,394.9427604675293,3.8480915191865637,3.8477068442367033,0.009997511905995972,7.633227383507801e-12,0.002447730028534642,30,converged,gap_callback_with_solver_termination
10,0.40015212307604836,MEL-ADMM,0.01,0.01,54.71062660217285,3.8480900373877565,3.8477068442367033,0.00995900068704924,4.3021142204224816e-16,0.0013240449836115602,30,converged,gap_residual_and_feasibility
10,0.40015212307604836,sMEL-ADMM,0.01,0.01,6.747085,3.8480443403665157,3.8477068442367033,0.008771357680689608,3.008704396734174e-14,6.90903749234412e-5,93,converged,gap_residual_and_feasibility
11,0.7193853112471236,IPOPT,0.01,1.0e-10,39.579153060913086,3.234389501554684,3.234389501554684,0.0,9.99526783562743e-9,NaN,44,INTERRUPTED,gap_and_residual
11,0.7193853112471236,MadNLP,0.01,0.01,27.25696563720703,3.2344678298196383,3.234389501554684,0.002421732599505418,9.43689570931383e-16,NaN,36,INTERRUPTED,gap_and_residual
11,0.7193853112471236,ADMM,0.01,0.0001,538.9931201934814,3.234695889484994,3.234389501554684,0.009472821073730306,1.3721912495157085e-11,0.014248382425629764,42,converged,gap_callback_with_solver_termination
11,0.7193853112471236,MEL-ADMM,0.01,0.01,81.76183700561523,3.2346875350601176,3.234389501554684,0.00921452117285786,3.7470027081099033e-16,0.006976886777296508,45,converged,gap_residual_and_feasibility
11,0.7193853112471236,sMEL-ADMM,0.01,0.01,6.829545,3.234626686072776,3.234389501554684,0.007333208260097596,2.9976021664879227e-14,9.282460831027111e-5,93,converged,gap_residual_and_feasibility
12,0.5267441347098047,IPOPT,0.01,1.0e-10,26.545047760009766,3.604495677425393,3.604495677425393,0.0,9.995267669093977e-9,NaN,33,INTERRUPTED,gap_and_residual
12,0.5267441347098047,MadNLP,0.01,0.01,14.926910400390625,3.6045632735566726,3.604495677425393,0.0018753284045487527,7.924216838262055e-15,NaN,22,INTERRUPTED,gap_and_residual
12,0.5267441347098047,ADMM,0.01,0.0001,411.7121696472168,3.604852392521749,3.604495677425393,0.0098963940667207,3.95516952522712e-16,0.0009501564696648805,32,converged,gap_callback_with_solver_termination
12,0.5267441347098047,MEL-ADMM,0.01,0.01,58.06398391723633,3.604854631994281,3.604495677425393,0.009958524049172546,3.400058012914542e-16,0.0029741853297165395,32,converged,gap_residual_and_feasibility
12,0.5267441347098047,sMEL-ADMM,0.01,0.01,6.639494999999999,3.604819047418422,3.604495677425393,0.008971296457759391,2.9753977059954195e-14,6.90853412996786e-5,93,converged,gap_residual_and_feasibility
13,0.2569077543027698,IPOPT,0.01,1.0e-10,40.29393196105957,4.122910860816239,4.122910860816239,0.0,9.995268390738943e-9,NaN,49,INTERRUPTED,gap_and_residual
13,0.2569077543027698,MadNLP,0.01,0.01,16.45493507385254,4.123065918778152,4.122910860816239,0.0037608856254111294,9.232198339148567e-15,NaN,23,INTERRUPTED,gap_and_residual
13,0.2569077543027698,ADMM,0.01,0.0001,356.1697006225586,4.1233145137061795,4.122910860816239,0.009790483072942186,3.2612801348363973e-16,0.025384725302956733,26,converged,gap_callback_with_solver_termination
13,0.2569077543027698,MEL-ADMM,0.01,0.01,55.56654930114746,4.12329485782079,4.122910860816239,0.009313735307756319,3.469446951953614e-16,0.0012319167680977065,30,converged,gap_residual_and_feasibility
13,0.2569077543027698,sMEL-ADMM,0.01,0.01,6.669335,4.123262165072112,4.122910860816239,0.008520782227234541,2.9531932455029164e-14,6.95588792768093e-5,93,converged,gap_residual_and_feasibility
14,0.26346455923970324,IPOPT,0.01,1.0e-10,26.710987091064453,4.110313792812618,4.110313792812618,0.0,9.995268057672035e-9,NaN,31,INTERRUPTED,gap_and_residual
14,0.26346455923970324,MadNLP,0.01,0.01,17.210006713867188,4.1104630596935925,4.110313792812618,0.003631520329071203,8.250344851745695e-15,NaN,23,INTERRUPTED,gap_and_residual
14,0.26346455923970324,ADMM,0.01,0.0001,359.4474792480469,4.110717445668213,4.110313792812618,0.00982048758176773,3.191891195797325e-16,0.025384725306778436,26,converged,gap_callback_with_solver_termination
14,0.26346455923970324,MEL-ADMM,0.01,0.01,55.29022216796875,4.110697720453007,4.110313792812618,0.009340591977675578,3.3133218391157016e-16,0.0012319168766709715,30,converged,gap_residual_and_feasibility
14,0.26346455923970324,sMEL-ADMM,0.01,0.01,6.827339,4.110664697358564,4.110313792812618,0.00853717170108455,2.930988785010413e-14,6.95493505851845e-5,93,converged,gap_residual_and_feasibility
15,0.675422755642642,IPOPT,0.01,1.0e-10,27.611970901489258,3.318851264240847,3.318851264240847,0.0,9.99526827971664e-9,NaN,31,INTERRUPTED,gap_and_residual
15,0.675422755642642,MadNLP,0.01,0.01,16.902923583984375,3.318924591649587,3.318851264240847,0.0022094213600404333,9.91567938868343e-15,NaN,23,INTERRUPTED,gap_and_residual
15,0.675422755642642,ADMM,0.01,0.0001,508.0268383026123,3.319152259120614,3.318851264240847,0.00906924883950929,4.648281759500605e-12,0.01523064564465633,38,converged,gap_callback_with_solver_termination
15,0.675422755642642,MEL-ADMM,0.01,0.01,78.72748374938965,3.3191631665807204,3.318851264240847,0.009397900509554235,3.7470027081099033e-16,0.005791523047418168,41,converged,gap_residual_and_feasibility
15,0.675422755642642,sMEL-ADMM,0.01,0.01,7.205834,3.3190979076756566,3.318851264240847,0.007431590486355848,2.919886554764162e-14,6.126479929476937e-5,93,converged,gap_residual_and_feasibility
16,0.4329462404269192,IPOPT,0.01,1.0e-10,25.94900131225586,3.784702113981473,3.784702113981473,0.0,9.99526916789506e-9,NaN,32,INTERRUPTED,gap_and_residual
16,0.4329462404269192,MadNLP,0.01,0.01,14.417886734008789,3.7847731654972114,3.784702113981473,0.0018773344268236357,7.115835698456863e-15,NaN,21,INTERRUPTED,gap_and_residual
16,0.4329462404269192,ADMM,0.01,0.0001,395.5216407775879,3.785076772283851,3.784702113981473,0.009899281134813647,3.2959746043559335e-16,0.000280496598598072,31,converged,gap_callback_with_solver_termination
16,0.4329462404269192,MEL-ADMM,0.01,0.01,56.16283416748047,3.7850795073421764,3.784702113981473,0.009971547280015673,2.8013702468854262e-12,0.00018337347173329535,31,converged,gap_residual_and_feasibility
16,0.4329462404269192,sMEL-ADMM,0.01,0.01,7.044169999999999,3.7850375993710963,3.784702113981473,0.008864248216101484,2.986499936241671e-14,6.896982062017977e-5,93,converged,gap_residual_and_feasibility
17,0.2779516321195472,IPOPT,0.01,1.0e-10,40.39192199707031,4.08248093153391,4.08248093153391,0.0,9.995268612783548e-9,NaN,45,INTERRUPTED,gap_and_residual
17,0.2779516321195472,MadNLP,0.01,0.01,27.77099609375,4.082620607742192,4.08248093153391,0.0034213560485551677,8.071668333720083e-15,NaN,38,INTERRUPTED,gap_and_residual
17,0.2779516321195472,ADMM,0.01,0.0001,337.1577262878418,4.082884582180962,4.08248093153391,0.009887385974893057,4.2327252813834093e-16,0.025384728137596874,26,converged,gap_callback_with_solver_termination
17,0.2779516321195472,MEL-ADMM,0.01,0.01,57.032108306884766,4.082864702667314,4.08248093153391,0.009400439091831657,3.5388358909926865e-16,0.0012319168557476182,30,converged,gap_residual_and_feasibility
17,0.2779516321195472,sMEL-ADMM,0.01,0.01,6.513832,4.082830782016076,4.08248093153391,0.008569555817495356,2.930988785010413e-14,6.95236062895465e-5,93,converged,gap_residual_and_feasibility
18,0.35417114365979185,IPOPT,0.01,1.0e-10,29.551029205322266,3.9360464441105556,3.9360464441105556,0.0,9.995268224205489e-9,NaN,37,INTERRUPTED,gap_and_residual
18,0.35417114365979185,MadNLP,0.01,0.01,18.836021423339844,3.936169569629038,3.9360464441105556,0.0031281520741916723,7.098488463697095e-15,NaN,29,INTERRUPTED,gap_and_residual
18,0.35417114365979185,ADMM,0.01,0.0001,394.0262794494629,3.93643089079286,3.9360464441105556,0.009767330943964328,9.179046411844638e-12,0.0023911863840808123,30,converged,gap_callback_with_solver_termination
18,0.35417114365979185,MEL-ADMM,0.01,0.01,56.05316162109375,3.9364298029914835,3.9360464441105556,0.009739694039980153,3.2612801348363973e-16,0.001287814670863252,30,converged,gap_residual_and_feasibility
18,0.35417114365979185,sMEL-ADMM,0.01,0.01,6.616338,3.936387858865042,3.9360464441105556,0.008674052995419075,2.8754776337791554e-14,6.928153059598905e-5,93,converged,gap_residual_and_feasibility
19,0.591016545349401,IPOPT,0.01,1.0e-10,33.386945724487305,3.4810142050663178,3.4810142050663178,0.0,9.995267946649733e-9,NaN,36,INTERRUPTED,gap_and_residual
19,0.591016545349401,MadNLP,0.01,0.01,21.70419692993164,3.4811270010235806,3.4810142050663178,0.0032403187869418657,8.913009219568835e-15,NaN,26,INTERRUPTED,gap_and_residual
19,0.591016545349401,ADMM,0.01,0.0001,415.9824848175049,3.4813466023712984,3.4810142050663178,0.009548863790814639,8.237854842718662e-14,0.01934610934129587,32,converged,gap_callback_with_solver_termination
19,0.591016545349401,MEL-ADMM,0.01,0.01,67.07119941711426,3.48134148069528,3.4810142050663178,0.009401732072393306,3.2612801348363973e-16,0.001352531045379201,36,converged,gap_residual_and_feasibility
19,0.591016545349401,sMEL-ADMM,0.01,0.01,6.846172999999999,3.4813069847587643,3.4810142050663178,0.008410758336477041,3.0309088572266774e-14,6.715008262981811e-5,93,converged,gap_residual_and_feasibility
20,0.5330147075864293,IPOPT,0.01,1.0e-10,28.789997100830078,3.5924485243213624,3.5924485243213624,0.0,9.995268002160884e-9,NaN,33,INTERRUPTED,gap_and_residual
20,0.5330147075864293,MadNLP,0.01,0.01,15.897035598754883,3.5925633768111225,3.5924485243213624,0.003197053179259148,2.0816681711721685e-17,NaN,22,INTERRUPTED,gap_and_residual
20,0.5330147075864293,ADMM,0.01,0.0001,424.9277114868164,3.592796244483908,3.5924485243213624,0.009679196798272331,3.677613769070831e-16,0.0012751616404201443,33,converged,gap_callback_with_solver_termination
20,0.5330147075864293,MEL-ADMM,0.01,0.01,60.926198959350586,3.5927971474199083,3.5924485243213624,0.00970433107630243,1.3500311979441904e-13,0.0009470635893969563,33,converged,gap_residual_and_feasibility
20,0.5330147075864293,sMEL-ADMM,0.01,0.01,6.920619,3.5927702239026202,3.5924485243213624,0.008954883530825247,2.9531932455029164e-14,6.908859162770876e-5,93,converged,gap_residual_and_feasibility
21,0.4724846693080612,IPOPT,0.01,1.0e-10,26.664018630981445,3.708740074213206,3.708740074213206,0.0,9.995268057672035e-9,NaN,32,INTERRUPTED,gap_and_residual
21,0.4724846693080612,MadNLP,0.01,0.01,15.374183654785156,3.7088091380079944,3.708740074213206,0.0018621902157187223,7.33441085642994e-15,NaN,20,INTERRUPTED,gap_and_residual
21,0.4724846693080612,ADMM,0.01,0.0001,401.2410640716553,3.7091108932772645,3.708740074213206,0.009998518543719357,2.355932116060444e-11,0.0002769139195564693,31,converged,gap_callback_with_solver_termination
21,0.4724846693080612,MEL-ADMM,0.01,0.01,56.548118591308594,3.709109920972001,3.708740074213206,0.009972301951454668,3.122502256758253e-16,0.000399236514260725,31,converged,gap_residual_and_feasibility
21,0.4724846693080612,sMEL-ADMM,0.01,0.01,6.682166,3.7090727641626615,3.708740074213206,0.008970430464209483,2.8976820942716586e-14,6.890737586792098e-5,93,converged,gap_residual_and_feasibility
22,0.34714340215163997,IPOPT,0.01,1.0e-10,26.973962783813477,3.9495482851049943,3.9495482851049943,0.0,9.995268224205489e-9,NaN,33,INTERRUPTED,gap_and_residual
22,0.34714340215163997,MadNLP,0.01,0.01,16.022920608520508,3.9496719861897316,3.9495482851049943,0.0031320312047776466,6.786238238021269e-15,NaN,22,INTERRUPTED,gap_and_residual
22,0.34714340215163997,ADMM,0.01,0.0001,385.5743408203125,3.949932578536003,3.9495482851049943,0.00973006033267291,1.391281534424138e-11,0.002382449944998935,30,converged,gap_callback_with_solver_termination
22,0.34714340215163997,MEL-ADMM,0.01,0.01,55.4044246673584,3.9499316772505346,3.9495482851049943,0.009707240369390557,3.3523531173251797e-16,0.0012822703187749702,30,converged,gap_residual_and_feasibility
22,0.34714340215163997,sMEL-ADMM,0.01,0.01,6.455833,3.9498904762569813,3.9495482851049943,0.008664057944992904,2.9753977059954195e-14,6.930983359649829e-5,93,converged,gap_residual_and_feasibility
23,0.2702404435837083,IPOPT,0.01,1.0e-10,42.6638126373291,4.097295824962699,4.097295824962699,0.0,9.995268557272396e-9,NaN,49,INTERRUPTED,gap_and_residual
23,0.2702404435837083,MadNLP,0.01,0.01,29.159069061279297,4.097426937867162,4.097295824962699,0.003199986285208219,8.0629947163402e-15,NaN,39,INTERRUPTED,gap_and_residual
23,0.2702404435837083,ADMM,0.01,0.0001,345.18933296203613,4.0976994778380185,4.097295824962699,0.009851689811125377,3.469446951953614e-16,0.02538472528375127,26,converged,gap_callback_with_solver_termination
23,0.2702404435837083,MEL-ADMM,0.01,0.01,54.13174629211426,4.097679679952932,4.097295824962699,0.009368495872180024,3.3458479042902667e-16,0.001231917128122692,30,converged,gap_residual_and_feasibility
23,0.2702404435837083,sMEL-ADMM,0.01,0.01,6.922297,4.097646269469989,4.097295824962699,0.00855306822501414,2.8976820942716586e-14,6.953813928490832e-5,93,converged,gap_residual_and_feasibility
24,0.509143559208959,IPOPT,0.01,1.0e-10,26.607036590576172,3.6383102637398586,3.6383102637398586,0.0,9.995268168694338e-9,NaN,33,INTERRUPTED,gap_and_residual
24,0.509143559208959,MadNLP,0.01,0.01,15.230178833007812,3.638426031190955,3.6383102637398586,0.0031819015615655393,2.7755575615628914e-17,NaN,22,INTERRUPTED,gap_and_residual
24,0.509143559208959,ADMM,0.01,0.0001,411.74817085266113,3.6386674268912964,3.6383102637398586,0.00981673154698808,1.593669640698181e-12,0.0007732573396569513,32,converged,gap_callback_with_solver_termination
24,0.509143559208959,MEL-ADMM,0.01,0.01,57.86252021789551,3.6386678915088178,3.6383102637398586,0.009829501692678393,3.174543961037557e-16,0.0007256486440958762,32,converged,gap_residual_and_feasibility
24,0.509143559208959,sMEL-ADMM,0.01,0.01,7.0473360000000005,3.6386376165840044,3.6383102637398586,0.0089973867102081,3.0309088572266774e-14,6.901925742691661e-5,93,converged,gap_residual_and_feasibility
25,0.608597687821486,IPOPT,0.01,1.0e-10,32.08184242248535,3.4472369538849166,3.4472369538849166,0.0,9.995268612783548e-9,NaN,33,INTERRUPTED,gap_and_residual
25,0.608597687821486,MadNLP,0.01,0.01,20.460844039916992,3.4473491668587024,3.4472369538849166,0.00325515696446019,3.122502256758253e-17,NaN,25,INTERRUPTED,gap_and_residual
25,0.608597687821486,ADMM,0.01,0.0001,431.2629699707031,3.44756773884209,3.4472369538849166,0.00959565476926793,4.0419056990259605e-16,0.019242592019225253,33,converged,gap_callback_with_solver_termination
25,0.608597687821486,MEL-ADMM,0.01,0.01,68.59087944030762,3.4475580047540273,3.4472369538849166,0.009313281140970133,3.226585665316861e-16,0.0016454475115490474,37,converged,gap_residual_and_feasibility
25,0.608597687821486,sMEL-ADMM,0.01,0.01,7.104457,3.447518666518959,3.4472369538849166,0.008172128513682845,2.8976820942716586e-14,6.562584681412201e-5,93,converged,gap_residual_and_feasibility
26,0.5156405416126328,IPOPT,0.01,1.0e-10,26.858091354370117,3.625828128012989,3.625828128012989,0.0,9.995268057672035e-9,NaN,33,INTERRUPTED,gap_and_residual
26,0.5156405416126328,MadNLP,0.01,0.01,15.5181884765625,3.625943640909969,3.625828128012989,0.0031858348741805502,2.7755575615628914e-17,NaN,22,INTERRUPTED,gap_and_residual
26,0.5156405416126328,ADMM,0.01,0.0001,412.4307632446289,3.6261828484231495,3.625828128012989,0.009783155671942871,3.400058012914542e-16,0.0017471747194591908,32,converged,gap_callback_with_solver_termination
26,0.5156405416126328,MEL-ADMM,0.01,0.01,59.04269218444824,3.6261841276837266,3.625828128012989,0.009818437558779746,3.5388358909926865e-16,0.0012502067907680832,32,converged,gap_residual_and_feasibility
26,0.5156405416126328,sMEL-ADMM,0.01,0.01,6.688379,3.6261540607668064,3.625828128012989,0.008989194807643638,2.8976820942716586e-14,6.905150424321195e-5,93,converged,gap_residual_and_feasibility
27,0.7328939743119018,IPOPT,0.01,1.0e-10,29.477834701538086,3.2084363812618215,3.2084363812618215,0.0,9.995268557272396e-9,NaN,33,INTERRUPTED,gap_and_residual
27,0.7328939743119018,MadNLP,0.01,0.01,19.635915756225586,3.2085426892984787,3.2084363812618215,0.003313390824206498,2.7755575615628914e-17,NaN,25,INTERRUPTED,gap_and_residual
27,0.7328939743119018,ADMM,0.01,0.0001,566.3197040557861,3.208716927106934,3.2084363812618215,0.008744005234161606,3.849667251643041e-10,0.012750815814437714,44,converged,gap_callback_with_solver_termination
27,0.7328939743119018,MEL-ADMM,0.01,0.01,82.57603645324707,3.208744815480545,3.2084363812618215,0.009613225324490215,3.5735303605122226e-16,0.009684487746464264,46,converged,gap_residual_and_feasibility
27,0.7328939743119018,sMEL-ADMM,0.01,0.01,7.084123,3.208672925829143,3.2084363812618215,0.007372580884042805,2.90878432451791e-14,0.00010315483786971225,93,converged,gap_residual_and_feasibility
28,0.3874249457193082,IPOPT,0.01,1.0e-10,24.171829223632812,3.8721585581734606,3.8721585581734606,0.0,9.99526739153822e-9,NaN,29,INTERRUPTED,gap_and_residual
28,0.3874249457193082,MadNLP,0.01,0.01,16.871929168701172,3.8722801094617174,3.8721585581734606,0.0031391092702101903,3.469446951953614e-17,NaN,22,INTERRUPTED,gap_and_residual
28,0.3874249457193082,ADMM,0.01,0.0001,388.77272605895996,3.8725431418143716,3.8721585581734606,0.009932022026817729,7.096823129160157e-12,0.0024321249699348797,30,converged,gap_callback_with_solver_termination
28,0.3874249457193082,MEL-ADMM,0.01,0.01,54.152727127075195,3.8725417853847413,3.8721585581734606,0.00989699170432405,3.885780586188048e-16,0.0013140275079274177,30,converged,gap_residual_and_feasibility
28,0.3874249457193082,sMEL-ADMM,0.01,0.01,6.9082040000000005,3.8724970708139326,3.8721585581734606,0.00874222053116807,2.8754776337791554e-14,6.914623551868004e-5,93,converged,gap_residual_and_feasibility
29,0.39897867351998323,IPOPT,0.01,1.0e-10,23.79894256591797,3.849961299569561,3.849961299569561,0.0,9.995268834828153e-9,NaN,29,INTERRUPTED,gap_and_residual
29,0.39897867351998323,MadNLP,0.01,0.01,15.241146087646484,3.8500822367867555,3.849961299569561,0.003141257996747602,2.0816681711721685e-17,NaN,22,INTERRUPTED,gap_and_residual
29,0.39897867351998323,ADMM,0.01,0.0001,387.09020614624023,3.850345965915856,3.849961299569561,0.009991434104492885,3.469446951953614e-16,0.002446299035922639,30,converged,gap_callback_with_solver_termination
29,0.39897867351998323,MEL-ADMM,0.01,0.01,54.8553466796875,3.850344495394167,3.849961299569561,0.009953238351993486,3.8163916471489756e-16,0.001323121989499687,30,converged,gap_residual_and_feasibility
29,0.39897867351998323,sMEL-ADMM,0.01,0.01,7.145631000000001,3.850298888068908,3.849961299569561,0.00876862059327212,3.008704396734174e-14,6.909540914445955e-5,93,converged,gap_residual_and_feasibility
30,0.37412909015079604,IPOPT,0.01,1.0e-10,23.395061492919922,3.8977028283437387,3.8977028283437387,0.0,9.995268224205489e-9,NaN,29,INTERRUPTED,gap_and_residual
30,0.37412909015079604,MadNLP,0.01,0.01,15.234947204589844,3.897825097362941,3.8977028283437387,0.0031369507781115183,3.469446951953614e-17,NaN,22,INTERRUPTED,gap_and_residual
30,0.37412909015079604,ADMM,0.01,0.0001,384.7935199737549,3.898087298728332,3.8977028283437387,0.009864025081584077,3.7470027081099033e-16,0.002416064174617944,30,converged,gap_callback_with_solver_termination
30,0.37412909015079604,MEL-ADMM,0.01,0.01,56.2441349029541,3.8980861014701134,3.8977028283437387,0.009833308060007118,3.157196726277789e-16,0.0013035528210322486,30,converged,gap_residual_and_feasibility
30,0.37412909015079604,sMEL-ADMM,0.01,0.01,6.541837,3.898042419956515,3.8977028283437387,0.008712609137539526,3.0753177782116836e-14,6.920180717788754e-5,93,converged,gap_residual_and_feasibility
31,0.44054030536947375,IPOPT,0.01,1.0e-10,33.18905830383301,3.770112240800041,3.770112240800041,0.0,9.995268168694338e-9,NaN,33,INTERRUPTED,gap_and_residual
31,0.44054030536947375,MadNLP,0.01,0.01,17.92001724243164,3.7702307982297265,3.770112240800041,0.003144665784815611,7.972789095589405e-15,NaN,26,INTERRUPTED,gap_and_residual
31,0.44054030536947375,ADMM,0.01,0.0001,399.06835556030273,3.7704865174853475,3.770112240800041,0.009927467974457881,3.9898639947466563e-16,0.0002805065376853891,31,converged,gap_callback_with_solver_termination
31,0.44054030536947375,MEL-ADMM,0.01,0.01,61.39826774597168,3.7704889107576016,3.770112240800041,0.009990948107177888,3.5041414214731503e-16,7.811523102363438e-6,33,converged,gap_residual_and_feasibility
31,0.44054030536947375,sMEL-ADMM,0.01,0.01,6.909586,3.7704473826742895,3.770112240800041,0.008889440229965847,2.930988785010413e-14,6.894982632683552e-5,93,converged,gap_residual_and_feasibility
32,0.6219976619441033,IPOPT,0.01,1.0e-10,43.04099082946777,3.421492649014938,3.421492649014938,0.0,9.995268168694338e-9,NaN,46,INTERRUPTED,gap_and_residual
32,0.6219976619441033,MadNLP,0.01,0.01,28.124094009399414,3.421604408647206,3.421492649014938,0.0032663998942200675,2.0816681711721685e-17,NaN,35,INTERRUPTED,gap_and_residual
32,0.6219976619441033,ADMM,0.01,0.0001,441.50710105895996,3.4218168603249524,3.421492649014938,0.009475727212440686,1.3758993944179565e-12,0.017491795507548466,34,converged,gap_callback_with_solver_termination
32,0.6219976619441033,MEL-ADMM,0.01,0.01,69.11754608154297,3.4218260475307676,3.421492649014938,0.009744241769029457,3.200564813177209e-16,0.005302566886838321,37,converged,gap_residual_and_feasibility
32,0.6219976619441033,sMEL-ADMM,0.01,0.01,7.3580879999999995,3.4217657451734804,3.421492649014938,0.007981784167242188,2.8754776337791554e-14,6.41149462269671e-5,93,converged,gap_residual_and_feasibility
33,0.6603922323320581,IPOPT,0.01,1.0e-10,23.634910583496094,3.347728213623152,3.347728213623152,0.0,9.99526827971664e-9,NaN,28,INTERRUPTED,gap_and_residual
33,0.6603922323320581,MadNLP,0.01,0.01,14.76907730102539,3.3478384981508555,3.347728213623152,0.0032943094739490424,2.0816681711721685e-17,NaN,21,INTERRUPTED,gap_and_residual
33,0.6603922323320581,ADMM,0.01,0.0001,480.9141159057617,3.348029127628467,3.347728213623152,0.008988603199333896,6.499245586155666e-13,0.015847482050333643,37,converged,gap_callback_with_solver_termination
33,0.6603922323320581,MEL-ADMM,0.01,0.01,74.45621490478516,3.3480387745186726,3.347728213623152,0.009276765487016494,4.198030811863873e-16,0.004482890924752736,40,converged,gap_residual_and_feasibility
33,0.6603922323320581,sMEL-ADMM,0.01,0.01,6.750127,3.347980278348986,3.347728213623152,0.007529426218292679,2.919886554764162e-14,6.126493163386565e-5,93,converged,gap_residual_and_feasibility
34,0.3928217334956574,IPOPT,0.01,1.0e-10,24.178028106689453,3.8617901389092477,3.8617901389092477,0.0,9.995267946649733e-9,NaN,29,INTERRUPTED,gap_and_residual
34,0.3928217334956574,MadNLP,0.01,0.01,15.267133712768555,3.8619114032499544,3.8617901389092477,0.00314010695415328,7.688294445529209e-15,NaN,22,INTERRUPTED,gap_and_residual
34,0.3928217334956574,ADMM,0.01,0.0001,393.33271980285645,3.8621747609395403,3.8617901389092477,0.009959682335332258,7.843448113220575e-12,0.0024387657022007167,30,converged,gap_callback_with_solver_termination
34,0.3928217334956574,MEL-ADMM,0.01,0.01,54.26216125488281,3.862173350346038,3.8617901389092477,0.009923155402181838,3.5388358909926865e-16,0.0013182766479838716,30,converged,gap_residual_and_feasibility
34,0.3928217334956574,sMEL-ADMM,0.01,0.01,6.5515870000000005,3.8621282180096435,3.8617901389092477,0.008754465888486315,2.930988785010413e-14,6.912242922163525e-5,93,converged,gap_residual_and_feasibility
35,0.27881544293397387,IPOPT,0.01,1.0e-10,39.00909423828125,4.08082136049646,4.08082136049646,0.0,9.995267946649733e-9,NaN,45,INTERRUPTED,gap_and_residual
35,0.27881544293397387,MadNLP,0.01,0.01,27.324914932250977,4.080960481738862,4.08082136049646,0.0034091480639022206,8.503614479238308e-15,NaN,37,INTERRUPTED,gap_and_residual
35,0.27881544293397387,ADMM,0.01,0.0001,339.4732475280762,4.0812250111487005,4.08082136049646,0.009891407062028285,4.2327252813834093e-16,0.02538472812230788,26,converged,gap_callback_with_solver_termination
35,0.27881544293397387,MEL-ADMM,0.01,0.01,54.337263107299805,4.0812051221646914,4.08082136049646,0.009404030079502279,3.469446951953614e-16,0.0012319168049164317,30,converged,gap_residual_and_feasibility
35,0.27881544293397387,sMEL-ADMM,0.01,0.01,7.3881689999999995,4.081171142018391,4.08082136049646,0.008571350986287567,3.086420008457935e-14,6.952191238373054e-5,93,converged,gap_residual_and_feasibility
36,0.5816818806183403,IPOPT,0.01,1.0e-10,27.772903442382812,3.4989481542289402,3.4989481542289402,0.0,9.995268668294699e-9,NaN,33,INTERRUPTED,gap_and_residual
36,0.5816818806183403,MadNLP,0.01,0.01,16.443967819213867,3.499061277854411,3.4989481542289402,0.0032330752124415498,3.469446951953614e-17,NaN,22,INTERRUPTED,gap_and_residual
36,0.5816818806183403,ADMM,0.01,0.0001,402.5917053222656,3.499288979942513,3.4989481542289402,0.009740804909061075,3.885780586188048e-16,0.01945164419931466,31,converged,gap_callback_with_solver_termination
36,0.5816818806183403,MEL-ADMM,0.01,0.01,65.93084335327148,3.4992822066007445,3.4989481542289402,0.009547222681780432,3.5388358909926865e-16,0.0025494425641658935,35,converged,gap_residual_and_feasibility
36,0.5816818806183403,sMEL-ADMM,0.01,0.01,6.64113,3.499247195903626,3.4989481542289402,0.008546616340243349,2.919886554764162e-14,6.783945289171641e-5,93,converged,gap_residual_and_feasibility
37,0.28534507615587235,IPOPT,0.01,1.0e-10,39.045095443725586,4.0682764953485595,4.0682764953485595,0.0,9.995268113183187e-9,NaN,43,INTERRUPTED,gap_and_residual
37,0.28534507615587235,MadNLP,0.01,0.01,27.588844299316406,4.068413162228057,4.0682764953485595,0.0033593311480676694,8.1601392309949e-15,NaN,35,INTERRUPTED,gap_and_residual
37,0.28534507615587235,ADMM,0.01,0.0001,340.071439743042,4.0686800653952915,4.0682764953485595,0.009919926710816998,3.3306690738754696e-16,0.025384832330265502,26,converged,gap_callback_with_solver_termination
37,0.28534507615587235,MEL-ADMM,0.01,0.01,54.66628074645996,4.06866019776264,4.0682764953485595,0.009431571686920147,3.625572064791527e-16,0.0012335215398363332,30,converged,gap_residual_and_feasibility
37,0.28534507615587235,sMEL-ADMM,0.01,0.01,6.627544,4.068625709916524,4.0682764953485595,0.008583845477648589,2.9531932455029164e-14,6.950798021655366e-5,93,converged,gap_residual_and_feasibility
38,0.7267954993753094,IPOPT,0.01,1.0e-10,53.89094352722168,3.2201528962769204,3.2201528962769204,0.0,9.99526827971664e-9,NaN,56,INTERRUPTED,gap_and_residual
38,0.7267954993753094,MadNLP,0.01,0.01,21.628856658935547,3.2202596387706497,3.2201528962769204,0.0033148268783367973,2.7755575615628914e-17,NaN,32,INTERRUPTED,gap_and_residual
38,0.7267954993753094,ADMM,0.01,0.0001,553.5721778869629,3.2204505309634968,3.2201528962769204,0.009242874365391701,4.0245584642661925e-16,0.014138044615448238,43,converged,gap_callback_with_solver_termination
38,0.7267954993753094,MEL-ADMM,0.01,0.01,82.54337310791016,3.2204416160343516,3.2201528962769204,0.008966026357477917,4.163336342344337e-16,0.005999801529092163,46,converged,gap_residual_and_feasibility
38,0.7267954993753094,sMEL-ADMM,0.01,0.01,6.762338,3.2203895646440053,3.2201528962769204,0.007349600304958964,2.9976021664879227e-14,9.920768702029745e-5,93,converged,gap_residual_and_feasibility
39,0.4508793717567228,IPOPT,0.01,1.0e-10,23.422956466674805,3.7502486145938523,3.7502486145938523,0.0,9.995267946649733e-9,NaN,28,INTERRUPTED,gap_and_residual
39,0.4508793717567228,MadNLP,0.01,0.01,14.374017715454102,3.750366860491476,3.7502486145938523,0.0031530149004925317,2.7755575615628914e-17,NaN,20,INTERRUPTED,gap_and_residual
39,0.4508793717567228,ADMM,0.01,0.0001,409.81531143188477,3.7506230208958455,3.7502486145938523,0.00998350617439813,6.487232973029222e-11,3.6578935048721395e-5,32,converged,gap_callback_with_solver_termination
39,0.4508793717567228,MEL-ADMM,0.01,0.01,58.70938301086426,3.7506233852733373,3.7502486145938523,0.009993222263361325,5.782874179516284e-12,2.6116384584651958e-5,32,converged,gap_residual_and_feasibility
39,0.4508793717567228,sMEL-ADMM,0.01,0.01,6.8955470000000005,3.7505831295306273,3.7502486145938523,0.008919806955552518,2.986499936241671e-14,6.892834357908988e-5,93,converged,gap_residual_and_feasibility
40,0.6116850634187863,IPOPT,0.01,1.0e-10,29.072046279907227,3.441305424622421,3.441305424622421,0.0,9.99526827971664e-9,NaN,33,INTERRUPTED,gap_and_residual
40,0.6116850634187863,MadNLP,0.01,0.01,18.25094223022461,3.4414176458498518,3.441305424622421,0.003261007483606943,2.7755575615628914e-17,NaN,23,INTERRUPTED,gap_and_residual
40,0.6116850634187863,ADMM,0.01,0.0001,426.2549877166748,3.441639464076077,3.441305424622421,0.009706765672872673,3.677613769070831e-16,0.01924271902118398,33,converged,gap_callback_with_solver_termination
40,0.6116850634187863,MEL-ADMM,0.01,0.01,69.59128379821777,3.4416264320254184,3.441305424622421,0.00932807069958235,3.885780586188048e-16,0.0021974171369665493,37,converged,gap_residual_and_feasibility
40,0.6116850634187863,sMEL-ADMM,0.01,0.01,6.664502,3.4415851858010025,3.441305424622421,0.008129507383440463,2.942091015256665e-14,6.531826835699545e-5,93,converged,gap_residual_and_feasibility
41,0.4868256657990442,IPOPT,0.01,1.0e-10,25.781869888305664,3.681187857886163,3.681187857886163,0.0,9.995267502560523e-9,NaN,32,INTERRUPTED,gap_and_residual
41,0.4868256657990442,MadNLP,0.01,0.01,14.629125595092773,3.681304532678662,3.681187857886163,0.0031694875948545575,3.469446951953614e-17,NaN,21,INTERRUPTED,gap_and_residual
41,0.4868256657990442,ADMM,0.01,0.0001,399.5499610900879,3.6815556682348443,3.681187857886163,0.009991621261417533,3.8510861166685117e-16,0.0009433910650340979,31,converged,gap_callback_with_solver_termination
41,0.4868256657990442,MEL-ADMM,0.01,0.01,57.433128356933594,3.68155498066442,3.681187857886163,0.00997294331150855,1.5104939521393135e-10,0.0006920494245332698,31,converged,gap_residual_and_feasibility
41,0.4868256657990442,sMEL-ADMM,0.01,0.01,6.975328,3.681518943399134,3.681187857886163,0.008993985793518452,3.0753177782116836e-14,6.892020442964605e-5,93,converged,gap_residual_and_feasibility
42,0.6930088414984616,IPOPT,0.01,1.0e-10,40.82298278808594,3.2850645157293155,3.2850645157293155,0.0,9.995268668294699e-9,NaN,38,INTERRUPTED,gap_and_residual
42,0.6930088414984616,MadNLP,0.01,0.01,25.710105895996094,3.285173294016004,3.2850645157293155,0.0033112983372954245,3.122502256758253e-17,NaN,28,INTERRUPTED,gap_and_residual
42,0.6930088414984616,ADMM,0.01,0.0001,515.4664516448975,3.2853517152282414,3.2850645157293155,0.008742583214144603,2.878602911593475e-10,0.014450400259072505,40,converged,gap_callback_with_solver_termination
42,0.6930088414984616,MEL-ADMM,0.01,0.01,81.38060569763184,3.2853580830060727,3.2850645157293155,0.008936423481231026,5.808464820233894e-12,0.00378200979788006,43,converged,gap_residual_and_feasibility
42,0.6930088414984616,sMEL-ADMM,0.01,0.01,6.956457,3.2853061152329217,3.2850645157293155,0.007354482764324392,3.042011087472929e-14,6.577688692267422e-5,93,converged,gap_residual_and_feasibility
43,0.6545689732203787,IPOPT,0.01,1.0e-10,24.404048919677734,3.3589159783558404,3.3589159783558404,0.0,9.995268002160884e-9,NaN,27,INTERRUPTED,gap_and_residual
43,0.6545689732203787,MadNLP,0.01,0.01,14.991044998168945,3.3589866332443186,3.3589159783558404,0.0021035027054386955,2.42861286636753e-17,NaN,19,INTERRUPTED,gap_and_residual
43,0.6545689732203787,ADMM,0.01,0.0001,467.63014793395996,3.3592339745767954,3.3589159783558404,0.009467227611648086,6.811218256075335e-13,0.016144456058488302,36,converged,gap_callback_with_solver_termination
43,0.6545689732203787,MEL-ADMM,0.01,0.01,73.58336448669434,3.3592213316004025,3.3589159783558404,0.009090827115940935,4.0939474033052647e-16,0.002604277777990105,40,converged,gap_residual_and_feasibility
43,0.6545689732203787,sMEL-ADMM,0.01,0.01,6.781161,3.359170482972823,3.3589159783558404,0.007576986701137315,2.9976021664879227e-14,6.126497673092368e-5,93,converged,gap_residual_and_feasibility
44,0.28576540787769134,IPOPT,0.01,1.0e-10,39.75701332092285,4.067468945431374,4.067468945431374,0.0,9.99526827971664e-9,NaN,43,INTERRUPTED,gap_and_residual
44,0.28576540787769134,MadNLP,0.01,0.01,28.015851974487305,4.067605459883719,4.067468945431374,0.0033562506358755816,9.200973316580985e-15,NaN,35,INTERRUPTED,gap_and_residual
44,0.28576540787769134,ADMM,0.01,0.0001,338.8540744781494,4.0678724988954835,4.067468945431374,0.009921488511002911,3.608224830031759e-16,0.025384853878301472,26,converged,gap_callback_with_solver_termination
44,0.28576540787769134,MEL-ADMM,0.01,0.01,55.840492248535156,4.067852645815744,4.067468945431374,0.009433394317645049,4.0592529337857286e-16,0.0012338527339878363,30,converged,gap_residual_and_feasibility
44,0.28576540787769134,sMEL-ADMM,0.01,0.01,6.6496200000000005,4.067818121520639,4.067468945431374,0.008584603692108781,2.942091015256665e-14,6.950703256966041e-5,93,converged,gap_residual_and_feasibility
45,0.7041459771315879,IPOPT,0.01,1.0e-10,25.71892738342285,3.263667622534307,3.263667622534307,0.0,9.995268557272396e-9,NaN,32,INTERRUPTED,gap_and_residual
45,0.7041459771315879,MadNLP,0.01,0.01,14.370918273925781,3.2637443453804624,3.263667622534307,0.002350816781267837,1.033895191682177e-15,NaN,21,INTERRUPTED,gap_and_residual
45,0.7041459771315879,ADMM,0.01,0.0001,528.3844470977783,3.263952397091088,3.263667622534307,0.0087255992250821,7.16093850883226e-14,0.01432385198128722,41,converged,gap_callback_with_solver_termination
45,0.7041459771315879,MEL-ADMM,0.01,0.01,79.69999313354492,3.263957879505244,3.263667622534307,0.008893582451012783,4.128641872824801e-16,0.004148523536781745,44,converged,gap_residual_and_feasibility
45,0.7041459771315879,sMEL-ADMM,0.01,0.01,7.041207,3.263906872348738,3.263667622534307,0.007330704045323004,2.886579864025407e-14,7.655120283918144e-5,93,converged,gap_residual_and_feasibility
46,0.39495427032477404,IPOPT,0.01,1.0e-10,23.640871047973633,3.857693065454265,3.857693065454265,0.0,9.995268002160884e-9,NaN,29,INTERRUPTED,gap_and_residual
46,0.39495427032477404,MadNLP,0.01,0.01,15.314102172851562,3.857814216440754,3.857693065454265,0.0031405035194229667,2.7755575615628914e-17,NaN,22,INTERRUPTED,gap_and_residual
46,0.39495427032477404,ADMM,0.01,0.0001,385.5724334716797,3.8580777027009985,3.857693065454265,0.009970654487211007,7.0038419508478e-12,0.0024413787404788875,30,converged,gap_callback_with_solver_termination
46,0.39495427032477404,MEL-ADMM,0.01,0.01,54.66723442077637,3.8580762712146606,3.857693065454265,0.00993354717168273,3.712308238590367e-16,0.0013199553712509374,30,converged,gap_residual_and_feasibility
46,0.39495427032477404,sMEL-ADMM,0.01,0.01,6.730296,3.858030973409332,3.857693065454265,0.008759327124626284,3.086420008457935e-14,6.911295601573844e-5,93,converged,gap_residual_and_feasibility
47,0.5214327740944773,IPOPT,0.01,1.0e-10,26.57794952392578,3.6146999722773208,3.6146999722773208,0.0,9.995267891138582e-9,NaN,33,INTERRUPTED,gap_and_residual
47,0.5214327740944773,MadNLP,0.01,0.01,15.233039855957031,3.614815261744494,3.6146999722773208,0.003189461589001402,2.7755575615628914e-17,NaN,22,INTERRUPTED,gap_and_residual
47,0.5214327740944773,ADMM,0.01,0.0001,411.2436771392822,3.6150532778572746,3.6146999722773208,0.009774132920117428,3.477713993518816e-16,0.0024978334475691047,32,converged,gap_callback_with_solver_termination
47,0.5214327740944773,MEL-ADMM,0.01,0.01,60.2869987487793,3.6150560515042853,3.6146999722773208,0.009850865346930346,3.677613769070831e-16,0.001986118049484009,32,converged,gap_residual_and_feasibility
47,0.5214327740944773,sMEL-ADMM,0.01,0.01,7.122207,3.6150246282715184,3.6146999722773208,0.008981547478007739,2.886579864025407e-14,6.907268811945366e-5,93,converged,gap_residual_and_feasibility
48,0.3161929620779189,IPOPT,0.01,1.0e-10,37.39118576049805,4.009010904795622,4.009010904795622,0.0,9.995268057672035e-9,NaN,38,INTERRUPTED,gap_and_residual
48,0.3161929620779189,MadNLP,0.01,0.01,25.449037551879883,4.009138164685804,4.009010904795622,0.0031743463214114506,6.661338147750939e-15,NaN,31,INTERRUPTED,gap_and_residual
48,0.3161929620779189,ADMM,0.01,0.0001,391.5565013885498,4.009394965681848,4.009010904795622,0.009579941171173093,3.0531133177191805e-16,0.0023431667582869235,30,converged,gap_callback_with_solver_termination
48,0.3161929620779189,MEL-ADMM,0.01,0.01,55.29379844665527,4.009394453418646,4.009010904795622,0.009567163376006148,3.157196726277789e-16,0.0012578475103993889,30,converged,gap_residual_and_feasibility
48,0.3161929620779189,sMEL-ADMM,0.01,0.01,6.798413,4.009356858882714,4.009010904795622,0.008629412473723563,3.008704396734174e-14,6.942210987241886e-5,93,converged,gap_residual_and_feasibility
49,0.3290178857468601,IPOPT,0.01,1.0e-10,32.479047775268555,3.9843713986409117,3.9843713986409117,0.0,9.99526739153822e-9,NaN,31,INTERRUPTED,gap_and_residual
49,0.3290178857468601,MadNLP,0.01,0.01,23.3919620513916,3.9844961339640053,3.9843713986409117,0.0031306148602534057,1.0071804501521342e-14,NaN,24,INTERRUPTED,gap_and_residual
49,0.3290178857468601,ADMM,0.01,0.0001,413.9738082885742,3.9847555557220944,3.9843713986409117,0.009641598203262517,3.21020987570364e-12,0.0023595716314639553,30,converged,gap_callback_with_solver_termination
49,0.3290178857468601,MEL-ADMM,0.01,0.01,55.16481399536133,3.9847548819209324,3.9843713986409117,0.009624687099990203,3.929148673087468e-16,0.0012679667626093634,30,converged,gap_residual_and_feasibility
49,0.3290178857468601,sMEL-ADMM,0.01,0.01,6.946123999999999,3.9847158022348417,3.9843713986409117,0.008643862719409933,3.086420008457935e-14,6.93780560934833e-5,93,converged,gap_residual_and_feasibility
50,0.6960363289468714,IPOPT,0.01,1.0e-10,30.34806251525879,3.279248044805665,3.279248044805665,0.0,9.99526783562743e-9,NaN,34,INTERRUPTED,gap_and_residual
50,0.6960363289468714,MadNLP,0.01,0.01,18.49198341369629,3.2793238336104125,3.279248044805665,0.002311164136168871,8.743006318923108e-16,NaN,26,INTERRUPTED,gap_and_residual
50,0.6960363289468714,ADMM,0.01,0.0001,553.8187026977539,3.2795395560811342,3.279248044805665,0.008889576862936321,5.0817128283142665e-12,0.014400587742633529,40,converged,gap_callback_with_solver_termination
50,0.6960363289468714,MEL-ADMM,0.01,0.01,76.94649696350098,3.2795459169372045,3.279248044805665,0.009083549870875882,3.8163916471489756e-16,0.005060178806078474,43,converged,gap_residual_and_feasibility
50,0.6960363289468714,sMEL-ADMM,0.01,0.01,6.986792,3.279488930540949,3.279248044805665,0.007345761345061646,2.986499936241671e-14,6.813377773263758e-5,93,converged,gap_residual_and_feasibility
51,0.5861669802270939,IPOPT,0.01,1.0e-10,27.580976486206055,3.4903312889541738,3.4903312889541738,0.0,9.995268501761245e-9,NaN,32,INTERRUPTED,gap_and_residual
51,0.5861669802270939,MadNLP,0.01,0.01,15.616893768310547,3.490444257467089,3.4903312889541738,0.0032366129047068696,2.0816681711721685e-17,NaN,22,INTERRUPTED,gap_and_residual
51,0.5861669802270939,ADMM,0.01,0.0001,409.0383052825928,3.4906753573381404,3.4903312889541738,0.009857757200741436,3.8424124992886277e-16,0.019345384186137765,32,converged,gap_callback_with_solver_termination
51,0.5861669802270939,MEL-ADMM,0.01,0.01,65.66810607910156,3.490669306043672,3.4903312889541738,0.009684384131906122,3.434752482434078e-16,0.0036941072699157914,35,converged,gap_residual_and_feasibility
51,0.5861669802270939,sMEL-ADMM,0.01,0.01,6.742327,3.490627265382103,3.4903312889541738,0.008479894984919816,2.930988785010413e-14,6.750997385184237e-5,93,converged,gap_residual_and_feasibility
52,0.7029108507999683,IPOPT,0.01,1.0e-10,25.774002075195312,3.26604057255221,3.26604057255221,0.0,9.995267669093977e-9,NaN,32,INTERRUPTED,gap_and_residual
52,0.7029108507999683,MadNLP,0.01,0.01,14.48512077331543,3.2661488172712216,3.26604057255221,0.003314249061123329,2.7755575615628914e-17,NaN,21,INTERRUPTED,gap_and_residual
52,0.7029108507999683,ADMM,0.01,0.0001,557.793140411377,3.266367014003358,3.26604057255221,0.00999502130779758,3.5002556408869623e-12,0.014401828961738215,40,converged,gap_callback_with_solver_termination
52,0.7029108507999683,MEL-ADMM,0.01,0.01,78.28521728515625,3.2663614869326567,3.26604057255221,0.009825792831349177,4.0245584642661925e-16,0.008828905964336609,43,converged,gap_residual_and_feasibility
52,0.7029108507999683,sMEL-ADMM,0.01,0.01,6.8717120000000005,3.266280045176097,3.26604057255221,0.007332199908959026,2.942091015256665e-14,7.516929637801928e-5,93,converged,gap_residual_and_feasibility
53,0.2750178068860151,IPOPT,0.01,1.0e-10,70.53709030151367,4.088117456690988,4.088117456690988,0.0,9.995267946649733e-9,NaN,69,INTERRUPTED,gap_and_residual
53,0.2750178068860151,MadNLP,0.01,0.01,30.85017204284668,4.088258275398232,4.088117456690988,0.0034445856494111577,6.238065619612598e-15,NaN,36,INTERRUPTED,gap_and_residual
53,0.2750178068860151,ADMM,0.01,0.0001,342.94962882995605,4.08852110733012,4.088117456690988,0.00987375346742126,1.961208973000339e-13,0.025384728176856636,26,converged,gap_callback_with_solver_termination
53,0.2750178068860151,MEL-ADMM,0.01,0.01,54.174184799194336,4.088501259890706,4.088117456690988,0.00938826253855226,3.434752482434078e-16,0.0012319172003248946,30,converged,gap_residual_and_feasibility
53,0.2750178068860151,sMEL-ADMM,0.01,0.01,6.684082,4.088467539606136,4.088117456690988,0.00856342604774282,2.964295475749168e-14,6.952931766386356e-5,93,converged,gap_residual_and_feasibility
54,0.5747040421967808,IPOPT,0.01,1.0e-10,26.661157608032227,3.5123541203908375,3.5123541203908375,0.0,9.995268612783548e-9,NaN,33,INTERRUPTED,gap_and_residual
54,0.5747040421967808,MadNLP,0.01,0.01,14.955997467041016,3.5124674854632336,3.5123541203908375,0.003227609418366572,6.7931771319251766e-15,NaN,22,INTERRUPTED,gap_and_residual
54,0.5747040421967808,ADMM,0.01,0.0001,400.6075859069824,3.5126914930537194,3.5123541203908375,0.0096053145929482,1.1873391159156199e-11,0.019508793745134884,31,converged,gap_callback_with_solver_termination
54,0.5747040421967808,MEL-ADMM,0.01,0.01,65.17195701599121,3.5126875846098664,3.5123541203908375,0.009494037548577403,3.694961003830599e-16,0.0013749372132441963,35,converged,gap_residual_and_feasibility
54,0.5747040421967808,sMEL-ADMM,0.01,0.01,6.5849530000000005,3.512658126370346,3.5123541203908375,0.008655333975108283,2.9531932455029164e-14,6.83340892584268e-5,93,converged,gap_residual_and_feasibility
55,0.451339088841107,IPOPT,0.01,1.0e-10,22.98903465270996,3.749365396711038,3.749365396711038,0.0,9.995268557272396e-9,NaN,28,INTERRUPTED,gap_and_residual
55,0.451339088841107,MadNLP,0.01,0.01,14.078855514526367,3.7494836196801375,3.749365396711038,0.0031531461084960224,3.469446951953614e-17,NaN,20,INTERRUPTED,gap_and_residual
55,0.451339088841107,ADMM,0.01,0.0001,409.0425968170166,3.7497401467440823,3.749365396711038,0.009995025648158164,3.903127820947816e-16,3.7131037554719026e-5,32,converged,gap_callback_with_solver_termination
55,0.451339088841107,MEL-ADMM,0.01,0.01,57.33966827392578,3.7497401705173687,3.749365396711038,0.0099956597097642,3.2612801348363973e-16,2.6167690631129226e-5,32,converged,gap_residual_and_feasibility
55,0.451339088841107,sMEL-ADMM,0.01,0.01,6.7245040000000005,3.749699880883796,3.749365396711038,0.008921087633959443,2.919886554764162e-14,6.892751698619505e-5,93,converged,gap_residual_and_feasibility
56,0.7226966482718395,IPOPT,0.01,1.0e-10,25.223970413208008,3.2280276930085248,3.2280276930085248,0.0,9.995269001361606e-9,NaN,33,INTERRUPTED,gap_and_residual
56,0.7226966482718395,MadNLP,0.01,0.01,18.496990203857422,3.228134716155173,3.2280276930085248,0.0033154345881173425,2.7755575615628914e-17,NaN,30,INTERRUPTED,gap_and_residual
56,0.7226966482718395,ADMM,0.01,0.0001,600.3258228302002,3.228309386446032,3.2280276930085248,0.008726487635694053,4.510281037539698e-16,0.014121977736115556,43,converged,gap_callback_with_solver_termination
56,0.7226966482718395,MEL-ADMM,0.01,0.01,80.78813552856445,3.228337746186606,3.2280276930085248,0.009605034639350769,3.7339922820400773e-16,0.008981441864029471,45,converged,gap_residual_and_feasibility
56,0.7226966482718395,sMEL-ADMM,0.01,0.01,6.737914,3.228264604801316,3.2280276930085248,0.00733921190652396,2.8754776337791554e-14,9.586703786248476e-5,93,converged,gap_residual_and_feasibility
57,0.4962443575910711,IPOPT,0.01,1.0e-10,27.010202407836914,3.6630924742121698,3.6630924742121698,0.0,9.995268390738943e-9,NaN,32,INTERRUPTED,gap_and_residual
57,0.4962443575910711,MadNLP,0.01,0.01,14.560937881469727,3.6631607694017827,3.6630924742121698,0.001864413472870921,6.1547988927657116e-15,NaN,21,INTERRUPTED,gap_and_residual
57,0.4962443575910711,ADMM,0.01,0.0001,430.85646629333496,3.663457638083684,3.6630924742121698,0.009968731995842433,3.469446951953614e-16,0.0023063341570494014,31,converged,gap_callback_with_solver_termination
57,0.4962443575910711,MEL-ADMM,0.01,0.01,60.4703426361084,3.6634580396107363,3.6630924742121698,0.009979693418610837,1.8295365222797955e-12,0.0015434838858209704,31,converged,gap_residual_and_feasibility
57,0.4962443575910711,sMEL-ADMM,0.01,0.01,7.028166,3.663422244603345,3.6630924742121698,0.009002513409002154,3.064215547965432e-14,6.895612663647757e-5,93,converged,gap_residual_and_feasibility
58,0.3374662042179045,IPOPT,0.01,1.0e-10,35.05206108093262,3.9681403160756075,3.9681403160756075,0.0,9.995267946649733e-9,NaN,40,INTERRUPTED,gap_and_residual
58,0.3374662042179045,MadNLP,0.01,0.01,24.330854415893555,3.9682645148671485,3.9681403160756075,0.0031298991882386037,8.174017018802715e-15,NaN,33,INTERRUPTED,gap_and_residual
58,0.3374662042179045,ADMM,0.01,0.0001,389.5120620727539,3.9685245353893617,3.9681403160756075,0.00968260401976389,1.2074785615823203e-12,0.0023702996617276095,30,converged,gap_callback_with_solver_termination
58,0.3374662042179045,MEL-ADMM,0.01,0.01,55.023908615112305,3.9685237568812926,3.9681403160756075,0.00966298505452802,3.5691935518222806e-16,0.00127463185040122,30,converged,gap_residual_and_feasibility
58,0.3374662042179045,sMEL-ADMM,0.01,0.01,6.667834,3.9684836902746503,3.9681403160756075,0.008653277648771093,2.90878432451791e-14,6.934750452978165e-5,93,converged,gap_residual_and_feasibility
59,0.6115661856852312,IPOPT,0.01,1.0e-10,31.139135360717773,3.4415338149601085,3.4415338149601085,0.0,9.995268002160884e-9,NaN,33,INTERRUPTED,gap_and_residual
59,0.6115661856852312,MadNLP,0.01,0.01,19.671916961669922,3.4416460399933473,3.4415338149601085,0.003260901658178906,3.469446951953614e-17,NaN,23,INTERRUPTED,gap_and_residual
59,0.6115661856852312,ADMM,0.01,0.0001,433.1624507904053,3.441867631697938,3.4415338149601085,0.009699650091440344,3.3306690738754696e-16,0.019242714327160727,33,converged,gap_callback_with_solver_termination
59,0.6115661856852312,MEL-ADMM,0.01,0.01,68.95208358764648,3.4418548064219987,3.4415338149601085,0.00932698846354243,3.677613769070831e-16,0.0021734702864261365,37,converged,gap_residual_and_feasibility
59,0.6115661856852312,sMEL-ADMM,0.01,0.01,6.6859969999999995,3.4418136517417874,3.4415338149601085,0.008131164670314906,2.8754776337791554e-14,6.533057614457275e-5,93,converged,gap_residual_and_feasibility
60,0.29616698039461326,IPOPT,0.01,1.0e-10,27.990102767944336,4.04748523116803,4.04748523116803,0.0,9.995268501761245e-9,NaN,34,INTERRUPTED,gap_and_residual
60,0.29616698039461326,MadNLP,0.01,0.01,19.32215690612793,4.047618320354371,4.04748523116803,0.0032881944896781972,6.494804694057166e-15,NaN,27,INTERRUPTED,gap_and_residual
60,0.29616698039461326,ADMM,0.01,0.0001,338.1688594818115,4.047888378171347,4.04748523116803,0.009960431732103175,3.0531133177191805e-16,0.025385386125858757,26,converged,gap_callback_with_solver_termination
60,0.29616698039461326,MEL-ADMM,0.01,0.01,56.00571632385254,4.047868880634161,4.04748523116803,0.009478711946308241,3.3306690738754696e-16,0.0012420513809167297,30,converged,gap_residual_and_feasibility
60,0.29616698039461326,sMEL-ADMM,0.01,0.01,7.8277030000000005,4.047833416089171,4.04748523116803,0.00860250010204049,3.019806626980426e-14,6.948221621705386e-5,93,converged,gap_residual_and_feasibility
61,0.7023878301046271,IPOPT,0.01,1.0e-10,28.661012649536133,3.267045410629582,3.267045410629582,0.0,9.995268668294699e-9,NaN,32,INTERRUPTED,gap_and_residual
61,0.7023878301046271,MadNLP,0.01,0.01,15.109062194824219,3.2671536847627287,3.267045410629582,0.0033141300330435577,3.469446951953614e-17,NaN,21,INTERRUPTED,gap_and_residual
61,0.7023878301046271,ADMM,0.01,0.0001,533.5047245025635,3.2673679541748544,3.267045410629582,0.00987263734452794,3.677613769070831e-16,0.014401749144656608,40,converged,gap_callback_with_solver_termination
61,0.7023878301046271,MEL-ADMM,0.01,0.01,76.95817947387695,3.267364035412469,3.267045410629582,0.009752689137732048,3.608224830031759e-16,0.008513868772699017,43,converged,gap_residual_and_feasibility
61,0.7023878301046271,sMEL-ADMM,0.01,0.01,6.81433,3.267284980008149,3.267045410629582,0.007332906294709108,2.930988785010413e-14,7.458865368951094e-5,93,converged,gap_residual_and_feasibility
62,0.7249969404162471,IPOPT,0.01,1.0e-10,22.869110107421875,3.223608324604246,3.223608324604246,0.0,9.995268335227792e-9,NaN,27,INTERRUPTED,gap_and_residual
62,0.7249969404162471,MadNLP,0.01,0.01,14.590024948120117,3.2237151912776363,3.223608324604246,0.0033151258660812782,2.7755575615628914e-17,NaN,20,INTERRUPTED,gap_and_residual
62,0.7249969404162471,ADMM,0.01,0.0001,555.0785064697266,3.223897273406243,3.223608324604246,0.00896352077860721,3.8163916471489756e-16,0.0141380974283945,43,converged,gap_callback_with_solver_termination
62,0.7249969404162471,MEL-ADMM,0.01,0.01,84.84888076782227,3.2238933572646,3.223608324604246,0.008842037606688407,3.469446951953614e-16,0.005052477687469214,46,converged,gap_residual_and_feasibility
62,0.7249969404162471,sMEL-ADMM,0.01,0.01,7.5028760000000005,3.223845087058204,3.223608324604246,0.007344640853256869,3.008704396734174e-14,9.78046564194205e-5,93,converged,gap_residual_and_feasibility
63,0.48781234582387767,IPOPT,0.01,1.0e-10,26.372909545898438,3.6792922280038955,3.6792922280038955,0.0,9.995267946649733e-9,NaN,32,INTERRUPTED,gap_and_residual
63,0.48781234582387767,MadNLP,0.01,0.01,15.102863311767578,3.6794088616072473,3.6792922280038955,0.0031700010796659826,3.122502256758253e-17,NaN,21,INTERRUPTED,gap_and_residual
63,0.48781234582387767,ADMM,0.01,0.0001,404.7708511352539,3.679659654351888,3.6792922280038955,0.009986332294991088,5.872247132998609e-12,0.0010861158531481029,31,converged,gap_callback_with_solver_termination
63,0.48781234582387767,MEL-ADMM,0.01,0.01,58.24542045593262,3.6796590903392143,3.6792922280038955,0.009971002915357656,1.0328315980245861e-10,0.0007583267775243194,31,converged,gap_residual_and_feasibility
63,0.48781234582387767,sMEL-ADMM,0.01,0.01,7.395289,3.679623188080409,3.6792922280038955,0.008995210382973474,2.930988785010413e-14,6.892349940649297e-5,93,converged,gap_residual_and_feasibility
64,0.5406903974996202,IPOPT,0.01,1.0e-10,36.69404983520508,3.577701831573716,3.577701831573716,0.0,9.995267891138582e-9,NaN,33,INTERRUPTED,gap_and_residual
64,0.5406903974996202,MadNLP,0.01,0.01,16.17908477783203,3.577816401182414,3.577701831573716,0.0032023241201053,7.840950111415168e-15,NaN,22,INTERRUPTED,gap_and_residual
64,0.5406903974996202,ADMM,0.01,0.0001,536.6499423980713,3.578047648143737,3.577701831573716,0.00966588570823081,3.677613769070831e-16,0.0023919274750501297,33,converged,gap_callback_with_solver_termination
64,0.5406903974996202,MEL-ADMM,0.01,0.01,64.03565406799316,3.578049479471661,3.577701831573716,0.009717072979003675,3.8163916471489756e-16,0.0018034853497560961,33,converged,gap_residual_and_feasibility
64,0.5406903974996202,sMEL-ADMM,0.01,0.01,6.7503709999999995,3.578021405355565,3.577701831573716,0.008932376058524436,2.930988785010413e-14,6.910603013706752e-5,93,converged,gap_residual_and_feasibility
65,0.39288181146734297,IPOPT,0.01,1.0e-10,24.427175521850586,3.8616747158789595,3.8616747158789595,0.0,9.995268501761245e-9,NaN,29,INTERRUPTED,gap_and_residual
65,0.39288181146734297,MadNLP,0.01,0.01,19.315004348754883,3.8617959770257744,3.8616747158789595,0.0031401181025491123,7.278899705198683e-15,NaN,22,INTERRUPTED,gap_and_residual
65,0.39288181146734297,ADMM,0.01,0.0001,391.35241508483887,3.86205933834474,3.8616747158789595,0.009959991301159946,3.871403198019152e-12,0.002438839424767761,30,converged,gap_callback_with_solver_termination
65,0.39288181146734297,MEL-ADMM,0.01,0.01,55.258750915527344,3.8620579271513855,3.8616747158789595,0.009923447742770264,4.3021142204224816e-16,0.0013183239411647778,30,converged,gap_residual_and_feasibility
65,0.39288181146734297,sMEL-ADMM,0.01,0.01,6.986582,3.862012790138387,3.8616747158789595,0.00875460219467807,2.9976021664879227e-14,6.912216069022634e-5,93,converged,gap_residual_and_feasibility
66,0.5627048085520532,IPOPT,0.01,1.0e-10,31.39495849609375,3.535407293951417,3.535407293951417,0.0,9.995268446250094e-9,NaN,34,INTERRUPTED,gap_and_residual
66,0.5627048085520532,MadNLP,0.01,0.01,19.962072372436523,3.5354746095552634,3.535407293951417,0.001904040984510469,9.131584377541913e-15,NaN,23,INTERRUPTED,gap_and_residual
66,0.5627048085520532,ADMM,0.01,0.0001,440.4470920562744,3.535743455190931,3.535407293951417,0.00950841618980526,1.8064882922885772e-11,0.0009430830303442696,34,converged,gap_callback_with_solver_termination
66,0.5627048085520532,MEL-ADMM,0.01,0.01,63.99869918823242,3.5357479537100556,3.535407293951417,0.009635658081636479,3.608224830031759e-16,0.0022833791309618615,34,converged,gap_residual_and_feasibility
66,0.5627048085520532,sMEL-ADMM,0.01,0.01,7.0210799999999995,3.5357189948991046,3.535407293951417,0.008816549884384614,2.9753977059954195e-14,6.893835606073314e-5,93,converged,gap_residual_and_feasibility
67,0.6569580530278702,IPOPT,0.01,1.0e-10,22.228002548217773,3.3543260292738517,3.3543260292738517,0.0,9.995268168694338e-9,NaN,27,INTERRUPTED,gap_and_residual
67,0.6569580530278702,MadNLP,0.01,0.01,13.669967651367188,3.354436461002145,3.3543260292738517,0.003292218088809285,2.7755575615628914e-17,NaN,20,INTERRUPTED,gap_and_residual
67,0.6569580530278702,ADMM,0.01,0.0001,572.4391937255859,3.3546551199883097,3.3543260292738517,0.009810934047135872,1.4499512701604544e-12,0.0160598057680316,36,converged,gap_callback_with_solver_termination
67,0.6569580530278702,MEL-ADMM,0.01,0.01,83.09674263000488,3.3546324879208584,3.3543260292738517,0.009136221235867104,3.7470027081099033e-16,0.003276299612154433,40,converged,gap_residual_and_feasibility
67,0.6569580530278702,sMEL-ADMM,0.01,0.01,7.283671,3.3545795055044803,3.3543260292738517,0.007556696290593415,2.986499936241671e-14,6.126495855985833e-5,93,converged,gap_residual_and_feasibility
68,0.47822060822139323,IPOPT,0.01,1.0e-10,28.405189514160156,3.6977200708349054,3.6977200708349054,0.0,9.995268945850455e-9,NaN,32,INTERRUPTED,gap_and_residual
68,0.47822060822139323,MadNLP,0.01,0.01,14.889001846313477,3.69783710897532,3.6977200708349054,0.003165143336237542,2.7755575615628914e-17,NaN,21,INTERRUPTED,gap_and_residual
68,0.47822060822139323,ADMM,0.01,0.0001,434.09109115600586,3.698089495907882,3.6977200708349054,0.009990617621117675,3.677613769070831e-16,0.00012626588054114735,31,converged,gap_callback_with_solver_termination
68,0.47822060822139323,MEL-ADMM,0.01,0.01,60.991525650024414,3.6980885074006635,3.6977200708349054,0.009963884737087347,7.949196856316121e-13,0.0004811881059326069,31,converged,gap_residual_and_feasibility
68,0.47822060822139323,sMEL-ADMM,0.01,0.01,8.196336,3.6980521600129377,3.6977200708349054,0.008980917204944311,2.8976820942716586e-14,6.890869362156157e-5,93,converged,gap_residual_and_feasibility
69,0.290607237923707,IPOPT,0.01,1.0e-10,48.265933990478516,4.058166722330604,4.058166722330604,0.0,9.995267946649733e-9,NaN,50,INTERRUPTED,gap_and_residual
69,0.290607237923707,MadNLP,0.01,0.01,27.617931365966797,4.058278192868825,4.058166722330604,0.002746820075377047,8.360066111601228e-15,NaN,34,INTERRUPTED,gap_and_residual
69,0.290607237923707,ADMM,0.01,0.0001,355.3497791290283,4.0585700856334475,4.058166722330604,0.009939544884238873,3.885780586188048e-16,0.025385101786680117,26,converged,gap_callback_with_solver_termination
69,0.290607237923707,MEL-ADMM,0.01,0.01,57.1286678314209,4.058550399176335,4.058166722330604,0.009454437729716355,3.8163916471489756e-16,0.001237668778882605,30,converged,gap_residual_and_feasibility
69,0.290607237923707,sMEL-ADMM,0.01,0.01,8.029872000000001,4.0585154479268635,4.058166722330604,0.008593180618736158,2.930988785010413e-14,6.949586669658878e-5,93,converged,gap_residual_and_feasibility
70,0.314471201230871,IPOPT,0.01,1.0e-10,43.08795928955078,4.0123187870164365,4.0123187870164365,0.0,9.995267669093977e-9,NaN,48,INTERRUPTED,gap_and_residual
70,0.314471201230871,MadNLP,0.01,0.01,28.215885162353516,4.012446445388695,4.0123187870164365,0.0031816607561695695,6.591949208711867e-15,NaN,32,INTERRUPTED,gap_and_residual
70,0.314471201230871,ADMM,0.01,0.0001,441.5602684020996,4.012702835331614,4.0123187870164365,0.009571729854065533,3.2959746043559335e-16,0.002340951267371858,30,converged,gap_callback_with_solver_termination
70,0.314471201230871,MEL-ADMM,0.01,0.01,56.888580322265625,4.012702344407618,4.0123187870164365,0.009559494435552278,1.865174681370263e-14,0.001256489100243962,30,converged,gap_residual_and_feasibility
70,0.314471201230871,sMEL-ADMM,0.01,0.01,6.980708000000001,4.0126649440743,4.0123187870164365,0.008627356803832616,2.9531932455029164e-14,6.942781188580202e-5,93,converged,gap_residual_and_feasibility
71,0.574193741399072,IPOPT,0.01,1.0e-10,26.561975479125977,3.513334520740226,3.513334520740226,0.0,9.995267669093977e-9,NaN,33,INTERRUPTED,gap_and_residual
71,0.574193741399072,MadNLP,0.01,0.01,15.271902084350586,3.513447903497185,3.513334520740226,0.0032272121054654226,3.122502256758253e-17,NaN,22,INTERRUPTED,gap_and_residual
71,0.574193741399072,ADMM,0.01,0.0001,427.7803897857666,3.5136725999999503,3.513334520740226,0.009622746075800909,1.837585639208328e-11,0.019527064427573234,31,converged,gap_callback_with_solver_termination
71,0.574193741399072,MEL-ADMM,0.01,0.01,68.58944892883301,3.5136680820319732,3.513334520740226,0.009494151205304,3.872770160118222e-16,0.0013124757343183843,35,converged,gap_residual_and_feasibility
71,0.574193741399072,sMEL-ADMM,0.01,0.01,7.6871279999999995,3.513638885788153,3.513334520740226,0.008663138853704457,2.919886554764162e-14,6.83663159117831e-5,93,converged,gap_residual_and_feasibility
72,0.6458490394516732,IPOPT,0.01,1.0e-10,59.06510353088379,3.375668893796827,3.375668893796827,0.0,9.995267613582826e-9,NaN,56,INTERRUPTED,gap_and_residual
72,0.6458490394516732,MadNLP,0.01,0.01,30.191898345947266,3.375779776826281,3.375668893796827,0.0032847720834836176,2.7755575615628914e-17,NaN,34,INTERRUPTED,gap_and_residual
72,0.6458490394516732,ADMM,0.01,0.0001,525.7694721221924,3.3759767406054833,3.375668893796827,0.009119579506807314,1.6693868509776166e-12,0.01645406795271769,36,converged,gap_callback_with_solver_termination
72,0.6458490394516732,MEL-ADMM,0.01,0.01,76.37715339660645,3.37598230880074,3.375668893796827,0.009284530378236375,3.469446951953614e-16,0.0038325629325160586,39,converged,gap_residual_and_feasibility
72,0.6458490394516732,sMEL-ADMM,0.01,0.01,7.849663999999999,3.3759276095118698,3.375668893796827,0.007664131856009281,2.964295475749168e-14,6.126503663509558e-5,93,converged,gap_residual_and_feasibility
73,0.2971031068627258,IPOPT,0.01,1.0e-10,33.689022064208984,4.0456867258148534,4.0456867258148534,0.0,9.99526872380585e-9,NaN,38,INTERRUPTED,gap_and_residual
73,0.2971031068627258,MadNLP,0.01,0.01,22.317886352539062,4.045819281146578,4.0456867258148534,0.0032764606037978886,9.633786823837198e-15,NaN,30,INTERRUPTED,gap_and_residual
73,0.2971031068627258,ADMM,0.01,0.0001,349.7014045715332,4.046089836673099,4.0456867258148534,0.0099639662080962,3.2612801348363973e-16,0.02538543460875286,26,converged,gap_callback_with_solver_termination
73,0.2971031068627258,MEL-ADMM,0.01,0.01,54.42357063293457,4.04607037063806,4.0456867258148534,0.009482810934387395,3.122502256758253e-16,0.0012427894734314826,30,converged,gap_residual_and_feasibility
73,0.2971031068627258,sMEL-ADMM,0.01,0.01,7.221504,4.046034815555062,4.0456867258148534,0.0086039716814387,3.042011087472929e-14,6.947978298356243e-5,93,converged,gap_residual_and_feasibility
74,0.6598603640769429,IPOPT,0.01,1.0e-10,23.840904235839844,3.348750049813658,3.348750049813658,0.0,9.995268501761245e-9,NaN,28,INTERRUPTED,gap_and_residual
74,0.6598603640769429,MadNLP,0.01,0.01,15.449047088623047,3.348860357387423,3.348750049813658,0.003293992448647944,3.122502256758253e-17,NaN,21,INTERRUPTED,gap_and_residual
74,0.6598603640769429,ADMM,0.01,0.0001,534.1041088104248,3.349051018524712,3.348750049813658,0.00898749403739391,6.177280909014371e-13,0.015866303549822443,37,converged,gap_callback_with_solver_termination
74,0.6598603640769429,MEL-ADMM,0.01,0.01,77.67033576965332,3.3490597350941815,3.348750049813658,0.009247787261422672,3.400058012914542e-16,0.004276860257585002,40,converged,gap_residual_and_feasibility
74,0.6598603640769429,sMEL-ADMM,0.01,0.01,7.489001,3.3490023286977944,3.348750049813658,0.007533523863640047,3.0309088572266774e-14,6.126493582829864e-5,93,converged,gap_residual_and_feasibility
75,0.3793683115619419,IPOPT,0.01,1.0e-10,24.423837661743164,3.8876371288091276,3.8876371288091276,0.0,9.995268002160884e-9,NaN,29,INTERRUPTED,gap_and_residual
75,0.3793683115619419,MadNLP,0.01,0.01,15.608072280883789,3.887759115249379,3.8876371288091276,0.0031378041779497427,6.890321646579878e-15,NaN,22,INTERRUPTED,gap_and_residual
75,0.3793683115619419,ADMM,0.01,0.0001,422.7261543273926,3.88802165227729,3.8876371288091276,0.009890930028243726,2.22427631868527e-12,0.00242254946421986,30,converged,gap_callback_with_solver_termination
75,0.3793683115619419,MEL-ADMM,0.01,0.01,56.75673484802246,3.8880203828051525,3.8876371288091276,0.00985827594825706,3.5638159090467525e-14,0.0013076816891230067,30,converged,gap_residual_and_feasibility
75,0.3793683115619419,sMEL-ADMM,0.01,0.01,6.549955,3.887976296816203,3.8876371288091276,0.008724271217646412,2.919886554764162e-14,6.918066233460064e-5,93,converged,gap_residual_and_feasibility
76,0.6082901571998751,IPOPT,0.01,1.0e-10,28.604984283447266,3.4478277880169217,3.4478277880169217,0.0,9.99526827971664e-9,NaN,32,INTERRUPTED,gap_and_residual
76,0.6082901571998751,MadNLP,0.01,0.01,18.395185470581055,3.447895648878029,3.4478277880169217,0.001968220725616885,6.7090430433403014e-15,NaN,24,INTERRUPTED,gap_and_residual
76,0.6082901571998751,ADMM,0.01,0.0001,431.260347366333,3.4481585360995526,3.4478277880169217,0.009592940917189182,3.920475055707584e-16,0.019242578339229096,33,converged,gap_callback_with_solver_termination
76,0.6082901571998751,MEL-ADMM,0.01,0.01,68.64023208618164,3.448148886006427,3.4478277880169217,0.00931305184735168,2.983724378680108e-16,0.0015979143283481496,37,converged,gap_residual_and_feasibility
76,0.6082901571998751,sMEL-ADMM,0.01,0.01,6.917618,3.448109693681209,3.4478277880169217,0.008176326708285553,2.8976820942716586e-14,6.565676994239097e-5,93,converged,gap_residual_and_feasibility
77,0.7098282452565958,IPOPT,0.01,1.0e-10,22.049903869628906,3.252750732574327,3.252750732574327,0.0,9.995269056872758e-9,NaN,26,INTERRUPTED,gap_and_residual
77,0.7098282452565958,MadNLP,0.01,0.01,13.418912887573242,3.252858574477238,3.252750732574327,0.003315406306154108,2.42861286636753e-17,NaN,19,INTERRUPTED,gap_and_residual
77,0.7098282452565958,ADMM,0.01,0.0001,520.6601619720459,3.253056395363695,3.252750732574327,0.009397055430877311,1.723954312637943e-11,0.014324582079868984,41,converged,gap_callback_with_solver_termination
77,0.7098282452565958,MEL-ADMM,0.01,0.01,79.60963249206543,3.2530536937340764,3.252750732574327,0.009313998663212048,3.0184188481996443e-16,0.006985911652375831,44,converged,gap_residual_and_feasibility
77,0.7098282452565958,sMEL-ADMM,0.01,0.01,8.287331,3.252989060402823,3.252750732574327,0.007326962564625718,2.9753977059954195e-14,8.290967414112957e-5,93,converged,gap_residual_and_feasibility
78,0.4365619816606586,IPOPT,0.01,1.0e-10,30.165910720825195,3.777755477831244,3.777755477831244,0.0,9.995268890339304e-9,NaN,32,INTERRUPTED,gap_and_residual
78,0.4365619816606586,MadNLP,0.01,0.01,15.680074691772461,3.7778744484456457,3.777755477831244,0.003149240735668328,2.7755575615628914e-17,NaN,21,INTERRUPTED,gap_and_residual
78,0.4365619816606586,ADMM,0.01,0.0001,417.1898365020752,3.778130097137251,3.777755477831244,0.009916451930401374,3.686287386450715e-16,0.00028101345112461,31,converged,gap_callback_with_solver_termination
78,0.4365619816606586,MEL-ADMM,0.01,0.01,59.256792068481445,3.7781328564266086,3.777755477831244,0.009989492373956757,3.8163916471489756e-16,0.00018380129777220006,31,converged,gap_residual_and_feasibility
78,0.4365619816606586,sMEL-ADMM,0.01,0.01,6.761667,3.778090795976551,3.777755477831244,0.008876120947343195,3.0531133177191805e-14,6.89599450052654e-5,93,converged,gap_residual_and_feasibility
79,0.5079668477555298,IPOPT,0.01,1.0e-10,27.2369384765625,3.6405709858967747,3.6405709858967747,0.0,9.995269056872758e-9,NaN,32,INTERRUPTED,gap_and_residual
79,0.5079668477555298,MadNLP,0.01,0.01,16.163110733032227,3.640686799910802,3.6405709858967747,0.003181204664763706,2.42861286636753e-17,NaN,22,INTERRUPTED,gap_and_residual
79,0.5079668477555298,ADMM,0.01,0.0001,414.7071838378906,3.640928725837473,3.6405709858967747,0.009826478925532836,3.400058012914542e-16,0.0005962194008968975,32,converged,gap_callback_with_solver_termination
79,0.5079668477555298,MEL-ADMM,0.01,0.01,58.06422233581543,3.6409290016222164,3.6405709858967747,0.009834054241178508,3.7470027081099033e-16,0.0006559838280933081,32,converged,gap_residual_and_feasibility
79,0.5079668477555298,sMEL-ADMM,0.01,0.01,6.808085,3.640898585873267,3.6405709858967747,0.008998587797396214,2.914335439641036e-14,6.901282130905573e-5,93,converged,gap_residual_and_feasibility
80,0.5598125186475604,IPOPT,0.01,1.0e-10,33.12397003173828,3.5409640205832935,3.5409640205832935,0.0,9.995268779317001e-9,NaN,35,INTERRUPTED,gap_and_residual
80,0.5598125186475604,MadNLP,0.01,0.01,20.86496353149414,3.5410313195427174,3.5409640205832935,0.0019005829777631188,9.027500968983304e-15,NaN,24,INTERRUPTED,gap_and_residual
80,0.5598125186475604,ADMM,0.01,0.0001,442.22283363342285,3.541302095565033,3.5409640205832935,0.009547540719828194,3.7470027081099033e-16,0.002305462290840575,34,converged,gap_callback_with_solver_termination
80,0.5598125186475604,MEL-ADMM,0.01,0.01,64.7127628326416,3.5413041428908274,3.5409640205832935,0.009605359036600944,3.7470027081099033e-16,0.0017975934727941355,34,converged,gap_residual_and_feasibility
80,0.5598125186475604,sMEL-ADMM,0.01,0.01,7.153458,3.541277138474565,3.5409640205832935,0.008842730099812264,2.919886554764162e-14,6.90135417199646e-5,93,converged,gap_residual_and_feasibility
81,0.2851026186558792,IPOPT,0.01,1.0e-10,42.24896430969238,4.068742309665861,4.068742309665861,0.0,9.995268668294699e-9,NaN,43,INTERRUPTED,gap_and_residual
81,0.2851026186558792,MadNLP,0.01,0.01,31.469106674194336,4.068879064546321,4.068742309665861,0.0033611094056006617,7.265021917390868e-15,NaN,35,INTERRUPTED,gap_and_residual
81,0.2851026186558792,ADMM,0.01,0.0001,485.06665229797363,4.06914588927078,4.068742309665861,0.009919025934877783,4.440892098500626e-16,0.02538481987527408,26,converged,gap_callback_with_solver_termination
81,0.2851026186558792,MEL-ADMM,0.01,0.01,56.90765380859375,4.069126013249925,4.068742309665861,0.009430520658745145,4.0809369772354387e-16,0.0012333305539381084,30,converged,gap_residual_and_feasibility
81,0.2851026186558792,sMEL-ADMM,0.01,0.01,7.183409,4.069091546391357,4.068742309665861,0.008583407326297537,2.919886554764162e-14,6.950852579088417e-5,93,converged,gap_residual_and_feasibility
82,0.634837436219009,IPOPT,0.01,1.0e-10,39.23201560974121,3.396824611571717,3.396824611571717,0.0,9.995268113183187e-9,NaN,41,INTERRUPTED,gap_and_residual
82,0.634837436219009,MadNLP,0.01,0.01,20.746946334838867,3.3969357195971464,3.396824611571717,0.003270937953374427,2.7755575615628914e-17,NaN,27,INTERRUPTED,gap_and_residual
82,0.634837436219009,ADMM,0.01,0.0001,500.23674964904785,3.3971360636681855,3.396824611571717,0.009168918978261489,1.1286527268339341e-12,0.016938699778427088,35,converged,gap_callback_with_solver_termination
82,0.634837436219009,MEL-ADMM,0.01,0.01,74.81575012207031,3.3971480565619,3.396824611571717,0.009521980884187032,3.8510861166685117e-16,0.004741792641272547,38,converged,gap_residual_and_feasibility
82,0.634837436219009,sMEL-ADMM,0.01,0.01,6.690002,3.397089546685538,3.396824611571717,0.007799493471595503,2.853273173286652e-14,6.236818383205216e-5,93,converged,gap_residual_and_feasibility
83,0.5772616859633901,IPOPT,0.01,1.0e-10,30.169963836669922,3.5074403227764654,3.5074403227764654,0.0,9.995267558071674e-9,NaN,33,INTERRUPTED,gap_and_residual
83,0.5772616859633901,MadNLP,0.01,0.01,16.861915588378906,3.5075535992845635,3.5074403227764654,0.003229606142189034,3.122502256758253e-17,NaN,22,INTERRUPTED,gap_and_residual
83,0.5772616859633901,ADMM,0.01,0.0001,462.9626274108887,3.5077761144603388,3.5074403227764654,0.009573696284802664,4.0245584642661925e-16,0.019450982150463397,31,converged,gap_callback_with_solver_termination
83,0.5772616859633901,MEL-ADMM,0.01,0.01,69.53692436218262,3.5077735148245055,3.5074403227764654,0.009499578535275022,3.400058012914542e-16,0.0017332911055038414,35,converged,gap_residual_and_feasibility
83,0.5772616859633901,sMEL-ADMM,0.01,0.01,6.899673,3.5077425052991815,3.5074403227764654,0.008615471537855596,2.942091015256665e-14,6.816214992498917e-5,93,converged,gap_residual_and_feasibility
84,0.7338694255220637,IPOPT,0.01,1.0e-10,38.07187080383301,3.2065623244083956,3.2065623244083956,0.0,9.995269278917362e-9,NaN,36,INTERRUPTED,gap_and_residual
84,0.7338694255220637,MadNLP,0.01,0.01,23.836851119995117,3.2066419952337024,3.2065623244083956,0.0024846180191273265,3.122502256758253e-17,NaN,29,INTERRUPTED,gap_and_residual
84,0.7338694255220637,ADMM,0.01,0.0001,596.4479446411133,3.2068470728429603,3.2065623244083956,0.008880177765366043,1.7784435035750334e-10,0.012716860774112068,44,converged,gap_callback_with_solver_termination
84,0.7338694255220637,MEL-ADMM,0.01,0.01,89.21003341674805,3.20684372111582,3.2065623244083956,0.008775650648747605,4.0245584642661925e-16,0.00511141130479904,47,converged,gap_residual_and_feasibility
84,0.7338694255220637,sMEL-ADMM,0.01,0.01,6.627045,3.206798874311702,3.2065623244083956,0.007377056154684721,2.9753977059954195e-14,0.00010365190949780407,93,converged,gap_residual_and_feasibility
85,0.667927226597046,IPOPT,0.01,1.0e-10,28.04088592529297,3.3332518282379002,3.3332518282379002,0.0,9.99526827971664e-9,NaN,34,INTERRUPTED,gap_and_residual
85,0.667927226597046,MadNLP,0.01,0.01,17.873048782348633,3.3333617762996104,3.3332518282379002,0.003298522505222374,2.7755575615628914e-17,NaN,27,INTERRUPTED,gap_and_residual
85,0.667927226597046,ADMM,0.01,0.0001,507.41052627563477,3.3335716511385565,3.3332518282379002,0.009594921630188186,1.6293633109398797e-12,0.015581274971365374,37,converged,gap_callback_with_solver_termination
85,0.667927226597046,MEL-ADMM,0.01,0.01,88.3023738861084,3.3335527600148147,3.3332518282379002,0.009028174060090951,4.579669976578771e-16,0.0029170921175841955,41,converged,gap_residual_and_feasibility
85,0.667927226597046,sMEL-ADMM,0.01,0.01,7.3880040000000005,3.3335010351086694,3.3332518282379002,0.007476388932211783,2.964295475749168e-14,6.126486865835196e-5,93,converged,gap_residual_and_feasibility
86,0.2860748221638096,IPOPT,0.01,1.0e-10,49.97706413269043,4.066874492364519,4.066874492364519,0.0,9.995268834828153e-9,NaN,43,INTERRUPTED,gap_and_residual
86,0.2860748221638096,MadNLP,0.01,0.01,33.64396095275879,4.067010894720433,4.066874492364519,0.003353984888628421,9.495876307497042e-15,NaN,35,INTERRUPTED,gap_and_residual
86,0.2860748221638096,ADMM,0.01,0.0001,399.89447593688965,4.067278033623386,4.066874492364519,0.009922638616563844,3.3306690738754696e-16,0.02538486973219482,26,converged,gap_callback_with_solver_termination
86,0.2860748221638096,MEL-ADMM,0.01,0.01,55.384159088134766,4.067258191253457,4.066874492364519,0.009434736421260729,4.0245584642661925e-16,0.0012340965464133768,30,converged,gap_residual_and_feasibility
86,0.2860748221638096,sMEL-ADMM,0.01,0.01,6.887791,4.067223640075322,4.066874492364519,0.008585160704077575,2.8976820942716586e-14,6.950633349976903e-5,93,converged,gap_residual_and_feasibility
87,0.5781820038530925,IPOPT,0.01,1.0e-10,27.080059051513672,3.505672189188069,3.505672189188069,0.0,9.995268168694338e-9,NaN,33,INTERRUPTED,gap_and_residual
87,0.5781820038530925,MadNLP,0.01,0.01,15.516996383666992,3.5057854338514804,3.505672189188069,0.003230326662054169,3.122502256758253e-17,NaN,22,INTERRUPTED,gap_and_residual
87,0.5781820038530925,ADMM,0.01,0.0001,414.5658016204834,3.5060082154673995,3.505672189188069,0.009585216791431626,5.134781488891349e-14,0.019451112708884652,31,converged,gap_callback_with_solver_termination
87,0.5781820038530925,MEL-ADMM,0.01,0.01,65.69647789001465,3.506005394343074,3.505672189188069,0.009504743656082483,1.2739809207573671e-13,0.0018811253949303722,35,converged,gap_residual_and_feasibility
87,0.5781820038530925,sMEL-ADMM,0.01,0.01,7.437456,3.505973709665629,3.505672189188069,0.008600931898024392,2.8754776337791554e-14,6.809646081041773e-5,93,converged,gap_residual_and_feasibility
88,0.432012774600436,IPOPT,0.01,1.0e-10,26.302099227905273,3.786495507655435,3.786495507655435,0.0,9.995267558071674e-9,NaN,32,INTERRUPTED,gap_and_residual
88,0.432012774600436,MadNLP,0.01,0.01,15.395879745483398,3.786614711968396,3.786495507655435,0.003148143520043012,2.7755575615628914e-17,NaN,22,INTERRUPTED,gap_and_residual
88,0.432012774600436,ADMM,0.01,0.0001,406.3751697540283,3.78687011829988,3.786495507655435,0.009893333920183666,3.7686867515596134e-16,0.00028033699555216063,31,converged,gap_callback_with_solver_termination
88,0.432012774600436,MEL-ADMM,0.01,0.01,56.87737464904785,3.7868729053757115,3.786495507655435,0.009966939601897047,4.593436742084123e-12,0.000183263230132822,31,converged,gap_residual_and_feasibility
88,0.432012774600436,sMEL-ADMM,0.01,0.01,6.77646,3.786831037953169,3.786495507655435,0.008861235859267633,2.942091015256665e-14,6.897249738121482e-5,93,converged,gap_residual_and_feasibility
89,0.7058821427020365,IPOPT,0.01,1.0e-10,26.24797821044922,3.260332065663718,3.260332065663718,0.0,9.995268612783548e-9,NaN,32,INTERRUPTED,gap_and_residual
89,0.7058821427020365,MadNLP,0.01,0.01,15.337944030761719,3.2604089800735707,3.260332065663718,0.0023590974263854032,1.0200174038743626e-15,NaN,21,INTERRUPTED,gap_and_residual
89,0.7058821427020365,ADMM,0.01,0.0001,533.7750911712646,3.260620603478132,3.260332065663718,0.008849951741202216,3.5388358909926865e-16,0.014324085532577368,41,converged,gap_callback_with_solver_termination
89,0.7058821427020365,MEL-ADMM,0.01,0.01,79.53715324401855,3.260624832201565,3.260332065663718,0.00897965397237333,3.8163916471489756e-16,0.004919635329143323,44,converged,gap_residual_and_feasibility
89,0.7058821427020365,sMEL-ADMM,0.01,0.01,6.973869,3.2605710156113608,3.260332065663718,0.007329006457938401,2.964295475749168e-14,7.850415214658533e-5,93,converged,gap_residual_and_feasibility
90,0.6402641737169238,IPOPT,0.01,1.0e-10,35.39705276489258,3.386398652288718,3.386398652288718,0.0,9.99526872380585e-9,NaN,39,INTERRUPTED,gap_and_residual
90,0.6402641737169238,MadNLP,0.01,0.01,19.51003074645996,3.3864676520866426,3.386398652288718,0.0020375568563965546,1.0200174038743626e-15,NaN,25,INTERRUPTED,gap_and_residual
90,0.6402641737169238,ADMM,0.01,0.0001,457.64636993408203,3.3867160323266168,3.386398652288718,0.009372199510070256,1.1854406345435109e-12,0.016745225030443064,35,converged,gap_callback_with_solver_termination
90,0.6402641737169238,MEL-ADMM,0.01,0.01,73.69661331176758,3.386708787332594,3.386398652288718,0.009158255590087878,4.0635897424756706e-16,0.0022767192662819687,39,converged,gap_residual_and_feasibility
90,0.6402641737169238,sMEL-ADMM,0.01,0.01,7.3002910000000005,3.386660396613482,3.386398652288718,0.007729282687589402,2.9753977059954195e-14,6.162905087076995e-5,93,converged,gap_residual_and_feasibility
91,0.29970048240485025,IPOPT,0.01,1.0e-10,30.272960662841797,4.0406965946992,4.0406965946992,0.0,9.995267280515918e-9,NaN,36,INTERRUPTED,gap_and_residual
91,0.29970048240485025,MadNLP,0.01,0.01,20.847082138061523,4.040828326014178,4.0406965946992,0.003260113990019049,7.452372052796363e-15,NaN,29,INTERRUPTED,gap_and_residual
91,0.29970048240485025,ADMM,0.01,0.0001,342.1909809112549,4.041099605524927,4.0406965946992,0.009973795762246732,2.0475843243161762e-12,0.025385567530110037,26,converged,gap_callback_with_solver_termination
91,0.29970048240485025,MEL-ADMM,0.01,0.01,57.05118179321289,4.041080226595571,4.0406965946992,0.009494201986714296,3.3306690738754696e-16,0.0012448375605500703,30,converged,gap_residual_and_feasibility
91,0.29970048240485025,sMEL-ADMM,0.01,0.01,6.796042000000001,4.041044417639788,4.0406965946992,0.008607994498881917,2.90878432451791e-14,6.9472927588533e-5,93,converged,gap_residual_and_feasibility
92,0.6147237871639953,IPOPT,0.01,1.0e-10,50.5979061126709,3.435467366295108,3.435467366295108,0.0,9.995268390738943e-9,NaN,51,INTERRUPTED,gap_and_residual
92,0.6147237871639953,MadNLP,0.01,0.01,31.939029693603516,3.435579374419292,3.435467366295108,0.0032603460385914394,2.0816681711721685e-17,NaN,38,INTERRUPTED,gap_and_residual
92,0.6147237871639953,ADMM,0.01,0.0001,451.4427185058594,3.4358097625622137,3.435467366295108,0.009966511993821862,4.0766001685454967e-16,0.01924284428307687,33,converged,gap_callback_with_solver_termination
92,0.6147237871639953,MEL-ADMM,0.01,0.01,71.40564918518066,3.435789454493198,3.435467366295108,0.009375382262391384,3.7470027081099033e-16,0.0028916001950901153,37,converged,gap_residual_and_feasibility
92,0.6147237871639953,sMEL-ADMM,0.01,0.01,6.449333,3.4357451831772603,3.435467366295108,0.008086727438538615,3.097522238704187e-14,6.49915633368697e-5,93,converged,gap_residual_and_feasibility
93,0.7082726144124791,IPOPT,0.01,1.0e-10,21.60501480102539,3.2557394424292623,3.2557394424292623,0.0,9.995268113183187e-9,NaN,26,INTERRUPTED,gap_and_residual
93,0.7082726144124791,MadNLP,0.01,0.01,13.43989372253418,3.25584737626037,3.2557394424292623,0.0033151863967135877,2.42861286636753e-17,NaN,19,INTERRUPTED,gap_and_residual
93,0.7082726144124791,ADMM,0.01,0.0001,539.7446155548096,3.2560369258140724,3.2557394424292623,0.009137198786036898,1.25910393222739e-12,0.014324389614419876,41,converged,gap_callback_with_solver_termination
93,0.7082726144124791,MEL-ADMM,0.01,0.01,78.74894142150879,3.2560376211063673,3.2557394424292623,0.00915855468097704,3.2612801348363973e-16,0.00612393547375385,44,converged,gap_residual_and_feasibility
93,0.7082726144124791,sMEL-ADMM,0.01,0.01,8.224162,3.255978005303252,3.2557394424292623,0.007327455965321276,2.919886554764162e-14,8.118731295616612e-5,93,converged,gap_residual_and_feasibility
94,0.44084583992997217,IPOPT,0.01,1.0e-10,30.142784118652344,3.769525241541546,3.769525241541546,0.0,9.995268113183187e-9,NaN,38,INTERRUPTED,gap_and_residual
94,0.44084583992997217,MadNLP,0.01,0.01,20.25604248046875,3.7696439936726565,3.769525241541546,0.0031503206239781247,3.122502256758253e-17,NaN,31,INTERRUPTED,gap_and_residual
94,0.44084583992997217,ADMM,0.01,0.0001,419.5241928100586,3.7698994955848106,3.769525241541546,0.009928413242604269,3.2959746043559335e-16,0.0002804647650979167,31,converged,gap_callback_with_solver_termination
94,0.44084583992997217,MEL-ADMM,0.01,0.01,63.68660926818848,3.7699019099767797,3.769525241541546,0.00999246353579269,3.8163916471489756e-16,7.811502810838034e-6,33,converged,gap_residual_and_feasibility
94,0.44084583992997217,sMEL-ADMM,0.01,0.01,6.971082,3.7698603700936095,3.769525241541546,0.008890471096205265,2.786659791809143e-14,6.894911465695711e-5,93,converged,gap_residual_and_feasibility
95,0.5235754725976552,IPOPT,0.01,1.0e-10,27.10700035095215,3.610583376005904,3.610583376005904,0.0,9.99526783562743e-9,NaN,33,INTERRUPTED,gap_and_residual
95,0.5235754725976552,MadNLP,0.01,0.01,14.858007431030273,3.610651025088482,3.610583376005904,0.0018736330263831808,6.9198119456714835e-15,NaN,22,INTERRUPTED,gap_and_residual
95,0.5235754725976552,ADMM,0.01,0.0001,418.9743995666504,3.610934592908082,3.610583376005904,0.009727428107940035,3.2612801348363973e-16,0.00197216273092524,32,converged,gap_callback_with_solver_termination
95,0.5235754725976552,MEL-ADMM,0.01,0.01,59.08989906311035,3.6109401739908353,3.610583376005904,0.009882003758799395,3.95516952522712e-16,0.002342440185214765,32,converged,gap_residual_and_feasibility
95,0.5235754725976552,sMEL-ADMM,0.01,0.01,7.09216,3.6109075266127437,3.610583376005904,0.008977790375760849,2.853273173286652e-14,6.907853737557652e-5,93,converged,gap_residual_and_feasibility
96,0.3680746880558915,IPOPT,0.01,1.0e-10,24.943113327026367,3.9093346697122606,3.9093346697122606,0.0,9.99526872380585e-9,NaN,30,INTERRUPTED,gap_and_residual
96,0.3680746880558915,MadNLP,0.01,0.01,15.59305191040039,3.9094096841872066,3.9093346697122606,0.0019188552857122645,6.106226635438361e-15,NaN,22,INTERRUPTED,gap_and_residual
96,0.3680746880558915,ADMM,0.01,0.0001,410.71581840515137,3.9097190962604755,3.9093346697122606,0.009833554317906638,3.7470027081099033e-16,0.002408527277202751,30,converged,gap_callback_with_solver_termination
96,0.3680746880558915,MEL-ADMM,0.01,0.01,58.24995040893555,3.9097179673085884,3.9093346697122606,0.009804675954132038,4.0939474033052647e-16,0.0012987801444060976,30,converged,gap_residual_and_feasibility
96,0.3680746880558915,sMEL-ADMM,0.01,0.01,8.32909,3.9096747613285245,3.9093346697122606,0.008699475614067788,2.90878432451791e-14,6.922583773547562e-5,93,converged,gap_residual_and_feasibility
97,0.4269410598146789,IPOPT,0.01,1.0e-10,26.76677703857422,3.796239390028886,3.796239390028886,0.0,9.995268779317001e-9,NaN,32,INTERRUPTED,gap_and_residual
97,0.4269410598146789,MadNLP,0.01,0.01,15.048027038574219,3.7963588563911035,3.796239390028886,0.003146965982474085,2.42861286636753e-17,NaN,21,INTERRUPTED,gap_and_residual
97,0.4269410598146789,ADMM,0.01,0.0001,419.464111328125,3.796613919984041,3.796239390028886,0.009865814999415504,7.774947352601203e-12,0.0002795512716641628,31,converged,gap_callback_with_solver_termination
97,0.4269410598146789,MEL-ADMM,0.01,0.01,58.39729309082031,3.796616814488233,3.796239390028886,0.009942061618622097,2.8895941195372643e-11,0.0001826629559666948,31,converged,gap_residual_and_feasibility
97,0.4269410598146789,sMEL-ADMM,0.01,0.01,7.338995,3.7965751794004174,3.796239390028886,0.008845316036007213,2.8754776337791554e-14,6.898797639319672e-5,93,converged,gap_residual_and_feasibility
98,0.378486962244526,IPOPT,0.01,1.0e-10,24.14393424987793,3.8893303951779163,3.8893303951779163,0.0,9.995268335227792e-9,NaN,29,INTERRUPTED,gap_and_residual
98,0.378486962244526,MadNLP,0.01,0.01,15.290021896362305,3.889452429209056,3.8893303951779163,0.0031376617242690986,6.6405214660392176e-15,NaN,22,INTERRUPTED,gap_and_residual
98,0.378486962244526,ADMM,0.01,0.0001,392.9257392883301,3.88971495812008,3.8893303951779163,0.009887638824417727,3.608224830031759e-16,0.002421465194761087,30,converged,gap_callback_with_solver_termination
98,0.378486962244526,MEL-ADMM,0.01,0.01,55.135488510131836,3.8897136522336373,3.8893303951779163,0.009854062699227732,1.826871987020695e-13,0.0013069871494095116,30,converged,gap_residual_and_feasibility
98,0.378486962244526,sMEL-ADMM,0.01,0.01,6.9729969999999994,3.8896696346902404,3.8893303951779163,0.00872231149980625,2.8976820942716586e-14,6.91842745066621e-5,93,converged,gap_residual_and_feasibility
99,0.3831254691752507,IPOPT,0.01,1.0e-10,26.433944702148438,3.880418800612633,3.880418800612633,0.0,9.995268612783548e-9,NaN,29,INTERRUPTED,gap_and_residual
99,0.3831254691752507,MadNLP,0.01,0.01,16.325950622558594,3.8805405839850327,3.880418800612633,0.00313840795691043,2.0816681711721685e-17,NaN,22,INTERRUPTED,gap_and_residual
99,0.3831254691752507,ADMM,0.01,0.0001,386.69705390930176,3.8808033534612725,3.880418800612633,0.009910086214894745,3.95516952522712e-16,0.0024268111999362595,30,converged,gap_callback_with_solver_termination
99,0.3831254691752507,MEL-ADMM,0.01,0.01,54.25834655761719,3.8808020416687454,3.880418800612633,0.00987628077804755,4.718447854656915e-16,0.0013106414009896872,30,converged,gap_residual_and_feasibility
99,0.3831254691752507,sMEL-ADMM,0.01,0.01,6.758415,3.8807576664771037,3.880418800612633,0.008732713706506662,3.019806626980426e-14,6.916522025797109e-5,93,converged,gap_residual_and_feasibility
100,0.3008810287993232,IPOPT,0.01,1.0e-10,28.239011764526367,4.038428504774968,4.038428504774968,0.0,9.995268890339304e-9,NaN,34,INTERRUPTED,gap_and_residual
100,0.3008810287993232,MadNLP,0.01,0.01,19.015073776245117,4.038559870519905,4.038428504774968,0.003252892673023227,7.806255641895632e-15,NaN,26,INTERRUPTED,gap_and_residual
100,0.3008810287993232,ADMM,0.01,0.0001,339.8575782775879,4.0388314702793675,4.038428504774968,0.009978275062264282,4.0939474033052647e-16,0.025385627932076906,26,converged,gap_callback_with_solver_termination
100,0.3008810287993232,MEL-ADMM,0.01,0.01,58.31193923950195,4.0388121307747715,4.038428504774968,0.009499388174131523,4.163336342344337e-16,0.001245768512512721,30,converged,gap_residual_and_feasibility
100,0.3008810287993232,sMEL-ADMM,0.01,0.01,6.890249,4.038776201246996,4.038428504774968,0.00860969735175544,2.986499936241671e-14,6.946965923367802e-5,93,converged,gap_residual_and_feasibility
101,0.5797498022421723,IPOPT,0.01,1.0e-10,26.467084884643555,3.5026601027964235,3.5026601027964235,0.0,9.995268446250094e-9,NaN,33,INTERRUPTED,gap_and_residual
101,0.5797498022421723,MadNLP,0.01,0.01,14.94598388671875,3.502773293230875,3.5026601027964235,0.0032315563351751732,6.869504964868156e-15,NaN,22,INTERRUPTED,gap_and_residual
101,0.5797498022421723,ADMM,0.01,0.0001,406.76188468933105,3.5029975121253414,3.5026601027964235,0.009632945219221405,3.9898639947466563e-16,0.01945135991090867,31,converged,gap_callback_with_solver_termination
101,0.5797498022421723,MEL-ADMM,0.01,0.01,64.93520736694336,3.5029935105930154,3.5026601027964235,0.0095187025519771,3.608224830031759e-16,0.002158720004497506,35,converged,gap_residual_and_feasibility
101,0.5797498022421723,sMEL-ADMM,0.01,0.01,6.541334,3.502960502765127,3.5026601027964235,0.008576337979921285,2.886579864025407e-14,6.798192856706173e-5,93,converged,gap_residual_and_feasibility
102,0.47987287140637647,IPOPT,0.01,1.0e-10,27.82297134399414,3.6945457089465608,3.6945457089465608,0.0,9.99526783562743e-9,NaN,32,INTERRUPTED,gap_and_residual
102,0.47987287140637647,MadNLP,0.01,0.01,15.458822250366211,3.694662676750892,3.6945457089465608,0.0031659590527701588,2.42861286636753e-17,NaN,21,INTERRUPTED,gap_and_residual
102,0.47987287140637647,ADMM,0.01,0.0001,399.8878002166748,3.694914725495265,3.6945457089465608,0.009988144085229562,4.3021142204224816e-16,0.0002480393599896616,31,converged,gap_callback_with_solver_termination
102,0.47987287140637647,MEL-ADMM,0.01,0.01,57.683467864990234,3.694913817751767,3.6945457089465608,0.009963574257985356,4.3021142204224816e-16,0.0005087338555810339,31,converged,gap_residual_and_feasibility
102,0.47987287140637647,sMEL-ADMM,0.01,0.01,6.564788999999999,3.6948776173145017,3.6945457089465608,0.008983739655384737,2.919886554764162e-14,6.890938758911166e-5,93,converged,gap_residual_and_feasibility
103,0.5766759856623691,IPOPT,0.01,1.0e-10,26.64494514465332,3.508565582196665,3.508565582196665,0.0,9.995268002160884e-9,NaN,33,INTERRUPTED,gap_and_residual
103,0.5766759856623691,MadNLP,0.01,0.01,14.889955520629883,3.508678878976789,3.508565582196665,0.0032291481367409925,6.833509452741637e-15,NaN,22,INTERRUPTED,gap_and_residual
103,0.5766759856623691,ADMM,0.01,0.0001,406.67724609375,3.5089014462954213,3.508565582196665,0.009572689775575466,4.2327252813834093e-16,0.01945089460470236,31,converged,gap_callback_with_solver_termination
103,0.5766759856623691,MEL-ADMM,0.01,0.01,66.34044647216797,3.5088988000092254,3.508565582196665,0.009497266183399257,3.877106968808164e-16,0.0016445971675278954,35,converged,gap_residual_and_feasibility
103,0.5766759856623691,sMEL-ADMM,0.01,0.01,6.815495,3.5088681876214287,3.508565582196665,0.00862476182002056,2.853273173286652e-14,6.820336733716001e-5,93,converged,gap_residual_and_feasibility
104,0.3265965602468832,IPOPT,0.01,1.0e-10,25.78902244567871,3.9890232988080614,3.9890232988080614,0.0,9.995268057672035e-9,NaN,30,INTERRUPTED,gap_and_residual
104,0.3265965602468832,MadNLP,0.01,0.01,17.203092575073242,3.989148412976658,3.9890232988080614,0.0031364612143000535,9.617306950815419e-15,NaN,23,INTERRUPTED,gap_and_residual
104,0.3265965602468832,ADMM,0.01,0.0001,394.60206031799316,3.989407437649002,3.9890232988080614,0.009629897149391048,5.950795411990839e-12,0.002356486666125115,30,converged,gap_callback_with_solver_termination
104,0.3265965602468832,MEL-ADMM,0.01,0.01,54.40926551818848,3.9894067945253666,3.9890232988080614,0.009613774816001125,3.677613769070831e-16,0.0012660560845202395,30,converged,gap_residual_and_feasibility
104,0.3265965602468832,sMEL-ADMM,0.01,0.01,7.066457,3.989367997051887,3.9890232988080614,0.008641168978094084,3.0309088572266774e-14,6.938657639438042e-5,93,converged,gap_residual_and_feasibility
105,0.2877345631746934,IPOPT,0.01,1.0e-10,40.37189483642578,4.063685763923823,4.063685763923823,0.0,9.995268057672035e-9,NaN,43,INTERRUPTED,gap_and_residual
105,0.2877345631746934,MadNLP,0.01,0.01,28.411865234375,4.063821566529788,4.063685763923823,0.00334185795492932,6.251943407420413e-15,NaN,35,INTERRUPTED,gap_and_residual
105,0.2877345631746934,ADMM,0.01,0.0001,336.46178245544434,4.064089239856937,4.063685763923823,0.009928817249987119,3.885780586188048e-16,0.025384954772659403,26,converged,gap_callback_with_solver_termination
105,0.2877345631746934,MEL-ADMM,0.01,0.01,54.7482967376709,4.064069454770382,4.063685763923823,0.009441941844154445,3.2959746043559335e-16,0.0012354044670940256,30,converged,gap_residual_and_feasibility
105,0.2877345631746934,sMEL-ADMM,0.01,0.01,6.986795,4.064034758623444,4.063685763923823,0.008588132052911174,2.986499936241671e-14,6.9502561608226e-5,93,converged,gap_residual_and_feasibility
106,0.4076044662419486,IPOPT,0.01,1.0e-10,24.752140045166016,3.8333892498366713,3.8333892498366713,0.0,9.995268113183187e-9,NaN,30,INTERRUPTED,gap_and_residual
106,0.4076044662419486,MadNLP,0.01,0.01,15.466928482055664,3.8335097300345864,3.8333892498366713,0.003142915839299137,8.895661984809067e-15,NaN,23,INTERRUPTED,gap_and_residual
106,0.4076044662419486,ADMM,0.01,0.0001,399.64985847473145,3.83376383196332,3.8333892498366713,0.009771565114721834,4.0939474033052647e-16,0.0002769676832664568,31,converged,gap_callback_with_solver_termination
106,0.4076044662419486,MEL-ADMM,0.01,0.01,54.02112007141113,3.833772428944355,3.8333892498366713,0.00999583091385571,3.885780586188048e-16,0.0013299008477127838,30,converged,gap_residual_and_feasibility
106,0.4076044662419486,sMEL-ADMM,0.01,0.01,6.999461,3.8337262299882955,3.8333892498366713,0.008790658335533174,2.9531932455029164e-14,6.905911165769937e-5,93,converged,gap_residual_and_feasibility
107,0.3942240235967547,IPOPT,0.01,1.0e-10,23.974180221557617,3.8590960304319863,3.8590960304319863,0.0,9.995267669093977e-9,NaN,29,INTERRUPTED,gap_and_residual
107,0.3942240235967547,MadNLP,0.01,0.01,15.250921249389648,3.859217220230029,3.8590960304319863,0.0031403675131942118,3.469446951953614e-17,NaN,22,INTERRUPTED,gap_and_residual
107,0.3942240235967547,ADMM,0.01,0.0001,386.2335681915283,3.859480662470744,3.8590960304319863,0.009966894726759611,3.0064284395336927e-12,0.0024404848724950863,30,converged,gap_callback_with_solver_termination
107,0.3942240235967547,MEL-ADMM,0.01,0.01,53.78842353820801,3.8594792381710437,3.8590960304319863,0.00992998712743657,3.400058012914542e-16,0.0013193868174566914,30,converged,gap_residual_and_feasibility
107,0.3942240235967547,sMEL-ADMM,0.01,0.01,6.957082,3.859433996835968,3.8590960304319863,0.008757657267832434,2.90878432451791e-14,6.911618633726954e-5,93,converged,gap_residual_and_feasibility
108,0.30435898329264405,IPOPT,0.01,1.0e-10,31.316041946411133,4.03174658733389,4.03174658733389,0.0,9.995268002160884e-9,NaN,34,INTERRUPTED,gap_and_residual
108,0.30435898329264405,MadNLP,0.01,0.01,20.589828491210938,4.031877105716656,4.03174658733389,0.003237266528000572,7.917277944358148e-15,NaN,27,INTERRUPTED,gap_and_residual
108,0.30435898329264405,ADMM,0.01,0.0001,348.447322845459,4.032149419923189,4.03174658733389,0.009991515601814112,6.560030296753894e-13,0.02538580584618661,26,converged,gap_callback_with_solver_termination
108,0.30435898329264405,MEL-ADMM,0.01,0.01,60.69755554199219,4.032130195926149,4.03174658733389,0.009514699992895217,3.677613769070831e-16,0.0012485118895161108,30,converged,gap_residual_and_feasibility
108,0.30435898329264405,sMEL-ADMM,0.01,0.01,7.35325,4.03209390066748,4.03174658733389,0.008614463386189885,2.986499936241671e-14,6.945958372414109e-5,93,converged,gap_residual_and_feasibility
109,0.7218622827320706,IPOPT,0.01,1.0e-10,26.716947555541992,3.229630693180933,3.229630693180933,0.0,9.995267502560523e-9,NaN,30,INTERRUPTED,gap_and_residual
109,0.7218622827320706,MadNLP,0.01,0.01,18.18084716796875,3.2297377722820957,3.229630693180933,0.0033155215359111467,3.469446951953614e-17,NaN,23,INTERRUPTED,gap_and_residual
109,0.7218622827320706,ADMM,0.01,0.0001,590.7878875732422,3.229910822634291,3.229630693180933,0.008673730217816566,3.5388358909926865e-16,0.014120525080524807,43,converged,gap_callback_with_solver_termination
109,0.7218622827320706,MEL-ADMM,0.01,0.01,82.43703842163086,3.229937539064227,3.229630693180933,0.009500958853967184,4.440892098500626e-16,0.00846581506600741,45,converged,gap_residual_and_feasibility
109,0.7218622827320706,sMEL-ADMM,0.01,0.01,6.940961,3.229867667341562,3.229630693180933,0.007337500263715185,2.7755575615628914e-14,9.512642279231294e-5,93,converged,gap_residual_and_feasibility
110,0.27564386083149683,IPOPT,0.01,1.0e-10,53.44891548156738,4.086914669022157,4.086914669022157,0.0,9.995268057672035e-9,NaN,51,INTERRUPTED,gap_and_residual
110,0.27564386083149683,MadNLP,0.01,0.01,28.57685089111328,4.087040533657705,4.086914669022157,0.0030796981522951943,6.996573459483457e-15,NaN,36,INTERRUPTED,gap_and_residual
110,0.27564386083149683,ADMM,0.01,0.0001,349.67565536499023,4.087318319662021,4.086914669022157,0.00987665935194868,2.1765922397776194e-13,0.025384728173661414,26,converged,gap_callback_with_solver_termination
110,0.27564386083149683,MEL-ADMM,0.01,0.01,54.88133430480957,4.087298465400865,4.086914669022157,0.009390858625387941,3.7990444123892075e-16,0.0012319172319300124,30,converged,gap_residual_and_feasibility
110,0.27564386083149683,sMEL-ADMM,0.01,0.01,6.841924,4.087264702566123,4.086914669022157,0.0085647382515488,2.90878432451791e-14,6.95281042332966e-5,93,converged,gap_residual_and_feasibility
111,0.2982344394171331,IPOPT,0.01,1.0e-10,31.5549373626709,4.0435131865286245,4.0435131865286245,0.0,9.995268057672035e-9,NaN,36,INTERRUPTED,gap_and_residual
111,0.2982344394171331,MadNLP,0.01,0.01,20.34592628479004,4.043645373500946,4.0435131865286245,0.003269111938654302,5.590580082204255e-15,NaN,28,INTERRUPTED,gap_and_residual
111,0.2982344394171331,ADMM,0.01,0.0001,339.5524024963379,4.043916253743376,4.0435131865286245,0.009968242865989234,1.8839096949108125e-12,0.025385492508796653,26,converged,gap_callback_with_solver_termination
111,0.2982344394171331,MEL-ADMM,0.01,0.01,54.668426513671875,4.043896825729731,4.0435131865286245,0.009487769259282857,4.462576141950336e-16,0.0012436815158444192,30,converged,gap_residual_and_feasibility
111,0.2982344394171331,sMEL-ADMM,0.01,0.01,6.895752,4.043861160645257,4.0435131865286245,0.008605737154305685,2.886579864025407e-14,6.947681892285288e-5,93,converged,gap_residual_and_feasibility
112,0.45835896323861985,IPOPT,0.01,1.0e-10,32.39107131958008,3.7358786701707603,3.7358786701707603,0.0,9.995268446250094e-9,NaN,31,INTERRUPTED,gap_and_residual
112,0.45835896323861985,MadNLP,0.01,0.01,17.654895782470703,3.735948254547502,3.7358786701707603,0.001862597340142144,7.0464467594177904e-15,NaN,20,INTERRUPTED,gap_and_residual
112,0.45835896323861985,ADMM,0.01,0.0001,456.3102722167969,3.7362512779882118,3.7358786701707603,0.009973766557961823,2.5549007354186415e-12,4.310753270084927e-5,32,converged,gap_callback_with_solver_termination
112,0.45835896323861985,MEL-ADMM,0.01,0.01,65.2153491973877,3.73625211300167,3.7358786701707603,0.009996117751137476,3.5388358909926865e-16,0.00024851314093932153,31,converged,gap_residual_and_feasibility
112,0.45835896323861985,sMEL-ADMM,0.01,0.01,7.185464,3.7362126382464758,3.7358786701707603,0.008939478639445273,2.9531932455029164e-14,6.891659363800207e-5,93,converged,gap_residual_and_feasibility
113,0.4028724498439614,IPOPT,0.01,1.0e-10,24.847984313964844,3.842480496706608,3.842480496706608,0.0,9.99526872380585e-9,NaN,30,INTERRUPTED,gap_and_residual
113,0.4028724498439614,MadNLP,0.01,0.01,15.156984329223633,3.8425536198353227,3.842480496706608,0.0019030188644403845,8.28503932126523e-15,NaN,22,INTERRUPTED,gap_and_residual
113,0.4028724498439614,ADMM,0.01,0.0001,429.02231216430664,3.8428550697628236,3.842480496706608,0.009748209692586201,2.636779683484747e-16,0.0002763101259120153,31,converged,gap_callback_with_solver_termination
113,0.4028724498439614,MEL-ADMM,0.01,0.01,55.31573295593262,3.842863684112055,3.842480496706608,0.009972396887255276,4.371503159461554e-16,0.0013261845241602892,30,converged,gap_residual_and_feasibility
113,0.4028724498439614,sMEL-ADMM,0.01,0.01,6.674167,3.8428177989448664,3.842480496706608,0.008778242037859508,2.886579864025407e-14,6.907882862711157e-5,93,converged,gap_residual_and_feasibility
114,0.2651071537834009,IPOPT,0.01,1.0e-10,36.59701347351074,4.107158006516036,4.107158006516036,0.0,9.99526783562743e-9,NaN,42,INTERRUPTED,gap_and_residual
114,0.2651071537834009,MadNLP,0.01,0.01,24.116992950439453,4.107305899414091,4.107158006516036,0.0036008572794261977,8.958112029944232e-15,NaN,32,INTERRUPTED,gap_and_residual
114,0.2651071537834009,ADMM,0.01,0.0001,379.2719841003418,4.107561659346735,4.107158006516036,0.009828032670250574,3.642919299551295e-16,0.025384725308455168,26,converged,gap_callback_with_solver_termination
114,0.2651071537834009,MEL-ADMM,0.01,0.01,64.22567367553711,4.1075419166312495,4.107158006516036,0.009347342240171502,3.469446951953614e-16,0.0012319168796700135,30,converged,gap_residual_and_feasibility
114,0.2651071537834009,sMEL-ADMM,0.01,0.01,9.061997,4.10750880392024,4.107158006516036,0.008541122685017968,2.980948821118545e-14,6.954676259932589e-5,93,converged,gap_residual_and_feasibility
115,0.6275672376912599,IPOPT,0.01,1.0e-10,33.753156661987305,3.4107922659605263,3.4107922659605263,0.0,9.995267502560523e-9,NaN,35,INTERRUPTED,gap_and_residual
115,0.6275672376912599,MadNLP,0.01,0.01,48.23589324951172,3.410903830499039,3.4107922659605263,0.003270927392037469,2.7755575615628914e-17,NaN,41,INTERRUPTED,gap_and_residual
115,0.6275672376912599,ADMM,0.01,0.0001,486.9074821472168,3.4111242419303283,3.4107922659605263,0.00973310433224101,2.1766477509288507e-12,0.01729246032165837,34,converged,gap_callback_with_solver_termination
115,0.6275672376912599,MEL-ADMM,0.01,0.01,78.20892333984375,3.4111078971451128,3.4107922659605263,0.009253896454979618,3.5388358909926865e-16,0.002499322360842514,38,converged,gap_residual_and_feasibility
115,0.6275672376912599,sMEL-ADMM,0.01,0.01,8.066163,3.411061753699053,3.4107922659605263,0.007901030538160346,2.919886554764162e-14,6.337478398730188e-5,93,converged,gap_residual_and_feasibility
116,0.4394295920828867,IPOPT,0.01,1.0e-10,36.15212440490723,3.772246165926414,3.772246165926414,0.0,9.995268168694338e-9,NaN,41,INTERRUPTED,gap_and_residual
116,0.4394295920828867,MadNLP,0.01,0.01,24.11484718322754,3.7723649901409995,3.772246165926414,0.0031499591850297957,2.0816681711721685e-17,NaN,31,INTERRUPTED,gap_and_residual
116,0.4394295920828867,ADMM,0.01,0.0001,403.20873260498047,3.7726205421430614,3.772246165926414,0.009924490613288104,7.047029626505719e-12,0.00028066252876342637,31,converged,gap_callback_with_solver_termination
116,0.4394295920828867,MEL-ADMM,0.01,0.01,59.91792678833008,3.772623185291537,3.772246165926414,0.009994558905742605,3.885780586188048e-16,2.4984140658809717e-5,32,converged,gap_residual_and_feasibility
116,0.4394295920828867,sMEL-ADMM,0.01,0.01,7.785414,3.772581356618315,3.772246165926414,0.008885705681904095,3.019806626980426e-14,6.8952590452598e-5,93,converged,gap_residual_and_feasibility
117,0.5018577763993984,IPOPT,0.01,1.0e-10,26.78394317626953,3.652307858970226,3.652307858970226,0.0,9.995268446250094e-9,NaN,32,INTERRUPTED,gap_and_residual
117,0.5018577763993984,MadNLP,0.01,0.01,14.833927154541016,3.6523759914848855,3.652307858970226,0.001865464722314914,6.945832797811136e-15,NaN,21,INTERRUPTED,gap_and_residual
117,0.5018577763993984,ADMM,0.01,0.0001,519.282341003418,3.652670739427564,3.652307858970226,0.00993564812579727,3.914479851374608e-12,0.002582044430381649,31,converged,gap_callback_with_solver_termination
117,0.5018577763993984,MEL-ADMM,0.01,0.01,71.01583480834961,3.6526680735249926,3.652307858970226,0.009862655851473017,4.02769040341866e-10,0.00038453842726575774,32,converged,gap_residual_and_feasibility
117,0.5018577763993984,sMEL-ADMM,0.01,0.01,7.413913,3.6526366687238387,3.652307858970226,0.009002794022555966,2.919886554764162e-14,6.898104716532901e-5,93,converged,gap_residual_and_feasibility
118,0.4074662632732624,IPOPT,0.01,1.0e-10,26.462078094482422,3.8336547682120985,3.8336547682120985,0.0,9.99526783562743e-9,NaN,30,INTERRUPTED,gap_and_residual
118,0.4074662632732624,MadNLP,0.01,0.01,17.022132873535156,3.83377525571531,3.8336547682120985,0.0031428887183721737,2.7755575615628914e-17,NaN,23,INTERRUPTED,gap_and_residual
118,0.4074662632732624,ADMM,0.01,0.0001,404.7505855560303,3.834029350551453,3.8336547682120985,0.009770893885916704,1.0370038161511275e-12,0.0002769485982601419,31,converged,gap_callback_with_solver_termination
118,0.4074662632732624,MEL-ADMM,0.01,0.01,54.96788024902344,3.834037947534095,3.8336547682120985,0.009995144194356098,3.7470027081099033e-16,0.001329792366508719,30,converged,gap_residual_and_feasibility
118,0.4074662632732624,sMEL-ADMM,0.01,0.01,6.632041,3.833991757643403,3.8336547682120985,0.008790291554121789,2.930988785010413e-14,6.905967604035022e-5,93,converged,gap_residual_and_feasibility
119,0.37918253846973027,IPOPT,0.01,1.0e-10,24.28603172302246,3.887994039880654,3.887994039880654,0.0,9.995268113183187e-9,NaN,29,INTERRUPTED,gap_and_residual
119,0.37918253846973027,MadNLP,0.01,0.01,15.66314697265625,3.888116036353863,3.887994039880654,0.003137774182726447,6.071532165918825e-15,NaN,22,INTERRUPTED,gap_and_residual
119,0.37918253846973027,ADMM,0.01,0.0001,384.6573829650879,3.888378560871688,3.887994039880654,0.009889958345873834,1.1069478667025123e-12,0.0024223204016810065,30,converged,gap_callback_with_solver_termination
119,0.37918253846973027,MEL-ADMM,0.01,0.01,55.90415000915527,3.8883772945315394,3.887994039880654,0.009857387818868059,1.4876988529977098e-14,0.0013075353124281097,30,converged,gap_residual_and_feasibility
119,0.37918253846973027,sMEL-ADMM,0.01,0.01,6.697121,3.8883332229416974,3.887994039880654,0.008723857535901363,3.008704396734174e-14,6.918142314530328e-5,93,converged,gap_residual_and_feasibility
120,0.5117878545049801,IPOPT,0.01,1.0e-10,26.5350341796875,3.6332299894315594,3.6332299894315594,0.0,9.99526778011628e-9,NaN,33,INTERRUPTED,gap_and_residual
120,0.5117878545049801,MadNLP,0.01,0.01,15.215873718261719,3.6333456527628547,3.6332299894315594,0.003183484988061788,2.42861286636753e-17,NaN,22,INTERRUPTED,gap_and_residual
120,0.5117878545049801,ADMM,0.01,0.0001,414.5815372467041,3.63358599596866,3.6332299894315594,0.00979862376277371,3.8163916471489756e-16,0.0011705723071473058,32,converged,gap_callback_with_solver_termination
120,0.5117878545049801,MEL-ADMM,0.01,0.01,58.56919288635254,3.6335868228377857,3.6332299894315594,0.009821382275942966,4.0939474033052647e-16,0.0009080565984603828,32,converged,gap_residual_and_feasibility
120,0.5117878545049801,sMEL-ADMM,0.01,0.01,6.871506999999999,3.633556773078575,3.6332299894315594,0.008994301158090922,3.008704396734174e-14,6.903320084808949e-5,93,converged,gap_residual_and_feasibility
121,0.41234322892859876,IPOPT,0.01,1.0e-10,26.935100555419922,3.8242850418587095,3.8242850418587095,0.0,9.995268834828153e-9,NaN,33,INTERRUPTED,gap_and_residual
121,0.41234322892859876,MadNLP,0.01,0.01,17.815113067626953,3.824405271989522,3.8242850418587095,0.003143859034997329,6.914607775243553e-15,NaN,26,INTERRUPTED,gap_and_residual
121,0.41234322892859876,ADMM,0.01,0.0001,408.45513343811035,3.824659616933874,3.8242850418587095,0.009794643209497737,4.440892098500626e-16,0.0002776151493858875,31,converged,gap_callback_with_solver_termination
121,0.41234322892859876,MEL-ADMM,0.01,0.01,57.6777458190918,3.8246625655015194,3.8242850418587095,0.009871744356857996,3.677613769070831e-16,0.0001809355792916842,31,converged,gap_residual_and_feasibility
121,0.41234322892859876,sMEL-ADMM,0.01,0.01,6.471462,3.824621708864771,3.8242850418587095,0.008803397298485803,3.086420008457935e-14,6.904021165555704e-5,93,converged,gap_residual_and_feasibility
122,0.6155623400488857,IPOPT,0.01,1.0e-10,37.42814064025879,3.4338563213094484,3.4338563213094484,0.0,9.995268446250094e-9,NaN,39,INTERRUPTED,gap_and_residual
122,0.6155623400488857,MadNLP,0.01,0.01,19.604921340942383,3.4339682996348984,3.4338563213094484,0.003261007886528465,2.42861286636753e-17,NaN,24,INTERRUPTED,gap_and_residual
122,0.6155623400488857,ADMM,0.01,0.0001,446.9797611236572,3.4341935888456074,3.4338563213094484,0.009821830169947945,1.712519015484304e-12,0.017722534796766432,34,converged,gap_callback_with_solver_termination
122,0.6155623400488857,MEL-ADMM,0.01,0.01,70.15180587768555,3.434178987256273,3.4338563213094484,0.009396605933164487,4.2327252813834093e-16,0.0031128162754602076,37,converged,gap_residual_and_feasibility
122,0.6155623400488857,sMEL-ADMM,0.01,0.01,6.855251,3.4341335975067673,3.4338563213094484,0.008074775744057381,2.8976820942716586e-14,6.489659407383792e-5,93,converged,gap_residual_and_feasibility
123,0.48329812891880236,IPOPT,0.01,1.0e-10,25.975942611694336,3.6879650340250123,3.6879650340250123,0.0,9.995268557272396e-9,NaN,32,INTERRUPTED,gap_and_residual
123,0.48329812891880236,MadNLP,0.01,0.01,14.641046524047852,3.688081856876068,3.6879650340250123,0.003167677837987006,2.7755575615628914e-17,NaN,21,INTERRUPTED,gap_and_residual
123,0.48329812891880236,ADMM,0.01,0.0001,399.0364074707031,3.6883331969361812,3.6879650340250123,0.009982820004318577,8.46289704981018e-12,0.0005064014292106324,31,converged,gap_callback_with_solver_termination
123,0.48329812891880236,MEL-ADMM,0.01,0.01,59.52930450439453,3.6883323655021676,3.6879650340250123,0.009960275484347088,3.137701209965371e-11,0.0005687260332603479,31,converged,gap_residual_and_feasibility
123,0.48329812891880236,sMEL-ADMM,0.01,0.01,6.542001000000001,3.6882965529522984,3.6879650340250123,0.008989210153229003,2.786659791809143e-14,6.891121854138947e-5,93,converged,gap_residual_and_feasibility
124,0.7355612417107447,IPOPT,0.01,1.0e-10,28.666019439697266,3.2033119724788484,3.2033119724788484,0.0,9.995267891138582e-9,NaN,34,INTERRUPTED,gap_and_residual
124,0.7355612417107447,MadNLP,0.01,0.01,19.18506622314453,3.2034180808760953,3.2033119724788484,0.0033124590473398337,2.7755575615628914e-17,NaN,27,INTERRUPTED,gap_and_residual
124,0.7355612417107447,ADMM,0.01,0.0001,566.678524017334,3.203605924991782,3.2033119724788484,0.009176518411537769,2.0518348131659536e-10,0.012658004948806765,44,converged,gap_callback_with_solver_termination
124,0.7355612417107447,MEL-ADMM,0.01,0.01,86.36093139648438,3.2035966988741076,3.2033119724788484,0.00888850033045313,3.0531133177191805e-16,0.006025063019377086,47,converged,gap_residual_and_feasibility
124,0.7355612417107447,sMEL-ADMM,0.01,0.01,6.811168,3.2035485515102478,3.2033119724788484,0.007385450853115736,2.964295475749168e-14,0.00010439658395174946,93,converged,gap_residual_and_feasibility
125,0.5690418971693729,IPOPT,0.01,1.0e-10,31.917810440063477,3.523232349443354,3.523232349443354,0.0,9.995267002960162e-9,NaN,36,INTERRUPTED,gap_and_residual
125,0.5690418971693729,MadNLP,0.01,0.01,21.997928619384766,3.52329965687925,3.523232349443354,0.0019103887913190138,6.1374516580059435e-15,NaN,30,INTERRUPTED,gap_and_residual
125,0.5690418971693729,ADMM,0.01,0.0001,413.2978916168213,3.523584630635958,3.523232349443354,0.009998806711112258,2.4184543256922097e-11,0.01970992731703003,31,converged,gap_callback_with_solver_termination
125,0.5690418971693729,MEL-ADMM,0.01,0.01,64.3162727355957,3.5235783896196002,3.523232349443354,0.009821667773371777,4.3368086899420177e-16,0.0037571030643619233,34,converged,gap_residual_and_feasibility
125,0.5690418971693729,sMEL-ADMM,0.01,0.01,6.699458,3.523540284924948,3.523232349443354,0.008740141184355824,3.042011087472929e-14,6.866873793116585e-5,93,converged,gap_residual_and_feasibility
126,0.6637632426879798,IPOPT,0.01,1.0e-10,24.576902389526367,3.3412517594502846,3.3412517594502846,0.0,9.995268890339304e-9,NaN,27,INTERRUPTED,gap_and_residual
126,0.6637632426879798,MadNLP,0.01,0.01,13.562202453613281,3.3413236075142168,3.3412517594502846,0.0021503337403088584,8.250344851745695e-15,NaN,19,INTERRUPTED,gap_and_residual
126,0.6637632426879798,ADMM,0.01,0.0001,490.950345993042,3.3415565686712916,3.3412517594502846,0.00912260562661403,3.7519987117207165e-12,0.01572828497243317,37,converged,gap_callback_with_solver_termination
126,0.6637632426879798,MEL-ADMM,0.01,0.01,73.98319244384766,3.3415703861042827,3.3412517594502846,0.009536146239111538,3.885780586188048e-16,0.005950106258080434,40,converged,gap_residual_and_feasibility
126,0.6637632426879798,sMEL-ADMM,0.01,0.01,6.751748,3.3415025072837885,3.3412517594502846,0.007504607600868921,2.9753977059954195e-14,6.126490406010987e-5,93,converged,gap_residual_and_feasibility
127,0.7388445526608314,IPOPT,0.01,1.0e-10,32.6848030090332,3.1970040082015685,3.1970040082015685,0.0,9.995267724605128e-9,NaN,36,INTERRUPTED,gap_and_residual
127,0.7388445526608314,MadNLP,0.01,0.01,20.517826080322266,3.197109869424154,3.1970040082015685,0.003311263367644738,3.122502256758253e-17,NaN,27,INTERRUPTED,gap_and_residual
127,0.7388445526608314,ADMM,0.01,0.0001,567.5005912780762,3.1973228172571404,3.1970040082015685,0.00997211935781254,5.8426041782411176e-12,0.01254392060298806,44,converged,gap_callback_with_solver_termination
127,0.7388445526608314,MEL-ADMM,0.01,0.01,86.06982231140137,3.197298058768915,3.1970040082015685,0.009197691544714795,4.163336342344337e-16,0.007993042789999238,47,converged,gap_residual_and_feasibility
127,0.7388445526608314,sMEL-ADMM,0.01,0.01,6.909372,3.1972407325868155,3.1970040082015685,0.007404569548231143,2.864375403532904e-14,0.00010529286288500899,93,converged,gap_residual_and_feasibility
128,0.45898745728186313,IPOPT,0.01,1.0e-10,24.982929229736328,3.7346711945360975,3.7346711945360975,0.0,9.995268390738943e-9,NaN,31,INTERRUPTED,gap_and_residual
128,0.45898745728186313,MadNLP,0.01,0.01,13.797998428344727,3.7347407547747173,3.7346711945360975,0.0018625532207917723,7.93809462606987e-15,NaN,20,INTERRUPTED,gap_and_residual
128,0.45898745728186313,ADMM,0.01,0.0001,408.10704231262207,3.735043614551977,3.7346711945360975,0.009971962630185682,3.677613769070831e-16,4.3590074378842963e-5,32,converged,gap_callback_with_solver_termination
128,0.45898745728186313,MEL-ADMM,0.01,0.01,56.054115295410156,3.735044464324413,3.7346711945360975,0.009994716237978965,3.878064536166903e-12,0.0002538934170779536,31,converged,gap_residual_and_feasibility
128,0.45898745728186313,sMEL-ADMM,0.01,0.01,6.272039,3.7350051120498433,3.7346711945360975,0.008941015054667018,2.930988785010413e-14,6.891582145506121e-5,93,converged,gap_residual_and_feasibility
129,0.5535071590473105,IPOPT,0.01,1.0e-10,27.935028076171875,3.553078006653588,3.553078006653588,0.0,9.995267946649733e-9,NaN,31,INTERRUPTED,gap_and_residual
129,0.5535071590473105,MadNLP,0.01,0.01,27.119159698486328,3.5531453255249117,3.553078006653588,0.001894663477625432,7.0915495697931874e-15,NaN,38,INTERRUPTED,gap_and_residual
129,0.5535071590473105,ADMM,0.01,0.0001,435.75453758239746,3.5534177164320857,3.553078006653588,0.009560999726475792,2.402356091835145e-12,0.0014579253489808985,34,converged,gap_callback_with_solver_termination
129,0.5535071590473105,MEL-ADMM,0.01,0.01,62.93296813964844,3.5534189592013057,3.553078006653588,0.009595976983311995,3.677613769070831e-16,0.0010443358670444436,34,converged,gap_residual_and_feasibility
129,0.5535071590473105,sMEL-ADMM,0.01,0.01,6.920542,3.5533936911170962,3.553078006653588,0.008884816570787355,2.853273173286652e-14,6.910492298115543e-5,93,converged,gap_residual_and_feasibility
130,0.5917079739877212,IPOPT,0.01,1.0e-10,37.33205795288086,3.4796858181979644,3.4796858181979644,0.0,9.995268834828153e-9,NaN,42,INTERRUPTED,gap_and_residual
130,0.5917079739877212,MadNLP,0.01,0.01,24.274110794067383,3.4797985947071024,3.4796858181979644,0.0032409968896673137,2.7755575615628914e-17,NaN,31,INTERRUPTED,gap_and_residual
130,0.5917079739877212,ADMM,0.01,0.0001,420.03822326660156,3.4800175470229653,3.4796858181979644,0.009533298186462993,3.677613769070831e-16,0.0193462217078502,32,converged,gap_callback_with_solver_termination
130,0.5917079739877212,MEL-ADMM,0.01,0.01,67.63505935668945,3.4800129508921875,3.4796858181979644,0.009401213538081562,3.41740524767431e-16,0.0014432990566924497,36,converged,gap_residual_and_feasibility
130,0.5917079739877212,sMEL-ADMM,0.01,0.01,6.522788,3.4799781503093934,3.4796858181979644,0.008401106499332584,3.097522238704187e-14,6.709782813790754e-5,93,converged,gap_residual_and_feasibility
131,0.31860673180842025,IPOPT,0.01,1.0e-10,31.219005584716797,4.0043735209276194,4.0043735209276194,0.0,9.995267558071674e-9,NaN,37,INTERRUPTED,gap_and_residual
131,0.31860673180842025,MadNLP,0.01,0.01,20.220041275024414,4.004500005702961,4.0043735209276194,0.003158665760835295,8.340550472496489e-15,NaN,29,INTERRUPTED,gap_and_residual
131,0.31860673180842025,ADMM,0.01,0.0001,388.8094425201416,4.0047575999592295,4.0043735209276194,0.009591488646171861,5.195122110279726e-12,0.0023462668282705906,30,converged,gap_callback_with_solver_termination
131,0.31860673180842025,MEL-ADMM,0.01,0.01,55.887699127197266,4.004757057250487,4.0043735209276194,0.009577935746074052,3.191891195797325e-16,0.0012597520041566224,30,converged,gap_residual_and_feasibility
131,0.31860673180842025,sMEL-ADMM,0.01,0.01,7.270373,4.0047191894433904,4.0043735209276194,0.008632274535941092,3.019806626980426e-14,6.941409365126584e-5,93,converged,gap_residual_and_feasibility
132,0.6178959239946523,IPOPT,0.01,1.0e-10,42.9840087890625,3.429372992014199,3.429372992014199,0.0,9.99526783562743e-9,NaN,46,INTERRUPTED,gap_and_residual
132,0.6178959239946523,MadNLP,0.01,0.01,29.800891876220703,3.42948489254636,3.429372992014199,0.0032630026661255693,3.469446951953614e-17,NaN,36,INTERRUPTED,gap_and_residual
132,0.6178959239946523,ADMM,0.01,0.0001,454.23054695129395,3.4297028214993537,3.429372992014199,0.009617778116368313,1.2000400673173317e-12,0.017638815676432145,34,converged,gap_callback_with_solver_termination
132,0.6178959239946523,MEL-ADMM,0.01,0.01,69.23317909240723,3.42969810861792,3.429372992014199,0.009480351203503198,3.5214886562329184e-16,0.0038053182573194455,37,converged,gap_residual_and_feasibility
132,0.6178959239946523,sMEL-ADMM,0.01,0.01,6.905252,3.4296487565199674,3.429372992014199,0.008041251459390115,2.9531932455029164e-14,6.462275436875872e-5,93,converged,gap_residual_and_feasibility
133,0.4200899438600634,IPOPT,0.01,1.0e-10,26.901960372924805,3.809401894390552,3.809401894390552,0.0,9.995267225004767e-9,NaN,31,INTERRUPTED,gap_and_residual
133,0.4200899438600634,MadNLP,0.01,0.01,15.640020370483398,3.809521717791802,3.809401894390552,0.003145464946255613,8.441164434103143e-15,NaN,23,INTERRUPTED,gap_and_residual
133,0.4200899438600634,ADMM,0.01,0.0001,412.27126121520996,3.8097764575471227,3.809401894390552,0.009832597529867843,3.191891195797325e-16,0.00027865616191484477,31,converged,gap_callback_with_solver_termination
133,0.4200899438600634,MEL-ADMM,0.01,0.01,56.81157112121582,3.8097793621989835,3.809401894390552,0.009908847081407431,3.3306690738754696e-16,0.00018185247699400303,31,converged,gap_residual_and_feasibility
133,0.4200899438600634,sMEL-ADMM,0.01,0.01,6.991339,3.8097380732382473,3.809401894390552,0.008824977175294752,3.064215547965432e-14,6.901128567769928e-5,93,converged,gap_residual_and_feasibility
134,0.7189283106497677,IPOPT,0.01,1.0e-10,41.74017906188965,3.2352675004669518,3.2352675004669518,0.0,9.995268057672035e-9,NaN,44,INTERRUPTED,gap_and_residual
134,0.7189283106497677,MadNLP,0.01,0.01,28.92899513244629,3.235345783259639,3.2352675004669518,0.002419669862723595,1.1310397063368782e-15,NaN,36,INTERRUPTED,gap_and_residual
134,0.7189283106497677,ADMM,0.01,0.0001,565.819263458252,3.2355710411611525,3.2352675004669518,0.009382244100584494,7.633893517322576e-12,0.014248329009788292,42,converged,gap_callback_with_solver_termination
134,0.7189283106497677,MEL-ADMM,0.01,0.01,80.58476448059082,3.2355641058900595,3.2352675004669518,0.009167879412286969,3.95516952522712e-16,0.006713382959118386,45,converged,gap_residual_and_feasibility
134,0.7189283106497677,sMEL-ADMM,0.01,0.01,6.992582,3.2355047277803712,3.2352675004669518,0.007332540922357244,2.886579864025407e-14,9.238762905151594e-5,93,converged,gap_residual_and_feasibility
135,0.5448136363032521,IPOPT,0.01,1.0e-10,37.39500045776367,3.5697801806928204,3.5697801806928204,0.0,9.995268446250094e-9,NaN,37,INTERRUPTED,gap_and_residual
135,0.5448136363032521,MadNLP,0.01,0.01,23.571014404296875,3.5698945955003314,3.5697801806928204,0.0032050939195014685,3.469446951953614e-17,NaN,26,INTERRUPTED,gap_and_residual
135,0.5448136363032521,ADMM,0.01,0.0001,442.14797019958496,3.5701241104432713,3.5697801806928204,0.009634479801052724,3.95516952522712e-16,0.0006321489999553953,33,converged,gap_callback_with_solver_termination
135,0.5448136363032521,MEL-ADMM,0.01,0.01,61.11884117126465,3.5701290221343513,3.5697801806928204,0.009772070656272417,3.5388358909926865e-16,0.002504802249807446,33,converged,gap_residual_and_feasibility
135,0.5448136363032521,sMEL-ADMM,0.01,0.01,7.143917,3.570098575336917,3.5697801806928204,0.008919166670782503,2.919886554764162e-14,6.911394549104048e-5,93,converged,gap_residual_and_feasibility
136,0.5887466682633147,IPOPT,0.01,1.0e-10,51.96809768676758,3.485375139437301,3.485375139437301,0.0,9.995268113183187e-9,NaN,54,INTERRUPTED,gap_and_residual
136,0.5887466682633147,MadNLP,0.01,0.01,26.477813720703125,3.4854880183156225,3.485375139437301,0.003238643583702351,6.2406677048265635e-15,NaN,36,INTERRUPTED,gap_and_residual
136,0.5887466682633147,ADMM,0.01,0.0001,415.82226753234863,3.48571148140671,3.485375139437301,0.009650093776217821,2.983724378680108e-16,0.01934577494524764,32,converged,gap_callback_with_solver_termination
136,0.5887466682633147,MEL-ADMM,0.01,0.01,66.03288650512695,3.4857176874357503,3.485375139437301,0.009828152917405339,4.2327252813834093e-16,0.004521912545270169,35,converged,gap_residual_and_feasibility
136,0.5887466682633147,sMEL-ADMM,0.01,0.01,7.159047,3.48566940484582,3.485375139437301,0.008442861865551281,3.0531133177191805e-14,6.731941142608128e-5,93,converged,gap_residual_and_feasibility
137,0.6380105225406667,IPOPT,0.01,1.0e-10,32.38105773925781,3.3907284131092448,3.3907284131092448,0.0,9.99526778011628e-9,NaN,34,INTERRUPTED,gap_and_residual
137,0.6380105225406667,MadNLP,0.01,0.01,37.48297691345215,3.3908395975012,3.3907284131092448,0.0032790709962245562,3.469446951953614e-17,NaN,42,INTERRUPTED,gap_and_residual
137,0.6380105225406667,ADMM,0.01,0.0001,463.43302726745605,3.3910411920213304,3.3907284131092448,0.009224534494603592,2.4085178296218146e-12,0.01682552979258168,35,converged,gap_callback_with_solver_termination
137,0.6380105225406667,MEL-ADMM,0.01,0.01,72.35932350158691,3.3910606536722896,3.3907284131092448,0.0097985011645376,4.2327252813834093e-16,0.006088642514409592,38,converged,gap_residual_and_feasibility
137,0.6380105225406667,sMEL-ADMM,0.01,0.01,7.546876999999999,3.3909914586519045,3.3907284131092448,0.007757788610930331,3.008704396734174e-14,6.193449678355487e-5,93,converged,gap_residual_and_feasibility
138,0.44130812713571643,IPOPT,0.01,1.0e-10,26.40986442565918,3.7686370858889124,3.7686370858889124,0.0,9.995268501761245e-9,NaN,30,INTERRUPTED,gap_and_residual
138,0.44130812713571643,MadNLP,0.01,0.01,15.089988708496094,3.768755814527593,3.7686370858889124,0.003150439694103913,2.7755575615628914e-17,NaN,22,INTERRUPTED,gap_and_residual
138,0.44130812713571643,ADMM,0.01,0.0001,407.56940841674805,3.7690113060439545,3.7686370858889124,0.009929853857334296,3.677613769070831e-16,0.00028040263665568554,31,converged,gap_callback_with_solver_termination
138,0.44130812713571643,MEL-ADMM,0.01,0.01,62.61324882507324,3.7690137492280065,3.7686370858889124,0.009994683237194381,3.2612801348363973e-16,7.843667359841433e-6,33,converged,gap_residual_and_feasibility
138,0.44130812713571643,sMEL-ADMM,0.01,0.01,6.781245,3.768972192778241,3.7686370858889124,0.008891991499618055,2.930988785010413e-14,6.894803927646239e-5,93,converged,gap_residual_and_feasibility
139,0.45588925717142537,IPOPT,0.01,1.0e-10,33.792972564697266,3.740623520075047,3.740623520075047,0.0,9.995267946649733e-9,NaN,31,INTERRUPTED,gap_and_residual
139,0.45588925717142537,MadNLP,0.01,0.01,24.944067001342773,3.7406932001157003,3.740623520075047,0.0018627921329020436,8.121975314523411e-15,NaN,31,INTERRUPTED,gap_and_residual
139,0.45588925717142537,ADMM,0.01,0.0001,427.0894527435303,3.740996886895653,3.740623520075047,0.009981406003632743,3.608224830031759e-16,4.108846487090381e-5,32,converged,gap_callback_with_solver_termination
139,0.45588925717142537,MEL-ADMM,0.01,0.01,77.4087905883789,3.74099714446381,3.740623520075047,0.009988291704790387,3.3306690738754696e-16,3.003090355278154e-5,32,converged,gap_residual_and_feasibility
139,0.45588925717142537,sMEL-ADMM,0.01,0.01,6.981338,3.7409576817742707,3.740623520075047,0.008933315460122562,3.042011087472929e-14,6.891996612615799e-5,93,converged,gap_residual_and_feasibility
140,0.6693401920646663,IPOPT,0.01,1.0e-10,33.399105072021484,3.3305372100277215,3.3305372100277215,0.0,9.995267891138582e-9,NaN,39,INTERRUPTED,gap_and_residual
140,0.6693401920646663,MadNLP,0.01,0.01,22.248029708862305,3.330646907783945,3.3305372100277215,0.003293695560383497,2.0816681711721685e-17,NaN,31,INTERRUPTED,gap_and_residual
140,0.6693401920646663,ADMM,0.01,0.0001,505.0232410430908,3.330864714501561,3.3305372100277215,0.009833382820449894,2.2593038551121936e-12,0.015531392115024838,37,converged,gap_callback_with_solver_termination
140,0.6693401920646663,MEL-ADMM,0.01,0.01,78.7358283996582,3.3308389086326087,3.3305372100277215,0.00905855679914911,3.5388358909926865e-16,0.0033482714857420385,41,converged,gap_residual_and_feasibility
140,0.6693401920646663,sMEL-ADMM,0.01,0.01,6.836796,3.3307859133822446,3.3305372100277215,0.007467364537297101,2.8976820942716586e-14,6.126485625629341e-5,93,converged,gap_residual_and_feasibility
141,0.3727969546091309,IPOPT,0.01,1.0e-10,27.65798568725586,3.900262154443844,3.900262154443844,0.0,9.995268113183187e-9,NaN,29,INTERRUPTED,gap_and_residual
141,0.3727969546091309,MadNLP,0.01,0.01,17.014026641845703,3.900384495167197,3.900262154443844,0.0031367307762486998,7.088080122841234e-15,NaN,22,INTERRUPTED,gap_and_residual
141,0.3727969546091309,ADMM,0.01,0.0001,473.1004238128662,3.900646614670601,3.900262154443844,0.009857291934057452,5.397071678459042e-12,0.0024144092302816507,30,converged,gap_callback_with_solver_termination
141,0.3727969546091309,MEL-ADMM,0.01,0.01,62.40248680114746,3.900645432700448,3.900262154443844,0.00982698704411663,3.434752482434078e-16,0.0013025028355617453,30,converged,gap_residual_and_feasibility
141,0.3727969546091309,sMEL-ADMM,0.01,0.01,7.70837,3.900601852421301,3.900262154443844,0.008709619097526303,3.064215547965432e-14,6.920705323591996e-5,93,converged,gap_residual_and_feasibility
142,0.311423540877235,IPOPT,0.01,1.0e-10,50.17495155334473,4.018174014538979,4.018174014538979,0.0,9.995269056872758e-9,NaN,46,INTERRUPTED,gap_and_residual
142,0.311423540877235,MadNLP,0.01,0.01,34.29293632507324,4.018302485567631,4.018174014538979,0.003197249003824104,8.743006318923108e-15,NaN,35,INTERRUPTED,gap_and_residual
142,0.311423540877235,ADMM,0.01,0.0001,422.4998950958252,4.018558040009761,4.018174014538979,0.00955721353512294,3.378741730841739e-12,0.0023370207462957704,30,converged,gap_callback_with_solver_termination
142,0.311423540877235,MEL-ADMM,0.01,0.01,62.23773956298828,4.018557587422048,4.018174014538979,0.009545950018126241,3.469446951953614e-16,0.0012540847103695192,30,converged,gap_residual_and_feasibility
142,0.311423540877235,sMEL-ADMM,0.01,0.01,7.019877,4.018520526293209,4.018174014538979,0.008623612441268889,3.019806626980426e-14,6.943768021017149e-5,93,converged,gap_residual_and_feasibility
143,0.3689221073740136,IPOPT,0.01,1.0e-10,33.58197212219238,3.9077065903533934,3.9077065903533934,0.0,9.995267724605128e-9,NaN,30,INTERRUPTED,gap_and_residual
143,0.3689221073740136,MadNLP,0.01,0.01,16.82305335998535,3.907781569400051,3.9077065903533934,0.0019187481179561137,6.9154751369815415e-15,NaN,22,INTERRUPTED,gap_and_residual
143,0.3689221073740136,ADMM,0.01,0.0001,493.9239025115967,3.9080910228714134,3.9077065903533934,0.009837804070782084,1.136724048222959e-11,0.0024095840325251,30,converged,gap_callback_with_solver_termination
143,0.3689221073740136,MEL-ADMM,0.01,0.01,62.757253646850586,3.9080898843452037,3.9077065903533934,0.009808668664030597,9.515166432549904e-13,0.0012994482735012997,30,converged,gap_residual_and_feasibility
143,0.3689221073740136,sMEL-ADMM,0.01,0.01,9.775468,3.9080466092961834,3.9077065903533934,0.008701240354876813,2.7977620220553945e-14,6.92224530998483e-5,93,converged,gap_residual_and_feasibility
144,0.6667713250013764,IPOPT,0.01,1.0e-10,39.00599479675293,3.335472570069663,3.335472570069663,0.0,9.995268113183187e-9,NaN,35,INTERRUPTED,gap_and_residual
144,0.6667713250013764,MadNLP,0.01,0.01,24.091005325317383,3.3355825710442812,3.335472570069663,0.003297912733731253,2.7755575615628914e-17,NaN,25,INTERRUPTED,gap_and_residual
144,0.6667713250013764,ADMM,0.01,0.0001,584.0680599212646,3.335787087053207,3.335472570069663,0.009429457953472997,4.019673482957842e-12,0.015622039259673329,37,converged,gap_callback_with_solver_termination
144,0.6667713250013764,MEL-ADMM,0.01,0.01,86.76576614379883,3.335802453092825,3.335472570069663,0.009890143487389013,3.608224830031759e-16,0.0074764068586703255,40,converged,gap_residual_and_feasibility
144,0.6667713250013764,sMEL-ADMM,0.01,0.01,6.875962,3.3357221955637684,3.335472570069663,0.0074839618333408095,2.919886554764162e-14,6.126487867531491e-5,93,converged,gap_residual_and_feasibility
145,0.3266490723847228,IPOPT,0.01,1.0e-10,39.7491455078125,3.9889224114127906,3.9889224114127906,0.0,9.995267946649733e-9,NaN,30,INTERRUPTED,gap_and_residual
145,0.3266490723847228,MadNLP,0.01,0.01,22.170066833496094,3.9890475163846912,3.9889224114127906,0.003136309985441621,6.1652072336215724e-15,NaN,23,INTERRUPTED,gap_and_residual
145,0.3266490723847228,ADMM,0.01,0.0001,422.8549003601074,3.9893065506471648,3.9889224114127906,0.009630150570869049,5.795530721997011e-12,0.0023565536108433732,30,converged,gap_callback_with_solver_termination
145,0.3266490723847228,MEL-ADMM,0.01,0.01,55.49788475036621,3.9893059068575907,3.9889224114127906,0.009614011135009048,4.0245584642661925e-16,0.0012660975157105167,30,converged,gap_residual_and_feasibility
145,0.3266490723847228,sMEL-ADMM,0.01,0.01,6.810918,3.9892671032480065,3.9889224114127906,0.008641226869434698,2.964295475749168e-14,6.938639271135763e-5,93,converged,gap_residual_and_feasibility
146,0.5075056707994856,IPOPT,0.01,1.0e-10,28.24997901916504,3.641457008514936,3.641457008514936,0.0,9.995267058471313e-9,NaN,32,INTERRUPTED,gap_and_residual
146,0.5075056707994856,MadNLP,0.01,0.01,15.502214431762695,3.641524985337803,3.641457008514936,0.0018667479173343257,8.271161533457416e-15,NaN,21,INTERRUPTED,gap_and_residual
146,0.5075056707994856,ADMM,0.01,0.0001,434.5064163208008,3.641814985166936,3.641457008514936,0.009830588447515826,5.88462611972318e-12,0.0005272649007166987,32,converged,gap_callback_with_solver_termination
146,0.5075056707994856,MEL-ADMM,0.01,0.01,59.25607681274414,3.641815180705611,3.641457008514936,0.009835958239732854,1.099120794378905e-14,0.0006304497218511534,32,converged,gap_residual_and_feasibility
146,0.5075056707994856,sMEL-ADMM,0.01,0.01,7.021667,3.6417847045276304,3.641457008514936,0.008999035603833683,2.964295475749168e-14,6.901023802919834e-5,93,converged,gap_residual_and_feasibility
147,0.49906318086579204,IPOPT,0.01,1.0e-10,25.918006896972656,3.6576768931748536,3.6576768931748536,0.0,9.995267724605128e-9,NaN,32,INTERRUPTED,gap_and_residual
147,0.49906318086579204,MadNLP,0.01,0.01,14.250993728637695,3.6577451056799233,3.6576768931748536,0.0018649133606361808,7.206041319207657e-15,NaN,21,INTERRUPTED,gap_and_residual
147,0.49906318086579204,ADMM,0.01,0.0001,409.47985649108887,3.65804169507028,3.6576768931748536,0.009973595429028377,3.885780586188048e-16,0.0026918780961608865,31,converged,gap_callback_with_solver_termination
147,0.49906318086579204,MEL-ADMM,0.01,0.01,58.77518653869629,3.658038164862908,3.6576768931748536,0.009877080414857839,3.2145008876938164e-11,0.0002997323936269926,32,converged,gap_residual_and_feasibility
147,0.49906318086579204,sMEL-ADMM,0.01,0.01,7.322871,3.658006201763453,3.6576768931748536,0.009003217020449423,2.8199664825478976e-14,6.896839416067283e-5,93,converged,gap_residual_and_feasibility
148,0.4998892561353326,IPOPT,0.01,1.0e-10,27.936935424804688,3.6560898204394845,3.6560898204394845,0.0,9.995268335227792e-9,NaN,32,INTERRUPTED,gap_and_residual
148,0.4998892561353326,MadNLP,0.01,0.01,15.093088150024414,3.656158009098602,3.6560898204394845,0.001865070675676115,8.81239525796218e-16,NaN,21,INTERRUPTED,gap_and_residual
148,0.4998892561353326,ADMM,0.01,0.0001,405.0312042236328,3.656454447799729,3.6560898204394845,0.009973151048040203,2.601308057847973e-12,0.0027714429107037787,31,converged,gap_callback_with_solver_termination
148,0.4998892561353326,MEL-ADMM,0.01,0.01,62.06011772155762,3.6564507784375864,3.6560898204394845,0.00987278802845398,1.9535539852455486e-11,0.00032273589690843055,32,converged,gap_residual_and_feasibility
148,0.4998892561353326,sMEL-ADMM,0.01,0.01,8.230128,3.6564189856302733,3.6560898204394845,0.009003203065434581,2.90878432451791e-14,6.897196785672459e-5,93,converged,gap_residual_and_feasibility
149,0.6734987759783353,IPOPT,0.01,1.0e-10,26.502132415771484,3.322547653397148,3.322547653397148,0.0,9.99526783562743e-9,NaN,31,INTERRUPTED,gap_and_residual
149,0.6734987759783353,MadNLP,0.01,0.01,16.176939010620117,3.322620739931817,3.322547653397148,0.002199713662316511,8.826273045769994e-15,NaN,23,INTERRUPTED,gap_and_residual
149,0.6734987759783353,ADMM,0.01,0.0001,526.4670848846436,3.3228449671191957,3.322547653397148,0.008948365924674576,1.6866508190105378e-12,0.015298314976408475,38,converged,gap_callback_with_solver_termination
149,0.6734987759783353,MEL-ADMM,0.01,0.01,77.24404335021973,3.322854870891793,3.322547653397148,0.009246443593688732,4.440892098500626e-16,0.004915724307622949,41,converged,gap_residual_and_feasibility
149,0.6734987759783353,sMEL-ADMM,0.01,0.01,6.961252,3.322794933522332,3.322547653397148,0.007442485435265071,2.9976021664879227e-14,6.126481768474641e-5,93,converged,gap_residual_and_feasibility
150,0.4922995388024325,IPOPT,0.01,1.0e-10,27.254819869995117,3.6706713409041676,3.6706713409041676,0.0,9.995269001361606e-9,NaN,32,INTERRUPTED,gap_and_residual
150,0.4922995388024325,MadNLP,0.01,0.01,15.204906463623047,3.6707877884339797,3.6706713409041676,0.0031723769032238934,2.7755575615628914e-17,NaN,21,INTERRUPTED,gap_and_residual
150,0.4922995388024325,ADMM,0.01,0.0001,426.01609230041504,3.6710373308567377,3.6706713409041676,0.00997065437299374,1.0894618540646661e-12,0.0017349277211111888,31,converged,gap_callback_with_solver_termination
150,0.4922995388024325,MEL-ADMM,0.01,0.01,60.55450439453125,3.6710372554489634,3.6706713409041676,0.009968600041040707,3.7470027081099033e-16,0.0011283847753130044,31,converged,gap_residual_and_feasibility
150,0.4922995388024325,sMEL-ADMM,0.01,0.01,8.179711,3.6710016996644446,3.6706713409041676,0.008999954765648084,2.986499936241671e-14,6.89394635301939e-5,93,converged,gap_residual_and_feasibility
151,0.40583408077264727,IPOPT,0.01,1.0e-10,26.009082794189453,3.836790550678148,3.836790550678148,0.0,9.995268057672035e-9,NaN,30,INTERRUPTED,gap_and_residual
151,0.40583408077264727,MadNLP,0.01,0.01,15.609979629516602,3.836911124505662,3.836790550678148,0.0031425699662583004,6.876443858772063e-15,NaN,23,INTERRUPTED,gap_and_residual
151,0.40583408077264727,ADMM,0.01,0.0001,398.4825611114502,3.837165135809416,3.836790550678148,0.00976298096860017,4.579669976578771e-16,0.0002767214177505674,31,converged,gap_callback_with_solver_termination
151,0.40583408077264727,MEL-ADMM,0.01,0.01,55.077314376831055,3.8371737326510917,3.836790550678148,0.009987044324739014,5.800915303666443e-14,0.0013285133221469826,30,converged,gap_residual_and_feasibility
151,0.40583408077264727,sMEL-ADMM,0.01,0.01,6.933929,3.837127650290429,3.836790550678148,0.00878597900584112,2.886579864025407e-14,6.906639470360878e-5,93,converged,gap_residual_and_feasibility
152,0.6976975420004319,IPOPT,0.01,1.0e-10,26.508092880249023,3.2760564882464136,3.2760564882464136,0.0,9.995267280515918e-9,NaN,32,INTERRUPTED,gap_and_residual
152,0.6976975420004319,MadNLP,0.01,0.01,14.77193832397461,3.2761324860046446,3.2760564882464136,0.0023197938895019453,1.2836953722228372e-15,NaN,21,INTERRUPTED,gap_and_residual
152,0.6976975420004319,ADMM,0.01,0.0001,514.829158782959,3.2763532241021283,3.2760564882464136,0.009057714870890186,1.1080969475329994e-11,0.01440091854411294,40,converged,gap_callback_with_solver_termination
152,0.6976975420004319,MEL-ADMM,0.01,0.01,78.04131507873535,3.2763582381769285,3.2760564882464136,0.009210767018136001,3.5041414214731503e-16,0.005874853091103338,43,converged,gap_residual_and_feasibility
152,0.6976975420004319,sMEL-ADMM,0.01,0.01,6.974163,3.2762970076383073,3.2760564882464136,0.007341735185478379,2.930988785010413e-14,6.96634246847511e-5,93,converged,gap_residual_and_feasibility
153,0.5384875751927349,IPOPT,0.01,1.0e-10,27.055025100708008,3.5819339389288483,3.5819339389288483,0.0,9.99526783562743e-9,NaN,33,INTERRUPTED,gap_and_residual
153,0.5384875751927349,MadNLP,0.01,0.01,15.59305191040039,3.582048589203248,3.5819339389288483,0.003200792542642297,2.7755575615628914e-17,NaN,22,INTERRUPTED,gap_and_residual
153,0.5384875751927349,ADMM,0.01,0.0001,456.4642906188965,3.5822802116127774,3.5819339389288483,0.009667199055958085,3.2959746043559335e-16,0.002111198057920271,33,converged,gap_callback_with_solver_termination
153,0.5384875751927349,MEL-ADMM,0.01,0.01,66.58220291137695,3.582281566195141,3.5819339389288483,0.009705016123126438,3.677613769070831e-16,0.0015050699587586744,33,converged,gap_residual_and_feasibility
153,0.5384875751927349,sMEL-ADMM,0.01,0.01,7.283035,3.5822541241447152,3.5819339389288483,0.008938892266748865,2.930988785010413e-14,6.90990496331912e-5,93,converged,gap_residual_and_feasibility
154,0.45177540245187103,IPOPT,0.01,1.0e-10,23.169994354248047,3.7485271420613167,3.7485271420613167,0.0,9.995267724605128e-9,NaN,28,INTERRUPTED,gap_and_residual
154,0.45177540245187103,MadNLP,0.01,0.01,13.885021209716797,3.7486453432870195,3.7485271420613167,0.003153271170869283,8.232997616985926e-15,NaN,20,INTERRUPTED,gap_and_residual
154,0.45177540245187103,ADMM,0.01,0.0001,464.9209976196289,3.7489018200224615,3.7485271420613167,0.009995338087343828,3.122502256758253e-16,3.79109260500686e-5,32,converged,gap_callback_with_solver_termination
154,0.45177540245187103,MEL-ADMM,0.01,0.01,64.0714168548584,3.7489019329691025,3.7485271420613167,0.009998351181197717,2.911904051217107e-11,2.65060004285278e-5,32,converged,gap_residual_and_feasibility
154,0.45177540245187103,sMEL-ADMM,0.01,0.01,6.710211,3.748861596900107,3.7485271420613167,0.008922300042526213,3.019806626980426e-14,6.892674294060007e-5,93,converged,gap_residual_and_feasibility
155,0.31513095618435905,IPOPT,0.01,1.0e-10,41.90182685852051,4.011051252280428,4.011051252280428,0.0,9.99526778011628e-9,NaN,45,INTERRUPTED,gap_and_residual
155,0.31513095618435905,MadNLP,0.01,0.01,32.85098075866699,4.01117875758509,4.011051252280428,0.003178850048091749,7.060324547225605e-15,NaN,34,INTERRUPTED,gap_and_residual
155,0.31513095618435905,ADMM,0.01,0.0001,427.54173278808594,4.011435305477295,4.011051252280428,0.009574876328207058,3.3306690738754696e-16,0.002341800668293894,30,converged,gap_callback_with_solver_termination
155,0.31513095618435905,MEL-ADMM,0.01,0.01,54.67796325683594,4.0114348063130425,4.011051252280428,0.009562431604348923,4.163336342344337e-16,0.001257009617987935,30,converged,gap_residual_and_feasibility
155,0.31513095618435905,sMEL-ADMM,0.01,0.01,7.007922,4.0113973316071005,4.011051252280428,0.008628145214449327,2.964295475749168e-14,6.94256274628045e-5,93,converged,gap_residual_and_feasibility
156,0.7141190813251967,IPOPT,0.01,1.0e-10,21.277904510498047,3.2445070903936526,3.2445070903936526,0.0,9.995268057672035e-9,NaN,26,INTERRUPTED,gap_and_residual
156,0.7141190813251967,MadNLP,0.01,0.01,13.462066650390625,3.244614670537921,3.2445070903936526,0.003315762341435644,3.469446951953614e-17,NaN,19,INTERRUPTED,gap_and_residual
156,0.7141190813251967,ADMM,0.01,0.0001,557.8112602233887,3.2447907507730718,3.2445070903936526,0.00874278808818277,3.469446951953614e-16,0.014247760050708477,42,converged,gap_callback_with_solver_termination
156,0.7141190813251967,MEL-ADMM,0.01,0.01,82.54337310791016,3.244826875231446,3.2445070903936526,0.009856191676708672,3.677613769070831e-16,0.009562312047076471,44,converged,gap_residual_and_feasibility
156,0.7141190813251967,sMEL-ADMM,0.01,0.01,7.397246,3.2447448414753857,3.2445070903936526,0.007327802809770619,2.8976820942716586e-14,8.753694945119479e-5,93,converged,gap_residual_and_feasibility
157,0.7370589912366,IPOPT,0.01,1.0e-10,33.12397003173828,3.2004344653986356,3.2004344653986356,0.0,9.995267891138582e-9,NaN,39,INTERRUPTED,gap_and_residual
157,0.7370589912366,MadNLP,0.01,0.01,20.154953002929688,3.2005144040260847,3.2004344653986356,0.002497742988125267,1.5404344466674047e-15,NaN,28,INTERRUPTED,gap_and_residual
157,0.7370589912366,ADMM,0.01,0.0001,573.5304355621338,3.200738607406278,3.2004344653986356,0.009503147492336201,4.6815162857427595e-11,0.012605940234492937,44,converged,gap_callback_with_solver_termination
157,0.7370589912366,MEL-ADMM,0.01,0.01,85.16836166381836,3.200723049139178,3.2004344653986356,0.009017017647523336,3.2612801348363973e-16,0.0068973178841758905,47,converged,gap_residual_and_feasibility
157,0.7370589912366,sMEL-ADMM,0.01,0.01,6.961,3.200671094505742,3.2004344653986356,0.007393655757205461,2.9531932455029164e-14,0.00010488736077282103,93,converged,gap_residual_and_feasibility
158,0.6471971870200113,IPOPT,0.01,1.0e-10,34.620046615600586,3.373078805062963,3.373078805062963,0.0,9.995268113183187e-9,NaN,37,INTERRUPTED,gap_and_residual
158,0.6471971870200113,MadNLP,0.01,0.01,21.20518684387207,3.373189636087689,3.373078805062963,0.003285752605597075,3.122502256758253e-17,NaN,26,INTERRUPTED,gap_and_residual
158,0.6471971870200113,ADMM,0.01,0.0001,472.3775386810303,3.3733851390260194,3.373078805062963,0.009081731579963538,1.4545586957126488e-12,0.0164061428877272,36,converged,gap_callback_with_solver_termination
158,0.6471971870200113,MEL-ADMM,0.01,0.01,73.05550575256348,3.373394171225811,3.373078805062963,0.009349504742514331,5.065392549852277e-16,0.0043142131941200645,39,converged,gap_residual_and_feasibility
158,0.6471971870200113,sMEL-ADMM,0.01,0.01,8.990085,3.3733368315000014,3.373078805062963,0.00764958223481563,2.8754776337791554e-14,6.126502784930057e-5,93,converged,gap_residual_and_feasibility
159,0.29212223256792536,IPOPT,0.01,1.0e-10,48.73800277709961,4.055256083575615,4.055256083575615,0.0,9.995268002160884e-9,NaN,49,INTERRUPTED,gap_and_residual
159,0.29212223256792536,MadNLP,0.01,0.01,38.04302215576172,4.05539053342631,4.055256083575615,0.003315446618525059,7.382983113757291e-15,NaN,44,INTERRUPTED,gap_and_residual
159,0.29212223256792536,ADMM,0.01,0.0001,339.65206146240234,4.055659387691177,4.055256083575615,0.009945219420196,3.885780586188048e-16,0.025385179185631223,26,converged,gap_callback_with_solver_termination
159,0.29212223256792536,MEL-ADMM,0.01,0.01,54.21090126037598,4.055639752993578,4.055256083575615,0.009461040438777756,3.5388358909926865e-16,0.0012388628494298462,30,converged,gap_residual_and_feasibility
159,0.29212223256792536,sMEL-ADMM,0.01,0.01,7.089333,4.055604665584258,4.055256083575615,0.008595807550962292,2.842170943040401e-14,6.949228151431619e-5,93,converged,gap_residual_and_feasibility
160,0.5732602740042714,IPOPT,0.01,1.0e-10,26.561975479125977,3.5151279174272645,3.5151279174272645,0.0,9.995268557272396e-9,NaN,33,INTERRUPTED,gap_and_residual
160,0.5732602740042714,MadNLP,0.01,0.01,14.79792594909668,3.515241332548235,3.5151279174272645,0.0032264863081655332,7.0230279924921035e-15,NaN,22,INTERRUPTED,gap_and_residual
160,0.5732602740042714,ADMM,0.01,0.0001,400.27332305908203,3.515467615433472,3.5151279174272645,0.009663887465466509,3.035360851555424e-11,0.019575300372650626,31,converged,gap_callback_with_solver_termination
160,0.5732602740042714,MEL-ADMM,0.01,0.01,66.31326675415039,3.5154616837519304,3.5151279174272645,0.009495140219823003,3.7860339863193815e-16,0.0012072265078828092,35,converged,gap_residual_and_feasibility
160,0.5732602740042714,sMEL-ADMM,0.01,0.01,6.772131,3.5154329383380016,3.5151279174272645,0.00867737726484752,2.9753977059954195e-14,6.842398688601363e-5,93,converged,gap_residual_and_feasibility
161,0.6887062912795798,IPOPT,0.01,1.0e-10,39.2148494720459,3.2933306633755506,3.2933306633755506,0.0,9.99526778011628e-9,NaN,44,INTERRUPTED,gap_and_residual
161,0.6887062912795798,MadNLP,0.01,0.01,26.757001876831055,3.2934396586139716,3.2933306633755506,0.0033095746999570767,2.0816681711721685e-17,NaN,34,INTERRUPTED,gap_and_residual
161,0.6887062912795798,ADMM,0.01,0.0001,503.9231777191162,3.2936362722096053,3.2933306633755506,0.009279627990390992,8.380333094137882e-10,0.014683356360095778,39,converged,gap_callback_with_solver_termination
161,0.6887062912795798,MEL-ADMM,0.01,0.01,81.25042915344238,3.2936431557328336,3.2933306633755506,0.009488642023049703,3.95516952522712e-16,0.0067717806872840125,42,converged,gap_residual_and_feasibility
161,0.6887062912795798,sMEL-ADMM,0.01,0.01,7.392996,3.29357335965447,3.2933306633755506,0.007369326184535931,2.9976021664879227e-14,6.33545443174512e-5,93,converged,gap_residual_and_feasibility
162,0.3405058283806921,IPOPT,0.01,1.0e-10,38.29789161682129,3.9623005278475922,3.9623005278475922,0.0,9.995268834828153e-9,NaN,43,INTERRUPTED,gap_and_residual
162,0.3405058283806921,MadNLP,0.01,0.01,25.044918060302734,3.962424571496724,3.9623005278475922,0.0031305966889710077,7.695233339433116e-15,NaN,32,INTERRUPTED,gap_and_residual
162,0.3405058283806921,ADMM,0.01,0.0001,385.39743423461914,3.962684769520005,3.9623005278475922,0.0096974388921836,5.8903992794512305e-12,0.0023741428908819126,30,converged,gap_callback_with_solver_termination
162,0.3405058283806921,MEL-ADMM,0.01,0.01,55.18817901611328,3.9626839530551177,3.9623005278475922,0.009676833062779288,3.594513575677638e-12,0.001277032796071366,30,converged,gap_residual_and_feasibility
162,0.3405058283806921,sMEL-ADMM,0.01,0.01,7.030413,3.9626435256533425,3.9623005278475922,0.008656531813770199,2.886579864025407e-14,6.93357883319581e-5,93,converged,gap_residual_and_feasibility
163,0.6410086425406687,IPOPT,0.01,1.0e-10,35.75301170349121,3.384968363529256,3.384968363529256,0.0,9.99526872380585e-9,NaN,39,INTERRUPTED,gap_and_residual
163,0.6410086425406687,MadNLP,0.01,0.01,34.60979461669922,3.38507943476721,3.384968363529256,0.003281308007214837,2.7755575615628914e-17,NaN,42,INTERRUPTED,gap_and_residual
163,0.6410086425406687,ADMM,0.01,0.0001,471.23098373413086,3.3852879354753322,3.384968363529256,0.009440913821222953,2.442435143024113e-12,0.01671871031622799,35,converged,gap_callback_with_solver_termination
163,0.6410086425406687,MEL-ADMM,0.01,0.01,73.27413558959961,3.385278602804882,3.384968363529256,0.009165204584150691,3.469446951953614e-16,0.002446530637577205,39,converged,gap_residual_and_feasibility
163,0.6410086425406687,sMEL-ADMM,0.01,0.01,6.743999,3.3852296860081115,3.384968363529256,0.00772008629892257,3.008704396734174e-14,6.152919276648534e-5,93,converged,gap_residual_and_feasibility
164,0.4283971321810758,IPOPT,0.01,1.0e-10,25.707006454467773,3.7934419539614552,3.7934419539614552,0.0,9.99526778011628e-9,NaN,32,INTERRUPTED,gap_and_residual
164,0.4283971321810758,MadNLP,0.01,0.01,15.520095825195312,3.793561345048548,3.7934419539614552,0.0031473023323320306,2.42861286636753e-17,NaN,23,INTERRUPTED,gap_and_residual
164,0.4283971321810758,ADMM,0.01,0.0001,396.59905433654785,3.7938164838637056,3.7934419539614552,0.009873089051996166,2.40168995802037e-12,0.0002797479979649124,31,converged,gap_callback_with_solver_termination
164,0.4283971321810758,MEL-ADMM,0.01,0.01,55.42755126953125,3.7938193704289853,3.7934419539614552,0.009949182618596735,4.371503159461554e-16,0.00018283508769321305,31,converged,gap_residual_and_feasibility
164,0.4283971321810758,sMEL-ADMM,0.01,0.01,6.914466999999999,3.7937776662728213,3.7934419539614552,0.008849807521517667,2.964295475749168e-14,6.898337167667891e-5,93,converged,gap_residual_and_feasibility
165,0.4914159706602118,IPOPT,0.01,1.0e-10,26.75795555114746,3.6723688701246417,3.6723688701246417,0.0,9.995268890339304e-9,NaN,32,INTERRUPTED,gap_and_residual
165,0.4914159706602118,MadNLP,0.01,0.01,14.983892440795898,3.672485354131995,3.6723688701246417,0.003171903789423443,2.7755575615628914e-17,NaN,21,INTERRUPTED,gap_and_residual
165,0.4914159706602118,ADMM,0.01,0.0001,395.9360122680664,3.6727351037472955,3.6723688701246417,0.009972680730226464,8.82827144721432e-12,0.0016066615392300344,31,converged,gap_callback_with_solver_termination
165,0.4914159706602118,MEL-ADMM,0.01,0.01,58.02750587463379,3.672734936071087,3.6723688701246417,0.009968114843345179,4.0245584642661925e-16,0.0010476956715081975,31,converged,gap_residual_and_feasibility
165,0.4914159706602118,sMEL-ADMM,0.01,0.01,8.150209,3.6726993525227347,3.6723688701246417,0.00899916129835159,2.8310687127941492e-14,6.893596138626227e-5,93,converged,gap_residual_and_feasibility
166,0.42724344108893303,IPOPT,0.01,1.0e-10,25.698184967041016,3.7956584489285445,3.7956584489285445,0.0,9.995267002960162e-9,NaN,32,INTERRUPTED,gap_and_residual
166,0.42724344108893303,MadNLP,0.01,0.01,14.365196228027344,3.795729903160827,3.7956584489285445,0.0018825253442595396,7.483597075363946e-15,NaN,21,INTERRUPTED,gap_and_residual
166,0.42724344108893303,ADMM,0.01,0.0001,401.7913341522217,3.796032978213219,3.7956584489285445,0.009867307338476499,1.2206513577694977e-11,0.000279591469152414,31,converged,gap_callback_with_solver_termination
166,0.42724344108893303,MEL-ADMM,0.01,0.01,55.27472496032715,3.7960358716251816,3.7956584489285445,0.009943536851784915,4.3087255985341244e-11,0.0001826987200542994,31,converged,gap_residual_and_feasibility
166,0.42724344108893303,sMEL-ADMM,0.01,0.01,7.106793,3.795994222119993,3.7956584489285445,0.008846243569233157,3.042011087472929e-14,6.89870096432059e-5,93,converged,gap_residual_and_feasibility
167,0.7169519236985269,IPOPT,0.01,1.0e-10,27.61220932006836,3.239064575576813,3.239064575576813,0.0,9.995268002160884e-9,NaN,31,INTERRUPTED,gap_and_residual
167,0.7169519236985269,MadNLP,0.01,0.01,18.620014190673828,3.239171975687616,3.239064575576813,0.0033157755363332738,3.122502256758253e-17,NaN,24,INTERRUPTED,gap_and_residual
167,0.7169519236985269,ADMM,0.01,0.0001,539.3271446228027,3.239357723779482,3.239064575576813,0.009050396984355977,3.7470027081099033e-16,0.014248103470542181,42,converged,gap_callback_with_solver_termination
167,0.7169519236985269,MEL-ADMM,0.01,0.01,80.94167709350586,3.2393559344015266,3.239064575576813,0.00899515332021054,3.5388358909926865e-16,0.00563027804784646,45,converged,gap_residual_and_feasibility
167,0.7169519236985269,sMEL-ADMM,0.01,0.01,6.995508,3.239302002043793,3.239064575576813,0.007330093656374121,2.964295475749168e-14,9.044657329156883e-5,93,converged,gap_residual_and_feasibility
168,0.6743571387965814,IPOPT,0.01,1.0e-10,24.904966354370117,3.3208985491615883,3.3208985491615883,0.0,9.99526783562743e-9,NaN,31,INTERRUPTED,gap_and_residual
168,0.6743571387965814,MadNLP,0.01,0.01,15.646219253540039,3.320971743332778,3.3208985491615883,0.0022040471910309395,2.7755575615628914e-17,NaN,23,INTERRUPTED,gap_and_residual
168,0.6743571387965814,ADMM,0.01,0.0001,491.0757541656494,3.3211971973303056,3.3208985491615883,0.00899299283902163,3.8846703631634227e-13,0.015268104002867726,38,converged,gap_callback_with_solver_termination
168,0.6743571387965814,MEL-ADMM,0.01,0.01,77.61001586914062,3.3212076688791177,3.3208985491615883,0.009308315594506195,3.608224830031759e-16,0.005295038637028538,41,converged,gap_residual_and_feasibility
168,0.6743571387965814,sMEL-ADMM,0.01,0.01,6.969248,3.3211455435663164,3.3208985491615883,0.007437577543295994,2.964295475749168e-14,6.126480952939502e-5,93,converged,gap_residual_and_feasibility
169,0.565857985129107,IPOPT,0.01,1.0e-10,44.219017028808594,3.5293493464982557,3.5293493464982557,0.0,9.995268113183187e-9,NaN,50,INTERRUPTED,gap_and_residual
169,0.565857985129107,MadNLP,0.01,0.01,28.027057647705078,3.529463019150282,3.5293493464982557,0.0032207821007890444,2.0816681711721685e-17,NaN,37,INTERRUPTED,gap_and_residual
169,0.565857985129107,ADMM,0.01,0.0001,447.45421409606934,3.529684133225233,3.5293493464982557,0.009485791688758913,4.2327252813834093e-16,0.0005260262157114511,35,converged,gap_callback_with_solver_termination
169,0.565857985129107,MEL-ADMM,0.01,0.01,64.4690990447998,3.529691768453176,3.5293493464982557,0.009702126973061588,1.9984014443252818e-13,0.0029385150592273097,34,converged,gap_residual_and_feasibility
169,0.565857985129107,sMEL-ADMM,0.01,0.01,6.7860439999999995,3.529659306193607,3.5293493464982557,0.008782346685482926,2.90878432451791e-14,6.882686903755299e-5,93,converged,gap_residual_and_feasibility
170,0.32998097121127085,IPOPT,0.01,1.0e-10,32.749176025390625,3.982521099111618,3.982521099111618,0.0,9.995268446250094e-9,NaN,39,INTERRUPTED,gap_and_residual
170,0.32998097121127085,MadNLP,0.01,0.01,22.886991500854492,3.982645721203193,3.982521099111618,0.0031292261478025694,8.958112029944232e-15,NaN,32,INTERRUPTED,gap_and_residual
170,0.32998097121127085,ADMM,0.01,0.0001,383.89110565185547,3.9829052632849162,3.982521099111618,0.00964625581981592,5.68339819650987e-12,0.0023607982777598367,30,converged,gap_callback_with_solver_termination
170,0.32998097121127085,MEL-ADMM,0.01,0.01,54.45981025695801,3.9829045775549576,3.982521099111618,0.009629037330785269,2.7755575615628914e-16,0.0012687245294868768,30,converged,gap_residual_and_feasibility
170,0.32998097121127085,sMEL-ADMM,0.01,0.01,7.136582,3.982865385579784,3.982521099111618,0.0086449377064945,2.930988785010413e-14,6.937464738853132e-5,93,converged,gap_residual_and_feasibility
171,0.35567104558956225,IPOPT,0.01,1.0e-10,26.427030563354492,3.93316480178784,3.93316480178784,0.0,9.995267558071674e-9,NaN,32,INTERRUPTED,gap_and_residual
171,0.35567104558956225,MadNLP,0.01,0.01,17.019987106323242,3.933288056117471,3.93316480178784,0.0031337189221000952,8.004014118156988e-15,NaN,25,INTERRUPTED,gap_and_residual
171,0.35567104558956225,ADMM,0.01,0.0001,386.07263565063477,3.9335492049943674,3.93316480178784,0.009773381637935157,7.877920538135186e-12,0.002393066172624213,30,converged,gap_callback_with_solver_termination
171,0.35567104558956225,MEL-ADMM,0.01,0.01,55.65237998962402,3.93354815384378,3.93316480178784,0.009746656325357783,3.7470027081099033e-16,0.0012889978759406534,30,converged,gap_residual_and_feasibility
171,0.35567104558956225,sMEL-ADMM,0.01,0.01,7.977164999999999,3.9335060629620298,3.93316480178784,0.008676503309366935,3.0753177782116836e-14,6.927543699350967e-5,93,converged,gap_residual_and_feasibility
172,0.28202174125693824,IPOPT,0.01,1.0e-10,38.50507736206055,4.074661354456515,4.074661354456515,0.0,9.995268224205489e-9,NaN,43,INTERRUPTED,gap_and_residual
172,0.28202174125693824,MadNLP,0.01,0.01,27.48417854309082,4.0747992394072625,4.074661354456515,0.0033839609909432013,7.726458362000699e-15,NaN,35,INTERRUPTED,gap_and_residual
172,0.28202174125693824,ADMM,0.01,0.0001,340.37184715270996,4.075065005122471,4.074661354456515,0.009906361065188357,3.7816971776294395e-16,0.02538472806562776,26,converged,gap_callback_with_solver_termination
172,0.28202174125693824,MEL-ADMM,0.01,0.01,54.1226863861084,4.075045080869788,4.074661354456515,0.009417381713285253,3.95516952522712e-16,0.001231916817696764,30,converged,gap_residual_and_feasibility
172,0.28202174125693824,sMEL-ADMM,0.01,0.01,6.986878,4.075010866763397,4.074661354456515,0.008577701960432026,3.0309088572266774e-14,6.951531108823072e-5,93,converged,gap_residual_and_feasibility
173,0.6248570478655331,IPOPT,0.01,1.0e-10,48.41804504394531,3.4159991381895742,3.4159991381895742,0.0,9.995267447049372e-9,NaN,50,INTERRUPTED,gap_and_residual
173,0.6248570478655331,MadNLP,0.01,0.01,22.69601821899414,3.416110798239795,3.4159991381895742,0.003268737657816051,2.7755575615628914e-17,NaN,29,INTERRUPTED,gap_and_residual
173,0.6248570478655331,ADMM,0.01,0.0001,449.30386543273926,3.4163251061557087,3.4159991381895742,0.009542390174818552,1.3522516439934407e-12,0.01738941425855327,34,converged,gap_callback_with_solver_termination
173,0.6248570478655331,MEL-ADMM,0.01,0.01,70.38593292236328,3.416314494046827,3.4159991381895742,0.009231731171330243,3.469446951953614e-16,0.0019331685619750957,38,converged,gap_residual_and_feasibility
173,0.6248570478655331,sMEL-ADMM,0.01,0.01,7.048584999999999,3.4162703735667144,3.4159991381895742,0.007940147704015046,2.986499936241671e-14,6.373931516679907e-5,93,converged,gap_residual_and_feasibility
174,0.6416488968442173,IPOPT,0.01,1.0e-10,38.52701187133789,3.383738293841506,3.383738293841506,0.0,9.995267558071674e-9,NaN,39,INTERRUPTED,gap_and_residual
174,0.6416488968442173,MadNLP,0.01,0.01,33.45298767089844,3.383849340634058,3.383738293841506,0.0032817784033161096,2.7755575615628914e-17,NaN,41,INTERRUPTED,gap_and_residual
174,0.6416488968442173,ADMM,0.01,0.0001,452.9919624328613,3.38406001873111,3.383738293841506,0.00950797200213331,2.3716584252042594e-12,0.016695912688450183,35,converged,gap_callback_with_solver_termination
174,0.6416488968442173,MEL-ADMM,0.01,0.01,71.81406021118164,3.3840486872465902,3.383738293841506,0.009173091360204885,3.7470027081099033e-16,0.0026011364626161056,39,converged,gap_residual_and_feasibility
174,0.6416488968442173,sMEL-ADMM,0.01,0.01,6.812548,3.383999258246806,3.383738293841506,0.007712310546443637,2.964295475749168e-14,6.144575838917896e-5,93,converged,gap_residual_and_feasibility
175,0.6220200755047736,IPOPT,0.01,1.0e-10,43.150901794433594,3.4214495876228916,3.4214495876228916,0.0,9.995268779317001e-9,NaN,46,INTERRUPTED,gap_and_residual
175,0.6220200755047736,MadNLP,0.01,0.01,30.59697151184082,3.4215613464824677,3.4214495876228916,0.003266418420435799,2.7755575615628914e-17,NaN,38,INTERRUPTED,gap_and_residual
175,0.6220200755047736,ADMM,0.01,0.0001,442.54350662231445,3.421773794502094,3.4214495876228916,0.00947571697022877,3.1413760481768804e-12,0.0174909926281528,34,converged,gap_callback_with_solver_termination
175,0.6220200755047736,MEL-ADMM,0.01,0.01,68.77923011779785,3.421783048319038,3.4214495876228916,0.009746181774905494,4.163336342344337e-16,0.005311743832008742,37,converged,gap_residual_and_feasibility
175,0.6220200755047736,sMEL-ADMM,0.01,0.01,7.016038,3.4217226692084526,3.4214495876228916,0.007981458693672273,3.008704396734174e-14,6.411209888186262e-5,93,converged,gap_residual_and_feasibility
176,0.4698354525371878,IPOPT,0.01,1.0e-10,25.85005760192871,3.7138298037598427,3.7138298037598427,0.0,9.995268002160884e-9,NaN,32,INTERRUPTED,gap_and_residual
176,0.4698354525371878,MadNLP,0.01,0.01,13.791084289550781,3.7138989616744404,3.7138298037598427,0.001862172427172147,7.070732888081466e-15,NaN,20,INTERRUPTED,gap_and_residual
176,0.4698354525371878,ADMM,0.01,0.0001,397.6624011993408,3.7142011049768335,3.7138298037598427,0.009997798407856582,4.592271007908266e-12,0.0004020025511486114,31,converged,gap_callback_with_solver_termination
176,0.4698354525371878,MEL-ADMM,0.01,0.01,56.75768852233887,3.714200290385145,3.7138298037598427,0.009975864400878115,6.534939256397365e-12,0.0003657102955234373,31,converged,gap_residual_and_feasibility
176,0.4698354525371878,sMEL-ADMM,0.01,0.01,6.847207,3.7141627548802933,3.7138298037598427,0.00896516905846206,2.8976820942716586e-14,6.890753383871368e-5,93,converged,gap_residual_and_feasibility
177,0.536151780727208,IPOPT,0.01,1.0e-10,26.720046997070312,3.5864215151199517,3.5864215151199517,0.0,9.99526783562743e-9,NaN,33,INTERRUPTED,gap_and_residual
177,0.536151780727208,MadNLP,0.01,0.01,14.992952346801758,3.5865362513786923,3.5864215151199517,0.003199184988626503,2.42861286636753e-17,NaN,22,INTERRUPTED,gap_and_residual
177,0.536151780727208,ADMM,0.01,0.0001,426.8515110015869,3.5867683000367205,3.5864215151199517,0.009669385355482212,3.5388358909926865e-16,0.001757601962330966,33,converged,gap_callback_with_solver_termination
177,0.536151780727208,MEL-ADMM,0.01,0.01,60.98127365112305,3.5867694262215566,3.5864215151199517,0.009700786707255993,3.7990444123892075e-16,0.0012378781831390087,33,converged,gap_residual_and_feasibility
177,0.536151780727208,sMEL-ADMM,0.01,0.01,7.013996,3.5867423389779614,3.5864215151199517,0.008945514537461128,2.942091015256665e-14,6.909052339931776e-5,93,converged,gap_residual_and_feasibility
178,0.6598428622803751,IPOPT,0.01,1.0e-10,27.11200714111328,3.3487836746238613,3.3487836746238613,0.0,9.995267669093977e-9,NaN,28,INTERRUPTED,gap_and_residual
178,0.6598428622803751,MadNLP,0.01,0.01,16.326904296875,3.3488939829543924,3.3487836746238613,0.0032939819722320922,2.7755575615628914e-17,NaN,21,INTERRUPTED,gap_and_residual
178,0.6598428622803751,ADMM,0.01,0.0001,503.4005641937256,3.3490846482224943,3.3487836746238613,0.008987549745709384,9.32920407592519e-13,0.015866922970076556,37,converged,gap_callback_with_solver_termination
178,0.6598428622803751,MEL-ADMM,0.01,0.01,76.14850997924805,3.3490933327449053,3.3487836746238613,0.009246883380091123,3.2959746043559335e-16,0.004270199855744949,40,converged,gap_residual_and_feasibility
178,0.6598428622803751,sMEL-ADMM,0.01,0.01,6.6578289999999996,3.3490359605818383,3.3487836746238613,0.007533659456379525,2.9531932455029164e-14,6.126493596573385e-5,93,converged,gap_residual_and_feasibility
179,0.6795250761123668,IPOPT,0.01,1.0e-10,26.75008773803711,3.3109698020916984,3.3109698020916984,0.0,9.99526783562743e-9,NaN,31,INTERRUPTED,gap_and_residual
179,0.6795250761123668,MadNLP,0.01,0.01,16.15285873413086,3.311043638262512,3.3109698020916984,0.002230046639713308,8.534839501805891e-16,NaN,23,INTERRUPTED,gap_and_residual
179,0.6795250761123668,ADMM,0.01,0.0001,514.7254467010498,3.311287015785243,3.3109698020916984,0.009580688212382333,4.488631688559508e-13,0.015092000727481517,38,converged,gap_callback_with_solver_termination
179,0.6795250761123668,MEL-ADMM,0.01,0.01,77.24809646606445,3.3112968847032818,3.3109698020916984,0.009878755504706939,4.440892098500626e-16,0.007936883899853808,41,converged,gap_residual_and_feasibility
179,0.6795250761123668,sMEL-ADMM,0.01,0.01,7.1473320000000005,3.3112151327086488,3.3109698020916984,0.007409630157161962,2.930988785010413e-14,6.12647585421025e-5,93,converged,gap_residual_and_feasibility
180,0.5521094226704861,IPOPT,0.01,1.0e-10,32.33695030212402,3.5557633664224637,3.5557633664224637,0.0,9.995267724605128e-9,NaN,35,INTERRUPTED,gap_and_residual
180,0.5521094226704861,MadNLP,0.01,0.01,22.065162658691406,3.5558775242424616,3.5557633664224637,0.0032105010439084244,2.7755575615628914e-17,NaN,25,INTERRUPTED,gap_and_residual
180,0.5521094226704861,ADMM,0.01,0.0001,451.42245292663574,3.5561035330888306,3.5557633664224637,0.00956662835269565,1.6136536551414338e-12,0.0012365457891640105,34,converged,gap_callback_with_solver_termination
180,0.5521094226704861,MEL-ADMM,0.01,0.01,62.127113342285156,3.5561047077108148,3.5557633664224637,0.009599662665249057,3.642919299551295e-16,0.0009227680265193605,34,converged,gap_residual_and_feasibility
180,0.5521094226704861,sMEL-ADMM,0.01,0.01,6.875331999999999,3.556079505157165,3.5557633664224637,0.008890882269799078,2.9976021664879227e-14,6.911038364220204e-5,93,converged,gap_residual_and_feasibility
181,0.5782370790652038,IPOPT,0.01,1.0e-10,26.59010887145996,3.5055663775619865,3.5055663775619865,0.0,9.995267225004767e-9,NaN,33,INTERRUPTED,gap_and_residual
181,0.5782370790652038,MadNLP,0.01,0.01,15.32602310180664,3.5056796203200005,3.5055663775619865,0.003230369812386769,2.7755575615628914e-17,NaN,22,INTERRUPTED,gap_and_residual
181,0.5782370790652038,ADMM,0.01,0.0001,434.6437454223633,3.505902431362313,3.5055663775619865,0.009586291176150062,5.3235194030776256e-14,0.019451120359364808,31,converged,gap_callback_with_solver_termination
181,0.5782370790652038,MEL-ADMM,0.01,0.01,69.69928741455078,3.505899585782535,3.5055663775619865,0.009505117994086069,3.122502256758253e-16,0.0018903160432361937,35,converged,gap_residual_and_feasibility
181,0.5782370790652038,sMEL-ADMM,0.01,0.01,7.470124,3.5058678585120546,3.5055663775619865,0.008600063943954503,2.964295475749168e-14,6.809249290477045e-5,93,converged,gap_residual_and_feasibility
182,0.40371497167649495,IPOPT,0.01,1.0e-10,27.512073516845703,3.8408618264974073,3.8408618264974073,0.0,9.995268113183187e-9,NaN,30,INTERRUPTED,gap_and_residual
182,0.40371497167649495,MadNLP,0.01,0.01,15.996932983398438,3.8409825125253594,3.8408618264974073,0.00314216010374366,2.7755575615628914e-17,NaN,23,INTERRUPTED,gap_and_residual
182,0.40371497167649495,ADMM,0.01,0.0001,400.21562576293945,3.841236398095529,3.8408618264974073,0.009752279958042143,3.8163916471489756e-16,0.0002764291621889965,31,converged,gap_callback_with_solver_termination
182,0.40371497167649495,MEL-ADMM,0.01,0.01,55.13310432434082,3.8412450121516644,3.8408618264974073,0.009976554001853774,4.163336342344337e-16,0.0013268473594827412,30,converged,gap_residual_and_feasibility
182,0.40371497167649495,sMEL-ADMM,0.01,0.01,6.692588,3.8411990707422405,3.8408618264974073,0.008780431581961432,2.864375403532904e-14,6.907526029270496e-5,93,converged,gap_residual_and_feasibility
183,0.40205388529910463,IPOPT,0.01,1.0e-10,24.456024169921875,3.8440531396838042,3.8440531396838042,0.0,9.99526827971664e-9,NaN,30,INTERRUPTED,gap_and_residual
183,0.40205388529910463,MadNLP,0.01,0.01,14.961004257202148,3.8441263158523045,3.8440531396838042,0.0019036201072454755,7.174816296640074e-15,NaN,22,INTERRUPTED,gap_and_residual
183,0.40205388529910463,ADMM,0.01,0.0001,406.6357612609863,3.8444277141790404,3.8440531396838042,0.009744259031418,3.226585665316861e-16,0.00027619745425362663,31,converged,gap_callback_with_solver_termination
183,0.40205388529910463,MEL-ADMM,0.01,0.01,55.213212966918945,3.844436328747034,3.8440531396838042,0.00996836019965323,3.122502256758253e-16,0.0013255406033233497,30,converged,gap_residual_and_feasibility
183,0.40205388529910463,sMEL-ADMM,0.01,0.01,6.677998,3.844390498479515,3.8440531396838042,0.00877612206314872,2.9976021664879227e-14,6.908229655090345e-5,93,converged,gap_residual_and_feasibility
184,0.7257182585068565,IPOPT,0.01,1.0e-10,35.578012466430664,3.2222225135076754,3.2222225135076754,0.0,9.995268057672035e-9,NaN,41,INTERRUPTED,gap_and_residual
184,0.7257182585068565,MadNLP,0.01,0.01,21.095991134643555,3.2223293307115215,3.2222225135076754,0.0033150163714115426,2.42861286636753e-17,NaN,32,INTERRUPTED,gap_and_residual
184,0.7257182585068565,ADMM,0.01,0.0001,548.8784313201904,3.22251462650387,3.2222225135076754,0.00906557492445149,3.2612801348363973e-16,0.01413806538193862,43,converged,gap_callback_with_solver_termination
184,0.7257182585068565,MEL-ADMM,0.01,0.01,83.28938484191895,3.22250886784574,3.2222225135076754,0.008886857964161944,3.8163916471489756e-16,0.005421111288843105,46,converged,gap_residual_and_feasibility
184,0.7257182585068565,sMEL-ADMM,0.01,0.01,6.899957,3.222459235812596,3.2222225135076754,0.0073465536265138786,3.042011087472929e-14,9.837985654101954e-5,93,converged,gap_residual_and_feasibility
185,0.5729808186226945,IPOPT,0.01,1.0e-10,27.235984802246094,3.5156648128328087,3.5156648128328087,0.0,9.995268557272396e-9,NaN,33,INTERRUPTED,gap_and_residual
185,0.5729808186226945,MadNLP,0.01,0.01,15.434026718139648,3.5157782376465545,3.5156648128328087,0.0032262692772002926,2.0816681711721685e-17,NaN,22,INTERRUPTED,gap_and_residual
185,0.5729808186226945,ADMM,0.01,0.0001,402.99510955810547,3.5160050791679556,3.5156648128328087,0.009678577260972075,2.406863597315123e-11,0.019578926018352216,31,converged,gap_callback_with_solver_termination
185,0.5729808186226945,MEL-ADMM,0.01,0.01,65.40751457214355,3.51599864758228,3.5156648128328087,0.009495636451253352,6.731282198302324e-13,0.0011772565513346721,35,converged,gap_residual_and_feasibility
185,0.5729808186226945,sMEL-ADMM,0.01,0.01,6.845083,3.515970029445045,3.5156648128328087,0.008681618654942649,2.919886554764162e-14,6.844087499814286e-5,93,converged,gap_residual_and_feasibility
186,0.6571502256703907,IPOPT,0.01,1.0e-10,23.415088653564453,3.3539568232551367,3.3539568232551367,0.0,9.995267946649733e-9,NaN,28,INTERRUPTED,gap_and_residual
186,0.6571502256703907,MadNLP,0.01,0.01,13.859033584594727,3.35402781968541,3.3539568232551367,0.0021167961907307214,1.0685896612017132e-14,NaN,20,INTERRUPTED,gap_and_residual
186,0.6571502256703907,ADMM,0.01,0.0001,469.80857849121094,3.3542869636311488,3.3539568232551367,0.0098433102573955,2.064792781197866e-12,0.016052996296823645,36,converged,gap_callback_with_solver_termination
186,0.6571502256703907,MEL-ADMM,0.01,0.01,74.50461387634277,3.3542634241540745,3.3539568232551367,0.009141468274486954,4.163336342344337e-16,0.0033359895286549698,40,converged,gap_residual_and_feasibility
186,0.6571502256703907,sMEL-ADMM,0.01,0.01,7.051742,3.3542102186482676,3.3539568232551367,0.007555117924417178,2.9753977059954195e-14,6.126495706163318e-5,93,converged,gap_residual_and_feasibility
187,0.2988907238023391,IPOPT,0.01,1.0e-10,30.888080596923828,4.042252319519516,4.042252319519516,0.0,9.995268557272396e-9,NaN,36,INTERRUPTED,gap_and_residual
187,0.2988907238023391,MadNLP,0.01,0.01,20.67399024963379,4.042384302295121,4.042252319519516,0.0032650800883266906,7.153999614928352e-15,NaN,29,INTERRUPTED,gap_and_residual
187,0.2988907238023391,ADMM,0.01,0.0001,343.8069820404053,4.042655361476525,4.042252319519516,0.009970727335912994,4.2327252813834093e-16,0.02538552609466123,26,converged,gap_callback_with_solver_termination
187,0.2988907238023391,MEL-ADMM,0.01,0.01,54.25548553466797,4.042635955453098,4.042252319519516,0.009490647867998385,4.2327252813834093e-16,0.0012441990128204232,30,converged,gap_residual_and_feasibility
187,0.2988907238023391,sMEL-ADMM,0.01,0.01,7.071872,4.042600226265297,4.042252319519516,0.00860675480600819,3.019806626980426e-14,6.947508708304764e-5,93,converged,gap_residual_and_feasibility
188,0.5787092273436174,IPOPT,0.01,1.0e-10,26.234149932861328,3.5046592766144724,3.5046592766144724,0.0,9.99526827971664e-9,NaN,33,INTERRUPTED,gap_and_residual
188,0.5787092273436174,MadNLP,0.01,0.01,15.231847763061523,3.5047725030392045,3.5046592766144724,0.0032307398749895663,2.7755575615628914e-17,NaN,22,INTERRUPTED,gap_and_residual
188,0.5787092273436174,ADMM,0.01,0.0001,409.26337242126465,3.504995629404875,3.5046592766144724,0.009597303585171347,3.5388358909926865e-16,0.019451199677523328,31,converged,gap_callback_with_solver_termination
188,0.5787092273436174,MEL-ADMM,0.01,0.01,65.48571586608887,3.5049925212346316,3.5046592766144724,0.009508616782886621,3.8593531582337137e-16,0.001970452542240285,35,converged,gap_residual_and_feasibility
188,0.5787092273436174,sMEL-ADMM,0.01,0.01,6.810165,3.504960419164923,3.5046592766144724,0.008592634167317557,3.0309088572266774e-14,6.805831151321905e-5,93,converged,gap_residual_and_feasibility
189,0.31471485360840035,IPOPT,0.01,1.0e-10,42.31095314025879,4.011850677075924,4.011850677075924,0.0,9.99526872380585e-9,NaN,45,INTERRUPTED,gap_and_residual
189,0.31471485360840035,MadNLP,0.01,0.01,25.677919387817383,4.0119408405281884,4.011850677075924,0.0022474279209721247,1.4016565685892601e-15,NaN,34,INTERRUPTED,gap_and_residual
189,0.31471485360840035,ADMM,0.01,0.0001,388.16165924072266,4.012234727147598,4.011850677075924,0.009572890483407046,1.8945955915228296e-12,0.002341265001402082,30,converged,gap_callback_with_solver_termination
189,0.31471485360840035,MEL-ADMM,0.01,0.01,53.839921951293945,4.01223423322702,4.011850677075924,0.00956057894397121,2.983724378680108e-16,0.0012566813304473179,30,converged,gap_residual_and_feasibility
189,0.31471485360840035,sMEL-ADMM,0.01,0.01,6.638166,4.012196805431484,4.011850677075924,0.008627648021330417,3.042011087472929e-14,6.942700517147474e-5,93,converged,gap_residual_and_feasibility
190,0.4416232078614311,IPOPT,0.01,1.0e-10,24.52683448791504,3.7680317463421913,3.7680317463421913,0.0,9.995268612783548e-9,NaN,30,INTERRUPTED,gap_and_residual
190,0.4416232078614311,MadNLP,0.01,0.01,15.173196792602539,3.768102170967431,3.7680317463421913,0.00186900296973978,6.501743587961073e-15,NaN,22,INTERRUPTED,gap_and_residual
190,0.4416232078614311,ADMM,0.01,0.0001,398.8354206085205,3.768405943394871,3.7680317463421913,0.00993083598733149,1.371464053434579e-11,0.0002803605775453591,31,converged,gap_callback_with_solver_termination
190,0.4416232078614311,MEL-ADMM,0.01,0.01,60.520172119140625,3.7684084018032626,3.7680317463421913,0.009996079821699718,3.7470027081099033e-16,7.85659306692249e-6,33,converged,gap_residual_and_feasibility
190,0.4416232078614311,sMEL-ADMM,0.01,0.01,6.7854209999999995,3.768366835534879,3.7680317463421913,0.00889295035831217,2.964295475749168e-14,6.894730037179057e-5,93,converged,gap_residual_and_feasibility
191,0.6005352047199224,IPOPT,0.01,1.0e-10,29.764175415039062,3.4627267616320396,3.4627267616320396,0.0,9.995268501761245e-9,NaN,33,INTERRUPTED,gap_and_residual
191,0.6005352047199224,MadNLP,0.01,0.01,21.738052368164062,3.462839239421585,3.4627267616320396,0.003248243285946149,2.7755575615628914e-17,NaN,29,INTERRUPTED,gap_and_residual
191,0.6005352047199224,ADMM,0.01,0.0001,416.94045066833496,3.4630720986363563,3.4627267616320396,0.009972978756023817,3.365363543395006e-16,0.019347436316063647,32,converged,gap_callback_with_solver_termination
191,0.6005352047199224,MEL-ADMM,0.01,0.01,66.88714027404785,3.4630559109448362,3.4627267616320396,0.00950549481534782,3.642919299551295e-16,0.0031796452838685155,36,converged,gap_residual_and_feasibility
191,0.6005352047199224,sMEL-ADMM,0.01,0.01,6.816326,3.463013505305091,3.4627267616320396,0.008280863400161717,2.864375403532904e-14,6.638630091915232e-5,93,converged,gap_residual_and_feasibility
192,0.7076531391607754,IPOPT,0.01,1.0e-10,21.986961364746094,3.2569295909768106,3.2569295909768106,0.0,9.995269278917362e-9,NaN,26,INTERRUPTED,gap_and_residual
192,0.7076531391607754,MadNLP,0.01,0.01,13.520002365112305,3.257037561304958,3.2569295909768106,0.0033150955564588743,3.469446951953614e-17,NaN,19,INTERRUPTED,gap_and_residual
192,0.7076531391607754,ADMM,0.01,0.0001,525.4762172698975,3.2572243359127815,3.2569295909768106,0.009049779178140788,3.469446951953614e-16,0.014324312128235343,41,converged,gap_callback_with_solver_termination
192,0.7076531391607754,MEL-ADMM,0.01,0.01,79.7739028930664,3.257226139232128,3.2569295909768106,0.009105147871135874,3.2786273695961654e-16,0.005796911472848398,44,converged,gap_residual_and_feasibility
192,0.7076531391607754,sMEL-ADMM,0.01,0.01,6.850085,3.2571682512632134,3.2569295909768106,0.0073277692911767585,3.0753177782116836e-14,8.049544345792867e-5,93,converged,gap_residual_and_feasibility
193,0.5291165347789952,IPOPT,0.01,1.0e-10,27.1761417388916,3.599937773798425,3.599937773798425,0.0,9.995268057672035e-9,NaN,33,INTERRUPTED,gap_and_residual
193,0.5291165347789952,MadNLP,0.01,0.01,15.466928482055664,3.600005333631689,3.599937773798425,0.0018766944738742328,8.05692318417428e-15,NaN,22,INTERRUPTED,gap_and_residual
193,0.5291165347789952,ADMM,0.01,0.0001,426.64051055908203,3.6002871119697777,3.599937773798425,0.009704005827412725,3.0531133177191805e-16,0.0006725388287417353,33,converged,gap_callback_with_solver_termination
193,0.5291165347789952,MEL-ADMM,0.01,0.01,59.946298599243164,3.6002875913470755,3.599937773798425,0.009717322093636726,4.3298697960381105e-14,0.0006739518285375987,33,converged,gap_residual_and_feasibility
193,0.5291165347789952,sMEL-ADMM,0.01,0.01,8.041047,3.600260531428409,3.599937773798425,0.0089656446934426,2.8976820942716586e-14,6.908833416684537e-5,93,converged,gap_residual_and_feasibility
194,0.5486329482967962,IPOPT,0.01,1.0e-10,33.35905075073242,3.5624424402273833,3.5624424402273833,0.0,9.99526733602707e-9,NaN,34,INTERRUPTED,gap_and_residual
194,0.5486329482967962,MadNLP,0.01,0.01,21.1489200592041,3.5625567222056946,3.5624424402273833,0.0032079670122058257,2.7755575615628914e-17,NaN,26,INTERRUPTED,gap_and_residual
194,0.5486329482967962,ADMM,0.01,0.0001,435.96768379211426,3.5627839983360587,3.5624424402273833,0.009587750943524596,3.2612801348363973e-16,0.0006841474707179607,34,converged,gap_callback_with_solver_termination
194,0.5486329482967962,MEL-ADMM,0.01,0.01,60.38951873779297,3.5627944904714974,3.5624424402273833,0.009882271784625377,3.677613769070831e-16,0.0033561582781465246,33,converged,gap_residual_and_feasibility
194,0.5486329482967962,sMEL-ADMM,0.01,0.01,6.712540000000001,3.562759695789814,3.5624424402273833,0.008905563184634195,3.0531133177191805e-14,6.911789160137741e-5,93,converged,gap_residual_and_feasibility
195,0.6737921697574221,IPOPT,0.01,1.0e-10,25.477886199951172,3.3219839792566876,3.3219839792566876,0.0,9.995268002160884e-9,NaN,31,INTERRUPTED,gap_and_residual
195,0.6737921697574221,MadNLP,0.01,0.01,15.915155410766602,3.322057102613259,3.3219839792566876,0.002201195340729232,1.3600232051658168e-15,NaN,23,INTERRUPTED,gap_and_residual
195,0.6737921697574221,ADMM,0.01,0.0001,499.1593360900879,3.3222816931608343,3.3219839792566876,0.008961930762028971,3.855249453010856e-13,0.01528802740266462,38,converged,gap_callback_with_solver_termination
195,0.6737921697574221,MEL-ADMM,0.01,0.01,76.29132270812988,3.322291813856051,3.3219839792566876,0.009266588920519486,2.8449465006019636e-16,0.005043271866131871,41,converged,gap_residual_and_feasibility
195,0.6737921697574221,sMEL-ADMM,0.01,0.01,6.998672,3.3222311614169704,3.3219839792566876,0.00744079928820284,3.064215547965432e-14,6.126481490563787e-5,93,converged,gap_residual_and_feasibility
196,0.727877071316607,IPOPT,0.01,1.0e-10,31.3870906829834,3.2180749581002637,3.2180749581002637,0.0,9.995268834828153e-9,NaN,39,INTERRUPTED,gap_and_residual
196,0.727877071316607,MadNLP,0.01,0.01,21.645069122314453,3.218181624933187,3.2180749581002637,0.003314616169979843,2.7755575615628914e-17,NaN,32,INTERRUPTED,gap_and_residual
196,0.727877071316607,ADMM,0.01,0.0001,546.8888282775879,3.2183791011346212,3.2180749581002637,0.009451086078401885,3.789357716499353e-11,0.014137925927500362,43,converged,gap_callback_with_solver_termination
196,0.727877071316607,MEL-ADMM,0.01,0.01,82.8862190246582,3.2183665138996664,3.2180749581002637,0.009059944320715269,3.443426099813962e-16,0.006611533131418245,46,converged,gap_residual_and_feasibility
196,0.727877071316607,sMEL-ADMM,0.01,0.01,6.673369999999999,3.218311586444909,3.2180749581002637,0.007353102327517515,2.919886554764162e-14,9.999899454919952e-5,93,converged,gap_residual_and_feasibility
197,0.47101899642154893,IPOPT,0.01,1.0e-10,25.67601203918457,3.711555954996612,3.711555954996612,0.0,9.995267613582826e-9,NaN,32,INTERRUPTED,gap_and_residual
197,0.47101899642154893,MadNLP,0.01,0.01,13.607025146484375,3.7116250706623735,3.711555954996612,0.0018621749637976561,6.439293542825908e-15,NaN,20,INTERRUPTED,gap_and_residual
197,0.47101899642154893,ADMM,0.01,0.0001,401.8688201904297,3.7119270308963355,3.711555954996612,0.009997852766404894,3.883612181843077e-16,0.0003380600525927091,31,converged,gap_callback_with_solver_termination
197,0.47101899642154893,MEL-ADMM,0.01,0.01,56.035757064819336,3.7119261535406065,3.711555954996612,0.009974214277868154,3.196228004487267e-16,0.0003803450260094106,31,converged,gap_residual_and_feasibility
197,0.47101899642154893,sMEL-ADMM,0.01,0.01,7.149376,3.7118887899859767,3.711555954996612,0.008967532576639885,2.90878432451791e-14,6.890740267092611e-5,93,converged,gap_residual_and_feasibility
198,0.4577939758609182,IPOPT,0.01,1.0e-10,30.208826065063477,3.7369641354982424,3.7369641354982424,0.0,9.995267946649733e-9,NaN,32,INTERRUPTED,gap_and_residual
198,0.4577939758609182,MadNLP,0.01,0.01,14.368057250976562,3.737033741674542,3.7369641354982424,0.0018626396662063882,6.338679581219253e-15,NaN,20,INTERRUPTED,gap_and_residual
198,0.4577939758609182,ADMM,0.01,0.0001,418.1528091430664,3.7373369126750973,3.7369641354982424,0.009975401511451988,3.5388358909926865e-16,4.266972827001933e-5,32,converged,gap_callback_with_solver_termination
198,0.4577939758609182,MEL-ADMM,0.01,0.01,54.561614990234375,3.7373377359288975,3.7369641354982424,0.009997431527539685,4.2327252813834093e-16,0.00024377107371713336,31,converged,gap_residual_and_feasibility
198,0.4577939758609182,sMEL-ADMM,0.01,0.01,6.657876,3.7372981488183004,3.7369641354982424,0.008938092739107025,2.8310687127941492e-14,6.89173139306054e-5,93,converged,gap_residual_and_feasibility
199,0.5179844692322875,IPOPT,0.01,1.0e-10,26.85403823852539,3.621324926239507,3.621324926239507,0.0,9.995268168694338e-9,NaN,33,INTERRUPTED,gap_and_residual
199,0.5179844692322875,MadNLP,0.01,0.01,15.314102172851562,3.621440348320218,3.621324926239507,0.0031872887151061574,2.7755575615628914e-17,NaN,22,INTERRUPTED,gap_and_residual
199,0.5179844692322875,ADMM,0.01,0.0001,431.4453601837158,3.6216790596061728,3.621324926239507,0.009779110515599088,3.400058012914542e-16,0.002094134742002332,32,converged,gap_callback_with_solver_termination
199,0.5179844692322875,MEL-ADMM,0.01,0.01,61.57350540161133,3.621680706792472,3.621324926239507,0.009824596251701451,4.0939474033052647e-16,0.0015119304803330458,32,converged,gap_residual_and_feasibility
199,0.5179844692322875,sMEL-ADMM,0.01,0.01,6.807664,3.621650357939674,3.621324926239507,0.008986536883483644,2.919886554764162e-14,6.906106848783046e-5,93,converged,gap_residual_and_feasibility
200,0.679071389215045,IPOPT,0.01,1.0e-10,26.037931442260742,3.3118414346555602,3.3118414346555602,0.0,9.99526733602707e-9,NaN,31,INTERRUPTED,gap_and_residual
200,0.679071389215045,MadNLP,0.01,0.01,16.04604721069336,3.3119152148957403,3.3118414346555602,0.002227770913424894,1.3322676295501878e-15,NaN,23,INTERRUPTED,gap_and_residual
200,0.679071389215045,ADMM,0.01,0.0001,510.0903511047363,3.3121562908279167,3.3118414346555602,0.009506982099498924,3.231082068566593e-12,0.015105005388021077,38,converged,gap_callback_with_solver_termination
200,0.679071389215045,MEL-ADMM,0.01,0.01,79.40673828125,3.312166508325042,3.3118414346555602,0.009815496179259722,3.93348548177741e-16,0.007684006317285075,41,converged,gap_residual_and_feasibility
200,0.679071389215045,sMEL-ADMM,0.01,0.01,7.180873,3.3120869074642822,3.3118414346555602,0.007411973476548173,2.842170943040401e-14,6.126476316874532e-5,93,converged,gap_residual_and_feasibility
201,0.48328035494737603,IPOPT,0.01,1.0e-10,27.354001998901367,3.6879991817431312,3.6879991817431312,0.0,9.995268557272396e-9,NaN,32,INTERRUPTED,gap_and_residual
201,0.48328035494737603,MadNLP,0.01,0.01,14.94288444519043,3.6881160053433493,3.6879991817431312,0.0031676688215210892,5.97091820431217e-15,NaN,21,INTERRUPTED,gap_and_residual
201,0.48328035494737603,ADMM,0.01,0.0001,399.7635841369629,3.68836734951717,3.6879991817431312,0.009982859428525455,3.885780586188048e-16,0.0005046762647018359,31,converged,gap_callback_with_solver_termination
201,0.48328035494737603,MEL-ADMM,0.01,0.01,58.59875679016113,3.6883665063326254,3.6879991817431312,0.009959996501966741,3.608224830031759e-16,0.000568213854392121,31,converged,gap_residual_and_feasibility
201,0.48328035494737603,sMEL-ADMM,0.01,0.01,6.623785,3.688330702753268,3.6879991817431312,0.008989183397275032,2.808864252301646e-14,6.891120774754622e-5,93,converged,gap_residual_and_feasibility
202,0.4308406929861618,IPOPT,0.01,1.0e-10,25.77686309814453,3.7887473348704916,3.7887473348704916,0.0,9.995269112383909e-9,NaN,32,INTERRUPTED,gap_and_residual
202,0.4308406929861618,MadNLP,0.01,0.01,15.023946762084961,3.788866599630109,3.7887473348704916,0.0031478678591170847,2.7755575615628914e-17,NaN,22,INTERRUPTED,gap_and_residual
202,0.4308406929861618,ADMM,0.01,0.0001,397.5052833557129,3.7891218827977267,3.7887473348704916,0.009885798500939541,1.4180878693537124e-11,0.0002801388467877433,31,converged,gap_callback_with_solver_termination
202,0.4308406929861618,MEL-ADMM,0.01,0.01,55.19390106201172,3.7891247383062554,3.7887473348704916,0.009961166644453933,1.5760726057578722e-12,0.00018312454171416637,31,converged,gap_residual_and_feasibility
202,0.4308406929861618,sMEL-ADMM,0.01,0.01,6.842834,3.7890829227320273,3.7887473348704916,0.008857488554251081,2.919886554764162e-14,6.897593434372889e-5,93,converged,gap_residual_and_feasibility
203,0.40303175435807265,IPOPT,0.01,1.0e-10,26.625871658325195,3.8421744376097084,3.8421744376097084,0.0,9.99526783562743e-9,NaN,30,INTERRUPTED,gap_and_residual
203,0.40303175435807265,MadNLP,0.01,0.01,16.197919845581055,3.842247550378963,3.8421744376097084,0.0019029008297669482,6.446232436729815e-15,NaN,22,INTERRUPTED,gap_and_residual
203,0.40303175435807265,ADMM,0.01,0.0001,402.33469009399414,3.842549010392909,3.8421744376097084,0.009748979107616284,4.163336342344337e-16,0.0002763326552056508,31,converged,gap_callback_with_solver_termination
203,0.40303175435807265,MEL-ADMM,0.01,0.01,55.17148971557617,3.8425576246984847,3.8421744376097084,0.009973183024315244,2.914335439641036e-16,0.0013263097153175286,30,converged,gap_residual_and_feasibility
203,0.40303175435807265,sMEL-ADMM,0.01,0.01,7.076584,3.8425117288611896,3.8421744376097084,0.008778655341089146,2.842170943040401e-14,6.907815205181665e-5,93,converged,gap_residual_and_feasibility
204,0.39071587928589263,IPOPT,0.01,1.0e-10,23.643970489501953,3.8658359491691643,3.8658359491691643,0.0,9.99526827971664e-9,NaN,29,INTERRUPTED,gap_and_residual
204,0.39071587928589263,MadNLP,0.01,0.01,14.961957931518555,3.8659573254741657,3.8658359491691643,0.003139716909805893,8.569533971325427e-15,NaN,22,INTERRUPTED,gap_and_residual
204,0.39071587928589263,ADMM,0.01,0.0001,386.04736328125,3.8662205562232,3.8658359491691643,0.009948871578953756,5.35282929092773e-12,0.002436178207571922,30,converged,gap_callback_with_solver_termination
204,0.39071587928589263,MEL-ADMM,0.01,0.01,54.991722106933594,3.8662191665293606,3.8658359491691643,0.009912923497922062,3.5388358909926865e-16,0.0013166190228048637,30,converged,gap_residual_and_feasibility
204,0.39071587928589263,sMEL-ADMM,0.01,0.01,6.938458,3.8661741985271316,3.8658359491691643,0.008749708016969287,2.986499936241671e-14,6.913188573622834e-5,93,converged,gap_residual_and_feasibility
205,0.5899126705574803,IPOPT,0.01,1.0e-10,39.30807113647461,3.4831349919366072,3.4831349919366072,0.0,9.995268224205489e-9,NaN,43,INTERRUPTED,gap_and_residual
205,0.5899126705574803,MadNLP,0.01,0.01,27.012109756469727,3.4832478307357504,3.4831349919366072,0.003239575824777514,2.7755575615628914e-17,NaN,35,INTERRUPTED,gap_and_residual
205,0.5899126705574803,ADMM,0.01,0.0001,416.0487651824951,3.483468972739904,3.4831349919366072,0.009588511615825334,3.5388358909926865e-16,0.01934594373941422,32,converged,gap_callback_with_solver_termination
205,0.5899126705574803,MEL-ADMM,0.01,0.01,65.39702415466309,3.48348029596343,3.4831349919366072,0.009913598744292665,4.683753385137379e-16,0.004938497853266676,35,converged,gap_residual_and_feasibility
205,0.5899126705574803,sMEL-ADMM,0.01,0.01,7.060994999999999,3.483428491503796,3.4831349919366072,0.008426304690115379,2.964295475749168e-14,6.723288591977718e-5,93,converged,gap_residual_and_feasibility
206,0.6773622748625316,IPOPT,0.01,1.0e-10,26.220083236694336,3.3151250201719327,3.3151250201719327,0.0,9.99526694744901e-9,NaN,31,INTERRUPTED,gap_and_residual
206,0.6773622748625316,MadNLP,0.01,0.01,15.875101089477539,3.315198588955479,3.3151250201719327,0.0022191857953718524,9.520162436160717e-15,NaN,23,INTERRUPTED,gap_and_residual
206,0.6773622748625316,ADMM,0.01,0.0001,500.02288818359375,3.31543225719009,3.3151250201719327,0.009267735493771695,1.0295209129651539e-11,0.015162349318222185,38,converged,gap_callback_with_solver_termination
206,0.6773622748625316,MEL-ADMM,0.01,0.01,77.20065116882324,3.315443231164507,3.3151250201719327,0.009598762961814817,3.95516952522712e-16,0.00676343895638316,41,converged,gap_residual_and_feasibility
206,0.6773622748625316,sMEL-ADMM,0.01,0.01,7.826002,3.3153710353490493,3.3151250201719327,0.007420992439792931,2.90878432451791e-14,6.126478031698301e-5,93,converged,gap_residual_and_feasibility
207,0.7036203850888478,IPOPT,0.01,1.0e-10,26.399850845336914,3.26467740073699,3.26467740073699,0.0,9.995269056872758e-9,NaN,32,INTERRUPTED,gap_and_residual
207,0.7036203850888478,MadNLP,0.01,0.01,14.642953872680664,3.2647856053436772,3.26467740073699,0.003314404255156077,3.469446951953614e-17,NaN,21,INTERRUPTED,gap_and_residual
207,0.7036203850888478,ADMM,0.01,0.0001,560.340404510498,3.2649614871153205,3.26467740073699,0.008701820837376082,3.885780586188048e-16,0.014323778100715034,41,converged,gap_callback_with_solver_termination
207,0.7036203850888478,MEL-ADMM,0.01,0.01,97.05829620361328,3.265001475152297,3.26467740073699,0.009926690313524937,3.95516952522712e-16,0.00925914776633181,43,converged,gap_residual_and_feasibility
207,0.7036203850888478,sMEL-ADMM,0.01,0.01,7.037874,3.264916744406222,3.26467740073699,0.0073313114851044255,2.8199664825478976e-14,7.596347341419767e-5,93,converged,gap_residual_and_feasibility
208,0.3438259543065081,IPOPT,0.01,1.0e-10,63.446998596191406,3.9559218338845525,3.9559218338845525,0.0,9.99526827971664e-9,NaN,57,INTERRUPTED,gap_and_residual
208,0.3438259543065081,MadNLP,0.01,0.01,41.525840759277344,3.9559975636087255,3.9559218338845525,0.0019143382339925864,7.291910131268509e-15,NaN,45,INTERRUPTED,gap_and_residual
208,0.3438259543065081,ADMM,0.01,0.0001,386.2624168395996,3.9563060998957518,3.9559218338845525,0.009713690698026174,4.633626815575553e-12,0.002378328657016121,30,converged,gap_callback_with_solver_termination
208,0.3438259543065081,MEL-ADMM,0.01,0.01,56.2739372253418,3.9563052425066747,3.9559218338845525,0.009692017138409168,1.9466650513777495e-12,0.001279652669057517,30,converged,gap_residual_and_feasibility
208,0.3438259543065081,sMEL-ADMM,0.01,0.01,6.925083,3.956264427516432,3.9559218338845525,0.008660273035351725,2.9976021664879227e-14,6.93229770208463e-5,93,converged,gap_residual_and_feasibility
209,0.6415128048922303,IPOPT,0.01,1.0e-10,35.77017784118652,3.3839997564883895,3.3839997564883895,0.0,9.99526783562743e-9,NaN,39,INTERRUPTED,gap_and_residual
209,0.6415128048922303,MadNLP,0.01,0.01,39.80708122253418,3.3840688141459134,3.3839997564883895,0.0020407110665878127,1.0547118733938987e-15,NaN,48,INTERRUPTED,gap_and_residual
209,0.6415128048922303,ADMM,0.01,0.0001,509.57727432250977,3.3843210029983917,3.3839997564883895,0.009493100860490756,1.730837695390619e-13,0.016700758119613784,35,converged,gap_callback_with_solver_termination
209,0.6415128048922303,MEL-ADMM,0.01,0.01,75.55508613586426,3.3843101117838765,3.3839997564883895,0.009171256436765304,3.885780586188048e-16,0.0025675976549483608,39,converged,gap_residual_and_feasibility
209,0.6415128048922303,sMEL-ADMM,0.01,0.01,6.594747,3.3842607964616254,3.3839997564883895,0.007713947754735746,2.842170943040401e-14,6.146306662953033e-5,93,converged,gap_residual_and_feasibility
210,0.6727190039859672,IPOPT,0.01,1.0e-10,26.365041732788086,3.324045767327586,3.324045767327586,0.0,9.99526783562743e-9,NaN,31,INTERRUPTED,gap_and_residual
210,0.6727190039859672,MadNLP,0.01,0.01,15.831947326660156,3.324118755842758,3.324045767327586,0.0021957734724848393,8.777700788442644e-15,NaN,23,INTERRUPTED,gap_and_residual
210,0.6727190039859672,ADMM,0.01,0.0001,529.9332141876221,3.324342297191868,3.324045767327586,0.008920751549119062,1.7130741269966165e-13,0.01532581356615404,38,converged,gap_callback_with_solver_termination
210,0.6727190039859672,MEL-ADMM,0.01,0.01,79.73599433898926,3.324351505687922,3.324045767327586,0.009197778302005325,4.0939474033052647e-16,0.004587475177775822,41,converged,gap_residual_and_feasibility
210,0.6727190039859672,sMEL-ADMM,0.01,0.01,6.851707,3.324293309364791,3.324045767327586,0.007447010496616698,2.986499936241671e-14,6.126482502926203e-5,93,converged,gap_residual_and_feasibility
211,0.5310794710330728,IPOPT,0.01,1.0e-10,31.430959701538086,3.5961665404435736,3.5961665404435736,0.0,9.99526733602707e-9,NaN,33,INTERRUPTED,gap_and_residual
211,0.5310794710330728,MadNLP,0.01,0.01,15.672922134399414,3.596234071883203,3.5961665404435736,0.0018778729758411501,6.869504964868156e-15,NaN,22,INTERRUPTED,gap_and_residual
211,0.5310794710330728,ADMM,0.01,0.0001,483.4902286529541,3.596515010294327,3.5961665404435736,0.009690036510662423,4.371503159461554e-16,0.0009761860068155763,33,converged,gap_callback_with_solver_termination
211,0.5310794710330728,MEL-ADMM,0.01,0.01,80.57212829589844,3.5965157259933482,3.5961665404435736,0.009709938231378964,3.191891195797325e-16,0.0008006472573129503,33,converged,gap_residual_and_feasibility
211,0.5310794710330728,sMEL-ADMM,0.01,0.01,9.162578,3.596488773092557,3.5961665404435736,0.008960448448630488,2.9531932455029164e-14,6.90891650567127e-5,93,converged,gap_residual_and_feasibility
212,0.30144837171134986,IPOPT,0.01,1.0e-10,33.55097770690918,4.037338513946673,4.037338513946673,0.0,9.995268224205489e-9,NaN,34,INTERRUPTED,gap_and_residual
212,0.30144837171134986,MadNLP,0.01,0.01,24.219989776611328,4.037469704489146,4.037338513946673,0.003249431327589367,7.258083023486961e-15,NaN,26,INTERRUPTED,gap_and_residual
212,0.30144837171134986,ADMM,0.01,0.0001,381.725549697876,4.037741457696702,4.037338513946673,0.009980430143212761,1.7512102878924907e-12,0.02538565695798446,26,converged,gap_callback_with_solver_termination
212,0.30144837171134986,MEL-ADMM,0.01,0.01,56.19335174560547,4.0377221371080845,4.037338513946673,0.009501882492300546,4.2327252813834093e-16,0.001246215925003069,30,converged,gap_residual_and_feasibility
212,0.30144837171134986,sMEL-ADMM,0.01,0.01,6.804334000000001,4.037686149401287,4.037338513946673,0.008610510449223794,2.9753977059954195e-14,6.946807623569012e-5,93,converged,gap_residual_and_feasibility
213,0.6339816357758634,IPOPT,0.01,1.0e-10,42.276859283447266,3.398468792919726,3.398468792919726,0.0,9.99526827971664e-9,NaN,41,INTERRUPTED,gap_and_residual
213,0.6339816357758634,MadNLP,0.01,0.01,21.381139755249023,3.3985799321798904,3.398468792919726,0.003270274554111126,2.0816681711721685e-17,NaN,27,INTERRUPTED,gap_and_residual
213,0.6339816357758634,ADMM,0.01,0.0001,460.9973430633545,3.3987809122698356,3.398468792919726,0.009184116998799625,1.9040879983833747e-12,0.01696924128154398,35,converged,gap_callback_with_solver_termination
213,0.6339816357758634,MEL-ADMM,0.01,0.01,70.53208351135254,3.3987905375883103,3.398468792919726,0.009467342152867755,3.608224830031759e-16,0.004417232655785308,38,converged,gap_residual_and_feasibility
213,0.6339816357758634,sMEL-ADMM,0.01,0.01,7.251036,3.398734248044038,3.398468792919726,0.007811021388950071,2.9976021664879227e-14,6.248497158475343e-5,93,converged,gap_residual_and_feasibility
214,0.7109586819183666,IPOPT,0.01,1.0e-10,21.778106689453125,3.2505789144953856,3.2505789144953856,0.0,9.995268779317001e-9,NaN,26,INTERRUPTED,gap_and_residual
214,0.7109586819183666,MadNLP,0.01,0.01,13.089895248413086,3.25068668547757,3.2505789144953856,0.0033154396499524624,2.0816681711721685e-17,NaN,19,INTERRUPTED,gap_and_residual
214,0.7109586819183666,ADMM,0.01,0.0001,538.5210514068604,3.250891694454119,3.2505789144953856,0.00962228473637288,4.40619762898109e-16,0.014324720346100151,41,converged,gap_callback_with_solver_termination
214,0.7109586819183666,MEL-ADMM,0.01,0.01,78.92608642578125,3.2508859120062805,3.2505789144953856,0.009444394951493457,4.579669976578771e-16,0.007643360861816406,44,converged,gap_residual_and_feasibility
214,0.7109586819183666,sMEL-ADMM,0.01,0.01,6.856331,3.250817080641787,3.2505789144953856,0.007326884000244574,2.7977620220553945e-14,8.414795508120392e-5,93,converged,gap_residual_and_feasibility
215,0.4813756678518224,IPOPT,0.01,1.0e-10,26.78394317626953,3.691658505621014,3.691658505621014,0.0,9.995267558071674e-9,NaN,32,INTERRUPTED,gap_and_residual
215,0.4813756678518224,MadNLP,0.01,0.01,14.56308364868164,3.6917754096854236,3.691658505621014,0.0031667085195389265,3.469446951953614e-17,NaN,21,INTERRUPTED,gap_and_residual
215,0.4813756678518224,ADMM,0.01,0.0001,431.3225746154785,3.6920273696122283,3.691658505621014,0.009991823205013536,3.3224978324142285e-11,0.0003601737311687281,31,converged,gap_callback_with_solver_termination
215,0.4813756678518224,MEL-ADMM,0.01,0.01,56.774139404296875,3.6920262958785224,3.691658505621014,0.009962737803308246,3.0229707626006075e-12,0.0005340842226172274,31,converged,gap_residual_and_feasibility
215,0.4813756678518224,sMEL-ADMM,0.01,0.01,6.690585,3.691990247138922,3.691658505621014,0.008986246084325735,2.7755575615628914e-14,6.891013212045882e-5,93,converged,gap_residual_and_feasibility
216,0.41914775752880257,IPOPT,0.01,1.0e-10,27.36520767211914,3.8112120420769853,3.8112120420769853,0.0,9.995268057672035e-9,NaN,34,INTERRUPTED,gap_and_residual
216,0.41914775752880257,MadNLP,0.01,0.01,19.203901290893555,3.811284052970899,3.8112120420769853,0.0018894486352005087,7.549516567451064e-15,NaN,30,INTERRUPTED,gap_and_residual
216,0.41914775752880257,ADMM,0.01,0.0001,395.95508575439453,3.811586607404348,3.8112120420769853,0.009827984463400495,3.400058012914542e-16,0.00027853189962957076,31,converged,gap_callback_with_solver_termination
216,0.41914775752880257,MEL-ADMM,0.01,0.01,56.92243576049805,3.811589516309933,3.8112120420769853,0.009904309410771093,3.677613769070831e-16,0.00018174093147194093,31,converged,gap_residual_and_feasibility
216,0.41914775752880257,sMEL-ADMM,0.01,0.01,6.747002999999999,3.8115482782657266,3.8112120420769853,0.008822290259087972,2.930988785010413e-14,6.901466119403447e-5,93,converged,gap_residual_and_feasibility
217,0.4467489922083813,IPOPT,0.01,1.0e-10,22.98593521118164,3.7581839844198073,3.7581839844198073,0.0,9.995267502560523e-9,NaN,28,INTERRUPTED,gap_and_residual
217,0.4467489922083813,MadNLP,0.01,0.01,13.82303237915039,3.7582540336612826,3.7581839844198073,0.0018639119789174044,7.514822097931528e-15,NaN,20,INTERRUPTED,gap_and_residual
217,0.4467489922083813,ADMM,0.01,0.0001,401.1862277984619,3.7585592695699646,3.7581839844198073,0.009985811011730322,3.608224830031759e-16,0.0003078333109940122,31,converged,gap_callback_with_solver_termination
217,0.4467489922083813,MEL-ADMM,0.01,0.01,62.69669532775879,3.75855964470377,3.7581839844198073,0.009995792795669261,3.3306690738754696e-16,9.523466663698132e-6,34,converged,gap_residual_and_feasibility
217,0.4467489922083813,sMEL-ADMM,0.01,0.01,6.559374,3.7585187684990378,3.7581839844198073,0.008908134370706502,2.853273173286652e-14,6.893623249786332e-5,93,converged,gap_residual_and_feasibility
218,0.27903497922784426,IPOPT,0.01,1.0e-10,34.98411178588867,4.080399582870046,4.080399582870046,0.0,9.995268557272396e-9,NaN,38,INTERRUPTED,gap_and_residual
218,0.27903497922784426,MadNLP,0.01,0.01,24.547815322875977,4.080538839216637,4.080399582870046,0.0034128115093327548,9.405670686746248e-15,NaN,31,INTERRUPTED,gap_and_residual
218,0.27903497922784426,ADMM,0.01,0.0001,337.85080909729004,4.080803233521976,4.080399582870046,0.009892429496969163,7.005507285384738e-14,0.025384728120275764,26,converged,gap_callback_with_solver_termination
218,0.27903497922784426,MEL-ADMM,0.01,0.01,55.38439750671387,4.080783342130433,4.080399582870046,0.009404943133447643,3.5388358909926865e-16,0.0012319167962138167,30,converged,gap_residual_and_feasibility
218,0.27903497922784426,sMEL-ADMM,0.01,0.01,6.902165,4.08074934682703,4.080399582870046,0.008571806507680644,2.7977620220553945e-14,6.952148096518469e-5,93,converged,gap_residual_and_feasibility
219,0.48174303509772726,IPOPT,0.01,1.0e-10,26.30901336669922,3.6909527121402745,3.6909527121402745,0.0,9.995266725404406e-9,NaN,32,INTERRUPTED,gap_and_residual
219,0.48174303509772726,MadNLP,0.01,0.01,15.246152877807617,3.691069600657074,3.6909527121402745,0.0031668928300003485,2.7755575615628914e-17,NaN,21,INTERRUPTED,gap_and_residual
219,0.48174303509772726,ADMM,0.01,0.0001,401.10254287719727,3.6913215326500244,3.6909527121402745,0.009992555811856426,3.5822039778921066e-16,0.0003880021834598568,31,converged,gap_callback_with_solver_termination
219,0.48174303509772726,MEL-ADMM,0.01,0.01,56.24890327453613,3.691320364015089,3.6909527121402745,0.00996089366317473,3.2612801348363973e-16,0.000539793797841439,31,converged,gap_residual_and_feasibility
219,0.48174303509772726,sMEL-ADMM,0.01,0.01,7.001208,3.6912844120598782,3.6909527121402745,0.008986837423103874,2.864375403532904e-14,6.891032879743388e-5,93,converged,gap_residual_and_feasibility
220,0.5214706473936707,IPOPT,0.01,1.0e-10,27.493000030517578,3.6146272093188294,3.6146272093188294,0.0,9.995268390738943e-9,NaN,33,INTERRUPTED,gap_and_residual
220,0.5214706473936707,MadNLP,0.01,0.01,15.241861343383789,3.614742497335987,3.6146272093188294,0.0031894856780954797,3.469446951953614e-17,NaN,22,INTERRUPTED,gap_and_residual
220,0.5214706473936707,ADMM,0.01,0.0001,413.48719596862793,3.6149804974368114,3.6146272093188294,0.00977384658288292,1.0602074773657932e-12,0.0024979895725292,32,converged,gap_callback_with_solver_termination
220,0.5214706473936707,MEL-ADMM,0.01,0.01,58.24542045593262,3.6149832971570652,3.6146272093188294,0.009851301880254567,3.469446951953614e-16,0.0019919813771476225,32,converged,gap_residual_and_feasibility
220,0.5214706473936707,sMEL-ADMM,0.01,0.01,6.851622,3.614951856536156,3.6146272093188294,0.008981485462440526,2.864375403532904e-14,6.907279871322045e-5,93,converged,gap_residual_and_feasibility
221,0.7335473554357355,IPOPT,0.01,1.0e-10,33.43987464904785,3.2071810920579544,3.2071810920579544,0.0,9.995268113183187e-9,NaN,34,INTERRUPTED,gap_and_residual
221,0.7335473554357355,MadNLP,0.01,0.01,22.161006927490234,3.2072873505879347,3.2071810920579544,0.0033131440642183724,2.0816681711721685e-17,NaN,27,INTERRUPTED,gap_and_residual
221,0.7335473554357355,ADMM,0.01,0.0001,560.0254535675049,3.2074643648361367,3.2071810920579544,0.008832453486451855,5.672240455112387e-11,0.012728070293538146,44,converged,gap_callback_with_solver_termination
221,0.7335473554357355,MEL-ADMM,0.01,0.01,85.4029655456543,3.20746198363863,3.2071810920579544,0.008758207678735365,3.885780586188048e-16,0.0049473150326002635,47,converged,gap_residual_and_feasibility
221,0.7335473554357355,sMEL-ADMM,0.01,0.01,6.7627440000000005,3.2074176393234977,3.2071810920579544,0.007375550639438462,2.886579864025407e-14,0.0001034908665051076,93,converged,gap_residual_and_feasibility
222,0.6916613307311289,IPOPT,0.01,1.0e-10,27.3590087890625,3.287653381028038,3.287653381028038,0.0,9.995267891138582e-9,NaN,33,INTERRUPTED,gap_and_residual
222,0.6916613307311289,MadNLP,0.01,0.01,15.337944030761719,3.2877622281967556,3.287653381028038,0.003310786025848025,2.42861286636753e-17,NaN,22,INTERRUPTED,gap_and_residual
222,0.6916613307311289,ADMM,0.01,0.0001,505.115270614624,3.2879752202070622,3.287653381028038,0.009789328184086905,1.384623526945461e-10,0.014603233174497176,39,converged,gap_callback_with_solver_termination
222,0.6916613307311289,MEL-ADMM,0.01,0.01,78.40228080749512,3.2879779159744373,3.287653381028038,0.009871324886983302,1.698752249978952e-12,0.008426157739418483,42,converged,gap_residual_and_feasibility
222,0.6916613307311289,sMEL-ADMM,0.01,0.01,6.900543,3.287895314445082,3.287653381028038,0.007358848059839756,2.942091015256665e-14,6.490433777228688e-5,93,converged,gap_residual_and_feasibility
223,0.25539152868603804,IPOPT,0.01,1.0e-10,31.526803970336914,4.125823864540845,4.125823864540845,0.0,9.995268002160884e-9,NaN,33,INTERRUPTED,gap_and_residual
223,0.25539152868603804,MadNLP,0.01,0.01,23.106813430786133,4.125980221015644,4.125823864540845,0.0037897030976842797,7.167877402736167e-15,NaN,30,INTERRUPTED,gap_and_residual
223,0.25539152868603804,ADMM,0.01,0.0001,349.26533699035645,4.1262275174437155,4.125823864540845,0.009783570896954226,2.94469310047063e-16,0.025384725305448552,26,converged,gap_callback_with_solver_termination
223,0.25539152868603804,MEL-ADMM,0.01,0.01,55.16982078552246,4.126207877697291,4.125823864540845,0.009307550905080404,3.5041414214731503e-16,0.0012319168246290174,30,converged,gap_residual_and_feasibility
223,0.25539152868603804,sMEL-ADMM,0.01,0.01,6.747706,4.126175251589053,4.125823864540845,0.008516772885723362,2.919886554764162e-14,6.956084042653108e-5,93,converged,gap_residual_and_feasibility
224,0.6193980909925685,IPOPT,0.01,1.0e-10,44.751882553100586,3.4264869979961428,3.4264869979961428,0.0,9.995268779317001e-9,NaN,50,INTERRUPTED,gap_and_residual
224,0.6193980909925685,MadNLP,0.01,0.01,30.98583221435547,3.4265988471802475,3.4264869979961428,0.003264252401080031,3.122502256758253e-17,NaN,40,INTERRUPTED,gap_and_residual
224,0.6193980909925685,ADMM,0.01,0.0001,445.61100006103516,3.4268136629082298,3.4264869979961428,0.009533522592615461,1.3420931033181205e-12,0.01758495218504145,34,converged,gap_callback_with_solver_termination
224,0.6193980909925685,MEL-ADMM,0.01,0.01,72.4647045135498,3.4268144828684233,3.4264869979961428,0.00955745264674964,3.920475055707584e-16,0.004311674151945711,37,converged,gap_residual_and_feasibility
224,0.6193980909925685,sMEL-ADMM,0.01,0.01,7.012579,3.4267617851734635,3.4264869979961428,0.008019501532662085,2.919886554764162e-14,6.44395193279074e-5,93,converged,gap_residual_and_feasibility
225,0.4249164772691855,IPOPT,0.01,1.0e-10,26.013851165771484,3.8001290595020247,3.8001290595020247,0.0,9.995267613582826e-9,NaN,32,INTERRUPTED,gap_and_residual
225,0.4249164772691855,MadNLP,0.01,0.01,14.667987823486328,3.8002486311968218,3.8001290595020247,0.003146516682059927,3.122502256758253e-17,NaN,21,INTERRUPTED,gap_and_residual
225,0.4249164772691855,ADMM,0.01,0.0001,396.15869522094727,3.800503611300362,3.8001290595020247,0.00985629152253585,3.8163916471489756e-16,0.00027927431329274194,31,converged,gap_callback_with_solver_termination
225,0.4249164772691855,MEL-ADMM,0.01,0.01,58.92229080200195,3.800506496073958,3.8001290595020247,0.00993220403894863,3.5388358909926865e-16,0.00018242375947537248,31,converged,gap_residual_and_feasibility
225,0.4249164772691855,sMEL-ADMM,0.01,0.01,6.805701,3.8004649595377926,3.8001290595020247,0.008839174420352598,2.986499936241671e-14,6.899458849594052e-5,93,converged,gap_residual_and_feasibility
226,0.5242618047367972,IPOPT,0.01,1.0e-10,27.389049530029297,3.609264780636207,3.609264780636207,0.0,9.995267558071674e-9,NaN,33,INTERRUPTED,gap_and_residual
226,0.5242618047367972,MadNLP,0.01,0.01,15.010833740234375,3.60933241790494,3.609264780636207,0.0018739902125289826,9.353628982466944e-15,NaN,22,INTERRUPTED,gap_and_residual
226,0.5242618047367972,ADMM,0.01,0.0001,414.75462913513184,3.6096155190911268,3.609264780636207,0.009717725803927506,3.7470027081099033e-16,0.0015017377095462928,32,converged,gap_callback_with_solver_termination
226,0.5242618047367972,MEL-ADMM,0.01,0.01,58.14170837402344,3.6096219208846714,3.609264780636207,0.009895096928898827,3.0964814046186007e-16,0.0024680453787439653,32,converged,gap_residual_and_feasibility
226,0.5242618047367972,sMEL-ADMM,0.01,0.01,6.7872069999999995,3.6095887655967753,3.609264780636207,0.008976480814228431,2.842170943040401e-14,6.908025623231142e-5,93,converged,gap_residual_and_feasibility
227,0.5096119509145286,IPOPT,0.01,1.0e-10,27.009010314941406,3.6374103799970667,3.6374103799970667,0.0,9.995268557272396e-9,NaN,33,INTERRUPTED,gap_and_residual
227,0.5096119509145286,MadNLP,0.01,0.01,15.508174896240234,3.6375261289531258,3.6374103799970667,0.0031821802867107256,2.7755575615628914e-17,NaN,22,INTERRUPTED,gap_and_residual
227,0.5096119509145286,ADMM,0.01,0.0001,423.0923652648926,3.637767323429843,3.6374103799970667,0.009813119650707561,3.885780586188048e-16,0.0008436996098508745,32,converged,gap_callback_with_solver_termination
227,0.5096119509145286,MEL-ADMM,0.01,0.01,59.41152572631836,3.6377678584660442,3.6374103799970667,0.009827828912111324,3.0347946378128654e-13,0.0007552514652138936,32,converged,gap_residual_and_feasibility
227,0.5096119509145286,sMEL-ADMM,0.01,0.01,7.471121,3.637737633382915,3.6374103799970667,0.008996878318924616,3.0309088572266774e-14,6.902178293366479e-5,93,converged,gap_residual_and_feasibility
228,0.3473542550483387,IPOPT,0.01,1.0e-10,26.978015899658203,3.9491431901991674,3.9491431901991674,0.0,9.995268168694338e-9,NaN,33,INTERRUPTED,gap_and_residual
228,0.3473542550483387,MadNLP,0.01,0.01,15.872001647949219,3.9492188550837053,3.9491431901991674,0.001915982300305049,7.89993070959838e-15,NaN,22,INTERRUPTED,gap_and_residual
228,0.3473542550483387,ADMM,0.01,0.0001,388.2429599761963,3.9495274854826397,3.9491431901991674,0.009731105330037399,4.579669976578771e-16,0.002382710769719562,30,converged,gap_callback_with_solver_termination
228,0.3473542550483387,MEL-ADMM,0.01,0.01,55.16552925109863,3.949526581308358,3.9491431901991674,0.009708209875552173,4.3021142204224816e-16,0.0012824366787657984,30,converged,gap_residual_and_feasibility
228,0.3473542550483387,sMEL-ADMM,0.01,0.01,7.422542,3.949485355645657,3.9491431901991674,0.00866429577278578,3.0531133177191805e-14,6.930898067820674e-5,93,converged,gap_residual_and_feasibility
229,0.26996113054038284,IPOPT,0.01,1.0e-10,53.27415466308594,4.097832446905087,4.097832446905087,0.0,9.99526783562743e-9,NaN,48,INTERRUPTED,gap_and_residual
229,0.26996113054038284,MadNLP,0.01,0.01,37.44196891784668,4.097975968766203,4.097832446905087,0.0035023848089480213,8.31279489688086e-15,NaN,37,INTERRUPTED,gap_and_residual
229,0.26996113054038284,ADMM,0.01,0.0001,356.2793731689453,4.098236099781469,4.097832446905087,0.009850399732364035,3.885780586188048e-16,0.0253847252877451,26,converged,gap_callback_with_solver_termination
229,0.26996113054038284,MEL-ADMM,0.01,0.01,54.6727180480957,4.0982163049092915,4.097832446905087,0.009367342593392978,2.983724378680108e-16,0.0012319171339866472,30,converged,gap_residual_and_feasibility
229,0.26996113054038284,sMEL-ADMM,0.01,0.01,7.05417,4.098182911393615,4.097832446905087,0.008552435783295427,2.942091015256665e-14,6.953862775752658e-5,93,converged,gap_residual_and_feasibility
230,0.5346397293296712,IPOPT,0.01,1.0e-10,28.053998947143555,3.5893264992491076,3.5893264992491076,0.0,9.995267669093977e-9,NaN,33,INTERRUPTED,gap_and_residual
230,0.5346397293296712,MadNLP,0.01,0.01,15.536069869995117,3.5894412914216183,3.5893264992491076,0.003198153540355323,7.716050021144838e-15,NaN,22,INTERRUPTED,gap_and_residual
230,0.5346397293296712,ADMM,0.01,0.0001,447.0853805541992,3.5896736957889726,3.5893264992491076,0.009673027514703903,3.7470027081099033e-16,0.0015255769599819037,33,converged,gap_callback_with_solver_termination
230,0.5346397293296712,MEL-ADMM,0.01,0.01,61.578989028930664,3.5896747157958138,3.5893264992491076,0.009701445292842111,3.7470027081099033e-16,0.0010887674599145067,33,converged,gap_residual_and_feasibility
230,0.5346397293296712,sMEL-ADMM,0.01,0.01,7.021375,3.5896477415733483,3.5893264992491076,0.008949933206352043,2.836619827917275e-14,6.908736951339971e-5,93,converged,gap_residual_and_feasibility
231,0.2927911249310339,IPOPT,0.01,1.0e-10,32.277822494506836,4.053970993861006,4.053970993861006,0.0,9.995268002160884e-9,NaN,35,INTERRUPTED,gap_and_residual
231,0.2927911249310339,MadNLP,0.01,0.01,22.6590633392334,4.054018382174549,4.053970993861006,0.001168935683437583,9.506284648352903e-16,NaN,28,INTERRUPTED,gap_and_residual
231,0.2927911249310339,ADMM,0.01,0.0001,341.96019172668457,4.054374271912132,4.053970993861006,0.009947729071993592,4.0939474033052647e-16,0.025385213437411416,26,converged,gap_callback_with_solver_termination
231,0.2927911249310339,MEL-ADMM,0.01,0.01,54.65078353881836,4.054354659992202,4.053970993861006,0.009463958468811475,3.5388358909926865e-16,0.0012393901139884783,30,converged,gap_residual_and_feasibility
231,0.2927911249310339,sMEL-ADMM,0.01,0.01,6.844417,4.054319512265701,4.053970993861006,0.008596963451973864,2.9531932455029164e-14,6.94906833189294e-5,93,converged,gap_residual_and_feasibility
232,0.3301746232440883,IPOPT,0.01,1.0e-10,34.04688835144043,3.9821490508579447,3.9821490508579447,0.0,9.99526739153822e-9,NaN,39,INTERRUPTED,gap_and_residual
232,0.3301746232440883,MadNLP,0.01,0.01,23.65899085998535,3.9822736535755947,3.9821490508579447,0.0031290319889753703,7.348288644237755e-15,NaN,32,INTERRUPTED,gap_and_residual
232,0.3301746232440883,ADMM,0.01,0.0001,390.66219329833984,3.982533216461016,3.9821490508579447,0.009647192964523224,2.5305313400281193e-12,0.002361044833581287,30,converged,gap_callback_with_solver_termination
232,0.3301746232440883,MEL-ADMM,0.01,0.01,54.299116134643555,3.9825325283211717,3.9821490508579447,0.009629912349573113,4.371503159461554e-16,0.0012688774560190678,30,converged,gap_residual_and_feasibility
232,0.3301746232440883,sMEL-ADMM,0.01,0.01,6.990713,3.9824933137801404,3.9821490508579447,0.00864515410646224,2.9753977059954195e-14,6.937396080422022e-5,93,converged,gap_residual_and_feasibility
233,0.5144846310407235,IPOPT,0.01,1.0e-10,27.52685546875,3.6280488870900838,3.6280488870900838,0.0,9.995268168694338e-9,NaN,33,INTERRUPTED,gap_and_residual
233,0.5144846310407235,MadNLP,0.01,0.01,15.765905380249023,3.628164444967288,3.6280488870900838,0.003185124589011808,2.7755575615628914e-17,NaN,22,INTERRUPTED,gap_and_residual
233,0.5144846310407235,ADMM,0.01,0.0001,411.6697311401367,3.6284039512967974,3.6280488870900838,0.009786643393286517,4.371503159461554e-16,0.0015746453708310633,32,converged,gap_callback_with_solver_termination
233,0.5144846310407235,MEL-ADMM,0.01,0.01,58.653831481933594,3.628405083910388,3.6280488870900838,0.009817861649316674,3.95516952522712e-16,0.0011368853161606053,32,converged,gap_residual_and_feasibility
233,0.5144846310407235,sMEL-ADMM,0.01,0.01,6.801749,3.628375069608961,3.6280488870900838,0.008990576726731758,2.8976820942716586e-14,6.904636923811287e-5,93,converged,gap_residual_and_feasibility
234,0.5810940887675267,IPOPT,0.01,1.0e-10,26.707887649536133,3.5000774319774646,3.5000774319774646,0.0,9.995267613582826e-9,NaN,33,INTERRUPTED,gap_and_residual
234,0.5810940887675267,MadNLP,0.01,0.01,14.830827713012695,3.500190575926815,3.5000774319774646,0.0032326127506997916,8.88872309090516e-15,NaN,22,INTERRUPTED,gap_and_residual
234,0.5810940887675267,ADMM,0.01,0.0001,399.2800712585449,3.5004170177364604,3.5000774319774646,0.009702235610370012,3.8510861166685117e-16,0.019451567855218968,31,converged,gap_callback_with_solver_termination
234,0.5810940887675267,MEL-ADMM,0.01,0.01,65.98401069641113,3.5004112351691807,3.5000774319774646,0.009537023057446277,3.3306690738754696e-16,0.0024246039517001865,35,converged,gap_residual_and_feasibility
234,0.5810940887675267,sMEL-ADMM,0.01,0.01,6.650254,3.5003768808927656,3.5000774319774646,0.008555494017508056,2.9531932455029164e-14,6.788163150213238e-5,93,converged,gap_residual_and_feasibility
235,0.4142308251692761,IPOPT,0.01,1.0e-10,84.13505554199219,3.820658553281438,3.820658553281438,0.0,9.99526872380585e-9,NaN,76,INTERRUPTED,gap_and_residual
235,0.4142308251692761,MadNLP,0.01,0.01,46.25296592712402,3.8207309088819232,3.820658553281438,0.0018937991834734411,7.906869603502287e-15,NaN,59,INTERRUPTED,gap_and_residual
235,0.4142308251692761,ADMM,0.01,0.0001,395.16663551330566,3.8210331256435186,3.820658553281438,0.009803869067520005,3.677613769070831e-16,0.00027787083568218615,31,converged,gap_callback_with_solver_termination
235,0.4142308251692761,MEL-ADMM,0.01,0.01,55.37676811218262,3.8210360627065816,3.820658553281438,0.009880742282491214,3.677613769070831e-16,0.0001811589999256985,31,converged,gap_residual_and_feasibility
235,0.4142308251692761,sMEL-ADMM,0.01,0.01,6.978034,3.8209950985586048,3.820658553281438,0.008808567226658315,2.919886554764162e-14,6.9032944656355e-5,93,converged,gap_residual_and_feasibility
236,0.6736026595875437,IPOPT,0.01,1.0e-10,25.651931762695312,3.3223480700784034,3.3223480700784034,0.0,9.995268057672035e-9,NaN,31,INTERRUPTED,gap_and_residual
236,0.6736026595875437,MadNLP,0.01,0.01,15.506982803344727,3.322421169654476,3.3223480700784034,0.0022002383414024824,1.1032841307212493e-15,NaN,23,INTERRUPTED,gap_and_residual
236,0.6736026595875437,ADMM,0.01,0.0001,487.4155521392822,3.3226455187981276,3.3223480700784034,0.008952966800893884,3.0808688933348094e-13,0.015294681863469557,38,converged,gap_callback_with_solver_termination
236,0.6736026595875437,MEL-ADMM,0.01,0.01,77.0866870880127,3.322655502207338,3.3223480700784034,0.009253459374214141,3.400058012914542e-16,0.004960634289826316,41,converged,gap_residual_and_feasibility
236,0.6736026595875437,sMEL-ADMM,0.01,0.01,6.6283319999999994,3.322595315480404,3.3223480700784034,0.0074418873876449035,2.964295475749168e-14,6.126481670162484e-5,93,converged,gap_residual_and_feasibility
237,0.41628705442669245,IPOPT,0.01,1.0e-10,32.423973083496094,3.8167080834968594,3.8167080834968594,0.0,9.995268224205489e-9,NaN,39,INTERRUPTED,gap_and_residual
237,0.41628705442669245,MadNLP,0.01,0.01,20.080089569091797,3.8168281062131775,3.8167080834968594,0.0031446658663005027,6.473988012345444e-15,NaN,28,INTERRUPTED,gap_and_residual
237,0.41628705442669245,ADMM,0.01,0.0001,392.4136161804199,3.8170826530388853,3.8167080834968594,0.009813942639351137,3.885780586188048e-16,0.00027814843932583155,31,converged,gap_callback_with_solver_termination
237,0.41628705442669245,MEL-ADMM,0.01,0.01,55.51743507385254,3.8170855778723296,3.8167080834968594,0.009890574998450738,4.0939474033052647e-16,0.00018140235752495126,31,converged,gap_residual_and_feasibility
237,0.41628705442669245,sMEL-ADMM,0.01,0.01,6.617876,3.8170444979807314,3.8167080834968594,0.008814257640678218,2.986499936241671e-14,6.90251798734498e-5,93,converged,gap_residual_and_feasibility
238,0.28137939271995516,IPOPT,0.01,1.0e-10,40.29703140258789,4.075895447628452,4.075895447628452,0.0,9.995268168694338e-9,NaN,44,INTERRUPTED,gap_and_residual
238,0.28137939271995516,MadNLP,0.01,0.01,29.133081436157227,4.076033799115171,4.075895447628452,0.003394382620878523,7.460178308438259e-15,NaN,37,INTERRUPTED,gap_and_residual
238,0.28137939271995516,ADMM,0.01,0.0001,337.6753330230713,4.076299098291038,4.075895447628452,0.009903361550190665,3.5388358909926865e-16,0.025384728078731617,26,converged,gap_callback_with_solver_termination
238,0.28137939271995516,MEL-ADMM,0.01,0.01,54.99124526977539,4.076279181119814,4.075895447628452,0.009414703990638158,4.440892098500626e-16,0.0012319167951083884,30,converged,gap_residual_and_feasibility
238,0.28137939271995516,sMEL-ADMM,0.01,0.01,7.267955000000001,4.076245016238757,4.075895447628452,0.00857648619296246,3.0753177782116836e-14,6.9516697340977e-5,93,converged,gap_residual_and_feasibility
239,0.7465320160781802,IPOPT,0.01,1.0e-10,36.7579460144043,3.1822346959564776,3.1822346959564776,0.0,9.99526827971664e-9,NaN,40,INTERRUPTED,gap_and_residual
239,0.7465320160781802,MadNLP,0.01,0.01,24.869918823242188,3.182315884149976,3.1822346959564776,0.002551294962672001,2.7755575615628914e-17,NaN,32,INTERRUPTED,gap_and_residual
239,0.7465320160781802,ADMM,0.01,0.0001,576.5745639801025,3.1825492715753385,3.1822346959564776,0.009885368268426687,7.764525689069046e-10,0.012208535272167967,45,converged,gap_callback_with_solver_termination
239,0.7465320160781802,MEL-ADMM,0.01,0.01,86.03930473327637,3.182522409416895,3.1822346959564776,0.009041239503269346,4.0245584642661925e-16,0.007626788090507052,48,converged,gap_residual_and_feasibility
239,0.7465320160781802,sMEL-ADMM,0.01,0.01,7.050660000000001,3.1824725592311114,3.1822346959564776,0.007474724442419746,2.9531932455029164e-14,0.00010383368091960738,93,converged,gap_residual_and_feasibility
240,0.2998166579617305,IPOPT,0.01,1.0e-10,30.57694435119629,4.040473395838708,4.040473395838708,0.0,9.99526872380585e-9,NaN,36,INTERRUPTED,gap_and_residual
240,0.2998166579617305,MadNLP,0.01,0.01,20.771026611328125,4.040605091126182,4.040473395838708,0.0032594024158158824,8.784639682346551e-15,NaN,29,INTERRUPTED,gap_and_residual
240,0.2998166579617305,ADMM,0.01,0.0001,339.54381942749023,4.040876402193012,4.040473395838708,0.009974236056576494,5.550393478159776e-12,0.02538557347449957,26,converged,gap_callback_with_solver_termination
240,0.2998166579617305,MEL-ADMM,0.01,0.01,55.81092834472656,4.04085702715537,4.040473395838708,0.009494712106195418,2.983724378680108e-16,0.0012449291764382378,30,converged,gap_residual_and_feasibility
240,0.2998166579617305,sMEL-ADMM,0.01,0.01,6.986998000000001,4.040821206364232,4.040473395838708,0.00860816274355116,2.8754776337791554e-14,6.947260745308013e-5,93,converged,gap_residual_and_feasibility
241,0.3372256878231097,IPOPT,0.01,1.0e-10,49.0269660949707,3.9686024011018275,3.9686024011018275,0.0,9.995268557272396e-9,NaN,55,INTERRUPTED,gap_and_residual
241,0.3372256878231097,MadNLP,0.01,0.01,30.980825424194336,3.9687266121138802,3.9686024011018275,0.0031298426876486146,9.735268147181841e-15,NaN,36,INTERRUPTED,gap_and_residual
241,0.3372256878231097,ADMM,0.01,0.0001,393.54562759399414,3.9689866186475746,3.9686024011018275,0.009681432073932664,1.9285684160763594e-12,0.002369995219226498,30,converged,gap_callback_with_solver_termination
241,0.3372256878231097,MEL-ADMM,0.01,0.01,55.367231369018555,3.9689858431038907,3.9686024011018275,0.009661890088982892,3.5041414214731503e-16,0.0012744420756021467,30,converged,gap_residual_and_feasibility
241,0.3372256878231097,sMEL-ADMM,0.01,0.01,7.035584999999999,3.96894580524183,3.9686024011018275,0.008653024548566347,3.042011087472929e-14,6.934842756279886e-5,93,converged,gap_residual_and_feasibility
242,0.5037132504636119,IPOPT,0.01,1.0e-10,28.330087661743164,3.648743084176607,3.648743084176607,0.0,9.995268057672035e-9,NaN,32,INTERRUPTED,gap_and_residual
242,0.5037132504636119,MadNLP,0.01,0.01,15.563011169433594,3.6488111646248846,3.648743084176607,0.0018658602896102637,6.938893903907228e-16,NaN,21,INTERRUPTED,gap_and_residual
242,0.5037132504636119,ADMM,0.01,0.0001,398.7851142883301,3.6491036062573388,3.648743084176607,0.009880719809929574,3.608224830031759e-16,0.0014273185430674212,31,converged,gap_callback_with_solver_termination
242,0.5037132504636119,MEL-ADMM,0.01,0.01,57.95931816101074,3.6491026094205754,3.648743084176607,0.009853399805742952,6.7346128673762e-13,0.00045302797989239807,32,converged,gap_residual_and_feasibility
242,0.5037132504636119,sMEL-ADMM,0.01,0.01,7.02121,3.6490715418093638,3.648743084176607,0.009001939165875964,2.853273173286652e-14,6.898958118135585e-5,93,converged,gap_residual_and_feasibility
243,0.46696383381739276,IPOPT,0.01,1.0e-10,25.717973709106445,3.719346816488096,3.719346816488096,0.0,9.995267280515918e-9,NaN,31,INTERRUPTED,gap_and_residual
243,0.46696383381739276,MadNLP,0.01,0.01,14.042854309082031,3.7194160782590897,3.719346816488096,0.0018622025428390598,6.4878658001532585e-15,NaN,20,INTERRUPTED,gap_and_residual
243,0.46696383381739276,ADMM,0.01,0.0001,400.35367012023926,3.719718631744035,3.719346816488096,0.009996789067661575,6.488531933968034e-12,0.00043466428507607513,31,converged,gap_callback_with_solver_termination
243,0.46696383381739276,MEL-ADMM,0.01,0.01,55.39107322692871,3.719718015630422,3.719346816488096,0.009980223965147191,1.3082868122182845e-12,0.0003323843007546415,31,converged,gap_residual_and_feasibility
243,0.46696383381739276,sMEL-ADMM,0.01,0.01,7.018167,3.719680036107687,3.719346816488096,0.008959089755052984,2.942091015256665e-14,6.890845699381032e-5,93,converged,gap_residual_and_feasibility
244,0.45113638436686115,IPOPT,0.01,1.0e-10,22.839069366455078,3.7497548367006788,3.7497548367006788,0.0,9.995267946649733e-9,NaN,28,INTERRUPTED,gap_and_residual
244,0.45113638436686115,MadNLP,0.01,0.01,14.006853103637695,3.749873069777364,3.7497548367006788,0.003153088184003953,2.7755575615628914e-17,NaN,20,INTERRUPTED,gap_and_residual
244,0.45113638436686115,ADMM,0.01,0.0001,410.3696346282959,3.750129459591382,3.7497548367006788,0.0099905969061422,7.1051498018448456e-12,3.670101787158972e-5,32,converged,gap_callback_with_solver_termination
244,0.45113638436686115,MEL-ADMM,0.01,0.01,58.693647384643555,3.75012958576782,3.7497548367006788,0.009993961831136964,4.941624887067064e-11,2.620312217289575e-5,32,converged,gap_residual_and_feasibility
244,0.45113638436686115,sMEL-ADMM,0.01,0.01,6.848707,3.7500893344561947,3.7497548367006788,0.008920523343075117,2.864375403532904e-14,6.892788006468507e-5,93,converged,gap_residual_and_feasibility
245,0.47983283287436007,IPOPT,0.01,1.0e-10,25.82097053527832,3.6946226317947217,3.6946226317947217,0.0,9.995268224205489e-9,NaN,32,INTERRUPTED,gap_and_residual
245,0.47983283287436007,MadNLP,0.01,0.01,14.589071273803711,3.694739601300304,3.6946226317947217,0.0031659391834950473,2.7755575615628914e-17,NaN,21,INTERRUPTED,gap_and_residual
245,0.47983283287436007,ADMM,0.01,0.0001,396.8226909637451,3.6949916548387534,3.6946226317947217,0.009988111934787146,9.832412661836543e-12,0.0002449643486735764,31,converged,gap_callback_with_solver_termination
245,0.47983283287436007,MEL-ADMM,0.01,0.01,56.307315826416016,3.694990747231321,3.6946226317947217,0.009963546301899216,1.8853696381881946e-11,0.0005080338644070752,31,converged,gap_residual_and_feasibility
245,0.47983283287436007,sMEL-ADMM,0.01,0.01,7.32395,3.6949545445757916,3.6946226317947217,0.008983672059321761,2.930988785010413e-14,6.890936921624159e-5,93,converged,gap_residual_and_feasibility
246,0.5550093267898306,IPOPT,0.01,1.0e-10,29.593944549560547,3.5501920112049854,3.5501920112049854,0.0,9.995268224205489e-9,NaN,33,INTERRUPTED,gap_and_residual
246,0.5550093267898306,MadNLP,0.01,0.01,19.681930541992188,3.5503060653752962,3.5501920112049854,0.0032126197667866276,2.42861286636753e-17,NaN,24,INTERRUPTED,gap_and_residual
246,0.5550093267898306,ADMM,0.01,0.0001,435.67872047424316,3.550531295658453,3.5501920112049854,0.009556791643858177,2.6009194797893542e-12,0.001694793151927252,34,converged,gap_callback_with_solver_termination
246,0.5550093267898306,MEL-ADMM,0.01,0.01,62.29233741760254,3.55053260553328,3.5501920112049854,0.0095936875306917,4.510281037539698e-16,0.0011913895694853904,34,converged,gap_residual_and_feasibility
246,0.5550093267898306,sMEL-ADMM,0.01,0.01,7.36229,3.550507155591253,3.5501920112049854,0.008876826528616051,3.008704396734174e-14,6.909251031712513e-5,93,converged,gap_residual_and_feasibility
247,0.42798178189256547,IPOPT,0.01,1.0e-10,25.418996810913086,3.794239933446892,3.794239933446892,0.0,9.995267891138582e-9,NaN,32,INTERRUPTED,gap_and_residual
247,0.42798178189256547,MadNLP,0.01,0.01,14.786958694458008,3.794311335825804,3.794239933446892,0.0018818625117167096,7.330941409477987e-15,NaN,22,INTERRUPTED,gap_and_residual
247,0.42798178189256547,ADMM,0.01,0.0001,389.24598693847656,3.794614462087485,3.794239933446892,0.009870979357193962,3.977929097231936e-13,0.00027969145356198863,31,converged,gap_callback_with_solver_termination
247,0.42798178189256547,MEL-ADMM,0.01,0.01,55.34768104553223,3.794617352073146,3.794239933446892,0.009947147066977613,3.7470027081099033e-16,0.00018278591681020195,31,converged,gap_residual_and_feasibility
247,0.42798178189256547,sMEL-ADMM,0.01,0.01,6.888749,3.7945756675197897,3.794239933446892,0.008848519829708724,2.930988785010413e-14,6.898467214747593e-5,93,converged,gap_residual_and_feasibility
248,0.3384265345407792,IPOPT,0.01,1.0e-10,35.57586669921875,3.966295309780686,3.966295309780686,0.0,9.995269112383909e-9,NaN,40,INTERRUPTED,gap_and_residual
248,0.3384265345407792,MadNLP,0.01,0.01,24.773120880126953,3.966419252375049,3.966295309780686,0.0031248957700462697,6.8035854727810374e-15,NaN,32,INTERRUPTED,gap_and_residual
248,0.3384265345407792,ADMM,0.01,0.0001,385.5247497558594,3.966679536194088,3.966295309780686,0.00968728708763217,4.6364578842883475e-12,0.0023715155669135173,30,converged,gap_callback_with_solver_termination
248,0.3384265345407792,MEL-ADMM,0.01,0.01,55.10306358337402,3.9666787458306896,3.966295309780686,0.00966736009439152,3.903127820947816e-16,0.0012753879643644384,30,converged,gap_residual_and_feasibility
248,0.3384265345407792,sMEL-ADMM,0.01,0.01,6.92142,3.96663856462133,3.966295309780686,0.008654293587197897,2.90878432451791e-14,6.934381119599875e-5,93,converged,gap_residual_and_feasibility
249,0.5983604855497067,IPOPT,0.01,1.0e-10,30.787944793701172,3.46690487666512,3.46690487666512,0.0,9.995268890339304e-9,NaN,34,INTERRUPTED,gap_and_residual
249,0.5983604855497067,MadNLP,0.01,0.01,18.994808197021484,3.4670174250416865,3.46690487666512,0.003246364713494899,2.7755575615628914e-17,NaN,24,INTERRUPTED,gap_and_residual
249,0.5983604855497067,ADMM,0.01,0.0001,415.76194763183594,3.4672430234203215,3.46690487666512,0.009753563112662199,3.664603343001005e-16,0.019347151785503374,32,converged,gap_callback_with_solver_termination
249,0.5983604855497067,MEL-ADMM,0.01,0.01,66.2987232208252,3.467232564972223,3.46690487666512,0.009451897838571368,3.95516952522712e-16,0.002638004024005002,36,converged,gap_residual_and_feasibility
249,0.5983604855497067,sMEL-ADMM,0.01,0.01,6.8582030000000005,3.4671929904398513,3.46690487666512,0.008310403226534436,2.9976021664879227e-14,6.657201673558773e-5,93,converged,gap_residual_and_feasibility
250,0.4189195505092382,IPOPT,0.01,1.0e-10,33.067941665649414,3.8116504780792764,3.8116504780792764,0.0,9.995268113183187e-9,NaN,38,INTERRUPTED,gap_and_residual
250,0.4189195505092382,MadNLP,0.01,0.01,24.255037307739258,3.811770362786671,3.8116504780792764,0.003145217749741533,3.469446951953614e-17,NaN,33,INTERRUPTED,gap_and_residual
250,0.4189195505092382,ADMM,0.01,0.0001,396.93593978881836,3.812025043835409,3.8116504780792764,0.009826865246081803,5.320022200550056e-12,0.00027850160241378943,31,converged,gap_callback_with_solver_termination
250,0.4189195505092382,MEL-ADMM,0.01,0.01,55.133819580078125,3.812027953882842,3.8116504780792764,0.009903211370942471,4.2327252813834093e-16,0.00018171392203720702,31,converged,gap_residual_and_feasibility
250,0.4189195505092382,sMEL-ADMM,0.01,0.01,6.665292,3.811986728281257,3.8116504780792764,0.008821643115353084,3.0531133177191805e-14,6.901548481364969e-5,93,converged,gap_residual_and_feasibility
251,0.6712703164727085,IPOPT,0.01,1.0e-10,37.96100616455078,3.326829015463839,3.326829015463839,0.0,9.995268779317001e-9,NaN,40,INTERRUPTED,gap_and_residual
251,0.6712703164727085,MadNLP,0.01,0.01,26.25107765197754,3.3269388078690647,3.326829015463839,0.003300211844829816,2.7755575615628914e-17,NaN,34,INTERRUPTED,gap_and_residual
251,0.6712703164727085,ADMM,0.01,0.0001,488.04783821105957,3.3271251696164774,3.326829015463839,0.008901995000695667,2.2493118478905672e-13,0.015376823778010078,38,converged,gap_callback_with_solver_termination
251,0.6712703164727085,MEL-ADMM,0.01,0.01,77.19111442565918,3.327132585554326,3.326829015463839,0.00912490810546382,3.5388358909926865e-16,0.00401942530543542,41,converged,gap_residual_and_feasibility
251,0.6712703164727085,sMEL-ADMM,0.01,0.01,6.611249,3.327077050118729,3.326829015463839,0.00745558770038167,2.986499936241671e-14,6.126483852716275e-5,93,converged,gap_residual_and_feasibility
252,0.2627950950875338,IPOPT,0.01,1.0e-10,26.422977447509766,4.11159998106009,4.11159998106009,0.0,9.995268390738943e-9,NaN,33,INTERRUPTED,gap_and_residual
252,0.2627950950875338,MadNLP,0.01,0.01,15.985965728759766,4.111749917378372,4.11159998106009,0.0036466659931084925,7.077671781985373e-15,NaN,23,INTERRUPTED,gap_and_residual
252,0.2627950950875338,ADMM,0.01,0.0001,352.71286964416504,4.112003633922258,4.11159998106009,0.009817415702589443,4.371503159461554e-16,0.025384725307930324,26,converged,gap_callback_with_solver_termination
252,0.2627950950875338,MEL-ADMM,0.01,0.01,54.079294204711914,4.111983915826607,4.11159998106009,0.009337843376920403,4.0939474033052647e-16,0.0012319168380186644,30,converged,gap_residual_and_feasibility
252,0.2627950950875338,sMEL-ADMM,0.01,0.01,7.149658,4.1119509283924796,4.11159998106009,0.008535541735726215,2.90878432451791e-14,6.955038685557604e-5,93,converged,gap_residual_and_feasibility
253,0.3055494632788493,IPOPT,0.01,1.0e-10,29.979944229125977,4.0294594127896675,4.0294594127896675,0.0,9.995268113183187e-9,NaN,36,INTERRUPTED,gap_and_residual
253,0.3055494632788493,MadNLP,0.01,0.01,19.766807556152344,4.029589345391128,4.0294594127896675,0.0032245665770429133,7.816663982751493e-15,NaN,28,INTERRUPTED,gap_and_residual
253,0.3055494632788493,ADMM,0.01,0.0001,338.8633728027344,4.029862200097301,4.0294594127896675,0.009996063153163476,3.642919299551295e-16,0.025385866300220602,26,converged,gap_callback_with_solver_termination
253,0.3055494632788493,MEL-ADMM,0.01,0.01,53.995609283447266,4.029843015389819,4.0294594127896675,0.009519951955187482,3.885780586188048e-16,0.0012494509632341236,30,converged,gap_residual_and_feasibility
253,0.3055494632788493,sMEL-ADMM,0.01,0.01,7.001873,4.029806592272878,4.0294594127896675,0.008616031274771192,2.9531932455029164e-14,6.94559994618418e-5,93,converged,gap_residual_and_feasibility
254,0.4834253725518465,IPOPT,0.01,1.0e-10,26.2601375579834,3.687720570949797,3.687720570949797,0.0,9.995268446250094e-9,NaN,32,INTERRUPTED,gap_and_residual
254,0.4834253725518465,MadNLP,0.01,0.01,14.735221862792969,3.6878373884384903,3.687720570949797,0.0031677424155627724,2.7755575615628914e-17,NaN,21,INTERRUPTED,gap_and_residual
254,0.4834253725518465,ADMM,0.01,0.0001,399.036169052124,3.688088724350798,3.687720570949797,0.00998322388906865,7.462697126925377e-12,0.0005187511651720302,31,converged,gap_callback_with_solver_termination
254,0.4834253725518465,MEL-ADMM,0.01,0.01,57.00039863586426,3.6880879521604637,3.687720570949797,0.009962284386753192,2.468075743777831e-11,0.0005724107127255545,31,converged,gap_residual_and_feasibility
254,0.4834253725518465,sMEL-ADMM,0.01,0.01,7.036293,3.688052074955951,3.687720570949797,0.008989401441249796,2.9753977059954195e-14,6.891129623568491e-5,93,converged,gap_residual_and_feasibility
255,0.6797794435525369,IPOPT,0.01,1.0e-10,25.849103927612305,3.3104811061532713,3.3104811061532713,0.0,9.99526872380585e-9,NaN,31,INTERRUPTED,gap_and_residual
255,0.6797794435525369,MadNLP,0.01,0.01,15.820026397705078,3.310554973645129,3.3104811061532713,0.002231321958629931,9.846290449644357e-15,NaN,23,INTERRUPTED,gap_and_residual
255,0.6797794435525369,ADMM,0.01,0.0001,493.61610412597656,3.3107997034951633,3.3104811061532713,0.009623898511301156,3.2612801348363973e-16,0.015088965346001588,38,converged,gap_callback_with_solver_termination
255,0.6797794435525369,MEL-ADMM,0.01,0.01,77.14152336120605,3.3108093458008283,3.3104811061532713,0.009915164504244081,3.712308238590367e-16,0.008079992573730599,41,converged,gap_residual_and_feasibility
255,0.6797794435525369,sMEL-ADMM,0.01,0.01,7.11842,3.31072635737698,3.3104811061532713,0.007408325734066241,2.9531932455029164e-14,6.126475593367514e-5,93,converged,gap_residual_and_feasibility
256,0.4028585468043285,IPOPT,0.01,1.0e-10,24.69491958618164,3.8425072075112445,3.8425072075112445,0.0,9.995268890339304e-9,NaN,30,INTERRUPTED,gap_and_residual
256,0.4028585468043285,MadNLP,0.01,0.01,15.162944793701172,3.842580331543507,3.8425072075112445,0.0019030291503352636,5.988265439071938e-15,NaN,22,INTERRUPTED,gap_and_residual
256,0.4028585468043285,ADMM,0.01,0.0001,397.6733684539795,3.8428817805906,3.8425072075112445,0.009748142531084743,3.8163916471489756e-16,0.0002763081567224539,31,converged,gap_callback_with_solver_termination
256,0.4028585468043285,MEL-ADMM,0.01,0.01,53.76720428466797,3.8428903949444133,3.8425072075112445,0.009972328286586937,3.8163916471489756e-16,0.0013261735955024667,30,converged,gap_residual_and_feasibility
256,0.4028585468043285,sMEL-ADMM,0.01,0.01,6.928622,3.8428445107088316,3.8425072075112445,0.008778205983002878,2.919886554764162e-14,6.907888771527908e-5,93,converged,gap_residual_and_feasibility
257,0.39327786756451455,IPOPT,0.01,1.0e-10,24.178028106689453,3.860913804789288,3.860913804789288,0.0,9.995268224205489e-9,NaN,29,INTERRUPTED,gap_and_residual
257,0.39327786756451455,MadNLP,0.01,0.01,15.250205993652344,3.8610350448812936,3.860913804789288,0.0031401916265271944,7.299716386910404e-15,NaN,22,INTERRUPTED,gap_and_residual
257,0.39327786756451455,ADMM,0.01,0.0001,387.6512050628662,3.8612984300784765,3.860913804789288,0.009962027349879115,1.4268586312482512e-12,0.0024393252923872837,30,converged,gap_callback_with_solver_termination
257,0.39327786756451455,MEL-ADMM,0.01,0.01,54.69632148742676,3.861297014984541,3.860913804789288,0.009925375562066376,3.677613769070831e-16,0.0013186357170921897,30,converged,gap_residual_and_feasibility
257,0.39327786756451455,sMEL-ADMM,0.01,0.01,6.931757999999999,3.8612518471642527,3.860913804789288,0.008755501729804783,3.008704396734174e-14,6.912039282657226e-5,93,converged,gap_residual_and_feasibility
258,0.6962529467907085,IPOPT,0.01,1.0e-10,29.527902603149414,3.2788318741652596,3.2788318741652596,0.0,9.995267613582826e-9,NaN,35,INTERRUPTED,gap_and_residual
258,0.6962529467907085,MadNLP,0.01,0.01,18.12291145324707,3.278940483064797,3.2788318741652596,0.0033124266112334513,3.469446951953614e-17,NaN,24,INTERRUPTED,gap_and_residual
258,0.6962529467907085,ADMM,0.01,0.0001,505.78832626342773,3.2791239513496726,3.2788318741652596,0.00890796465394861,1.8402501744674282e-12,0.014400624588848242,40,converged,gap_callback_with_solver_termination
258,0.6962529467907085,MEL-ADMM,0.01,0.01,77.20184326171875,3.2791301869878757,3.2788318741652596,0.009098143304225093,3.2612801348363973e-16,0.005162121767747017,43,converged,gap_residual_and_feasibility
258,0.6962529467907085,sMEL-ADMM,0.01,0.01,6.63163,3.279072711114897,3.2788318741652596,0.007345205819639782,2.930988785010413e-14,6.832164532371036e-5,93,converged,gap_residual_and_feasibility
259,0.3565415569247268,IPOPT,0.01,1.0e-10,23.392915725708008,3.931492357572638,3.931492357572638,0.0,9.995268057672035e-9,NaN,29,INTERRUPTED,gap_and_residual
259,0.3565415569247268,MadNLP,0.01,0.01,15.144109725952148,3.9316155659224816,3.931492357572638,0.003133882471020342,9.603429163007604e-15,NaN,22,INTERRUPTED,gap_and_residual
259,0.3565415569247268,ADMM,0.01,0.0001,386.69443130493164,3.9318767276849793,3.931492357572638,0.009776697431467855,1.1463274773859666e-11,0.0023941454022764937,30,converged,gap_callback_with_solver_termination
259,0.3565415569247268,MEL-ADMM,0.01,0.01,55.208683013916016,3.9318757057021307,3.931492357572638,0.009750702649954373,2.0722312754628547e-13,0.0012896845563894685,30,converged,gap_residual_and_feasibility
259,0.3565415569247268,sMEL-ADMM,0.01,0.01,6.651586,3.9318335307746954,3.931492357572638,0.008677956639039053,3.008704396734174e-14,6.927191653527398e-5,93,converged,gap_residual_and_feasibility
260,0.3500717947685909,IPOPT,0.01,1.0e-10,30.982017517089844,3.9439221972021468,3.9439221972021468,0.0,9.995268002160884e-9,NaN,35,INTERRUPTED,gap_and_residual
260,0.3500717947685909,MadNLP,0.01,0.01,19.64402198791504,3.943997802480464,3.9439221972021468,0.001917007347931591,8.618106228652778e-15,NaN,27,INTERRUPTED,gap_and_residual
260,0.3500717947685909,ADMM,0.01,0.0001,384.4175338745117,3.9443065158766144,3.9439221972021468,0.009744580527990184,3.608224830031759e-16,0.002386075575681504,30,converged,gap_callback_with_solver_termination
260,0.3500717947685909,MEL-ADMM,0.01,0.01,55.5722713470459,3.9443055752694955,3.9439221972021468,0.009720730992633545,2.914335439641036e-16,0.0012845807659772196,30,converged,gap_residual_and_feasibility
260,0.3500717947685909,sMEL-ADMM,0.01,0.01,6.687913999999999,3.9442640381978813,3.9439221972021468,0.00866753902947268,2.9753977059954195e-14,6.929802651486384e-5,93,converged,gap_residual_and_feasibility
261,0.32596808504981944,IPOPT,0.01,1.0e-10,25.45309066772461,3.9902307382350592,3.9902307382350592,0.0,9.99526778011628e-9,NaN,30,INTERRUPTED,gap_and_residual
261,0.32596808504981944,MadNLP,0.01,0.01,17.179012298583984,3.990355962591863,3.9902307382350592,0.003138273574107729,1.0639059078165758e-14,NaN,23,INTERRUPTED,gap_and_residual
261,0.32596808504981944,ADMM,0.01,0.0001,387.55106925964355,3.9906148723855117,3.9902307382350592,0.009626865603826527,3.217912047936977e-16,0.002355685335715455,30,converged,gap_callback_with_solver_termination
261,0.32596808504981944,MEL-ADMM,0.01,0.01,54.7182559967041,3.990614237203741,3.9902307382350592,0.009610947181750085,3.469446951953614e-16,0.001265560323151036,30,converged,gap_residual_and_feasibility
261,0.32596808504981944,sMEL-ADMM,0.01,0.01,6.705794999999999,3.9905755131531815,3.9902307382350592,0.0086404757203273,2.7977620220553945e-14,6.93887719610646e-5,93,converged,gap_residual_and_feasibility
262,0.48944470703767345,IPOPT,0.01,1.0e-10,25.799989700317383,3.6761561021904154,3.6761561021904154,0.0,9.99526783562743e-9,NaN,32,INTERRUPTED,gap_and_residual
262,0.48944470703767345,MadNLP,0.01,0.01,14.672994613647461,3.6762726678667734,3.6761561021904154,0.0031708576327465414,3.469446951953614e-17,NaN,21,INTERRUPTED,gap_and_residual
262,0.48944470703767345,ADMM,0.01,0.0001,398.1647491455078,3.67652294686432,3.6761561021904154,0.009979028738363557,2.85369505803601e-11,0.0013220893708673596,31,converged,gap_callback_with_solver_termination
262,0.48944470703767345,MEL-ADMM,0.01,0.01,57.99508094787598,3.6765225621589055,3.6761561021904154,0.009968563855917288,1.2744724164903687e-9,0.0008808496320099612,31,converged,gap_residual_and_feasibility
262,0.48944470703767345,sMEL-ADMM,0.01,0.01,6.707413,3.676486850669439,3.6761561021904154,0.008997128245629066,2.919886554764162e-14,6.892906937121593e-5,93,converged,gap_residual_and_feasibility
263,0.6882311491072943,IPOPT,0.01,1.0e-10,28.710126876831055,3.294243516253326,3.294243516253326,0.0,9.995268168694338e-9,NaN,32,INTERRUPTED,gap_and_residual
263,0.6882311491072943,MadNLP,0.01,0.01,19.663095474243164,3.2943525349050264,3.294243516253326,0.003309368331832139,2.7755575615628914e-17,NaN,25,INTERRUPTED,gap_and_residual
263,0.6882311491072943,ADMM,0.01,0.0001,502.6977062225342,3.294547090986259,3.294243516253326,0.009215309415808847,1.5550782883622105e-11,0.01469798681724181,39,converged,gap_callback_with_solver_termination
263,0.6882311491072943,MEL-ADMM,0.01,0.01,80.83868026733398,3.294554378181439,3.294243516253326,0.009436519388410272,4.2327252813834093e-16,0.006520778609669486,42,converged,gap_residual_and_feasibility
263,0.6882311491072943,sMEL-ADMM,0.01,0.01,7.0379190000000005,3.2944863389632806,3.294243516253326,0.007371122042326485,2.853273173286652e-14,6.314611291292557e-5,93,converged,gap_residual_and_feasibility
264,0.7226450807363964,IPOPT,0.01,1.0e-10,23.770809173583984,3.228126765614315,3.228126765614315,0.0,9.995268224205489e-9,NaN,30,INTERRUPTED,gap_and_residual
264,0.7226450807363964,MadNLP,0.01,0.01,15.110015869140625,3.2282337915933303,3.228126765614315,0.003315420576269515,2.0816681711721685e-17,NaN,23,INTERRUPTED,gap_and_residual
264,0.7226450807363964,ADMM,0.01,0.0001,547.0685958862305,3.228408346058636,3.228126765614315,0.008722719544974897,3.235259282696745e-16,0.014121981955857791,43,converged,gap_callback_with_solver_termination
264,0.7226450807363964,MEL-ADMM,0.01,0.01,81.24089241027832,3.228436619805148,3.228126765614315,0.009598575685855457,3.213575239247035e-16,0.008949494906315048,45,converged,gap_residual_and_feasibility
264,0.7226450807363964,sMEL-ADMM,0.01,0.01,7.0990020000000005,3.228363681123631,3.228126765614315,0.007339101792396705,2.9753977059954195e-14,9.582190487779103e-5,93,converged,gap_residual_and_feasibility
265,0.6331566358156436,IPOPT,0.01,1.0e-10,38.76495361328125,3.4000537997487905,3.4000537997487905,0.0,9.995268057672035e-9,NaN,42,INTERRUPTED,gap_and_residual
265,0.6331566358156436,MadNLP,0.01,0.01,20.643949508666992,3.400164968990558,3.4000537997487905,0.0032696318445283755,2.7755575615628914e-17,NaN,27,INTERRUPTED,gap_and_residual
265,0.6331566358156436,ADMM,0.01,0.0001,452.03280448913574,3.4003669725536727,3.4000537997487905,0.009210819102489718,9.797718192317006e-13,0.01699869132064559,35,converged,gap_callback_with_solver_termination
265,0.6331566358156436,MEL-ADMM,0.01,0.01,70.00494003295898,3.4003741433904073,3.4000537997487905,0.00942172272804872,3.677613769070831e-16,0.004120037344860416,38,converged,gap_residual_and_feasibility
265,0.6331566358156436,sMEL-ADMM,0.01,0.01,6.890455,3.4003197610877383,3.4000537997487905,0.007822268546673887,3.0309088572266774e-14,6.259868263062095e-5,93,converged,gap_residual_and_feasibility
266,0.6839256205636437,IPOPT,0.01,1.0e-10,39.335012435913086,3.3025153859181384,3.3025153859181384,0.0,9.995268557272396e-9,NaN,45,INTERRUPTED,gap_and_residual
266,0.6839256205636437,MadNLP,0.01,0.01,27.33612060546875,3.3026246122604235,3.3025153859181384,0.0033073681579438045,3.469446951953614e-17,NaN,35,INTERRUPTED,gap_and_residual
266,0.6839256205636437,ADMM,0.01,0.0001,506.5600872039795,3.302807775364076,3.3025153859181384,0.008853537736248637,2.18014495345642e-12,0.014859957051159375,39,converged,gap_callback_with_solver_termination
266,0.6839256205636437,MEL-ADMM,0.01,0.01,80.34372329711914,3.302815759063608,3.3025153859181384,0.009095283757046659,3.400058012914542e-16,0.004491943252056752,42,converged,gap_residual_and_feasibility
266,0.6839256205636437,sMEL-ADMM,0.01,0.01,6.979209999999999,3.30275939857351,3.3025153859181384,0.00738869094788287,2.842170943040401e-14,6.165464557348396e-5,93,converged,gap_residual_and_feasibility
267,0.5137173009235241,IPOPT,0.01,1.0e-10,29.246807098388672,3.629523097434995,3.629523097434995,0.0,9.995267225004767e-9,NaN,33,INTERRUPTED,gap_and_residual
267,0.5137173009235241,MadNLP,0.01,0.01,16.592025756835938,3.629638685242716,3.629523097434995,0.003184655521340911,2.7755575615628914e-17,NaN,22,INTERRUPTED,gap_and_residual
267,0.5137173009235241,ADMM,0.01,0.0001,405.4422378540039,3.6298784096044963,3.629523097434995,0.009789500161945354,3.5735303605122226e-16,0.0014598472578879855,32,converged,gap_callback_with_solver_termination
267,0.5137173009235241,MEL-ADMM,0.01,0.01,56.824684143066406,3.6298794511380392,3.629523097434995,0.009818196316095828,3.9898639947466563e-16,0.0010669159646619526,32,converged,gap_residual_and_feasibility
267,0.5137173009235241,sMEL-ADMM,0.01,0.01,6.925921,3.6298494536749333,3.629523097434995,0.008991711339952663,2.9531932455029164e-14,6.904279254767946e-5,93,converged,gap_residual_and_feasibility
268,0.3951591046151555,IPOPT,0.01,1.0e-10,24.896860122680664,3.8572995336182188,3.8572995336182188,0.0,9.995268501761245e-9,NaN,29,INTERRUPTED,gap_and_residual
268,0.3951591046151555,MadNLP,0.01,0.01,15.321016311645508,3.8574206737190995,3.8572995336182188,0.0031405417138316086,1.0963452368173421e-14,NaN,22,INTERRUPTED,gap_and_residual
268,0.3951591046151555,ADMM,0.01,0.0001,394.0291404724121,3.857684172358612,3.8572995336182188,0.009971710442528368,4.2327252813834093e-16,0.0024416293633982324,30,converged,gap_callback_with_solver_termination
268,0.3951591046151555,MEL-ADMM,0.01,0.01,54.25381660461426,3.857682738850097,3.8572995336182188,0.00993454691653021,2.7977620220553945e-14,0.0013201165798286882,30,converged,gap_residual_and_feasibility
268,0.3951591046151555,sMEL-ADMM,0.01,0.01,6.811042,3.857637425206563,3.8572995336182188,0.008759796468985288,2.964295475749168e-14,6.911205245768715e-5,93,converged,gap_residual_and_feasibility
269,0.3082785790806658,IPOPT,0.01,1.0e-10,38.37084770202637,4.0242161795875395,4.0242161795875395,0.0,9.995268168694338e-9,NaN,44,INTERRUPTED,gap_and_residual
269,0.3082785790806658,MadNLP,0.01,0.01,27.30417251586914,4.024311044092022,4.0242161795875395,0.002357341162814037,8.92688700737665e-15,NaN,37,INTERRUPTED,gap_and_residual
269,0.3082785790806658,ADMM,0.01,0.0001,387.7582550048828,4.024600181340082,4.0242161795875395,0.009542274455589849,6.8883232451355525e-12,0.0023329055298468224,30,converged,gap_callback_with_solver_termination
269,0.3082785790806658,MEL-ADMM,0.01,0.01,54.433345794677734,4.024599768408645,4.0242161795875395,0.009532013291224616,3.5388358909926865e-16,0.0012516036008699306,30,converged,gap_residual_and_feasibility
269,0.3082785790806658,sMEL-ADMM,0.01,0.01,6.512955,4.024563047768951,4.0242161795875395,0.008619521564747554,2.842170943040401e-14,6.944753175908147e-5,93,converged,gap_residual_and_feasibility
270,0.431088760907819,IPOPT,0.01,1.0e-10,26.23605728149414,3.788270741696117,3.788270741696117,0.0,9.995268945850455e-9,NaN,32,INTERRUPTED,gap_and_residual
270,0.431088760907819,MadNLP,0.01,0.01,15.215873718261719,3.788389993654945,3.788270741696117,0.003147925978869961,8.951173136040325e-15,NaN,22,INTERRUPTED,gap_and_residual
270,0.431088760907819,ADMM,0.01,0.0001,393.7702178955078,3.7886453021067332,3.788270741696117,0.009887371736485445,3.1213920337336276e-12,0.0002801831525961196,31,converged,gap_callback_with_solver_termination
270,0.431088760907819,MEL-ADMM,0.01,0.01,55.93276023864746,3.788648143903798,3.788270741696117,0.009962387416687498,1.777744618181032e-12,0.00018315389615688668,31,converged,gap_residual_and_feasibility
270,0.431088760907819,sMEL-ADMM,0.01,0.01,6.6703730000000006,3.7886063172619053,3.788270741696117,0.008858278319301662,2.986499936241671e-14,6.897519985105127e-5,93,converged,gap_residual_and_feasibility
271,0.554540707131723,IPOPT,0.01,1.0e-10,29.196977615356445,3.551092332894865,3.551092332894865,0.0,9.995267946649733e-9,NaN,32,INTERRUPTED,gap_and_residual
271,0.554540707131723,MadNLP,0.01,0.01,20.174026489257812,3.5512064037337483,3.551092332894865,0.003212274652125428,2.7755575615628914e-17,NaN,24,INTERRUPTED,gap_and_residual
271,0.554540707131723,ADMM,0.01,0.0001,438.4424686431885,3.5514317428238886,3.551092332894865,0.009557902110272465,3.7470027081099033e-16,0.001621053315098677,34,converged,gap_callback_with_solver_termination
271,0.554540707131723,MEL-ADMM,0.01,0.01,64.5899772644043,3.551433031295487,3.551092332894865,0.009594185920365731,3.2612801348363973e-16,0.0011435832037078875,34,converged,gap_residual_and_feasibility
271,0.554540707131723,sMEL-ADMM,0.01,0.01,6.447253,3.5514076543831283,3.551092332894865,0.008879563207699975,2.964295475749168e-14,6.909746211590864e-5,93,converged,gap_residual_and_feasibility
272,0.47543733071549593,IPOPT,0.01,1.0e-10,25.536060333251953,3.703067360612773,3.703067360612773,0.0,9.995268224205489e-9,NaN,32,INTERRUPTED,gap_and_residual
272,0.47543733071549593,MadNLP,0.01,0.01,14.667987823486328,3.7031845178388063,3.703067360612773,0.0031637886817716906,2.7755575615628914e-17,NaN,21,INTERRUPTED,gap_and_residual
272,0.47543733071549593,ADMM,0.01,0.0001,397.4778652191162,3.7034375279365865,3.703067360612773,0.00999623522247839,1.5695056365672144e-11,0.0001008053652888953,31,converged,gap_callback_with_solver_termination
272,0.47543733071549593,MEL-ADMM,0.01,0.01,56.23674392700195,3.70343648952808,3.703067360612773,0.009968193374852769,2.8546609520674338e-12,0.00043981505837242807,31,converged,gap_residual_and_feasibility
272,0.47543733071549593,sMEL-ADMM,0.01,0.01,6.942003000000001,3.703399749582777,3.703067360612773,0.008976044387941678,2.9976021664879227e-14,6.890771474795613e-5,93,converged,gap_residual_and_feasibility
273,0.7088253863193692,IPOPT,0.01,1.0e-10,21.970033645629883,3.254677445714617,3.254677445714617,0.0,9.995267613582826e-9,NaN,26,INTERRUPTED,gap_and_residual
273,0.7088253863193692,MadNLP,0.01,0.01,12.979984283447266,3.2547533209447113,3.254677445714617,0.0023312672717952514,9.783840404509192e-16,NaN,18,INTERRUPTED,gap_and_residual
273,0.7088253863193692,ADMM,0.01,0.0001,523.8568782806396,3.254977621874642,3.254677445714617,0.009222915789096578,1.1590672865935403e-11,0.01432445841859714,41,converged,gap_callback_with_solver_termination
273,0.7088253863193692,MEL-ADMM,0.01,0.01,78.26089859008789,3.254977213333896,3.254677445714617,0.009210363370231978,3.8163916471489756e-16,0.006423865410459384,44,converged,gap_residual_and_feasibility
273,0.7088253863193692,sMEL-ADMM,0.01,0.01,6.961798,3.2549159233890044,3.254677445714617,0.0073272291452893545,2.9753977059954195e-14,8.180235454531299e-5,93,converged,gap_residual_and_feasibility
274,0.33613136327445864,IPOPT,0.01,1.0e-10,35.53915023803711,3.97070483984905,3.97070483984905,0.0,9.995268557272396e-9,NaN,40,INTERRUPTED,gap_and_residual
274,0.33613136327445864,MadNLP,0.01,0.01,25.094032287597656,3.970829106382967,3.97070483984905,0.003129583762309977,8.86096751528953e-15,NaN,33,INTERRUPTED,gap_and_residual
274,0.33613136327445864,ADMM,0.01,0.0001,381.38341903686523,3.971089049345363,3.97070483984905,0.009676103155724163,3.885780586188048e-16,0.002368608902265777,30,converged,gap_callback_with_solver_termination
274,0.33613136327445864,MEL-ADMM,0.01,0.01,54.98361587524414,3.9710882870290236,3.97070483984905,0.009656904641351194,6.763478666016454e-13,0.001273580818121102,30,converged,gap_residual_and_feasibility
274,0.33613136327445864,sMEL-ADMM,0.01,0.01,7.022668,3.971048379024584,3.97070483984905,0.008651843674863529,2.964295475749168e-14,6.935254847796266e-5,93,converged,gap_residual_and_feasibility
275,0.6449698548028442,IPOPT,0.01,1.0e-10,40.10796546936035,3.37735800135997,3.37735800135997,0.0,9.995268390738943e-9,NaN,43,INTERRUPTED,gap_and_residual
275,0.6449698548028442,MadNLP,0.01,0.01,27.118921279907227,3.3774274614391926,3.37735800135997,0.00205663951510691,9.020562075079397e-16,NaN,33,INTERRUPTED,gap_and_residual
275,0.6449698548028442,ADMM,0.01,0.0001,456.6073417663574,3.377694886791073,3.37735800135997,0.0099748214719121,3.400058012914542e-16,0.01657774444298242,35,converged,gap_callback_with_solver_termination
275,0.6449698548028442,MEL-ADMM,0.01,0.01,71.81143760681152,3.377670436311893,3.37735800135997,0.009250868631551761,3.677613769070831e-16,0.0035413066557398627,39,converged,gap_residual_and_feasibility
275,0.6449698548028442,sMEL-ADMM,0.01,0.01,6.61954,3.3776171739344125,3.37735800135997,0.007673825941406317,2.930988785010413e-14,6.126504227958046e-5,93,converged,gap_residual_and_feasibility
276,0.4114824665389211,IPOPT,0.01,1.0e-10,30.028104782104492,3.8259387562000753,3.8259387562000753,0.0,9.995268834828153e-9,NaN,38,INTERRUPTED,gap_and_residual
276,0.4114824665389211,MadNLP,0.01,0.01,20.007848739624023,3.826059031689397,3.8259387562000753,0.003143685693530992,2.7755575615628914e-17,NaN,31,INTERRUPTED,gap_and_residual
276,0.4114824665389211,ADMM,0.01,0.0001,396.2056636810303,3.826313332561846,3.8259387562000753,0.009790443225564287,3.0531133177191805e-16,0.000277498527651264,31,converged,gap_callback_with_solver_termination
276,0.4114824665389211,MEL-ADMM,0.01,0.01,55.70530891418457,3.826316286448623,3.8259387562000753,0.00986765007505111,3.5388358909926865e-16,0.00018083367118555682,31,converged,gap_residual_and_feasibility
276,0.4114824665389211,sMEL-ADMM,0.01,0.01,6.75187,3.826275479318874,3.8259387562000753,0.008801058779439099,2.980948821118545e-14,6.904357686453571e-5,93,converged,gap_residual_and_feasibility
277,0.3803351687626615,IPOPT,0.01,1.0e-10,23.753881454467773,3.88577958294275,3.88577958294275,0.0,9.995268224205489e-9,NaN,29,INTERRUPTED,gap_and_residual
277,0.3803351687626615,MadNLP,0.01,0.01,14.961957931518555,3.8859015171535325,3.88577958294275,0.003137960045850207,2.7755575615628914e-17,NaN,22,INTERRUPTED,gap_and_residual
277,0.3803351687626615,ADMM,0.01,0.0001,382.48538970947266,3.8861641272595935,3.88577958294275,0.009896194795287843,3.1176727866011333e-12,0.0024237410180847144,30,converged,gap_callback_with_solver_termination
277,0.3803351687626615,MEL-ADMM,0.01,0.01,54.96358871459961,3.8861628335029192,3.88577958294275,0.00986290014625742,6.838973831690964e-14,0.0013084434765781479,30,converged,gap_residual_and_feasibility
277,0.3803351687626615,sMEL-ADMM,0.01,0.01,7.104793,3.8861186730169286,3.88577958294275,0.008726436148543772,2.9976021664879227e-14,6.917670050478157e-5,93,converged,gap_residual_and_feasibility
278,0.31659360058046637,IPOPT,0.01,1.0e-10,41.12505912780762,4.008241189894843,4.008241189894843,0.0,9.99526916789506e-9,NaN,45,INTERRUPTED,gap_and_residual
278,0.31659360058046637,MadNLP,0.01,0.01,25.22897720336914,4.008368135956726,4.008241189894843,0.0031671263247068926,5.8321403262340255e-15,NaN,32,INTERRUPTED,gap_and_residual
278,0.31659360058046637,ADMM,0.01,0.0001,387.43090629577637,4.008625253784127,4.008241189894843,0.009581855758898217,5.367761790608938e-12,0.002343682089053868,30,converged,gap_callback_with_solver_termination
278,0.31659360058046637,MEL-ADMM,0.01,0.01,54.70609664916992,4.0086247364762,4.008241189894843,0.00956894965114039,4.3021142204224816e-16,0.0012581636075799547,30,converged,gap_residual_and_feasibility
278,0.31659360058046637,sMEL-ADMM,0.01,0.01,6.511755999999999,4.008587096682841,4.008241189894843,0.008629889560286553,2.942091015256665e-14,6.942078189015044e-5,93,converged,gap_residual_and_feasibility
279,0.2500031484126252,IPOPT,0.01,1.0e-10,26.412010192871094,4.13617613113813,4.13617613113813,0.0,9.99526778011628e-9,NaN,33,INTERRUPTED,gap_and_residual
279,0.2500031484126252,MadNLP,0.01,0.01,14.509916305541992,4.136337068736885,4.13617613113813,0.0038909754723154685,8.049116928532385e-15,NaN,21,INTERRUPTED,gap_and_residual
279,0.2500031484126252,ADMM,0.01,0.0001,350.966215133667,4.136579784049514,4.13617613113813,0.00975908420207747,3.7470027081099033e-16,0.02538472530139512,26,converged,gap_callback_with_solver_termination
279,0.2500031484126252,MEL-ADMM,0.01,0.01,53.77626419067383,4.1365602002172475,4.13617613113813,0.009285607453359362,3.885780586188048e-16,0.0012319170297329096,30,converged,gap_residual_and_feasibility
279,0.2500031484126252,sMEL-ADMM,0.01,0.01,6.482624,4.136527798656227,4.13617613113813,0.008502237500225676,2.930988785010413e-14,6.956740799076745e-5,93,converged,gap_residual_and_feasibility
280,0.283443633013919,IPOPT,0.01,1.0e-10,39.73197937011719,4.071929586876307,4.071929586876307,0.0,9.995268057672035e-9,NaN,43,INTERRUPTED,gap_and_residual
280,0.283443633013919,MadNLP,0.01,0.01,28.056859970092773,4.0720669454230976,4.071929586876307,0.0033733035864293853,7.436759541512572e-15,NaN,35,INTERRUPTED,gap_and_residual
280,0.283443633013919,ADMM,0.01,0.0001,339.374303817749,4.072333231662048,4.071929586876307,0.009912862615369208,3.885780586188048e-16,0.02538473557994963,26,converged,gap_callback_with_solver_termination
280,0.283443633013919,MEL-ADMM,0.01,0.01,55.07969856262207,4.072313298481893,4.071929586876307,0.009423335973759132,4.371503159461554e-16,0.0012320287074695027,30,converged,gap_residual_and_feasibility
280,0.283443633013919,sMEL-ADMM,0.01,0.01,6.807798,4.072278973871467,4.071929586876307,0.00858037909806587,2.8976820942716586e-14,6.951222468796169e-5,93,converged,gap_residual_and_feasibility
281,0.36475429822555605,IPOPT,0.01,1.0e-10,24.260997772216797,3.915713870694077,3.915713870694077,0.0,9.995268335227792e-9,NaN,30,INTERRUPTED,gap_and_residual
281,0.36475429822555605,MadNLP,0.01,0.01,15.612125396728516,3.9158366426485207,3.915713870694077,0.0031353658233944167,7.868705687030797e-15,NaN,23,INTERRUPTED,gap_and_residual
281,0.36475429822555605,ADMM,0.01,0.0001,384.18054580688477,3.9160982798011124,3.915713870694077,0.009817088779450613,4.3021142204224816e-16,0.002404385428607894,30,converged,gap_callback_with_solver_termination
281,0.36475429822555605,MEL-ADMM,0.01,0.01,55.12404441833496,3.916097182563577,3.915713870694077,0.009789067387394655,6.519784712111232e-13,0.0012961619087588985,30,converged,gap_residual_and_feasibility
281,0.36475429822555605,sMEL-ADMM,0.01,0.01,7.098542999999999,3.916054256362144,3.915713870694077,0.008692812583021748,2.8976820942716586e-14,6.923909667482311e-5,93,converged,gap_residual_and_feasibility
282,0.3160957015948394,IPOPT,0.01,1.0e-10,35.68887710571289,4.009197763628727,4.009197763628727,0.0,9.995268668294699e-9,NaN,38,INTERRUPTED,gap_and_residual
282,0.3160957015948394,MadNLP,0.01,0.01,28.27596664428711,4.009325046234992,4.009197763628727,0.003174764972189475,6.800116025829084e-15,NaN,35,INTERRUPTED,gap_and_residual
282,0.3160957015948394,ADMM,0.01,0.0001,385.1315975189209,4.009581823792106,4.009197763628727,0.009579476644024127,3.434752482434078e-16,0.0023430416625485513,30,converged,gap_callback_with_solver_termination
282,0.3160957015948394,MEL-ADMM,0.01,0.01,53.93028259277344,4.0095813127473034,4.009197763628727,0.009566729834486415,3.469446951953614e-16,0.0012577707738283816,30,converged,gap_residual_and_feasibility
282,0.3160957015948394,sMEL-ADMM,0.01,0.01,6.7742439999999995,4.0095437291934095,4.009197763628727,0.008629296559558079,2.90878432451791e-14,6.942243215606308e-5,93,converged,gap_residual_and_feasibility
283,0.7081713984877072,IPOPT,0.01,1.0e-10,21.307945251464844,3.255933900538,3.255933900538,0.0,9.99526872380585e-9,NaN,26,INTERRUPTED,gap_and_residual
283,0.7081713984877072,MadNLP,0.01,0.01,13.376951217651367,3.2560418403461258,3.255933900538,0.0033151719728711244,2.7755575615628914e-17,NaN,19,INTERRUPTED,gap_and_residual
283,0.7081713984877072,ADMM,0.01,0.0001,536.0240936279297,3.2562309162993506,3.255933900538,0.009122290882550867,1.0893341784168342e-11,0.014324377070525106,41,converged,gap_callback_with_solver_termination
283,0.7081713984877072,MEL-ADMM,0.01,0.01,77.18300819396973,3.2562318018969694,3.255933900538,0.009149490378789026,3.400058012914542e-16,0.0060698308949280085,44,converged,gap_residual_and_feasibility
283,0.7081713984877072,sMEL-ADMM,0.01,0.01,4.885046,3.2561724791888995,3.255933900538,0.007327502897407694,2.964295475749168e-14,8.107445178879864e-5,93,converged,gap_residual_and_feasibility
284,0.5274369730874428,IPOPT,0.01,1.0e-10,26.48305892944336,3.6031645821369764,3.6031645821369764,0.0,9.995268113183187e-9,NaN,33,INTERRUPTED,gap_and_residual
284,0.5274369730874428,MadNLP,0.01,0.01,14.62697982788086,3.603232167445137,3.6031645821369764,0.001875720817630847,6.0923488476305465e-15,NaN,22,INTERRUPTED,gap_and_residual
284,0.5274369730874428,ADMM,0.01,0.0001,415.56358337402344,3.6035147481755105,3.6031645821369764,0.009718291533783556,3.95516952522712e-16,0.00041277518042786426,33,converged,gap_callback_with_solver_termination
284,0.5274369730874428,MEL-ADMM,0.01,0.01,57.83581733703613,3.603524227289408,3.6031645821369764,0.009981368994756726,3.608224830031759e-16,0.0031298605502027444,32,converged,gap_residual_and_feasibility
284,0.5274369730874428,sMEL-ADMM,0.01,0.01,4.904582,3.603487775820003,3.6031645821369764,0.008969717470820506,2.9531932455029164e-14,6.90864168315878e-5,93,converged,gap_residual_and_feasibility
285,0.3995575767306403,IPOPT,0.01,1.0e-10,24.959087371826172,3.848849098858648,3.848849098858648,0.0,9.995269223406211e-9,NaN,29,INTERRUPTED,gap_and_residual
285,0.3995575767306403,MadNLP,0.01,0.01,15.1519775390625,3.8489700053470495,3.848849098858648,0.0031413673359505625,2.7755575615628914e-17,NaN,22,INTERRUPTED,gap_and_residual
285,0.3995575767306403,ADMM,0.01,0.0001,376.68323516845703,3.849233769421413,3.848849098858648,0.009994430877514173,2.226219208978364e-12,0.002447005294872257,30,converged,gap_callback_with_solver_termination
285,0.3995575767306403,MEL-ADMM,0.01,0.01,53.054094314575195,3.849232293349373,3.848849098858648,0.009956079879534294,3.469446951953614e-16,0.001323577328923787,30,converged,gap_residual_and_feasibility
285,0.3995575767306403,sMEL-ADMM,0.01,0.01,5.644869,3.8491866417473917,3.848849098858648,0.008769969413554443,2.9976021664879227e-14,6.9092920904101e-5,93,converged,gap_residual_and_feasibility
286,0.6077414739834477,IPOPT,0.01,1.0e-10,32.8519344329834,3.448881929455666,3.448881929455666,0.0,9.995267613582826e-9,NaN,39,INTERRUPTED,gap_and_residual
286,0.6077414739834477,MadNLP,0.01,0.01,20.23792266845703,3.448949779165613,3.448881929455666,0.001967295817460487,6.321332346459485e-15,NaN,28,INTERRUPTED,gap_and_residual
286,0.6077414739834477,ADMM,0.01,0.0001,433.56895446777344,3.4492127405601933,3.448881929455666,0.009591836174562688,3.3306690738754696e-16,0.019242553133981554,33,converged,gap_callback_with_solver_termination
286,0.6077414739834477,MEL-ADMM,0.01,0.01,67.21258163452148,3.4492248970773445,3.448881929455666,0.009944313220741515,4.440892098500626e-16,0.005642193464983625,36,converged,gap_residual_and_feasibility
286,0.6077414739834477,sMEL-ADMM,0.01,0.01,4.6632929999999995,3.4491641791993546,3.448881929455666,0.008183804185296687,2.8199664825478976e-14,6.571224303038043e-5,93,converged,gap_residual_and_feasibility
287,0.2937881558360335,IPOPT,0.01,1.0e-10,36.2701416015625,4.052055477655659,4.052055477655659,0.0,9.995268668294699e-9,NaN,39,INTERRUPTED,gap_and_residual
287,0.2937881558360335,MadNLP,0.01,0.01,25.918960571289062,4.052189360927548,4.052055477655659,0.0033040828938975058,8.056055822436292e-15,NaN,32,INTERRUPTED,gap_and_residual
287,0.2937881558360335,ADMM,0.01,0.0001,338.9160633087158,4.052458716905609,4.052055477655659,0.00995147406479492,4.0939474033052647e-16,0.025385264456529538,26,converged,gap_callback_with_solver_termination
287,0.2937881558360335,MEL-ADMM,0.01,0.01,53.08341979980469,4.052439138878035,4.052055477655659,0.009468311193945783,3.8163916471489756e-16,0.0012401760669973338,30,converged,gap_residual_and_feasibility
287,0.2937881558360335,sMEL-ADMM,0.01,0.01,4.7184159999999995,4.052403900986692,4.052055477655659,0.008598681162053446,2.9531932455029164e-14,6.948828538254521e-5,93,converged,gap_residual_and_feasibility
288,0.7134835824785344,IPOPT,0.01,1.0e-10,26.458024978637695,3.245728023800186,3.245728023800186,0.0,9.995268612783548e-9,NaN,32,INTERRUPTED,gap_and_residual
288,0.7134835824785344,MadNLP,0.01,0.01,15.96689224243164,3.245835642576437,3.245728023800186,0.0033157053043828657,2.42861286636753e-17,NaN,21,INTERRUPTED,gap_and_residual
288,0.7134835824785344,ADMM,0.01,0.0001,529.836893081665,3.2460104249229693,3.245728023800186,0.008700701990818191,4.413136522884997e-14,0.014247682463600185,42,converged,gap_callback_with_solver_termination
288,0.7134835824785344,MEL-ADMM,0.01,0.01,79.11896705627441,3.246045168550425,3.245728023800186,0.009771143728410285,3.3306690738754696e-16,0.009171933580605196,44,converged,gap_residual_and_feasibility
288,0.7134835824785344,sMEL-ADMM,0.01,0.01,5.089423,3.2459658539164464,3.245728023800186,0.007327481369864818,2.90878432451791e-14,8.686641290242027e-5,93,converged,gap_residual_and_feasibility
289,0.6400832098240287,IPOPT,0.01,1.0e-10,35.19392013549805,3.386746323827971,3.386746323827971,0.0,9.995268113183187e-9,NaN,39,INTERRUPTED,gap_and_residual
289,0.6400832098240287,MadNLP,0.01,0.01,20.318031311035156,3.3868153153493856,3.386746323827971,0.0020371033085379024,9.318934512947408e-15,NaN,27,INTERRUPTED,gap_and_residual
289,0.6400832098240287,ADMM,0.01,0.0001,453.6571502685547,3.3870632214558793,3.386746323827971,0.009356993338373955,4.970746037002982e-12,0.01675167428244722,35,converged,gap_callback_with_solver_termination
289,0.6400832098240287,MEL-ADMM,0.01,0.01,71.32148742675781,3.3870564446864924,3.386746323827971,0.009156896586535599,3.7296554733501353e-16,0.002237014549842887,39,converged,gap_residual_and_feasibility
289,0.6400832098240287,sMEL-ADMM,0.01,0.01,5.103791,3.387008171304711,3.386746323827971,0.007731534980866286,2.986499936241671e-14,6.165341668605898e-5,93,converged,gap_residual_and_feasibility
290,0.7186474039337939,IPOPT,0.01,1.0e-10,42.58394241333008,3.235807184205881,3.235807184205881,0.0,9.995268890339304e-9,NaN,44,INTERRUPTED,gap_and_residual
290,0.7186474039337939,MadNLP,0.01,0.01,26.907920837402344,3.235885438959793,3.235807184205881,0.0024183997827173743,1.8318679906315083e-15,NaN,36,INTERRUPTED,gap_and_residual
290,0.7186474039337939,ADMM,0.01,0.0001,525.6035327911377,3.2361090577563663,3.235807184205881,0.009329157557923221,2.457256620402859e-12,0.014248296072660366,42,converged,gap_callback_with_solver_termination
290,0.7186474039337939,MEL-ADMM,0.01,0.01,80.85846900939941,3.236102949899543,3.235807184205881,0.009140399190204783,3.421742056364252e-16,0.006553642046972685,45,converged,gap_residual_and_feasibility
290,0.7186474039337939,sMEL-ADMM,0.01,0.01,4.8482899999999995,3.236044438434604,3.235807184205881,0.007332149760987968,2.853273173286652e-14,9.211672944897664e-5,93,converged,gap_residual_and_feasibility
291,0.3462208001362965,IPOPT,0.01,1.0e-10,25.94900131225586,3.9513208070023733,3.9513208070023733,0.0,9.995268224205489e-9,NaN,32,INTERRUPTED,gap_and_residual
291,0.3462208001362965,MadNLP,0.01,0.01,15.584945678710938,3.9514445559963174,3.9513208070023733,0.0031318386936532655,6.813993813636898e-15,NaN,22,INTERRUPTED,gap_and_residual
291,0.3462208001362965,ADMM,0.01,0.0001,381.4432621002197,3.9517050924761987,3.9513208070023733,0.009725494147283414,1.55170321036735e-12,0.002381309248549325,30,converged,gap_callback_with_solver_termination
291,0.3462208001362965,MEL-ADMM,0.01,0.01,53.89738082885742,3.9517042036847685,3.9513208070023733,0.009703000619836685,3.400058012914542e-16,0.0012815423438070628,30,converged,gap_residual_and_feasibility
291,0.3462208001362965,sMEL-ADMM,0.01,0.01,5.553459,3.9516631110886546,3.9513208070023733,0.008663029478009308,2.930988785010413e-14,6.931357016217755e-5,93,converged,gap_residual_and_feasibility
292,0.3694607534202055,IPOPT,0.01,1.0e-10,26.007890701293945,3.9066717325317803,3.9066717325317803,0.0,9.995268002160884e-9,NaN,30,INTERRUPTED,gap_and_residual
292,0.3694607534202055,MadNLP,0.01,0.01,15.61117172241211,3.9067466887366398,3.9066717325317803,0.0019186716978353735,8.080341951099967e-15,NaN,22,INTERRUPTED,gap_and_residual
292,0.3694607534202055,ADMM,0.01,0.0001,378.76033782958984,3.9070561688238254,3.9066717325317803,0.009840506660536803,4.730349445480897e-11,0.0024102547729411145,30,converged,gap_callback_with_solver_termination
292,0.3694607534202055,MEL-ADMM,0.01,0.01,53.70688438415527,3.9070550242614868,3.9066717325317803,0.009811209027742292,3.3957212042246e-16,0.0012998728420025238,30,converged,gap_residual_and_feasibility
292,0.3694607534202055,sMEL-ADMM,0.01,0.01,5.169169,3.9070117057475153,3.9066717325317803,0.008702374783730647,2.90878432451791e-14,6.922030379839014e-5,93,converged,gap_residual_and_feasibility
293,0.35289633118618136,IPOPT,0.01,1.0e-10,36.19098663330078,3.938495639957681,3.938495639957681,0.0,9.99526778011628e-9,NaN,45,INTERRUPTED,gap_and_residual
293,0.35289633118618136,MadNLP,0.01,0.01,23.88906478881836,3.938619040383898,3.938495639957681,0.0031331868179565203,2.7755575615628914e-17,NaN,35,INTERRUPTED,gap_and_residual
293,0.35289633118618136,ADMM,0.01,0.0001,378.4477710723877,3.9388800384042133,3.938495639957681,0.00976003229843065,5.345834885872591e-12,0.002389607872902145,30,converged,gap_callback_with_solver_termination
293,0.35289633118618136,MEL-ADMM,0.01,0.01,54.86559867858887,3.9388790047562825,3.938495639957681,0.009733787558679844,3.2757130341565244e-13,0.0012868090049239951,30,converged,gap_residual_and_feasibility
293,0.35289633118618136,sMEL-ADMM,0.01,0.01,6.420292,3.938837186438765,3.938495639957681,0.008672003534001962,2.9976021664879227e-14,6.9286696593885e-5,93,converged,gap_residual_and_feasibility
294,0.38881902313367295,IPOPT,0.01,1.0e-10,23.023128509521484,3.8694802280782414,3.8694802280782414,0.0,9.995268501761245e-9,NaN,29,INTERRUPTED,gap_and_residual
294,0.38881902313367295,MadNLP,0.01,0.01,14.737129211425781,3.869601705243631,3.8694802280782414,0.0031393664841076574,6.876443858772063e-15,NaN,22,INTERRUPTED,gap_and_residual
294,0.38881902313367295,ADMM,0.01,0.0001,390.9783363342285,3.869864821647319,3.8694802280782414,0.009939153230106863,8.35476132721169e-12,0.0024338431046903447,30,converged,gap_callback_with_solver_termination
294,0.38881902313367295,MEL-ADMM,0.01,0.01,53.61008644104004,3.8698634510478227,3.8694802280782414,0.009903732465163437,3.0531133177191805e-16,0.0013151256165491627,30,converged,gap_residual_and_feasibility
294,0.38881902313367295,sMEL-ADMM,0.01,0.01,5.152246,3.869818627963483,3.8694802280782414,0.008745357652585826,2.930988785010413e-14,6.914013824920167e-5,93,converged,gap_residual_and_feasibility
295,0.6832685097881892,IPOPT,0.01,1.0e-10,51.34415626525879,3.3037778406051266,3.3037778406051266,0.0,9.99526872380585e-9,NaN,50,INTERRUPTED,gap_and_residual
295,0.6832685097881892,MadNLP,0.01,0.01,33.42914581298828,3.3038870978295702,3.3037778406051266,0.0033070390841912004,3.469446951953614e-17,NaN,40,INTERRUPTED,gap_and_residual
295,0.6832685097881892,ADMM,0.01,0.0001,500.28085708618164,3.3040696606963396,3.3037778406051266,0.008832921137322279,3.5620950633585835e-12,0.01487681135036401,39,converged,gap_callback_with_solver_termination
295,0.6832685097881892,MEL-ADMM,0.01,0.01,78.99618148803711,3.3040772503022273,3.3037778406051266,0.009062646205227233,1.2173595465014841e-13,0.004224987173798378,42,converged,gap_residual_and_feasibility
295,0.6832685097881892,sMEL-ADMM,0.01,0.01,4.912587,3.304022041534138,3.3037778406051266,0.007391566285426558,2.8199664825478976e-14,6.14784069907573e-5,93,converged,gap_residual_and_feasibility
296,0.5944079497788716,IPOPT,0.01,1.0e-10,29.913902282714844,3.4744985693814465,3.4744985693814465,0.0,9.995268002160884e-9,NaN,34,INTERRUPTED,gap_and_residual
296,0.5944079497788716,MadNLP,0.01,0.01,18.631935119628906,3.474611250992745,3.4744985693814465,0.0032431042652202482,2.7755575615628914e-17,NaN,24,INTERRUPTED,gap_and_residual
296,0.5944079497788716,ADMM,0.01,0.0001,408.92577171325684,3.4748300879265472,3.4744985693814465,0.009541478820057092,3.5388358909926865e-16,0.019346617357864318,32,converged,gap_callback_with_solver_termination
296,0.5944079497788716,MEL-ADMM,0.01,0.01,66.17236137390137,3.474825420461446,3.4744985693814465,0.009407143893509304,3.677613769070831e-16,0.001853028217319674,36,converged,gap_residual_and_feasibility
296,0.5944079497788716,sMEL-ADMM,0.01,0.01,4.987454,3.4747891742567885,3.4744985693814465,0.00836393711319539,2.7977620220553945e-14,6.689033870714827e-5,93,converged,gap_residual_and_feasibility
297,0.42505665388892366,IPOPT,0.01,1.0e-10,28.06687355041504,3.7998597493077524,3.7998597493077524,0.0,9.995269001361606e-9,NaN,32,INTERRUPTED,gap_and_residual
297,0.42505665388892366,MadNLP,0.01,0.01,14.239072799682617,3.799979313712074,3.7998597493077524,0.003146547825705556,6.9371591804312516e-15,NaN,21,INTERRUPTED,gap_and_residual
297,0.42505665388892366,ADMM,0.01,0.0001,412.27245330810547,3.8002343007712165,3.7998597493077524,0.009856981261804095,3.5041414214731503e-16,0.00027929296615948965,31,converged,gap_callback_with_solver_termination
297,0.42505665388892366,MEL-ADMM,0.01,0.01,61.97237968444824,3.8002371849703374,3.7998597493077524,0.0099328840400946,1.9341361845448546e-11,0.00018244035187191254,31,converged,gap_residual_and_feasibility
297,0.42505665388892366,sMEL-ADMM,0.01,0.01,6.1305,3.800195641553497,3.7998597493077524,0.00883959587734225,3.008704396734174e-14,6.899412297965875e-5,93,converged,gap_residual_and_feasibility
298,0.6669936648455002,IPOPT,0.01,1.0e-10,28.656005859375,3.335045406205053,3.335045406205053,0.0,9.99526827971664e-9,NaN,35,INTERRUPTED,gap_and_residual
298,0.6669936648455002,MadNLP,0.01,0.01,16.884803771972656,3.3351553970386245,3.335045406205053,0.0032980310662842176,2.7755575615628914e-17,NaN,25,INTERRUPTED,gap_and_residual
298,0.6669936648455002,ADMM,0.01,0.0001,483.858585357666,3.3353608756424293,3.335045406205053,0.009459224656707763,5.6137317017146415e-12,0.015614189335156634,37,converged,gap_callback_with_solver_termination
298,0.6669936648455002,MEL-ADMM,0.01,0.01,74.1434097290039,3.3353762725957745,3.335045406205053,0.0099208961325004,3.7470027081099033e-16,0.00759614782343152,40,converged,gap_residual_and_feasibility
298,0.6669936648455002,sMEL-ADMM,0.01,0.01,5.696381000000001,3.335294950731998,3.335045406205053,0.007482492636554241,2.9531932455029164e-14,6.126487675394213e-5,93,converged,gap_residual_and_feasibility
299,0.2550056376798635,IPOPT,0.01,1.0e-10,27.33302116394043,4.12656524624939,4.12656524624939,0.0,9.995268224205489e-9,NaN,33,INTERRUPTED,gap_and_residual
299,0.2550056376798635,MadNLP,0.01,0.01,19.67787742614746,4.126710651857371,4.12656524624939,0.0035236473750894395,7.846154281843098e-15,NaN,30,INTERRUPTED,gap_and_residual
299,0.2550056376798635,ADMM,0.01,0.0001,349.4248390197754,4.12696889916643,4.12656524624939,0.009781813516866073,3.677613769070831e-16,0.025384725304160152,26,converged,gap_callback_with_solver_termination
299,0.2550056376798635,MEL-ADMM,0.01,0.01,55.04202842712402,4.126949263449933,4.12656524624939,0.009305976705245089,3.677613769070831e-16,0.0012319168034018203,30,converged,gap_residual_and_feasibility
299,0.2550056376798635,sMEL-ADMM,0.01,0.01,6.503964,4.1269166542223745,4.12656524624939,0.008515749831022037,3.0309088572266774e-14,6.956133223650143e-5,93,converged,gap_residual_and_feasibility
300,0.5792934352870049,IPOPT,0.01,1.0e-10,26.556968688964844,3.503536884342337,3.503536884342337,0.0,9.99526739153822e-9,NaN,33,INTERRUPTED,gap_and_residual
300,0.5792934352870049,MadNLP,0.01,0.01,15.01011848449707,3.503650090560074,3.503536884342337,0.0032311981141927328,3.469446951953614e-17,NaN,22,INTERRUPTED,gap_and_residual
300,0.5792934352870049,ADMM,0.01,0.0001,401.491641998291,3.5038737629209376,3.503536884342337,0.009615385529576552,1.2501111257279263e-13,0.01945128837976179,31,converged,gap_callback_with_solver_termination
300,0.5792934352870049,MEL-ADMM,0.01,0.01,64.93711471557617,3.503870206978145,3.503536884342337,0.009513889729473589,3.885780586188048e-16,0.002074410685415317,35,converged,gap_residual_and_feasibility
300,0.5792934352870049,sMEL-ADMM,0.01,0.01,6.2743720000000005,3.5038376094237806,3.503536884342337,0.008583471256931567,3.0309088572266774e-14,6.801559815169337e-5,93,converged,gap_residual_and_feasibility
301,0.33982125302404215,IPOPT,0.01,1.0e-10,34.78193283081055,3.963615748050768,3.963615748050768,0.0,9.995268390738943e-9,NaN,39,INTERRUPTED,gap_and_residual
301,0.33982125302404215,MadNLP,0.01,0.01,23.515939712524414,3.9637398263327537,3.963615748050768,0.0031304316531393056,5.717648576819556e-15,NaN,30,INTERRUPTED,gap_and_residual
301,0.33982125302404215,ADMM,0.01,0.0001,389.9197578430176,3.9639999847149516,3.963615748050768,0.009694094700595188,5.484002141287192e-12,0.0023732787160553152,30,converged,gap_callback_with_solver_termination
301,0.33982125302404215,MEL-ADMM,0.01,0.01,55.97639083862305,3.9639991772231586,3.963615748050768,0.009673722095269259,4.163336342344337e-16,0.0012764879787872559,30,converged,gap_residual_and_feasibility
301,0.33982125302404215,sMEL-ADMM,0.01,0.01,6.458964,3.96395883021941,3.963615748050768,0.00865578780715099,2.8754776337791554e-14,6.933843033489831e-5,93,converged,gap_residual_and_feasibility
302,0.7179826600537715,IPOPT,0.01,1.0e-10,28.255939483642578,3.2370843037697825,3.2370843037697825,0.0,9.995268168694338e-9,NaN,32,INTERRUPTED,gap_and_residual
302,0.7179826600537715,MadNLP,0.01,0.01,18.224000930786133,3.237162492512305,3.2370843037697825,0.0024154064332289676,2.7755575615628914e-17,NaN,24,INTERRUPTED,gap_and_residual
302,0.7179826600537715,ADMM,0.01,0.0001,541.7399406433105,3.237382483009466,3.2370843037697825,0.009211352306648341,4.188871471910716e-12,0.014248228250307929,42,converged,gap_callback_with_solver_termination
302,0.7179826600537715,MEL-ADMM,0.01,0.01,81.11119270324707,3.2373782036944254,3.2370843037697825,0.009079155717404077,3.7643499428696714e-16,0.0061829300640552365,45,converged,gap_residual_and_feasibility
302,0.7179826600537715,sMEL-ADMM,0.01,0.01,6.709415,3.237321623533329,3.2370843037697825,0.007331281526100496,2.9976021664879227e-14,9.146892150241337e-5,93,converged,gap_residual_and_feasibility
303,0.38300901266871007,IPOPT,0.01,1.0e-10,24.374008178710938,3.88064253923937,3.88064253923937,0.0,9.99526783562743e-9,NaN,29,INTERRUPTED,gap_and_residual
303,0.38300901266871007,MadNLP,0.01,0.01,15.55490493774414,3.880764328909937,3.88064253923937,0.003138389308876351,2.7755575615628914e-17,NaN,22,INTERRUPTED,gap_and_residual
303,0.38300901266871007,ADMM,0.01,0.0001,388.98563385009766,3.881027091249356,3.88064253923937,0.009909493237207054,3.2612801348363973e-16,0.0024266670176178173,30,converged,gap_callback_with_solver_termination
303,0.38300901266871007,MEL-ADMM,0.01,0.01,55.73463439941406,3.8810257806839923,3.88064253923937,0.00987572137209616,4.163336342344337e-16,0.0013105496657154006,30,converged,gap_residual_and_feasibility
303,0.38300901266871007,sMEL-ADMM,0.01,0.01,6.5803329999999995,3.8809814148604174,3.88064253923937,0.00873246163801055,2.986499936241671e-14,6.916573774435903e-5,93,converged,gap_residual_and_feasibility
304,0.3569723033367947,IPOPT,0.01,1.0e-10,24.173974990844727,3.930664798739132,3.930664798739132,0.0,9.995268501761245e-9,NaN,29,INTERRUPTED,gap_and_residual
304,0.3569723033367947,MadNLP,0.01,0.01,15.644073486328125,3.930787984329194,3.930664798739132,0.0031339632446352995,3.469446951953614e-17,NaN,22,INTERRUPTED,gap_and_residual
304,0.3569723033367947,ADMM,0.01,0.0001,384.6738338470459,3.931049174260408,3.930664798739132,0.009778893417712334,9.736267347904004e-12,0.002394681147016204,30,converged,gap_callback_with_solver_termination
304,0.3569723033367947,MEL-ADMM,0.01,0.01,55.68218231201172,3.9310481448971646,3.930664798739132,0.009752705398732383,3.400058012914542e-16,0.001290024333227377,30,converged,gap_residual_and_feasibility
304,0.3569723033367947,sMEL-ADMM,0.01,0.01,6.691624999999999,3.931005928730132,3.930664798739132,0.008678684356645209,2.9531932455029164e-14,6.927017866729078e-5,93,converged,gap_residual_and_feasibility
305,0.5912013854788898,IPOPT,0.01,1.0e-10,33.88404846191406,3.4806590864218903,3.4806590864218903,0.0,9.995269112383909e-9,NaN,36,INTERRUPTED,gap_and_residual
305,0.5912013854788898,MadNLP,0.01,0.01,22.520780563354492,3.4807718739827975,3.4806590864218903,0.003240408155663803,3.469446951953614e-17,NaN,26,INTERRUPTED,gap_and_residual
305,0.5912013854788898,ADMM,0.01,0.0001,414.46709632873535,3.4809912803394023,3.4806590864218903,0.009543994664916799,3.95516952522712e-16,0.019346145573027367,32,converged,gap_callback_with_solver_termination
305,0.5912013854788898,MEL-ADMM,0.01,0.01,66.99371337890625,3.480986321516256,3.4806590864218903,0.009401526729298722,3.5388358909926865e-16,0.0013762631056014815,36,converged,gap_residual_and_feasibility
305,0.5912013854788898,sMEL-ADMM,0.01,0.01,6.618212,3.4809517462518214,3.4806590864218903,0.008408172781780545,2.9753977059954195e-14,6.71361511253906e-5,93,converged,gap_residual_and_feasibility
306,0.33724031954729206,IPOPT,0.01,1.0e-10,49.623966217041016,3.9685742903335046,3.9685742903335046,0.0,9.995267946649733e-9,NaN,55,INTERRUPTED,gap_and_residual
306,0.33724031954729206,MadNLP,0.01,0.01,29.881954193115234,3.968698500588119,3.9685742903335046,0.0031298457714832996,8.840150833577809e-15,NaN,36,INTERRUPTED,gap_and_residual
306,0.33724031954729206,ADMM,0.01,0.0001,385.9832286834717,3.96895850798276,3.9685742903335046,0.009681503259024513,4.015399124313035e-12,0.0023700137507796405,30,converged,gap_callback_with_solver_termination
306,0.33724031954729206,MEL-ADMM,0.01,0.01,55.53698539733887,3.9689577322626777,3.9685742903335046,0.009661956690770003,4.0245584642661925e-16,0.001274453620316928,30,converged,gap_residual_and_feasibility
306,0.33724031954729206,sMEL-ADMM,0.01,0.01,6.648789,3.96891769265138,3.9685742903335046,0.008653039927005689,2.9531932455029164e-14,6.934837141786641e-5,93,converged,gap_residual_and_feasibility
307,0.4404545373076995,IPOPT,0.01,1.0e-10,28.601884841918945,3.7702770201578333,3.7702770201578333,0.0,9.995268612783548e-9,NaN,36,INTERRUPTED,gap_and_residual
307,0.4404545373076995,MadNLP,0.01,0.01,19.49596405029297,3.7703957921887037,3.7702770201578333,0.0031502202685741764,3.469446951953614e-17,NaN,29,INTERRUPTED,gap_and_residual
307,0.4404545373076995,ADMM,0.01,0.0001,396.5606689453125,3.7706513046347743,3.7702770201578333,0.009927240755516705,3.5952144039619327e-16,0.00028051689068429517,31,converged,gap_callback_with_solver_termination
307,0.4404545373076995,MEL-ADMM,0.01,0.01,59.380531311035156,3.770654036148444,3.7702770201578333,0.009999689375480542,4.3368086899420177e-16,2.4973293728903362e-5,32,converged,gap_residual_and_feasibility
307,0.4404545373076995,sMEL-ADMM,0.01,0.01,6.487411,3.770612165767236,3.7702770201578333,0.008889150786816178,3.008704396734174e-14,6.895003589840829e-5,93,converged,gap_residual_and_feasibility
308,0.7360152597959468,IPOPT,0.01,1.0e-10,33.056020736694336,3.202439703630045,3.202439703630045,0.0,9.995268446250094e-9,NaN,39,INTERRUPTED,gap_and_residual
308,0.7360152597959468,MadNLP,0.01,0.01,20.100116729736328,3.202545778535777,3.202439703630045,0.0033123154703510083,2.7755575615628914e-17,NaN,28,INTERRUPTED,gap_and_residual
308,0.7360152597959468,ADMM,0.01,0.0001,569.716215133667,3.2027365417918037,3.202439703630045,0.009269125705076214,2.2461477122703855e-10,0.012642218519513054,44,converged,gap_callback_with_solver_termination
308,0.7360152597959468,MEL-ADMM,0.01,0.01,84.51700210571289,3.202725514113661,3.202439703630045,0.008924773299934914,3.9942008034365983e-16,0.006283832625926843,47,converged,gap_residual_and_feasibility
308,0.7360152597959468,sMEL-ADMM,0.01,0.01,6.699002,3.202676295181629,3.202439703630045,0.007387853432996851,2.964295475749168e-14,0.00010456453404749082,93,converged,gap_residual_and_feasibility
309,0.6495042591219922,IPOPT,0.01,1.0e-10,33.84089469909668,3.3686464108652623,3.3686464108652623,0.0,9.99526827971664e-9,NaN,39,INTERRUPTED,gap_and_residual
309,0.6495042591219922,MadNLP,0.01,0.01,21.91615104675293,3.368757149878826,3.3686464108652623,0.0032873445312138253,3.469446951953614e-17,NaN,29,INTERRUPTED,gap_and_residual
309,0.6495042591219922,ADMM,0.01,0.0001,462.62049674987793,3.3689527573763502,3.3686464108652623,0.00909405362640228,6.937783680882603e-13,0.016324177144720235,36,converged,gap_callback_with_solver_termination
309,0.6495042591219922,MEL-ADMM,0.01,0.01,71.91109657287598,3.3689665828591764,3.3686464108652623,0.009504470189611243,3.2439329000766293e-16,0.0052381974208057566,39,converged,gap_residual_and_feasibility
309,0.6495042591219922,sMEL-ADMM,0.01,0.01,6.530002,3.368903289215401,3.3686464108652623,0.007625565844789127,2.90878432451791e-14,6.126501243683934e-5,93,converged,gap_residual_and_feasibility
310,0.31875243647793045,IPOPT,0.01,1.0e-10,30.3800106048584,4.004093590130849,4.004093590130849,0.0,9.995268113183187e-9,NaN,36,INTERRUPTED,gap_and_residual
310,0.31875243647793045,MadNLP,0.01,0.01,20.614147186279297,4.00422026313671,4.004093590130849,0.003163587538834909,9.291178937331779e-15,NaN,29,INTERRUPTED,gap_and_residual
310,0.31875243647793045,ADMM,0.01,0.0001,385.5171203613281,4.004477670248049,4.004093590130849,0.00959218631018387,1.3770373730181973e-11,0.0023464538017331227,30,converged,gap_callback_with_solver_termination
310,0.31875243647793045,MEL-ADMM,0.01,0.01,54.94117736816406,4.004477125710447,4.004093590130849,0.009578586787859548,3.400058012914542e-16,0.0012598669711051148,30,converged,gap_residual_and_feasibility
310,0.31875243647793045,sMEL-ADMM,0.01,0.01,5.8207450000000005,4.004439241356521,4.004093590130849,0.00863244621763641,3.008704396734174e-14,6.941360827185036e-5,93,converged,gap_residual_and_feasibility
311,0.49476303209942923,IPOPT,0.01,1.0e-10,27.26006507873535,3.6659384271012985,3.6659384271012985,0.0,9.995268113183187e-9,NaN,32,INTERRUPTED,gap_and_residual
311,0.49476303209942923,MadNLP,0.01,0.01,14.674186706542969,3.6660067665540383,3.6659384271012985,0.0018641735015148847,9.943434964299058e-15,NaN,21,INTERRUPTED,gap_and_residual
311,0.49476303209942923,ADMM,0.01,0.0001,399.5814323425293,3.666303841361141,3.6659384271012985,0.009967823167486085,5.613898235168335e-12,0.0020927651424870568,31,converged,gap_callback_with_solver_termination
311,0.49476303209942923,MEL-ADMM,0.01,0.01,57.48605728149414,3.6663040380427736,3.6659384271012985,0.009973188277584609,3.677613769070831e-16,0.0013741239967824288,31,converged,gap_residual_and_feasibility
311,0.49476303209942923,sMEL-ADMM,0.01,0.01,6.391084,3.6662684262614955,3.6659384271012985,0.00900176494393502,2.7644553313166398e-14,6.894967442864271e-5,93,converged,gap_residual_and_feasibility
312,0.48253248054043274,IPOPT,0.01,1.0e-10,26.99589729309082,3.6894360133788227,3.6894360133788227,0.0,9.995268390738943e-9,NaN,32,INTERRUPTED,gap_and_residual
312,0.48253248054043274,MadNLP,0.01,0.01,14.833927154541016,3.689552868530258,3.6894360133788227,0.003167290366643529,2.42861286636753e-17,NaN,21,INTERRUPTED,gap_and_residual
312,0.48253248054043274,ADMM,0.01,0.0001,401.05628967285156,3.6898045390255536,3.6894360133788227,0.009988671585429001,3.95516952522712e-16,0.0004555366376256774,31,converged,gap_callback_with_solver_termination
312,0.48253248054043274,MEL-ADMM,0.01,0.01,57.03473091125488,3.6898033626722317,3.6894360133788227,0.009956787218344232,8.935685524846804e-12,0.0005568894992041586,31,converged,gap_residual_and_feasibility
312,0.48253248054043274,sMEL-ADMM,0.01,0.01,6.639087,3.689767621724789,3.6894360133788227,0.008988049793074947,3.008704396734174e-14,6.89107666370977e-5,93,converged,gap_residual_and_feasibility
313,0.4033988881266063,IPOPT,0.01,1.0e-10,25.213956832885742,3.8414690926904824,3.8414690926904824,0.0,9.995267113982464e-9,NaN,30,INTERRUPTED,gap_and_residual
313,0.4033988881266063,MadNLP,0.01,0.01,16.337871551513672,3.841589795465057,3.8414690926904824,0.003142099328720488,3.122502256758253e-17,NaN,23,INTERRUPTED,gap_and_residual
313,0.4033988881266063,ADMM,0.01,0.0001,403.7473201751709,3.8418436648222745,3.8414690926904824,0.009750752192820506,4.163336342344337e-16,0.00027638464053540354,31,converged,gap_callback_with_solver_termination
313,0.4033988881266063,MEL-ADMM,0.01,0.01,54.05378341674805,3.841852278962755,3.8414690926904824,0.009974992978640426,4.649058915617843e-16,0.0013265987919912625,30,converged,gap_residual_and_feasibility
313,0.4033988881266063,sMEL-ADMM,0.01,0.01,6.394413,3.8418063586597073,3.8414690926904824,0.008779609078897578,2.90878432451791e-14,6.907659613443126e-5,93,converged,gap_residual_and_feasibility
314,0.6595209627721643,IPOPT,0.01,1.0e-10,23.952007293701172,3.3494021145552417,3.3494021145552417,0.0,9.99526827971664e-9,NaN,28,INTERRUPTED,gap_and_residual
314,0.6595209627721643,MadNLP,0.01,0.01,14.630794525146484,3.3495124367852314,3.3494021145552417,0.0032937887484520167,2.7755575615628914e-17,NaN,21,INTERRUPTED,gap_and_residual
314,0.6595209627721643,ADMM,0.01,0.0001,478.8928031921387,3.349703213098875,3.3494021145552417,0.008989620634819484,1.0649259252204502e-12,0.015878316168500203,37,converged,gap_callback_with_solver_termination
314,0.6595209627721643,MEL-ADMM,0.01,0.01,75.38771629333496,3.349711291407687,3.3494021145552417,0.009230807226808668,3.677613769070831e-16,0.0041490530255875666,40,converged,gap_residual_and_feasibility
314,0.6595209627721643,sMEL-ADMM,0.01,0.01,6.561579,3.3496545309258097,3.3494021145552417,0.007536162035338669,2.9753977059954195e-14,6.126493849660866e-5,93,converged,gap_residual_and_feasibility
315,0.4033639609282443,IPOPT,0.01,1.0e-10,24.518966674804688,3.8415361955396845,3.8415361955396845,0.0,9.995267613582826e-9,NaN,30,INTERRUPTED,gap_and_residual
315,0.4033639609282443,MadNLP,0.01,0.01,15.820980072021484,3.841656900164925,3.8415361955396845,0.003142092618583751,2.42861286636753e-17,NaN,23,INTERRUPTED,gap_and_residual
315,0.4033639609282443,ADMM,0.01,0.0001,396.561861038208,3.8419107677402753,3.8415361955396845,0.009750583660403628,3.7470027081099033e-16,0.00027637969978242666,31,converged,gap_callback_with_solver_termination
315,0.4033639609282443,MEL-ADMM,0.01,0.01,54.61835861206055,3.8419193819686597,3.8415361955396845,0.00997482281749882,3.5388358909926865e-16,0.0013265708058764376,30,converged,gap_residual_and_feasibility
315,0.4033639609282443,sMEL-ADMM,0.01,0.01,6.3929160000000005,3.8418734639118552,3.8415361955396845,0.008779518270902524,2.8754776337791554e-14,6.907674395717402e-5,93,converged,gap_residual_and_feasibility
316,0.4120469685718399,IPOPT,0.01,1.0e-10,30.704021453857422,3.824854223326938,3.824854223326938,0.0,9.995267946649733e-9,NaN,38,INTERRUPTED,gap_and_residual
316,0.4120469685718399,MadNLP,0.01,0.01,20.35808563232422,3.8249744690676977,3.824854223326938,0.0031437993120440252,4.163336342344337e-17,NaN,31,INTERRUPTED,gap_and_residual
316,0.4120469685718399,ADMM,0.01,0.0001,400.0391960144043,3.825228798863523,3.824854223326938,0.009793197719810551,3.7470027081099033e-16,0.00027757520739691427,31,converged,gap_callback_with_solver_termination
316,0.4120469685718399,MEL-ADMM,0.01,0.01,56.08654022216797,3.825231749234342,3.824854223326938,0.009870334537240523,3.95516952522712e-16,0.0001809005073271086,31,converged,gap_residual_and_feasibility
316,0.4120469685718399,sMEL-ADMM,0.01,0.01,6.663131,3.825190909604993,3.824854223326938,0.008802591115807498,3.064215547965432e-14,6.904136635305091e-5,93,converged,gap_residual_and_feasibility
317,0.687785444977757,IPOPT,0.01,1.0e-10,47.770023345947266,3.295099812160141,3.295099812160141,0.0,9.99526783562743e-9,NaN,49,INTERRUPTED,gap_and_residual
317,0.687785444977757,MadNLP,0.01,0.01,21.512985229492188,3.2952088526917893,3.295099812160141,0.0033091723427010208,3.8163916471489756e-17,NaN,27,INTERRUPTED,gap_and_residual
317,0.687785444977757,ADMM,0.01,0.0001,510.24746894836426,3.295401626468582,3.295099812160141,0.009159489109470965,7.62878871185535e-10,0.01471363612075996,39,converged,gap_callback_with_solver_termination
317,0.687785444977757,MEL-ADMM,0.01,0.01,81.15363121032715,3.2954092296862583,3.295099812160141,0.009390232276894464,4.4278816724308e-16,0.006289774097458101,42,converged,gap_residual_and_feasibility
317,0.687785444977757,sMEL-ADMM,0.01,0.01,6.905999,3.29534275438402,3.295099812160141,0.007372833532460769,2.864375403532904e-14,6.295442518932087e-5,93,converged,gap_residual_and_feasibility
318,0.7384788321992518,IPOPT,0.01,1.0e-10,52.20508575439453,3.197706637846513,3.197706637846513,0.0,9.995267613582826e-9,NaN,53,INTERRUPTED,gap_and_residual
318,0.7384788321992518,MadNLP,0.01,0.01,27.992963790893555,3.19781252766035,3.197706637846513,0.003311429903656457,2.42861286636753e-17,NaN,35,INTERRUPTED,gap_and_residual
318,0.7384788321992518,ADMM,0.01,0.0001,568.4571266174316,3.1980222186025014,3.197706637846513,0.00986897147640726,1.1239598141088436e-10,0.01255661900915015,44,converged,gap_callback_with_solver_termination
318,0.7384788321992518,MEL-ADMM,0.01,0.01,86.3795280456543,3.1979995139015633,3.197706637846513,0.009158940710317198,3.5041414214731503e-16,0.007765083171819298,47,converged,gap_residual_and_feasibility
318,0.7384788321992518,sMEL-ADMM,0.01,0.01,6.267204,3.197943339268079,3.197706637846513,0.0074022244180988895,2.886579864025407e-14,0.00010523280696600468,93,converged,gap_residual_and_feasibility
319,0.6857562198620633,IPOPT,0.01,1.0e-10,28.477907180786133,3.298998401034279,3.298998401034279,0.0,9.995267891138582e-9,NaN,32,INTERRUPTED,gap_and_residual
319,0.6857562198620633,MadNLP,0.01,0.01,21.485090255737305,3.299107540047081,3.298998401034279,0.0033082469142038536,3.469446951953614e-17,NaN,27,INTERRUPTED,gap_and_residual
319,0.6857562198620633,ADMM,0.01,0.0001,510.2567672729492,3.299293960832576,3.298998401034279,0.00895907673687635,2.9737323714584818e-12,0.014800241538325962,39,converged,gap_callback_with_solver_termination
319,0.6857562198620633,MEL-ADMM,0.01,0.01,81.73680305480957,3.2993023066633387,3.298998401034279,0.009212057482785866,3.677613769070831e-16,0.005296777664900754,42,converged,gap_residual_and_feasibility
319,0.6857562198620633,sMEL-ADMM,0.01,0.01,6.411785,3.2992418982850373,3.298998401034279,0.0073809447946921805,3.019806626980426e-14,6.220390520714734e-5,93,converged,gap_residual_and_feasibility
320,0.5165027982929546,IPOPT,0.01,1.0e-10,27.153968811035156,3.6241715428098202,3.6241715428098202,0.0,9.995267502560523e-9,NaN,33,INTERRUPTED,gap_and_residual
320,0.5165027982929546,MadNLP,0.01,0.01,15.36703109741211,3.6242870222344865,3.6241715428098202,0.003186367513297807,3.469446951953614e-17,NaN,22,INTERRUPTED,gap_and_residual
320,0.5165027982929546,ADMM,0.01,0.0001,415.67111015319824,3.6245260306089495,3.6241715428098202,0.009781209165790282,3.400058012914542e-16,0.0018754285867937232,32,converged,gap_callback_with_solver_termination
320,0.5165027982929546,MEL-ADMM,0.01,0.01,58.17437171936035,3.624527430881634,3.6241715428098202,0.00981984620788198,3.400058012914542e-16,0.0013413091296012453,32,converged,gap_residual_and_feasibility
320,0.5165027982929546,sMEL-ADMM,0.01,0.01,6.4674119999999995,3.6244972936384676,3.6241715428098202,0.008988283937432825,3.0531133177191805e-14,6.90551548434221e-5,93,converged,gap_residual_and_feasibility
321,0.35294252567699935,IPOPT,0.01,1.0e-10,38.70511054992676,3.9384068901553246,3.9384068901553246,0.0,9.995268612783548e-9,NaN,44,INTERRUPTED,gap_and_residual
321,0.35294252567699935,MadNLP,0.01,0.01,23.194074630737305,3.9385302881550546,3.9384068901553246,0.0031331958116970595,1.0470790900996008e-14,NaN,32,INTERRUPTED,gap_and_residual
321,0.35294252567699935,ADMM,0.01,0.0001,388.0739212036133,3.938791290479799,3.9384068901553246,0.009760299918103144,4.3925418857782006e-12,0.0023896657068652218,30,converged,gap_callback_with_solver_termination
321,0.35294252567699935,MEL-ADMM,0.01,0.01,55.13286590576172,3.9387902547401943,3.9384068901553246,0.009734001477296078,4.440892098500626e-16,0.0012868454477720885,30,converged,gap_residual_and_feasibility
321,0.35294252567699935,sMEL-ADMM,0.01,0.01,6.557918,3.9387484318883006,3.9384068901553246,0.008672078393669696,3.097522238704187e-14,6.9286512024592e-5,93,converged,gap_residual_and_feasibility
322,0.6411597745694115,IPOPT,0.01,1.0e-10,36.47208213806152,3.384678005578713,3.384678005578713,0.0,9.995268501761245e-9,NaN,39,INTERRUPTED,gap_and_residual
322,0.6411597745694115,MadNLP,0.01,0.01,33.50996971130371,3.384789071037426,3.384678005578713,0.0032814187503221247,3.469446951953614e-17,NaN,41,INTERRUPTED,gap_and_residual
322,0.6411597745694115,ADMM,0.01,0.0001,458.834171295166,3.3849980633778167,3.384678005578713,0.009456078202300894,4.212186155427844e-13,0.0167133284855873,35,converged,gap_callback_with_solver_termination
322,0.6411597745694115,MEL-ADMM,0.01,0.01,72.74818420410156,3.3849882755858602,3.384678005578713,0.009166898790246004,3.2612801348363973e-16,0.0024823003388344984,39,converged,gap_residual_and_feasibility
322,0.6411597745694115,sMEL-ADMM,0.01,0.01,6.5082580000000005,3.384939242917239,3.384678005578713,0.00771823311095502,2.786659791809143e-14,6.150900165026105e-5,93,converged,gap_residual_and_feasibility
323,0.6562030837485535,IPOPT,0.01,1.0e-10,22.549152374267578,3.3557764917237294,3.3557764917237294,0.0,9.995268890339304e-9,NaN,27,INTERRUPTED,gap_and_residual
323,0.6562030837485535,MadNLP,0.01,0.01,14.297962188720703,3.3558869552830335,3.3557764917237294,0.003291743641942237,3.122502256758253e-17,NaN,20,INTERRUPTED,gap_and_residual
323,0.6562030837485535,ADMM,0.01,0.0001,474.107027053833,3.356101685922438,3.3557764917237294,0.009690579796086507,5.839773109528323e-13,0.01608654461287629,36,converged,gap_callback_with_solver_termination
323,0.6562030837485535,MEL-ADMM,0.01,0.01,75.927734375,3.356082474633486,3.3557764917237294,0.00911809563334552,3.95516952522712e-16,0.003050093437888467,40,converged,gap_residual_and_feasibility
323,0.6562030837485535,sMEL-ADMM,0.01,0.01,6.486867,3.356030287753699,3.3557764917237294,0.007562959887099402,2.8310687127941492e-14,6.126496443432591e-5,93,converged,gap_residual_and_feasibility
324,0.5917239488349904,IPOPT,0.01,1.0e-10,37.529945373535156,3.4796551269940434,3.4796551269940434,0.0,9.995267447049372e-9,NaN,41,INTERRUPTED,gap_and_residual
324,0.5917239488349904,MadNLP,0.01,0.01,23.74887466430664,3.4797226506945793,3.4796551269940434,0.0019405285314638857,8.23646706393788e-15,NaN,30,INTERRUPTED,gap_and_residual
324,0.5917239488349904,ADMM,0.01,0.0001,424.0396022796631,3.4799868433347476,3.4796551269940434,0.009533023492208192,3.712308238590367e-16,0.01934622408753011,32,converged,gap_callback_with_solver_termination
324,0.5917239488349904,MEL-ADMM,0.01,0.01,68.19581985473633,3.47998225668316,3.4796551269940434,0.009401210096339102,3.95516952522712e-16,0.0014454625680921252,36,converged,gap_residual_and_feasibility
324,0.5917239488349904,sMEL-ADMM,0.01,0.01,6.50875,3.479947448789526,3.4796551269940434,0.008400884134031724,3.0309088572266774e-14,6.709661623086581e-5,93,converged,gap_residual_and_feasibility
325,0.6638994399314828,IPOPT,0.01,1.0e-10,22.65000343322754,3.3409900945151803,3.3409900945151803,0.0,9.995268446250094e-9,NaN,27,INTERRUPTED,gap_and_residual
325,0.6638994399314828,MadNLP,0.01,0.01,13.710975646972656,3.3410619599976057,3.3409900945151803,0.002151023510767571,4.163336342344337e-17,NaN,19,INTERRUPTED,gap_and_residual
325,0.6638994399314828,ADMM,0.01,0.0001,484.0357303619385,3.341295215776303,3.3409900945151803,0.009132659855048068,1.0820233597996776e-12,0.015723470853021955,37,converged,gap_callback_with_solver_termination
325,0.6638994399314828,MEL-ADMM,0.01,0.01,74.46551322937012,3.3413091460750937,3.3409900945151803,0.00954961106999949,3.95516952522712e-16,0.006015065368251138,40,converged,gap_residual_and_feasibility
325,0.6638994399314828,sMEL-ADMM,0.01,0.01,6.204753,3.3412407903619767,3.3409900945151803,0.007503639331587673,2.919886554764162e-14,6.12649029382191e-5,93,converged,gap_residual_and_feasibility
326,0.40564676273792377,IPOPT,0.01,1.0e-10,24.608135223388672,3.837150429924888,3.837150429924888,0.0,9.995268446250094e-9,NaN,30,INTERRUPTED,gap_and_residual
326,0.40564676273792377,MadNLP,0.01,0.01,15.882015228271484,3.8372710136649437,3.837150429924888,0.0031425335612423923,2.7755575615628914e-17,NaN,23,INTERRUPTED,gap_and_residual
326,0.40564676273792377,ADMM,0.01,0.0001,403.52487564086914,3.83752501539503,3.837150429924888,0.009762074148063873,4.718447854656915e-16,0.0002766952071132367,31,converged,gap_callback_with_solver_termination
326,0.40564676273792377,MEL-ADMM,0.01,0.01,54.48794364929199,3.8375336122229964,3.837150429924888,0.009986116132431888,3.677613769070831e-16,0.0013283660571409284,30,converged,gap_residual_and_feasibility
326,0.40564676273792377,sMEL-ADMM,0.01,0.01,6.92396,3.8374875422505164,3.837150429924888,0.008785486307738653,2.8976820942716586e-14,6.906717196475398e-5,93,converged,gap_residual_and_feasibility
327,0.29099337326708474,IPOPT,0.01,1.0e-10,34.64794158935547,4.057424871196414,4.057424871196414,0.0,9.99526827971664e-9,NaN,38,INTERRUPTED,gap_and_residual
327,0.29099337326708474,MadNLP,0.01,0.01,24.630069732666016,4.0575597243655945,4.057424871196414,0.0033236146931033906,1.0505485370515544e-14,NaN,31,INTERRUPTED,gap_and_residual
327,0.29099337326708474,ADMM,0.01,0.0001,342.81158447265625,4.057828219403336,4.057424871196414,0.009940990153279235,3.7470027081099033e-16,0.025385121542435926,26,converged,gap_callback_with_solver_termination
327,0.29099337326708474,MEL-ADMM,0.01,0.01,55.49049377441406,4.057808546151757,4.057424871196414,0.00945611976865222,4.683753385137379e-16,0.0012379730755011295,30,converged,gap_residual_and_feasibility
327,0.29099337326708474,sMEL-ADMM,0.01,0.01,6.571749,4.0577735602981075,4.057424871196414,0.008593852326608923,2.964295475749168e-14,6.949495605648205e-5,93,converged,gap_residual_and_feasibility
328,0.5511968712043549,IPOPT,0.01,1.0e-10,32.582998275756836,3.5575165789987455,3.5575165789987455,0.0,9.995267558071674e-9,NaN,35,INTERRUPTED,gap_and_residual
328,0.5511968712043549,MadNLP,0.01,0.01,21.03900909423828,3.5576307688931332,3.5575165789987455,0.003209820442210161,6.720318745934151e-15,NaN,25,INTERRUPTED,gap_and_residual
328,0.5511968712043549,ADMM,0.01,0.0001,443.9878463745117,3.5578570758505084,3.5575165789987455,0.009571195079537265,3.608224830031759e-16,0.0010917024544787705,34,converged,gap_callback_with_solver_termination
328,0.5511968712043549,MEL-ADMM,0.01,0.01,62.303781509399414,3.5578581964672464,3.5575165789987455,0.009602695051868695,3.7470027081099033e-16,0.0008506585401926621,34,converged,gap_residual_and_feasibility
328,0.5511968712043549,sMEL-ADMM,0.01,0.01,6.5301659999999995,3.5578330073090205,3.5575165789987455,0.008894640495647827,2.864375403532904e-14,6.911286899406992e-5,93,converged,gap_residual_and_feasibility
329,0.5649527398404968,IPOPT,0.01,1.0e-10,32.54580497741699,3.5310885222965678,3.5310885222965678,0.0,9.99526783562743e-9,NaN,35,INTERRUPTED,gap_and_residual
329,0.5649527398404968,MadNLP,0.01,0.01,19.77396011352539,3.5312022257823084,3.5310885222965678,0.00322006896804242,3.469446951953614e-17,NaN,24,INTERRUPTED,gap_and_residual
329,0.5649527398404968,ADMM,0.01,0.0001,451.72691345214844,3.531433380051454,3.5310885222965678,0.00976632992089537,3.677613769070831e-16,0.0016216288534066786,34,converged,gap_callback_with_solver_termination
329,0.5649527398404968,MEL-ADMM,0.01,0.01,65.12737274169922,3.531430282193467,3.5310885222965678,0.00967859895727151,4.0419056990259605e-16,0.002735907457527942,34,converged,gap_residual_and_feasibility
329,0.5649527398404968,sMEL-ADMM,0.01,0.01,6.616795,3.531399000100041,3.5310885222965678,0.008792693853823618,2.9531932455029164e-14,6.886193132113992e-5,93,converged,gap_residual_and_feasibility
330,0.6413646962369884,IPOPT,0.01,1.0e-10,36.580801010131836,3.3842843058718097,3.3842843058718097,0.0,9.995267113982464e-9,NaN,39,INTERRUPTED,gap_and_residual
330,0.6413646962369884,MadNLP,0.01,0.01,25.599002838134766,3.384395363519134,3.3842843058718097,0.003281569669886546,2.7755575615628914e-17,NaN,30,INTERRUPTED,gap_and_residual
330,0.6413646962369884,ADMM,0.01,0.0001,466.6247367858887,3.384605044491793,3.3842843058718097,0.009477295374587332,1.2319034681240737e-12,0.016706031647658225,35,converged,gap_callback_with_solver_termination
330,0.6413646962369884,MEL-ADMM,0.01,0.01,72.54266738891602,3.384594623026617,3.3842843058718097,0.009169358326920368,3.5388358909926865e-16,0.00253151330199557,39,converged,gap_residual_and_feasibility
330,0.6413646962369884,sMEL-ADMM,0.01,0.01,6.442039,3.3845454282421223,3.3842843058718097,0.007715733866081027,2.9753977059954195e-14,6.148193684166713e-5,93,converged,gap_residual_and_feasibility
331,0.544358899059338,IPOPT,0.01,1.0e-10,55.203914642333984,3.570653831204077,3.570653831204077,0.0,9.995268335227792e-9,NaN,62,INTERRUPTED,gap_and_residual
331,0.544358899059338,MadNLP,0.01,0.01,32.93895721435547,3.570768069745538,3.570653831204077,0.003199373192170548,2.7755575615628914e-17,NaN,43,INTERRUPTED,gap_and_residual
331,0.544358899059338,ADMM,0.01,0.0001,430.6509494781494,3.5709971667782257,3.570653831204077,0.009615481936334146,4.163336342344337e-16,0.0010302664097877993,33,converged,gap_callback_with_solver_termination
331,0.544358899059338,MEL-ADMM,0.01,0.01,61.537742614746094,3.571002445414158,3.570653831204077,0.009763315811638147,3.5388358909926865e-16,0.0024173692230317293,33,converged,gap_residual_and_feasibility
331,0.544358899059338,sMEL-ADMM,0.01,0.01,6.514416000000001,3.5709723577771983,3.570653831204077,0.008920679185910762,2.930988785010413e-14,6.911320131846015e-5,93,converged,gap_residual_and_feasibility
332,0.41668043278831723,IPOPT,0.01,1.0e-10,31.486988067626953,3.815952316927595,3.815952316927595,0.0,9.995268557272396e-9,NaN,35,INTERRUPTED,gap_and_residual
332,0.41668043278831723,MadNLP,0.01,0.01,21.145105361938477,3.816072110303824,3.815952316927595,0.0031392786460541365,3.122502256758253e-17,NaN,28,INTERRUPTED,gap_and_residual
332,0.41668043278831723,ADMM,0.01,0.0001,403.49698066711426,3.8163268859355535,3.815952316927595,0.009815872339306019,3.5388358909926865e-16,0.00027820133855988374,31,converged,gap_callback_with_solver_termination
332,0.41668043278831723,MEL-ADMM,0.01,0.01,56.37335777282715,3.8163298084771697,3.815952316927595,0.009892459816652205,4.3021142204224816e-16,0.00018144891672982125,31,converged,gap_residual_and_feasibility
332,0.41668043278831723,sMEL-ADMM,0.01,0.01,6.244667,3.816288706568821,3.815952316927595,0.008815352323288096,2.9753977059954195e-14,6.902370892207868e-5,93,converged,gap_residual_and_feasibility
333,0.7255616771006019,IPOPT,0.01,1.0e-10,34.09600257873535,3.222523340913959,3.222523340913959,0.0,9.995268779317001e-9,NaN,41,INTERRUPTED,gap_and_residual
333,0.7255616771006019,MadNLP,0.01,0.01,21.398067474365234,3.222602265720676,3.222523340913959,0.0024491616775815304,1.2212453270876722e-15,NaN,32,INTERRUPTED,gap_and_residual
333,0.7255616771006019,ADMM,0.01,0.0001,555.6783676147461,3.22281472985853,3.222523340913959,0.009042260171446687,3.3095393092708036e-10,0.01413815213313381,43,converged,gap_callback_with_solver_termination
333,0.7255616771006019,MEL-ADMM,0.01,0.01,84.15102958679199,3.22280939052624,3.222523340913959,0.008876572239189131,4.0245584642661925e-16,0.005339761103502871,46,converged,gap_residual_and_feasibility
333,0.7255616771006019,sMEL-ADMM,0.01,0.01,6.386996,3.222760071660866,3.222523340913959,0.007346129782879072,2.808864252301646e-14,9.825638303946355e-5,93,converged,gap_residual_and_feasibility
334,0.6143076262090245,IPOPT,0.01,1.0e-10,44.71182823181152,3.4362669032495625,3.4362669032495625,0.0,9.99526778011628e-9,NaN,48,INTERRUPTED,gap_and_residual
334,0.6143076262090245,MadNLP,0.01,0.01,19.268035888671875,3.4363789253992074,3.4362669032495625,0.0032599955940256385,2.7755575615628914e-17,NaN,25,INTERRUPTED,gap_and_residual
334,0.6143076262090245,ADMM,0.01,0.0001,436.48386001586914,3.4366078512342764,3.4362669032495625,0.009922046055020443,3.3306690738754696e-16,0.0192428258681663,33,converged,gap_callback_with_solver_termination
334,0.6143076262090245,MEL-ADMM,0.01,0.01,69.41533088684082,3.4365887553599763,3.4362669032495625,0.00936633036593973,3.3306690738754696e-16,0.0027867637372804392,37,converged,gap_residual_and_feasibility
334,0.6143076262090245,sMEL-ADMM,0.01,0.01,6.562247,3.436544987783982,3.4362669032495625,0.008092634892729425,2.930988785010413e-14,6.503789164293873e-5,93,converged,gap_residual_and_feasibility
335,0.5885063934111325,IPOPT,0.01,1.0e-10,42.710065841674805,3.485836760406907,3.485836760406907,0.0,9.995269056872758e-9,NaN,43,INTERRUPTED,gap_and_residual
335,0.5885063934111325,MadNLP,0.01,0.01,50.4150390625,3.485904236668602,3.485836760406907,0.0019357263788546755,7.355227538141662e-16,NaN,54,INTERRUPTED,gap_and_residual
335,0.5885063934111325,ADMM,0.01,0.0001,422.32561111450195,3.486173676649763,3.485836760406907,0.009665290316588769,4.3021142204224816e-16,0.019345739399958067,32,converged,gap_callback_with_solver_termination
335,0.5885063934111325,MEL-ADMM,0.01,0.01,65.34552574157715,3.486178799072311,3.485836760406907,0.009812239898581121,3.478120569333498e-16,0.004439381256574103,35,converged,gap_residual_and_feasibility
335,0.5885063934111325,sMEL-ADMM,0.01,0.01,6.7092540000000005,3.4861311844065033,3.485836760406907,0.008446293381843493,2.919886554764162e-14,6.73371339489524e-5,93,converged,gap_residual_and_feasibility
336,0.5260485962429595,IPOPT,0.01,1.0e-10,26.80516242980957,3.6058319601805247,3.6058319601805247,0.0,9.995267502560523e-9,NaN,33,INTERRUPTED,gap_and_residual
336,0.5260485962429595,MadNLP,0.01,0.01,15.046119689941406,3.6058995675134597,3.6058319601805247,0.0018749440817455267,5.422745585903499e-15,NaN,22,INTERRUPTED,gap_and_residual
336,0.5260485962429595,ADMM,0.01,0.0001,418.56884956359863,3.6061856630663884,3.6058319601805247,0.009809189384578934,3.694961003830599e-16,0.0001833830019595875,32,converged,gap_callback_with_solver_termination
336,0.5260485962429595,MEL-ADMM,0.01,0.01,59.17978286743164,3.6061903066331555,3.6058319601805247,0.009937968729217934,3.8163916471489756e-16,0.002824369843455533,32,converged,gap_residual_and_feasibility
336,0.5260485962429595,sMEL-ADMM,0.01,0.01,6.471631,3.6061555050792653,3.6058319601805247,0.008972822425270428,2.986499936241671e-14,6.908410510995163e-5,93,converged,gap_residual_and_feasibility
337,0.420879588374111,IPOPT,0.01,1.0e-10,26.451826095581055,3.807884813169162,3.807884813169162,0.0,9.99526827971664e-9,NaN,32,INTERRUPTED,gap_and_residual
337,0.420879588374111,MadNLP,0.01,0.01,15.671014785766602,3.8080045953507575,3.807884813169162,0.003145635634288143,3.469446951953614e-17,NaN,22,INTERRUPTED,gap_and_residual
337,0.420879588374111,ADMM,0.01,0.0001,403.3243656158447,3.8082593744119104,3.807884813169162,0.00983646462868873,3.3306690738754696e-16,0.00027876007283502216,31,converged,gap_callback_with_solver_termination
337,0.420879588374111,MEL-ADMM,0.01,0.01,55.8171272277832,3.8082622756528517,3.807884813169162,0.009912654983271749,7.011058400507864e-13,0.00018194593674110068,31,converged,gap_residual_and_feasibility
337,0.420879588374111,sMEL-ADMM,0.01,0.01,6.6422490000000005,3.808220945084573,3.807884813169162,0.008827260589629678,2.853273173286652e-14,6.900846766793017e-5,93,converged,gap_residual_and_feasibility
338,0.5560330072382929,IPOPT,0.01,1.0e-10,30.871868133544922,3.54822529535065,3.54822529535065,0.0,9.995268890339304e-9,NaN,34,INTERRUPTED,gap_and_residual
338,0.5560330072382929,MadNLP,0.01,0.01,19.96612548828125,3.548339313170983,3.54822529535065,0.0032133760074962983,2.7755575615628914e-17,NaN,24,INTERRUPTED,gap_and_residual
338,0.5560330072382929,ADMM,0.01,0.0001,443.7220096588135,3.548564327845451,3.54822529535065,0.009554987820113457,4.2327252813834093e-16,0.0018550361149141104,34,converged,gap_callback_with_solver_termination
338,0.5560330072382929,MEL-ADMM,0.01,0.01,62.632083892822266,3.5485656906592187,3.54822529535065,0.009593396141293042,3.400058012914542e-16,0.0013022618174068495,34,converged,gap_residual_and_feasibility
338,0.5560330072382929,sMEL-ADMM,0.01,0.01,6.625589000000001,3.5485400405668455,3.54822529535065,0.008870496938505145,2.964295475749168e-14,6.908008556045717e-5,93,converged,gap_residual_and_feasibility
339,0.3343998339260276,IPOPT,0.01,1.0e-10,35.19296646118164,3.9740314895148954,3.9740314895148954,0.0,9.995267613582826e-9,NaN,37,INTERRUPTED,gap_and_residual
339,0.3343998339260276,MadNLP,0.01,0.01,24.96194839477539,3.9740602340260187,3.9740314895148954,0.0007233085897576548,1.124100812432971e-15,NaN,30,INTERRUPTED,gap_and_residual
339,0.3343998339260276,ADMM,0.01,0.0001,391.48950576782227,3.97441568623645,3.9740314895148954,0.009667681863322125,3.677613769070831e-16,0.00236641503009424,30,converged,gap_callback_with_solver_termination
339,0.3343998339260276,MEL-ADMM,0.01,0.01,55.739641189575195,3.9744149454229802,3.9740314895148954,0.009649040504499625,3.122502256758253e-16,0.0012722144044746246,30,converged,gap_residual_and_feasibility
339,0.3343998339260276,sMEL-ADMM,0.01,0.01,6.488667,3.9743752380393937,3.9740314895148954,0.008649869166998652,3.0309088572266774e-14,6.935879348491866e-5,93,converged,gap_residual_and_feasibility
340,0.4936539852671223,IPOPT,0.01,1.0e-10,26.26204490661621,3.6680691506015624,3.6680691506015624,0.0,9.99526783562743e-9,NaN,32,INTERRUPTED,gap_and_residual
340,0.4936539852671223,MadNLP,0.01,0.01,15.022039413452148,3.668185542368845,3.6680691506015624,0.0031731072262842597,3.122502256758253e-17,NaN,21,INTERRUPTED,gap_and_residual
340,0.4936539852671223,ADMM,0.01,0.0001,409.64388847351074,3.668434804534674,3.6680691506015624,0.009968567060728453,3.965883177414753e-12,0.0019319614830249458,31,converged,gap_callback_with_solver_termination
340,0.4936539852671223,MEL-ADMM,0.01,0.01,58.00485610961914,3.66843486841114,3.6680691506015624,0.009970308480076668,3.7470027081099033e-16,0.001258429854704611,31,converged,gap_residual_and_feasibility
340,0.4936539852671223,sMEL-ADMM,0.01,0.01,9.793007,3.6683993154654764,3.6680691506015624,0.009001053425066172,2.864375403532904e-14,6.894493114374418e-5,93,converged,gap_residual_and_feasibility
341,0.5761127447291841,IPOPT,0.01,1.0e-10,27.27508544921875,3.5096476922191506,3.5096476922191506,0.0,9.995268002160884e-9,NaN,33,INTERRUPTED,gap_and_residual
341,0.5761127447291841,MadNLP,0.01,0.01,15.44809341430664,3.509761008498666,3.5096476922191506,0.0032287081055598584,2.42861286636753e-17,NaN,22,INTERRUPTED,gap_and_residual
341,0.5761127447291841,ADMM,0.01,0.0001,409.5146656036377,3.5099837886005174,3.5096476922191506,0.009576356684230765,1.7491563752969341e-13,0.019457766334733853,31,converged,gap_callback_with_solver_termination
341,0.5761127447291841,MEL-ADMM,0.01,0.01,66.2839412689209,3.5099809568703777,3.5096476922191506,0.009495672513395462,1.39238620633364e-12,0.0015630483193358694,35,converged,gap_residual_and_feasibility
341,0.5761127447291841,sMEL-ADMM,0.01,0.01,6.685626,3.5099507051710357,3.5096476922191506,0.008633714220285941,2.9531932455029164e-14,6.824252181365526e-5,93,converged,gap_residual_and_feasibility
342,0.4537185341586752,IPOPT,0.01,1.0e-10,23.993968963623047,3.7447939576085174,3.7447939576085174,0.0,9.99526739153822e-9,NaN,29,INTERRUPTED,gap_and_residual
342,0.4537185341586752,MadNLP,0.01,0.01,15.429019927978516,3.7449120688855704,3.7447939576085174,0.0031540127010991985,2.7755575615628914e-17,NaN,22,INTERRUPTED,gap_and_residual
342,0.4537185341586752,ADMM,0.01,0.0001,416.46647453308105,3.7451678181944335,3.7447939576085174,0.009983475463488373,2.4185209390736873e-11,3.923431995465909e-5,32,converged,gap_callback_with_solver_termination
342,0.4537185341586752,MEL-ADMM,0.01,0.01,58.23516845703125,3.74516811110411,3.7447939576085174,0.009991297247005154,3.885780586188048e-16,2.8150393762426534e-5,32,converged,gap_residual_and_feasibility
342,0.4537185341586752,sMEL-ADMM,0.01,0.01,6.9254620000000005,3.7451282793197946,3.7447939576085174,0.008927639679560182,2.886579864025407e-14,6.892339998326724e-5,93,converged,gap_residual_and_feasibility
343,0.3928264944389959,IPOPT,0.01,1.0e-10,29.369831085205078,3.861780992087347,3.861780992087347,0.0,9.99526783562743e-9,NaN,29,INTERRUPTED,gap_and_residual
343,0.3928264944389959,MadNLP,0.01,0.01,19.07491683959961,3.861902256174954,3.861780992087347,0.0031401078376893294,2.42861286636753e-17,NaN,22,INTERRUPTED,gap_and_residual
343,0.3928264944389959,ADMM,0.01,0.0001,393.22876930236816,3.8621656141792102,3.861780992087347,0.009959707519700703,3.677613769070831e-16,0.002438771543417158,30,converged,gap_callback_with_solver_termination
343,0.3928264944389959,MEL-ADMM,0.01,0.01,54.318904876708984,3.862164203511017,3.861780992087347,0.009923178565928871,3.3306690738754696e-16,0.001318280395773242,30,converged,gap_residual_and_feasibility
343,0.3928264944389959,sMEL-ADMM,0.01,0.01,6.436746,3.8621190708040705,3.861780992087347,0.008754476688767299,2.9753977059954195e-14,6.912240793797205e-5,93,converged,gap_residual_and_feasibility
344,0.3567333640721057,IPOPT,0.01,1.0e-10,25.098085403442383,3.9311238537506776,3.9311238537506776,0.0,9.995268335227792e-9,NaN,29,INTERRUPTED,gap_and_residual
344,0.3567333640721057,MadNLP,0.01,0.01,16.093015670776367,3.9312470519702627,3.9311238537506776,0.0031339185476824956,2.7755575615628914e-17,NaN,22,INTERRUPTED,gap_and_residual
344,0.3567333640721057,ADMM,0.01,0.0001,399.2891311645508,3.931508225461591,3.9311238537506776,0.009777654564274702,3.8163916471489756e-16,0.0023943839815057967,30,converged,gap_callback_with_solver_termination
344,0.3567333640721057,MEL-ADMM,0.01,0.01,55.065155029296875,3.9315072010035985,3.9311238537506776,0.00975159438324829,3.7470027081099033e-16,0.0012898358593893544,30,converged,gap_residual_and_feasibility
344,0.3567333640721057,sMEL-ADMM,0.01,0.01,6.416715,3.931465007685085,3.9311238537506776,0.00867827998046033,2.8310687127941492e-14,6.927114235187864e-5,93,converged,gap_residual_and_feasibility
345,0.6116875406333311,IPOPT,0.01,1.0e-10,30.582189559936523,3.4413006653470717,3.4413006653470717,0.0,9.995268557272396e-9,NaN,33,INTERRUPTED,gap_and_residual
345,0.6116875406333311,MadNLP,0.01,0.01,18.831968307495117,3.441412886494718,3.4413006653470717,0.0032610096751081626,2.7755575615628914e-17,NaN,23,INTERRUPTED,gap_and_residual
345,0.6116875406333311,ADMM,0.01,0.0001,434.39626693725586,3.441634709524989,3.4413006653470717,0.00970691637848188,3.400058012914542e-16,0.019242719119024195,33,converged,gap_callback_with_solver_termination
345,0.6116875406333311,MEL-ADMM,0.01,0.01,70.33085823059082,3.4416216731000655,3.4413006653470717,0.009328093770657004,3.608224830031759e-16,0.0021979185854349888,37,converged,gap_residual_and_feasibility
345,0.6116875406333311,sMEL-ADMM,0.01,0.01,6.474457999999999,3.4415804249498074,3.4413006653470717,0.008129472834293182,2.842170943040401e-14,6.531801179052686e-5,93,converged,gap_residual_and_feasibility
346,0.5660123343677473,IPOPT,0.01,1.0e-10,51.75304412841797,3.529052807578132,3.529052807578132,0.0,9.995267946649733e-9,NaN,54,INTERRUPTED,gap_and_residual
346,0.5660123343677473,MadNLP,0.01,0.01,61.89584732055664,3.52916647466889,3.529052807578132,0.0032208951510703525,2.7755575615628914e-17,NaN,53,INTERRUPTED,gap_and_residual
346,0.5660123343677473,ADMM,0.01,0.0001,467.16833114624023,3.5293875201591622,3.529052807578132,0.009484487744459128,4.163336342344337e-16,0.0005512412111269502,35,converged,gap_callback_with_solver_termination
346,0.5660123343677473,MEL-ADMM,0.01,0.01,63.894033432006836,3.5293953568025445,3.529052807578132,0.009706548558210388,6.34492458573277e-14,0.0029742892524912586,34,converged,gap_residual_and_feasibility
346,0.5660123343677473,sMEL-ADMM,0.01,0.01,6.750201,3.529362677638289,3.529052807578132,0.00878054472552872,3.008704396734174e-14,6.882064613409396e-5,93,converged,gap_residual_and_feasibility
347,0.662502375034612,IPOPT,0.01,1.0e-10,21.78478240966797,3.3436741642230117,3.3436741642230117,0.0,9.995267613582826e-9,NaN,26,INTERRUPTED,gap_and_residual
347,0.662502375034612,MadNLP,0.01,0.01,13.823986053466797,3.3437843563780585,3.3436741642230117,0.0032955410615622483,3.469446951953614e-17,NaN,19,INTERRUPTED,gap_and_residual
347,0.662502375034612,ADMM,0.01,0.0001,487.4269962310791,3.3439766562180715,3.3436741642230117,0.009046694749639875,5.85420600884845e-13,0.01577287760589396,37,converged,gap_callback_with_solver_termination
347,0.662502375034612,MEL-ADMM,0.01,0.01,75.3777027130127,3.343989234517218,3.3436741642230117,0.009422876713818062,3.677613769070831e-16,0.0053691932509336345,40,converged,gap_residual_and_feasibility
347,0.662502375034612,sMEL-ADMM,0.01,0.01,6.651289,3.3439253976617582,3.3436741642230117,0.0075136938112789165,2.919886554764162e-14,6.126491442422916e-5,93,converged,gap_residual_and_feasibility
348,0.6090661670487099,IPOPT,0.01,1.0e-10,33.48803520202637,3.4463369019937313,3.4463369019937313,0.0,9.995267891138582e-9,NaN,39,INTERRUPTED,gap_and_residual
348,0.6090661670487099,MadNLP,0.01,0.01,20.480871200561523,3.4464047856054183,3.4463369019937313,0.0019697323162949764,7.965850201685498e-15,NaN,28,INTERRUPTED,gap_and_residual
348,0.6090661670487099,ADMM,0.01,0.0001,434.3729019165039,3.4466678429246254,3.4463369019937313,0.009602686571431207,4.3021142204224816e-16,0.019242612356661606,33,converged,gap_callback_with_solver_termination
348,0.6090661670487099,MEL-ADMM,0.01,0.01,69.17214393615723,3.4466578935743133,3.4463369019937313,0.00931399308048694,3.5388358909926865e-16,0.0017203057487638514,37,converged,gap_residual_and_feasibility
348,0.6090661670487099,sMEL-ADMM,0.01,0.01,6.462207,3.446618320299712,3.4463369019937313,0.008165722446285386,3.0753177782116836e-14,6.558076283512664e-5,93,converged,gap_residual_and_feasibility
349,0.27801879839686383,IPOPT,0.01,1.0e-10,40.643930435180664,4.082351890305588,4.082351890305588,0.0,9.995268557272396e-9,NaN,45,INTERRUPTED,gap_and_residual
349,0.27801879839686383,MadNLP,0.01,0.01,29.42800521850586,4.08249132020387,4.082351890305588,0.00341543066418191,7.008282842946301e-15,NaN,37,INTERRUPTED,gap_and_residual
349,0.27801879839686383,ADMM,0.01,0.0001,345.55578231811523,4.082755540953744,4.082351890305588,0.009887698537547413,3.608224830031759e-16,0.025384728136832714,26,converged,gap_callback_with_solver_termination
349,0.27801879839686383,MEL-ADMM,0.01,0.01,54.86750602722168,4.082735660703406,4.082351890305588,0.009400718216602752,3.2612801348363973e-16,0.001231916849589055,30,converged,gap_residual_and_feasibility
349,0.27801879839686383,sMEL-ADMM,0.01,0.01,6.560124,4.082701735434378,4.082351890305588,0.008569695562520603,2.8754776337791554e-14,6.952347478290759e-5,93,converged,gap_residual_and_feasibility
350,0.4902073184537434,IPOPT,0.01,1.0e-10,26.221036911010742,3.6746909575108075,3.6746909575108075,0.0,9.995268168694338e-9,NaN,32,INTERRUPTED,gap_and_residual
350,0.4902073184537434,MadNLP,0.01,0.01,15.017032623291016,3.674807491545468,3.6746909575108075,0.003171260821868267,3.469446951953614e-17,NaN,21,INTERRUPTED,gap_and_residual
350,0.4902073184537434,ADMM,0.01,0.0001,404.3269157409668,3.6750575541049253,3.6746909575108075,0.009976256462287104,3.608224830031759e-16,0.0014321859664620795,31,converged,gap_callback_with_solver_termination
350,0.4902073184537434,MEL-ADMM,0.01,0.01,57.98530578613281,3.6750572552505587,3.6746909575108075,0.009968123686768218,3.677613769070831e-16,0.0009428704466263767,31,converged,gap_residual_and_feasibility
350,0.4902073184537434,sMEL-ADMM,0.01,0.01,6.674873,3.6750216041134003,3.6746909575108075,0.008997943130889014,3.008704396734174e-14,6.893170149024908e-5,93,converged,gap_residual_and_feasibility
351,0.33073965908381664,IPOPT,0.01,1.0e-10,35.8271598815918,3.9810634924242274,3.9810634924242274,0.0,9.995269112383909e-9,NaN,39,INTERRUPTED,gap_and_residual
351,0.33073965908381664,MadNLP,0.01,0.01,22.944927215576172,3.9811878354544845,3.9810634924242274,0.003123362149177479,8.978928711655954e-15,NaN,31,INTERRUPTED,gap_and_residual
351,0.33073965908381664,ADMM,0.01,0.0001,390.5482292175293,3.9814476621624033,3.9810634924242274,0.009649927435393975,6.781575301317844e-12,0.0023617640753476193,30,converged,gap_callback_with_solver_termination
351,0.33073965908381664,MEL-ADMM,0.01,0.01,54.45122718811035,3.9814469668647696,3.9810634924242274,0.009632462312443447,8.761324998829423e-13,0.0012693260270945986,30,converged,gap_residual_and_feasibility
351,0.33073965908381664,sMEL-ADMM,0.01,0.01,6.561708,3.9814076865866213,3.9810634924242274,0.008645784299819017,2.930988785010413e-14,6.937195172274178e-5,93,converged,gap_residual_and_feasibility
352,0.43289002975889745,IPOPT,0.01,1.0e-10,26.63707733154297,3.784810107068721,3.784810107068721,0.0,9.995267891138582e-9,NaN,32,INTERRUPTED,gap_and_residual
352,0.43289002975889745,MadNLP,0.01,0.01,15.06805419921875,3.7848811626284156,3.784810107068721,0.0018773877073005529,5.488665077990618e-15,NaN,21,INTERRUPTED,gap_and_residual
352,0.43289002975889745,ADMM,0.01,0.0001,402.9347896575928,3.7851847626053368,3.784810107068721,0.009898925600421748,4.132978681514743e-16,0.0002804870015588115,31,converged,gap_callback_with_solver_termination
352,0.43289002975889745,MEL-ADMM,0.01,0.01,56.86140060424805,3.7851875006879125,3.784810107068721,0.009971269588582948,1.9516610549885627e-12,0.00018336682790602923,31,converged,gap_residual_and_feasibility
352,0.43289002975889745,sMEL-ADMM,0.01,0.01,6.476082,3.7851455951400035,3.784810107068721,0.008864066143136767,2.9753977059954195e-14,6.896998029490894e-5,93,converged,gap_residual_and_feasibility
353,0.38544290089736266,IPOPT,0.01,1.0e-10,24.369001388549805,3.8759665033004547,3.8759665033004547,0.0,9.995268224205489e-9,NaN,29,INTERRUPTED,gap_and_residual
353,0.38544290089736266,MadNLP,0.01,0.01,15.655994415283203,3.876088161303016,3.8759665033004547,0.0031387784816450433,2.7755575615628914e-17,NaN,22,INTERRUPTED,gap_and_residual
353,0.38544290089736266,ADMM,0.01,0.0001,390.3839588165283,3.876351072616994,3.8759665033004547,0.009921894738040626,4.0245584642661925e-16,0.002429682013523702,30,converged,gap_callback_with_solver_termination
353,0.38544290089736266,MEL-ADMM,0.01,0.01,55.12189865112305,3.8763497367704756,3.8759665033004547,0.009887429875737156,3.608224830031759e-16,0.0013124666718558504,30,converged,gap_residual_and_feasibility
353,0.38544290089736266,sMEL-ADMM,0.01,0.01,6.2225459999999995,3.8763051773404835,3.8759665033004547,0.008737795843706734,2.919886554764162e-14,6.915495710839784e-5,93,converged,gap_residual_and_feasibility
354,0.4773398541969926,IPOPT,0.01,1.0e-10,26.259899139404297,3.699412193514557,3.699412193514557,0.0,9.995268057672035e-9,NaN,32,INTERRUPTED,gap_and_residual
354,0.4773398541969926,MadNLP,0.01,0.01,14.928817749023438,3.6995292692574937,3.699412193514557,0.0031647120356574424,2.42861286636753e-17,NaN,21,INTERRUPTED,gap_and_residual
354,0.4773398541969926,ADMM,0.01,0.0001,403.87940406799316,3.699781863738159,3.699412193514557,0.009992674626798377,3.365363543395006e-16,6.158722113426898e-5,31,converged,gap_callback_with_solver_termination
354,0.4773398541969926,MEL-ADMM,0.01,0.01,56.16879463195801,3.6997808421372205,3.699412193514557,0.009965059403485277,8.825384867350294e-12,0.0004676011828983473,31,converged,gap_residual_and_feasibility
354,0.4773398541969926,sMEL-ADMM,0.01,0.01,6.532877,3.6997443781765464,3.699412193514557,0.008979390362929269,2.8310687127941492e-14,6.890836018544864e-5,93,converged,gap_residual_and_feasibility
355,0.40213977612533924,IPOPT,0.01,1.0e-10,25.094032287597656,3.843888124468409,3.843888124468409,0.0,9.995268501761245e-9,NaN,30,INTERRUPTED,gap_and_residual
355,0.40213977612533924,MadNLP,0.01,0.01,15.399932861328125,3.843961295086838,3.843888124468409,0.0019035574413037205,5.4817261840867104e-15,NaN,22,INTERRUPTED,gap_and_residual
355,0.40213977612533924,ADMM,0.01,0.0001,402.82583236694336,3.844262698817027,3.843888124468409,0.009744673530780113,3.95516952522712e-16,0.000276208589934851,31,converged,gap_callback_with_solver_termination
355,0.40213977612533924,MEL-ADMM,0.01,0.01,55.228233337402344,3.8442713133542705,3.843888124468409,0.009968783519536268,3.608224830031759e-16,0.0013256081388265152,30,converged,gap_residual_and_feasibility
355,0.40213977612533924,sMEL-ADMM,0.01,0.01,6.618954,3.844225477325309,3.843888124468409,0.008776344315337874,2.886579864025407e-14,6.908193408234828e-5,93,converged,gap_residual_and_feasibility
356,0.37095976422454124,IPOPT,0.01,1.0e-10,24.796009063720703,3.90379180225751,3.90379180225751,0.0,9.995267558071674e-9,NaN,30,INTERRUPTED,gap_and_residual
356,0.37095976422454124,MadNLP,0.01,0.01,15.288114547729492,3.903866693595191,3.90379180225751,0.0019184255071536837,7.153999614928352e-15,NaN,22,INTERRUPTED,gap_and_residual
356,0.37095976422454124,ADMM,0.01,0.0001,399.7173309326172,3.904176249380289,3.90379180225751,0.009848043703468536,3.885780586188048e-16,0.0024121234592923667,30,converged,gap_callback_with_solver_termination
356,0.37095976422454124,MEL-ADMM,0.01,0.01,55.37271499633789,3.9041750877989614,3.90379180225751,0.009818288496572071,8.81239525796218e-13,0.001301054579878544,30,converged,gap_residual_and_feasibility
356,0.37095976422454124,sMEL-ADMM,0.01,0.01,6.339629,3.904131650130758,3.90379180225751,0.00870558396714172,2.9531932455029164e-14,6.921433434016293e-5,93,converged,gap_residual_and_feasibility
357,0.56610773183558,IPOPT,0.01,1.0e-10,36.724090576171875,3.528869528008093,3.528869528008093,0.0,9.995268335227792e-9,NaN,37,INTERRUPTED,gap_and_residual
357,0.56610773183558,MadNLP,0.01,0.01,22.084951400756836,3.5289831854530704,3.528869528008093,0.0032207890962047733,7.337880303381894e-15,NaN,26,INTERRUPTED,gap_and_residual
357,0.56610773183558,ADMM,0.01,0.0001,458.1584930419922,3.5292041949942425,3.528869528008093,0.009483688288651043,3.8163916471489756e-16,0.0005668267230688334,35,converged,gap_callback_with_solver_termination
357,0.56610773183558,MEL-ADMM,0.01,0.01,63.26794624328613,3.52921215806262,3.528869528008093,0.009709343227559366,3.148116533083223e-16,0.002996669405047503,34,converged,gap_residual_and_feasibility
357,0.56610773183558,sMEL-ADMM,0.01,0.01,6.414877000000001,3.529179342484176,3.528869528008093,0.008779425638272739,2.942091015256665e-14,6.881676437762215e-5,93,converged,gap_residual_and_feasibility
358,0.37305006793579853,IPOPT,0.01,1.0e-10,24.010896682739258,3.899775867933975,3.899775867933975,0.0,9.995268335227792e-9,NaN,29,INTERRUPTED,gap_and_residual
358,0.37305006793579853,MadNLP,0.01,0.01,15.985965728759766,3.8998981950383436,3.899775867933975,0.0031367726892844363,2.7755575615628914e-17,NaN,22,INTERRUPTED,gap_and_residual
358,0.37305006793579853,ADMM,0.01,0.0001,396.35205268859863,3.9001603299739878,3.899775867933975,0.009858567595489448,2.070876803372812e-11,0.002414723911289697,30,converged,gap_callback_with_solver_termination
358,0.37305006793579853,MEL-ADMM,0.01,0.01,56.17809295654297,3.9001591452048716,3.899775867933975,0.009828187154246944,3.4255931424809205e-13,0.0013027023262061066,30,converged,gap_residual_and_feasibility
358,0.37305006793579853,sMEL-ADMM,0.01,0.01,6.595664,3.9001155455612375,3.899775867933975,0.008710183322473043,2.9976021664879227e-14,6.920605405802416e-5,93,converged,gap_residual_and_feasibility
359,0.2582480130528886,IPOPT,0.01,1.0e-10,28.285980224609375,4.120335928241594,4.120335928241594,0.0,9.995268446250094e-9,NaN,34,INTERRUPTED,gap_and_residual
359,0.2582480130528886,MadNLP,0.01,0.01,16.19410514831543,4.120489830477334,4.120335928241594,0.003735186606643757,7.696968062909093e-15,NaN,23,INTERRUPTED,gap_and_residual
359,0.2582480130528886,ADMM,0.01,0.0001,361.3090515136719,4.120739581118498,4.120335928241594,0.009796601149370119,4.440892098500626e-16,0.025384725300902168,26,converged,gap_callback_with_solver_termination
359,0.2582480130528886,MEL-ADMM,0.01,0.01,54.77142333984375,4.120719911145233,4.120335928241594,0.009319213538093292,3.8337388819087437e-16,0.0012319167927494767,30,converged,gap_residual_and_feasibility
359,0.2582480130528886,sMEL-ADMM,0.01,0.01,6.321369000000001,4.120687156540538,4.120335928241594,0.008524263678041833,2.9753977059954195e-14,6.955707836107158e-5,93,converged,gap_residual_and_feasibility
360,0.4430451509439783,IPOPT,0.01,1.0e-10,24.789094924926758,3.7652998801542537,3.7652998801542537,0.0,9.995268168694338e-9,NaN,29,INTERRUPTED,gap_and_residual
360,0.4430451509439783,MadNLP,0.01,0.01,15.043020248413086,3.765370200951791,3.7652998801542537,0.0018676015131776633,5.7696902810988604e-15,NaN,21,INTERRUPTED,gap_and_residual
360,0.4430451509439783,ADMM,0.01,0.0001,402.8916358947754,3.765673974129192,3.7652998801542537,0.009935303610480195,8.080758284734202e-13,0.0002801779067730381,31,converged,gap_callback_with_solver_termination
360,0.4430451509439783,MEL-ADMM,0.01,0.01,62.5457763671875,3.7656761290099188,3.7652998801542537,0.00999253359999852,2.4261076481124633e-10,6.385509025520764e-6,34,converged,gap_residual_and_feasibility
360,0.4430451509439783,sMEL-ADMM,0.01,0.01,6.750332,3.765634888532022,3.7652998801542537,0.008897256219462892,2.9531932455029164e-14,6.894405033220936e-5,93,converged,gap_residual_and_feasibility
361,0.4647425303536647,IPOPT,0.01,1.0e-10,25.645017623901367,3.7236144302204575,3.7236144302204575,0.0,9.99526783562743e-9,NaN,31,INTERRUPTED,gap_and_residual
361,0.4647425303536647,MadNLP,0.01,0.01,14.115095138549805,3.7236837736416857,3.7236144302204575,0.0018622610511291032,8.076872504148014e-15,NaN,20,INTERRUPTED,gap_and_residual
361,0.4647425303536647,ADMM,0.01,0.0001,403.29670906066895,3.723986741592152,3.7236144302204575,0.009998655303112206,8.642753179799456e-12,0.0004312984018598684,31,converged,gap_callback_with_solver_termination
361,0.4647425303536647,MEL-ADMM,0.01,0.01,55.574893951416016,3.723986189923965,3.7236144302204575,0.009983839908084869,1.2209122601802846e-12,0.0003085241918796555,31,converged,gap_residual_and_feasibility
361,0.4647425303536647,sMEL-ADMM,0.01,0.01,6.475664,3.723947855004078,3.7236144302204575,0.008954331600892925,2.930988785010413e-14,6.890972968737197e-5,93,converged,gap_residual_and_feasibility
362,0.6057959274272711,IPOPT,0.01,1.0e-10,32.2420597076416,3.4526197533665637,3.4526197533665637,0.0,9.995267613582826e-9,NaN,36,INTERRUPTED,gap_and_residual
362,0.6057959274272711,MadNLP,0.01,0.01,26.129961013793945,3.452732058938853,3.4526197533665637,0.003252763996957829,3.122502256758253e-17,NaN,36,INTERRUPTED,gap_and_residual
362,0.6057959274272711,ADMM,0.01,0.0001,433.78615379333496,3.452952115107591,3.4526197533665637,0.009626363885077531,4.3021142204224816e-16,0.019242452930977635,33,converged,gap_callback_with_solver_termination
362,0.6057959274272711,MEL-ADMM,0.01,0.01,66.68257713317871,3.4529572627987593,3.4526197533665637,0.00977545910946242,4.163336342344337e-16,0.004872992729423431,36,converged,gap_residual_and_feasibility
362,0.6057959274272711,sMEL-ADMM,0.01,0.01,6.894286,3.4529032208882224,3.4526197533665637,0.008210215485859724,3.008704396734174e-14,6.590519875902031e-5,93,converged,gap_residual_and_feasibility
363,0.41356857034008765,IPOPT,0.01,1.0e-10,114.56799507141113,3.8219308908298713,3.8219308908298713,0.0,9.995268113183187e-9,NaN,100,INTERRUPTED,gap_and_residual
363,0.41356857034008765,MadNLP,0.01,0.01,118.00193786621094,3.8220032527633903,3.8219308908298713,0.0018933344318869374,7.462780393652224e-15,NaN,121,INTERRUPTED,gap_and_residual
363,0.41356857034008765,ADMM,0.01,0.0001,403.2025337219238,3.8223054641472514,3.8219308908298713,0.009800630311731742,3.469446951953614e-16,0.0002777809469882882,31,converged,gap_callback_with_solver_termination
363,0.41356857034008765,MEL-ADMM,0.01,0.01,55.663108825683594,3.82230840520012,3.8219308908298713,0.009877582327684086,4.0939474033052647e-16,0.0001810806041578246,31,converged,gap_residual_and_feasibility
363,0.41356857034008765,sMEL-ADMM,0.01,0.01,6.637373999999999,3.82226747860075,3.8219308908298713,0.00880674665484185,2.808864252301646e-14,6.903547625086714e-5,93,converged,gap_residual_and_feasibility
364,0.5010359996114092,IPOPT,0.01,1.0e-10,28.67412567138672,3.6538866733747537,3.6538866733747537,0.0,9.99526783562743e-9,NaN,32,INTERRUPTED,gap_and_residual
364,0.5010359996114092,MadNLP,0.01,0.01,14.581918716430664,3.6539548292219193,3.6538866733747537,0.0018652972371095713,6.394190732450511e-15,NaN,21,INTERRUPTED,gap_and_residual
364,0.5010359996114092,ADMM,0.01,0.0001,406.25,3.654250634192965,3.6538866733747537,0.009960922457268548,6.996070389675424e-13,0.0027657103702394756,31,converged,gap_callback_with_solver_termination
364,0.5010359996114092,MEL-ADMM,0.01,0.01,58.942317962646484,3.6542471977741497,3.6538866733747537,0.009866874143172652,3.608224830031759e-16,0.00035748633258461324,32,converged,gap_residual_and_feasibility
364,0.5010359996114092,sMEL-ADMM,0.01,0.01,6.685334,3.6542156338415928,3.6538866733747537,0.009003028726537559,2.886579864025407e-14,6.897720076650717e-5,93,converged,gap_residual_and_feasibility
365,0.3578141954471085,IPOPT,0.01,1.0e-10,24.666786193847656,3.9290473383651636,3.9290473383651636,0.0,9.995267946649733e-9,NaN,29,INTERRUPTED,gap_and_residual
365,0.3578141954471085,MadNLP,0.01,0.01,15.96689224243164,3.9291704794136058,3.9290473383651636,0.0031341197455098673,3.469446951953614e-17,NaN,22,INTERRUPTED,gap_and_residual
365,0.3578141954471085,ADMM,0.01,0.0001,391.36385917663574,3.9294317253886843,3.9290473383651636,0.009783211817464802,3.7470027081099033e-16,0.00239572872371991,30,converged,gap_callback_with_solver_termination
365,0.3578141954471085,MEL-ADMM,0.01,0.01,56.14185333251953,3.9294306806999333,3.9290473383651636,0.009756622961157042,4.510281037539698e-16,0.0012906884132896541,30,converged,gap_residual_and_feasibility
365,0.3578141954471085,sMEL-ADMM,0.01,0.01,6.619713,3.9293883845141995,3.9290473383651636,0.008680123186750826,2.9976021664879227e-14,6.926678942493786e-5,93,converged,gap_residual_and_feasibility
366,0.5789713391759201,IPOPT,0.01,1.0e-10,26.944875717163086,3.5041557019911855,3.5041557019911855,0.0,9.995268335227792e-9,NaN,33,INTERRUPTED,gap_and_residual
366,0.5789713391759201,MadNLP,0.01,0.01,15.330076217651367,3.5042689193494523,3.5041557019911855,0.0032309454229563564,2.7755575615628914e-17,NaN,22,INTERRUPTED,gap_and_residual
366,0.5789713391759201,ADMM,0.01,0.0001,410.30240058898926,3.504492269342677,3.5041557019911855,0.00960480583954096,3.885780586188048e-16,0.019451244653287875,31,converged,gap_callback_with_solver_termination
366,0.5789713391759201,MEL-ADMM,0.01,0.01,65.83976745605469,3.5044889770589887,3.5041557019911855,0.009510852146602376,3.677613769070831e-16,0.00201646267801423,35,converged,gap_residual_and_feasibility
366,0.5789713391759201,sMEL-ADMM,0.01,0.01,6.581503,3.504456657061289,3.5041557019911855,0.008588518767377358,2.886579864025407e-14,6.803920494825606e-5,93,converged,gap_residual_and_feasibility
367,0.2573315075854687,IPOPT,0.01,1.0e-10,28.146982192993164,4.122096737326173,4.122096737326173,0.0,9.995268335227792e-9,NaN,34,INTERRUPTED,gap_and_residual
367,0.2573315075854687,MadNLP,0.01,0.01,16.487836837768555,4.1222399978597,4.122096737326173,0.0034754287115465335,9.069134332406747e-15,NaN,23,INTERRUPTED,gap_and_residual
367,0.2573315075854687,ADMM,0.01,0.0001,348.0966091156006,4.122500390204093,4.122096737326173,0.009792416424002852,2.0394796962364126e-13,0.025384725302509844,26,converged,gap_callback_with_solver_termination
367,0.2573315075854687,MEL-ADMM,0.01,0.01,54.70418930053711,4.122480729876788,4.122096737326173,0.009315466741410502,4.0939474033052647e-16,0.0012319167723990644,30,converged,gap_residual_and_feasibility
367,0.2573315075854687,sMEL-ADMM,0.01,0.01,5.068293,4.122448017817347,4.122096737326173,0.008521888581427899,2.930988785010413e-14,6.955831636702367e-5,93,converged,gap_residual_and_feasibility
368,0.3272353700581177,IPOPT,0.01,1.0e-10,26.15809440612793,3.987796004308544,3.987796004308544,0.0,9.995268612783548e-9,NaN,30,INTERRUPTED,gap_and_residual
368,0.3272353700581177,MadNLP,0.01,0.01,17.308950424194336,3.9879210067033073,3.987796004308544,0.0031346236023144275,6.564193633096238e-15,NaN,23,INTERRUPTED,gap_and_residual
368,0.3272353700581177,ADMM,0.01,0.0001,381.29234313964844,3.9881801479613466,3.987796004308544,0.009632981536353438,4.698463840213662e-13,0.0023573007742749355,30,converged,gap_callback_with_solver_termination
368,0.3272353700581177,MEL-ADMM,0.01,0.01,53.93338203430176,3.988179496696716,3.987796004308544,0.00961665009337177,4.440892098500626e-16,0.0012665599715806913,30,converged,gap_residual_and_feasibility
368,0.3272353700581177,sMEL-ADMM,0.01,0.01,4.832787,3.9881406246911717,3.987796004308544,0.008641875919813224,3.008704396734174e-14,6.938433764108742e-5,93,converged,gap_residual_and_feasibility
369,0.4332485892473266,IPOPT,0.01,1.0e-10,26.478052139282227,3.784121235232129,3.784121235232129,0.0,9.995268612783548e-9,NaN,32,INTERRUPTED,gap_and_residual
369,0.4332485892473266,MadNLP,0.01,0.01,14.654159545898438,3.784192265042001,3.784121235232129,0.0018770490017679697,7.462780393652224e-15,NaN,21,INTERRUPTED,gap_and_residual
369,0.4332485892473266,ADMM,0.01,0.0001,391.55006408691406,3.7844959079783016,3.784121235232129,0.009901182411494236,3.767375300611775e-12,0.00028054445088287333,31,converged,gap_callback_with_solver_termination
369,0.4332485892473266,MEL-ADMM,0.01,0.01,55.472612380981445,3.784498627262942,3.784121235232129,0.00997304281108332,6.880607195114408e-12,0.00018341013991889088,31,converged,gap_residual_and_feasibility
369,0.4332485892473266,sMEL-ADMM,0.01,0.01,5.0019540000000005,3.7844567062455665,3.784121235232129,0.00886522900783224,2.919886554764162e-14,6.896896506471909e-5,93,converged,gap_residual_and_feasibility
370,0.3013118794558904,IPOPT,0.01,1.0e-10,28.998851776123047,4.037600745664795,4.037600745664795,0.0,9.99526783562743e-9,NaN,34,INTERRUPTED,gap_and_residual
370,0.3013118794558904,MadNLP,0.01,0.01,18.950939178466797,4.037731978331051,4.037600745664795,0.003250263572905369,8.607697887796917e-15,NaN,26,INTERRUPTED,gap_and_residual
370,0.3013118794558904,ADMM,0.01,0.0001,336.3180160522461,4.038003694650177,4.037600745664795,0.009979911605047067,3.400058012914542e-16,0.025385649975014225,26,converged,gap_callback_with_solver_termination
370,0.3013118794558904,MEL-ADMM,0.01,0.01,54.25214767456055,4.037984369509284,4.037600745664795,0.00950128228753426,4.0939474033052647e-16,0.001246108283810353,30,converged,gap_residual_and_feasibility
370,0.3013118794558904,sMEL-ADMM,0.01,0.01,5.011083,4.037948395812927,4.037600745664795,0.008610315135927981,2.986499936241671e-14,6.946845781989966e-5,93,converged,gap_residual_and_feasibility
371,0.3143700627863083,IPOPT,0.01,1.0e-10,42.56010055541992,4.012513096268611,4.012513096268611,0.0,9.995268557272396e-9,NaN,49,INTERRUPTED,gap_and_residual
371,0.3143700627863083,MadNLP,0.01,0.01,24.647951126098633,4.01260351495803,4.012513096268611,0.0022534179266197095,8.309325449928906e-15,NaN,32,INTERRUPTED,gap_and_residual
371,0.3143700627863083,ADMM,0.01,0.0001,389.1732692718506,4.012897143820422,4.012513096268611,0.009571247310520026,3.2466251909113453e-12,0.0023408209956652243,30,converged,gap_callback_with_solver_termination
371,0.3143700627863083,MEL-ADMM,0.01,0.01,53.93791198730469,4.012896654174625,4.012513096268611,0.009559044339836823,3.642919299551295e-16,0.0012564093071721245,30,converged,gap_residual_and_feasibility
371,0.3143700627863083,sMEL-ADMM,0.01,0.01,4.924203,4.0128592652394595,4.012513096268611,0.008627235912832222,2.964295475749168e-14,6.942814675506802e-5,93,converged,gap_residual_and_feasibility
372,0.6078063274285768,IPOPT,0.01,1.0e-10,33.225059509277344,3.4487573316879403,3.4487573316879403,0.0,9.995268446250094e-9,NaN,38,INTERRUPTED,gap_and_residual
372,0.6078063274285768,MadNLP,0.01,0.01,18.457889556884766,3.4488695481193883,3.4487573316879403,0.0032538221931974606,2.7755575615628914e-17,NaN,23,INTERRUPTED,gap_and_residual
372,0.6078063274285768,ADMM,0.01,0.0001,421.77367210388184,3.4490881267461106,3.4487573316879403,0.009591717431984401,3.3306690738754696e-16,0.01924255617280203,33,converged,gap_callback_with_solver_termination
372,0.6078063274285768,MEL-ADMM,0.01,0.01,66.76888465881348,3.4491005076696553,3.4487573316879403,0.009950714089442713,3.2612801348363973e-16,0.005669165177702506,36,converged,gap_residual_and_feasibility
372,0.6078063274285768,sMEL-ADMM,0.01,0.01,5.3768720000000005,3.4490395407816874,3.4487573316879403,0.008182921168564101,2.886579864025407e-14,6.570572280276653e-5,93,converged,gap_residual_and_feasibility
373,0.6220970657376055,IPOPT,0.01,1.0e-10,43.601036071777344,3.4213016724099288,3.4213016724099288,0.0,9.995268390738943e-9,NaN,48,INTERRUPTED,gap_and_residual
373,0.6220970657376055,MadNLP,0.01,0.01,28.668880462646484,3.4214134286139597,3.4213016724099288,0.0032664820215108884,2.7755575615628914e-17,NaN,36,INTERRUPTED,gap_and_residual
373,0.6220970657376055,ADMM,0.01,0.0001,435.64653396606445,3.421625866266819,3.4213016724099288,0.009475746015162946,2.326749903858172e-12,0.017488234791822294,34,converged,gap_callback_with_solver_termination
373,0.6220970657376055,MEL-ADMM,0.01,0.01,68.5567855834961,3.4216353482452884,3.4213016724099288,0.009752891364430744,3.122502256758253e-16,0.005343348387120051,37,converged,gap_residual_and_feasibility
373,0.6220970657376055,sMEL-ADMM,0.01,0.01,4.8686240000000005,3.4215747039344517,3.4213016724099288,0.007980340544791516,3.064215547965432e-14,6.410230639642984e-5,93,converged,gap_residual_and_feasibility
374,0.6416965834299709,IPOPT,0.01,1.0e-10,36.01503372192383,3.3836466773957863,3.3836466773957863,0.0,9.995267946649733e-9,NaN,39,INTERRUPTED,gap_and_residual
374,0.6416965834299709,MadNLP,0.01,0.01,26.353120803833008,3.3837577223668145,3.3836466773957863,0.0032818134283947257,2.0816681711721685e-17,NaN,33,INTERRUPTED,gap_and_residual
374,0.6416965834299709,ADMM,0.01,0.0001,448.0259418487549,3.38396857256679,3.3836466773957863,0.009513261924005222,1.0543788064865112e-12,0.016694214904045383,35,converged,gap_callback_with_solver_termination
374,0.6416965834299709,MEL-ADMM,0.01,0.01,71.62785530090332,3.3839570848711746,3.3836466773957863,0.009173755565615277,4.0722633598555547e-16,0.0026129766874044783,39,converged,gap_residual_and_feasibility
374,0.6416965834299709,sMEL-ADMM,0.01,0.01,5.029541,3.383907615354763,3.3836466773957863,0.007711737774508629,2.8976820942716586e-14,6.143970071863496e-5,93,converged,gap_residual_and_feasibility
375,0.5672543370170843,IPOPT,0.01,1.0e-10,36.39101982116699,3.5266666466377248,3.5266666466377248,0.0,9.995268668294699e-9,NaN,40,INTERRUPTED,gap_and_residual
375,0.5672543370170843,MadNLP,0.01,0.01,27.313947677612305,3.526733949475502,3.5266666466377248,0.001908398057448451,1.0061396160665481e-15,NaN,36,INTERRUPTED,gap_and_residual
375,0.5672543370170843,ADMM,0.01,0.0001,446.2559223175049,3.5270007880588157,3.5266666466377248,0.009474709536538142,3.642919299551295e-16,0.0007541552631237201,35,converged,gap_callback_with_solver_termination
375,0.5672543370170843,MEL-ADMM,0.01,0.01,64.3167495727539,3.527010386379121,3.5266666466377248,0.009746873629914454,3.885780586188048e-16,0.003277423412925272,34,converged,gap_residual_and_feasibility
375,0.5672543370170843,sMEL-ADMM,0.01,0.01,5.0518339999999995,3.5269757479924495,3.5266666466377248,0.008764688747075679,2.8754776337791554e-14,6.876315961558237e-5,93,converged,gap_residual_and_feasibility
376,0.2999155752286518,IPOPT,0.01,1.0e-10,31.198978424072266,4.04028335395854,4.04028335395854,0.0,9.995267613582826e-9,NaN,37,INTERRUPTED,gap_and_residual
376,0.2999155752286518,MadNLP,0.01,0.01,20.52593231201172,4.040415018579632,4.04028335395854,0.0032587967119445146,8.347489366400396e-15,NaN,29,INTERRUPTED,gap_and_residual
376,0.2999155752286518,ADMM,0.01,0.0001,335.4768753051758,4.040686356524057,4.04028335395854,0.009974611437146215,3.677613769070831e-16,0.025385578535781824,26,converged,gap_callback_with_solver_termination
376,0.2999155752286518,MEL-ADMM,0.01,0.01,54.529428482055664,4.0406669847814936,4.04028335395854,0.009495146487123485,4.0939474033052647e-16,0.0012450071761397098,30,converged,gap_residual_and_feasibility
376,0.2999155752286518,sMEL-ADMM,0.01,0.01,5.524875000000001,4.040631153907997,4.04028335395854,0.008608305878244595,2.942091015256665e-14,6.947233462170025e-5,93,converged,gap_residual_and_feasibility
377,0.4576431535319995,IPOPT,0.01,1.0e-10,26.25107765197754,3.7372538984471375,3.7372538984471375,0.0,9.995267225004767e-9,NaN,32,INTERRUPTED,gap_and_residual
377,0.4576431535319995,MadNLP,0.01,0.01,14.770030975341797,3.7373718342156224,3.7372538984471375,0.003155679857176633,3.122502256758253e-17,NaN,21,INTERRUPTED,gap_and_residual
377,0.4576431535319995,ADMM,0.01,0.0001,405.66277503967285,3.7376267227470232,3.7372538984471375,0.009975888982031245,7.843170557464418e-13,4.254836565954767e-5,32,converged,gap_callback_with_solver_termination
377,0.4576431535319995,MEL-ADMM,0.01,0.01,54.78930473327637,3.7376275410583353,3.7372538984471375,0.00999778504085629,8.271161533457416e-13,0.00024251992655741766,31,converged,gap_residual_and_feasibility
377,0.4576431535319995,sMEL-ADMM,0.01,0.01,4.771504,3.7375879238108785,3.7372538984471375,0.008937721996349575,2.842170943040401e-14,6.89175103038564e-5,93,converged,gap_residual_and_feasibility
378,0.6979856949455734,IPOPT,0.01,1.0e-10,26.124954223632812,3.2755028829035204,3.2755028829035204,0.0,9.995268335227792e-9,NaN,32,INTERRUPTED,gap_and_residual
378,0.6979856949455734,MadNLP,0.01,0.01,14.662027359008789,3.275578913528888,3.2755028829035204,0.0023211893894028277,2.7755575615628914e-17,NaN,21,INTERRUPTED,gap_and_residual
378,0.6979856949455734,ADMM,0.01,0.0001,504.93383407592773,3.2758007324579577,3.2755028829035204,0.009093246597090788,6.517009154549669e-12,0.014400976714145301,40,converged,gap_callback_with_solver_termination
378,0.6979856949455734,MEL-ADMM,0.01,0.01,76.09963417053223,3.2758054238501497,3.2755028829035204,0.009236473220903102,3.894454203567932e-16,0.006023596765489625,43,converged,gap_residual_and_feasibility
378,0.6979856949455734,sMEL-ADMM,0.01,0.01,4.865792,3.2757433406764034,3.2755028829035204,0.0073410948327360765,2.864375403532904e-14,6.994386824596974e-5,93,converged,gap_residual_and_feasibility
379,0.42615851871704324,IPOPT,0.01,1.0e-10,26.103973388671875,3.7977428240211055,3.7977428240211055,0.0,9.995268390738943e-9,NaN,32,INTERRUPTED,gap_and_residual
379,0.42615851871704324,MadNLP,0.01,0.01,14.739990234375,3.7978623311600255,3.7977428240211055,0.0031467938840949185,2.7755575615628914e-17,NaN,21,INTERRUPTED,gap_and_residual
379,0.42615851871704324,ADMM,0.01,0.0001,391.4034366607666,3.798117372945582,3.7977428240211055,0.009862408852630957,3.3306690738754696e-16,0.00027943941794681543,31,converged,gap_callback_with_solver_termination
379,0.42615851871704324,MEL-ADMM,0.01,0.01,55.437326431274414,3.798120253014586,3.7977428240211055,0.009938245188518617,3.6541103476395165e-11,0.00018257075208039097,31,converged,gap_residual_and_feasibility
379,0.42615851871704324,sMEL-ADMM,0.01,0.01,4.87167,3.798078655690326,3.7977428240211055,0.00884292814922025,3.008704396734174e-14,6.899050354054574e-5,93,converged,gap_residual_and_feasibility
380,0.6517372867994743,IPOPT,0.01,1.0e-10,29.00099754333496,3.3643562723331932,3.3643562723331932,0.0,9.995269056872758e-9,NaN,31,INTERRUPTED,gap_and_residual
380,0.6517372867994743,MadNLP,0.01,0.01,19.67310905456543,3.364466919775121,3.3643562723331932,0.0032888146489660573,2.42861286636753e-17,NaN,24,INTERRUPTED,gap_and_residual
380,0.6517372867994743,ADMM,0.01,0.0001,459.95330810546875,3.364665777550824,3.3643562723331932,0.00919953752152157,1.0084155732670297e-12,0.016244897593365712,36,converged,gap_callback_with_solver_termination
380,0.6517372867994743,MEL-ADMM,0.01,0.01,71.61378860473633,3.364683136059418,3.3643562723331932,0.009715490862622283,3.677613769070831e-16,0.0062501599203983686,39,converged,gap_residual_and_feasibility
380,0.6517372867994743,sMEL-ADMM,0.01,0.01,5.631665999999999,3.3646120766890757,3.3643562723331932,0.007603367038921223,2.919886554764162e-14,6.126499707700267e-5,93,converged,gap_residual_and_feasibility
381,0.6012940478458964,IPOPT,0.01,1.0e-10,28.636932373046875,3.461268856668581,3.461268856668581,0.0,9.995268557272396e-9,NaN,32,INTERRUPTED,gap_and_residual
381,0.6012940478458964,MadNLP,0.01,0.01,38.54799270629883,3.461336557290889,3.461268856668581,0.0019559480962530506,1.1789180742738381e-14,NaN,50,INTERRUPTED,gap_and_residual
381,0.6012940478458964,ADMM,0.01,0.0001,422.53589630126953,3.461612687024059,3.461268856668581,0.009933650626870629,4.0939474033052647e-16,0.019242250622393674,33,converged,gap_callback_with_solver_termination
381,0.6012940478458964,MEL-ADMM,0.01,0.01,66.61176681518555,3.461598743248882,3.461268856668581,0.009530799078650199,4.180683577104105e-16,0.0033893821597833496,36,converged,gap_residual_and_feasibility
381,0.6012940478458964,sMEL-ADMM,0.01,0.01,5.0495410000000005,3.4615551255191175,3.461268856668581,0.008270633180805202,2.9753977059954195e-14,6.631995153577683e-5,93,converged,gap_residual_and_feasibility
382,0.3972564333546221,IPOPT,0.01,1.0e-10,23.93507957458496,3.853270102666543,3.853270102666543,0.0,9.995267169493616e-9,NaN,29,INTERRUPTED,gap_and_residual
382,0.3972564333546221,MadNLP,0.01,0.01,15.385866165161133,3.8533911313369598,3.853270102666543,0.0031409339909234703,6.129645402364048e-15,NaN,22,INTERRUPTED,gap_and_residual
382,0.3972564333546221,ADMM,0.01,0.0001,383.6073875427246,3.8536547564611445,3.853270102666543,0.00998252871853753,3.434752482434078e-16,0.0024441902385554867,30,converged,gap_callback_with_solver_termination
382,0.3972564333546221,MEL-ADMM,0.01,0.01,54.018497467041016,3.8536533026649136,3.853270102666543,0.009944799823541342,3.8163916471489756e-16,0.001321766778882759,30,converged,gap_residual_and_feasibility
382,0.3972564333546221,sMEL-ADMM,0.01,0.01,4.941873,3.853607827351105,3.853270102666543,0.008764625255012773,3.086420008457935e-14,6.910286519472546e-5,93,converged,gap_residual_and_feasibility
383,0.6278783846504635,IPOPT,0.01,1.0e-10,33.82396697998047,3.410194484046632,3.410194484046632,0.0,9.995268168694338e-9,NaN,36,INTERRUPTED,gap_and_residual
383,0.6278783846504635,MadNLP,0.01,0.01,22.207975387573242,3.4103060375298595,3.410194484046632,0.003271176578037687,3.469446951953614e-17,NaN,29,INTERRUPTED,gap_and_residual
383,0.6278783846504635,ADMM,0.01,0.0001,436.42497062683105,3.4105274218376422,3.410194484046632,0.009763014765519419,1.043165553937797e-12,0.01728133473754285,34,converged,gap_callback_with_solver_termination
383,0.6278783846504635,MEL-ADMM,0.01,0.01,70.06382942199707,3.410510209253561,3.410194484046632,0.009258275690909925,4.3237982638721917e-16,0.0025726664267298853,38,converged,gap_residual_and_feasibility
383,0.6278783846504635,sMEL-ADMM,0.01,0.01,5.668083,3.4104637724225095,3.410194484046632,0.00789656945190268,2.9753977059954195e-14,6.333238120913558e-5,93,converged,gap_residual_and_feasibility
384,0.26423017055169745,IPOPT,0.01,1.0e-10,41.79692268371582,4.108842884671488,4.108842884671488,0.0,9.995267946649733e-9,NaN,47,INTERRUPTED,gap_and_residual
384,0.26423017055169745,MadNLP,0.01,0.01,29.147863388061523,4.10899147668461,4.108842884671488,0.0036163955958450236,7.834011217511261e-15,NaN,38,INTERRUPTED,gap_and_residual
384,0.26423017055169745,ADMM,0.01,0.0001,347.2483158111572,4.109246537508925,4.108842884671488,0.009824002736702421,3.434752482434078e-16,0.0253847253030353,26,converged,gap_callback_with_solver_termination
384,0.26423017055169745,MEL-ADMM,0.01,0.01,54.1231632232666,4.109226804150819,4.108842884671488,0.009343737156837915,3.400058012914542e-16,0.0012319168982384034,30,converged,gap_residual_and_feasibility
384,0.26423017055169745,sMEL-ADMM,0.01,0.01,4.921545999999999,4.109193739849304,4.108842884671488,0.008539026379535004,2.8976820942716586e-14,6.954815603837927e-5,93,converged,gap_residual_and_feasibility
385,0.47774652281067975,IPOPT,0.01,1.0e-10,26.21293067932129,3.698630893440688,3.698630893440688,0.0,9.995268834828153e-9,NaN,32,INTERRUPTED,gap_and_residual
385,0.47774652281067975,MadNLP,0.01,0.01,14.89114761352539,3.6987479518120865,3.698630893440688,0.003164910875694587,2.7755575615628914e-17,NaN,21,INTERRUPTED,gap_and_residual
385,0.47774652281067975,ADMM,0.01,0.0001,395.6136703491211,3.6990004497400935,3.698630893440688,0.0099917053107586,2.6154023391455894e-11,9.145405130200207e-5,31,converged,gap_callback_with_solver_termination
385,0.47774652281067975,MEL-ADMM,0.01,0.01,56.22148513793945,3.6989994408262485,3.698630893440688,0.009964427275345484,4.2327252813834093e-16,0.00047377067686433724,31,converged,gap_residual_and_feasibility
385,0.47774652281067975,sMEL-ADMM,0.01,0.01,4.897295000000001,3.698963034022989,3.698630893440688,0.008980095388532035,2.886579864025407e-14,6.890851921566125e-5,93,converged,gap_residual_and_feasibility
386,0.5898936551856364,IPOPT,0.01,1.0e-10,39.82710838317871,3.483171524658649,3.483171524658649,0.0,9.995268057672035e-9,NaN,43,INTERRUPTED,gap_and_residual
386,0.5898936551856364,MadNLP,0.01,0.01,26.962995529174805,3.483239020410457,3.483171524658649,0.0019377670990435461,6.737665980693919e-15,NaN,35,INTERRUPTED,gap_and_residual
386,0.5898936551856364,ADMM,0.01,0.0001,411.4537239074707,3.483505538301813,3.483171524658649,0.00958935386326465,2.4830137945741626e-13,0.019345940990023004,32,converged,gap_callback_with_solver_termination
386,0.5898936551856364,MEL-ADMM,0.01,0.01,64.96715545654297,3.4835167798138786,3.483171524658649,0.009912091689584143,3.7470027081099033e-16,0.004931489677952872,35,converged,gap_residual_and_feasibility
386,0.5898936551856364,sMEL-ADMM,0.01,0.01,5.007248,3.483465036692687,3.483171524658649,0.008426574228689445,3.042011087472929e-14,6.723430778798889e-5,93,converged,gap_residual_and_feasibility
387,0.3995943812845301,IPOPT,0.01,1.0e-10,24.28889274597168,3.848778389195537,3.848778389195537,0.0,9.995268224205489e-9,NaN,29,INTERRUPTED,gap_and_residual
387,0.3995943812845301,MadNLP,0.01,0.01,15.265941619873047,3.8488992937305673,3.848778389195537,0.0031413742960555804,6.269290642180181e-15,NaN,22,INTERRUPTED,gap_and_residual
387,0.3995943812845301,ADMM,0.01,0.0001,381.763219833374,3.849163060036853,3.848778389195537,0.009994621732341877,3.469446951953614e-16,0.002447050237764488,30,converged,gap_callback_with_solver_termination
387,0.3995943812845301,MEL-ADMM,0.01,0.01,53.92742156982422,3.8491615836023994,3.848778389195537,0.009956260613448899,3.920475055707584e-16,0.0013236062783114934,30,converged,gap_residual_and_feasibility
387,0.3995943812845301,sMEL-ADMM,0.01,0.01,5.334083,3.849115929187271,3.848778389195537,0.008770055264329675,2.864375403532904e-14,6.909276301889696e-5,93,converged,gap_residual_and_feasibility
388,0.4826201832927479,IPOPT,0.01,1.0e-10,26.2298583984375,3.6892675170539135,3.6892675170539135,0.0,9.995267558071674e-9,NaN,32,INTERRUPTED,gap_and_residual
388,0.4826201832927479,MadNLP,0.01,0.01,14.832019805908203,3.6893843685024748,3.6892675170539135,0.0031673346544012484,2.7755575615628914e-17,NaN,21,INTERRUPTED,gap_and_residual
388,0.4826201832927479,ADMM,0.01,0.0001,396.1524963378906,3.689635997134184,3.6892675170539135,0.009987892679705273,3.8163916471489756e-16,0.00046241654213221087,31,converged,gap_callback_with_solver_termination
388,0.4826201832927479,MEL-ADMM,0.01,0.01,56.49256706237793,3.6896348398850587,3.6892675170539135,0.00995652468808995,3.677613769070831e-16,0.0005585351026486732,31,converged,gap_residual_and_feasibility
388,0.4826201832927479,sMEL-ADMM,0.01,0.01,4.900501,3.6895991151881993,3.6892675170539135,0.008988183501275,3.064215547965432e-14,6.891081704224391e-5,93,converged,gap_residual_and_feasibility
389,0.6024638000056911,IPOPT,0.01,1.0e-10,28.28502655029297,3.4590215048492032,3.4590215048492032,0.0,9.995267225004767e-9,NaN,31,INTERRUPTED,gap_and_residual
389,0.6024638000056911,MadNLP,0.01,0.01,24.3380069732666,3.4591339198081648,3.4590215048492032,0.0032499063334510024,2.7755575615628914e-17,NaN,34,INTERRUPTED,gap_and_residual
389,0.6024638000056911,ADMM,0.01,0.0001,425.48251152038574,3.4593613008262243,3.4590215048492032,0.009823471075409365,3.469446951953614e-16,0.019242322382233373,33,converged,gap_callback_with_solver_termination
389,0.6024638000056911,MEL-ADMM,0.01,0.01,66.65730476379395,3.459352800558528,3.4590215048492032,0.009577729102297289,3.469446951953614e-16,0.00373584357493726,36,converged,gap_residual_and_feasibility
389,0.6024638000056911,sMEL-ADMM,0.01,0.01,5.058829,3.459307045190998,3.4590215048492032,0.008254945550191958,2.90878432451791e-14,6.621580299521774e-5,93,converged,gap_residual_and_feasibility
390,0.398199195468881,IPOPT,0.01,1.0e-10,23.849964141845703,3.8514588487740165,3.8514588487740165,0.0,9.995267280515918e-9,NaN,29,INTERRUPTED,gap_and_residual
390,0.398199195468881,MadNLP,0.01,0.01,15.418052673339844,3.85157982737637,3.8514588487740165,0.00314111112448276,2.7755575615628914e-17,NaN,22,INTERRUPTED,gap_and_residual
390,0.398199195468881,ADMM,0.01,0.0001,381.11019134521484,3.851843509455741,3.8514588487740165,0.00998740209432133,5.4561355433691006e-12,0.0024453431154765233,30,converged,gap_callback_with_solver_termination
390,0.398199195468881,MEL-ADMM,0.01,0.01,53.69305610656738,3.8518420465306673,3.8514588487740165,0.009949418433299193,3.0531133177191805e-16,0.0013225085497838643,30,converged,gap_residual_and_feasibility
390,0.398199195468881,sMEL-ADMM,0.01,0.01,4.832587999999999,3.851796498817165,3.8514588487740165,0.00876680905616202,3.1308289294429414e-14,6.909877382449414e-5,93,converged,gap_residual_and_feasibility
391,0.7206561770860935,IPOPT,0.01,1.0e-10,41.1839485168457,3.2319478880629013,3.2319478880629013,0.0,9.995267946649733e-9,NaN,46,INTERRUPTED,gap_and_residual
391,0.7206561770860935,MadNLP,0.01,0.01,27.685880661010742,3.2320550472888905,3.2319478880629013,0.003315623571312176,2.7755575615628914e-17,NaN,36,INTERRUPTED,gap_and_residual
391,0.7206561770860935,ADMM,0.01,0.0001,531.41188621521,3.2322630735077142,3.2319478880629013,0.009752182143067094,1.3108125695993067e-11,0.014248567147341011,42,converged,gap_callback_with_solver_termination
391,0.7206561770860935,MEL-ADMM,0.01,0.01,80.53088188171387,3.232250253095437,3.2319478880629013,0.009355504575199196,3.5041414214731503e-16,0.007730144172365416,45,converged,gap_residual_and_feasibility
391,0.7206561770860935,sMEL-ADMM,0.01,0.01,5.019659,3.2321849600751533,3.2319478880629013,0.007335267165897078,3.0753177782116836e-14,9.402298504598318e-5,93,converged,gap_residual_and_feasibility
392,0.27411168715287043,IPOPT,0.01,1.0e-10,42.83905029296875,4.089858312490041,4.089858312490041,0.0,9.995268945850455e-9,NaN,44,INTERRUPTED,gap_and_residual
392,0.27411168715287043,MadNLP,0.01,0.01,38.10596466064453,4.089999264973473,4.089858312490041,0.0034463903798636615,9.117706589734098e-15,NaN,44,INTERRUPTED,gap_and_residual
392,0.27411168715287043,ADMM,0.01,0.0001,337.4342918395996,4.090261963130488,4.089858312490041,0.009869550718030338,3.8163916471489756e-16,0.025384728202435605,26,converged,gap_callback_with_solver_termination
392,0.27411168715287043,MEL-ADMM,0.01,0.01,55.173397064208984,4.090242125548909,4.089858312490041,0.00938450747047787,4.0245584642661925e-16,0.0012319171875257093,30,converged,gap_residual_and_feasibility
392,0.27411168715287043,sMEL-ADMM,0.01,0.01,7.997499,4.090208466703138,4.089858312490041,0.008561524296018995,3.0309088572266774e-14,6.95310642827348e-5,93,converged,gap_residual_and_feasibility
393,0.3559961331600197,IPOPT,0.01,1.0e-10,24.824857711791992,3.9325402368859446,3.9325402368859446,0.0,9.99526739153822e-9,NaN,30,INTERRUPTED,gap_and_residual
393,0.3559961331600197,MadNLP,0.01,0.01,16.026973724365234,3.9326634740568887,3.9325402368859446,0.0031337802926506898,7.62237495344209e-15,NaN,23,INTERRUPTED,gap_and_residual
393,0.3559961331600197,ADMM,0.01,0.0001,381.79850578308105,3.932924603847377,3.9325402368859446,0.009774012172260954,3.2612801348363973e-16,0.002393465731933518,30,converged,gap_callback_with_solver_termination
393,0.3559961331600197,MEL-ADMM,0.01,0.01,55.25469779968262,3.932923587487721,3.9325402368859446,0.009748167308768933,1.637578961322106e-14,0.001289254317148457,30,converged,gap_residual_and_feasibility
393,0.3559961331600197,sMEL-ADMM,0.01,0.01,5.126459,3.9328814651067545,3.9325402368859446,0.008677043342350149,2.8976820942716586e-14,6.927412096155959e-5,93,converged,gap_residual_and_feasibility
394,0.6451430748546552,IPOPT,0.01,1.0e-10,53.349971771240234,3.3770252074468914,3.3770252074468914,0.0,9.99526827971664e-9,NaN,55,INTERRUPTED,gap_and_residual
394,0.6451430748546552,MadNLP,0.01,0.01,28.288841247558594,3.377136118347527,3.3770252074468914,0.0032842781389687175,3.122502256758253e-17,NaN,34,INTERRUPTED,gap_and_residual
394,0.6451430748546552,ADMM,0.01,0.0001,462.3382091522217,3.37733429180716,3.3770252074468914,0.00915256301869118,1.3410383914447266e-12,0.016479173608102637,36,converged,gap_callback_with_solver_termination
394,0.6451430748546552,MEL-ADMM,0.01,0.01,72.28422164916992,3.3773378186018164,3.3770252074468914,0.009256997970747194,3.400058012914542e-16,0.00359728331213207,39,converged,gap_residual_and_feasibility
394,0.6451430748546552,sMEL-ADMM,0.01,0.01,5.288837999999999,3.377284289549813,3.3770252074468914,0.007671903139788931,2.9531932455029164e-14,6.126504117236371e-5,93,converged,gap_residual_and_feasibility
395,0.662712424032474,IPOPT,0.01,1.0e-10,21.80194854736328,3.343270613784098,3.343270613784098,0.0,9.995268557272396e-9,NaN,26,INTERRUPTED,gap_and_residual
395,0.662712424032474,MadNLP,0.01,0.01,13.520002365112305,3.3433807966710014,3.343270613784098,0.0032956616329218014,3.122502256758253e-17,NaN,19,INTERRUPTED,gap_and_residual
395,0.662712424032474,ADMM,0.01,0.0001,475.205659866333,3.34357342028119,3.343270613784098,0.009057193750435531,8.236744619694036e-13,0.015765445664539756,37,converged,gap_callback_with_solver_termination
395,0.662712424032474,MEL-ADMM,0.01,0.01,74.06759262084961,3.343586229921587,3.343270613784098,0.009440340730642153,4.2674197509029455e-16,0.005463361113235155,40,converged,gap_residual_and_feasibility
395,0.662712424032474,sMEL-ADMM,0.01,0.01,5.0571280000000005,3.3435217657755865,3.343270613784098,0.007512164598725608,2.9753977059954195e-14,6.126491270076403e-5,93,converged,gap_residual_and_feasibility
396,0.4698299043444989,IPOPT,0.01,1.0e-10,26.182889938354492,3.7138404630613273,3.7138404630613273,0.0,9.99526783562743e-9,NaN,32,INTERRUPTED,gap_and_residual
396,0.4698299043444989,MadNLP,0.01,0.01,14.014959335327148,3.7139096211746203,3.7138404630613273,0.0018621724325765061,9.096889908022376e-15,NaN,20,INTERRUPTED,gap_and_residual
396,0.4698299043444989,ADMM,0.01,0.0001,394.2265510559082,3.714211765191901,3.7138404630613273,0.009997794312029403,4.3021142204224816e-16,0.0004021296658362587,31,converged,gap_callback_with_solver_termination
396,0.4698299043444989,MEL-ADMM,0.01,0.01,55.28545379638672,3.7142109510605144,3.7138404630613273,0.00997587276222542,3.677613769070831e-16,0.00036564296253671635,31,converged,gap_residual_and_feasibility
396,0.4698299043444989,sMEL-ADMM,0.01,0.01,5.242872,3.714173414724826,3.7138404630613273,0.008965157949311584,2.9976021664879227e-14,6.890753470495392e-5,93,converged,gap_residual_and_feasibility
397,0.5274901943154042,IPOPT,0.01,1.0e-10,26.905059814453125,3.6030623324232325,3.6030623324232325,0.0,9.995267558071674e-9,NaN,33,INTERRUPTED,gap_and_residual
397,0.5274901943154042,MadNLP,0.01,0.01,15.093088150024414,3.6031299169075344,3.6030623324232325,0.001875751182368027,6.3352101342672995e-15,NaN,22,INTERRUPTED,gap_and_residual
397,0.5274901943154042,ADMM,0.01,0.0001,420.23396492004395,3.603412471196313,3.6030623324232325,0.009717810594888314,3.5388358909926865e-16,0.0004209986026381049,33,converged,gap_callback_with_solver_termination
397,0.5274901943154042,MEL-ADMM,0.01,0.01,58.535099029541016,3.6034220343063166,3.6030623324232325,0.009983226763722933,3.5388358909926865e-16,0.0031420891917250046,32,converged,gap_residual_and_feasibility
397,0.5274901943154042,sMEL-ADMM,0.01,0.01,4.9081660000000005,3.6033855124758287,3.6030623324232325,0.008969593717211243,2.9976021664879227e-14,6.908649284461613e-5,93,converged,gap_residual_and_feasibility
398,0.6974468640706357,IPOPT,0.01,1.0e-10,26.447057723999023,3.2765380958219015,3.2765380958219015,0.0,9.995268168694338e-9,NaN,32,INTERRUPTED,gap_and_residual
398,0.6974468640706357,MadNLP,0.01,0.01,14.673948287963867,3.276614064945385,3.2765380958219015,0.002318578977622228,1.033895191682177e-15,NaN,21,INTERRUPTED,gap_and_residual
398,0.6974468640706357,ADMM,0.01,0.0001,506.7312717437744,3.276833912807479,3.2765380958219015,0.009028339574459983,1.447458819470171e-11,0.014400866629490389,40,converged,gap_callback_with_solver_termination
398,0.6974468640706357,MEL-ADMM,0.01,0.01,76.01094245910645,3.276839186293472,3.2765380958219015,0.009189286459220531,3.5388358909926865e-16,0.0057471846463312826,43,converged,gap_residual_and_feasibility
398,0.6974468640706357,sMEL-ADMM,0.01,0.01,4.725043,3.276778669163583,3.2765380958219015,0.007342302596397436,2.886579864025407e-14,6.942004815615457e-5,93,converged,gap_residual_and_feasibility
399,0.3650575005098477,IPOPT,0.01,1.0e-10,25.125980377197266,3.915131352252427,3.915131352252427,0.0,9.99526827971664e-9,NaN,30,INTERRUPTED,gap_and_residual
399,0.3650575005098477,MadNLP,0.01,0.01,15.97905158996582,3.9152541080107923,3.915131352252427,0.0031354186442500175,7.0811412289373266e-15,NaN,23,INTERRUPTED,gap_and_residual
399,0.3650575005098477,ADMM,0.01,0.0001,384.08899307250977,3.9155157622279937,3.915131352252427,0.00981857161307276,1.602634691622029e-11,0.0024047637730014795,30,converged,gap_callback_with_solver_termination
399,0.3650575005098477,MEL-ADMM,0.01,0.01,55.300235748291016,3.9155146628053044,3.915131352252427,0.009790490238773533,3.8163916471489756e-16,0.001296401001524592,30,converged,gap_residual_and_feasibility
399,0.3650575005098477,sMEL-ADMM,0.01,0.01,4.893456,3.9154717102739798,3.915131352252427,0.008693399810380389,2.919886554764162e-14,6.92378911691608e-5,93,converged,gap_residual_and_feasibility
400,0.3850134590584936,IPOPT,0.01,1.0e-10,24.014949798583984,3.8767915557611996,3.8767915557611996,0.0,9.99526733602707e-9,NaN,29,INTERRUPTED,gap_and_residual
400,0.3850134590584936,MadNLP,0.01,0.01,15.400886535644531,3.8769132370009998,3.8767915557611996,0.0031387098854808683,7.28583859910259e-15,NaN,22,INTERRUPTED,gap_and_residual
400,0.3850134590584936,ADMM,0.01,0.0001,384.2144012451172,3.8771761219894185,3.8767915557611996,0.00991970351481562,4.2327252813834093e-16,0.0024291515842387,30,converged,gap_callback_with_solver_termination
400,0.3850134590584936,MEL-ADMM,0.01,0.01,54.59117889404297,3.8771747906164755,3.8767915557611996,0.009885361381021383,6.145084441300241e-14,0.0013121284381123928,30,converged,gap_residual_and_feasibility
400,0.3850134590584936,sMEL-ADMM,0.01,0.01,5.213878,3.8771302649424673,3.8767915557611996,0.008736842731828415,2.986499936241671e-14,6.91568545634685e-5,93,converged,gap_residual_and_feasibility
401,0.2910623626452911,IPOPT,0.01,1.0e-10,33.651113510131836,4.057292327389305,4.057292327389305,0.0,9.995269112383909e-9,NaN,38,INTERRUPTED,gap_and_residual
401,0.2910623626452911,MadNLP,0.01,0.01,23.988008499145508,4.057427155877355,4.057292327389305,0.003323114953773984,9.416079027602109e-15,NaN,31,INTERRUPTED,gap_and_residual
401,0.2910623626452911,ADMM,0.01,0.0001,334.489107131958,4.057695672900959,4.057292327389305,0.00994124847575321,3.434752482434078e-16,0.02538512507200127,26,converged,gap_callback_with_solver_termination
401,0.2910623626452911,MEL-ADMM,0.01,0.01,54.24332618713379,4.0576760020067635,4.057292327389305,0.009456420353744117,3.608224830031759e-16,0.0012380274495849657,30,converged,gap_residual_and_feasibility
401,0.2910623626452911,sMEL-ADMM,0.01,0.01,5.069784,4.0576410099632945,4.057292327389305,0.00859397218276075,2.942091015256665e-14,6.949479313206417e-5,93,converged,gap_residual_and_feasibility
402,0.6374036266707426,IPOPT,0.01,1.0e-10,35.260915756225586,3.391894393890751,3.391894393890751,0.0,9.995268335227792e-9,NaN,38,INTERRUPTED,gap_and_residual
402,0.6374036266707426,MadNLP,0.01,0.01,21.092891693115234,3.392005407403774,3.391894393890751,0.003272905937846034,3.122502256758253e-17,NaN,27,INTERRUPTED,gap_and_residual
402,0.6374036266707426,ADMM,0.01,0.0001,450.3490924835205,3.3922064544319306,3.391894393890751,0.009200184467469778,2.106759211528697e-12,0.01684716590422344,35,converged,gap_callback_with_solver_termination
402,0.6374036266707426,MEL-ADMM,0.01,0.01,70.12701034545898,3.3922246268435807,3.391894393890751,0.009735944415741526,3.5388358909926865e-16,0.005813896940568285,38,converged,gap_residual_and_feasibility
402,0.6374036266707426,sMEL-ADMM,0.01,0.01,4.931457999999999,3.392157795845148,3.391894393890751,0.0077656295806746226,2.8310687127941492e-14,6.201730345095635e-5,93,converged,gap_residual_and_feasibility
403,0.47576833963664644,IPOPT,0.01,1.0e-10,26.16596221923828,3.70243141949059,3.70243141949059,0.0,9.995267502560523e-9,NaN,32,INTERRUPTED,gap_and_residual
403,0.47576833963664644,MadNLP,0.01,0.01,14.910221099853516,3.702548562514646,3.70243141949059,0.003163948518786991,2.0816681711721685e-17,NaN,21,INTERRUPTED,gap_and_residual
403,0.47576833963664644,ADMM,0.01,0.0001,395.6587314605713,3.7028015059625807,3.70243141949059,0.009995768457517571,1.4182266472317906e-11,7.84337282457026e-5,31,converged,gap_callback_with_solver_termination
403,0.47576833963664644,MEL-ADMM,0.01,0.01,56.15806579589844,3.7028004645291293,3.70243141949059,0.009967640091763274,3.95516952522712e-16,0.00044453317970844994,31,converged,gap_residual_and_feasibility
403,0.47576833963664644,sMEL-ADMM,0.01,0.01,5.244042,3.7027637731447602,3.70243141949059,0.008976632286031587,2.853273173286652e-14,6.890781345243475e-5,93,converged,gap_residual_and_feasibility
404,0.421087933924805,IPOPT,0.01,1.0e-10,26.288986206054688,3.807484535427857,3.807484535427857,0.0,9.995267669093977e-9,NaN,32,INTERRUPTED,gap_and_residual
404,0.421087933924805,MadNLP,0.01,0.01,14.805793762207031,3.807556415713242,3.807484535427857,0.001887868084987684,6.099287741534454e-15,NaN,21,INTERRUPTED,gap_and_residual
404,0.421087933924805,ADMM,0.01,0.0001,393.45240592956543,3.807859096156133,3.807484535427857,0.009837485216050641,4.371503159461554e-16,0.0002787874691391641,31,converged,gap_callback_with_solver_termination
404,0.421087933924805,MEL-ADMM,0.01,0.01,55.10282516479492,3.807861996510975,3.807484535427857,0.009913660307901582,1.982913833131761e-12,0.00018197057371525244,31,converged,gap_residual_and_feasibility
404,0.421087933924805,sMEL-ADMM,0.01,0.01,5.118506999999999,3.8078206550407847,3.807484535427857,0.008827865479173327,3.064215547965432e-14,6.900772961277932e-5,93,converged,gap_residual_and_feasibility
405,0.48316321764398756,IPOPT,0.01,1.0e-10,26.20100975036621,3.6882242283307254,3.6882242283307254,0.0,9.995267225004767e-9,NaN,32,INTERRUPTED,gap_and_residual
405,0.48316321764398756,MadNLP,0.01,0.01,14.843940734863281,3.688341056869034,3.6882242283307254,0.0031676094259943414,2.7755575615628914e-17,NaN,21,INTERRUPTED,gap_and_residual
405,0.48316321764398756,ADMM,0.01,0.0001,395.04528045654297,3.688592428389563,3.6882242283307254,0.009983125646459567,3.673894521938337e-12,0.0004933031092024392,31,converged,gap_callback_with_solver_termination
405,0.48316321764398756,MEL-ADMM,0.01,0.01,56.69546127319336,3.688591521107893,3.6882242283307254,0.009958526229134996,3.8593531582337137e-16,0.0005650368750994769,31,converged,gap_residual_and_feasibility
405,0.48316321764398756,sMEL-ADMM,0.01,0.01,4.945919,3.688555763059068,3.6882242283307254,0.008989006844972286,2.969846590872294e-14,6.891113697063932e-5,93,converged,gap_residual_and_feasibility
406,0.34121068451886966,IPOPT,0.01,1.0e-10,42.26994514465332,3.960946343791367,3.960946343791367,0.0,9.995268113183187e-9,NaN,44,INTERRUPTED,gap_and_residual
406,0.34121068451886966,MadNLP,0.01,0.01,29.751062393188477,3.9610221119862072,3.960946343791367,0.0019128811214324307,5.630912403020716e-15,NaN,36,INTERRUPTED,gap_and_residual
406,0.34121068451886966,ADMM,0.01,0.0001,381.9918632507324,3.9613305906593985,3.960946343791367,0.009700885462233716,3.400058012914542e-16,0.0023750325770757856,30,converged,gap_callback_with_solver_termination
406,0.34121068451886966,MEL-ADMM,0.01,0.01,55.41348457336426,3.9613297654892152,3.960946343791367,0.009680052809840243,8.811840146449867e-13,0.001277588985768397,30,converged,gap_residual_and_feasibility
406,0.34121068451886966,sMEL-ADMM,0.01,0.01,4.950669,3.9612892550234573,3.960946343791367,0.008657305662017238,2.786659791809143e-14,6.933306805142429e-5,93,converged,gap_residual_and_feasibility
407,0.7282777943342027,IPOPT,0.01,1.0e-10,28.435945510864258,3.2173050808274426,3.2173050808274426,0.0,9.99526783562743e-9,NaN,34,INTERRUPTED,gap_and_residual
407,0.7282777943342027,MadNLP,0.01,0.01,18.74518394470215,3.2174117194280667,3.2173050808274426,0.0033145318191793115,2.7755575615628914e-17,NaN,27,INTERRUPTED,gap_and_residual
407,0.7282777943342027,ADMM,0.01,0.0001,547.187328338623,3.2176118807426057,3.2173050808274426,0.009535928594133568,1.5137291420330712e-10,0.014138091065146198,43,converged,gap_callback_with_solver_termination
407,0.7282777943342027,MEL-ADMM,0.01,0.01,82.85784721374512,3.217597797182952,3.2173050808274426,0.009098184603440052,4.0939474033052647e-16,0.006845082125268553,46,converged,gap_residual_and_feasibility
407,0.7282777943342027,sMEL-ADMM,0.01,0.01,4.880116999999999,3.217541696263178,3.2173050808274426,0.007354460636805194,2.886579864025407e-14,0.00010028147402857401,93,converged,gap_residual_and_feasibility
408,0.466346890153172,IPOPT,0.01,1.0e-10,25.442838668823242,3.7205321012978976,3.7205321012978976,0.0,9.995268668294699e-9,NaN,31,INTERRUPTED,gap_and_residual
408,0.466346890153172,MadNLP,0.01,0.01,13.852119445800781,3.720601385631323,3.7205321012978976,0.00186221571375229,6.987466161234579e-15,NaN,20,INTERRUPTED,gap_and_residual
408,0.466346890153172,ADMM,0.01,0.0001,393.4061527252197,3.7209040468547783,3.7205321012978976,0.009997106509333454,3.122502256758253e-16,0.0004352828832232883,31,converged,gap_callback_with_solver_termination
408,0.466346890153172,MEL-ADMM,0.01,0.01,55.09495735168457,3.720903455700703,3.7205321012978976,0.009981217543471217,3.651592916931179e-16,0.000325605820784336,31,converged,gap_residual_and_feasibility
408,0.466346890153172,sMEL-ADMM,0.01,0.01,4.830094,3.7208653780546803,3.7205321012978976,0.0089577713001449,2.986499936241671e-14,6.890876695114703e-5,93,converged,gap_residual_and_feasibility
409,0.5409999086483321,IPOPT,0.01,1.0e-10,27.065038681030273,3.577107192412464,3.577107192412464,0.0,9.99526739153822e-9,NaN,33,INTERRUPTED,gap_and_residual
409,0.5409999086483321,MadNLP,0.01,0.01,15.204906463623047,3.5772217507193247,3.577107192412464,0.0032025405082543867,3.469446951953614e-17,NaN,22,INTERRUPTED,gap_and_residual
409,0.5409999086483321,ADMM,0.01,0.0001,422.6396083831787,3.5774529017835035,3.577107192412464,0.009664495706832643,3.5388358909926865e-16,0.002408678352404145,33,converged,gap_callback_with_solver_termination
409,0.5409999086483321,MEL-ADMM,0.01,0.01,60.56857109069824,3.5774548716260854,3.577107192412464,0.009719563740189808,3.2959746043559335e-16,0.0018493816316388773,33,converged,gap_residual_and_feasibility
409,0.5409999086483321,sMEL-ADMM,0.01,0.01,4.890543,3.577426679155024,3.577107192412464,0.008931427697718725,2.9753977059954195e-14,6.91068286778453e-5,93,converged,gap_residual_and_feasibility
410,0.7259640577387778,IPOPT,0.01,1.0e-10,36.55195236206055,3.2217502789865122,3.2217502789865122,0.0,9.995268446250094e-9,NaN,44,INTERRUPTED,gap_and_residual
410,0.7259640577387778,MadNLP,0.01,0.01,21.457910537719727,3.2218570792032546,3.2217502789865122,0.0033149750133943078,2.42861286636753e-17,NaN,32,INTERRUPTED,gap_and_residual
410,0.7259640577387778,ADMM,0.01,0.0001,544.0752506256104,3.2220435676614447,3.2217502789865122,0.009103395655629872,3.400058012914542e-16,0.014137915812478082,43,converged,gap_callback_with_solver_termination
410,0.7259640577387778,MEL-ADMM,0.01,0.01,82.72838592529297,3.222037131719848,3.2217502789865122,0.0089036302784519,3.8337388819087437e-16,0.005550264407099848,46,converged,gap_residual_and_feasibility
410,0.7259640577387778,sMEL-ADMM,0.01,0.01,4.844501,3.2219869883463237,3.2217502789865122,0.007347228658762568,2.886579864025407e-14,9.857210003663165e-5,93,converged,gap_residual_and_feasibility
411,0.34852607692779397,IPOPT,0.01,1.0e-10,26.084184646606445,3.9468918619919666,3.9468918619919666,0.0,9.995268168694338e-9,NaN,30,INTERRUPTED,gap_and_residual
411,0.34852607692779397,MadNLP,0.01,0.01,17.60411262512207,3.946917490391076,3.9468918619919666,0.0006493311700879492,1.1310397063368782e-15,NaN,24,INTERRUPTED,gap_and_residual
411,0.34852607692779397,ADMM,0.01,0.0001,382.51781463623047,3.947276167255663,3.9468918619919666,0.00973690886738728,4.286293542321573e-12,0.002384162133190905,30,converged,gap_callback_with_solver_termination
411,0.34852607692779397,MEL-ADMM,0.01,0.01,54.97241020202637,3.9472752474313615,3.9468918619919666,0.009713603838169915,3.608224830031759e-16,0.0012833612469315796,30,converged,gap_residual_and_feasibility
411,0.34852607692779397,sMEL-ADMM,0.01,0.01,4.875082,3.9472338853096067,3.9468918619919666,0.008665636901120695,2.942091015256665e-14,6.930424812485753e-5,93,converged,gap_residual_and_feasibility
412,0.43779737286890325,IPOPT,0.01,1.0e-10,26.67093276977539,3.775382018926943,3.775382018926943,0.0,9.995267891138582e-9,NaN,32,INTERRUPTED,gap_and_residual
412,0.43779737286890325,MadNLP,0.01,0.01,14.966011047363281,3.7755009263368184,3.775382018926943,0.0031495464373986243,3.469446951953614e-17,NaN,21,INTERRUPTED,gap_and_residual
412,0.43779737286890325,ADMM,0.01,0.0001,395.2765464782715,3.7757565340381194,3.775382018926943,0.00991992622994748,3.469446951953614e-16,0.0002808906098683041,31,converged,gap_callback_with_solver_termination
412,0.43779737286890325,MEL-ADMM,0.01,0.01,56.55384063720703,3.775759393265874,3.775382018926943,0.009995659698513711,3.3306690738754696e-16,0.00018394744354479492,31,converged,gap_residual_and_feasibility
412,0.43779737286890325,sMEL-ADMM,0.01,0.01,4.855789,3.775717281734193,3.775382018926943,0.008880235313120084,2.9753977059954195e-14,6.895674037348323e-5,93,converged,gap_residual_and_feasibility
413,0.7048973782259416,IPOPT,0.01,1.0e-10,27.035951614379883,3.2622240153544984,3.2622240153544984,0.0,9.99526778011628e-9,NaN,33,INTERRUPTED,gap_and_residual
413,0.7048973782259416,MadNLP,0.01,0.01,14.48202133178711,3.2623008214401077,3.2622240153544984,0.002354408687074527,1.3808398868775384e-15,NaN,21,INTERRUPTED,gap_and_residual
413,0.7048973782259416,ADMM,0.01,0.0001,521.0118293762207,3.2625101373589915,3.2622240153544984,0.00877076507151184,3.7816971776294395e-16,0.014323954851551116,41,converged,gap_callback_with_solver_termination
413,0.7048973782259416,MEL-ADMM,0.01,0.01,78.31430435180664,3.2625152217475994,3.2622240153544984,0.008926621584859212,4.0245584642661925e-16,0.00447114336901362,44,converged,gap_residual_and_feasibility
413,0.7048973782259416,sMEL-ADMM,0.01,0.01,4.850585,3.262463133468708,3.2622240153544984,0.007329910916115917,2.90878432451791e-14,7.739034761027313e-5,93,converged,gap_residual_and_feasibility
414,0.36626155631948787,IPOPT,0.01,1.0e-10,24.736881256103516,3.9128180955580323,3.9128180955580323,0.0,9.995268335227792e-9,NaN,30,INTERRUPTED,gap_and_residual
414,0.36626155631948787,MadNLP,0.01,0.01,16.0369873046875,3.912940786947817,3.9128180955580323,0.003135627233067547,3.469446951953614e-17,NaN,23,INTERRUPTED,gap_and_residual
414,0.36626155631948787,ADMM,0.01,0.0001,382.0841312408447,3.9132025091204303,3.9128180955580323,0.009824468017934303,4.415562360193803e-11,0.002406265579246756,30,converged,gap_callback_with_solver_termination
414,0.36626155631948787,MEL-ADMM,0.01,0.01,54.64529991149902,3.9132014009268867,3.9128180955580323,0.009796145884971987,1.3981593660616909e-12,0.0012973504298622318,30,converged,gap_residual_and_feasibility
414,0.36626155631948787,sMEL-ADMM,0.01,0.01,5.14771,3.9131583456354453,3.9128180955580323,0.008695780613958788,3.064215547965432e-14,6.923308919214513e-5,93,converged,gap_residual_and_feasibility
415,0.7335749473726654,IPOPT,0.01,1.0e-10,31.210899353027344,3.2071280818633245,3.2071280818633245,0.0,9.99526783562743e-9,NaN,34,INTERRUPTED,gap_and_residual
415,0.7335749473726654,MadNLP,0.01,0.01,21.51012420654297,3.207234338373282,3.2071280818633245,0.003313135841325736,3.122502256758253e-17,NaN,27,INTERRUPTED,gap_and_residual
415,0.7335749473726654,ADMM,0.01,0.0001,557.0199489593506,3.2074114775972795,3.2071280818633245,0.00883643330485013,5.608813413715552e-11,0.012727109907807701,44,converged,gap_callback_with_solver_termination
415,0.7335749473726654,MEL-ADMM,0.01,0.01,84.26499366760254,3.207409015122623,3.2071280818633245,0.008759652004142068,4.440892098500626e-16,0.00496124362290884,47,converged,gap_residual_and_feasibility
415,0.7335749473726654,sMEL-ADMM,0.01,0.01,5.313371,3.207364629320425,3.2071280818633245,0.0073756785218017755,2.942091015256665e-14,0.00010350488698488433,93,converged,gap_residual_and_feasibility
416,0.5210372580452104,IPOPT,0.01,1.0e-10,26.747941970825195,3.6154598458158893,3.6154598458158893,0.0,9.995267669093977e-9,NaN,33,INTERRUPTED,gap_and_residual
416,0.5210372580452104,MadNLP,0.01,0.01,15.30003547668457,3.6155751504341893,3.6154598458158893,0.0031892103139644916,2.7755575615628914e-17,NaN,22,INTERRUPTED,gap_and_residual
416,0.5210372580452104,ADMM,0.01,0.0001,405.0467014312744,3.6158133026397343,3.6154598458158893,0.009776261911858089,3.95516952522712e-16,0.002483080224524925,32,converged,gap_callback_with_solver_termination
416,0.5210372580452104,MEL-ADMM,0.01,0.01,58.05492401123047,3.6158158429951146,3.6154598458158893,0.009846525598598131,3.608224830031759e-16,0.0019257830674697766,32,converged,gap_residual_and_feasibility
416,0.5210372580452104,sMEL-ADMM,0.01,0.01,4.9104209999999995,3.6157845931355896,3.6154598458158893,0.008982185767494015,2.942091015256665e-14,6.907151085770898e-5,93,converged,gap_residual_and_feasibility
417,0.4948828550529074,IPOPT,0.01,1.0e-10,26.05605125427246,3.665708220787723,3.665708220787723,0.0,9.995268557272396e-9,NaN,32,INTERRUPTED,gap_and_residual
417,0.4948828550529074,MadNLP,0.01,0.01,14.678955078125,3.6657765566393916,3.665708220787723,0.0018641923348102225,1.169203622808368e-15,NaN,21,INTERRUPTED,gap_and_residual
417,0.4948828550529074,ADMM,0.01,0.0001,393.86892318725586,3.666073611076634,3.665708220787723,0.009967795222730454,6.670775043460253e-13,0.002110104129909522,31,converged,gap_callback_with_solver_termination
417,0.4948828550529074,MEL-ADMM,0.01,0.01,57.69538879394531,3.6660738236985764,3.665708220787723,0.00997359551913891,3.5388358909926865e-16,0.0013871779048305367,31,converged,gap_residual_and_feasibility
417,0.4948828550529074,sMEL-ADMM,0.01,0.01,5.109548,3.6660382017302817,3.665708220787723,0.00900183327978104,2.986499936241671e-14,6.895019522295057e-5,93,converged,gap_residual_and_feasibility
418,0.37749847041834184,IPOPT,0.01,1.0e-10,24.265050888061523,3.891229505930064,3.891229505930064,0.0,9.99526783562743e-9,NaN,29,INTERRUPTED,gap_and_residual
418,0.37749847041834184,MadNLP,0.01,0.01,15.430927276611328,3.891351593313443,3.891229505930064,0.003137501481032584,2.42861286636753e-17,NaN,22,INTERRUPTED,gap_and_residual
418,0.37749847041834184,ADMM,0.01,0.0001,380.9323310852051,3.891614113077998,3.891229505930064,0.009883949208032221,8.103684390192711e-12,0.0024202418688622843,30,converged,gap_callback_with_solver_termination
418,0.37749847041834184,MEL-ADMM,0.01,0.01,54.537057876586914,3.891612766511993,3.891229505930064,0.00984934405294397,1.0269562977782698e-13,0.0013062082490350665,30,converged,gap_residual_and_feasibility
418,0.37749847041834184,sMEL-ADMM,0.01,0.01,5.004836,3.8915688259403467,3.891229505930064,0.008720123286623816,2.9753977059954195e-14,6.918833486429035e-5,93,converged,gap_residual_and_feasibility
419,0.5145190005248717,IPOPT,0.01,1.0e-10,26.916980743408203,3.6279828557328564,3.6279828557328564,0.0,9.995269001361606e-9,NaN,33,INTERRUPTED,gap_and_residual
419,0.5145190005248717,MadNLP,0.01,0.01,15.353918075561523,3.6280984122708335,3.6279828557328564,0.0031851456462790094,2.7755575615628914e-17,NaN,22,INTERRUPTED,gap_and_residual
419,0.5145190005248717,ADMM,0.01,0.0001,404.77442741394043,3.628337909208358,3.6279828557328564,0.009786525725738758,2.723515857283587e-16,0.0015797830270951121,32,converged,gap_callback_with_solver_termination
419,0.5145190005248717,MEL-ADMM,0.01,0.01,57.18064308166504,3.6283390459823077,3.6279828557328564,0.009817859224127345,1.0591527654923993e-13,0.0011401150065753797,32,converged,gap_residual_and_feasibility
419,0.5145190005248717,sMEL-ADMM,0.01,0.01,4.971082,3.6283090304073617,3.6279828557328564,0.008990524141808967,2.919886554764162e-14,6.904652584082197e-5,93,converged,gap_residual_and_feasibility
420,0.4435711526889522,IPOPT,0.01,1.0e-10,23.26488494873047,3.76428931482324,3.76428931482324,0.0,9.995267502560523e-9,NaN,28,INTERRUPTED,gap_and_residual
420,0.4435711526889522,MadNLP,0.01,0.01,14.827966690063477,3.764407928675624,3.76428931482324,0.0031510291176761753,2.7755575615628914e-17,NaN,21,INTERRUPTED,gap_and_residual
420,0.4435711526889522,ADMM,0.01,0.0001,392.4877643585205,3.7646633723720497,3.76428931482324,0.009937003177109853,3.5041414214731503e-16,0.00028012280669936773,31,converged,gap_callback_with_solver_termination
420,0.4435711526889522,MEL-ADMM,0.01,0.01,61.33580207824707,3.7646654975784872,3.76428931482324,0.009993460220120041,3.642919299551295e-16,6.58606288606034e-6,34,converged,gap_residual_and_feasibility
420,0.4435711526889522,sMEL-ADMM,0.01,0.01,5.041961000000001,3.764624292585929,3.76428931482324,0.008898831483795716,2.9976021664879227e-14,6.894289604838458e-5,93,converged,gap_residual_and_feasibility
421,0.5386935456292101,IPOPT,0.01,1.0e-10,26.885032653808594,3.581538224305644,3.581538224305644,0.0,9.995267891138582e-9,NaN,33,INTERRUPTED,gap_and_residual
421,0.5386935456292101,MadNLP,0.01,0.01,15.118837356567383,3.5816528670203165,3.581538224305644,0.003200935114821157,3.469446951953614e-17,NaN,22,INTERRUPTED,gap_and_residual
421,0.5386935456292101,ADMM,0.01,0.0001,421.6883182525635,3.581884457889006,3.581538224305644,0.009667175433512734,4.0245584642661925e-16,0.0021416065506260004,33,converged,gap_callback_with_solver_termination
421,0.5386935456292101,MEL-ADMM,0.01,0.01,61.15889549255371,3.581885840092807,3.581538224305644,0.009705767896153848,3.5388358909926865e-16,0.0015309655094523783,33,converged,gap_residual_and_feasibility
421,0.5386935456292101,sMEL-ADMM,0.01,0.01,4.810792,3.5818583530941863,3.581538224305644,0.008938304395855967,2.986499936241671e-14,6.909982486813515e-5,93,converged,gap_residual_and_feasibility
422,0.43984837616097167,IPOPT,0.01,1.0e-10,33.20193290710449,3.7714415893740862,3.7714415893740862,0.0,9.995267113982464e-9,NaN,39,INTERRUPTED,gap_and_residual
422,0.43984837616097167,MadNLP,0.01,0.01,22.884845733642578,3.7715603922564447,3.7714415893740862,0.0031500655530012915,3.469446951953614e-17,NaN,32,INTERRUPTED,gap_and_residual
422,0.43984837616097167,ADMM,0.01,0.0001,392.67659187316895,3.7718159285835005,3.7714415893740862,0.009925626595116786,2.1277757333848513e-11,0.00028060428007297897,31,converged,gap_callback_with_solver_termination
422,0.43984837616097167,MEL-ADMM,0.01,0.01,58.24899673461914,3.7718186072156903,3.7714415893740862,0.009996650688327752,6.457706591689316e-11,2.496450735116687e-5,32,converged,gap_residual_and_feasibility
422,0.43984837616097167,sMEL-ADMM,0.01,0.01,4.961081,3.7717767616502362,3.7714415893740862,0.008887113009898482,2.8754776337791554e-14,6.89515409795895e-5,93,converged,gap_residual_and_feasibility
423,0.5407957737722968,IPOPT,0.01,1.0e-10,26.875019073486328,3.5774993805193316,3.5774993805193316,0.0,9.995268335227792e-9,NaN,33,INTERRUPTED,gap_and_residual
423,0.5407957737722968,MadNLP,0.01,0.01,15.304803848266602,3.5776139462792984,3.5774993805193316,0.003202397758352415,2.0816681711721685e-17,NaN,22,INTERRUPTED,gap_and_residual
423,0.5407957737722968,ADMM,0.01,0.0001,425.8437156677246,3.5778451636446076,3.5774993805193316,0.009665497837928465,2.983724378680108e-16,0.0023990070101473776,33,converged,gap_callback_with_solver_termination
423,0.5407957737722968,MEL-ADMM,0.01,0.01,60.83965301513672,3.5778470382000513,3.5774993805193316,0.00971789632201953,3.443426099813962e-16,0.0018189962948509802,33,converged,gap_residual_and_feasibility
423,0.5407957737722968,sMEL-ADMM,0.01,0.01,5.732088,3.5778189246938945,3.5774993805193316,0.008932053945360506,2.986499936241671e-14,6.910630609051512e-5,93,converged,gap_residual_and_feasibility
424,0.26546678769345317,IPOPT,0.01,1.0e-10,45.762062072753906,4.106467070478604,4.106467070478604,0.0,9.995268057672035e-9,NaN,51,INTERRUPTED,gap_and_residual
424,0.26546678769345317,MadNLP,0.01,0.01,30.963897705078125,4.10661464333976,4.106467070478604,0.003593669658691921,1.124100812432971e-14,NaN,40,INTERRUPTED,gap_and_residual
424,0.26546678769345317,ADMM,0.01,0.0001,349.44725036621094,4.106870723313752,4.106467070478604,0.009829686400019,3.5388358909926865e-16,0.02538472530999565,26,converged,gap_callback_with_solver_termination
424,0.26546678769345317,MEL-ADMM,0.01,0.01,54.245948791503906,4.106850976749022,4.106467070478604,0.009348821354929858,3.400058012914542e-16,0.00123191685598718,30,converged,gap_residual_and_feasibility
424,0.26546678769345317,sMEL-ADMM,0.01,0.01,4.886002,4.106817844114974,4.106467070478604,0.008541980986329143,2.930988785010413e-14,6.954618932242251e-5,93,converged,gap_residual_and_feasibility
425,0.6422992156325333,IPOPT,0.01,1.0e-10,45.35198211669922,3.382488888059382,3.382488888059382,0.0,9.995268224205489e-9,NaN,50,INTERRUPTED,gap_and_residual
425,0.6422992156325333,MadNLP,0.01,0.01,26.298999786376953,3.382599909944295,3.382488888059382,0.003282254239027558,2.42861286636753e-17,NaN,33,INTERRUPTED,gap_and_residual
425,0.6422992156325333,ADMM,0.01,0.0001,449.41115379333496,3.382813053640583,3.382488888059382,0.009583640683803326,3.647637747405952e-12,0.01667275630104439,35,converged,gap_callback_with_solver_termination
425,0.6422992156325333,MEL-ADMM,0.01,0.01,71.66838645935059,3.3827995065610623,3.382488888059382,0.009183134430296924,3.8510861166685117e-16,0.0027665704186455864,39,converged,gap_residual_and_feasibility
425,0.6422992156325333,sMEL-ADMM,0.01,0.01,4.912505,3.3827494932724735,3.382488888059382,0.007704540109844528,2.919886554764162e-14,6.136347945000578e-5,93,converged,gap_residual_and_feasibility
426,0.6408613588716928,IPOPT,0.01,1.0e-10,35.64286231994629,3.3852513279321528,3.3852513279321528,0.0,9.995268557272396e-9,NaN,39,INTERRUPTED,gap_and_residual
426,0.6408613588716928,MadNLP,0.01,0.01,32.4099063873291,3.385362404759127,3.3852513279321528,0.00328119883027823,2.0816681711721685e-17,NaN,41,INTERRUPTED,gap_and_residual
426,0.6408613588716928,ADMM,0.01,0.0001,450.3438472747803,3.38557043968391,3.3852513279321528,0.009426530583544231,2.1188606424971113e-12,0.016723955374850497,35,converged,gap_callback_with_solver_termination
426,0.6408613588716928,MEL-ADMM,0.01,0.01,72.1900463104248,3.3855615404760977,3.3852513279321528,0.009163648837098642,3.608224830031759e-16,0.002412097339515397,39,converged,gap_residual_and_feasibility
426,0.6408613588716928,sMEL-ADMM,0.01,0.01,4.907116,3.3855127335454287,3.3852513279321528,0.007721896779687534,2.886579864025407e-14,6.154889702905154e-5,93,converged,gap_residual_and_feasibility
427,0.74520995790518,IPOPT,0.01,1.0e-10,55.895090103149414,3.1847746612094037,3.1847746612094037,0.0,9.99526778011628e-9,NaN,59,INTERRUPTED,gap_and_residual
427,0.74520995790518,MadNLP,0.01,0.01,36.23509407043457,3.184880049916194,3.1847746612094037,0.0033091417133516016,3.469446951953614e-17,NaN,44,INTERRUPTED,gap_and_residual
427,0.74520995790518,ADMM,0.01,0.0001,568.2709217071533,3.1850780295825527,3.1847746612094037,0.009525583610170868,4.955569843367869e-10,0.012254263909612135,45,converged,gap_callback_with_solver_termination
427,0.74520995790518,MEL-ADMM,0.01,0.01,85.73102951049805,3.1850586807564456,3.1847746612094037,0.008918042161704491,3.122502256758253e-16,0.006810320774912237,48,converged,gap_residual_and_feasibility
427,0.74520995790518,sMEL-ADMM,0.01,0.01,5.058041,3.1850122045625238,3.1847746612094037,0.007458717755242672,2.942091015256665e-14,0.00010445082606512762,93,converged,gap_residual_and_feasibility
428,0.6397665094456879,IPOPT,0.01,1.0e-10,36.34190559387207,3.387354775084504,3.387354775084504,0.0,9.995268002160884e-9,NaN,39,INTERRUPTED,gap_and_residual
428,0.6397665094456879,MadNLP,0.01,0.01,24.558067321777344,3.3874658934342228,3.387354775084504,0.003280387119064435,2.7755575615628914e-17,NaN,33,INTERRUPTED,gap_and_residual
428,0.6397665094456879,ADMM,0.01,0.0001,451.28917694091797,3.3876708761808834,3.387354775084504,0.009331797740955177,2.3859247910706927e-12,0.016762956515708766,35,converged,gap_callback_with_solver_termination
428,0.6397665094456879,MEL-ADMM,0.01,0.01,71.70581817626953,3.3876648807682828,3.387354775084504,0.00915480380324602,3.885780586188048e-16,0.002168977492645597,39,converged,gap_residual_and_feasibility
428,0.6397665094456879,sMEL-ADMM,0.01,0.01,5.228124,3.3876168036542005,3.387354775084504,0.0077354923559802245,2.930988785010413e-14,6.169613773423545e-5,93,converged,gap_residual_and_feasibility
429,0.623643386792978,IPOPT,0.01,1.0e-10,31.105995178222656,3.418330848711903,3.418330848711903,0.0,9.995267669093977e-9,NaN,35,INTERRUPTED,gap_and_residual
429,0.623643386792978,MadNLP,0.01,0.01,21.19278907775879,3.4184425511742456,3.418330848711903,0.003267748713808106,3.469446951953614e-17,NaN,28,INTERRUPTED,gap_and_residual
429,0.623643386792978,ADMM,0.01,0.0001,437.20436096191406,3.418655498597541,3.418330848711903,0.009497321938866004,1.1703416014086088e-12,0.017432858666637612,34,converged,gap_callback_with_solver_termination
429,0.623643386792978,MEL-ADMM,0.01,0.01,69.09656524658203,3.4186693698361053,3.418330848711903,0.009903111757884591,3.95516952522712e-16,0.006004689794180784,37,converged,gap_residual_and_feasibility
429,0.623643386792978,sMEL-ADMM,0.01,0.01,5.447292,3.41860287405953,3.418330848711903,0.00795784140465634,2.930988785010413e-14,6.390176143333814e-5,93,converged,gap_residual_and_feasibility
430,0.35602262293249,IPOPT,0.01,1.0e-10,24.719953536987305,3.9324893441922604,3.9324893441922604,0.0,9.995268335227792e-9,NaN,30,INTERRUPTED,gap_and_residual
430,0.35602262293249,MadNLP,0.01,0.01,15.936136245727539,3.9326125799646907,3.9324893441922604,0.0031337852857082327,6.6058269965196814e-15,NaN,23,INTERRUPTED,gap_and_residual
430,0.35602262293249,ADMM,0.01,0.0001,387.96186447143555,3.9328737104173466,3.9324893441922604,0.009774119938909745,6.478872993653795e-12,0.002393498840258218,30,converged,gap_callback_with_solver_termination
430,0.35602262293249,MEL-ADMM,0.01,0.01,55.375099182128906,3.9328726946761727,3.9324893441922604,0.00974829046844118,4.0245584642661925e-16,0.0012892752130781795,30,converged,gap_residual_and_feasibility
430,0.35602262293249,sMEL-ADMM,0.01,0.01,4.8970009999999995,3.9328305697331434,3.9324893441922604,0.008677087488792519,2.864375403532904e-14,6.927401379530629e-5,93,converged,gap_residual_and_feasibility
431,0.3005114112737846,IPOPT,0.01,1.0e-10,29.043197631835938,4.039138621539049,4.039138621539049,0.0,9.995268557272396e-9,NaN,34,INTERRUPTED,gap_and_residual
431,0.3005114112737846,MadNLP,0.01,0.01,18.923044204711914,4.039270101584696,4.039138621539049,0.0032551506141979855,9.894862706971708e-15,NaN,26,INTERRUPTED,gap_and_residual
431,0.3005114112737846,ADMM,0.01,0.0001,335.4628086090088,4.039541601223279,4.039138621539049,0.009976871852851316,3.95516952522712e-16,0.02538560902170013,26,converged,gap_callback_with_solver_termination
431,0.3005114112737846,MEL-ADMM,0.01,0.01,54.53944206237793,4.039522249386257,4.039138621539049,0.009497763834162995,3.920475055707584e-16,0.0012454770438908407,30,converged,gap_residual_and_feasibility
431,0.3005114112737846,sMEL-ADMM,0.01,0.01,4.856044000000001,4.039486357680503,4.039138621539049,0.008609165815695978,2.942091015256665e-14,6.94706861947619e-5,93,converged,gap_residual_and_feasibility
432,0.3242111977023671,IPOPT,0.01,1.0e-10,25.909900665283203,3.993606106208243,3.993606106208243,0.0,9.99526872380585e-9,NaN,30,INTERRUPTED,gap_and_residual
432,0.3242111977023671,MadNLP,0.01,0.01,16.727924346923828,3.9936887548422257,3.993606106208243,0.0020695239286218944,1.0130785099704553e-14,NaN,22,INTERRUPTED,gap_and_residual
432,0.3242111977023671,ADMM,0.01,0.0001,382.11965560913086,3.9939902271854626,3.993606106208243,0.009618399186204262,2.7678970226929778e-12,0.002353443001679993,30,converged,gap_callback_with_solver_termination
432,0.3242111977023671,MEL-ADMM,0.01,0.01,53.885698318481445,3.993989613972217,3.993606106208243,0.009603044310705607,3.677613769070831e-16,0.001264174495781114,30,converged,gap_residual_and_feasibility
432,0.3242111977023671,sMEL-ADMM,0.01,0.01,5.033499,3.993951095166786,3.993606106208243,0.008638532428295287,3.008704396734174e-14,6.939488221987568e-5,93,converged,gap_residual_and_feasibility
433,0.40416051104965073,IPOPT,0.01,1.0e-10,24.97076988220215,3.8400058471239267,3.8400058471239267,0.0,9.995269112383909e-9,NaN,30,INTERRUPTED,gap_and_residual
433,0.40416051104965073,MadNLP,0.01,0.01,15.75613021850586,3.8401265095511548,3.8400058471239267,0.0031422459244027754,6.2319940874466795e-15,NaN,23,INTERRUPTED,gap_and_residual
433,0.40416051104965073,ADMM,0.01,0.0001,393.3448791503906,3.8403804179329435,3.8400058471239267,0.009754433298515969,3.5388358909926865e-16,0.00027649218016451843,31,converged,gap_callback_with_solver_termination
433,0.40416051104965073,MEL-ADMM,0.01,0.01,53.80892753601074,3.840389031919798,3.8400058471239267,0.009978755531278435,3.7383290907300193e-16,0.0013271975640256166,30,converged,gap_residual_and_feasibility
433,0.40416051104965073,sMEL-ADMM,0.01,0.01,4.907751,3.8403430608133977,3.8400058471239267,0.008781593125010572,3.008704396734174e-14,6.907338322290676e-5,93,converged,gap_residual_and_feasibility
434,0.432756053224947,IPOPT,0.01,1.0e-10,26.551008224487305,3.7850675055311265,3.7850675055311265,0.0,9.995267891138582e-9,NaN,32,INTERRUPTED,gap_and_residual
434,0.432756053224947,MadNLP,0.01,0.01,14.574050903320312,3.7851385707481158,3.7850675055311265,0.0018775151799921388,5.599687380453133e-15,NaN,21,INTERRUPTED,gap_and_residual
434,0.432756053224947,ADMM,0.01,0.0001,390.3005123138428,3.7854421543619203,3.7850675055311265,0.009898075272009825,8.415101948600068e-12,0.0002804640976355084,31,converged,gap_callback_with_solver_termination
434,0.432756053224947,MEL-ADMM,0.01,0.01,55.297136306762695,3.7854448997584735,3.7850675055311265,0.009970607572931634,5.573597139374442e-12,0.00018335098650779091,31,converged,gap_residual_and_feasibility
434,0.432756053224947,sMEL-ADMM,0.01,0.01,5.108291,3.785403000005552,3.7850675055311265,0.008863632522678735,2.964295475749168e-14,6.897036165547359e-5,93,converged,gap_residual_and_feasibility
435,0.5797811610654409,IPOPT,0.01,1.0e-10,26.794910430908203,3.502599855582571,3.502599855582571,0.0,9.995267669093977e-9,NaN,33,INTERRUPTED,gap_and_residual
435,0.5797811610654409,MadNLP,0.01,0.01,15.097856521606445,3.502713044932538,3.502599855582571,0.0032315809579750755,4.163336342344337e-17,NaN,22,INTERRUPTED,gap_and_residual
435,0.5797811610654409,ADMM,0.01,0.0001,396.9910144805908,3.5029373052499397,3.502599855582571,0.009634262584430418,3.400058012914542e-16,0.019451364642852565,31,converged,gap_callback_with_solver_termination
435,0.5797811610654409,MEL-ADMM,0.01,0.01,65.08445739746094,3.5029332700826084,3.502599855582571,0.009519057665291484,4.163336342344337e-16,0.0021646212265366456,35,converged,gap_residual_and_feasibility
435,0.5797811610654409,sMEL-ADMM,0.01,0.01,4.929461000000001,3.5029002332447146,3.502599855582571,0.008575848641824505,2.9531932455029164e-14,6.797960560030961e-5,93,converged,gap_residual_and_feasibility
436,0.6817086592430135,IPOPT,0.01,1.0e-10,25.99620819091797,3.3067746574362005,3.3067746574362005,0.0,9.995268390738943e-9,NaN,31,INTERRUPTED,gap_and_residual
436,0.6817086592430135,MadNLP,0.01,0.01,15.963077545166016,3.306848761588497,3.3067746574362005,0.002240979805807172,8.996275946415722e-15,NaN,23,INTERRUPTED,gap_and_residual
436,0.6817086592430135,ADMM,0.01,0.0001,490.54574966430664,3.3071051909239073,3.3067746574362005,0.009995645967696795,1.7438961386062601e-10,0.015011007734272738,38,converged,gap_callback_with_solver_termination
436,0.6817086592430135,MEL-ADMM,0.01,0.01,79.5586109161377,3.3070723474011836,3.3067746574362005,0.009002426709473545,4.0245584642661925e-16,0.003638804808683704,42,converged,gap_residual_and_feasibility
436,0.6817086592430135,sMEL-ADMM,0.01,0.01,5.062788,3.3070193143703577,3.3067746574362005,0.007398657589413503,2.942091015256665e-14,6.126473574166041e-5,93,converged,gap_residual_and_feasibility
437,0.4820582517485062,IPOPT,0.01,1.0e-10,26.306867599487305,3.6903471114515343,3.6903471114515343,0.0,9.99526739153822e-9,NaN,32,INTERRUPTED,gap_and_residual
437,0.4820582517485062,MadNLP,0.01,0.01,14.930963516235352,3.6904639866384965,3.6903471114515343,0.0031670513215291806,2.7755575615628914e-17,NaN,21,INTERRUPTED,gap_and_residual
437,0.4820582517485062,ADMM,0.01,0.0001,395.7250118255615,3.6907158489598966,3.6903471114515343,0.009991946481621564,4.0592529337857286e-16,0.00041592971207042237,31,converged,gap_callback_with_solver_termination
437,0.4820582517485062,MEL-ADMM,0.01,0.01,56.870222091674805,3.6907146320266477,3.6903471114515343,0.009958970362788151,3.343036958369794e-11,0.0005470110959821875,31,converged,gap_residual_and_feasibility
437,0.4820582517485062,sMEL-ADMM,0.01,0.01,4.889374,3.690678774880314,3.6903471114515343,0.008987323380783424,2.9032332093947844e-14,6.891050019122193e-5,93,converged,gap_residual_and_feasibility
438,0.37485339179103666,IPOPT,0.01,1.0e-10,24.23095703125,3.896311285190479,3.896311285190479,0.0,9.995268390738943e-9,NaN,29,INTERRUPTED,gap_and_residual
438,0.37485339179103666,MadNLP,0.01,0.01,15.606880187988281,3.8964335151957528,3.896311285190479,0.0031370698162196727,3.122502256758253e-17,NaN,22,INTERRUPTED,gap_and_residual
438,0.37485339179103666,ADMM,0.01,0.0001,380.3253173828125,3.8966957835238527,3.896311285190479,0.009868265270155909,6.318223721990535e-12,0.0024169666065930392,30,converged,gap_callback_with_solver_termination
438,0.37485339179103666,MEL-ADMM,0.01,0.01,55.08542060852051,3.896694555569173,3.896311285190479,0.00983674944429302,7.72715225139109e-14,0.001304123664778542,30,converged,gap_residual_and_feasibility
438,0.37485339179103666,sMEL-ADMM,0.01,0.01,5.038875,3.896650819571123,3.896311285190479,0.008714251911406193,2.964295475749168e-14,6.919898125986538e-5,93,converged,gap_residual_and_feasibility
439,0.5248221101174559,IPOPT,0.01,1.0e-10,26.695966720581055,3.608188310457386,3.608188310457386,0.0,9.995267724605128e-9,NaN,33,INTERRUPTED,gap_and_residual
439,0.5248221101174559,MadNLP,0.01,0.01,15.092849731445312,3.6082559382108155,3.608188310457386,0.001874285586294836,6.800116025829084e-16,NaN,22,INTERRUPTED,gap_and_residual
439,0.5248221101174559,ADMM,0.01,0.0001,406.71515464782715,3.6085392296150363,3.608188310457386,0.009725633128210568,9.49906819869284e-13,0.0010509207434582016,32,converged,gap_callback_with_solver_termination
439,0.5248221101174559,MEL-ADMM,0.01,0.01,57.607412338256836,3.608545776990964,3.608188310457386,0.00990709194810281,3.7470027081099033e-16,0.002575466686711868,32,converged,gap_residual_and_feasibility
439,0.5248221101174559,sMEL-ADMM,0.01,0.01,5.016545,3.6085121588193223,3.608188310457386,0.008975373070122705,3.008704396734174e-14,6.908156315076422e-5,93,converged,gap_residual_and_feasibility
440,0.4804912507829505,IPOPT,0.01,1.0e-10,25.897979736328125,3.6933576658167624,3.6933576658167624,0.0,9.995268501761245e-9,NaN,32,INTERRUPTED,gap_and_residual
440,0.4804912507829505,MadNLP,0.01,0.01,14.636039733886719,3.693474607366021,3.6933576658167624,0.003166266574751724,2.7755575615628914e-17,NaN,21,INTERRUPTED,gap_and_residual
440,0.4804912507829505,ADMM,0.01,0.0001,393.9402103424072,3.69372659639059,3.6933576658167624,0.009989029149336678,2.6872892799900683e-11,0.0002955538997297634,31,converged,gap_callback_with_solver_termination
440,0.4804912507829505,MEL-ADMM,0.01,0.01,56.3654899597168,3.693725667390267,3.6933576658167624,0.009963875876706479,1.507000080280818e-11,0.0005195092906356211,31,converged,gap_residual_and_feasibility
440,0.4804912507829505,sMEL-ADMM,0.01,0.01,4.943829,3.6936895058172676,3.6933576658167624,0.00898477836513162,3.0753177782116836e-14,6.890968103309171e-5,93,converged,gap_residual_and_feasibility
441,0.5640885432211097,IPOPT,0.01,1.0e-10,30.60603141784668,3.532748834550424,3.532748834550424,0.0,9.995267169493616e-9,NaN,34,INTERRUPTED,gap_and_residual
441,0.5640885432211097,MadNLP,0.01,0.01,21.266937255859375,3.5328625690662925,3.532748834550424,0.003219433964737372,2.7755575615628914e-17,NaN,28,INTERRUPTED,gap_and_residual
441,0.5640885432211097,ADMM,0.01,0.0001,435.07909774780273,3.5330885908466,3.532748834550424,0.009617335171211293,3.8163916471489756e-16,0.0005440893338308286,34,converged,gap_callback_with_solver_termination
441,0.5640885432211097,MEL-ADMM,0.01,0.01,64.09692764282227,3.5330900864316943,3.532748834550424,0.00965967005445599,3.391731340229853e-14,0.002553644139484378,34,converged,gap_residual_and_feasibility
441,0.5640885432211097,sMEL-ADMM,0.01,0.01,5.050959,3.5330597944024795,3.532748834550424,0.008802206627717942,2.9753977059954195e-14,6.889312021924818e-5,93,converged,gap_residual_and_feasibility
442,0.3080241905997568,IPOPT,0.01,1.0e-10,34.471988677978516,4.024704915949861,4.024704915949861,0.0,9.99526872380585e-9,NaN,40,INTERRUPTED,gap_and_residual
442,0.3080241905997568,MadNLP,0.01,0.01,24.56188201904297,4.024799993026265,4.024704915949861,0.002362336578443125,8.862702238765507e-15,NaN,30,INTERRUPTED,gap_and_residual
442,0.3080241905997568,ADMM,0.01,0.0001,385.4386806488037,4.025088915810865,4.024704915949861,0.009541068700023867,4.163336342344337e-16,0.0023325760657559313,30,converged,gap_callback_with_solver_termination
442,0.3080241905997568,MEL-ADMM,0.01,0.01,55.6340217590332,4.025088506057448,4.024704915949861,0.009530887744512058,4.163336342344337e-16,0.0012514029393201134,30,converged,gap_residual_and_feasibility
442,0.3080241905997568,sMEL-ADMM,0.01,0.01,8.174376,4.025051812960784,4.024704915949861,0.008619191174711221,2.90878432451791e-14,6.944832566265803e-5,93,converged,gap_residual_and_feasibility
443,0.6578765998169902,IPOPT,0.01,1.0e-10,23.567914962768555,3.3525612983601913,3.3525612983601913,0.0,9.995267280515918e-9,NaN,28,INTERRUPTED,gap_and_residual
443,0.6578765998169902,MadNLP,0.01,0.01,14.68515396118164,3.3526716910505856,3.3525612983601913,0.0032927866359446396,2.42861286636753e-17,NaN,21,INTERRUPTED,gap_and_residual
443,0.6578765998169902,ADMM,0.01,0.0001,462.53514289855957,3.352895618397832,3.3525612983601913,0.009972078297389175,2.173927704518519e-12,0.016027264167878127,36,converged,gap_callback_with_solver_termination
443,0.6578765998169902,MEL-ADMM,0.01,0.01,73.61006736755371,3.3528685208341367,3.3525612983601913,0.009163813771148416,4.0939474033052647e-16,0.003569973107850212,40,converged,gap_residual_and_feasibility
443,0.6578765998169902,sMEL-ADMM,0.01,0.01,4.913501,3.352814390240886,3.3525612983601913,0.007549209639156709,2.964295475749168e-14,6.126495138845077e-5,93,converged,gap_residual_and_feasibility
444,0.5035984512174206,IPOPT,0.01,1.0e-10,26.386022567749023,3.6489636388408004,3.6489636388408004,0.0,9.995267891138582e-9,NaN,32,INTERRUPTED,gap_and_residual
444,0.5035984512174206,MadNLP,0.01,0.01,14.672994613647461,3.649031722484445,3.6489636388408004,0.0018658350804027992,6.980527267330672e-15,NaN,21,INTERRUPTED,gap_and_residual
444,0.5035984512174206,ADMM,0.01,0.0001,396.1019515991211,3.649324188239986,3.6489636388408004,0.009880871251979199,1.33024702364537e-11,0.0015189397499181662,31,converged,gap_callback_with_solver_termination
444,0.5035984512174206,MEL-ADMM,0.01,0.01,57.91306495666504,3.6493232063991106,3.6489636388408004,0.009853963862033783,6.341593916658894e-13,0.0004484759576223428,32,converged,gap_residual_and_feasibility
444,0.5035984512174206,sMEL-ADMM,0.01,0.01,4.929496,3.649292118723283,3.6489636388408004,0.009002004815457612,2.8310687127941492e-14,6.898905979654292e-5,93,converged,gap_residual_and_feasibility
445,0.36318363967398687,IPOPT,0.01,1.0e-10,24.882078170776367,3.918731452088504,3.918731452088504,0.0,9.995268002160884e-9,NaN,30,INTERRUPTED,gap_and_residual
445,0.36318363967398687,MadNLP,0.01,0.01,15.881061553955078,3.91885430785424,3.918731452088504,0.0031350902004348598,6.9284855630513675e-15,NaN,23,INTERRUPTED,gap_and_residual
445,0.36318363967398687,ADMM,0.01,0.0001,382.59005546569824,3.919115856338917,3.918731452088504,0.00980940529129063,3.4426350659089167e-12,0.0024024318469628575,30,converged,gap_callback_with_solver_termination
445,0.36318363967398687,MEL-ADMM,0.01,0.01,54.70132827758789,3.919114770738743,3.918731452088504,0.009781702444412026,3.2612801348363973e-16,0.0012949233019950782,30,converged,gap_residual_and_feasibility
445,0.36318363967398687,sMEL-ADMM,0.01,0.01,4.986299,3.919071982550982,3.918731452088504,0.008689813697145877,2.986499936241671e-14,6.924534243946123e-5,93,converged,gap_residual_and_feasibility
446,0.6106660620628233,IPOPT,0.01,1.0e-10,29.593944549560547,3.4432631509083653,3.4432631509083653,0.0,9.995267946649733e-9,NaN,33,INTERRUPTED,gap_and_residual
446,0.6106660620628233,MadNLP,0.01,0.01,18.347978591918945,3.4433754025974426,3.4432631509083653,0.0032600380556924414,3.469446951953614e-17,NaN,23,INTERRUPTED,gap_and_residual
446,0.6106660620628233,ADMM,0.01,0.0001,424.5438575744629,3.44359553493359,3.4432631509083653,0.009653169411029304,3.3306690738754696e-16,0.019242678485377942,33,converged,gap_callback_with_solver_termination
446,0.6106660620628233,MEL-ADMM,0.01,0.01,68.53771209716797,3.4435840730119445,3.4432631509083653,0.009320289780770437,4.579669976578771e-16,0.001999438457414281,37,converged,gap_residual_and_feasibility
446,0.6106660620628233,sMEL-ADMM,0.01,0.01,5.038126,3.443543559143229,3.4432631509083653,0.008143677162454893,3.008704396734174e-14,6.542255126565973e-5,93,converged,gap_residual_and_feasibility
447,0.4630039242454977,IPOPT,0.01,1.0e-10,25.532960891723633,3.726954675902116,3.726954675902116,0.0,9.995269334428514e-9,NaN,31,INTERRUPTED,gap_and_residual
447,0.4630039242454977,MadNLP,0.01,0.01,14.059066772460938,3.7270240840295115,3.726954675902116,0.0018623281856388336,6.369904603786836e-15,NaN,20,INTERRUPTED,gap_and_residual
447,0.4630039242454977,ADMM,0.01,0.0001,411.0829830169678,3.727325995290678,3.726954675902116,0.009963077655937442,1.4314105456492143e-12,4.646870870876965e-5,32,converged,gap_callback_with_solver_termination
447,0.4630039242454977,MEL-ADMM,0.01,0.01,55.02748489379883,3.727326878542134,3.726954675902116,0.009986776668476692,1.5938361741518747e-12,0.0002909600886856316,31,converged,gap_residual_and_feasibility
447,0.4630039242454977,sMEL-ADMM,0.01,0.01,5.075292999999999,3.727288253025333,3.726954675902116,0.008950393879848981,2.9753977059954195e-14,6.89113242556931e-5,93,converged,gap_residual_and_feasibility
448,0.36417865025948365,IPOPT,0.01,1.0e-10,24.65200424194336,3.916819817362388,3.916819817362388,0.0,9.995267502560523e-9,NaN,30,INTERRUPTED,gap_and_residual
448,0.36417865025948365,MadNLP,0.01,0.01,16.212940216064453,3.916942620051073,3.916819817362388,0.003135265200116532,2.7755575615628914e-17,NaN,23,INTERRUPTED,gap_and_residual
448,0.36417865025948365,ADMM,0.01,0.0001,383.4667205810547,3.9172042247507353,3.916819817362388,0.00981427296306684,3.95516952522712e-16,0.002403667526025565,30,converged,gap_callback_with_solver_termination
448,0.36417865025948365,MEL-ADMM,0.01,0.01,54.98933792114258,3.9172031317040674,3.916819817362388,0.009786366479776529,3.885780586188048e-16,0.0012957079668857174,30,converged,gap_residual_and_feasibility
448,0.36417865025948365,sMEL-ADMM,0.01,0.01,5.636494,3.91716025578952,3.916819817362388,0.00869170508235523,3.019806626980426e-14,6.924138544358617e-5,93,converged,gap_residual_and_feasibility
449,0.289999280932816,IPOPT,0.01,1.0e-10,44.96502876281738,4.059334741759454,4.059334741759454,0.0,9.995268113183187e-9,NaN,49,INTERRUPTED,gap_and_residual
449,0.289999280932816,MadNLP,0.01,0.01,25.465965270996094,4.059469951045488,4.059334741759454,0.003330823758955402,8.890457814381136e-15,NaN,34,INTERRUPTED,gap_and_residual
449,0.289999280932816,ADMM,0.01,0.0001,335.0028991699219,4.059738128848507,4.059334741759454,0.009937270876034947,3.469446951953614e-16,0.025385070679441585,26,converged,gap_callback_with_solver_termination
449,0.289999280932816,MEL-ADMM,0.01,0.01,54.27122116088867,4.059718421578581,4.059334741759454,0.009451790589734867,3.7990444123892075e-16,0.0012371897998656872,30,converged,gap_residual_and_feasibility
449,0.289999280932816,sMEL-ADMM,0.01,0.01,4.968202,4.059683524674116,4.059334741759454,0.008592120060330291,2.930988785010413e-14,6.949729620452441e-5,93,converged,gap_residual_and_feasibility
450,0.29819262913502487,IPOPT,0.01,1.0e-10,30.29489517211914,4.043593513299366,4.043593513299366,0.0,9.995268057672035e-9,NaN,36,INTERRUPTED,gap_and_residual
450,0.29819262913502487,MadNLP,0.01,0.01,20.088911056518555,4.0437257133005975,4.043593513299366,0.0032693692082690733,8.423817199343375e-15,NaN,28,INTERRUPTED,gap_and_residual
450,0.29819262913502487,ADMM,0.01,0.0001,334.7792625427246,4.043996582132601,4.043593513299366,0.0099680848707692,3.5735303605122226e-16,0.025385490369117848,26,converged,gap_callback_with_solver_termination
450,0.29819262913502487,MEL-ADMM,0.01,0.01,54.31818962097168,4.043977152708393,4.043593513299366,0.009487585924883756,4.440892098500626e-15,0.001243648544487573,30,converged,gap_residual_and_feasibility
450,0.29819262913502487,sMEL-ADMM,0.01,0.01,4.871537,4.043941491700635,4.043593513299366,0.008605672160777022,2.9531932455029164e-14,6.9476928939027e-5,93,converged,gap_residual_and_feasibility
451,0.7145555677274995,IPOPT,0.01,1.0e-10,26.211023330688477,3.243668503773286,3.243668503773286,0.0,9.995268224205489e-9,NaN,32,INTERRUPTED,gap_and_residual
451,0.7145555677274995,MadNLP,0.01,0.01,15.447139739990234,3.243776055667983,3.243668503773286,0.0033157486522373816,2.7755575615628914e-17,NaN,22,INTERRUPTED,gap_and_residual
451,0.7145555677274995,ADMM,0.01,0.0001,532.3281288146973,3.243953213022731,3.243668503773286,0.008777384283057452,6.41597885930878e-13,0.014247813211408054,42,converged,gap_callback_with_solver_termination
451,0.7145555677274995,MEL-ADMM,0.01,0.01,78.36532592773438,3.243990082111625,3.243668503773286,0.009914032151094593,3.677613769070831e-16,0.009830138997106674,44,converged,gap_residual_and_feasibility
451,0.7145555677274995,sMEL-ADMM,0.01,0.01,4.900158,3.243906201878414,3.243668503773286,0.007328064037716537,2.9753977059954195e-14,8.799396859247074e-5,93,converged,gap_residual_and_feasibility
452,0.44680006630195696,IPOPT,0.01,1.0e-10,23.33998680114746,3.758085859824645,3.758085859824645,0.0,9.995268779317001e-9,NaN,28,INTERRUPTED,gap_and_residual
452,0.44680006630195696,MadNLP,0.01,0.01,14.24098014831543,3.7581559053057814,3.758085859824645,0.001863860586183451,9.332812300755222e-16,NaN,20,INTERRUPTED,gap_and_residual
452,0.44680006630195696,ADMM,0.01,0.0001,392.04978942871094,3.758461177784151,3.758085859824645,0.009986944777343708,4.0939474033052647e-16,0.0003079955893734859,31,converged,gap_callback_with_solver_termination
452,0.44680006630195696,MEL-ADMM,0.01,0.01,62.17193603515625,3.758461510692874,3.758085859824645,0.00999580324240354,4.0939474033052647e-16,9.610248649760678e-6,34,converged,gap_residual_and_feasibility
452,0.44680006630195696,sMEL-ADMM,0.01,0.01,4.864579,3.758420640684997,3.758085859824645,0.00890828131232776,2.964295475749168e-14,6.89361300314495e-5,93,converged,gap_residual_and_feasibility
453,0.6007974006160325,IPOPT,0.01,1.0e-10,29.008150100708008,3.462223025503642,3.462223025503642,0.0,9.995268390738943e-9,NaN,33,INTERRUPTED,gap_and_residual
453,0.6007974006160325,MadNLP,0.01,0.01,21.520137786865234,3.4623354948686194,3.462223025503642,0.0032484725608009717,2.7755575615628914e-17,NaN,29,INTERRUPTED,gap_and_residual
453,0.6007974006160325,ADMM,0.01,0.0001,422.8994846343994,3.4625687917180965,3.462223025503642,0.009986826726856234,3.400058012914542e-16,0.01924221299811084,33,converged,gap_callback_with_solver_termination
453,0.6007974006160325,MEL-ADMM,0.01,0.01,66.43486022949219,3.4625524148427913,3.462223025503642,0.009513810540880765,4.510281037539698e-16,0.003250742583949773,36,converged,gap_residual_and_feasibility
453,0.6007974006160325,sMEL-ADMM,0.01,0.01,4.985125,3.4625096045305277,3.462223025503642,0.008277312720022429,2.986499936241671e-14,6.636347998149016e-5,93,converged,gap_residual_and_feasibility
454,0.5900750293285437,IPOPT,0.01,1.0e-10,40.79794883728027,3.482823064938669,3.482823064938669,0.0,9.995267669093977e-9,NaN,44,INTERRUPTED,gap_and_residual
454,0.5900750293285437,MadNLP,0.01,0.01,25.12216567993164,3.482890563358695,3.482823064938669,0.0019380375852474806,1.1171619185290638e-15,NaN,31,INTERRUPTED,gap_and_residual
454,0.5900750293285437,ADMM,0.01,0.0001,411.482572555542,3.4831567730886364,3.482823064938669,0.009581541862602414,4.829470157119431e-14,0.019345971018810137,32,converged,gap_callback_with_solver_termination
454,0.5900750293285437,MEL-ADMM,0.01,0.01,64.9111270904541,3.483168791727684,3.482823064938669,0.009926625113271402,4.0939474033052647e-16,0.004998625484803787,35,converged,gap_residual_and_feasibility
454,0.5900750293285437,sMEL-ADMM,0.01,0.01,4.913752000000001,3.4831164581324328,3.482823064938669,0.008424005133003664,2.886579864025407e-14,6.72207343158978e-5,93,converged,gap_residual_and_feasibility
455,0.2887473575571305,IPOPT,0.01,1.0e-10,39.820194244384766,4.061739962602608,4.061739962602608,0.0,9.995268224205489e-9,NaN,43,INTERRUPTED,gap_and_residual
455,0.2887473575571305,MadNLP,0.01,0.01,28.186798095703125,4.061875400502624,4.061739962602608,0.0033344798353176397,9.679756995950584e-15,NaN,35,INTERRUPTED,gap_and_residual
455,0.2887473575571305,ADMM,0.01,0.0001,334.31482315063477,4.062143398756297,4.061739962602608,0.009932594341441638,3.608224830031759e-16,0.025385006617689557,26,converged,gap_callback_with_solver_termination
455,0.2887473575571305,MEL-ADMM,0.01,0.01,54.006338119506836,4.062123648536341,4.061739962602608,0.009446344110303841,7.382983113757291e-15,0.001236204206694659,30,converged,gap_residual_and_feasibility
455,0.2887473575571305,sMEL-ADMM,0.01,0.01,4.927249,4.0620888630096985,4.061739962602608,0.008589924768776675,2.8976820942716586e-14,6.950022377314423e-5,93,converged,gap_residual_and_feasibility
456,0.618295339677444,IPOPT,0.01,1.0e-10,36.78107261657715,3.428605626419795,3.428605626419795,0.0,9.99526916789506e-9,NaN,38,INTERRUPTED,gap_and_residual
456,0.618295339677444,MadNLP,0.01,0.01,24.590015411376953,3.428673765129741,3.428605626419795,0.0019873592174415922,6.727257639838058e-15,NaN,29,INTERRUPTED,gap_and_residual
456,0.618295339677444,ADMM,0.01,0.0001,435.7125759124756,3.4289344900387704,3.428605626419795,0.009591759881668127,2.1949109196839345e-13,0.017624491554543896,34,converged,gap_callback_with_solver_termination
456,0.618295339677444,MEL-ADMM,0.01,0.01,68.27712059020996,3.428931306085752,3.428605626419795,0.009498895511556964,3.469446951953614e-16,0.003935278842307065,37,converged,gap_residual_and_feasibility
456,0.618295339677444,sMEL-ADMM,0.01,0.01,5.0844949999999995,3.4288811311484437,3.428605626419795,0.008035474436778179,2.842170943040401e-14,6.457435913255222e-5,93,converged,gap_residual_and_feasibility
457,0.3428829809538636,IPOPT,0.01,1.0e-10,29.504060745239258,3.957733493612591,3.957733493612591,0.0,9.995268890339304e-9,NaN,35,INTERRUPTED,gap_and_residual
457,0.3428829809538636,MadNLP,0.01,0.01,19.786834716796875,3.9578574151506754,3.957733493612591,0.0031311238688602797,6.571132527000145e-15,NaN,28,INTERRUPTED,gap_and_residual
457,0.3428829809538636,ADMM,0.01,0.0001,381.8948268890381,3.9581177527327642,3.957733493612591,0.009709070122923035,2.5153212845907547e-12,0.0023771411113949203,30,converged,gap_callback_with_solver_termination
457,0.3428829809538636,MEL-ADMM,0.01,0.01,54.91328239440918,3.9581169069653828,3.957733493612591,0.00968770012964713,3.3306690738754696e-16,0.0012789086018039075,30,converged,gap_residual_and_feasibility
457,0.3428829809538636,sMEL-ADMM,0.01,0.01,5.014285999999999,3.958076201164202,3.957733493612591,0.008659187187920029,3.0309088572266774e-14,6.93266212332018e-5,93,converged,gap_residual_and_feasibility
458,0.4130872638556095,IPOPT,0.01,1.0e-10,29.242992401123047,3.8228555867105425,3.8228555867105425,0.0,9.995268612783548e-9,NaN,36,INTERRUPTED,gap_and_residual
458,0.4130872638556095,MadNLP,0.01,0.01,19.21701431274414,3.822975569152126,3.8228555867105425,0.0031385554296242952,7.598088824778415e-15,NaN,29,INTERRUPTED,gap_and_residual
458,0.4130872638556095,ADMM,0.01,0.0001,392.35901832580566,3.8232301607291403,3.8228555867105425,0.009798278017615939,4.163336342344337e-16,0.0002777160402576903,31,converged,gap_callback_with_solver_termination
458,0.4130872638556095,MEL-ADMM,0.01,0.01,55.236101150512695,3.823233104704116,3.8228555867105425,0.009875287857747854,4.0245584642661925e-16,0.0001810236416645225,31,converged,gap_residual_and_feasibility
458,0.4130872638556095,sMEL-ADMM,0.01,0.01,5.527621,3.8231922055117846,3.8228555867105425,0.008805428131063402,3.064215547965432e-14,6.903732843558351e-5,93,converged,gap_residual_and_feasibility
459,0.41726556457870123,IPOPT,0.01,1.0e-10,34.72304344177246,3.814828149741681,3.814828149741681,0.0,9.99526783562743e-9,NaN,41,INTERRUPTED,gap_and_residual
459,0.41726556457870123,MadNLP,0.01,0.01,23.251771926879883,3.8149002915225347,3.814828149741681,0.0018910886158386734,7.717784744620815e-15,NaN,32,INTERRUPTED,gap_and_residual
459,0.41726556457870123,ADMM,0.01,0.0001,392.72427558898926,3.8152027179485306,3.814828149741681,0.009818743915759605,4.185020385794047e-16,0.0002782799688520847,31,converged,gap_callback_with_solver_termination
459,0.41726556457870123,MEL-ADMM,0.01,0.01,55.27138710021973,3.8152056371182197,3.814828149741681,0.009895265572161976,3.5908775952719907e-16,0.0001815181688466401,31,converged,gap_residual_and_feasibility
459,0.41726556457870123,sMEL-ADMM,0.01,0.01,4.9627550000000005,3.815164502615632,3.814828149741681,0.008816986263814173,2.930988785010413e-14,6.902153516350536e-5,93,converged,gap_residual_and_feasibility
460,0.5963618173092875,IPOPT,0.01,1.0e-10,30.45797348022461,3.4707447590443286,3.4707447590443286,0.0,9.99526961198427e-9,NaN,34,INTERRUPTED,gap_and_residual
460,0.5963618173092875,MadNLP,0.01,0.01,19.302845001220703,3.470857372983925,3.4707447590443286,0.003244662094587868,2.7755575615628914e-17,NaN,24,INTERRUPTED,gap_and_residual
460,0.5963618173092875,ADMM,0.01,0.0001,413.19942474365234,3.47107851946715,3.4707447590443286,0.009616392042421967,3.7470027081099033e-16,0.01934689344124152,32,converged,gap_callback_with_solver_termination
460,0.5963618173092875,MEL-ADMM,0.01,0.01,66.74456596374512,3.471071788167287,3.4707447590443286,0.009422448081381847,4.510281037539698e-16,0.002211125768597076,36,converged,gap_residual_and_feasibility
460,0.5963618173092875,sMEL-ADMM,0.01,0.01,4.990579,3.4710341294000253,3.4707447590443286,0.008337413892009711,2.942091015256665e-14,6.673563295794827e-5,93,converged,gap_residual_and_feasibility
461,0.31432761561366457,IPOPT,0.01,1.0e-10,42.855024337768555,4.0125946466465,4.0125946466465,0.0,9.995268501761245e-9,NaN,49,INTERRUPTED,gap_and_residual
461,0.31432761561366457,MadNLP,0.01,0.01,25.855064392089844,4.012722341643497,4.0125946466465,0.003182354766473863,6.720318745934151e-15,NaN,33,INTERRUPTED,gap_and_residual
461,0.31432761561366457,ADMM,0.01,0.0001,384.7241401672363,4.0129786938724195,4.0125946466465,0.009571044666585605,7.691514092300622e-12,0.0023407663122003743,30,converged,gap_callback_with_solver_termination
461,0.31432761561366457,MEL-ADMM,0.01,0.01,53.73382568359375,4.0129782047685305,4.0125946466465,0.009558855449083803,3.7470027081099033e-16,0.001256375818573699,30,converged,gap_residual_and_feasibility
461,0.31432761561366457,sMEL-ADMM,0.01,0.01,4.852379,4.0129408206169925,4.0125946466465,0.008627185175107297,2.930988785010413e-14,6.942828730008808e-5,93,converged,gap_residual_and_feasibility
462,0.511507347203094,IPOPT,0.01,1.0e-10,27.037858963012695,3.6337689058079605,3.6337689058079605,0.0,9.99526783562743e-9,NaN,33,INTERRUPTED,gap_and_residual
462,0.511507347203094,MadNLP,0.01,0.01,15.30599594116211,3.6338845801505255,3.6337689058079605,0.0031833158784561316,7.120172507146805e-15,NaN,22,INTERRUPTED,gap_and_residual
462,0.511507347203094,ADMM,0.01,0.0001,404.7865867614746,3.6341250216707626,3.6337689058079605,0.009800179153739019,3.95516952522712e-16,0.0011284654010999713,32,converged,gap_callback_with_solver_termination
462,0.511507347203094,MEL-ADMM,0.01,0.01,57.39855766296387,3.6341258172326514,3.6337689058079605,0.009822072727860906,3.469446951953614e-16,0.0008868667691664944,32,converged,gap_residual_and_feasibility
462,0.511507347203094,sMEL-ADMM,0.01,0.01,4.795457000000001,3.63409575072019,3.6337689058079605,0.008994653229239057,3.1308289294429414e-14,6.903176101795763e-5,93,converged,gap_residual_and_feasibility
463,0.43008529274865287,IPOPT,0.01,1.0e-10,25.65789222717285,3.7901986252860795,3.7901986252860795,0.0,9.99526778011628e-9,NaN,32,INTERRUPTED,gap_and_residual
463,0.43008529274865287,MadNLP,0.01,0.01,15.32292366027832,3.790317929044664,3.7901986252860795,0.0031476914636699577,2.7755575615628914e-17,NaN,22,INTERRUPTED,gap_and_residual
463,0.43008529274865287,ADMM,0.01,0.0001,388.10038566589355,3.7905731674741925,3.7901986252860795,0.009881861747672324,3.7470027081099033e-16,0.000280010798818911,31,converged,gap_callback_with_solver_termination
463,0.43008529274865287,MEL-ADMM,0.01,0.01,55.65190315246582,3.790576032525329,3.7901986252860795,0.00995745280290679,2.060907000611678e-12,0.00018303515703470621,31,converged,gap_residual_and_feasibility
463,0.43008529274865287,sMEL-ADMM,0.01,0.01,5.690006,3.7905342509700084,3.7901986252860795,0.008855094867317974,2.90878432451791e-14,6.897819434372766e-5,93,converged,gap_residual_and_feasibility
464,0.4149571630891826,IPOPT,0.01,1.0e-10,31.663894653320312,3.819263097985957,3.819263097985957,0.0,9.995268834828153e-9,NaN,38,INTERRUPTED,gap_and_residual
464,0.4149571630891826,MadNLP,0.01,0.01,21.551132202148438,3.819382981962305,3.819263097985957,0.003138929507398904,2.7755575615628914e-17,NaN,31,INTERRUPTED,gap_and_residual
464,0.4149571630891826,ADMM,0.01,0.0001,391.3874626159668,3.8196376693139036,3.819263097985957,0.00980742405895342,4.2327252813834093e-16,0.0002779693424883149,31,converged,gap_callback_with_solver_termination
464,0.4149571630891826,MEL-ADMM,0.01,0.01,54.9619197845459,3.819640602040713,3.819263097985957,0.009884211824921888,3.122502256758253e-16,0.00018124496303870835,31,converged,gap_residual_and_feasibility
464,0.4149571630891826,sMEL-ADMM,0.01,0.01,4.919504,3.8195995969363876,3.819263097985957,0.008810572662775974,2.964295475749168e-14,6.903019105192285e-5,93,converged,gap_residual_and_feasibility
465,0.5675423019919954,IPOPT,0.01,1.0e-10,33.805131912231445,3.5261134024270895,3.5261134024270895,0.0,9.995268335227792e-9,NaN,37,INTERRUPTED,gap_and_residual
465,0.5675423019919954,MadNLP,0.01,0.01,24.29509162902832,3.5261381676611006,3.5261134024270895,0.0007023379904351367,2.033095913844818e-15,NaN,30,INTERRUPTED,gap_and_residual
465,0.5675423019919954,ADMM,0.01,0.0001,445.58119773864746,3.5264474181739938,3.5261134024270895,0.009472632011051382,4.371503159461554e-16,0.0008011911947267969,35,converged,gap_callback_with_solver_termination
465,0.5675423019919954,MEL-ADMM,0.01,0.01,63.39120864868164,3.526457463332618,3.5261134024270895,0.00975751106846067,3.7470027081099033e-16,0.003351189037679992,34,converged,gap_residual_and_feasibility
465,0.5675423019919954,sMEL-ADMM,0.01,0.01,4.90155,3.526422321220442,3.5261134024270895,0.00876088650863729,2.9032332093947844e-14,6.874898024438175e-5,93,converged,gap_residual_and_feasibility
466,0.7089548274810102,IPOPT,0.01,1.0e-10,21.749019622802734,3.2544287607024254,3.2544287607024254,0.0,9.995268779317001e-9,NaN,26,INTERRUPTED,gap_and_residual
466,0.7089548274810102,MadNLP,0.01,0.01,12.984037399291992,3.254536654151509,3.2544287607024254,0.0033152807148918904,3.469446951953614e-17,NaN,19,INTERRUPTED,gap_and_residual
466,0.7089548274810102,ADMM,0.01,0.0001,517.9181098937988,3.254729601440296,3.2544287607024254,0.009244041273949713,1.2278289496236994e-11,0.014324474507106883,41,converged,gap_callback_with_solver_termination
466,0.7089548274810102,MEL-ADMM,0.01,0.01,78.63521575927734,3.254728918359148,3.2544287607024254,0.009223051994468847,3.469446951953614e-16,0.006495152865019315,44,converged,gap_residual_and_feasibility
466,0.7089548274810102,sMEL-ADMM,0.01,0.01,4.918544000000001,3.2546672186616172,3.2544287607024254,0.007327183254747119,2.8976820942716586e-14,8.194604177227428e-5,93,converged,gap_residual_and_feasibility
467,0.2958171756866023,IPOPT,0.01,1.0e-10,32.42611885070801,4.048157283141084,4.048157283141084,0.0,9.99526783562743e-9,NaN,38,INTERRUPTED,gap_and_residual
467,0.2958171756866023,MadNLP,0.01,0.01,21.18992805480957,4.048290267520181,4.048157283141084,0.003285059591211307,7.494005416219807e-15,NaN,30,INTERRUPTED,gap_and_residual
467,0.2958171756866023,ADMM,0.01,0.0001,332.3948383331299,4.048560443680797,4.048157283141084,0.009959112542204142,3.191891195797325e-16,0.025385368235052323,26,converged,gap_callback_with_solver_termination
467,0.2958171756866023,MEL-ADMM,0.01,0.01,54.16131019592285,4.048540934339749,4.048157283141084,0.009477181142708159,4.128641872824801e-16,0.0012417755950851136,30,converged,gap_residual_and_feasibility
467,0.2958171756866023,sMEL-ADMM,0.01,0.01,4.780124,4.048505503514403,4.048157283141084,0.008601947724945885,2.930988785010413e-14,6.948312114245497e-5,93,converged,gap_residual_and_feasibility
468,0.7400684739166851,IPOPT,0.01,1.0e-10,48.638105392456055,3.194652585604833,3.194652585604833,0.0,9.995267891138582e-9,NaN,51,INTERRUPTED,gap_and_residual
468,0.7400684739166851,MadNLP,0.01,0.01,29.53505516052246,3.194758359105106,3.194652585604833,0.0033109547106737304,3.122502256758253e-17,NaN,37,INTERRUPTED,gap_and_residual
468,0.7400684739166851,ADMM,0.01,0.0001,567.4965381622314,3.1949270596508543,3.194652585604833,0.00859167119636097,1.9259094319323822e-11,0.012432383672772109,45,converged,gap_callback_with_solver_termination
468,0.7400684739166851,MEL-ADMM,0.01,0.01,83.68372917175293,3.194950650358889,3.194652585604833,0.009330114811197004,3.3306690738754696e-16,0.008762775740989825,47,converged,gap_residual_and_feasibility
468,0.7400684739166851,sMEL-ADMM,0.01,0.01,16.004626000000002,3.194889401492766,3.194652585604833,0.0074128839235913235,2.930988785010413e-14,0.00010542076837015673,93,converged,gap_residual_and_feasibility
469,0.7418126091556757,IPOPT,0.01,1.0e-10,37.07313537597656,3.191301717243735,3.191301717243735,0.0,9.995267724605128e-9,NaN,40,INTERRUPTED,gap_and_residual
469,0.7418126091556757,MadNLP,0.01,0.01,25.62403678894043,3.1913820349295783,3.191301717243735,0.0025167687971809306,3.469446951953614e-17,NaN,32,INTERRUPTED,gap_and_residual
469,0.7418126091556757,ADMM,0.01,0.0001,566.2136077880859,3.19158338888654,3.191301717243735,0.008826230415104722,2.314269331726848e-10,0.012371912463696006,45,converged,gap_callback_with_solver_termination
469,0.7418126091556757,MEL-ADMM,0.01,0.01,84.00511741638184,3.1916052642150534,3.191301717243735,0.009511697677422746,4.163336342344337e-16,0.00985682757419477,47,converged,gap_residual_and_feasibility
469,0.7418126091556757,sMEL-ADMM,0.01,0.01,4.8977070000000005,3.1915387089224416,3.191301717243735,0.007426175890116645,2.964295475749168e-14,0.00010536074852877117,93,converged,gap_residual_and_feasibility
470,0.3569725881250934,IPOPT,0.01,1.0e-10,23.983001708984375,3.930664251598018,3.930664251598018,0.0,9.995267613582826e-9,NaN,29,INTERRUPTED,gap_and_residual
470,0.3569725881250934,MadNLP,0.01,0.01,15.397071838378906,3.930787437173011,3.930664251598018,0.0031339632974997037,6.100155103272442e-15,NaN,22,INTERRUPTED,gap_and_residual
470,0.3569725881250934,ADMM,0.01,0.0001,380.8467388153076,3.9310486271342566,3.930664251598018,0.009778895159570597,5.300593297619116e-12,0.002394681493460067,30,converged,gap_callback_with_solver_termination
470,0.3569725881250934,MEL-ADMM,0.01,0.01,55.11641502380371,3.9310475977540817,3.930664251598018,0.009752706706195094,3.8163916471489756e-16,0.0012900245579047023,30,converged,gap_residual_and_feasibility
470,0.3569725881250934,sMEL-ADMM,0.01,0.01,5.091082,3.93100538156052,3.930664251598018,0.008678684839670778,2.8754776337791554e-14,6.927017751928721e-5,93,converged,gap_residual_and_feasibility
471,0.33337826258509945,IPOPT,0.01,1.0e-10,47.30796813964844,3.9759941533086147,3.9759941533086147,0.0,9.995268335227792e-9,NaN,50,INTERRUPTED,gap_and_residual
471,0.33337826258509945,MadNLP,0.01,0.01,32.817840576171875,3.9761185588300445,3.9759941533086147,0.0031289161058312563,7.409003965896943e-15,NaN,39,INTERRUPTED,gap_and_residual
471,0.33337826258509945,ADMM,0.01,0.0001,381.5608024597168,3.976378342501134,3.9759941533086147,0.009662720258269655,7.813860669614314e-12,0.002365118360755567,30,converged,gap_callback_with_solver_termination
471,0.33337826258509945,MEL-ADMM,0.01,0.01,54.92210388183594,3.9763776143736727,3.9759941533086147,0.009644407166414884,4.727329638853917e-13,0.0012714082462507818,30,converged,gap_residual_and_feasibility
471,0.33337826258509945,sMEL-ADMM,0.01,0.01,5.024461,3.976338025852048,3.9759941533086147,0.008648718538666235,2.8754776337791554e-14,6.936247341326942e-5,93,converged,gap_residual_and_feasibility
472,0.6255689592622292,IPOPT,0.01,1.0e-10,44.79193687438965,3.414631399426104,3.414631399426104,0.0,9.99526827971664e-9,NaN,48,INTERRUPTED,gap_and_residual
472,0.6255689592622292,MadNLP,0.01,0.01,21.769046783447266,3.414743034495052,3.414631399426104,0.003269315363479252,5.700301342059788e-15,NaN,29,INTERRUPTED,gap_and_residual
472,0.6255689592622292,ADMM,0.01,0.0001,435.9102249145508,3.414958534843149,3.414631399426104,0.009580402063298443,1.0186296250935811e-12,0.017363938399602152,34,converged,gap_callback_with_solver_termination
472,0.6255689592622292,MEL-ADMM,0.01,0.01,70.15514373779297,3.414946745061825,3.414631399426104,0.009235129618207057,3.5388358909926865e-16,0.002069788177064269,38,converged,gap_residual_and_feasibility
472,0.6255689592622292,sMEL-ADMM,0.01,0.01,4.904912,3.4149021717821095,3.414631399426104,0.007929768233574937,2.8754776337791554e-14,6.364211545579687e-5,93,converged,gap_residual_and_feasibility
473,0.4081545144372531,IPOPT,0.01,1.0e-10,24.653911590576172,3.832332485972539,3.832332485972539,0.0,9.995268224205489e-9,NaN,30,INTERRUPTED,gap_and_residual
473,0.4081545144372531,MadNLP,0.01,0.01,15.873908996582031,3.832452937101814,3.832332485972539,0.0031430239864523738,6.567663080048192e-15,NaN,23,INTERRUPTED,gap_and_residual
473,0.4081545144372531,ADMM,0.01,0.0001,392.8513526916504,3.8327070672397623,3.832332485972539,0.009774237193515823,3.1902258612603873e-13,0.00027704351629669055,31,converged,gap_callback_with_solver_termination
473,0.4081545144372531,MEL-ADMM,0.01,0.01,53.97486686706543,3.8327156641877305,3.832332485972539,0.009998563970997765,3.2612801348363973e-16,0.0013303373144688095,30,converged,gap_residual_and_feasibility
473,0.4081545144372531,sMEL-ADMM,0.01,0.01,4.744211,3.8326694292695156,3.832332485972539,0.00879212067871807,3.019806626980426e-14,6.905687252686289e-5,93,converged,gap_residual_and_feasibility
474,0.6687616416648031,IPOPT,0.01,1.0e-10,26.28302574157715,3.3316487329113045,3.3316487329113045,0.0,9.995269223406211e-9,NaN,32,INTERRUPTED,gap_and_residual
474,0.6687616416648031,MadNLP,0.01,0.01,16.858816146850586,3.3317584573449444,3.3316487329113045,0.003293397426804916,2.7755575615628914e-17,NaN,25,INTERRUPTED,gap_and_residual
474,0.6687616416648031,ADMM,0.01,0.0001,473.5596179962158,3.331972932843569,3.3316487329113045,0.009730915779383988,6.891154313848347e-12,0.015551805397679124,37,converged,gap_callback_with_solver_termination
474,0.6687616416648031,MEL-ADMM,0.01,0.01,75.99639892578125,3.331950062985714,3.3316487329113045,0.009044473129259187,3.469446951953614e-16,0.0031658870448600263,41,converged,gap_residual_and_feasibility
474,0.6687616416648031,sMEL-ADMM,0.01,0.01,5.752877,3.3318976410833345,3.3316487329113045,0.007471020866372814,2.90878432451791e-14,6.126486138167096e-5,93,converged,gap_residual_and_feasibility
475,0.659257746758857,IPOPT,0.01,1.0e-10,23.053884506225586,3.3499078105536992,3.3499078105536992,0.0,9.995267225004767e-9,NaN,28,INTERRUPTED,gap_and_residual
475,0.659257746758857,MadNLP,0.01,0.01,14.518976211547852,3.350018144121845,3.3499078105536992,0.0032936299858230835,3.122502256758253e-17,NaN,21,INTERRUPTED,gap_and_residual
475,0.659257746758857,ADMM,0.01,0.0001,473.2222557067871,3.350209060627073,3.3499078105536992,0.008992786978340762,7.983058658567188e-13,0.01588763082192754,37,converged,gap_callback_with_solver_termination
475,0.659257746758857,MEL-ADMM,0.01,0.01,73.54116439819336,3.3502166191044354,3.3499078105536992,0.009218419377489519,4.3021142204224816e-16,0.004051897418219874,40,converged,gap_residual_and_feasibility
475,0.659257746758857,sMEL-ADMM,0.01,0.01,4.9051670000000005,3.350160333999287,3.3499078105536992,0.007538220747220065,2.919886554764162e-14,6.126494056441986e-5,93,converged,gap_residual_and_feasibility
476,0.3957147438310568,IPOPT,0.01,1.0e-10,23.990869522094727,3.856232028170751,3.856232028170751,0.0,9.995268668294699e-9,NaN,29,INTERRUPTED,gap_and_residual
476,0.3957147438310568,MadNLP,0.01,0.01,15.514135360717773,3.8563531387451975,3.856232028170751,0.0031406454166082935,2.7755575615628914e-17,NaN,22,INTERRUPTED,gap_and_residual
476,0.3957147438310568,ADMM,0.01,0.0001,382.1103572845459,3.8566166708887826,3.856232028170751,0.009974574019968516,8.799461159725297e-12,0.00244230917807204,30,converged,gap_callback_with_solver_termination
476,0.3957147438310568,MEL-ADMM,0.01,0.01,53.86543273925781,3.8566152319841103,3.856232028170751,0.00993726027272016,3.5388358909926865e-16,0.0013205538145147008,30,converged,gap_residual_and_feasibility
476,0.3957147438310568,sMEL-ADMM,0.01,0.01,5.1338740000000005,3.8565698754229825,3.856232028170751,0.008761071682498772,2.964295475749168e-14,6.910960706997277e-5,93,converged,gap_residual_and_feasibility
477,0.5127841021886234,IPOPT,0.01,1.0e-10,26.872873306274414,3.6313159779671316,3.6313159779671316,0.0,9.995267058471313e-9,NaN,33,INTERRUPTED,gap_and_residual
477,0.5127841021886234,MadNLP,0.01,0.01,15.277862548828125,3.6314316022555366,3.6313159779671316,0.003184087782682761,2.7755575615628914e-17,NaN,22,INTERRUPTED,gap_and_residual
477,0.5127841021886234,ADMM,0.01,0.0001,406.3119888305664,3.631671613275394,3.6313159779671316,0.009793565484802995,4.649058915617843e-16,0.0013200461911786476,32,converged,gap_callback_with_solver_termination
477,0.5127841021886234,MEL-ADMM,0.01,0.01,57.111263275146484,3.6316725489581057,3.6313159779671316,0.009819332526763347,3.7643499428696714e-16,0.0009871421705740097,32,converged,gap_residual_and_feasibility
477,0.5127841021886234,sMEL-ADMM,0.01,0.01,5.0415410000000005,3.631642542273057,3.6313159779671316,0.008993001653031187,2.919886554764162e-14,6.903822565398378e-5,93,converged,gap_residual_and_feasibility
478,0.5499233044446299,IPOPT,0.01,1.0e-10,36.4680290222168,3.5599633815548257,3.5599633815548257,0.0,9.995268612783548e-9,NaN,38,INTERRUPTED,gap_and_residual
478,0.5499233044446299,MadNLP,0.01,0.01,26.057958602905273,3.560077617256343,3.5599633815548257,0.003208901027163641,2.7755575615628914e-17,NaN,30,INTERRUPTED,gap_and_residual
478,0.5499233044446299,ADMM,0.01,0.0001,433.1402778625488,3.5603043808013326,3.5599633815548257,0.009578729047430437,4.2977774117325396e-16,0.0008892889543352794,34,converged,gap_callback_with_solver_termination
478,0.5499233044446299,MEL-ADMM,0.01,0.01,60.621023178100586,3.560317174506155,3.5599633815548257,0.009938106474976444,3.5388358909926865e-16,0.003692328426894289,33,converged,gap_residual_and_feasibility
478,0.5499233044446299,sMEL-ADMM,0.01,0.01,4.954705000000001,3.560280227187347,3.5599633815548257,0.008900249765566906,2.864375403532904e-14,6.911594684219126e-5,93,converged,gap_residual_and_feasibility
479,0.3965085067059066,IPOPT,0.01,1.0e-10,23.836135864257812,3.8547070346701946,3.8547070346701946,0.0,9.995268501761245e-9,NaN,29,INTERRUPTED,gap_and_residual
479,0.3965085067059066,MadNLP,0.01,0.01,15.41280746459961,3.8548281030710885,3.8547070346701946,0.0031407938347831955,6.526029716624748e-15,NaN,22,INTERRUPTED,gap_and_residual
479,0.3965085067059066,ADMM,0.01,0.0001,381.0431957244873,3.85509168308043,3.8547070346701946,0.009978667815104977,7.852274386266345e-12,0.002443278031013952,30,converged,gap_callback_with_solver_termination
479,0.3965085067059066,MEL-ADMM,0.01,0.01,53.68804931640625,3.855090236498465,3.8547070346701946,0.009941140139152684,3.7470027081099033e-16,0.0013211784594929325,30,converged,gap_residual_and_feasibility
479,0.3965085067059066,sMEL-ADMM,0.01,0.01,4.898535,3.855044818735951,3.8547070346701946,0.00876289852168371,3.064215547965432e-14,6.910612797635888e-5,93,converged,gap_residual_and_feasibility
480,0.36517453642212844,IPOPT,0.01,1.0e-10,24.657011032104492,3.914906500459513,3.914906500459513,0.0,9.995268557272396e-9,NaN,30,INTERRUPTED,gap_and_residual
480,0.36517453642212844,MadNLP,0.01,0.01,16.05510711669922,3.9150292499647983,3.914906500459513,0.003135439001435076,2.7755575615628914e-17,NaN,23,INTERRUPTED,gap_and_residual
480,0.36517453642212844,ADMM,0.01,0.0001,381.64401054382324,3.9152909107999365,3.914906500459513,0.009819144860247304,9.223621866283338e-12,0.0024049097414202553,30,converged,gap_callback_with_solver_termination
480,0.36517453642212844,MEL-ADMM,0.01,0.01,54.9314022064209,3.915289810511085,3.914906500459513,0.009791039748376655,3.0878077872387166e-16,0.001296493290022481,30,converged,gap_residual_and_feasibility
480,0.36517453642212844,sMEL-ADMM,0.01,0.01,5.541466,3.9152468478357685,3.914906500459513,0.00869362719685323,2.853273173286652e-14,6.923742583925165e-5,93,converged,gap_residual_and_feasibility
481,0.5270191958299348,IPOPT,0.01,1.0e-10,26.710033416748047,3.603967224364984,3.603967224364984,0.0,9.995268057672035e-9,NaN,33,INTERRUPTED,gap_and_residual
481,0.5270191958299348,MadNLP,0.01,0.01,14.988183975219727,3.60403481617747,3.603967224364984,0.0018754835512711145,7.674416657721395e-15,NaN,22,INTERRUPTED,gap_and_residual
481,0.5270191958299348,ADMM,0.01,0.0001,406.9397449493408,3.604325555643837,3.603967224364984,0.009942689723440382,9.591372140960175e-11,0.001275428515391891,32,converged,gap_callback_with_solver_termination
481,0.5270191958299348,MEL-ADMM,0.01,0.01,57.503700256347656,3.6043264426016233,3.603967224364984,0.009967300318684744,4.371503159461554e-16,0.0030352112232666217,32,converged,gap_residual_and_feasibility
481,0.5270191958299348,sMEL-ADMM,0.01,0.01,4.894785,3.604290524612791,3.603967224364984,0.008970676692663925,2.90878432451791e-14,6.908578725364246e-5,93,converged,gap_residual_and_feasibility
482,0.6212857231894927,IPOPT,0.01,1.0e-10,28.712987899780273,3.4228604403389906,3.4228604403389906,0.0,9.995267669093977e-9,NaN,32,INTERRUPTED,gap_and_residual
482,0.6212857231894927,MadNLP,0.01,0.01,38.14387321472168,3.422972028641702,3.4228604403389906,0.003260089175600624,3.469446951953614e-17,NaN,49,INTERRUPTED,gap_and_residual
482,0.6212857231894927,ADMM,0.01,0.0001,434.3748092651367,3.4231849413692594,3.4228604403389906,0.009480404939813508,1.7875700919489645e-12,0.017517300817076226,34,converged,gap_callback_with_solver_termination
482,0.6212857231894927,MEL-ADMM,0.01,0.01,69.11659240722656,3.423191967896199,3.4228604403389906,0.009685687248627308,3.122502256758253e-16,0.005016686657617987,37,converged,gap_residual_and_feasibility
482,0.6212857231894927,sMEL-ADMM,0.01,0.01,5.482295,3.4231339991517182,3.4228604403389906,0.007992111203357213,2.964295475749168e-14,6.420457297560099e-5,93,converged,gap_residual_and_feasibility
483,0.2797187246817307,IPOPT,0.01,1.0e-10,42.799949645996094,4.079085957093069,4.079085957093069,0.0,9.995267669093977e-9,NaN,48,INTERRUPTED,gap_and_residual
483,0.2797187246817307,MadNLP,0.01,0.01,28.630971908569336,4.079207783439883,4.079085957093069,0.0029866089632723304,7.19910242530375e-15,NaN,37,INTERRUPTED,gap_and_residual
483,0.2797187246817307,ADMM,0.01,0.0001,333.7268829345703,4.079489607749596,4.079085957093069,0.009895615360234119,3.7470027081099033e-16,0.025384728108793702,26,converged,gap_callback_with_solver_termination
483,0.2797187246817307,MEL-ADMM,0.01,0.01,54.473161697387695,4.079469708848712,4.079085957093069,0.009407787913259549,3.2612801348363973e-16,0.001231916808193033,30,converged,gap_residual_and_feasibility
483,0.2797187246817307,sMEL-ADMM,0.01,0.01,4.93175,4.0794356659581075,4.079085957093069,0.00857321637045908,2.964295475749168e-14,6.952012895636902e-5,93,converged,gap_residual_and_feasibility
484,0.5136892433837885,IPOPT,0.01,1.0e-10,27.105093002319336,3.6295770021552762,3.6295770021552762,0.0,9.995268335227792e-9,NaN,33,INTERRUPTED,gap_and_residual
484,0.5136892433837885,MadNLP,0.01,0.01,15.297889709472656,3.629692591058538,3.6295770021552762,0.003184638408088897,2.7755575615628914e-17,NaN,22,INTERRUPTED,gap_and_residual
484,0.5136892433837885,ADMM,0.01,0.0001,406.172513961792,3.6299323236945527,3.6295770021552762,0.00978961292363897,3.885780586188048e-16,0.0014556465051923893,32,converged,gap_callback_with_solver_termination
484,0.5136892433837885,MEL-ADMM,0.01,0.01,57.50274658203125,3.629933361948561,3.6295770021552762,0.009818218295778166,3.469446951953614e-16,0.0010644339276846028,32,converged,gap_residual_and_feasibility
484,0.5136892433837885,sMEL-ADMM,0.01,0.01,4.879084,3.6299033646896017,3.6295770021552762,0.008991751218715023,2.8976820942716586e-14,6.904265739515747e-5,93,converged,gap_residual_and_feasibility
485,0.6660166205892751,IPOPT,0.01,1.0e-10,28.313875198364258,3.3369225236512183,3.3369225236512183,0.0,9.995267724605128e-9,NaN,35,INTERRUPTED,gap_and_residual
485,0.6660166205892751,MadNLP,0.01,0.01,16.682863235473633,3.337032558897212,3.3369225236512183,0.0032975067659980458,2.0816681711721685e-17,NaN,25,INTERRUPTED,gap_and_residual
485,0.6660166205892751,ADMM,0.01,0.0001,472.5780487060547,3.337234049463936,3.3369225236512183,0.009335722076546553,3.49353879158798e-12,0.01564867728536284,37,converged,gap_callback_with_solver_termination
485,0.6660166205892751,MEL-ADMM,0.01,0.01,74.01204109191895,3.337249218769501,3.3369225236512183,0.0097903117608285,3.7773603689394974e-16,0.007076507066281623,40,converged,gap_residual_and_feasibility
485,0.6660166205892751,sMEL-ADMM,0.01,0.01,5.251878,3.3371724255861914,3.3369225236512183,0.007488994221527692,2.9531932455029164e-14,6.126488517953568e-5,93,converged,gap_residual_and_feasibility
486,0.5030508820756948,IPOPT,0.01,1.0e-10,26.401996612548828,3.6500156398963948,3.6500156398963948,0.0,9.995268113183187e-9,NaN,32,INTERRUPTED,gap_and_residual
486,0.5030508820756948,MadNLP,0.01,0.01,14.946937561035156,3.6500837388287306,3.6500156398963948,0.0018657161791714697,2.7755575615628914e-17,NaN,21,INTERRUPTED,gap_and_residual
486,0.5030508820756948,ADMM,0.01,0.0001,393.39590072631836,3.6503766241625,3.6500156398963948,0.009889937515869071,3.8163916471489756e-16,0.0019308679486113763,31,converged,gap_callback_with_solver_termination
486,0.5030508820756948,MEL-ADMM,0.01,0.01,57.82485008239746,3.6503754100469417,3.6500156398963948,0.009856674218445317,4.516387264175137e-13,0.00042735407965692473,32,converged,gap_residual_and_feasibility
486,0.5030508820756948,sMEL-ADMM,0.01,0.01,5.1085840000000005,3.6503442250777196,3.6500156398963948,0.009002295160964385,2.8754776337791554e-14,6.89865605039263e-5,93,converged,gap_residual_and_feasibility
487,0.7389979586516147,IPOPT,0.01,1.0e-10,37.139177322387695,3.196709281468553,3.196709281468553,0.0,9.995268224205489e-9,NaN,41,INTERRUPTED,gap_and_residual
487,0.7389979586516147,MadNLP,0.01,0.01,25.182008743286133,3.1968151303829404,3.196709281468553,0.003311183628766692,2.42861286636753e-17,NaN,33,INTERRUPTED,gap_and_residual
487,0.7389979586516147,ADMM,0.01,0.0001,570.3392028808594,3.1969806517496586,3.196709281468553,0.008489050996241955,3.8941461166785984e-11,0.012469522313637876,45,converged,gap_callback_with_solver_termination
487,0.7389979586516147,MEL-ADMM,0.01,0.01,84.53226089477539,3.1970038300741095,3.196709281468553,0.00921411925894677,3.469446951953614e-16,0.008089041588767531,47,converged,gap_residual_and_feasibility
487,0.7389979586516147,sMEL-ADMM,0.01,0.01,16.392626,3.196946016058373,3.196709281468553,0.007405571447867479,2.886579864025407e-14,0.00010531410899228266,93,converged,gap_residual_and_feasibility
488,0.5929406903644836,IPOPT,0.01,1.0e-10,30.566930770874023,3.477317498234721,3.477317498234721,0.0,9.995267502560523e-9,NaN,34,INTERRUPTED,gap_and_residual
488,0.5929406903644836,MadNLP,0.01,0.01,19.25516128540039,3.477430231052163,3.477317498234721,0.0032419477801387208,4.163336342344337e-17,NaN,24,INTERRUPTED,gap_and_residual
488,0.5929406903644836,ADMM,0.01,0.0001,412.1212959289551,3.477648656384144,3.477317498234721,0.009523379719899906,3.1558089474970075e-13,0.019346402854997766,32,converged,gap_callback_with_solver_termination
488,0.5929406903644836,MEL-ADMM,0.01,0.01,66.67137145996094,3.477644440940282,3.477317498234721,0.009402152829788178,3.95516952522712e-16,0.001618976730254752,36,converged,gap_residual_and_feasibility
488,0.5929406903644836,sMEL-ADMM,0.01,0.01,4.864706,3.4776090382483655,3.477317498234721,0.008384049307914303,2.8754776337791554e-14,6.700390909349964e-5,93,converged,gap_residual_and_feasibility
489,0.6230743809443313,IPOPT,0.01,1.0e-10,46.729087829589844,3.4194240344081086,3.4194240344081086,0.0,9.995268057672035e-9,NaN,52,INTERRUPTED,gap_and_residual
489,0.6230743809443313,MadNLP,0.01,0.01,28.726816177368164,3.419535756685099,3.4194240344081086,0.003267283491780454,3.469446951953614e-17,NaN,37,INTERRUPTED,gap_and_residual
489,0.6230743809443313,ADMM,0.01,0.0001,437.1452331542969,3.419748357371394,3.4194240344081086,0.00948472491337503,2.0498047703654265e-12,0.01745323264300308,34,converged,gap_callback_with_solver_termination
489,0.6230743809443313,MEL-ADMM,0.01,0.01,68.43757629394531,3.419760654319074,3.4194240344081086,0.009844345351097442,3.5388358909926865e-16,0.005755492434609022,37,converged,gap_residual_and_feasibility
489,0.6230743809443313,sMEL-ADMM,0.01,0.01,4.863949,3.4196964301198225,3.4194240344081086,0.007966128475816299,3.019806626980426e-14,6.397640737901798e-5,93,converged,gap_residual_and_feasibility
490,0.5960945250824343,IPOPT,0.01,1.0e-10,30.93409538269043,3.471258286347777,3.471258286347777,0.0,9.995268779317001e-9,NaN,34,INTERRUPTED,gap_and_residual
490,0.5960945250824343,MadNLP,0.01,0.01,18.565893173217773,3.4713709095635514,3.471258286347777,0.003244449317343908,6.8512903683704e-15,NaN,24,INTERRUPTED,gap_and_residual
490,0.5960945250824343,ADMM,0.01,0.0001,418.1339740753174,3.471591620855758,3.471258286347777,0.009602699669229832,3.2612801348363973e-16,0.019346859188556574,32,converged,gap_callback_with_solver_termination
490,0.5960945250824343,MEL-ADMM,0.01,0.01,66.80631637573242,3.471585267053335,3.471258286347777,0.00941965934498044,3.608224830031759e-16,0.002158808277751235,36,converged,gap_residual_and_feasibility
490,0.5960945250824343,sMEL-ADMM,0.01,0.01,4.896253,3.4715478249523803,3.471258286347777,0.008341027394656952,2.919886554764162e-14,6.675705070271435e-5,93,converged,gap_residual_and_feasibility
491,0.27863382999357783,IPOPT,0.01,1.0e-10,39.52503204345703,4.081170278999067,4.081170278999067,0.0,9.995268390738943e-9,NaN,45,INTERRUPTED,gap_and_residual
491,0.27863382999357783,MadNLP,0.01,0.01,27.701854705810547,4.081309470553853,4.081170278999067,0.003410579448311626,8.628514569508638e-15,NaN,37,INTERRUPTED,gap_and_residual
491,0.27863382999357783,ADMM,0.01,0.0001,332.9482078552246,4.081573929649801,4.081170278999067,0.009890561362059926,2.706168622523819e-16,0.025384728123978545,26,converged,gap_callback_with_solver_termination
491,0.27863382999357783,MEL-ADMM,0.01,0.01,54.02565002441406,4.081554042658622,4.081170278999067,0.009403274877555764,3.5735303605122226e-16,0.0012319168486830435,30,converged,gap_residual_and_feasibility
491,0.27863382999357783,sMEL-ADMM,0.01,0.01,4.863203,4.081520075039801,4.081170278999067,0.008570973932025827,2.9531932455029164e-14,6.952226899613681e-5,93,converged,gap_residual_and_feasibility
492,0.5754839351166554,IPOPT,0.01,1.0e-10,26.582002639770508,3.510855774131996,3.510855774131996,0.0,9.995268612783548e-9,NaN,33,INTERRUPTED,gap_and_residual
492,0.5754839351166554,MadNLP,0.01,0.01,15.189886093139648,3.5109691121870243,3.510855774131996,0.003228217344138656,2.7755575615628914e-17,NaN,22,INTERRUPTED,gap_and_residual
492,0.5754839351166554,ADMM,0.01,0.0001,395.24149894714355,3.511192317308394,3.510855774131996,0.00958578757001715,3.5388358909926865e-16,0.01948054260904237,31,converged,gap_callback_with_solver_termination
492,0.5754839351166554,MEL-ADMM,0.01,0.01,66.27368927001953,3.5111891148516827,3.510855774131996,0.009494571726433754,3.191891195797325e-16,0.001476453224685724,35,converged,gap_residual_and_feasibility
492,0.5754839351166554,sMEL-ADMM,0.01,0.01,4.996715,3.5111592310967548,3.510855774131996,0.008643390223959472,2.808864252301646e-14,6.828393133068156e-5,93,converged,gap_residual_and_feasibility
493,0.3857168566694862,IPOPT,0.01,1.0e-10,23.730039596557617,3.8754401738572883,3.8754401738572883,0.0,9.995268224205489e-9,NaN,29,INTERRUPTED,gap_and_residual
493,0.3857168566694862,MadNLP,0.01,0.01,15.473127365112305,3.875561817034996,3.8754401738572883,0.003138822230521032,2.7755575615628914e-17,NaN,22,INTERRUPTED,gap_and_residual
493,0.3857168566694862,ADMM,0.01,0.0001,385.09416580200195,3.8758247451576784,3.8754401738572883,0.00992329343604023,3.8163916471489756e-16,0.0024300201212047595,30,converged,gap_callback_with_solver_termination
493,0.3857168566694862,MEL-ADMM,0.01,0.01,53.86209487915039,3.8758234064489687,3.8754401738572883,0.009888750038397441,3.95516952522712e-16,0.0013126825350430645,30,converged,gap_residual_and_feasibility
493,0.3857168566694862,sMEL-ADMM,0.01,0.01,5.012455,3.8757788255115857,3.8754401738572883,0.00873840490641083,3.097522238704187e-14,6.915374807801074e-5,93,converged,gap_residual_and_feasibility
494,0.31826700345190195,IPOPT,0.01,1.0e-10,29.080867767333984,4.0050262140077075,4.0050262140077075,0.0,9.995268057672035e-9,NaN,35,INTERRUPTED,gap_and_residual
494,0.31826700345190195,MadNLP,0.01,0.01,19.036054611206055,4.005152776416104,4.0050262140077075,0.003160089388516132,8.98586760555986e-15,NaN,27,INTERRUPTED,gap_and_residual
494,0.31826700345190195,ADMM,0.01,0.0001,381.36816024780273,4.005410290463386,4.0050262140077075,0.009589861218268615,6.703249066930539e-12,0.0023458308025906087,30,converged,gap_callback_with_solver_termination
494,0.31826700345190195,MEL-ADMM,0.01,0.01,54.24046516418457,4.005409752063525,4.0050262140077075,0.00957641811370916,3.7470027081099033e-16,0.0012594839498852872,30,converged,gap_residual_and_feasibility
494,0.31826700345190195,sMEL-ADMM,0.01,0.01,5.468459,4.005371922812606,4.0050262140077075,0.008631873711324654,2.930988785010413e-14,6.941522459388318e-5,93,converged,gap_residual_and_feasibility
495,0.4024229061726127,IPOPT,0.01,1.0e-10,24.734973907470703,3.843344169219828,3.843344169219828,0.0,9.995268446250094e-9,NaN,30,INTERRUPTED,gap_and_residual
495,0.4024229061726127,MadNLP,0.01,0.01,15.081167221069336,3.843417321517059,3.843344169219828,0.001903350155749015,8.874845303097345e-15,NaN,22,INTERRUPTED,gap_and_residual
495,0.4024229061726127,ADMM,0.01,0.0001,394.23227310180664,3.8437187430557587,3.843344169219828,0.009746039371922371,9.736655925962623e-13,0.00027624639693751146,31,converged,gap_callback_with_solver_termination
495,0.4024229061726127,MEL-ADMM,0.01,0.01,53.78460884094238,3.843727357530327,3.843344169219828,0.009970179448612292,3.469446951953614e-16,0.0013258310400284593,30,converged,gap_residual_and_feasibility
495,0.4024229061726127,sMEL-ADMM,0.01,0.01,4.948959,3.8436815025121045,3.843344169219828,0.0087770773946834,2.9976021664879227e-14,6.908074071946234e-5,93,converged,gap_residual_and_feasibility
496,0.267975106940773,IPOPT,0.01,1.0e-10,43.43008995056152,4.101648036141423,4.101648036141423,0.0,9.995268224205489e-9,NaN,48,INTERRUPTED,gap_and_residual
496,0.267975106940773,MadNLP,0.01,0.01,28.926849365234375,4.101793360036269,4.101648036141423,0.003543061071193381,9.173217740965356e-15,NaN,37,INTERRUPTED,gap_and_residual
496,0.267975106940773,ADMM,0.01,0.0001,343.1057929992676,4.102051688987519,4.101648036141423,0.009841235584794661,3.191891195797325e-16,0.025384725304109755,26,converged,gap_callback_with_solver_termination
496,0.267975106940773,MEL-ADMM,0.01,0.01,53.94244194030762,4.1020319155273945,4.101648036141423,0.009359149848764873,4.0592529337857286e-16,0.0012319171044815162,30,converged,gap_residual_and_feasibility
496,0.267975106940773,sMEL-ADMM,0.01,0.01,5.6468739999999995,4.101998640820933,4.101648036141423,0.008547897733319864,2.864375403532904e-14,6.954206145534051e-5,93,converged,gap_residual_and_feasibility
497,0.3608702389278029,IPOPT,0.01,1.0e-10,24.742841720581055,3.923176005007132,3.923176005007132,0.0,9.995268446250094e-9,NaN,30,INTERRUPTED,gap_and_residual
497,0.3608702389278029,MadNLP,0.01,0.01,15.182018280029297,3.9232512942537436,3.923176005007132,0.0019190891898739474,7.868705687030797e-15,NaN,22,INTERRUPTED,gap_and_residual
497,0.3608702389278029,ADMM,0.01,0.0001,380.903959274292,3.9235604020820567,3.923176005007132,0.009798109349014069,4.906519635028417e-12,0.00239954608244531,30,converged,gap_callback_with_solver_termination
497,0.3608702389278029,MEL-ADMM,0.01,0.01,55.06300926208496,3.923559333756653,3.923176005007132,0.009770878212752696,3.6570746431152656e-13,0.001293098822790939,30,converged,gap_residual_and_feasibility
497,0.3608702389278029,sMEL-ADMM,0.01,0.01,4.865959,3.9235167536518483,3.923176005007132,0.008685530403977614,2.9531932455029164e-14,6.925455558229928e-5,93,converged,gap_residual_and_feasibility
498,0.25596895076423143,IPOPT,0.01,1.0e-10,37.73212432861328,4.12471450941197,4.12471450941197,0.0,9.995267946649733e-9,NaN,46,INTERRUPTED,gap_and_residual
498,0.25596895076423143,MadNLP,0.01,0.01,18.10622215270996,4.124870372485613,4.12471450941197,0.0037787602823560634,9.402201239794294e-15,NaN,27,INTERRUPTED,gap_and_residual
498,0.25596895076423143,ADMM,0.01,0.0001,345.45373916625977,4.1251181623248945,4.12471450941197,0.009786202463298425,3.677613769070831e-16,0.025384725304111573,26,converged,gap_callback_with_solver_termination
498,0.25596895076423143,MEL-ADMM,0.01,0.01,53.994178771972656,4.125098516510239,4.12471450941197,0.009309907325531934,4.3021142204224816e-16,0.001231916846672277,30,converged,gap_residual_and_feasibility
498,0.25596895076423143,sMEL-ADMM,0.01,0.01,5.459252,4.125065865054628,4.12471450941197,0.008518302099600297,3.086420008457935e-14,6.95601008195209e-5,93,converged,gap_residual_and_feasibility
499,0.44418691807434296,IPOPT,0.01,1.0e-10,23.196935653686523,3.763106293746873,3.763106293746873,0.0,9.995268057672035e-9,NaN,28,INTERRUPTED,gap_and_residual
499,0.44418691807434296,MadNLP,0.01,0.01,14.536142349243164,3.7632248764597835,3.763106293746873,0.003151192224027239,7.389922007661198e-15,NaN,21,INTERRUPTED,gap_and_residual
499,0.44418691807434296,ADMM,0.01,0.0001,390.704870223999,3.7634803221234954,3.763106293746873,0.009939351892445342,3.7816971776294395e-16,0.00028012512212030605,31,converged,gap_callback_with_solver_termination
499,0.44418691807434296,MEL-ADMM,0.01,0.01,61.21015548706055,3.76348238817555,3.763106293746873,0.009994254727855688,2.3933122150765485e-10,6.810090048815082e-6,34,converged,gap_residual_and_feasibility
499,0.44418691807434296,sMEL-ADMM,0.01,0.01,4.861,3.7634412355375937,3.763106293746873,0.00890067312946084,3.019806626980426e-14,6.894156688137462e-5,93,converged,gap_residual_and_feasibility
500,0.4200191918208911,IPOPT,0.01,1.0e-10,25.18296241760254,3.8095378246580256,3.8095378246580256,0.0,9.995268168694338e-9,NaN,31,INTERRUPTED,gap_and_residual
500,0.4200191918208911,MadNLP,0.01,0.01,15.931129455566406,3.809657651798648,3.8095378246580256,0.0031454508693105317,3.469446951953614e-17,NaN,23,INTERRUPTED,gap_and_residual
500,0.4200191918208911,ADMM,0.01,0.0001,391.05701446533203,3.809912388002062,3.8095378246580256,0.009832251608364241,4.479923376710104e-16,0.0002786468505595087,31,converged,gap_callback_with_solver_termination
500,0.4200191918208911,MEL-ADMM,0.01,0.01,55.19723892211914,3.8099152929452047,3.8095378246580256,0.009908506085327826,7.6261219561502e-13,0.0001818441068371264,31,converged,gap_residual_and_feasibility
500,0.4200191918208911,sMEL-ADMM,0.01,0.01,5.178211,3.8098740077407824,3.8095378246580256,0.008824773456266321,2.9531932455029164e-14,6.901153957116282e-5,93,converged,gap_residual_and_feasibility
501,0.7052646588045913,IPOPT,0.01,1.0e-10,26.804208755493164,3.261518388380665,3.261518388380665,0.0,9.995268501761245e-9,NaN,33,INTERRUPTED,gap_and_residual
501,0.7052646588045913,MadNLP,0.01,0.01,14.200210571289062,3.2615952349400725,3.261518388380665,0.0023561590111280247,1.0956513474269514e-14,NaN,21,INTERRUPTED,gap_and_residual
501,0.7052646588045913,ADMM,0.01,0.0001,517.5204277038574,3.261805325083077,3.261518388380665,0.008797641719093653,4.510281037539698e-16,0.014324004085978706,41,converged,gap_callback_with_solver_termination
501,0.7052646588045913,MEL-ADMM,0.01,0.01,78.08852195739746,3.261810133412056,3.261518388380665,0.008945067807387618,3.660266534311063e-16,0.00463503172349089,44,converged,gap_residual_and_feasibility
501,0.7052646588045913,sMEL-ADMM,0.01,0.01,5.60979,3.2617574431850764,3.261518388380665,0.0073295556224051124,2.853273173286652e-14,7.780586519167158e-5,93,converged,gap_residual_and_feasibility
502,0.7189244891136846,IPOPT,0.01,1.0e-10,40.20190238952637,3.235274842480383,3.235274842480383,0.0,9.995268390738943e-9,NaN,44,INTERRUPTED,gap_and_residual
502,0.7189244891136846,MadNLP,0.01,0.01,27.87184715270996,3.2353531248920713,3.235274842480383,0.0024196525952039655,1.0824674490095276e-15,NaN,36,INTERRUPTED,gap_and_residual
502,0.7189244891136846,ADMM,0.01,0.0001,533.5838794708252,3.2355783600706367,3.235274842480383,0.009381508682606723,7.748413022312661e-12,0.014248328562218913,42,converged,gap_callback_with_solver_termination
502,0.7189244891136846,MEL-ADMM,0.01,0.01,80.36565780639648,3.2355714362829797,3.235274842480383,0.00916749942546185,3.712308238590367e-16,0.006711198352463121,45,converged,gap_residual_and_feasibility
502,0.7189244891136846,sMEL-ADMM,0.01,0.01,4.94071,3.235512070156856,3.235274842480383,0.007332535503868713,2.919886554764162e-14,9.238395527486586e-5,93,converged,gap_residual_and_feasibility
503,0.6540302288674587,IPOPT,0.01,1.0e-10,22.340059280395508,3.35995102504635,3.35995102504635,0.0,9.995268390738943e-9,NaN,27,INTERRUPTED,gap_and_residual
503,0.6540302288674587,MadNLP,0.01,0.01,13.483047485351562,3.3600216095905093,3.35995102504635,0.0021007611013716984,8.531370054853937e-15,NaN,19,INTERRUPTED,gap_and_residual
503,0.6540302288674587,ADMM,0.01,0.0001,461.2612724304199,3.3602670176761245,3.35995102504635,0.009404679634283744,1.6131540547803525e-12,0.016163557917327247,36,converged,gap_callback_with_solver_termination
503,0.6540302288674587,MEL-ADMM,0.01,0.01,73.63200187683105,3.3602562732730283,3.35995102504635,0.009084901071559879,3.2395960913866872e-16,0.0024698838851087146,40,converged,gap_residual_and_feasibility
503,0.6540302288674587,sMEL-ADMM,0.01,0.01,4.835087,3.360205767278666,3.35995102504635,0.007581724567325074,2.958744360626042e-14,6.126498073253522e-5,93,converged,gap_residual_and_feasibility
504,0.6268028858462256,IPOPT,0.01,1.0e-10,36.084890365600586,3.4122607543879258,3.4122607543879258,0.0,9.99526739153822e-9,NaN,39,INTERRUPTED,gap_and_residual
504,0.6268028858462256,MadNLP,0.01,0.01,22.890090942382812,3.412372345971926,3.4122607543879258,0.0032703123246641303,2.7755575615628914e-17,NaN,30,INTERRUPTED,gap_and_residual
504,0.6268028858462256,ADMM,0.01,0.0001,436.5673065185547,3.412590605981984,3.4122607543879258,0.009666658494196782,2.6877389203150415e-12,0.017319796496633597,34,converged,gap_callback_with_solver_termination
504,0.6268028858462256,MEL-ADMM,0.01,0.01,70.0986385345459,3.412576215179345,3.4122607543879258,0.009244920424491251,3.8163916471489756e-16,0.0023267033066890486,38,converged,gap_residual_and_feasibility
504,0.6268028858462256,sMEL-ADMM,0.01,0.01,4.983160000000001,3.412530732673362,3.4122607543879258,0.007912006287587921,2.930988785010413e-14,6.347802578742304e-5,93,converged,gap_residual_and_feasibility
505,0.7266579547038912,IPOPT,0.01,1.0e-10,47.55997657775879,3.220417149918146,3.220417149918146,0.0,9.995267724605128e-9,NaN,49,INTERRUPTED,gap_and_residual
505,0.7266579547038912,MadNLP,0.01,0.01,20.918846130371094,3.2204961769875067,3.220417149918146,0.002453938905476259,3.469446951953614e-17,NaN,31,INTERRUPTED,gap_and_residual
505,0.7266579547038912,ADMM,0.01,0.0001,546.1428165435791,3.220714026039164,3.220417149918146,0.009218561049618434,3.0531133177191805e-16,0.014137615641562674,43,converged,gap_callback_with_solver_termination
505,0.7266579547038912,MEL-ADMM,0.01,0.01,82.51619338989258,3.220705541627703,3.220417149918146,0.008955104141212412,3.885780586188048e-16,0.005924127712774684,46,converged,gap_residual_and_feasibility
505,0.7266579547038912,sMEL-ADMM,0.01,0.01,5.753710000000001,3.2206538247673553,3.220417149918146,0.007349198510357573,2.9531932455029164e-14,9.910413831663075e-5,93,converged,gap_residual_and_feasibility
506,0.5642815271926636,IPOPT,0.01,1.0e-10,30.577898025512695,3.532378069789744,3.532378069789744,0.0,9.995268113183187e-9,NaN,34,INTERRUPTED,gap_and_residual
506,0.5642815271926636,MadNLP,0.01,0.01,19.19102668762207,3.532491796033036,3.532378069789744,0.003219537689497424,2.7755575615628914e-17,NaN,24,INTERRUPTED,gap_and_residual
506,0.5642815271926636,ADMM,0.01,0.0001,436.34557723999023,3.5327187062488004,3.532378069789744,0.009643261630736241,5.257227431165745e-10,0.0007840356617176414,34,converged,gap_callback_with_solver_termination
506,0.5642815271926636,MEL-ADMM,0.01,0.01,63.776254653930664,3.5327194252618144,3.532378069789744,0.009663616558770868,3.8163916471489756e-16,0.002593427590316045,34,converged,gap_residual_and_feasibility
506,0.5642815271926636,sMEL-ADMM,0.01,0.01,5.113917,3.5326889230888385,3.532378069789744,0.008800114057815209,2.886579864025407e-14,6.888634829307298e-5,93,converged,gap_residual_and_feasibility
507,0.5470187738546051,IPOPT,0.01,1.0e-10,31.12506866455078,3.5655436252425785,3.5655436252425785,0.0,9.995268224205489e-9,NaN,34,INTERRUPTED,gap_and_residual
507,0.5470187738546051,MadNLP,0.01,0.01,20.042896270751953,3.565657965042906,3.5655436252425785,0.0032067985234537633,2.7755575615628914e-17,NaN,24,INTERRUPTED,gap_and_residual
507,0.5470187738546051,ADMM,0.01,0.0001,424.20506477355957,3.565898094926783,3.5655436252425785,0.009941532665456863,4.0245584642661925e-16,0.0019507812951775894,33,converged,gap_callback_with_solver_termination
507,0.5470187738546051,MEL-ADMM,0.01,0.01,60.648441314697266,3.5658940054815305,3.5655436252425785,0.009826839208231956,1.759703494030873e-14,0.002970857559352712,33,converged,gap_residual_and_feasibility
507,0.5470187738546051,sMEL-ADMM,0.01,0.01,4.8965,3.5658613764291935,3.5655436252425785,0.008911717819562959,2.8754776337791554e-14,6.911809763044882e-5,93,converged,gap_residual_and_feasibility
508,0.33309875571798325,IPOPT,0.01,1.0e-10,38.35701942443848,3.976531147629233,3.976531147629233,0.0,9.995268335227792e-9,NaN,43,INTERRUPTED,gap_and_residual
508,0.33309875571798325,MadNLP,0.01,0.01,25.272846221923828,3.9766072322555153,3.976531147629233,0.0019133416401818449,8.004014118156988e-15,NaN,32,INTERRUPTED,gap_and_residual
508,0.33309875571798325,ADMM,0.01,0.0001,382.3812007904053,3.9769153347538073,3.976531147629233,0.009661363392148722,4.487299420929958e-12,0.0023647633549122374,30,converged,gap_callback_with_solver_termination
508,0.33309875571798325,MEL-ADMM,0.01,0.01,54.49962615966797,3.976914610114419,3.976531147629233,0.009643140489785035,4.510281037539698e-16,0.0012711876779277521,30,converged,gap_residual_and_feasibility
508,0.33309875571798325,sMEL-ADMM,0.01,0.01,5.3325380000000004,3.9768750541609212,3.976531147629233,0.008648405329187437,3.0531133177191805e-14,6.93634794373555e-5,93,converged,gap_residual_and_feasibility
509,0.5027398509220828,IPOPT,0.01,1.0e-10,26.3369083404541,3.6506131993222137,3.6506131993222137,0.0,9.995267724605128e-9,NaN,32,INTERRUPTED,gap_and_residual
509,0.5027398509220828,MadNLP,0.01,0.01,14.406919479370117,3.6506813069735395,3.6506131993222137,0.001865649621232281,8.958112029944232e-15,NaN,21,INTERRUPTED,gap_and_residual
509,0.5027398509220828,ADMM,0.01,0.0001,395.42293548583984,3.650974609603429,3.6506131993222137,0.009899988343935164,3.5388358909926865e-16,0.002139497505770485,31,converged,gap_callback_with_solver_termination
509,0.5027398509220828,MEL-ADMM,0.01,0.01,57.98602104187012,3.650973084620949,3.6506131993222137,0.009858215019932134,1.2224926626558386e-10,0.0004157351358919474,32,converged,gap_residual_and_feasibility
509,0.5027398509220828,sMEL-ADMM,0.01,0.01,5.201757000000001,3.650941843696662,3.6506131993222137,0.009002443055570651,2.986499936241671e-14,6.898513192986518e-5,93,converged,gap_residual_and_feasibility
510,0.5519234203472433,IPOPT,0.01,1.0e-10,45.79305648803711,3.556120717897344,3.556120717897344,0.0,9.995267669093977e-9,NaN,53,INTERRUPTED,gap_and_residual
510,0.5519234203472433,MadNLP,0.01,0.01,27.835845947265625,3.5561880444960847,3.556120717897344,0.0018932596523423015,6.293576770843856e-15,NaN,38,INTERRUPTED,gap_and_residual
510,0.5519234203472433,ADMM,0.01,0.0001,433.74156951904297,3.556460949846474,3.556120717897344,0.009567502796442173,3.8163916471489756e-16,0.001207041705637693,34,converged,gap_callback_with_solver_termination
510,0.5519234203472433,MEL-ADMM,0.01,0.01,62.28137016296387,3.556462114198018,3.556120717897344,0.009600244979186691,3.677613769070831e-16,0.0009076222905187274,34,converged,gap_residual_and_feasibility
510,0.5519234203472433,sMEL-ADMM,0.01,0.01,4.906085,3.5564369154982103,3.556120717897344,0.008891644180545643,2.808864252301646e-14,6.911091020159708e-5,93,converged,gap_residual_and_feasibility
511,0.2799122524926309,IPOPT,0.01,1.0e-10,35.108089447021484,4.0787141474970925,4.0787141474970925,0.0,9.995268057672035e-9,NaN,39,INTERRUPTED,gap_and_residual
511,0.2799122524926309,MadNLP,0.01,0.01,20.663976669311523,4.078835781215577,4.0787141474970925,0.0029821584471536877,8.03003497029664e-15,NaN,25,INTERRUPTED,gap_and_residual
511,0.2799122524926309,ADMM,0.01,0.0001,334.8815441131592,4.07911779815345,4.0787141474970925,0.00989651742584886,3.5388358909926865e-16,0.02538472809855414,26,converged,gap_callback_with_solver_termination
511,0.2799122524926309,MEL-ADMM,0.01,0.01,54.11815643310547,4.079097897127062,4.0787141474970925,0.009408593397146666,4.440892098500626e-16,0.0012319168081506675,30,converged,gap_residual_and_feasibility
511,0.2799122524926309,sMEL-ADMM,0.01,0.01,5.7032929999999995,4.079063840217794,4.0787141474970925,0.008573602072990755,2.853273173286652e-14,6.951973466504634e-5,93,converged,gap_residual_and_feasibility
512,0.6449146334725565,IPOPT,0.01,1.0e-10,40.162086486816406,3.377464093711287,3.377464093711287,0.0,9.995268113183187e-9,NaN,43,INTERRUPTED,gap_and_residual
512,0.6449146334725565,MadNLP,0.01,0.01,27.138948440551758,3.377575014469126,3.377464093711287,0.0032841432140069075,3.469446951953614e-17,NaN,33,INTERRUPTED,gap_and_residual
512,0.6449146334725565,ADMM,0.01,0.0001,449.6045112609863,3.377800672041622,3.377464093711287,0.00996541550098979,2.7018942638790122e-12,0.016579708112547675,35,converged,gap_callback_with_solver_termination
512,0.6449146334725565,MEL-ADMM,0.01,0.01,71.33936882019043,3.3777764741576117,3.377464093711287,0.009248964242325974,3.608224830031759e-16,0.0035236062900041217,39,converged,gap_residual_and_feasibility
512,0.6449146334725565,sMEL-ADMM,0.01,0.01,4.944958,3.377723295174808,3.377464093711287,0.007674440240647757,2.964295475749168e-14,6.126504263196525e-5,93,converged,gap_residual_and_feasibility
513,0.7093761171278619,IPOPT,0.01,1.0e-10,21.84009552001953,3.253619370400036,3.253619370400036,0.0,9.995268002160884e-9,NaN,26,INTERRUPTED,gap_and_residual
513,0.7093761171278619,MadNLP,0.01,0.01,13.50712776184082,3.253727238858103,3.253619370400036,0.0033153373454938794,2.7755575615628914e-17,NaN,19,INTERRUPTED,gap_and_residual
513,0.7093761171278619,ADMM,0.01,0.0001,522.8376388549805,3.2539224635244546,3.253619370400036,0.009315567984871488,1.2100820345750662e-11,0.014324526491221503,41,converged,gap_callback_with_solver_termination
513,0.7093761171278619,MEL-ADMM,0.01,0.01,78.20487022399902,3.253920843602558,3.253619370400036,0.009265779681071722,3.885780586188048e-16,0.006729809100393713,44,converged,gap_residual_and_feasibility
513,0.7093761171278619,sMEL-ADMM,0.01,0.01,5.041459,3.2538577648144416,3.253619370400036,0.007327052960599681,2.864375403532904e-14,8.241277349135823e-5,93,converged,gap_residual_and_feasibility
514,0.5550614857817,IPOPT,0.01,1.0e-10,30.41982650756836,3.550091802280991,3.550091802280991,0.0,9.995268002160884e-9,NaN,33,INTERRUPTED,gap_and_residual
514,0.5550614857817,MadNLP,0.01,0.01,19.938945770263672,3.550205854599249,3.550091802280991,0.0032126582806911424,2.42861286636753e-17,NaN,24,INTERRUPTED,gap_and_residual
514,0.5550614857817,ADMM,0.01,0.0001,431.5145015716553,3.5504310731841406,3.550091802280991,0.009556679715481462,3.885780586188048e-16,0.0017029887380378486,34,converged,gap_callback_with_solver_termination
514,0.5550614857817,MEL-ADMM,0.01,0.01,61.91611289978027,3.5504323854985533,3.550091802280991,0.009593645362731782,3.677613769070831e-16,0.0011968223763905404,34,converged,gap_residual_and_feasibility
514,0.5550614857817,sMEL-ADMM,0.01,0.01,5.060959,3.5504069267451026,3.550091802280991,0.008876515923026396,3.019806626980426e-14,6.909193168752603e-5,93,converged,gap_residual_and_feasibility
515,0.6410823832988424,IPOPT,0.01,1.0e-10,35.993099212646484,3.3848266912735934,3.3848266912735934,0.0,9.99526783562743e-9,NaN,39,INTERRUPTED,gap_and_residual
515,0.6410823832988424,MadNLP,0.01,0.01,32.09185600280762,3.384937759686965,3.3848266912735934,0.003281361898326248,3.469446951953614e-17,NaN,40,INTERRUPTED,gap_and_residual
515,0.6410823832988424,ADMM,0.01,0.0001,445.48702239990234,3.3851464985521913,3.3848266912735934,0.009448261543860473,1.7206791547152989e-12,0.016716084363617136,35,converged,gap_callback_with_solver_termination
515,0.6410823832988424,MEL-ADMM,0.01,0.01,71.57254219055176,3.3851369451207436,3.3848266912735934,0.009166018690117444,4.163336342344337e-16,0.0024639280166585346,39,converged,gap_residual_and_feasibility
515,0.6410823832988424,sMEL-ADMM,0.01,0.01,5.569541,3.385087972189472,3.3848266912735934,0.0077191815035089605,2.90878432451791e-14,6.15193374675074e-5,93,converged,gap_residual_and_feasibility
516,0.5019416403651165,IPOPT,0.01,1.0e-10,26.040077209472656,3.6521467378007904,3.6521467378007904,0.0,9.99526827971664e-9,NaN,32,INTERRUPTED,gap_and_residual
516,0.5019416403651165,MadNLP,0.01,0.01,14.554023742675781,3.652214867942711,3.6521467378007904,0.0018654820523875315,7.750744490664374e-15,NaN,21,INTERRUPTED,gap_and_residual
516,0.5019416403651165,ADMM,0.01,0.0001,394.0575122833252,3.6525094812790155,3.6521467378007904,0.00993233580870886,3.677613769070831e-16,0.002550907539191412,31,converged,gap_callback_with_solver_termination
516,0.5019416403651165,MEL-ADMM,0.01,0.01,58.01057815551758,3.6525069223204256,3.6521467378007904,0.00986226856405438,3.677613769070831e-16,0.0003874093212480993,32,converged,gap_residual_and_feasibility
516,0.5019416403651165,sMEL-ADMM,0.01,0.01,5.354208,3.652475531990821,3.6521467378007904,0.009002765048501973,2.9531932455029164e-14,6.898143756508494e-5,93,converged,gap_residual_and_feasibility
517,0.4537146165834508,IPOPT,0.01,1.0e-10,23.631811141967773,3.744801484134314,3.744801484134314,0.0,9.995267946649733e-9,NaN,29,INTERRUPTED,gap_and_residual
517,0.4537146165834508,MadNLP,0.01,0.01,15.434026718139648,3.7449195955872234,3.744801484134314,0.0031540110579969605,2.7755575615628914e-17,NaN,22,INTERRUPTED,gap_and_residual
517,0.4537146165834508,ADMM,0.01,0.0001,404.6008586883545,3.74517534537452,3.744801484134314,0.009983472870055824,2.8755109404698942e-11,3.923153663593082e-5,32,converged,gap_callback_with_solver_termination
517,0.4537146165834508,MEL-ADMM,0.01,0.01,57.11722373962402,3.745175638552848,3.744801484134314,0.009991301811844147,3.3306690738754696e-16,2.814715883405622e-5,32,converged,gap_residual_and_feasibility
517,0.4537146165834508,sMEL-ADMM,0.01,0.01,4.916457,3.74513580611711,3.744801484134314,0.008927628986809238,2.9976021664879227e-14,6.892340651631912e-5,93,converged,gap_residual_and_feasibility
518,0.3472199855238561,IPOPT,0.01,1.0e-10,27.1298885345459,3.949401151560986,3.949401151560986,0.0,9.995268446250094e-9,NaN,33,INTERRUPTED,gap_and_residual
518,0.3472199855238561,MadNLP,0.01,0.01,15.798807144165039,3.9494768191787553,3.949401151560986,0.00191592636112515,7.632783294297951e-15,NaN,22,INTERRUPTED,gap_and_residual
518,0.3472199855238561,ADMM,0.01,0.0001,380.28740882873535,3.9497854456754986,3.949401151560986,0.009730440129152076,2.026656620301992e-12,0.002382544674157945,30,converged,gap_callback_with_solver_termination
518,0.3472199855238561,MEL-ADMM,0.01,0.01,54.77499961853027,3.949784543328058,3.949401151560986,0.009707592426269044,9.764966613090564e-13,0.001282330744327622,30,converged,gap_residual_and_feasibility
518,0.3472199855238561,sMEL-ADMM,0.01,0.01,4.904082,3.9497433333719796,3.949401151560986,0.008664144204708403,2.8976820942716586e-14,6.930952376393851e-5,93,converged,gap_residual_and_feasibility
519,0.39604434183619314,IPOPT,0.01,1.0e-10,24.178028106689453,3.8555987977293236,3.8555987977293236,0.0,9.995268446250094e-9,NaN,29,INTERRUPTED,gap_and_residual
519,0.39604434183619314,MadNLP,0.01,0.01,15.563011169433594,3.8557198907908488,3.8555987977293236,0.00314070700500544,2.7755575615628914e-17,NaN,22,INTERRUPTED,gap_and_residual
519,0.39604434183619314,ADMM,0.01,0.0001,382.4281692504883,3.8559834428394986,3.8555987977293236,0.009976274253470717,4.440892098500626e-16,0.00244271140008993,30,converged,gap_callback_with_solver_termination
519,0.39604434183619314,MEL-ADMM,0.01,0.01,53.906917572021484,3.8559820007126686,3.8555987977293236,0.009938870807064341,3.608224830031759e-16,0.0013208131809588006,30,converged,gap_residual_and_feasibility
519,0.39604434183619314,sMEL-ADMM,0.01,0.01,4.913626,3.8559366187231707,3.8555987977293236,0.00876182952557493,2.8754776337791554e-14,6.910816038748716e-5,93,converged,gap_residual_and_feasibility
520,0.5426454349709646,IPOPT,0.01,1.0e-10,27.014970779418945,3.5739457735221154,3.5739457735221154,0.0,9.995268335227792e-9,NaN,33,INTERRUPTED,gap_and_residual
520,0.5426454349709646,MadNLP,0.01,0.01,21.604061126708984,3.574060271873465,3.5739457735221154,0.0032036958198341688,8.569533971325427e-15,NaN,22,INTERRUPTED,gap_and_residual
520,0.5426454349709646,ADMM,0.01,0.0001,421.86522483825684,3.574290117681086,3.5739457735221154,0.009634845652160723,2.221112183065088e-12,0.0021789539095291854,33,converged,gap_callback_with_solver_termination
520,0.5426454349709646,MEL-ADMM,0.01,0.01,60.4100227355957,3.574293762272333,3.5739457735221154,0.00973682233222179,3.400058012914542e-16,0.002111094805034998,33,converged,gap_residual_and_feasibility
520,0.5426454349709646,sMEL-ADMM,0.01,0.01,4.855251,3.5742647932929215,3.5739457735221154,0.008926262204914999,2.8310687127941492e-14,6.911030721115045e-5,93,converged,gap_residual_and_feasibility
521,0.3253392578388923,IPOPT,0.01,1.0e-10,26.283979415893555,3.9914388539583068,3.9914388539583068,0.0,9.995268057672035e-9,NaN,30,INTERRUPTED,gap_and_residual
521,0.3253392578388923,MadNLP,0.01,0.01,17.549991607666016,3.9915641887899316,3.9914388539583068,0.003140091486069167,8.097689185859736e-15,NaN,23,INTERRUPTED,gap_and_residual
521,0.3253392578388923,ADMM,0.01,0.0001,382.2469711303711,3.99182298340562,3.9914388539583068,0.009623833944801935,4.3021142204224816e-16,0.002354883131481522,30,converged,gap_callback_with_solver_termination
521,0.3253392578388923,MEL-ADMM,0.01,0.01,53.74717712402344,3.991822356108546,3.9914388539583068,0.009608117881076727,3.8163916471489756e-16,0.001265064858923904,30,converged,gap_residual_and_feasibility
521,0.3253392578388923,sMEL-ADMM,0.01,0.01,4.87325,3.9917837055414194,3.9914388539583068,0.00863978118493796,2.919886554764162e-14,6.939096358831234e-5,93,converged,gap_residual_and_feasibility
522,0.6043468164945113,IPOPT,0.01,1.0e-10,29.54387664794922,3.455403814985047,3.455403814985047,0.0,9.995267058471313e-9,NaN,33,INTERRUPTED,gap_and_residual
522,0.6043468164945113,MadNLP,0.01,0.01,18.095016479492188,3.4555161678359827,3.455403814985047,0.0032515114571689857,3.469446951953614e-17,NaN,23,INTERRUPTED,gap_and_residual
522,0.6043468164945113,ADMM,0.01,0.0001,423.51651191711426,3.4557386722512518,3.455403814985047,0.009690828746341352,3.7470027081099033e-16,0.01924236582907527,33,converged,gap_callback_with_solver_termination
522,0.6043468164945113,MEL-ADMM,0.01,0.01,66.46180152893066,3.4557381804718683,3.455403814985047,0.009676596563656789,3.95516952522712e-16,0.004350649544861461,36,converged,gap_residual_and_feasibility
522,0.6043468164945113,sMEL-ADMM,0.01,0.01,4.9111650000000004,3.4556881840755986,3.455403814985047,0.0082296919774877,2.842170943040401e-14,6.604297424828154e-5,93,converged,gap_residual_and_feasibility
523,0.3264926228941273,IPOPT,0.01,1.0e-10,25.370121002197266,3.9892229853800094,3.9892229853800094,0.0,9.99526827971664e-9,NaN,30,INTERRUPTED,gap_and_residual
523,0.3264926228941273,MadNLP,0.01,0.01,17.372846603393555,3.9893481177562435,3.9892229853800094,0.00313676063465796,6.807054919732991e-15,NaN,23,INTERRUPTED,gap_and_residual
523,0.3264926228941273,ADMM,0.01,0.0001,381.27589225769043,3.9896071234560657,3.9892229853800094,0.009629395936605275,3.677613769070831e-16,0.002356354174735349,30,converged,gap_callback_with_solver_termination
523,0.3264926228941273,MEL-ADMM,0.01,0.01,54.050445556640625,3.9896064816373995,3.9892229853800094,0.009613307122604001,3.7470027081099033e-16,0.0012659740784968926,30,converged,gap_residual_and_feasibility
523,0.3264926228941273,sMEL-ADMM,0.01,0.01,5.223291,3.9895676963075064,3.9892229853800094,0.008641054379770578,2.9753977059954195e-14,6.938693985304549e-5,93,converged,gap_residual_and_feasibility
524,0.6731353676761682,IPOPT,0.01,1.0e-10,25.748014450073242,3.3232458408740526,3.3232458408740526,0.0,9.99526827971664e-9,NaN,31,INTERRUPTED,gap_and_residual
524,0.6731353676761682,MadNLP,0.01,0.01,15.838146209716797,3.323318881755282,3.3232458408740526,0.0021978777594826348,1.1657341758564144e-15,NaN,23,INTERRUPTED,gap_and_residual
524,0.6731353676761682,ADMM,0.01,0.0001,484.5693111419678,3.323542738563612,3.3232458408740526,0.008933967084454942,2.8843594179761567e-13,0.01531112169481956,38,converged,gap_callback_with_solver_termination
524,0.6731353676761682,MEL-ADMM,0.01,0.01,76.19643211364746,3.323552340398874,3.3232458408740526,0.009222896514348428,3.642919299551295e-16,0.004760796987258375,41,converged,gap_residual_and_feasibility
524,0.6731353676761682,sMEL-ADMM,0.01,0.01,5.039122,3.3234932427818147,3.3232458408740526,0.00744458639560047,2.986499936241671e-14,6.126482111464861e-5,93,converged,gap_residual_and_feasibility
525,0.6891807129416317,IPOPT,0.01,1.0e-10,36.92197799682617,3.2924191947568073,3.2924191947568073,0.0,9.995267225004767e-9,NaN,42,INTERRUPTED,gap_and_residual
525,0.6891807129416317,MadNLP,0.01,0.01,19.351959228515625,3.2925281664968034,3.2924191947568073,0.003309777204845609,3.122502256758253e-17,NaN,25,INTERRUPTED,gap_and_residual
525,0.6891807129416317,ADMM,0.01,0.0001,503.1423568725586,3.2927269911643164,3.2924191947568073,0.009348639687172158,5.601877850480719e-10,0.014664832109099885,39,converged,gap_callback_with_solver_termination
525,0.6891807129416317,MEL-ADMM,0.01,0.01,79.99467849731445,3.2927334060305724,3.2924191947568073,0.009543477157023557,7.664979762012081e-13,0.007032249822042647,42,converged,gap_residual_and_feasibility
525,0.6891807129416317,sMEL-ADMM,0.01,0.01,5.031129,3.2926617658152995,3.2924191947568073,0.007367563002864894,2.942091015256665e-14,6.35668856456724e-5,93,converged,gap_residual_and_feasibility
526,0.35658318244970233,IPOPT,0.01,1.0e-10,24.049043655395508,3.9314123857610856,3.9314123857610856,0.0,9.995268834828153e-9,NaN,29,INTERRUPTED,gap_and_residual
526,0.35658318244970233,MadNLP,0.01,0.01,15.404224395751953,3.931535591913703,3.9314123857610856,0.0031338903307052833,7.112366251504909e-15,NaN,22,INTERRUPTED,gap_and_residual
526,0.35658318244970233,ADMM,0.01,0.0001,380.89966773986816,3.9317967562022313,3.9314123857610856,0.009776904670133903,1.3798739928461146e-11,0.0023941972120807807,30,converged,gap_callback_with_solver_termination
526,0.35658318244970233,MEL-ADMM,0.01,0.01,55.10544776916504,3.9317957337001386,3.9314123857610856,0.009750896152266972,2.914335439641036e-16,0.001289717390957179,30,converged,gap_residual_and_feasibility
526,0.35658318244970233,sMEL-ADMM,0.01,0.01,5.120454,3.931753554778156,3.9314123857610856,0.008678026713908745,2.8754776337791554e-14,6.927174847860644e-5,93,converged,gap_residual_and_feasibility
527,0.7275802755994719,IPOPT,0.01,1.0e-10,31.549930572509766,3.2186451681138153,3.2186451681138153,0.0,9.995268557272396e-9,NaN,38,INTERRUPTED,gap_and_residual
527,0.7275802755994719,MadNLP,0.01,0.01,19.567012786865234,3.21875185585791,3.2186451681138153,0.003314678646520251,2.7755575615628914e-17,NaN,28,INTERRUPTED,gap_and_residual
527,0.7275802755994719,ADMM,0.01,0.0001,536.9911193847656,3.2189474291915676,3.2186451681138153,0.00939094128009957,3.469446951953614e-16,0.014137864782040554,43,converged,gap_callback_with_solver_termination
527,0.7275802755994719,MEL-ADMM,0.01,0.01,83.30368995666504,3.218935901468724,3.2186451681138153,0.009032786769698447,3.5388358909926865e-16,0.006440851871772213,46,converged,gap_residual_and_feasibility
527,0.7275802755994719,sMEL-ADMM,0.01,0.01,4.863753,3.2188818066717766,3.2186451681138153,0.007352116980946179,2.864375403532904e-14,9.978598276102514e-5,93,converged,gap_residual_and_feasibility
528,0.7475959746012837,IPOPT,0.01,1.0e-10,49.91006851196289,3.1801905970397826,3.1801905970397826,0.0,9.995268557272396e-9,NaN,54,INTERRUPTED,gap_and_residual
528,0.7475959746012837,MadNLP,0.01,0.01,36.56291961669922,3.1802719966389765,3.1801905970397826,0.0025595824121272303,2.4077961846558082e-15,NaN,45,INTERRUPTED,gap_and_residual
528,0.7475959746012837,ADMM,0.01,0.0001,577.2325992584229,3.1804616798657515,3.1801905970397826,0.008524106266499075,6.335140190216748e-10,0.012104801190002644,46,converged,gap_callback_with_solver_termination
528,0.7475959746012837,MEL-ADMM,0.01,0.01,84.57469940185547,3.1804814997074398,3.1801905970397826,0.009147334374485921,3.7470027081099033e-16,0.008299282887334036,48,converged,gap_residual_and_feasibility
528,0.7475959746012837,sMEL-ADMM,0.01,0.01,4.810583,3.1804287756479805,3.1801905970397826,0.007489444450897805,2.90878432451791e-14,0.00010328310458448432,93,converged,gap_residual_and_feasibility
529,0.7044757041600438,IPOPT,0.01,1.0e-10,26.539087295532227,3.2630341442106365,3.2630341442106365,0.0,9.99526778011628e-9,NaN,32,INTERRUPTED,gap_and_residual
529,0.7044757041600438,MadNLP,0.01,0.01,14.550924301147461,3.2631109036146446,3.2630341442106365,0.002352393527486532,1.3253287356462806e-15,NaN,21,INTERRUPTED,gap_and_residual
529,0.7044757041600438,ADMM,0.01,0.0001,517.1980857849121,3.2633194573090734,3.2630341442106365,0.008743797515666016,1.396660564978447e-12,0.01432389749766162,41,converged,gap_callback_with_solver_termination
529,0.7044757041600438,MEL-ADMM,0.01,0.01,77.79836654663086,3.2633247931960154,3.2630341442106365,0.008907322833092977,4.0939474033052647e-16,0.0042879921872399866,44,converged,gap_residual_and_feasibility
529,0.7044757041600438,sMEL-ADMM,0.01,0.01,4.93434,3.2632733358732606,3.2630341442106365,0.007330345073111617,2.919886554764162e-14,7.691960725680902e-5,93,converged,gap_residual_and_feasibility
530,0.3360271419566698,IPOPT,0.01,1.0e-10,31.834840774536133,3.9709050719804373,3.9709050719804373,0.0,9.995268335227792e-9,NaN,37,INTERRUPTED,gap_and_residual
530,0.3360271419566698,MadNLP,0.01,0.01,35.23588180541992,3.971029343794815,3.9709050719804373,0.0031295589324100005,7.403799795469013e-15,NaN,44,INTERRUPTED,gap_and_residual
530,0.3360271419566698,ADMM,0.01,0.0001,381.4575672149658,3.9712892806995437,3.9709050719804373,0.009675595667532878,1.7332801860447944e-12,0.002368476838418964,30,converged,gap_callback_with_solver_termination
530,0.3360271419566698,MEL-ADMM,0.01,0.01,54.892539978027344,3.9712885196865884,3.9709050719804373,0.009656430944591272,3.608224830031759e-16,0.0012734985742291587,30,converged,gap_residual_and_feasibility
530,0.3360271419566698,sMEL-ADMM,0.01,0.01,5.006794999999999,3.9712486237224085,3.9709050719804373,0.008651723870091466,2.8976820942716586e-14,6.935292454131152e-5,93,converged,gap_residual_and_feasibility
531,0.7097482229647474,IPOPT,0.01,1.0e-10,21.893024444580078,3.252904473041203,3.252904473041203,0.0,9.995267891138582e-9,NaN,26,INTERRUPTED,gap_and_residual
531,0.7097482229647474,MadNLP,0.01,0.01,13.504981994628906,3.2530123193691622,3.252904473041203,0.003315385645441326,2.7755575615628914e-17,NaN,19,INTERRUPTED,gap_and_residual
531,0.7097482229647474,ADMM,0.01,0.0001,518.324613571167,3.2532096695654333,3.252904473041203,0.00938227749260919,4.163336342344337e-16,0.014324572255217709,41,converged,gap_callback_with_solver_termination
531,0.7097482229647474,MEL-ADMM,0.01,0.01,78.08327674865723,3.2532071652622703,3.252904473041203,0.009305290812434006,3.8163916471489756e-16,0.006940275784294547,44,converged,gap_residual_and_feasibility
531,0.7097482229647474,sMEL-ADMM,0.01,0.01,4.809709,3.253142812575175,3.252904473041203,0.007326976120795252,2.8199664825478976e-14,8.28218562274113e-5,93,converged,gap_residual_and_feasibility
532,0.6962120320434411,IPOPT,0.01,1.0e-10,25.604963302612305,3.278910480416115,3.278910480416115,0.0,9.995268446250094e-9,NaN,31,INTERRUPTED,gap_and_residual
532,0.6962120320434411,MadNLP,0.01,0.01,16.211986541748047,3.279019091001139,3.278910480416115,0.003312398605346745,2.7755575615628914e-17,NaN,24,INTERRUPTED,gap_and_residual
532,0.6962120320434411,ADMM,0.01,0.0001,503.50093841552734,3.27920244806343,3.278910480416115,0.008904410445445612,3.2187030818420226e-12,0.014400615125310328,40,converged,gap_callback_with_solver_termination
532,0.6962120320434411,MEL-ADMM,0.01,0.01,75.38747787475586,3.2792087085395765,3.278910480416115,0.009095342042504211,4.0722633598555547e-16,0.0051427665940561255,43,converged,gap_residual_and_feasibility
532,0.6962120320434411,sMEL-ADMM,0.01,0.01,4.760836,3.2791513265620287,3.278910480416115,0.007345310198374517,2.9753977059954195e-14,6.828611419332784e-5,93,converged,gap_residual_and_feasibility
533,0.4909893251832591,IPOPT,0.01,1.0e-10,26.042938232421875,3.6731885501575707,3.6731885501575707,0.0,9.995268779317001e-9,NaN,32,INTERRUPTED,gap_and_residual
533,0.4909893251832591,MadNLP,0.01,0.01,14.780044555664062,3.673305051807213,3.6731885501575707,0.0031716762712073634,2.7755575615628914e-17,NaN,21,INTERRUPTED,gap_and_residual
533,0.4909893251832591,ADMM,0.01,0.0001,394.03462409973145,3.6735549076490996,3.6731885501575707,0.009973827548634732,1.1276923839176334e-11,0.0015450623105930442,31,converged,gap_callback_with_solver_termination
533,0.4909893251832591,MEL-ADMM,0.01,0.01,56.8690299987793,3.6735546948284856,3.6731885501575707,0.009968033655641913,3.469446951953614e-16,0.0010097748471307177,31,converged,gap_residual_and_feasibility
533,0.4909893251832591,sMEL-ADMM,0.01,0.01,4.753215,3.6735190910800393,3.6731885501575707,0.008998746401252854,3.0309088572266774e-14,6.893442784975355e-5,93,converged,gap_residual_and_feasibility
534,0.6937974626192154,IPOPT,0.01,1.0e-10,29.50596809387207,3.2835494006720927,3.2835494006720927,0.0,9.995269001361606e-9,NaN,32,INTERRUPTED,gap_and_residual
534,0.6937974626192154,MadNLP,0.01,0.01,19.20318603515625,3.2836249488126237,3.2835494006720927,0.002300807184918508,8.81239525796218e-16,NaN,24,INTERRUPTED,gap_and_residual
534,0.6937974626192154,ADMM,0.01,0.0001,506.9260597229004,3.2838370797322143,3.2835494006720927,0.00876122223295107,8.238093540668956e-11,0.014422844614642981,40,converged,gap_callback_with_solver_termination
534,0.6937974626192154,MEL-ADMM,0.01,0.01,78.6886215209961,3.2838437819679163,3.2835494006720927,0.00896533780680573,3.9811903773667723e-16,0.004086721638365588,43,converged,gap_residual_and_feasibility
534,0.6937974626192154,sMEL-ADMM,0.01,0.01,4.8661650000000005,3.2837908089579475,3.2835494006720927,0.007352052806192765,3.0753177782116836e-14,6.633540298376338e-5,93,converged,gap_residual_and_feasibility
535,0.4492806517535179,IPOPT,0.01,1.0e-10,23.212194442749023,3.7533201082241816,3.7533201082241816,0.0,9.995269500961967e-9,NaN,28,INTERRUPTED,gap_and_residual
535,0.4492806517535179,MadNLP,0.01,0.01,14.153003692626953,3.753438434006222,3.7533201082241816,0.0031525630276310734,3.122502256758253e-17,NaN,20,INTERRUPTED,gap_and_residual
535,0.4492806517535179,ADMM,0.01,0.0001,403.32961082458496,3.7536957036439325,3.7533201082241816,0.010007018024597907,2.957703526540456e-16,3.530220534623402e-5,32,iteration_limit,gap_callback_with_solver_termination
535,0.4492806517535179,MEL-ADMM,0.01,0.01,62.06393241882324,3.7536952401013712,3.7533201082241816,0.009994667824032584,1.0547829276674747e-10,1.2755089073945847e-5,34,converged,gap_residual_and_feasibility
535,0.4492806517535179,sMEL-ADMM,0.01,0.01,5.582668,3.7536547290643667,3.7533201082241816,0.00891532910960307,2.8976820942716586e-14,6.893130652955125e-5,93,converged,gap_residual_and_feasibility
536,0.36136855902928866,IPOPT,0.01,1.0e-10,24.272918701171875,3.922218622216829,3.922218622216829,0.0,9.995268612783548e-9,NaN,30,INTERRUPTED,gap_and_residual
536,0.36136855902928866,MadNLP,0.01,0.01,15.655994415283203,3.9223415746430392,3.922218622216829,0.0031347672848634914,2.7755575615628914e-17,NaN,23,INTERRUPTED,gap_and_residual
536,0.36136855902928866,ADMM,0.01,0.0001,381.5758228302002,3.922603020854064,3.922218622216829,0.009800540822924761,3.608224830031759e-16,0.002400167845117762,30,converged,gap_callback_with_solver_termination
536,0.36136855902928866,MEL-ADMM,0.01,0.01,54.06951904296875,3.9226019487793615,3.922218622216829,0.009773207448485262,4.2327252813834093e-16,0.0012934918453774147,30,converged,gap_residual_and_feasibility
536,0.36136855902928866,sMEL-ADMM,0.01,0.01,4.707168,3.9225593233597746,3.922218622216829,0.008686439379376666,3.064215547965432e-14,6.925256862220282e-5,93,converged,gap_residual_and_feasibility
537,0.7175702590077365,IPOPT,0.01,1.0e-10,27.518033981323242,3.2378766171101407,3.2378766171101407,0.0,9.995267946649733e-9,NaN,31,INTERRUPTED,gap_and_residual
537,0.7175702590077365,MadNLP,0.01,0.01,18.341064453125,3.2379839775225174,3.2378766171101407,0.003315766011878183,3.469446951953614e-17,NaN,24,INTERRUPTED,gap_and_residual
537,0.7175702590077365,ADMM,0.01,0.0001,530.3888320922852,3.2381726818795897,3.2378766171101407,0.009143794049608724,6.761202708815972e-12,0.014248178853049003,42,converged,gap_callback_with_solver_termination
537,0.7175702590077365,MEL-ADMM,0.01,0.01,80.9931755065918,3.238169448200536,3.2378766171101407,0.009043923688991148,3.7296554733501353e-16,0.005958442184407509,45,converged,gap_residual_and_feasibility
537,0.7175702590077365,sMEL-ADMM,0.01,0.01,4.759579,3.2381139788265902,3.2378766171101407,0.007330783242177759,2.9531932455029164e-14,9.106241522564059e-5,93,converged,gap_residual_and_feasibility
538,0.46395510659901107,IPOPT,0.01,1.0e-10,25.59804916381836,3.7251272448733914,3.7251272448733914,0.0,9.995267447049372e-9,NaN,31,INTERRUPTED,gap_and_residual
538,0.46395510659901107,MadNLP,0.01,0.01,13.847827911376953,3.7251966175135123,3.7251272448733914,0.0018622891396885696,6.324801793411439e-15,NaN,20,INTERRUPTED,gap_and_residual
538,0.46395510659901107,ADMM,0.01,0.0001,391.38054847717285,3.7254997461920865,3.7251272448733914,0.009999693814692774,3.469446951953614e-16,0.00042747189786859416,31,converged,gap_callback_with_solver_termination
538,0.46395510659901107,MEL-ADMM,0.01,0.01,55.21082878112793,3.7254992047234183,3.7251272448733914,0.00998515823959611,1.4749312882145205e-12,0.00030044962015738155,31,converged,gap_residual_and_feasibility
538,0.46395510659901107,sMEL-ADMM,0.01,0.01,4.814914,3.7254607388366576,3.7251272448733914,0.008952552257783124,2.964295475749168e-14,6.89104136430297e-5,93,converged,gap_residual_and_feasibility
539,0.6827778957239561,IPOPT,0.01,1.0e-10,34.9421501159668,3.304720418398752,3.304720418398752,0.0,9.995268390738943e-9,NaN,40,INTERRUPTED,gap_and_residual
539,0.6827778957239561,MadNLP,0.01,0.01,22.87006378173828,3.3048296986373904,3.304720418398752,0.003306792248742168,2.7755575615628914e-17,NaN,30,INTERRUPTED,gap_and_residual
539,0.6827778957239561,ADMM,0.01,0.0001,501.3577938079834,3.305012009529589,3.304720418398752,0.00882347351423675,5.8292259907943844e-12,0.014896906825536783,39,converged,gap_callback_with_solver_termination
539,0.6827778957239561,MEL-ADMM,0.01,0.01,79.16760444641113,3.3050192046578646,3.304720418398752,0.00904119626728259,3.7903707950093235e-16,0.004033324024215034,42,converged,gap_residual_and_feasibility
539,0.6827778957239561,sMEL-ADMM,0.01,0.01,4.820544000000001,3.3049647609956243,3.304720418398752,0.007393744884189264,2.964295475749168e-14,6.135102857402971e-5,93,converged,gap_residual_and_feasibility
540,0.49787568054100595,IPOPT,0.01,1.0e-10,26.166200637817383,3.659958343132498,3.659958343132498,0.0,9.995267946649733e-9,NaN,32,INTERRUPTED,gap_and_residual
540,0.49787568054100595,MadNLP,0.01,0.01,14.736175537109375,3.660026590223314,3.659958343132498,0.0018646958357885451,9.194034422677078e-15,NaN,21,INTERRUPTED,gap_and_residual
540,0.49787568054100595,ADMM,0.01,0.0001,395.38073539733887,3.660323295241558,3.659958343132498,0.009971482591998293,4.9062420792722605e-12,0.002537059794367455,31,converged,gap_callback_with_solver_termination
540,0.49787568054100595,MEL-ADMM,0.01,0.01,56.25724792480469,3.6603240139671507,3.659958343132498,0.009991120126785194,1.1757261830780408e-13,0.0017512382425260986,31,converged,gap_residual_and_feasibility
540,0.49787568054100595,sMEL-ADMM,0.01,0.01,4.892875,3.6602878516951014,3.659958343132498,0.009003068661195901,2.842170943040401e-14,6.896323060287014e-5,93,converged,gap_residual_and_feasibility
541,0.545909740429174,IPOPT,0.01,1.0e-10,32.18698501586914,3.5676743229852788,3.5676743229852788,0.0,9.995268335227792e-9,NaN,35,INTERRUPTED,gap_and_residual
541,0.545909740429174,MadNLP,0.01,0.01,20.292043685913086,3.5677887026638375,3.5676743229852788,0.003206001114559539,2.42861286636753e-17,NaN,24,INTERRUPTED,gap_and_residual
541,0.545909740429174,ADMM,0.01,0.0001,423.74444007873535,3.568021638738842,3.5676743229852788,0.009735074508504296,3.5193202518879474e-16,0.0006023905523846358,33,converged,gap_callback_with_solver_termination
541,0.545909740429174,MEL-ADMM,0.01,0.01,60.49537658691406,3.5680238330340344,3.5676743229852788,0.009796579427215004,4.0245584642661925e-16,0.002727820187934672,33,converged,gap_residual_and_feasibility
541,0.545909740429174,sMEL-ADMM,0.01,0.01,5.246125,3.5679924006326824,3.5676743229852788,0.00891554605627524,2.9753977059954195e-14,6.91163777124075e-5,93,converged,gap_residual_and_feasibility
542,0.5783537435613897,IPOPT,0.01,1.0e-10,26.690006256103516,3.5053422393412856,3.5053422393412856,0.0,9.995267613582826e-9,NaN,33,INTERRUPTED,gap_and_residual
542,0.5783537435613897,MadNLP,0.01,0.01,15.096187591552734,3.505455478063251,3.5053422393412856,0.0032304612284259557,3.469446951953614e-17,NaN,22,INTERRUPTED,gap_and_residual
542,0.5783537435613897,ADMM,0.01,0.0001,396.73638343811035,3.5056783565777048,3.5053422393412856,0.009588713839316683,3.608224830031759e-16,0.0194511374753299,31,converged,gap_callback_with_solver_termination
542,0.5783537435613897,MEL-ADMM,0.01,0.01,66.49255752563477,3.505675454957164,3.5053422393412856,0.00950593674245681,2.053357484044227e-13,0.0019099157318649643,35,converged,gap_residual_and_feasibility
542,0.5783537435613897,sMEL-ADMM,0.01,0.01,4.8240490000000005,3.5056436365976658,3.5053422393412856,0.008598226244429649,2.9531932455029164e-14,6.80840743750629e-5,93,converged,gap_residual_and_feasibility
543,0.4346600192776876,IPOPT,0.01,1.0e-10,25.992870330810547,3.7814095669354764,3.7814095669354764,0.0,9.995268779317001e-9,NaN,32,INTERRUPTED,gap_and_residual
543,0.4346600192776876,MadNLP,0.01,0.01,15.460968017578125,3.7815286350633337,3.7814095669354764,0.0031487762896265895,4.163336342344337e-17,NaN,22,INTERRUPTED,gap_and_residual
543,0.4346600192776876,ADMM,0.01,0.0001,389.8909091949463,3.781784296391526,3.7814095669354764,0.009909782302511817,9.062861572317615e-12,0.00028078378952896277,31,converged,gap_callback_with_solver_termination
543,0.4346600192776876,MEL-ADMM,0.01,0.01,54.82029914855957,3.7817869528376438,3.7814095669354764,0.0099800324584582,5.3603232963439496e-12,0.0001835761313779133,31,converged,gap_residual_and_feasibility
543,0.4346600192776876,sMEL-ADMM,0.01,0.01,4.971589,3.781744971853114,3.7814095669354764,0.008869838394936323,2.930988785010413e-14,6.896504446545198e-5,93,converged,gap_residual_and_feasibility
544,0.601414495808873,IPOPT,0.01,1.0e-10,28.640031814575195,3.461037449573953,3.461037449573953,0.0,9.995266669893255e-9,NaN,32,INTERRUPTED,gap_and_residual
544,0.601414495808873,MadNLP,0.01,0.01,29.918909072875977,3.4611498988342966,3.461037449573953,0.0032490044381793034,2.7755575615628914e-17,NaN,38,INTERRUPTED,gap_and_residual
544,0.601414495808873,ADMM,0.01,0.0001,422.63269424438477,3.461380830446015,3.461037449573953,0.009921327840719696,3.9898639947466563e-16,0.019242258989753284,33,converged,gap_callback_with_solver_termination
544,0.601414495808873,MEL-ADMM,0.01,0.01,66.65349006652832,3.4613674654492024,3.461037449573953,0.009535172041843266,3.122502256758253e-16,0.0034238315276057026,36,converged,gap_residual_and_feasibility
544,0.601414495808873,sMEL-ADMM,0.01,0.01,4.892500999999999,3.46132364335381,3.461037449573953,0.008269017137976589,2.942091015256665e-14,6.630933432648627e-5,93,converged,gap_residual_and_feasibility
545,0.41179148450156916,IPOPT,0.01,1.0e-10,30.556201934814453,3.8253450645579896,3.8253450645579896,0.0,9.995268446250094e-9,NaN,38,INTERRUPTED,gap_and_residual
545,0.41179148450156916,MadNLP,0.01,0.01,20.00880241394043,3.825465323760815,3.8253450645579896,0.003143747839627096,6.83481049534862e-15,NaN,31,INTERRUPTED,gap_and_residual
545,0.41179148450156916,ADMM,0.01,0.0001,391.27278327941895,3.825719640457064,3.8253450645579896,0.009791950601920577,3.0830893393840597e-12,0.0002775405262790513,31,converged,gap_callback_with_solver_termination
545,0.41179148450156916,MEL-ADMM,0.01,0.01,55.680036544799805,3.825722592425724,3.8253450645579896,0.009869119291539899,3.3306690738754696e-16,0.00018087026876123513,31,converged,gap_residual_and_feasibility
545,0.41179148450156916,sMEL-ADMM,0.01,0.01,4.862751,3.8256817674903223,3.8253450645579896,0.008801896996227786,2.9753977059954195e-14,6.904236512551582e-5,93,converged,gap_residual_and_feasibility
546,0.625828420230385,IPOPT,0.01,1.0e-10,30.15899658203125,3.4141329176973416,3.4141329176973416,0.0,9.995268446250094e-9,NaN,34,INTERRUPTED,gap_and_residual
546,0.625828420230385,MadNLP,0.01,0.01,20.814895629882812,3.4142443482060543,3.4141329176973416,0.0032638011289790447,2.7755575615628914e-17,NaN,27,INTERRUPTED,gap_and_residual
546,0.625828420230385,ADMM,0.01,0.0001,434.5884323120117,3.4144605511920503,3.4141329176973416,0.009596389555027307,2.273181642920008e-12,0.017354655623344668,34,converged,gap_callback_with_solver_termination
546,0.625828420230385,MEL-ADMM,0.01,0.01,72.64566421508789,3.4144482727364576,3.4141329176973416,0.009236753422261039,3.7470027081099033e-16,0.0021216513221799394,38,converged,gap_residual_and_feasibility
546,0.625828420230385,sMEL-ADMM,0.01,0.01,4.870838,3.4144035227172176,3.4141329176973416,0.007926024744768237,2.986499936241671e-14,6.360764732532553e-5,93,converged,gap_residual_and_feasibility
547,0.622131696136362,IPOPT,0.01,1.0e-10,42.87385940551758,3.421235139778205,3.421235139778205,0.0,9.995268446250094e-9,NaN,47,INTERRUPTED,gap_and_residual
547,0.622131696136362,MadNLP,0.01,0.01,29.924869537353516,3.421303412752772,3.421235139778205,0.0019955651037641222,6.794911855401153e-15,NaN,40,INTERRUPTED,gap_and_residual
547,0.622131696136362,ADMM,0.01,0.0001,437.8783702850342,3.4215593288823163,3.421235139778205,0.00947579136967735,1.2893019984971943e-12,0.01748699433141007,34,converged,gap_callback_with_solver_termination
547,0.622131696136362,MEL-ADMM,0.01,0.01,70.03164291381836,3.421568913168842,3.421235139778205,0.009755932492230413,3.191891195797325e-16,0.005357605532297093,37,converged,gap_residual_and_feasibility
547,0.622131696136362,sMEL-ADMM,0.01,0.01,4.9864180000000005,3.4215081487836376,3.421235139778205,0.007979837522962847,2.964295475749168e-14,6.409789570479586e-5,93,converged,gap_residual_and_feasibility
548,0.3795386046889341,IPOPT,0.01,1.0e-10,23.97608757019043,3.8873099581639896,3.8873099581639896,0.0,9.995268113183187e-9,NaN,29,INTERRUPTED,gap_and_residual
548,0.3795386046889341,MadNLP,0.01,0.01,15.516996383666992,3.8874319354065854,3.8873099581639896,0.0031378316601587144,2.7755575615628914e-17,NaN,22,INTERRUPTED,gap_and_residual
548,0.3795386046889341,ADMM,0.01,0.0001,387.3019218444824,3.8876944866932654,3.8873099581639896,0.00989189268193722,8.035294651875802e-12,0.002422759407507375,30,converged,gap_callback_with_solver_termination
548,0.3795386046889341,MEL-ADMM,0.01,0.01,54.49819564819336,3.8876932115538057,3.8873099581639896,0.009859090063326324,3.191891195797325e-16,0.0013078158664525663,30,converged,gap_residual_and_feasibility
548,0.3795386046889341,sMEL-ADMM,0.01,0.01,4.914164,3.8876491123792785,3.8873099581639896,0.008724650695182433,2.90878432451791e-14,6.917996516981901e-5,93,converged,gap_residual_and_feasibility
549,0.2636414336350342,IPOPT,0.01,1.0e-10,26.710987091064453,4.109973978099883,4.109973978099883,0.0,9.99526739153822e-9,NaN,33,INTERRUPTED,gap_and_residual
549,0.2636414336350342,MadNLP,0.01,0.01,16.572952270507812,4.110123089851774,4.109973978099883,0.003628046130835701,1.062691601383392e-14,NaN,24,INTERRUPTED,gap_and_residual
549,0.2636414336350342,ADMM,0.01,0.0001,347.41735458374023,4.110377630956102,4.109973978099883,0.009821299559805362,3.885780586188048e-16,0.025384725307682668,26,converged,gap_callback_with_solver_termination
549,0.2636414336350342,MEL-ADMM,0.01,0.01,53.91335487365723,4.110357903856111,4.109973978099883,0.009341318418903004,3.408731630294426e-16,0.0012319168996636869,30,converged,gap_residual_and_feasibility
549,0.2636414336350342,sMEL-ADMM,0.01,0.01,4.883418,4.110324871316191,4.109973978099883,0.008537601896699252,3.019806626980426e-14,6.954907618095165e-5,93,converged,gap_residual_and_feasibility
550,0.3654808006739798,IPOPT,0.01,1.0e-10,24.66106414794922,3.9143180993030398,3.9143180993030398,0.0,9.995268057672035e-9,NaN,30,INTERRUPTED,gap_and_residual
550,0.3654808006739798,MadNLP,0.01,0.01,16.2050724029541,3.914440832441242,3.9143180993030398,0.003135492187622094,2.7755575615628914e-17,NaN,23,INTERRUPTED,gap_and_residual
550,0.3654808006739798,ADMM,0.01,0.0001,380.4030418395996,3.914702510573531,3.9143180993030398,0.009820644636924792,3.3091307471977416e-12,0.002405291727117804,30,converged,gap_callback_with_solver_termination
550,0.3654808006739798,MEL-ADMM,0.01,0.01,54.7182559967041,3.9147014080327733,3.9143180993030398,0.009792477770312731,3.8510861166685117e-16,0.0012967347864578649,30,converged,gap_residual_and_feasibility
550,0.3654808006739798,sMEL-ADMM,0.01,0.01,4.720879,3.9146584188913516,3.9143180993030398,0.008694224119711089,2.886579864025407e-14,6.923620811328905e-5,93,converged,gap_residual_and_feasibility
551,0.37481885518155267,IPOPT,0.01,1.0e-10,23.91791343688965,3.896377637632325,3.896377637632325,0.0,9.995269278917362e-9,NaN,29,INTERRUPTED,gap_and_residual
551,0.37481885518155267,MadNLP,0.01,0.01,15.574932098388672,3.896499869498304,3.896377637632325,0.0031370641489800355,2.7755575615628914e-17,NaN,22,INTERRUPTED,gap_and_residual
551,0.37481885518155267,ADMM,0.01,0.0001,381.37340545654297,3.8967621344605994,3.896377637632325,0.009868058592701106,4.481748305806832e-12,0.002416923738396637,30,converged,gap_callback_with_solver_termination
551,0.37481885518155267,MEL-ADMM,0.01,0.01,55.03273010253906,3.89676090814039,3.896377637632325,0.009836585251987523,6.062372825965667e-13,0.0013040964446010758,30,converged,gap_residual_and_feasibility
551,0.37481885518155267,sMEL-ADMM,0.01,0.01,5.576547000000001,3.8967171747512324,3.896377637632325,0.008714173791269464,2.930988785010413e-14,6.91991134498136e-5,93,converged,gap_residual_and_feasibility
552,0.5273338255042035,IPOPT,0.01,1.0e-10,26.563167572021484,3.6033627513875426,3.6033627513875426,0.0,9.99526783562743e-9,NaN,33,INTERRUPTED,gap_and_residual
552,0.5273338255042035,MadNLP,0.01,0.01,15.026092529296875,3.6034303382953716,3.6033627513875426,0.0018756620549240269,9.46465128492946e-15,NaN,22,INTERRUPTED,gap_and_residual
552,0.5273338255042035,ADMM,0.01,0.0001,418.23482513427734,3.6037129705598767,3.6033627513875426,0.009719231631599495,3.958083860666761e-11,0.0003968403689898689,33,converged,gap_callback_with_solver_termination
552,0.5273338255042035,MEL-ADMM,0.01,0.01,58.25376510620117,3.603722288131394,3.6033627513875426,0.009977811523781186,3.5388358909926865e-16,0.00310627047021992,32,converged,gap_residual_and_feasibility
552,0.5273338255042035,sMEL-ADMM,0.01,0.01,5.4427069999999995,3.6036859714521503,3.6033627513875426,0.008969956313259303,3.008704396734174e-14,6.908626680153171e-5,93,converged,gap_residual_and_feasibility
553,0.5278128175891561,IPOPT,0.01,1.0e-10,26.86905860900879,3.6024425019786674,3.6024425019786674,0.0,9.995268002160884e-9,NaN,33,INTERRUPTED,gap_and_residual
553,0.5278128175891561,MadNLP,0.01,0.01,15.217065811157227,3.602510081492283,3.6024425019786674,0.0018759359400806039,8.701372955499664e-15,NaN,22,INTERRUPTED,gap_and_residual
553,0.5278128175891561,ADMM,0.01,0.0001,420.12858390808105,3.6027924756964715,3.6024425019786674,0.00971490086550644,5.351818987975321e-11,0.0004708643205271999,33,converged,gap_callback_with_solver_termination
553,0.5278128175891561,MEL-ADMM,0.01,0.01,57.65581130981445,3.60280255954478,3.6024425019786674,0.009994817846910678,3.3306690738754696e-16,0.0032170531311811034,32,converged,gap_residual_and_feasibility
553,0.5278128175891561,sMEL-ADMM,0.01,0.01,4.910253,3.602765599137479,3.6024425019786674,0.008968835967098724,2.853273173286652e-14,6.908693309863861e-5,93,converged,gap_residual_and_feasibility
554,0.5616526727627922,IPOPT,0.01,1.0e-10,31.831979751586914,3.5374286787895874,3.5374286787895874,0.0,9.995268612783548e-9,NaN,35,INTERRUPTED,gap_and_residual
554,0.5616526727627922,MadNLP,0.01,0.01,19.83809471130371,3.5374959762509524,3.5374286787895874,0.0019024400906915192,8.576472865229334e-15,NaN,24,INTERRUPTED,gap_and_residual
554,0.5616526727627922,ADMM,0.01,0.0001,435.5647563934326,3.5377649688420445,3.5374286787895874,0.009506624245838504,3.3436794999452957e-16,0.001760280911827273,34,converged,gap_callback_with_solver_termination
554,0.5616526727627922,MEL-ADMM,0.01,0.01,61.66386604309082,3.5377690455666957,3.5374286787895874,0.009621869669036318,3.5388358909926865e-16,0.0020947693703021984,34,converged,gap_residual_and_feasibility
554,0.5616526727627922,sMEL-ADMM,0.01,0.01,4.814579,3.537740913505379,3.5374286787895874,0.008826601018516527,2.9531932455029164e-14,6.896848478552507e-5,93,converged,gap_residual_and_feasibility
555,0.34102369598122123,IPOPT,0.01,1.0e-10,37.51993179321289,3.961305590001572,3.961305590001572,0.0,9.995268390738943e-9,NaN,41,INTERRUPTED,gap_and_residual
555,0.34102369598122123,MadNLP,0.01,0.01,27.060985565185547,3.9614296071060897,3.961305590001572,0.0031307128849346333,7.931155732165962e-15,NaN,34,INTERRUPTED,gap_and_residual
555,0.34102369598122123,ADMM,0.01,0.0001,381.4527988433838,3.9616898354908714,3.961305590001572,0.009699970895185156,1.324329534924118e-12,0.0023747966021476045,30,converged,gap_callback_with_solver_termination
555,0.34102369598122123,MEL-ADMM,0.01,0.01,54.16440963745117,3.961689012641166,3.961305590001572,0.009679198710697827,4.505944228849756e-16,0.0012774414458182927,30,converged,gap_residual_and_feasibility
555,0.34102369598122123,sMEL-ADMM,0.01,0.01,4.864168,3.9616485241711135,3.961305590001572,0.008657099578662607,2.836619827917275e-14,6.933378968027037e-5,93,converged,gap_residual_and_feasibility
556,0.3542430396108912,IPOPT,0.01,1.0e-10,29.39891815185547,3.9359083161360497,3.9359083161360497,0.0,9.995267447049372e-9,NaN,35,INTERRUPTED,gap_and_residual
556,0.3542430396108912,MadNLP,0.01,0.01,20.29895782470703,3.9360314378328716,3.9359083161360497,0.0031281647572191673,7.962380754733545e-15,NaN,29,INTERRUPTED,gap_and_residual
556,0.3542430396108912,ADMM,0.01,0.0001,381.84380531311035,3.936292765243517,3.9359083161360497,0.009767735338016604,2.052080727565908e-12,0.0023912764904605657,30,converged,gap_callback_with_solver_termination
556,0.3542430396108912,MEL-ADMM,0.01,0.01,54.99458312988281,3.9362916746849668,3.9359083161360497,0.009740027412360384,3.7470027081099033e-16,0.001287871387786143,30,converged,gap_residual_and_feasibility
556,0.3542430396108912,sMEL-ADMM,0.01,0.01,5.508121,3.936249723471638,3.9359083161360497,0.0086741689126346,2.8976820942716586e-14,6.928123767182496e-5,93,converged,gap_residual_and_feasibility
557,0.4316521435160443,IPOPT,0.01,1.0e-10,26.06201171875,3.787188359484641,3.787188359484641,0.0,9.995268224205489e-9,NaN,32,INTERRUPTED,gap_and_residual
557,0.4316521435160443,MadNLP,0.01,0.01,15.390872955322266,3.7873075823865427,3.787188359484641,0.0031480584165559473,2.7755575615628914e-17,NaN,22,INTERRUPTED,gap_and_residual
557,0.4316521435160443,ADMM,0.01,0.0001,392.0133113861084,3.787562950642538,3.787188359484641,0.009891009433386225,1.258437798412615e-12,0.00028027571329979767,31,converged,gap_callback_with_solver_termination
557,0.4316521435160443,MEL-ADMM,0.01,0.01,55.14264106750488,3.7875657589279417,3.787188359484641,0.009965161684006239,6.9027561444556795e-12,0.00018322056107045182,31,converged,gap_residual_and_feasibility
557,0.4316521435160443,sMEL-ADMM,0.01,0.01,4.865912,3.787523907351298,3.787188359484641,0.00886007863370027,2.864375403532904e-14,6.897354585873056e-5,93,converged,gap_residual_and_feasibility
558,0.3893034727471781,IPOPT,0.01,1.0e-10,24.359941482543945,3.8685494935536737,3.8685494935536737,0.0,9.995268446250094e-9,NaN,29,INTERRUPTED,gap_and_residual
558,0.3893034727471781,MadNLP,0.01,0.01,15.36703109741211,3.8686709449598093,3.8685494935536737,0.003139455921088753,3.122502256758253e-17,NaN,22,INTERRUPTED,gap_and_residual
558,0.3893034727471781,ADMM,0.01,0.0001,380.5277347564697,3.868934090584199,3.8685494935536737,0.00994163396813902,3.7470027081099033e-16,0.0024344398568633824,30,converged,gap_callback_with_solver_termination
558,0.3893034727471781,MEL-ADMM,0.01,0.01,54.082393646240234,3.868932715065718,3.8685494935536737,0.009906077528092663,4.40619762898109e-16,0.0013155069855442583,30,converged,gap_residual_and_feasibility
558,0.3893034727471781,sMEL-ADMM,0.01,0.01,4.760333999999999,3.868887854858297,3.8685494935536737,0.008746464409647749,2.9976021664879227e-14,6.913802542343143e-5,93,converged,gap_residual_and_feasibility
559,0.491133745186877,IPOPT,0.01,1.0e-10,26.41606330871582,3.6729110874872366,3.6729110874872366,0.0,9.995268557272396e-9,NaN,32,INTERRUPTED,gap_and_residual
559,0.491133745186877,MadNLP,0.01,0.01,14.705896377563477,3.6730275831628685,3.6729110874872366,0.0031717532185505932,3.469446951953614e-17,NaN,21,INTERRUPTED,gap_and_residual
559,0.491133745186877,ADMM,0.01,0.0001,393.45431327819824,3.6732774025627344,3.6729110874872366,0.009973426167209216,9.846623516551745e-12,0.0015659065831509882,31,converged,gap_callback_with_solver_termination
559,0.491133745186877,MEL-ADMM,0.01,0.01,58.37130546569824,3.673277202630532,3.6729110874872366,0.009967982741066108,3.9402364704343995e-10,0.0010225176845062717,31,converged,gap_residual_and_feasibility
559,0.491133745186877,sMEL-ADMM,0.01,0.01,4.923257,3.6732416087206192,3.6729110874872366,0.008998890131281122,2.919886554764162e-14,6.893492599885278e-5,93,converged,gap_residual_and_feasibility
560,0.611030846297707,IPOPT,0.01,1.0e-10,29.82187271118164,3.442562319961328,3.442562319961328,0.0,9.995267946649733e-9,NaN,33,INTERRUPTED,gap_and_residual
560,0.611030846297707,MadNLP,0.01,0.01,18.49508285522461,3.442674561458588,3.442562319961328,0.0032604056754126135,3.122502256758253e-17,NaN,23,INTERRUPTED,gap_and_residual
560,0.611030846297707,ADMM,0.01,0.0001,424.3807792663574,3.4428952306368843,3.442562319961328,0.00967043279436739,4.0245584642661925e-16,0.019242693138440545,33,converged,gap_callback_with_solver_termination
560,0.611030846297707,MEL-ADMM,0.01,0.01,68.77994537353516,3.442883259643815,3.442562319961328,0.009322697823823698,3.694961003830599e-16,0.002068433955468251,37,converged,gap_residual_and_feasibility
560,0.611030846297707,sMEL-ADMM,0.01,0.01,4.860088,3.4428424968169877,3.442562319961328,0.008138613904966459,2.964295475749168e-14,6.538553359616232e-5,93,converged,gap_residual_and_feasibility
561,0.2843586276805266,IPOPT,0.01,1.0e-10,39.78395462036133,4.070171680373204,4.070171680373204,0.0,9.995268113183187e-9,NaN,43,INTERRUPTED,gap_and_residual
561,0.2843586276805266,MadNLP,0.01,0.01,27.804136276245117,4.070308705643044,4.070171680373204,0.0033665722382375733,9.423017921506016e-15,NaN,35,INTERRUPTED,gap_and_residual
561,0.2843586276805266,ADMM,0.01,0.0001,334.9447250366211,4.070575289091391,4.070171680373204,0.00991625783582295,4.0245584642661925e-16,0.025384781592348214,26,converged,gap_callback_with_solver_termination
561,0.2843586276805266,MEL-ADMM,0.01,0.01,54.10146713256836,4.070555387555912,4.070171680373204,0.009427297245432403,4.787836793695988e-16,0.0012327463157530763,30,converged,gap_residual_and_feasibility
561,0.2843586276805266,sMEL-ADMM,0.01,0.01,4.850130999999999,4.070520984918176,4.070171680373204,0.008582059244718825,3.019806626980426e-14,6.951019516576815e-5,93,converged,gap_residual_and_feasibility
562,0.7266325584076374,IPOPT,0.01,1.0e-10,50.73094367980957,3.2204659418029165,3.2204659418029165,0.0,9.995267169493616e-9,NaN,53,INTERRUPTED,gap_and_residual
562,0.7266325584076374,MadNLP,0.01,0.01,20.895004272460938,3.22054496651409,3.2204659418029165,0.0024538285018860222,1.1917550279960665e-15,NaN,31,INTERRUPTED,gap_and_residual
562,0.7266325584076374,ADMM,0.01,0.0001,544.5592403411865,3.2207626796827324,3.2204659418029165,0.009214128799321075,3.5107694529301625e-11,0.014137914678492606,43,converged,gap_callback_with_solver_termination
562,0.7266325584076374,MEL-ADMM,0.01,0.01,82.74292945861816,3.22075427376768,3.2204659418029165,0.008953113306396424,3.677613769070831e-16,0.005910210561913232,46,converged,gap_residual_and_feasibility
562,0.7266325584076374,sMEL-ADMM,0.01,0.01,4.808668,3.220702617862009,3.2204659418029165,0.0073491247344131296,2.9531932455029164e-14,9.908494891196478e-5,93,converged,gap_residual_and_feasibility
563,0.7473788804834778,IPOPT,0.01,1.0e-10,37.84799575805664,3.1806076827074947,3.1806076827074947,0.0,9.99526783562743e-9,NaN,43,INTERRUPTED,gap_and_residual
563,0.7473788804834778,MadNLP,0.01,0.01,24.397850036621094,3.1806890405521844,3.1806076827074947,0.002557933980100298,2.7755575615628914e-17,NaN,32,INTERRUPTED,gap_and_residual
563,0.7473788804834778,ADMM,0.01,0.0001,578.9964199066162,3.1808780436928514,3.1806076827074947,0.008500293413319216,9.346790008635253e-11,0.012112300584067327,46,converged,gap_callback_with_solver_termination
563,0.7473788804834778,MEL-ADMM,0.01,0.01,86.28511428833008,3.1808979276063165,3.1806076827074947,0.009125454245734533,3.8163916471489756e-16,0.00816141833110542,48,converged,gap_residual_and_feasibility
563,0.7473788804834778,sMEL-ADMM,0.01,0.01,4.917088,3.180845792931936,3.1806076827074947,0.007486312308671748,2.7977620220553945e-14,0.00010340432857889334,93,converged,gap_residual_and_feasibility
564,0.6080699338013895,IPOPT,0.01,1.0e-10,32.421112060546875,3.4482508857227985,3.4482508857227985,0.0,9.995268890339304e-9,NaN,37,INTERRUPTED,gap_and_residual
564,0.6080699338013895,MadNLP,0.01,0.01,18.96190643310547,3.4483631159550865,3.4482508857227985,0.003254700310603652,2.7755575615628914e-17,NaN,24,INTERRUPTED,gap_and_residual
564,0.6080699338013895,ADMM,0.01,0.0001,422.43003845214844,3.448581639276343,3.4482508857227985,0.009591922528428894,3.5388358909926865e-16,0.019242568343333114,33,converged,gap_callback_with_solver_termination
564,0.6080699338013895,MEL-ADMM,0.01,0.01,66.66851043701172,3.4485949269308507,3.4482508857227985,0.009977267300261657,3.7470027081099033e-16,0.005779669246291409,36,converged,gap_residual_and_feasibility
564,0.6080699338013895,sMEL-ADMM,0.01,0.01,4.921332,3.448532929535753,3.4482508857227985,0.00817932981971441,2.842170943040401e-14,6.567911981891772e-5,93,converged,gap_residual_and_feasibility
565,0.6039557794428279,IPOPT,0.01,1.0e-10,29.26802635192871,3.4561550833816757,3.4561550833816757,0.0,9.995268002160884e-9,NaN,33,INTERRUPTED,gap_and_residual
565,0.6039557794428279,MadNLP,0.01,0.01,18.168926239013672,3.4562674489252276,3.4561550833816757,0.0032511719191153964,3.469446951953614e-17,NaN,23,INTERRUPTED,gap_and_residual
565,0.6039557794428279,ADMM,0.01,0.0001,423.50316047668457,3.4564908094658344,3.4561550833816757,0.009713860520121118,3.469446951953614e-16,0.019242339553386077,33,converged,gap_callback_with_solver_termination
565,0.6039557794428279,MEL-ADMM,0.01,0.01,65.69266319274902,3.456488722313653,3.4561550833816757,0.009653471095140082,3.191891195797325e-16,0.004217076167563548,36,converged,gap_residual_and_feasibility
565,0.6039557794428279,sMEL-ADMM,0.01,0.01,4.852123,3.4564396956546735,3.4561550833816757,0.008234939293271803,2.942091015256665e-14,6.607941980299979e-5,93,converged,gap_residual_and_feasibility
566,0.4984345671805677,IPOPT,0.01,1.0e-10,26.362895965576172,3.658884598668142,3.658884598668142,0.0,9.995268668294699e-9,NaN,32,INTERRUPTED,gap_and_residual
566,0.4984345671805677,MadNLP,0.01,0.01,14.368057250976562,3.6589528294369797,3.658884598668142,0.0018647969619590649,6.6405214660392176e-15,NaN,21,INTERRUPTED,gap_and_residual
566,0.4984345671805677,ADMM,0.01,0.0001,393.41187477111816,3.6592494843987917,3.658884598668142,0.009972594674954852,3.275657523005293e-12,0.0026127537412086906,31,converged,gap_callback_with_solver_termination
566,0.4984345671805677,MEL-ADMM,0.01,0.01,58.32362174987793,3.6592503495470265,3.658884598668142,0.009996239810828905,3.5388358909926865e-16,0.0018278296758829742,31,converged,gap_residual_and_feasibility
566,0.4984345671805677,sMEL-ADMM,0.01,0.01,4.909173999999999,3.6592140142580742,3.658884598668142,0.009003169710571267,3.108624468950438e-14,6.896566058946056e-5,93,converged,gap_residual_and_feasibility
567,0.2730503479907027,IPOPT,0.01,1.0e-10,33.13493728637695,4.091897379036816,4.091897379036816,0.0,9.995268113183187e-9,NaN,37,INTERRUPTED,gap_and_residual
567,0.2730503479907027,MadNLP,0.01,0.01,23.348093032836914,4.09203896884443,4.091897379036816,0.0034602482540214974,6.79664657887713e-15,NaN,30,INTERRUPTED,gap_and_residual
567,0.2730503479907027,ADMM,0.01,0.0001,337.94093132019043,4.092301029693926,4.091897379036816,0.00986463294946567,6.287192988452261e-13,0.025384728210866188,26,converged,gap_callback_with_solver_termination
567,0.2730503479907027,MEL-ADMM,0.01,0.01,55.38010597229004,4.092281203620182,4.091897379036816,0.009380112642429576,3.8163916471489756e-16,0.0012319171200149345,30,converged,gap_residual_and_feasibility
567,0.2730503479907027,sMEL-ADMM,0.01,0.01,5.079495,4.092247615822962,4.091897379036816,0.008559275898281694,2.942091015256665e-14,6.953307316547377e-5,93,converged,gap_residual_and_feasibility
568,0.4530989970246187,IPOPT,0.01,1.0e-10,22.39394187927246,3.7459842250457154,3.7459842250457154,0.0,9.995268390738943e-9,NaN,27,INTERRUPTED,gap_and_residual
568,0.4530989970246187,MadNLP,0.01,0.01,14.284849166870117,3.7461023640122177,3.7459842250457154,0.0031537497064853827,2.7755575615628914e-17,NaN,20,INTERRUPTED,gap_and_residual
568,0.4530989970246187,ADMM,0.01,0.0001,405.46178817749023,3.746358221580135,3.7459842250457154,0.009983932444751367,2.3271273796865444e-11,3.884866187401151e-5,32,converged,gap_callback_with_solver_termination
568,0.4530989970246187,MEL-ADMM,0.01,0.01,58.742523193359375,3.7463585590743986,3.7459842250457154,0.009992941939809846,2.721217695622613e-11,2.7567122073898775e-5,32,converged,gap_residual_and_feasibility
568,0.4530989970246187,sMEL-ADMM,0.01,0.01,4.765377,3.7463185895604627,3.7459842250457154,0.008925945616956015,2.9531932455029164e-14,6.89244443714647e-5,93,converged,gap_residual_and_feasibility
569,0.3657595222635088,IPOPT,0.01,1.0e-10,24.57714080810547,3.9137826136738116,3.9137826136738116,0.0,9.995268002160884e-9,NaN,30,INTERRUPTED,gap_and_residual
569,0.3657595222635088,MadNLP,0.01,0.01,15.963077545166016,3.913905331912193,3.9137826136738116,0.0031355404858881006,3.469446951953614e-17,NaN,23,INTERRUPTED,gap_and_residual
569,0.3657595222635088,ADMM,0.01,0.0001,379.92119789123535,3.914167025791448,3.9137826136738116,0.009822009947444657,3.625572064791527e-16,0.0024056393631270226,30,converged,gap_callback_with_solver_termination
569,0.3657595222635088,MEL-ADMM,0.01,0.01,56.41770362854004,3.9141659212070024,3.9137826136738116,0.009793787009312403,3.5214886562329184e-16,0.0012969545666769548,30,converged,gap_residual_and_feasibility
569,0.3657595222635088,sMEL-ADMM,0.01,0.01,4.909211999999999,3.914122908331114,3.9137826136738116,0.008694776662190104,2.8976820942716586e-14,6.923509892851117e-5,93,converged,gap_residual_and_feasibility
570,0.6783008359785956,IPOPT,0.01,1.0e-10,25.660991668701172,3.313321837323219,3.313321837323219,0.0,9.995269056872758e-9,NaN,31,INTERRUPTED,gap_and_residual
570,0.6783008359785956,MadNLP,0.01,0.01,16.009092330932617,3.3133955223751754,3.313321837323219,0.0022239026443629053,1.2212453270876722e-15,NaN,23,INTERRUPTED,gap_and_residual
570,0.6783008359785956,ADMM,0.01,0.0001,484.7593307495117,3.313633011624411,3.313321837323219,0.00939161109213252,1.0959788632192158e-11,0.015129358983851628,38,converged,gap_callback_with_solver_termination
570,0.6783008359785956,MEL-ADMM,0.01,0.01,77.90017127990723,3.3136436730962244,3.313321837323219,0.009713387011793927,3.9855271860567143e-16,0.007262314990763529,41,converged,gap_residual_and_feasibility
570,0.6783008359785956,sMEL-ADMM,0.01,0.01,4.898791,3.313567553349634,3.313321837323219,0.007416002383082997,2.930988785010413e-14,6.126477095316427e-5,93,converged,gap_residual_and_feasibility
571,0.29223559562905255,IPOPT,0.01,1.0e-10,49.87001419067383,4.055038288139598,4.055038288139598,0.0,9.995268002160884e-9,NaN,52,INTERRUPTED,gap_and_residual
571,0.29223559562905255,MadNLP,0.01,0.01,29.06489372253418,4.055172697964232,4.055038288139598,0.0033146376207344955,6.657868700798986e-15,NaN,36,INTERRUPTED,gap_and_residual
571,0.29223559562905255,ADMM,0.01,0.0001,333.0259323120117,4.055441587835122,4.055038288139598,0.00994564457513207,3.7470027081099033e-16,0.02538518499269124,26,converged,gap_callback_with_solver_termination
571,0.29223559562905255,MEL-ADMM,0.01,0.01,54.84414100646973,4.055421957000845,4.055038288139598,0.009461534860689461,3.7470027081099033e-16,0.0012389522103569,30,converged,gap_residual_and_feasibility
571,0.29223559562905255,sMEL-ADMM,0.01,0.01,4.869791,4.055386859360418,4.055038288139598,0.0085960031953161,2.9753977059954195e-14,6.949201190050748e-5,93,converged,gap_residual_and_feasibility
572,0.45789999187003805,IPOPT,0.01,1.0e-10,25.92611312866211,3.7367604553690925,3.7367604553690925,0.0,9.995268557272396e-9,NaN,32,INTERRUPTED,gap_and_residual
572,0.45789999187003805,MadNLP,0.01,0.01,13.972997665405273,3.7368300574429725,3.7367604553690925,0.0018626314079071686,6.016021014687567e-15,NaN,20,INTERRUPTED,gap_and_residual
572,0.45789999187003805,ADMM,0.01,0.0001,402.9819965362549,3.7371332005010838,3.7367604553690925,0.009975087684726679,2.301603352350412e-12,4.275262530989421e-5,32,converged,gap_callback_with_solver_termination
572,0.45789999187003805,MEL-ADMM,0.01,0.01,53.93218994140625,3.7371340261360078,3.7367604553690925,0.009997182623212716,1.5463741398491493e-12,0.00024465420172790214,31,converged,gap_residual_and_feasibility
572,0.45789999187003805,sMEL-ADMM,0.01,0.01,4.797085,3.737094460214716,3.7367604553690925,0.008938353143392055,2.9531932455029164e-14,6.891717692021366e-5,93,converged,gap_residual_and_feasibility
573,0.28383716741891274,IPOPT,0.01,1.0e-10,39.044857025146484,4.0711735205133195,4.0711735205133195,0.0,9.995267724605128e-9,NaN,43,INTERRUPTED,gap_and_residual
573,0.28383716741891274,MadNLP,0.01,0.01,27.493953704833984,4.071310735619,4.0711735205133195,0.0033704067141587164,8.14973089013904e-15,NaN,35,INTERRUPTED,gap_and_residual
573,0.28383716741891274,ADMM,0.01,0.0001,333.7881565093994,4.07157715022896,4.0711735205133195,0.00991433338832495,4.822531263215524e-16,0.025384755125973022,26,converged,gap_callback_with_solver_termination
573,0.28383716741891274,MEL-ADMM,0.01,0.01,52.913665771484375,4.071557230299159,4.0711735205133195,0.00942504130334529,3.400058012914542e-16,0.00123234761174882,30,converged,gap_residual_and_feasibility
573,0.28383716741891274,sMEL-ADMM,0.01,0.01,4.916921,4.071522872439471,4.0711735205133195,0.008581111180621355,2.964295475749168e-14,6.951136101284242e-5,93,converged,gap_residual_and_feasibility
574,0.6985673689376242,IPOPT,0.01,1.0e-10,26.170015335083008,3.274385358910617,3.274385358910617,0.0,9.995268113183187e-9,NaN,32,INTERRUPTED,gap_and_residual
574,0.6985673689376242,MadNLP,0.01,0.01,14.497041702270508,3.274461455735071,3.274385358910617,0.002324003320107514,9.922618282587337e-16,NaN,21,INTERRUPTED,gap_and_residual
574,0.6985673689376242,ADMM,0.01,0.0001,504.93788719177246,3.2746856438702716,3.274385358910617,0.009170727533262393,1.6988910278570302e-11,0.014401090233689615,40,converged,gap_callback_with_solver_termination
574,0.6985673689376242,MEL-ADMM,0.01,0.01,76.43628120422363,3.2746896037618525,3.274385358910617,0.009291662950044856,3.7470027081099033e-16,0.006330133291391449,43,converged,gap_residual_and_feasibility
574,0.6985673689376242,sMEL-ADMM,0.01,0.01,5.275659,3.274625693589559,3.274385358910617,0.007339840996054675,2.842170943040401e-14,7.052109174632282e-5,93,converged,gap_residual_and_feasibility
575,0.45400530799378475,IPOPT,0.01,1.0e-10,24.606943130493164,3.7442430018400765,3.7442430018400765,0.0,9.995268501761245e-9,NaN,30,INTERRUPTED,gap_and_residual
575,0.45400530799378475,MadNLP,0.01,0.01,15.237808227539062,3.7443127558129357,3.7442430018400765,0.0018629659673491362,6.7541458537156984e-15,NaN,22,INTERRUPTED,gap_and_residual
575,0.45400530799378475,ADMM,0.01,0.0001,405.285120010376,3.744616814755886,3.7442430018400765,0.009983671348943044,4.163336342344337e-16,3.943831667419309e-5,32,converged,gap_callback_with_solver_termination
575,0.45400530799378475,MEL-ADMM,0.01,0.01,58.19082260131836,3.7446170863495207,3.7442430018400765,0.009990924981641553,4.440892098500626e-16,2.8387671670238035e-5,32,converged,gap_residual_and_feasibility
575,0.45400530799378475,sMEL-ADMM,0.01,0.01,4.92671,3.744577303645645,3.7442430018400765,0.008928421723811818,2.8754776337791554e-14,6.89229241775842e-5,93,converged,gap_residual_and_feasibility
576,0.5076163095864122,IPOPT,0.01,1.0e-10,26.11994743347168,3.6412444470103362,3.6412444470103362,0.0,9.99526827971664e-9,NaN,32,INTERRUPTED,gap_and_residual
576,0.5076163095864122,MadNLP,0.01,0.01,14.615058898925781,3.6413124208668872,3.6412444470103362,0.001866775426373971,9.7907792984131e-15,NaN,21,INTERRUPTED,gap_and_residual
576,0.5076163095864122,ADMM,0.01,0.0001,405.18689155578613,3.6416023665762114,3.6412444470103362,0.00982959455438473,8.533618256478803e-12,0.0005438734255590015,32,converged,gap_callback_with_solver_termination
576,0.5076163095864122,MEL-ADMM,0.01,0.01,58.77280235290527,3.6416025814480033,3.6412444470103362,0.009835495608132749,3.469446951953614e-16,0.0006364724699299031,32,converged,gap_residual_and_feasibility
576,0.5076163095864122,sMEL-ADMM,0.01,0.01,4.827332,3.6415721200167583,3.6412444470103362,0.008998929107633823,2.7533531010703882e-14,6.901086166848352e-5,93,converged,gap_residual_and_feasibility
577,0.4439225293183452,IPOPT,0.01,1.0e-10,23.345947265625,3.7636142428426185,3.7636142428426185,0.0,9.995267669093977e-9,NaN,28,INTERRUPTED,gap_and_residual
577,0.4439225293183452,MadNLP,0.01,0.01,14.539003372192383,3.763732838922194,3.7636142428426185,0.003151122084338931,7.896461262646426e-15,NaN,21,INTERRUPTED,gap_and_residual
577,0.4439225293183452,ADMM,0.01,0.0001,390.7122611999512,3.7639882797876347,3.7636142428426185,0.009938238110549495,1.5522028107284314e-12,0.00028009950441922754,31,converged,gap_callback_with_solver_termination
577,0.4439225293183452,MEL-ADMM,0.01,0.01,60.95600128173828,3.763990375371055,3.7636142428426185,0.00999391819051812,3.719781149769119e-10,6.717381930768096e-6,34,converged,gap_residual_and_feasibility
577,0.4439225293183452,sMEL-ADMM,0.01,0.01,4.91371,3.7639492000974446,3.7636142428426185,0.00889988275135072,2.9753977059954195e-14,6.894213470502904e-5,93,converged,gap_residual_and_feasibility
578,0.3494929415783416,IPOPT,0.01,1.0e-10,29.088973999023438,3.9450343018128238,3.9450343018128238,0.0,9.995268002160884e-9,NaN,34,INTERRUPTED,gap_and_residual
578,0.3494929415783416,MadNLP,0.01,0.01,18.898963928222656,3.9451576728391182,3.9450343018128238,0.0031272485067559068,6.314393452555578e-15,NaN,26,INTERRUPTED,gap_and_residual
578,0.3494929415783416,ADMM,0.01,0.0001,382.0950984954834,3.9454186153957287,3.9450343018128238,0.009741704469548366,9.571954340259481e-12,0.002385361635039246,30,converged,gap_callback_with_solver_termination
578,0.3494929415783416,MEL-ADMM,0.01,0.01,55.80854415893555,3.9454176826288716,3.9450343018128238,0.009718060394852786,3.8163916471489756e-16,0.0012841240707386799,30,converged,gap_residual_and_feasibility
578,0.3494929415783416,sMEL-ADMM,0.01,0.01,4.930871,3.9453762088184954,3.9450343018128238,0.008666768892592169,2.9976021664879227e-14,6.930035352772403e-5,93,converged,gap_residual_and_feasibility
579,0.39644983445551935,IPOPT,0.01,1.0e-10,23.914098739624023,3.854819756999921,3.854819756999921,0.0,9.995268002160884e-9,NaN,29,INTERRUPTED,gap_and_residual
579,0.39644983445551935,MadNLP,0.01,0.01,15.40517807006836,3.8549408285178273,3.854819756999921,0.003140782852076267,2.7755575615628914e-17,NaN,22,INTERRUPTED,gap_and_residual
579,0.39644983445551935,ADMM,0.01,0.0001,384.9148750305176,3.855204405003975,3.854819756999921,0.009978365482729344,3.975153539670373e-13,0.002443206426741975,30,converged,gap_callback_with_solver_termination
579,0.39644983445551935,MEL-ADMM,0.01,0.01,53.40433120727539,3.8552029589730843,3.854819756999921,0.009940853199879852,3.677613769070831e-16,0.0013211322990570144,30,converged,gap_residual_and_feasibility
579,0.39644983445551935,sMEL-ADMM,0.01,0.01,4.820742999999999,3.8551575457302762,3.854819756999921,0.008762763284635948,2.964295475749168e-14,6.910638456358864e-5,93,converged,gap_residual_and_feasibility
580,0.27618358474010446,IPOPT,0.01,1.0e-10,33.68496894836426,4.0858777403892015,4.0858777403892015,0.0,9.995267113982464e-9,NaN,37,INTERRUPTED,gap_and_residual
580,0.27618358474010446,MadNLP,0.01,0.01,23.947954177856445,4.086018104211962,4.0858777403892015,0.003435340743872127,6.876443858772063e-15,NaN,30,INTERRUPTED,gap_and_residual
580,0.27618358474010446,ADMM,0.01,0.0001,336.23409271240234,4.08628139103078,4.0858777403892015,0.009879165927756658,2.983724378680108e-16,0.02538472817441194,26,converged,gap_callback_with_solver_termination
580,0.27618358474010446,MEL-ADMM,0.01,0.01,54.418087005615234,4.086261530881095,4.0858777403892015,0.009393097793889516,3.608224830031759e-16,0.001231917214210676,30,converged,gap_residual_and_feasibility
580,0.27618358474010446,sMEL-ADMM,0.01,0.01,4.925331,4.086227731271284,4.0858777403892015,0.00856586771117527,3.0531133177191805e-14,6.952705582400319e-5,93,converged,gap_residual_and_feasibility
581,0.310671759432836,IPOPT,0.01,1.0e-10,35.22682189941406,4.019618352455091,4.019618352455091,0.0,9.995268168694338e-9,NaN,39,INTERRUPTED,gap_and_residual
581,0.310671759432836,MadNLP,0.01,0.01,24.69801902770996,4.019711435787182,4.019618352455091,0.0023157256219181357,8.028300246820663e-15,NaN,32,INTERRUPTED,gap_and_residual
581,0.310671759432836,ADMM,0.01,0.0001,381.9859027862549,4.020002372318469,4.019618352455091,0.009553639915676145,4.8952508713284715e-12,0.002336049626080257,30,converged,gap_callback_with_solver_termination
581,0.310671759432836,MEL-ADMM,0.01,0.01,55.0386905670166,4.020001929153975,4.019618352455091,0.009542614876590928,3.8163916471489756e-16,0.0012534916316125008,30,converged,gap_residual_and_feasibility
581,0.310671759432836,sMEL-ADMM,0.01,0.01,5.072417,4.019964949383634,4.019618352455091,0.008622632751461577,3.019806626980426e-14,6.944003827748062e-5,93,converged,gap_residual_and_feasibility
582,0.3501341241067844,IPOPT,0.01,1.0e-10,30.726909637451172,3.94380244880039,3.94380244880039,0.0,9.995267613582826e-9,NaN,35,INTERRUPTED,gap_and_residual
582,0.3501341241067844,MadNLP,0.01,0.01,19.767045974731445,3.943878052509166,3.94380244880039,0.0019170257576954792,7.646661082105766e-15,NaN,27,INTERRUPTED,gap_and_residual
582,0.3501341241067844,ADMM,0.01,0.0001,381.5619945526123,3.9441867679407854,3.94380244880039,0.009744888223604722,7.727707362903402e-12,0.00238615312934801,30,converged,gap_callback_with_solver_termination
582,0.3501341241067844,MEL-ADMM,0.01,0.01,55.365562438964844,3.9441858265732064,3.94380244880039,0.009721018681678613,2.983724378680108e-16,0.0012846299448772379,30,converged,gap_residual_and_feasibility
582,0.3501341241067844,sMEL-ADMM,0.01,0.01,4.827123,3.944144283180615,3.94380244880039,0.008667634463512156,2.886579864025407e-14,6.929777616110355e-5,93,converged,gap_residual_and_feasibility
583,0.6749010692575479,IPOPT,0.01,1.0e-10,25.655031204223633,3.3198535388140256,3.3198535388140256,0.0,9.995269056872758e-9,NaN,31,INTERRUPTED,gap_and_residual
583,0.6749010692575479,MadNLP,0.01,0.01,15.802860260009766,3.319926801048768,3.3198535388140256,0.002206791169725127,8.534839501805891e-16,NaN,23,INTERRUPTED,gap_and_residual
583,0.6749010692575479,ADMM,0.01,0.0001,486.33384704589844,3.3201532893898578,3.3198535388140256,0.00902903011616846,1.507793889743425e-12,0.015248946370781051,38,converged,gap_callback_with_solver_termination
583,0.6749010692575479,MEL-ADMM,0.01,0.01,75.90436935424805,3.3201640193418642,3.3198535388140256,0.009352235699818814,4.2327252813834093e-16,0.005544980818989264,41,converged,gap_residual_and_feasibility
583,0.6749010692575479,sMEL-ADMM,0.01,0.01,4.728417,3.320100353555354,3.3198535388140256,0.007434506927571962,2.7755575615628914e-14,6.126480432125034e-5,93,converged,gap_residual_and_feasibility
584,0.42332260774334574,IPOPT,0.01,1.0e-10,25.825977325439453,3.8031912342958516,3.8031912342958516,0.0,9.99526916789506e-9,NaN,32,INTERRUPTED,gap_and_residual
584,0.42332260774334574,MadNLP,0.01,0.01,14.772891998291016,3.80331088897055,3.8031912342958516,0.003146165084185267,2.7755575615628914e-17,NaN,21,INTERRUPTED,gap_and_residual
584,0.42332260774334574,ADMM,0.01,0.0001,393.8558101654053,3.803565789616892,3.8031912342958516,0.00984844826268457,4.0245584642661925e-16,0.000279081568574778,31,converged,gap_callback_with_solver_termination
584,0.42332260774334574,MEL-ADMM,0.01,0.01,54.62908744812012,3.8035686808201272,3.8031912342958516,0.009924468716480658,2.0634050024170847e-12,0.0001822350482183939,31,converged,gap_residual_and_feasibility
584,0.42332260774334574,sMEL-ADMM,0.01,0.01,5.349919,3.8035272241881537,3.8031912342958516,0.00883442013833705,3.019806626980426e-14,6.899996046937345e-5,93,converged,gap_residual_and_feasibility
585,0.692551890677884,IPOPT,0.01,1.0e-10,26.010990142822266,3.28594241900942,3.28594241900942,0.0,9.995267724605128e-9,NaN,32,INTERRUPTED,gap_and_residual
585,0.692551890677884,MadNLP,0.01,0.01,14.49894905090332,3.286017821721367,3.28594241900942,0.002294705820496422,8.673617379884035e-16,NaN,21,INTERRUPTED,gap_and_residual
585,0.692551890677884,ADMM,0.01,0.0001,498.89302253723145,3.2862703674462166,3.28594241900942,0.009980346426626811,2.685278666092472e-10,0.014550752154619463,39,converged,gap_callback_with_solver_termination
585,0.692551890677884,MEL-ADMM,0.01,0.01,79.84137535095215,3.2862356019287686,3.28594241900942,0.008922338920261378,1.7117418593670664e-12,0.0036142197204933387,43,converged,gap_residual_and_feasibility
585,0.692551890677884,sMEL-ADMM,0.01,0.01,4.853498,3.2861841307380057,3.28594241900942,0.007355933177266296,2.842170943040401e-14,6.547112665646927e-5,93,converged,gap_residual_and_feasibility
586,0.6833614582068033,IPOPT,0.01,1.0e-10,37.49418258666992,3.3035992661986335,3.3035992661986335,0.0,9.995268113183187e-9,NaN,41,INTERRUPTED,gap_and_residual
586,0.6833614582068033,MadNLP,0.01,0.01,23.611068725585938,3.303673571813672,3.3035992661986335,0.0022492320965973684,7.764622278472189e-15,NaN,30,INTERRUPTED,gap_and_residual
586,0.6833614582068033,ADMM,0.01,0.0001,498.7657070159912,3.303891148483221,3.3035992661986335,0.008835281190847692,1.1632361740510078e-12,0.014872372406974248,39,converged,gap_callback_with_solver_termination
586,0.6833614582068033,MEL-ADMM,0.01,0.01,79.06723022460938,3.303898803044671,3.3035992661986335,0.00906698488228328,3.885780586188048e-16,0.004262037988740941,42,converged,gap_residual_and_feasibility
586,0.6833614582068033,sMEL-ADMM,0.01,0.01,4.845169,3.3038434403935524,3.3035992661986335,0.0073911565914533475,2.942091015256665e-14,6.150294136872923e-5,93,converged,gap_residual_and_feasibility
587,0.40055554158812784,IPOPT,0.01,1.0e-10,24.739980697631836,3.8469317883246474,3.8469317883246474,0.0,9.995267891138582e-9,NaN,30,INTERRUPTED,gap_and_residual
587,0.40055554158812784,MadNLP,0.01,0.01,15.243053436279297,3.847005060729862,3.8469317883246474,0.0019046972820457927,8.302386556024999e-15,NaN,22,INTERRUPTED,gap_and_residual
587,0.40055554158812784,ADMM,0.01,0.0001,380.8484077453613,3.8473164663108927,3.8469317883246474,0.009999605072613887,3.642919299551295e-16,0.0024482182887151926,30,converged,gap_callback_with_solver_termination
587,0.40055554158812784,MEL-ADMM,0.01,0.01,54.28719520568848,3.8473149805823432,3.8469317883246474,0.009960983942027924,4.2327252813834093e-16,0.0013243623068466062,30,converged,gap_residual_and_feasibility
587,0.40055554158812784,sMEL-ADMM,0.01,0.01,4.806334,3.847269252774968,3.8469317883246474,0.008772301379105662,2.930988785010413e-14,6.90886529046246e-5,93,converged,gap_residual_and_feasibility
588,0.4689709467156518,IPOPT,0.01,1.0e-10,26.235103607177734,3.7154907100591985,3.7154907100591985,0.0,9.995267946649733e-9,NaN,32,INTERRUPTED,gap_and_residual
588,0.4689709467156518,MadNLP,0.01,0.01,13.979911804199219,3.71555989903862,3.7154907100591985,0.001862176084413282,7.688294445529209e-15,NaN,20,INTERRUPTED,gap_and_residual
588,0.4689709467156518,ADMM,0.01,0.0001,393.4946060180664,3.7158621528411873,3.7154907100591985,0.009997139300688306,3.0531133177191805e-16,0.00041840040810606216,31,converged,gap_callback_with_solver_termination
588,0.4689709467156518,MEL-ADMM,0.01,0.01,57.25693702697754,3.715861409261138,3.7154907100591985,0.009977126330474803,3.677613769070831e-16,0.0003553586454765334,31,converged,gap_residual_and_feasibility
588,0.4689709467156518,sMEL-ADMM,0.01,0.01,4.898543,3.7158237428213887,3.7154907100591985,0.008963358764121484,2.9753977059954195e-14,6.890768634915112e-5,93,converged,gap_residual_and_feasibility
589,0.7134718839901959,IPOPT,0.01,1.0e-10,26.317834854125977,3.2457504991757054,3.2457504991757054,0.0,9.995267225004767e-9,NaN,32,INTERRUPTED,gap_and_residual
589,0.7134718839901959,MadNLP,0.01,0.01,14.633893966674805,3.2458581186740987,3.2457504991757054,0.0033157045934572305,2.7755575615628914e-17,NaN,21,INTERRUPTED,gap_and_residual
589,0.7134718839901959,ADMM,0.01,0.0001,531.754732131958,3.24603288009173,3.2457504991757054,0.00870001918189805,9.919842725025774e-14,0.014247681033457983,42,converged,gap_callback_with_solver_termination
589,0.7134718839901959,MEL-ADMM,0.01,0.01,79.3759822845459,3.246067595220284,3.2457504991757054,0.009769575469814683,3.8163916471489756e-16,0.009164750722775561,44,converged,gap_residual_and_feasibility
589,0.7134718839901959,sMEL-ADMM,0.01,0.01,4.847789,3.245988330767934,3.2457504991757054,0.007327476104188435,2.8310687127941492e-14,8.685401400917482e-5,93,converged,gap_residual_and_feasibility
590,0.7376643039510541,IPOPT,0.01,1.0e-10,29.415130615234375,3.19927152620786,3.19927152620786,0.0,9.99526778011628e-9,NaN,34,INTERRUPTED,gap_and_residual
590,0.7376643039510541,MadNLP,0.01,0.01,18.616914749145508,3.1993774762210108,3.19927152620786,0.003311691811179874,2.7755575615628914e-17,NaN,26,INTERRUPTED,gap_and_residual
590,0.7376643039510541,ADMM,0.01,0.0001,557.2762489318848,3.1995803325284684,3.19927152620786,0.009652394867981442,4.3155756745960616e-11,0.012584909142274631,44,converged,gap_callback_with_solver_termination
590,0.7376643039510541,MEL-ADMM,0.01,0.01,85.58034896850586,3.1995618776190478,3.19927152620786,0.009075547630431528,3.885780586188048e-16,0.007263324481746069,47,converged,gap_residual_and_feasibility
590,0.7376643039510541,sMEL-ADMM,0.01,0.01,5.215414,3.1995081830226653,3.19927152620786,0.007397209423041645,2.864375403532904e-14,0.00010505421735315136,93,converged,gap_residual_and_feasibility
591,0.2677062891782063,IPOPT,0.01,1.0e-10,47.226905822753906,4.102164494335346,4.102164494335346,0.0,9.995267724605128e-9,NaN,52,INTERRUPTED,gap_and_residual
591,0.2677062891782063,MadNLP,0.01,0.01,36.98992729187012,4.102298039055446,4.102164494335346,0.003255469649851614,8.305856002976952e-15,NaN,45,INTERRUPTED,gap_and_residual
591,0.2677062891782063,ADMM,0.01,0.0001,342.7112102508545,4.102568147183621,4.102164494335346,0.009839996636699589,3.677613769070831e-16,0.025384725306135968,26,converged,gap_callback_with_solver_termination
591,0.2677062891782063,MEL-ADMM,0.01,0.01,53.133487701416016,4.1025483767790885,4.102164494335346,0.009358046082072614,3.608224830031759e-16,0.001231916983169136,30,converged,gap_residual_and_feasibility
591,0.2677062891782063,sMEL-ADMM,0.01,0.01,4.881337,4.102515117280547,4.102164494335346,0.00854726683158236,2.886579864025407e-14,6.954251162661924e-5,93,converged,gap_residual_and_feasibility
592,0.5577149394119394,IPOPT,0.01,1.0e-10,30.638933181762695,3.5449939327933198,3.5449939327933198,0.0,9.995267891138582e-9,NaN,34,INTERRUPTED,gap_and_residual
592,0.5577149394119394,MadNLP,0.01,0.01,19.755125045776367,3.5451078908834157,3.5449939327933198,0.003214620173021317,2.0816681711721685e-17,NaN,24,INTERRUPTED,gap_and_residual
592,0.5577149394119394,ADMM,0.01,0.0001,439.36753273010254,3.5453326088792156,3.5449939327933198,0.009553643597607511,2.4706903190008234e-12,0.002111506536463255,34,converged,gap_callback_with_solver_termination
592,0.5577149394119394,MEL-ADMM,0.01,0.01,62.777042388916016,3.5453341028534973,3.5449939327933198,0.009595786808849673,4.0245584642661925e-16,0.001505026306063419,34,converged,gap_residual_and_feasibility
592,0.5577149394119394,sMEL-ADMM,0.01,0.01,4.928704,3.5453079842952295,3.5449939327933198,0.008859013805485212,3.042011087472929e-14,6.905461397531745e-5,93,converged,gap_residual_and_feasibility
593,0.3823990519779501,IPOPT,0.01,1.0e-10,24.096012115478516,3.881814408217469,3.881814408217469,0.0,9.995268557272396e-9,NaN,29,INTERRUPTED,gap_and_residual
593,0.3823990519779501,MadNLP,0.01,0.01,15.175819396972656,3.881936230872191,3.881814408217469,0.003138291579944443,7.386452560709245e-15,NaN,22,INTERRUPTED,gap_and_residual
593,0.3823990519779501,ADMM,0.01,0.0001,381.47783279418945,3.8821989560847783,3.881814408217469,0.009906394970743124,3.5735303605122226e-16,0.0024259093860470454,30,converged,gap_callback_with_solver_termination
593,0.3823990519779501,MEL-ADMM,0.01,0.01,54.35371398925781,3.882197651700967,3.881814408217469,0.009872792544815096,3.469446951953614e-16,0.00131006917127241,30,converged,gap_residual_and_feasibility
593,0.3823990519779501,sMEL-ADMM,0.01,0.01,5.862162,3.882153332839333,3.881814408217469,0.008731087739451415,2.8754776337791554e-14,6.916825136778996e-5,93,converged,gap_residual_and_feasibility
594,0.5925733850091778,IPOPT,0.01,1.0e-10,31.116008758544922,3.478023172809972,3.478023172809972,0.0,9.995268335227792e-9,NaN,35,INTERRUPTED,gap_and_residual
594,0.5925733850091778,MadNLP,0.01,0.01,18.584012985229492,3.4780907060852715,3.478023172809972,0.0019417143573817045,8.569533971325427e-15,NaN,24,INTERRUPTED,gap_and_residual
594,0.5925733850091778,ADMM,0.01,0.0001,410.5963706970215,3.4783544176444927,3.478023172809972,0.009523939837730252,3.7470027081099033e-16,0.019346350966909173,32,converged,gap_callback_with_solver_termination
594,0.5925733850091778,MEL-ADMM,0.01,0.01,66.32471084594727,3.478350162539606,3.478023172809972,0.009401597211610666,9.092726571680032e-14,0.0015647095553950503,36,converged,gap_residual_and_feasibility
594,0.5925733850091778,sMEL-ADMM,0.01,0.01,5.610755,3.4783149481662776,3.478023172809972,0.008389114787579578,2.942091015256665e-14,6.703202325153423e-5,93,converged,gap_residual_and_feasibility
595,0.38685950352560805,IPOPT,0.01,1.0e-10,24.06907081604004,3.873244897302754,3.873244897302754,0.0,9.995267891138582e-9,NaN,29,INTERRUPTED,gap_and_residual
595,0.38685950352560805,MadNLP,0.01,0.01,15.41900634765625,3.8733664786531237,3.873244897302754,0.0031390049840206626,7.278899705198683e-15,NaN,22,INTERRUPTED,gap_and_residual
595,0.38685950352560805,ADMM,0.01,0.0001,382.5266361236572,3.873629476906947,3.873244897302754,0.009929132146042149,3.469446951953614e-16,0.002431427965166908,30,converged,gap_callback_with_solver_termination
595,0.38685950352560805,MEL-ADMM,0.01,0.01,54.810285568237305,3.873628126276848,3.873244897302754,0.00989426138174285,3.608224830031759e-16,0.0013135824051772257,30,converged,gap_residual_and_feasibility
595,0.38685950352560805,sMEL-ADMM,0.01,0.01,4.868545,3.8735834558559437,3.873244897302754,0.008740953958925102,3.108624468950438e-14,6.914871748426969e-5,93,converged,gap_residual_and_feasibility
596,0.4243576608565429,IPOPT,0.01,1.0e-10,26.289939880371094,3.8012026690449843,3.8012026690449843,0.0,9.99526733602707e-9,NaN,32,INTERRUPTED,gap_and_residual
596,0.4243576608565429,MadNLP,0.01,0.01,14.780044555664062,3.8013222698152345,3.8012026690449843,0.0031463928830777915,2.7755575615628914e-17,NaN,21,INTERRUPTED,gap_and_residual
596,0.4243576608565429,ADMM,0.01,0.0001,394.0560817718506,3.8015772219437616,3.8012026690449843,0.00985353666689405,3.677613769070831e-16,0.00027921782156522384,31,converged,gap_callback_with_solver_termination
596,0.4243576608565429,MEL-ADMM,0.01,0.01,54.054975509643555,3.8015801090129684,3.8012026690449843,0.009929488134315788,2.3758162104314806e-11,0.0001823575606422212,31,converged,gap_residual_and_feasibility
596,0.4243576608565429,sMEL-ADMM,0.01,0.01,5.237743,3.801538600319336,3.8012026690449843,0.00883749969680012,2.886579864025407e-14,6.89964555046765e-5,93,converged,gap_residual_and_feasibility
597,0.6350907997048585,IPOPT,0.01,1.0e-10,33.27608108520508,3.396337844450907,3.396337844450907,0.0,9.995267613582826e-9,NaN,36,INTERRUPTED,gap_and_residual
597,0.6350907997048585,MadNLP,0.01,0.01,20.966053009033203,3.3964489432025173,3.396337844450907,0.0032711336945449926,2.7755575615628914e-17,NaN,27,INTERRUPTED,gap_and_residual
597,0.6350907997048585,ADMM,0.01,0.0001,449.53203201293945,3.3966491824226246,3.396337844450907,0.009166872848834863,1.5326073743437973e-12,0.016929659851386857,35,converged,gap_callback_with_solver_termination
597,0.6350907997048585,MEL-ADMM,0.01,0.01,69.49996948242188,3.3966618438607985,3.396337844450907,0.009539669630362289,4.163336342344337e-16,0.004841063809185142,38,converged,gap_residual_and_feasibility
597,0.6350907997048585,sMEL-ADMM,0.01,0.01,4.933248000000001,3.3966026264092366,3.396337844450907,0.007796101873737268,2.942091015256665e-14,6.233355927315418e-5,93,converged,gap_residual_and_feasibility
598,0.3592450773570985,IPOPT,0.01,1.0e-10,24.716854095458984,3.926298298718769,3.926298298718769,0.0,9.995268168694338e-9,NaN,30,INTERRUPTED,gap_and_residual
598,0.3592450773570985,MadNLP,0.01,0.01,15.310049057006836,3.926373643113013,3.926298298718769,0.0019189676512517005,9.38832345198648e-15,NaN,22,INTERRUPTED,gap_and_residual
598,0.3592450773570985,ADMM,0.01,0.0001,381.62755966186523,3.9266826891510447,3.926298298718769,0.009790148456148057,3.677613769070831e-16,0.002397511046100337,30,converged,gap_callback_with_solver_termination
598,0.3592450773570985,MEL-ADMM,0.01,0.01,54.34083938598633,3.9266816346539435,3.926298298718769,0.009763291171729856,4.0245584642661925e-16,0.0012918170472579586,30,converged,gap_residual_and_feasibility
598,0.3592450773570985,sMEL-ADMM,0.01,0.01,4.881044,3.9266392042392138,3.926298298718769,0.00868261895832267,2.919886554764162e-14,6.926104941419424e-5,93,converged,gap_residual_and_feasibility
599,0.5369020894738021,IPOPT,0.01,1.0e-10,26.873111724853516,3.584980006581044,3.584980006581044,0.0,9.99526783562743e-9,NaN,33,INTERRUPTED,gap_and_residual
599,0.5369020894738021,MadNLP,0.01,0.01,14.899015426635742,3.5850947151685033,3.584980006581044,0.0031996995031701348,2.7755575615628914e-17,NaN,22,INTERRUPTED,gap_and_residual
599,0.5369020894738021,ADMM,0.01,0.0001,420.75228691101074,3.5853266112934543,3.584980006581044,0.009668246734265015,3.712308238590367e-16,0.0018721635066045218,33,converged,gap_callback_with_solver_termination
599,0.5369020894738021,MEL-ADMM,0.01,0.01,61.0048770904541,3.5853277983968255,3.584980006581044,0.009701359983682847,3.400058012914542e-16,0.0013185776881798686,33,converged,gap_residual_and_feasibility
599,0.5369020894738021,sMEL-ADMM,0.01,0.01,4.812831,3.5853006236508103,3.584980006581044,0.008943343315100948,2.9753977059954195e-14,6.909270686867794e-5,93,converged,gap_residual_and_feasibility
600,0.6039130162466684,IPOPT,0.01,1.0e-10,29.08492088317871,3.4562372409104216,3.4562372409104216,0.0,9.995268335227792e-9,NaN,33,INTERRUPTED,gap_and_residual
600,0.6039130162466684,MadNLP,0.01,0.01,18.166065216064453,3.456349607834535,3.4562372409104216,0.003251134580212679,2.7755575615628914e-17,NaN,23,INTERRUPTED,gap_and_residual
600,0.6039130162466684,ADMM,0.01,0.0001,422.63054847717285,3.456573067036083,3.4562372409104216,0.00971652413458018,4.0939474033052647e-16,0.01924233658900798,33,converged,gap_callback_with_solver_termination
600,0.6039130162466684,MEL-ADMM,0.01,0.01,66.29276275634766,3.456570803355498,3.4562372409104216,0.00965102861365913,3.608224830031759e-16,0.004202657858913272,36,converged,gap_residual_and_feasibility
600,0.6039130162466684,sMEL-ADMM,0.01,0.01,5.1740379999999995,3.4565218797771333,3.4562372409104216,0.008235512983383288,2.842170943040401e-14,6.608338725353543e-5,93,converged,gap_residual_and_feasibility
601,0.5753525017828202,IPOPT,0.01,1.0e-10,26.765823364257812,3.5111082865462246,3.5111082865462246,0.0,9.99526827971664e-9,NaN,33,INTERRUPTED,gap_and_residual
601,0.5753525017828202,MadNLP,0.01,0.01,15.286922454833984,3.511221629153631,3.5111082865462246,0.0032281148331584075,2.42861286636753e-17,NaN,22,INTERRUPTED,gap_and_residual
601,0.5753525017828202,ADMM,0.01,0.0001,398.1614112854004,3.511444948458832,3.5111082865462246,0.009588479908104684,3.122502256758253e-16,0.019485303738554616,31,converged,gap_callback_with_solver_termination
601,0.5753525017828202,MEL-ADMM,0.01,0.01,64.6209716796875,3.5114416460746862,3.5111082865462246,0.009494424587784543,2.8699265186560297e-13,0.0014589481651345448,35,converged,gap_residual_and_feasibility
601,0.5753525017828202,sMEL-ADMM,0.01,0.01,4.8151649999999995,3.511411836038051,3.5111082865462246,0.008645403874029184,2.90878432451791e-14,6.829245911227268e-5,93,converged,gap_residual_and_feasibility
602,0.4456374869852013,IPOPT,0.01,1.0e-10,23.524045944213867,3.760319431030993,3.760319431030993,0.0,9.995267558071674e-9,NaN,28,INTERRUPTED,gap_and_residual
602,0.4456374869852013,MadNLP,0.01,0.01,14.216899871826172,3.7603895620219117,3.760319431030993,0.0018650274851608204,6.472253288869467e-15,NaN,20,INTERRUPTED,gap_and_residual
602,0.4456374869852013,ADMM,0.01,0.0001,394.8831558227539,3.7606939731220024,3.760319431030993,0.009960379640050901,1.1870171512384786e-11,0.0002826409712857157,31,converged,gap_callback_with_solver_termination
602,0.4456374869852013,MEL-ADMM,0.01,0.01,60.97245216369629,3.7606952912395024,3.760319431030993,0.009995432978582736,6.620409775948133e-11,9.190574667371915e-6,34,converged,gap_residual_and_feasibility
602,0.4456374869852013,sMEL-ADMM,0.01,0.01,4.853334,3.7606542847639943,3.760319431030993,0.008904927869636594,3.086420008457935e-14,6.8938494582527e-5,93,converged,gap_residual_and_feasibility
603,0.5964234970003599,IPOPT,0.01,1.0e-10,30.64584732055664,3.4706262587579326,3.4706262587579326,0.0,9.99526778011628e-9,NaN,34,INTERRUPTED,gap_and_residual
603,0.5964234970003599,MadNLP,0.01,0.01,19.010066986083984,3.4707388705560756,3.4706262587579326,0.0032447111773777344,8.118505867571457e-15,NaN,24,INTERRUPTED,gap_and_residual
603,0.5964234970003599,ADMM,0.01,0.0001,411.5791320800781,3.4709601228430915,3.4706262587579326,0.00961970723054404,3.677613769070831e-16,0.01934690134193215,32,converged,gap_callback_with_solver_termination
603,0.5964234970003599,MEL-ADMM,0.01,0.01,66.91837310791016,3.470953300256715,3.4706262587579326,0.009423126386970753,3.400058012914542e-16,0.0022233534311446815,36,converged,gap_residual_and_feasibility
603,0.5964234970003599,sMEL-ADMM,0.01,0.01,4.850377,3.4709155903149456,3.4706262587579326,0.008336580646873959,2.8310687127941492e-14,6.67306786348177e-5,93,converged,gap_residual_and_feasibility
604,0.6835136310796825,IPOPT,0.01,1.0e-10,38.47789764404297,3.3033069085570057,3.3033069085570057,0.0,9.995267724605128e-9,NaN,43,INTERRUPTED,gap_and_residual
604,0.6835136310796825,MadNLP,0.01,0.01,25.098085403442383,3.3034161542555536,3.3033069085570057,0.0033071616283934214,2.7755575615628914e-17,NaN,34,INTERRUPTED,gap_and_residual
604,0.6835136310796825,ADMM,0.01,0.0001,501.8923282623291,3.3035989055255137,3.3033069085570057,0.008839534944561557,3.3792968423540515e-12,0.014864408959792182,39,converged,gap_callback_with_solver_termination
604,0.6835136310796825,MEL-ADMM,0.01,0.01,79.28037643432617,3.3036066599994647,3.3033069085570057,0.009074283763415568,3.664603343001005e-16,0.0043232044202542235,42,converged,gap_residual_and_feasibility
604,0.6835136310796825,sMEL-ADMM,0.01,0.01,5.004036,3.30355103905638,3.3033069085570057,0.007390487960471498,2.886579864025407e-14,6.154338765381774e-5,93,converged,gap_residual_and_feasibility
605,0.48109021086811604,IPOPT,0.01,1.0e-10,26.353836059570312,3.6922069314275534,3.6922069314275534,0.0,9.995267058471313e-9,NaN,32,INTERRUPTED,gap_and_residual
605,0.48109021086811604,MadNLP,0.01,0.01,14.707088470458984,3.692323847582227,3.6922069314275534,0.003166565602770287,2.0816681711721685e-17,NaN,21,INTERRUPTED,gap_and_residual
605,0.48109021086811604,ADMM,0.01,0.0001,395.9331512451172,3.6925758203786736,3.6922069314275534,0.009991015075029048,1.5437873202017727e-11,0.00034008061530605566,31,converged,gap_callback_with_solver_termination
605,0.48109021086811604,MEL-ADMM,0.01,0.01,55.4049015045166,3.692574801597283,3.6922069314275534,0.009963422326038383,3.608224830031759e-16,0.0005295478932164886,31,converged,gap_residual_and_feasibility
605,0.48109021086811604,sMEL-ADMM,0.01,0.01,5.775704,3.692538704824697,3.6922069314275534,0.008985774722422322,2.864375403532904e-14,6.890998250512828e-5,93,converged,gap_residual_and_feasibility
606,0.7411247274441792,IPOPT,0.01,1.0e-10,28.889894485473633,3.1926232896835898,3.1926232896835898,0.0,9.995268612783548e-9,NaN,34,INTERRUPTED,gap_and_residual
606,0.7411247274441792,MadNLP,0.01,0.01,18.275022506713867,3.1927035540112376,3.1926232896835898,0.002514055695427962,1.880440247958859e-15,NaN,26,INTERRUPTED,gap_and_residual
606,0.7411247274441792,ADMM,0.01,0.0001,568.1500434875488,3.1929018051367897,3.1926232896835898,0.008723718018968155,1.2152029382761498e-10,0.012395756423260984,45,converged,gap_callback_with_solver_termination
606,0.7411247274441792,MEL-ADMM,0.01,0.01,85.11662483215332,3.1929247565241914,3.1926232896835898,0.009442606071807918,4.180683577104105e-16,0.009427846355078318,47,converged,gap_residual_and_feasibility
606,0.7411247274441792,sMEL-ADMM,0.01,0.01,15.83458,3.1928602049664687,3.1926232896835898,0.007420708971349594,2.9531932455029164e-14,0.0001054306217239901,93,converged,gap_residual_and_feasibility
607,0.525686618178862,IPOPT,0.01,1.0e-10,27.093887329101562,3.6065273998547442,3.6065273998547442,0.0,9.99526783562743e-9,NaN,33,INTERRUPTED,gap_and_residual
607,0.525686618178862,MadNLP,0.01,0.01,15.18106460571289,3.6065950131558964,3.6065273998547442,0.0018747480236764136,6.786238238021269e-15,NaN,22,INTERRUPTED,gap_and_residual
607,0.525686618178862,ADMM,0.01,0.0001,409.25145149230957,3.6068799198269885,3.6065273998547442,0.009774498656477105,4.040207057798284e-11,0.0003002089809573949,32,converged,gap_callback_with_solver_termination
607,0.525686618178862,MEL-ADMM,0.01,0.01,58.09593200683594,3.6068854614455925,3.6065273998547442,0.009928153904021388,3.712308238590367e-16,0.002748909133551726,32,converged,gap_residual_and_feasibility
607,0.525686618178862,sMEL-ADMM,0.01,0.01,4.981464,3.6068510349651333,3.6065273998547442,0.008973593557116874,3.0531133177191805e-14,6.908340186799738e-5,93,converged,gap_residual_and_feasibility
608,0.39886016403805763,IPOPT,0.01,1.0e-10,24.110794067382812,3.850188982414673,3.850188982414673,0.0,9.99526827971664e-9,NaN,29,INTERRUPTED,gap_and_residual
608,0.39886016403805763,MadNLP,0.01,0.01,15.228033065795898,3.8503099259232485,3.850188982414673,0.0031412356413674,8.253814298697648e-15,NaN,22,INTERRUPTED,gap_and_residual
608,0.39886016403805763,ADMM,0.01,0.0001,388.9451026916504,3.8505736479125714,3.850188982414673,0.009990821220865392,4.40619762898109e-16,0.0024461537783290258,30,converged,gap_callback_with_solver_termination
608,0.39886016403805763,MEL-ADMM,0.01,0.01,53.34949493408203,3.8505721785157254,3.850188982414673,0.009952656942366649,3.8163916471489756e-16,0.0013230287800952457,30,converged,gap_residual_and_feasibility
608,0.39886016403805763,sMEL-ADMM,0.01,0.01,4.828745,3.850526580261239,3.850188982414673,0.008768344829513679,2.9976021664879227e-14,6.909591964135951e-5,93,converged,gap_residual_and_feasibility
609,0.5210699546430333,IPOPT,0.01,1.0e-10,26.864051818847656,3.615397028442147,3.615397028442147,0.0,9.995268501761245e-9,NaN,33,INTERRUPTED,gap_and_residual
609,0.5210699546430333,MadNLP,0.01,0.01,15.345096588134766,3.6155123318073477,3.615397028442147,0.003189231066284484,3.469446951953614e-17,NaN,22,INTERRUPTED,gap_and_residual
609,0.5210699546430333,ADMM,0.01,0.0001,406.7356586456299,3.6157504745934164,3.615397028442147,0.009776136576115065,1.2767009671676988e-12,0.002485082887732106,32,converged,gap_callback_with_solver_termination
609,0.5210699546430333,MEL-ADMM,0.01,0.01,57.50393867492676,3.6157530318682425,3.615397028442147,0.009846869466749274,3.0878077872387166e-16,0.0019307092262613977,32,converged,gap_residual_and_feasibility
609,0.5210699546430333,sMEL-ADMM,0.01,0.01,4.914127,3.6157217682351486,3.615397028442147,0.008982133648028265,2.786659791809143e-14,6.907160972089484e-5,93,converged,gap_residual_and_feasibility
610,0.36493350975439554,IPOPT,0.01,1.0e-10,24.77097511291504,3.915369565832556,3.915369565832556,0.0,9.99526783562743e-9,NaN,30,INTERRUPTED,gap_and_residual
610,0.36493350975439554,MadNLP,0.01,0.01,15.951156616210938,3.9154923282147567,3.915369565832556,0.003135397058605745,2.7755575615628914e-17,NaN,23,INTERRUPTED,gap_and_residual
610,0.36493350975439554,ADMM,0.01,0.0001,379.72331047058105,3.915753975534262,3.915369565832556,0.009817967250406782,4.0939474033052647e-16,0.002404609105124869,30,converged,gap_callback_with_solver_termination
610,0.36493350975439554,MEL-ADMM,0.01,0.01,54.40950393676758,3.915752876932856,3.915369565832556,0.009789908560483009,4.2327252813834093e-16,0.0012963032271055205,30,converged,gap_residual_and_feasibility
610,0.36493350975439554,sMEL-ADMM,0.01,0.01,4.941954999999999,3.9157099351479467,3.915369565832556,0.0086931593472287,2.986499936241671e-14,6.923838414714042e-5,93,converged,gap_residual_and_feasibility
611,0.25283764725913804,IPOPT,0.01,1.0e-10,26.932954788208008,4.130730433871069,4.130730433871069,0.0,9.995268002160884e-9,NaN,33,INTERRUPTED,gap_and_residual
611,0.25283764725913804,MadNLP,0.01,0.01,19.017934799194336,4.130888959257566,4.130730433871069,0.00383770834324773,6.3629657098829284e-15,NaN,29,INTERRUPTED,gap_and_residual
611,0.25283764725913804,ADMM,0.01,0.0001,346.45652770996094,4.131134086784322,4.130730433871069,0.009771950015032501,3.7470027081099033e-16,0.02538472530370269,26,converged,gap_callback_with_solver_termination
611,0.25283764725913804,MEL-ADMM,0.01,0.01,53.6808967590332,4.131114473518867,4.130730433871069,0.009297136522133669,3.5735303605122226e-16,0.0012319171856229882,30,converged,gap_residual_and_feasibility
611,0.25283764725913804,sMEL-ADMM,0.01,0.01,4.79962,4.131081958575601,4.130730433871069,0.008509988975558793,2.986499936241671e-14,6.956407193176115e-5,93,converged,gap_residual_and_feasibility
612,0.6193213993442694,IPOPT,0.01,1.0e-10,45.66192626953125,3.4266343395623813,3.4266343395623813,0.0,9.995267613582826e-9,NaN,50,INTERRUPTED,gap_and_residual
612,0.6193213993442694,MadNLP,0.01,0.01,31.795978546142578,3.426746191376271,3.4266343395623813,0.003264188787178944,2.7755575615628914e-17,NaN,40,INTERRUPTED,gap_and_residual
612,0.6193213993442694,ADMM,0.01,0.0001,435.70899963378906,3.426961135129856,3.4266343395623813,0.00953692559786146,1.4121481761719679e-12,0.017587701543729815,34,converged,gap_callback_with_solver_termination
612,0.6193213993442694,MEL-ADMM,0.01,0.01,67.87109375,3.426961686399418,3.4266343395623813,0.00955301338276557,3.7470027081099033e-16,0.004284655858073494,37,converged,gap_residual_and_feasibility
612,0.6193213993442694,sMEL-ADMM,0.01,0.01,4.876667,3.4269091766497417,3.4266343395623813,0.008020613235187626,2.986499936241671e-14,6.444895143669065e-5,93,converged,gap_residual_and_feasibility
613,0.469656812102841,IPOPT,0.01,1.0e-10,26.25894546508789,3.71417301142292,3.71417301142292,0.0,9.995267002960162e-9,NaN,32,INTERRUPTED,gap_and_residual
613,0.469656812102841,MadNLP,0.01,0.01,14.088869094848633,3.7142421757424686,3.71417301142292,0.001862172799592122,7.015221736850208e-15,NaN,20,INTERRUPTED,gap_and_residual
613,0.469656812102841,ADMM,0.01,0.0001,394.2115306854248,3.714544341388677,3.71417301142292,0.00999764859135037,3.469446951953614e-16,0.00040595002731581495,31,converged,gap_callback_with_solver_termination
613,0.469656812102841,MEL-ADMM,0.01,0.01,56.94174766540527,3.714543541748822,3.71417301142292,0.00997611917276064,4.97551999600887e-12,0.0003635481855393634,31,converged,gap_residual_and_feasibility
613,0.469656812102841,sMEL-ADMM,0.01,0.01,5.040579,3.7145059799399744,3.71417301142292,0.008964809017519913,2.9753977059954195e-14,6.89075625831875e-5,93,converged,gap_residual_and_feasibility
614,0.34291867767508133,IPOPT,0.01,1.0e-10,29.939889907836914,3.957664912340308,3.957664912340308,0.0,9.99526689193786e-9,NaN,35,INTERRUPTED,gap_and_residual
614,0.34291867767508133,MadNLP,0.01,0.01,20.025968551635742,3.9577888320396397,3.957664912340308,0.003131131666687716,8.864436962241484e-15,NaN,28,INTERRUPTED,gap_and_residual
614,0.34291867767508133,ADMM,0.01,0.0001,382.2939395904541,3.95804917172168,3.957664912340308,0.009709244968509731,3.868572129306358e-12,0.002377186101839089,30,converged,gap_callback_with_solver_termination
614,0.34291867767508133,MEL-ADMM,0.01,0.01,56.42533302307129,3.9580483255199232,3.957664912340308,0.009687863629376466,3.469446951953614e-16,0.0012789367695293027,30,converged,gap_residual_and_feasibility
614,0.34291867767508133,sMEL-ADMM,0.01,0.01,4.772208,3.958007615568327,3.957664912340308,0.0086592279945226,3.0309088572266774e-14,6.932648372657245e-5,93,converged,gap_residual_and_feasibility
615,0.7349465815542003,IPOPT,0.01,1.0e-10,35.961151123046875,3.2044928701669124,3.2044928701669124,0.0,9.995269056872758e-9,NaN,42,INTERRUPTED,gap_and_residual
615,0.7349465815542003,MadNLP,0.01,0.01,22.82094955444336,3.20457263259238,3.2044928701669124,0.0024890810714593425,2.213507155346406e-15,NaN,31,INTERRUPTED,gap_and_residual
615,0.7349465815542003,ADMM,0.01,0.0001,556.5485954284668,3.2047831968279126,3.2044928701669124,0.009059987734815233,3.191891195797325e-16,0.012679382624697946,44,converged,gap_callback_with_solver_termination
615,0.7349465815542003,MEL-ADMM,0.01,0.01,84.04374122619629,3.2047762555449015,3.2044928701669124,0.008843376767268284,3.3306690738754696e-16,0.005683500737066183,47,converged,gap_residual_and_feasibility
615,0.7349465815542003,sMEL-ADMM,0.01,0.01,4.9074990000000005,3.2047294355251372,3.2044928701669124,0.007382302529900249,3.019806626980426e-14,0.0001041467910486869,93,converged,gap_residual_and_feasibility
616,0.2668033387704408,IPOPT,0.01,1.0e-10,38.7420654296875,4.1038992611615575,4.1038992611615575,0.0,9.995268113183187e-9,NaN,43,INTERRUPTED,gap_and_residual
616,0.2668033387704408,MadNLP,0.01,0.01,26.561975479125977,4.104045562983568,4.1038992611615575,0.0035649467177591054,6.036837696399289e-15,NaN,34,INTERRUPTED,gap_and_residual
616,0.2668033387704408,ADMM,0.01,0.0001,344.9230194091797,4.104302913983583,4.1038992611615575,0.009835836513954995,3.2959746043559335e-16,0.02538472530871971,26,converged,gap_callback_with_solver_termination
616,0.2668033387704408,MEL-ADMM,0.01,0.01,53.689002990722656,4.104283153119216,4.1038992611615575,0.009354322151405447,4.0245584642661925e-16,0.0012319168418164043,30,converged,gap_residual_and_feasibility
616,0.2668033387704408,sMEL-ADMM,0.01,0.01,4.867706,4.104249945259371,4.1038992611615575,0.008545143910620256,2.964295475749168e-14,6.954401438168459e-5,93,converged,gap_residual_and_feasibility
617,0.32876558636179987,IPOPT,0.01,1.0e-10,26.77607536315918,3.9848561213894826,3.9848561213894826,0.0,9.99526827971664e-9,NaN,31,INTERRUPTED,gap_and_residual
617,0.32876558636179987,MadNLP,0.01,0.01,17.89999008178711,3.984980894334683,3.9848561213894826,0.0031311781755571882,6.338679581219253e-15,NaN,24,INTERRUPTED,gap_and_residual
617,0.32876558636179987,ADMM,0.01,0.0001,382.5070858001709,3.9852402766191832,3.9848561213894826,0.009640378924562968,3.885780586188048e-16,0.0023592501958256996,30,converged,gap_callback_with_solver_termination
617,0.32876558636179987,MEL-ADMM,0.01,0.01,55.4957389831543,3.985239605947708,3.9848561213894826,0.009623548417894366,3.5388358909926865e-16,0.0012677675033017505,30,converged,gap_residual_and_feasibility
617,0.32876558636179987,sMEL-ADMM,0.01,0.01,5.207245,3.9852005556705863,3.9848561213894826,0.008643581364326495,2.90878432451791e-14,6.9378947402398e-5,93,converged,gap_residual_and_feasibility
618,0.4807080591309327,IPOPT,0.01,1.0e-10,26.005983352661133,3.6929411291758893,3.6929411291758893,0.0,9.995268224205489e-9,NaN,32,INTERRUPTED,gap_and_residual
618,0.4807080591309327,MadNLP,0.01,0.01,15.073060989379883,3.6930580615288577,3.6929411291758893,0.00316637468289361,2.42861286636753e-17,NaN,21,INTERRUPTED,gap_and_residual
618,0.4807080591309327,ADMM,0.01,0.0001,393.27001571655273,3.693310042772802,3.6929411291758893,0.009989696125890811,3.400058012914542e-16,0.0003117233973322017,31,converged,gap_callback_with_solver_termination
618,0.4807080591309327,MEL-ADMM,0.01,0.01,57.58213996887207,3.6933090920359946,3.6929411291758893,0.0099639514206749,3.677613769070831e-16,0.000523288496604879,31,converged,gap_residual_and_feasibility
618,0.4807080591309327,sMEL-ADMM,0.01,0.01,4.853959,3.6932729451119477,3.6929411291758893,0.008985140148508203,2.986499936241671e-14,6.890978820532894e-5,93,converged,gap_residual_and_feasibility
619,0.6696300463658951,IPOPT,0.01,1.0e-10,33.53118896484375,3.3299803360046516,3.3299803360046516,0.0,9.995267558071674e-9,NaN,39,INTERRUPTED,gap_and_residual
619,0.6696300463658951,MadNLP,0.01,0.01,23.288965225219727,3.330090020458733,3.3299803360046516,0.00329384690040391,2.7755575615628914e-17,NaN,32,INTERRUPTED,gap_and_residual
619,0.6696300463658951,ADMM,0.01,0.0001,475.48413276672363,3.330309579271814,3.3299803360046516,0.009887243585265302,9.2166274612282e-12,0.015521168821633038,37,converged,gap_callback_with_solver_termination
619,0.6696300463658951,MEL-ADMM,0.01,0.01,76.43604278564453,3.330282250175083,3.3299803360046516,0.009066545143431056,3.3306690738754696e-16,0.0034427485308790255,41,converged,gap_residual_and_feasibility
619,0.6696300463658951,sMEL-ADMM,0.01,0.01,5.581213,3.3302289380086347,3.3299803360046516,0.007465569730102651,2.942091015256665e-14,6.126485361126685e-5,93,converged,gap_residual_and_feasibility
620,0.3749802035784885,IPOPT,0.01,1.0e-10,24.188995361328125,3.896067651785864,3.896067651785864,0.0,9.995267447049372e-9,NaN,29,INTERRUPTED,gap_and_residual
620,0.3749802035784885,MadNLP,0.01,0.01,15.65098762512207,3.896189874958637,3.896067651785864,0.0031370906179429355,2.7755575615628914e-17,NaN,22,INTERRUPTED,gap_and_residual
620,0.3749802035784885,ADMM,0.01,0.0001,382.11560249328613,3.8964521556447673,3.896067651785864,0.009869024187174509,6.615374914531458e-12,0.002417124133771327,30,converged,gap_callback_with_solver_termination
620,0.3749802035784885,MEL-ADMM,0.01,0.01,55.45306205749512,3.896450921687829,3.896067651785864,0.009837352331121365,3.3306690738754696e-16,0.001304223610942467,30,converged,gap_residual_and_feasibility
620,0.3749802035784885,sMEL-ADMM,0.01,0.01,6.806874,3.896407176120494,3.896067651785864,0.008714538990990521,2.9531932455029164e-14,6.919849607219843e-5,93,converged,gap_residual_and_feasibility
621,0.5850610803668619,IPOPT,0.01,1.0e-10,28.056859970092773,3.492455966427199,3.492455966427199,0.0,9.995268557272396e-9,NaN,33,INTERRUPTED,gap_and_residual
621,0.5850610803668619,MadNLP,0.01,0.01,15.659809112548828,3.492568973199237,3.492455966427199,0.003235739351465604,2.7755575615628914e-17,NaN,22,INTERRUPTED,gap_and_residual
621,0.5850610803668619,ADMM,0.01,0.0001,414.8275852203369,3.4928043979558656,3.492455966427199,0.009976690673161507,3.469446951953614e-16,0.019345218949589904,32,converged,gap_callback_with_solver_termination
621,0.5850610803668619,MEL-ADMM,0.01,0.01,65.65713882446289,3.492792606830229,3.492455966427199,0.009639073656651937,3.191891195797325e-16,0.003377705975452727,35,converged,gap_residual_and_feasibility
621,0.5850610803668619,sMEL-ADMM,0.01,0.01,6.523458000000001,3.4927526904534085,3.492455966427199,0.008496142229483205,2.9531932455029164e-14,6.759288852127305e-5,93,converged,gap_residual_and_feasibility
622,0.3164439627840456,IPOPT,0.01,1.0e-10,36.29493713378906,4.008528677095631,4.008528677095631,0.0,9.995268057672035e-9,NaN,40,INTERRUPTED,gap_and_residual
622,0.3164439627840456,MadNLP,0.01,0.01,24.415969848632812,4.008655879208636,4.008528677095631,0.003173286840415148,8.631984016460592e-15,NaN,31,INTERRUPTED,gap_and_residual
622,0.3164439627840456,ADMM,0.01,0.0001,386.6744041442871,4.008912739867677,4.008528677095631,0.009581140687360509,2.2534196730816802e-12,0.0023434897027688056,30,converged,gap_callback_with_solver_termination
622,0.3164439627840456,MEL-ADMM,0.01,0.01,54.40020561218262,4.008912224439552,4.008528677095631,0.0095682824002784,3.2612801348363973e-16,0.0012580455455519987,30,converged,gap_residual_and_feasibility
622,0.3164439627840456,sMEL-ADMM,0.01,0.01,6.789249,4.008874601553709,4.008528677095631,0.008629711446347964,2.964295475749168e-14,6.942127797452367e-5,93,converged,gap_residual_and_feasibility
623,0.4512520885596244,IPOPT,0.01,1.0e-10,23.495912551879883,3.749532543434592,3.749532543434592,0.0,9.99526733602707e-9,NaN,28,INTERRUPTED,gap_and_residual
623,0.4512520885596244,MadNLP,0.01,0.01,14.19210433959961,3.7496507707413804,3.749532543434592,0.0031531212336209902,3.122502256758253e-17,NaN,20,INTERRUPTED,gap_and_residual
623,0.4512520885596244,ADMM,0.01,0.0001,406.0783386230469,3.7499072401551348,3.749532543434592,0.009993158245792597,3.7470027081099033e-16,3.699904846068275e-5,32,converged,gap_callback_with_solver_termination
623,0.4512520885596244,MEL-ADMM,0.01,0.01,57.085514068603516,3.7499073043921576,3.749532543434592,0.009994871446626781,8.253969729921096e-11,2.6188053597352157e-5,32,converged,gap_residual_and_feasibility
623,0.4512520885596244,sMEL-ADMM,0.01,0.01,4.847161,3.749867033440518,3.749532543434592,0.008920845520111659,2.90878432451791e-14,6.892767254899033e-5,93,converged,gap_residual_and_feasibility
624,0.6799940242532357,IPOPT,0.01,1.0e-10,25.814056396484375,3.310068849314009,3.310068849314009,0.0,9.99526783562743e-9,NaN,31,INTERRUPTED,gap_and_residual
624,0.6799940242532357,MadNLP,0.01,0.01,15.858888626098633,3.310142743206822,3.310068849314009,0.0022323974568674828,9.114237142782144e-15,NaN,23,INTERRUPTED,gap_and_residual
624,0.6799940242532357,ADMM,0.01,0.0001,487.88928985595703,3.3103886480871196,3.310068849314009,0.00966139339297364,4.14712708618481e-12,0.015081993293901303,38,converged,gap_callback_with_solver_termination
624,0.6799940242532357,MEL-ADMM,0.01,0.01,76.77125930786133,3.310398081528072,3.310068849314009,0.009946385681105167,3.8510861166685117e-16,0.008201363035414522,41,converged,gap_residual_and_feasibility
624,0.6799940242532357,sMEL-ADMM,0.01,0.01,4.895167,3.310314033747191,3.310068849314009,0.007407230614930548,2.964295475749168e-14,6.12647537246002e-5,93,converged,gap_residual_and_feasibility
625,0.29581518854332467,IPOPT,0.01,1.0e-10,32.311201095581055,4.048161100881468,4.048161100881468,0.0,9.995268335227792e-9,NaN,38,INTERRUPTED,gap_and_residual
625,0.29581518854332467,MadNLP,0.01,0.01,21.028995513916016,4.048294085924689,4.048161100881468,0.003285072898705918,8.125444761475364e-15,NaN,30,INTERRUPTED,gap_and_residual
625,0.29581518854332467,ADMM,0.01,0.0001,334.4612121582031,4.0485642614982105,4.048161100881468,0.009959105052778597,3.0184188481996443e-16,0.02538536813342014,26,converged,gap_callback_with_solver_termination
625,0.29581518854332467,MEL-ADMM,0.01,0.01,55.38630485534668,4.048544752089995,4.048161100881468,0.00947717244859175,3.7470027081099033e-16,0.0012417740260810758,30,converged,gap_residual_and_feasibility
625,0.29581518854332467,sMEL-ADMM,0.01,0.01,4.77029,4.048509321456004,4.048161100881468,0.008601944583193175,2.9976021664879227e-14,6.948312627649226e-5,93,converged,gap_residual_and_feasibility
626,0.4688974242723554,IPOPT,0.01,1.0e-10,26.38101577758789,3.715631962883845,3.715631962883845,0.0,9.99526783562743e-9,NaN,32,INTERRUPTED,gap_and_residual
626,0.4688974242723554,MadNLP,0.01,0.01,13.976812362670898,3.7157011545131593,3.715631962883845,0.0018621766096772166,6.8486882831564344e-15,NaN,20,INTERRUPTED,gap_and_residual
626,0.4688974242723554,ADMM,0.01,0.0001,392.95291900634766,3.7160034180518338,3.715631962883845,0.00999709259957695,2.022548795110879e-12,0.0004194936929975829,31,converged,gap_callback_with_solver_termination
626,0.4688974242723554,MEL-ADMM,0.01,0.01,56.4427375793457,3.716002680310508,3.715631962883845,0.009977237529613714,3.469446951953614e-16,0.00035449116257622176,31,converged,gap_residual_and_feasibility
626,0.4688974242723554,sMEL-ADMM,0.01,0.01,5.330166,3.7159650025195177,3.715631962883845,0.008963203002872162,3.064215547965432e-14,6.89077018571245e-5,93,converged,gap_residual_and_feasibility
627,0.4041357819747698,IPOPT,0.01,1.0e-10,24.63078498840332,3.840053357129328,3.840053357129328,0.0,9.995267613582826e-9,NaN,30,INTERRUPTED,gap_and_residual
627,0.4041357819747698,MadNLP,0.01,0.01,15.930891036987305,3.840174020866313,3.840053357129328,0.0031422411556028687,2.7755575615628914e-17,NaN,23,INTERRUPTED,gap_and_residual
627,0.4041357819747698,ADMM,0.01,0.0001,392.5604820251465,3.840427927979608,3.840053357129328,0.009754313689011442,4.371503159461554e-16,0.0002764886982902677,31,converged,gap_callback_with_solver_termination
627,0.4041357819747698,MEL-ADMM,0.01,0.01,55.01437187194824,3.8404365419723345,3.840053357129328,0.009978633299328233,3.8163916471489756e-16,0.0013271781252121237,30,converged,gap_residual_and_feasibility
627,0.4041357819747698,sMEL-ADMM,0.01,0.01,4.771331999999999,3.8403905725126863,3.840053357129328,0.008781528588195978,2.964295475749168e-14,6.907348722628992e-5,93,converged,gap_residual_and_feasibility
628,0.2707376934671637,IPOPT,0.01,1.0e-10,38.54084014892578,4.096340498297198,4.096340498297198,0.0,9.995267724605128e-9,NaN,43,INTERRUPTED,gap_and_residual
628,0.2707376934671637,MadNLP,0.01,0.01,30.0140380859375,4.09647113039701,4.096340498297198,0.0031889951498493274,1.0129917737966565e-14,NaN,40,INTERRUPTED,gap_and_residual
628,0.2707376934671637,ADMM,0.01,0.0001,339.7209644317627,4.096744151210898,4.096340498297198,0.0098539883065913,3.365363543395006e-16,0.02538472527961213,26,converged,gap_callback_with_solver_termination
628,0.2707376934671637,MEL-ADMM,0.01,0.01,53.18737030029297,4.096724347918139,4.096340498297198,0.009370549667453643,7.605027718682322e-15,0.001231917141074134,30,converged,gap_residual_and_feasibility
628,0.2707376934671637,sMEL-ADMM,0.01,0.01,4.8039179999999995,4.0966909071777735,4.096340498297198,0.008554193205407441,3.0531133177191805e-14,6.953726847190849e-5,93,converged,gap_residual_and_feasibility
629,0.4509239004760037,IPOPT,0.01,1.0e-10,23.353099822998047,3.7501630651059084,3.7501630651059084,0.0,9.995268390738943e-9,NaN,28,INTERRUPTED,gap_and_residual
629,0.4509239004760037,MadNLP,0.01,0.01,14.2059326171875,3.7502813087818114,3.7501630651059084,0.0031530275844081006,2.7755575615628914e-17,NaN,20,INTERRUPTED,gap_and_residual
629,0.4509239004760037,ADMM,0.01,0.0001,404.9985408782959,3.7505375124739317,3.7501630651059084,0.009984828966705606,1.0293427221697016e-10,3.658166240949265e-5,32,converged,gap_callback_with_solver_termination
629,0.4509239004760037,MEL-ADMM,0.01,0.01,58.53271484375,3.750537818380485,3.7501630651059084,0.009992986120090962,8.063810730263299e-11,2.6165612631891266e-5,32,converged,gap_residual_and_feasibility
629,0.4509239004760037,sMEL-ADMM,0.01,0.01,4.974,3.7504975770691646,3.7501630651059084,0.008919931145629873,2.9753977059954195e-14,6.892826301951871e-5,93,converged,gap_residual_and_feasibility
630,0.47419606045364643,IPOPT,0.01,1.0e-10,26.278972625732422,3.7054521144753285,3.7054521144753285,0.0,9.995267724605128e-9,NaN,32,INTERRUPTED,gap_and_residual
630,0.47419606045364643,MadNLP,0.01,0.01,14.657974243164062,3.7055693250523607,3.7054521144753285,0.003163192328792917,8.531370054853937e-15,NaN,21,INTERRUPTED,gap_and_residual
630,0.47419606045364643,ADMM,0.01,0.0001,393.28837394714355,3.7058225763291612,3.7054521144753285,0.009997750406367637,3.2464031463064202e-12,0.00018137342110322724,31,converged,gap_callback_with_solver_termination
630,0.47419606045364643,MEL-ADMM,0.01,0.01,54.7332763671875,3.7058215484138235,3.7054521144753285,0.009970009787787754,3.122502256758253e-16,0.00042238051868246154,31,converged,gap_residual_and_feasibility
630,0.47419606045364643,sMEL-ADMM,0.01,0.01,4.8205849999999995,3.705784631280316,3.7054521144753285,0.008973717503688562,2.90878432451791e-14,6.89074933798656e-5,93,converged,gap_residual_and_feasibility
631,0.6819106947481548,IPOPT,0.01,1.0e-10,25.782108306884766,3.3063865026837105,3.3063865026837105,0.0,9.995268335227792e-9,NaN,31,INTERRUPTED,gap_and_residual
631,0.6819106947481548,MadNLP,0.01,0.01,15.846967697143555,3.3064606315277385,3.3063865026837105,0.002241989675673194,9.783840404509192e-16,NaN,23,INTERRUPTED,gap_and_residual
631,0.6819106947481548,ADMM,0.01,0.0001,500.65159797668457,3.3066780963639677,3.3063865026837105,0.008819104482205546,2.142286348316702e-12,0.01492761218951083,39,converged,gap_callback_with_solver_termination
631,0.6819106947481548,MEL-ADMM,0.01,0.01,79.87380027770996,3.306684373587851,3.3063865026837105,0.009008955967452666,3.191891195797325e-16,0.00371072969338968,42,converged,gap_residual_and_feasibility
631,0.6819106947481548,sMEL-ADMM,0.01,0.01,4.986871000000001,3.306631098197044,3.3063865026837105,0.007397668516222634,2.9976021664879227e-14,6.126473358135723e-5,93,converged,gap_residual_and_feasibility
632,0.5624546627171587,IPOPT,0.01,1.0e-10,31.17990493774414,3.53588787925528,3.53588787925528,0.0,9.995268668294699e-9,NaN,34,INTERRUPTED,gap_and_residual
632,0.5624546627171587,MadNLP,0.01,0.01,21.37303352355957,3.53600167047119,3.53588787925528,0.003218179416195098,2.7755575615628914e-17,NaN,25,INTERRUPTED,gap_and_residual
632,0.5624546627171587,ADMM,0.01,0.0001,434.63945388793945,3.5362238788947913,3.53588787925528,0.009502553558970072,3.699297812520541e-16,0.001157802502262429,34,converged,gap_callback_with_solver_termination
632,0.5624546627171587,MEL-ADMM,0.01,0.01,62.47830390930176,3.5362284580083903,3.53588787925528,0.009632057484301907,3.642919299551295e-16,0.0022372313392527536,34,converged,gap_residual_and_feasibility
632,0.5624546627171587,sMEL-ADMM,0.01,0.01,5.051667,3.53619970899629,3.53588787925528,0.008818994030878297,2.853273173286652e-14,6.894581505807393e-5,93,converged,gap_residual_and_feasibility
633,0.31919386968756336,IPOPT,0.01,1.0e-10,30.98297119140625,4.00324549960287,4.00324549960287,0.0,9.995268501761245e-9,NaN,37,INTERRUPTED,gap_and_residual
633,0.31919386968756336,MadNLP,0.01,0.01,20.351886749267578,4.003371850407427,4.00324549960287,0.003156209244957413,2.7755575615628914e-17,NaN,29,INTERRUPTED,gap_and_residual
633,0.31919386968756336,ADMM,0.01,0.0001,381.32596015930176,4.003629583071893,4.00324549960287,0.009594302149625611,4.0303871351454745e-12,0.0023470201131707766,30,converged,gap_callback_with_solver_termination
633,0.31919386968756336,MEL-ADMM,0.01,0.01,52.896976470947266,4.00362903293163,4.00324549960287,0.009580559793250587,4.0245584642661925e-16,0.0012602152843871998,30,converged,gap_residual_and_feasibility
633,0.31919386968756336,sMEL-ADMM,0.01,0.01,4.826543,4.003591098035871,4.00324549960287,0.008632956261000656,2.942091015256665e-14,6.941212482043397e-5,93,converged,gap_residual_and_feasibility
634,0.630895032355473,IPOPT,0.01,1.0e-10,35.43901443481445,3.4043988386601245,3.4043988386601245,0.0,9.995268612783548e-9,NaN,38,INTERRUPTED,gap_and_residual
634,0.630895032355473,MadNLP,0.01,0.01,21.02184295654297,3.4045100894666134,3.4043988386601245,0.00326785467159506,3.122502256758253e-17,NaN,27,INTERRUPTED,gap_and_residual
634,0.630895032355473,ADMM,0.01,0.0001,448.4596252441406,3.4047169563204434,3.4043988386601245,0.009344312326344934,1.5745738046746283e-12,0.0170794608798672,35,converged,gap_callback_with_solver_termination
634,0.630895032355473,MEL-ADMM,0.01,0.01,68.81165504455566,3.4047163935132603,3.4043988386601245,0.009327780562302228,3.469446951953614e-16,0.003383001877669222,38,converged,gap_residual_and_feasibility
634,0.630895032355473,sMEL-ADMM,0.01,0.01,4.774421,3.4046662089339903,3.4043988386601245,0.007853670693033056,2.930988785010413e-14,6.291292755603636e-5,93,converged,gap_residual_and_feasibility
635,0.3172856283541573,IPOPT,0.01,1.0e-10,36.5908145904541,4.006911651955343,4.006911651955343,0.0,9.995268224205489e-9,NaN,41,INTERRUPTED,gap_and_residual
635,0.3172856283541573,MadNLP,0.01,0.01,29.219865798950195,4.0070386608730795,4.006911651955343,0.0031697458983099887,8.909539772616881e-15,NaN,40,INTERRUPTED,gap_and_residual
635,0.3172856283541573,ADMM,0.01,0.0001,382.3418617248535,4.007295721053367,4.006911651955343,0.009585165119304602,3.677613769070831e-16,0.0023445714641237153,30,converged,gap_callback_with_solver_termination
635,0.3172856283541573,MEL-ADMM,0.01,0.01,54.813385009765625,4.007295195011227,4.006911651955343,0.009572036750470784,3.664603343001005e-16,0.0012587096356732053,30,converged,gap_residual_and_feasibility
635,0.3172856283541573,sMEL-ADMM,0.01,0.01,5.221959,4.007257476957235,4.006911651955343,0.008630711928055436,2.8976820942716586e-14,6.941848606178882e-5,93,converged,gap_residual_and_feasibility
636,0.44967582362451064,IPOPT,0.01,1.0e-10,23.01311492919922,3.7525608959279686,3.7525608959279686,0.0,9.995267558071674e-9,NaN,28,INTERRUPTED,gap_and_residual
636,0.44967582362451064,MadNLP,0.01,0.01,14.147043228149414,3.7526792019426582,3.7525608959279686,0.0031526740796672674,2.7755575615628914e-17,NaN,20,INTERRUPTED,gap_and_residual
636,0.44967582362451064,ADMM,0.01,0.0001,404.4322967529297,3.7529367407209633,3.7525608959279686,0.010015688043930904,3.7470027081099033e-16,3.5299601531122576e-5,32,iteration_limit,gap_callback_with_solver_termination
636,0.44967582362451064,MEL-ADMM,0.01,0.01,62.96682357788086,3.7529358842337457,3.7525608959279686,0.00999286397148154,4.3021142204224816e-16,1.217376708195772e-5,34,converged,gap_residual_and_feasibility
636,0.44967582362451064,sMEL-ADMM,0.01,0.01,4.746251,3.752895490741054,3.7525608959279686,0.008916439262813547,2.986499936241671e-14,6.893056129705314e-5,93,converged,gap_residual_and_feasibility
637,0.37117769328538064,IPOPT,0.01,1.0e-10,24.656057357788086,3.9033731124801303,3.9033731124801303,0.0,9.995268002160884e-9,NaN,30,INTERRUPTED,gap_and_residual
637,0.37117769328538064,MadNLP,0.01,0.01,15.311956405639648,3.90344799422917,3.9033731124801303,0.0019183856342165503,9.298117831235686e-16,NaN,22,INTERRUPTED,gap_and_residual
637,0.37117769328538064,ADMM,0.01,0.0001,381.2370300292969,3.90375756107666,3.9033731124801303,0.009849137795729941,4.3021142204224816e-16,0.002412397381796348,30,converged,gap_callback_with_solver_termination
637,0.37117769328538064,MEL-ADMM,0.01,0.01,53.98392677307129,3.9037563971408558,3.9033731124801303,0.009819319078158178,1.07286401984652e-12,0.0013012263844541586,30,converged,gap_residual_and_feasibility
637,0.37117769328538064,sMEL-ADMM,0.01,0.01,5.181291,3.903712942362937,3.9033731124801303,0.008706056864516963,2.8976820942716586e-14,6.921346832954294e-5,93,converged,gap_residual_and_feasibility
638,0.6968531556922628,IPOPT,0.01,1.0e-10,26.139020919799805,3.277678740524411,3.277678740524411,0.0,9.99526872380585e-9,NaN,32,INTERRUPTED,gap_and_residual
638,0.6968531556922628,MadNLP,0.01,0.01,14.489889144897461,3.2777546416333956,3.277678740524411,0.0023156970219858916,1.1657341758564144e-15,NaN,21,INTERRUPTED,gap_and_residual
638,0.6968531556922628,ADMM,0.01,0.0001,512.2864246368408,3.2779725664226307,3.277678740524411,0.00896445080437261,7.387535028158254e-12,0.014400742497967394,40,converged,gap_callback_with_solver_termination
638,0.6968531556922628,MEL-ADMM,0.01,0.01,74.70202445983887,3.27797837519154,3.277678740524411,0.00914167283768582,3.712308238590367e-16,0.005451407086437432,43,converged,gap_residual_and_feasibility
638,0.6968531556922628,sMEL-ADMM,0.01,0.01,4.7943370000000005,3.2779194435506653,3.277678740524411,0.007343704045132551,2.853273173286652e-14,6.886731026851684e-5,93,converged,gap_residual_and_feasibility
639,0.7193683998819816,IPOPT,0.01,1.0e-10,39.736032485961914,3.234421992015931,3.234421992015931,0.0,9.995268390738943e-9,NaN,44,INTERRUPTED,gap_and_residual
639,0.7193683998819816,MadNLP,0.01,0.01,27.470111846923828,3.234500318601359,3.234421992015931,0.002421656346054457,1.3808398868775384e-15,NaN,36,INTERRUPTED,gap_and_residual
639,0.7193683998819816,ADMM,0.01,0.0001,532.0181846618652,3.234728271618185,3.234421992015931,0.009469376692650971,6.119549311733863e-12,0.014248380452600847,42,converged,gap_callback_with_solver_termination
639,0.7193683998819816,MEL-ADMM,0.01,0.01,81.43162727355957,3.2347199713522587,3.234421992015931,0.009212753841748397,3.5561831257524545e-16,0.00696705936171953,45,converged,gap_residual_and_feasibility
639,0.7193683998819816,sMEL-ADMM,0.01,0.01,4.917038000000001,3.23465917809572,3.234421992015931,0.007333182880114654,2.9531932455029164e-14,9.280852180303415e-5,93,converged,gap_residual_and_feasibility
640,0.51889009687096,IPOPT,0.01,1.0e-10,26.67999267578125,3.6195850158624188,3.6195850158624188,0.0,9.995267891138582e-9,NaN,33,INTERRUPTED,gap_and_residual
640,0.51889009687096,MadNLP,0.01,0.01,15.434980392456055,3.6197004030010147,3.6195850158624188,0.003187855461061527,2.42861286636753e-17,NaN,22,INTERRUPTED,gap_and_residual
640,0.51889009687096,ADMM,0.01,0.0001,407.74989128112793,3.6199389576216956,3.6195850158624188,0.009778517640163801,3.608224830031759e-16,0.0022253801223681147,32,converged,gap_callback_with_solver_termination
640,0.51889009687096,MEL-ADMM,0.01,0.01,58.38370323181152,3.6199407921935864,3.6195850158624188,0.00982920223198321,3.885780586188048e-16,0.0016255551116676863,32,converged,gap_residual_and_feasibility
640,0.51889009687096,sMEL-ADMM,0.01,0.01,4.780791000000001,3.6199102483408163,3.6195850158624188,0.008985352657065883,2.9032332093947844e-14,6.906441501468557e-5,93,converged,gap_residual_and_feasibility
641,0.2654601807779357,IPOPT,0.01,1.0e-10,45.37200927734375,4.106479763820085,4.106479763820085,0.0,9.995267558071674e-9,NaN,51,INTERRUPTED,gap_and_residual
641,0.2654601807779357,MadNLP,0.01,0.01,31.14008903503418,4.106627342565778,4.106479763820085,0.0035938018492992687,7.462780393652224e-15,NaN,40,INTERRUPTED,gap_and_residual
641,0.2654601807779357,ADMM,0.01,0.0001,355.6854724884033,4.106883416655599,4.106479763820085,0.009829656024860628,3.400058012914542e-16,0.02538472530968981,26,converged,gap_callback_with_solver_termination
641,0.2654601807779357,MEL-ADMM,0.01,0.01,54.14938926696777,4.1068636701611005,4.106479763820085,0.009348794176418497,3.7470027081099033e-16,0.0012319168519668404,30,converged,gap_residual_and_feasibility
641,0.2654601807779357,sMEL-ADMM,0.01,0.01,5.345083,4.1068305378957515,4.106479763820085,0.00854196528026814,3.008704396734174e-14,6.954619994962129e-5,93,converged,gap_residual_and_feasibility
642,0.49449546539348327,IPOPT,0.01,1.0e-10,26.449918746948242,3.6664524817396034,3.6664524817396034,0.0,9.99526778011628e-9,NaN,32,INTERRUPTED,gap_and_residual
642,0.49449546539348327,MadNLP,0.01,0.01,14.451980590820312,3.666520829246921,3.6664524817396034,0.001864131818376629,6.869504964868156e-15,NaN,21,INTERRUPTED,gap_and_residual
642,0.49449546539348327,ADMM,0.01,0.0001,395.40576934814453,3.6668179510430052,3.6664524817396034,0.009967926905422867,3.191891195797325e-16,0.002054047586766184,31,converged,gap_callback_with_solver_termination
642,0.49449546539348327,MEL-ADMM,0.01,0.01,57.07216262817383,3.6668181131812436,3.6664524817396034,0.009972349115698288,2.1458390619955026e-12,0.00134537113665718,31,converged,gap_residual_and_feasibility
642,0.49449546539348327,sMEL-ADMM,0.01,0.01,4.842083,3.6667825214089707,3.6664524817396034,0.009001607712387309,2.8310687127941492e-14,6.89485126066482e-5,93,converged,gap_residual_and_feasibility
643,0.5058227654505791,IPOPT,0.01,1.0e-10,25.995969772338867,3.6446902407565105,3.6446902407565105,0.0,9.995269112383909e-9,NaN,32,INTERRUPTED,gap_and_residual
643,0.5058227654505791,MadNLP,0.01,0.01,14.561891555786133,3.6447582630986437,3.6446902407565105,0.0018663408311783583,7.355227538141662e-16,NaN,21,INTERRUPTED,gap_and_residual
643,0.5058227654505791,ADMM,0.01,0.0001,405.46154975891113,3.6450491380938255,3.6446902407565105,0.009847128661350487,9.80500680647367e-11,0.000274464894445426,32,converged,gap_callback_with_solver_termination
643,0.5058227654505791,MEL-ADMM,0.01,0.01,58.18033218383789,3.6450490008222034,3.6446902407565105,0.00984336231598225,3.5128150388530344e-16,0.0005448753708601865,32,converged,gap_residual_and_feasibility
643,0.5058227654505791,sMEL-ADMM,0.01,0.01,5.064417,3.645018281374395,3.6446902407565105,0.009000507483912474,2.942091015256665e-14,6.900063155465021e-5,93,converged,gap_residual_and_feasibility
644,0.2994751301724946,IPOPT,0.01,1.0e-10,30.367136001586914,4.041129546025805,4.041129546025805,0.0,9.995268446250094e-9,NaN,36,INTERRUPTED,gap_and_residual
644,0.2994751301724946,MadNLP,0.01,0.01,20.57790756225586,4.041261347260316,4.041129546025805,0.0032614949115131533,7.136652380168584e-15,NaN,29,INTERRUPTED,gap_and_residual
644,0.2994751301724946,ADMM,0.01,0.0001,333.87112617492676,4.041532565525463,4.041129546025805,0.009972941848761267,2.085609462909588e-12,0.025385555999165515,26,converged,gap_callback_with_solver_termination
644,0.2994751301724946,MEL-ADMM,0.01,0.01,54.23760414123535,4.041513179046334,4.041129546025805,0.00949321263177151,3.8163916471489756e-16,0.0012446598496252959,30,converged,gap_residual_and_feasibility
644,0.2994751301724946,sMEL-ADMM,0.01,0.01,4.808457000000001,4.041477392596567,4.041129546025805,0.008607657012741968,3.008704396734174e-14,6.947353689685729e-5,93,converged,gap_residual_and_feasibility
645,0.31161872977604776,IPOPT,0.01,1.0e-10,35.398006439208984,4.017799013626868,4.017799013626868,0.0,9.995268057672035e-9,NaN,40,INTERRUPTED,gap_and_residual
645,0.31161872977604776,MadNLP,0.01,0.01,22.530078887939453,4.01792720850971,4.017799013626868,0.0031906743569712474,8.330142131640628e-15,NaN,29,INTERRUPTED,gap_and_residual
645,0.31161872977604776,ADMM,0.01,0.0001,382.5991153717041,4.018183040564955,4.017799013626868,0.009558142076901727,3.885780586188048e-16,0.002337272769643378,30,converged,gap_callback_with_solver_termination
645,0.31161872977604776,MEL-ADMM,0.01,0.01,55.732011795043945,4.018182585518725,4.017799013626868,0.009546816318007403,3.677613769070831e-16,0.0012542386967062669,30,converged,gap_residual_and_feasibility
645,0.31161872977604776,sMEL-ADMM,0.01,0.01,4.940372999999999,4.0181455032702615,4.017799013626868,0.008623867003267838,2.9531932455029164e-14,6.943706794394506e-5,93,converged,gap_residual_and_feasibility
646,0.3776927824784013,IPOPT,0.01,1.0e-10,24.158000946044922,3.890856189618534,3.890856189618534,0.0,9.995267946649733e-9,NaN,29,INTERRUPTED,gap_and_residual
646,0.3776927824784013,MadNLP,0.01,0.01,15.35797119140625,3.8909782665163655,3.890856189618534,0.003137533023120033,7.577272143066693e-15,NaN,22,INTERRUPTED,gap_and_residual
646,0.3776927824784013,ADMM,0.01,0.0001,381.6187381744385,3.8912408014019673,3.890856189618534,0.009885016682430874,3.725852959490794e-12,0.0024204829346303816,30,converged,gap_callback_with_solver_termination
646,0.3776927824784013,MEL-ADMM,0.01,0.01,53.76005172729492,3.891239449500714,3.890856189618534,0.009850271084359862,3.95516952522712e-16,0.0013063613549797876,30,converged,gap_residual_and_feasibility
646,0.3776927824784013,sMEL-ADMM,0.01,0.01,4.787249,3.8911954937761317,3.890856189618534,0.008720552522680305,3.0309088572266774e-14,6.91875358778786e-5,93,converged,gap_residual_and_feasibility
647,0.6594898138032033,IPOPT,0.01,1.0e-10,23.450136184692383,3.349461958592699,3.349461958592699,0.0,9.995268668294699e-9,NaN,28,INTERRUPTED,gap_and_residual
647,0.6594898138032033,MadNLP,0.01,0.01,14.686822891235352,3.3495722821657288,3.349461958592699,0.0032937699963110894,2.7755575615628914e-17,NaN,21,INTERRUPTED,gap_and_residual
647,0.6594898138032033,ADMM,0.01,0.0001,473.07538986206055,3.3497630727516206,3.349461958592699,0.008989926222307992,9.047207427670401e-13,0.015879418758383154,37,converged,gap_callback_with_solver_termination
647,0.6594898138032033,MEL-ADMM,0.01,0.01,72.12233543395996,3.349771090692277,3.349461958592699,0.009229306181102051,3.3306690738754696e-16,0.004137466311441429,40,converged,gap_residual_and_feasibility
647,0.6594898138032033,sMEL-ADMM,0.01,0.01,5.128293,3.3497143876139175,3.349461958592699,0.0075364050805566355,2.930988785010413e-14,6.12649387410659e-5,93,converged,gap_residual_and_feasibility
648,0.6826724324720643,IPOPT,0.01,1.0e-10,23.9560604095459,3.3049230365593862,3.3049230365593862,0.0,9.995267724605128e-9,NaN,29,INTERRUPTED,gap_and_residual
648,0.6826724324720643,MadNLP,0.01,0.01,15.134096145629883,3.3050323217006907,3.3049230365593862,0.0033067378603241155,2.42861286636753e-17,NaN,22,INTERRUPTED,gap_and_residual
648,0.6826724324720643,ADMM,0.01,0.0001,498.6121654510498,3.305214600196051,3.3049230365593862,0.008822100649225709,5.162537064506978e-13,0.014900263074118925,39,converged,gap_callback_with_solver_termination
648,0.6826724324720643,MEL-ADMM,0.01,0.01,80.11984825134277,3.305221699174434,3.3049230365593862,0.009036900761191518,3.5388358909926865e-16,0.003992946695560495,42,converged,gap_residual_and_feasibility
648,0.6826724324720643,sMEL-ADMM,0.01,0.01,4.916332,3.3051674097308887,3.3049230365593862,0.00739421671243834,2.942091015256665e-14,6.132410892218873e-5,93,converged,gap_residual_and_feasibility
649,0.5134718033992187,IPOPT,0.01,1.0e-10,26.90291404724121,3.6299947523093046,3.6299947523093046,0.0,9.99526872380585e-9,NaN,33,INTERRUPTED,gap_and_residual
649,0.5134718033992187,MadNLP,0.01,0.01,15.269994735717773,3.63011034970552,3.6299947523093046,0.00318450587681181,9.346690088563037e-15,NaN,22,INTERRUPTED,gap_and_residual
649,0.5134718033992187,ADMM,0.01,0.0001,407.08017349243164,3.630350147195114,3.6299947523093046,0.009790506875613954,3.400058012914542e-16,0.001423084898864023,32,converged,gap_callback_with_solver_termination
649,0.5134718033992187,MEL-ADMM,0.01,0.01,56.85067176818848,3.630351160109756,3.6299947523093046,0.009818410900579715,1.7208456881689926e-14,0.0010453761742047936,32,converged,gap_residual_and_feasibility
649,0.5134718033992187,sMEL-ADMM,0.01,0.01,5.352583,3.630321163540824,3.6299947523093046,0.008992057944758079,2.8976820942716586e-14,6.904160531515623e-5,93,converged,gap_residual_and_feasibility
650,0.46321226342718635,IPOPT,0.01,1.0e-10,25.639057159423828,3.726554410397074,3.726554410397074,0.0,9.995268834828153e-9,NaN,31,INTERRUPTED,gap_and_residual
650,0.46321226342718635,MadNLP,0.01,0.01,13.924121856689453,3.7266238107337935,3.726554410397074,0.0018623191580410768,6.8833827526759706e-15,NaN,20,INTERRUPTED,gap_and_residual
650,0.46321226342718635,ADMM,0.01,0.0001,406.1264991760254,3.726925676346351,3.726554410397074,0.009962713766940735,8.6897156137411e-13,4.659883330538489e-5,32,converged,gap_callback_with_solver_termination
650,0.46321226342718635,MEL-ADMM,0.01,0.01,54.059505462646484,3.726926559764691,3.726554410397074,0.009986419803201725,9.40858502218589e-13,0.00029301413370097507,31,converged,gap_residual_and_feasibility
650,0.46321226342718635,sMEL-ADMM,0.01,0.01,4.973212999999999,3.7268879693249506,3.726554410397074,0.008950866971005675,2.8754776337791554e-14,6.891111769766721e-5,93,converged,gap_residual_and_feasibility
651,0.6931045446330355,IPOPT,0.01,1.0e-10,32.814979553222656,3.2848806489060722,3.2848806489060722,0.0,9.995267891138582e-9,NaN,39,INTERRUPTED,gap_and_residual
651,0.6931045446330355,MadNLP,0.01,0.01,20.641088485717773,3.2849894222640343,3.2848806489060722,0.003311333640031471,2.7755575615628914e-17,NaN,29,INTERRUPTED,gap_and_residual
651,0.6931045446330355,ADMM,0.01,0.0001,508.4671974182129,3.2851678844179006,3.2848806489060722,0.00874416889161756,5.326905583302732e-10,0.014446853769751397,40,converged,gap_callback_with_solver_termination
651,0.6931045446330355,MEL-ADMM,0.01,0.01,78.84669303894043,3.2851743045583066,3.2848806489060722,0.008939614056668217,3.677613769070831e-16,0.0038179112854609606,43,converged,gap_residual_and_feasibility
651,0.6931045446330355,sMEL-ADMM,0.01,0.01,4.9084970000000006,3.2851222250375818,3.2848806489060722,0.007354182916508582,2.708944180085382e-14,6.584141027721202e-5,93,converged,gap_residual_and_feasibility
652,0.7079936887909583,IPOPT,0.01,1.0e-10,21.831989288330078,3.2562753200489305,3.2562753200489305,0.0,9.995267558071674e-9,NaN,26,INTERRUPTED,gap_and_residual
652,0.7079936887909583,MadNLP,0.01,0.01,13.59415054321289,3.256383270338849,3.2562753200489305,0.0033151462732269924,2.7755575615628914e-17,NaN,19,INTERRUPTED,gap_and_residual
652,0.7079936887909583,ADMM,0.01,0.0001,518.98193359375,3.2565715338806225,3.2562753200489305,0.009096707206180945,1.012312456083464e-11,0.014324354851674402,41,converged,gap_callback_with_solver_termination
652,0.7079936887909583,MEL-ADMM,0.01,0.01,79.38408851623535,3.2565727448053354,3.2562753200489305,0.009133894624133318,4.163336342344337e-16,0.00597546511918916,44,converged,gap_residual_and_feasibility
652,0.7079936887909583,sMEL-ADMM,0.01,0.01,5.4942519999999995,3.256513926531848,3.2562753200489305,0.007327589330316193,2.9753977059954195e-14,8.087612023030023e-5,93,converged,gap_residual_and_feasibility
653,0.4133726718138773,IPOPT,0.01,1.0e-10,51.86891555786133,3.8223072550926807,3.8223072550926807,0.0,9.995267891138582e-9,NaN,58,INTERRUPTED,gap_and_residual
653,0.4133726718138773,MadNLP,0.01,0.01,35.11810302734375,3.8223796705588553,3.8223072550926807,0.001894548536833701,6.2684232804421924e-15,NaN,46,INTERRUPTED,gap_and_residual
653,0.4133726718138773,ADMM,0.01,0.0001,393.11838150024414,3.8226818286816924,3.8223072550926807,0.009799672397153614,3.95516952522712e-16,0.00027775453502649,31,converged,gap_callback_with_solver_termination
653,0.4133726718138773,MEL-ADMM,0.01,0.01,56.11562728881836,3.822684770934838,3.8223072550926807,0.009876648237901261,3.5388358909926865e-16,0.0001810574185477712,31,converged,gap_residual_and_feasibility
653,0.4133726718138773,sMEL-ADMM,0.01,0.01,4.8395019999999995,3.8226438554786193,3.8223072550926807,0.008806209534572671,3.0309088572266774e-14,6.903622887722942e-5,93,converged,gap_residual_and_feasibility
654,0.4468844964024063,IPOPT,0.01,1.0e-10,23.376941680908203,3.757923650985563,3.757923650985563,0.0,9.995268501761245e-9,NaN,28,INTERRUPTED,gap_and_residual
654,0.4468844964024063,MadNLP,0.01,0.01,13.94200325012207,3.7579936902500433,3.757923650985563,0.0018637756108152309,7.726458362000699e-15,NaN,20,INTERRUPTED,gap_and_residual
654,0.4468844964024063,ADMM,0.01,0.0001,392.2083377838135,3.7582990230812907,3.757923650985563,0.00998881644732541,5.2098214631257633e-11,0.00030826389688692543,31,converged,gap_callback_with_solver_termination
654,0.4468844964024063,MEL-ADMM,0.01,0.01,61.203956604003906,3.7582992857874813,3.757923650985563,0.009995807174518876,1.1747308681364643e-10,9.75272339720501e-6,34,converged,gap_residual_and_feasibility
654,0.4468844964024063,sMEL-ADMM,0.01,0.01,4.879128,3.7582584265211545,3.757923650985563,0.008908524139482166,2.886579864025407e-14,6.89359609261763e-5,93,converged,gap_residual_and_feasibility
655,0.3625526173204429,IPOPT,0.01,1.0e-10,24.78480339050293,3.919943785164729,3.919943785164729,0.0,9.995268057672035e-9,NaN,30,INTERRUPTED,gap_and_residual
655,0.3625526173204429,MadNLP,0.01,0.01,15.908002853393555,3.9200666745591763,3.919943785164729,0.0031349784890344363,7.840950111415168e-15,NaN,23,INTERRUPTED,gap_and_residual
655,0.3625526173204429,ADMM,0.01,0.0001,382.22694396972656,3.9203281874688707,3.919943785164729,0.009806321855846251,5.222433596685505e-12,0.0024016447672296527,30,converged,gap_callback_with_solver_termination
655,0.3625526173204429,MEL-ADMM,0.01,0.01,55.644989013671875,3.9203271065558316,3.919943785164729,0.009778747148189316,3.7816971776294395e-16,0.0012944256621194132,30,converged,gap_residual_and_feasibility
655,0.3625526173204429,sMEL-ADMM,0.01,0.01,5.441413,3.9202843745526383,3.919943785164729,0.008688629393057451,2.930988785010413e-14,6.924785311135384e-5,93,converged,gap_residual_and_feasibility
656,0.3444934655959763,IPOPT,0.01,1.0e-10,28.92613410949707,3.9546393975169183,3.9546393975169183,0.0,9.995268002160884e-9,NaN,34,INTERRUPTED,gap_and_residual
656,0.3444934655959763,MadNLP,0.01,0.01,18.6769962310791,3.9547630284416946,3.9546393975169183,0.003126224981572871,7.65013052905772e-15,NaN,26,INTERRUPTED,gap_and_residual
656,0.3444934655959763,ADMM,0.01,0.0001,380.33509254455566,3.9550236685713824,3.9546393975169183,0.009716968245080128,8.246736626915663e-13,0.0023791665778076926,30,converged,gap_callback_with_solver_termination
656,0.3444934655959763,MEL-ADMM,0.01,0.01,54.09669876098633,3.9550228027996788,3.9546393975169183,0.009695075687589157,3.365363543395006e-16,0.0012801793818922637,30,converged,gap_residual_and_feasibility
656,0.3444934655959763,sMEL-ADMM,0.01,0.01,4.814875,3.954981910887244,3.9546393975169183,0.008661051891120812,2.90878432451791e-14,6.932039319253007e-5,93,converged,gap_residual_and_feasibility
657,0.3609878369653106,IPOPT,0.01,1.0e-10,24.693012237548828,3.9229500732477107,3.9229500732477107,0.0,9.995268335227792e-9,NaN,30,INTERRUPTED,gap_and_residual
657,0.3609878369653106,MadNLP,0.01,0.01,15.96689224243164,3.9230730459213485,3.9229500732477107,0.003134698921518652,7.89993070959838e-15,NaN,23,INTERRUPTED,gap_and_residual
657,0.3609878369653106,ADMM,0.01,0.0001,380.85150718688965,3.9233344706822284,3.9229500732477107,0.009798682811159193,1.136812866064929e-11,0.002399692794335457,30,converged,gap_callback_with_solver_termination
657,0.3609878369653106,MEL-ADMM,0.01,0.01,54.65841293334961,3.9233334014811247,3.9229500732477107,0.00977142778410837,3.469446951953614e-16,0.0012931915709349685,30,converged,gap_residual_and_feasibility
657,0.3609878369653106,sMEL-ADMM,0.01,0.01,4.816167,3.9232908106573006,3.9229500732477107,0.008685744228902562,2.942091015256665e-14,6.925408652939079e-5,93,converged,gap_residual_and_feasibility
658,0.6269869531084611,IPOPT,0.01,1.0e-10,36.42988204956055,3.4119071205918994,3.4119071205918994,0.0,9.995269056872758e-9,NaN,39,INTERRUPTED,gap_and_residual
658,0.6269869531084611,MadNLP,0.01,0.01,24.752140045166016,3.412018705668662,3.4119071205918994,0.0032704605611658054,3.469446951953614e-17,NaN,31,INTERRUPTED,gap_and_residual
658,0.6269869531084611,ADMM,0.01,0.0001,433.0759048461914,3.4122374528335584,3.4119071205918994,0.009681747772832358,2.963240763875774e-12,0.01731321319340143,34,converged,gap_callback_with_solver_termination
658,0.6269869531084611,MEL-ADMM,0.01,0.01,70.77717781066895,3.4122226149237775,3.4119071205918994,0.009246861673755973,4.371503159461554e-16,0.002367305903469296,38,converged,gap_residual_and_feasibility
658,0.6269869531084611,sMEL-ADMM,0.01,0.01,4.595789,3.412176980650933,3.4119071205918994,0.007909361230994076,2.9753977059954195e-14,6.34532863537764e-5,93,converged,gap_residual_and_feasibility
659,0.3539924915785594,IPOPT,0.01,1.0e-10,49.83687400817871,3.9363896741498716,3.9363896741498716,0.0,9.995268002160884e-9,NaN,51,INTERRUPTED,gap_and_residual
659,0.3539924915785594,MadNLP,0.01,0.01,33.299922943115234,3.936513016938222,3.9363896741498716,0.0031333988390543337,6.8660355179162025e-15,NaN,40,INTERRUPTED,gap_and_residual
659,0.3539924915785594,ADMM,0.01,0.0001,382.14659690856934,3.936774114652299,3.9363896741498716,0.00976632229659503,3.797684389184042e-12,0.002390962403245118,30,converged,gap_callback_with_solver_termination
659,0.3539924915785594,MEL-ADMM,0.01,0.01,55.722713470458984,3.936773033854894,3.9363896741498716,0.009738865731204565,3.625572064791527e-16,0.0012876737384088371,30,converged,gap_residual_and_feasibility
659,0.3539924915785594,sMEL-ADMM,0.01,0.01,4.82642,3.9367311073640594,3.9363896741498716,0.008673765619038184,2.964295475749168e-14,6.928225884627118e-5,93,converged,gap_residual_and_feasibility
660,0.2665355135307084,IPOPT,0.01,1.0e-10,46.920061111450195,4.104413812500272,4.104413812500272,0.0,9.995268612783548e-9,NaN,49,INTERRUPTED,gap_and_residual
660,0.2665355135307084,MadNLP,0.01,0.01,42.893171310424805,4.10456043075842,4.104413812500272,0.00357220945173999,6.315260814293566e-15,NaN,48,INTERRUPTED,gap_and_residual
660,0.2665355135307084,ADMM,0.01,0.0001,343.89209747314453,4.104817465328782,4.104413812500272,0.00983460359872546,3.7914116290949096e-14,0.02538472530580261,26,converged,gap_callback_with_solver_termination
660,0.2665355135307084,MEL-ADMM,0.01,0.01,54.86917495727539,4.10479770732903,4.104413812500272,0.009353219394906638,3.0531133177191805e-16,0.001231916829836855,30,converged,gap_residual_and_feasibility
660,0.2665355135307084,sMEL-ADMM,0.01,0.01,4.805286,4.104764514646676,4.104413812500272,0.008544512381673489,3.11972669919669e-14,6.954445423544824e-5,93,converged,gap_residual_and_feasibility
661,0.313410009532503,IPOPT,0.01,1.0e-10,39.55388069152832,4.014357570252752,4.014357570252752,0.0,9.995268335227792e-9,NaN,45,INTERRUPTED,gap_and_residual
661,0.313410009532503,MadNLP,0.01,0.01,26.659011840820312,4.014485499683516,4.014357570252752,0.0031867971032855705,9.558326352632207e-15,NaN,35,INTERRUPTED,gap_and_residual
661,0.313410009532503,ADMM,0.01,0.0001,385.3623867034912,4.014741610552935,4.014357570252752,0.009566668974108117,1.0085654533753541e-11,0.0023395838058792237,30,converged,gap_callback_with_solver_termination
661,0.313410009532503,MEL-ADMM,0.01,0.01,54.40783500671387,4.01474113304273,4.014357570252752,0.009554773915004833,3.469446951953614e-16,0.001255651881208776,30,converged,gap_residual_and_feasibility
661,0.313410009532503,sMEL-ADMM,0.01,0.01,5.790707,4.014703852040203,4.014357570252752,0.00862608229064312,2.919886554764162e-14,6.943128937538737e-5,93,converged,gap_residual_and_feasibility
662,0.27413247743176034,IPOPT,0.01,1.0e-10,42.21081733703613,4.089818369780215,4.089818369780215,0.0,9.99526733602707e-9,NaN,45,INTERRUPTED,gap_and_residual
662,0.27413247743176034,MadNLP,0.01,0.01,29.415130615234375,4.089945712124373,4.089818369780215,0.003113643018948701,1.0515893711371405e-14,NaN,36,INTERRUPTED,gap_and_residual
662,0.27413247743176034,ADMM,0.01,0.0001,336.51137351989746,4.090222020419458,4.089818369780215,0.009869647078361443,2.691735723203692e-13,0.025384728204121666,26,converged,gap_callback_with_solver_termination
662,0.27413247743176034,MEL-ADMM,0.01,0.01,53.3444881439209,4.0902021826130985,4.089818369780215,0.009384593597601203,3.608224830031759e-16,0.0012319171892641624,30,converged,gap_residual_and_feasibility
662,0.27413247743176034,sMEL-ADMM,0.01,0.01,4.875997,4.090168522359763,4.089818369780215,0.008561567969264043,2.886579864025407e-14,6.953102432679607e-5,93,converged,gap_residual_and_feasibility
663,0.35747942595372423,IPOPT,0.01,1.0e-10,23.82206916809082,3.9296905043757815,3.9296905043757815,0.0,9.99526872380585e-9,NaN,29,INTERRUPTED,gap_and_residual
663,0.35747942595372423,MadNLP,0.01,0.01,15.262126922607422,3.929813663142693,3.9296905043757815,0.003134057676408647,1.0224460167407301e-14,NaN,22,INTERRUPTED,gap_and_residual
663,0.35747942595372423,ADMM,0.01,0.0001,380.3524971008301,3.930074890519324,3.9296905043757815,0.009781588222135906,3.608224830031759e-16,0.002395312217473626,30,converged,gap_callback_with_solver_termination
663,0.35747942595372423,MEL-ADMM,0.01,0.01,55.1600456237793,3.930073848223454,3.9296905043757815,0.009755064609935487,5.997424779025096e-13,0.0012904243506630907,30,converged,gap_residual_and_feasibility
663,0.35747942595372423,sMEL-ADMM,0.01,0.01,4.889664,3.9300315837662394,3.9296905043757815,0.0086795484295293,2.942091015256665e-14,6.926813598226965e-5,93,converged,gap_residual_and_feasibility
664,0.6216649256042217,IPOPT,0.01,1.0e-10,31.274080276489258,3.4221319088893853,3.4221319088893853,0.0,9.995268002160884e-9,NaN,35,INTERRUPTED,gap_and_residual
664,0.6216649256042217,MadNLP,0.01,0.01,19.737958908081055,3.4222001662309207,3.4221319088893853,0.00199458534482745,7.847889005319075e-15,NaN,25,INTERRUPTED,gap_and_residual
664,0.6216649256042217,ADMM,0.01,0.0001,434.65280532836914,3.42245621963735,3.4221319088893853,0.009476862862072898,1.1637912855633203e-12,0.01750371514897208,34,converged,gap_callback_with_solver_termination
664,0.6216649256042217,MEL-ADMM,0.01,0.01,68.6490535736084,3.422464408048196,3.4221319088893853,0.009716140922177815,3.5388358909926865e-16,0.005167599035027415,37,converged,gap_residual_and_feasibility
664,0.6216649256042217,sMEL-ADMM,0.01,0.01,4.857832,3.4224052213374603,3.4221319088893853,0.007986613472291211,2.9753977059954195e-14,6.415703186125627e-5,93,converged,gap_residual_and_feasibility
665,0.6038145683592002,IPOPT,0.01,1.0e-10,29.040098190307617,3.45642638100917,3.45642638100917,0.0,9.995267724605128e-9,NaN,33,INTERRUPTED,gap_and_residual
665,0.6038145683592002,MadNLP,0.01,0.01,18.249034881591797,3.456538751103928,3.45642638100917,0.0032510484058177577,2.0816681711721685e-17,NaN,23,INTERRUPTED,gap_and_residual
665,0.6038145683592002,ADMM,0.01,0.0001,421.24342918395996,3.4567624412129176,3.45642638100917,0.009722764691129846,3.0878077872387166e-16,0.019242329705786657,33,converged,gap_callback_with_solver_termination
665,0.6038145683592002,MEL-ADMM,0.01,0.01,67.11959838867188,3.456759769552456,3.45642638100917,0.009645469237176898,3.95516952522712e-16,0.004169605816626376,36,converged,gap_residual_and_feasibility
665,0.6038145683592002,sMEL-ADMM,0.01,0.01,4.813040999999999,3.456711081099202,3.45642638100917,0.008236833615092759,2.986499936241671e-14,6.609250750063637e-5,93,converged,gap_residual_and_feasibility
666,0.44071716057145655,IPOPT,0.01,1.0e-10,30.80892562866211,3.769772462961959,3.769772462961959,0.0,9.995267724605128e-9,NaN,38,INTERRUPTED,gap_and_residual
666,0.44071716057145655,MadNLP,0.01,0.01,21.033048629760742,3.7698912216356377,3.769772462961959,0.0031502875795665197,2.7755575615628914e-17,NaN,31,INTERRUPTED,gap_and_residual
666,0.44071716057145655,ADMM,0.01,0.0001,393.0678367614746,3.7701467264330346,3.769772462961959,0.009928012227598322,3.608224830031759e-16,0.0002804824748334177,31,converged,gap_callback_with_solver_termination
666,0.44071716057145655,MEL-ADMM,0.01,0.01,60.167789459228516,3.7701491315697697,3.769772462961959,0.009991812808634362,1.8703927295860012e-11,7.811981766227272e-6,33,converged,gap_residual_and_feasibility
666,0.44071716057145655,sMEL-ADMM,0.01,0.01,4.845548,3.770107597127524,3.769772462961959,0.008890036967954217,2.842170943040401e-14,6.89494138987664e-5,93,converged,gap_residual_and_feasibility
667,0.40815661393224534,IPOPT,0.01,1.0e-10,24.63507652282715,3.832328452379736,3.832328452379736,0.0,9.995267724605128e-9,NaN,30,INTERRUPTED,gap_and_residual
667,0.40815661393224534,MadNLP,0.01,0.01,15.788078308105469,3.8324489033980624,3.832328452379736,0.0031430243994819444,2.7755575615628914e-17,NaN,23,INTERRUPTED,gap_and_residual
667,0.40815661393224534,ADMM,0.01,0.0001,393.70179176330566,3.832703033640996,3.832328452379736,0.009774247325479902,1.7216783554374615e-12,0.0002770438049218907,31,converged,gap_callback_with_solver_termination
667,0.40815661393224534,MEL-ADMM,0.01,0.01,54.370880126953125,3.8327116305915943,3.832328452379736,0.009998574407693684,3.2612801348363973e-16,0.0013303389647791007,30,converged,gap_residual_and_feasibility
667,0.40815661393224534,sMEL-ADMM,0.01,0.01,4.9374579999999995,3.8326653955362833,3.832328452379736,0.008792126268253202,2.930988785010413e-14,6.905686400238056e-5,93,converged,gap_residual_and_feasibility
668,0.47207142946898634,IPOPT,0.01,1.0e-10,26.61585807800293,3.709533999059944,3.709533999059944,0.0,9.995268446250094e-9,NaN,32,INTERRUPTED,gap_and_residual
668,0.47207142946898634,MadNLP,0.01,0.01,13.948917388916016,3.7096030774290254,3.709533999059944,0.0018621845519902725,7.844419558367122e-15,NaN,20,INTERRUPTED,gap_and_residual
668,0.47207142946898634,ADMM,0.01,0.0001,402.6942253112793,3.709904895323081,3.709533999059944,0.009998459731890601,4.279354648417666e-12,0.0002962632432735521,31,converged,gap_callback_with_solver_termination
668,0.47207142946898634,MEL-ADMM,0.01,0.01,55.13334274291992,3.7099039445580178,3.709533999059944,0.00997282942190114,4.371503159461554e-16,0.00039382250951520634,31,converged,gap_residual_and_feasibility
668,0.47207142946898634,sMEL-ADMM,0.01,0.01,4.730497,3.709866730237868,3.709533999059944,0.008969622006647771,2.9753977059954195e-14,6.890737200403434e-5,93,converged,gap_residual_and_feasibility
669,0.6573455824110795,IPOPT,0.01,1.0e-10,23.286104202270508,3.3535814998817712,3.3535814998817712,0.0,9.995268779317001e-9,NaN,28,INTERRUPTED,gap_and_residual
669,0.6573455824110795,MadNLP,0.01,0.01,13.921976089477539,3.3536525216761297,3.3535814998817712,0.0021177894248574597,1.096345236817342e-15,NaN,20,INTERRUPTED,gap_and_residual
669,0.6573455824110795,ADMM,0.01,0.0001,461.16113662719727,3.353912731360662,3.3535814998817712,0.009876947344278965,1.3126166820143226e-12,0.01604607467802645,36,converged,gap_callback_with_solver_termination
669,0.6573455824110795,MEL-ADMM,0.01,0.01,73.83990287780762,3.3538882546893687,3.3535814998817712,0.00914708074362493,4.718447854656915e-16,0.0033975564680389196,40,converged,gap_residual_and_feasibility
669,0.6573455824110795,sMEL-ADMM,0.01,0.01,4.897956,3.3538348133304487,3.3535814998817712,0.007553519981143958,2.964295475749168e-14,6.126495553722411e-5,93,converged,gap_residual_and_feasibility
670,0.6118185180482071,IPOPT,0.01,1.0e-10,29.60991859436035,3.4410490288536906,3.4410490288536906,0.0,9.99526827971664e-9,NaN,33,INTERRUPTED,gap_and_residual
670,0.6118185180482071,MadNLP,0.01,0.01,18.365144729614258,3.441161245755926,3.4410490288536906,0.0032611247702209697,2.42861286636753e-17,NaN,23,INTERRUPTED,gap_and_residual
670,0.6118185180482071,ADMM,0.01,0.0001,421.91076278686523,3.4413833276552706,3.4410490288536906,0.00971502581848838,3.0574501264091225e-16,0.019242724293046194,33,converged,gap_callback_with_solver_termination
670,0.6118185180482071,MEL-ADMM,0.01,0.01,68.44544410705566,3.441370056162878,3.4410490288536906,0.009329344234723525,4.510281037539698e-16,0.00222457389820847,37,converged,gap_residual_and_feasibility
670,0.6118185180482071,sMEL-ADMM,0.01,0.01,4.867416,3.441328705109854,3.4410490288536906,0.008127645198260898,2.864375403532904e-14,6.530446033549148e-5,93,converged,gap_residual_and_feasibility
671,0.6906377629787686,IPOPT,0.01,1.0e-10,26.33190155029297,3.2896198803683117,3.2896198803683117,0.0,9.995268612783548e-9,NaN,32,INTERRUPTED,gap_and_residual
671,0.6906377629787686,MadNLP,0.01,0.01,14.513969421386719,3.2896950580089817,3.2896198803683117,0.0022852987093931916,1.3877787807814457e-15,NaN,21,INTERRUPTED,gap_and_residual
671,0.6906377629787686,ADMM,0.01,0.0001,498.57544898986816,3.2899353932391007,3.2896198803683117,0.009591165005778383,2.278344179984515e-11,0.014613778617814568,39,converged,gap_callback_with_solver_termination
671,0.6906377629787686,MEL-ADMM,0.01,0.01,80.15799522399902,3.289939910364173,3.2896198803683117,0.009728479505218553,4.3798298321462426e-14,0.007838244977027186,42,converged,gap_residual_and_feasibility
671,0.6906377629787686,sMEL-ADMM,0.01,0.01,4.758961,3.289862073355359,3.2896198803683117,0.007362339597126669,3.008704396734174e-14,6.431017440698943e-5,93,converged,gap_residual_and_feasibility
672,0.6014952728454872,IPOPT,0.01,1.0e-10,27.727127075195312,3.4608822590759676,3.4608822590759676,0.0,9.995267502560523e-9,NaN,31,INTERRUPTED,gap_and_residual
672,0.6014952728454872,MadNLP,0.01,0.01,33.905982971191406,3.4609499639121113,3.4608822590759676,0.0019562883413950156,7.851358452271029e-15,NaN,43,INTERRUPTED,gap_and_residual
672,0.6014952728454872,ADMM,0.01,0.0001,420.6547737121582,3.4612253428856414,3.4608822590759676,0.009913189296576962,3.5388358909926865e-16,0.019242264446368246,33,converged,gap_callback_with_solver_termination
672,0.6014952728454872,MEL-ADMM,0.01,0.01,66.2078857421875,3.461212363618914,3.4608822590759676,0.009538161608374882,4.0245584642661925e-16,0.0034470907265858886,36,converged,gap_residual_and_feasibility
672,0.6014952728454872,sMEL-ADMM,0.01,0.01,4.808208,3.4611684025189158,3.4608822590759676,0.008267933478459132,2.930988785010413e-14,6.630220056305126e-5,93,converged,gap_residual_and_feasibility
673,0.30746601075843394,IPOPT,0.01,1.0e-10,45.7301139831543,4.025777302498957,4.025777302498957,0.0,9.99526778011628e-9,NaN,52,INTERRUPTED,gap_and_residual
673,0.30746601075843394,MadNLP,0.01,0.01,30.920028686523438,4.025906885226344,4.025777302498957,0.0032188250280554592,7.303185833862358e-15,NaN,42,INTERRUPTED,gap_and_residual
673,0.30746601075843394,ADMM,0.01,0.0001,385.0889205932617,4.026161298160737,4.025777302498957,0.009538422841759613,3.469446951953614e-16,0.0023318528716822842,30,converged,gap_callback_with_solver_termination
673,0.30746601075843394,MEL-ADMM,0.01,0.01,54.70991134643555,4.026160895427841,4.025777302498957,0.00952841898745622,3.5388358909926865e-16,0.001250962643486165,30,converged,gap_residual_and_feasibility
673,0.30746601075843394,sMEL-ADMM,0.01,0.01,4.779586,4.026124262749321,4.025777302498957,0.008618466057441834,2.8976820942716586e-14,6.945006478690195e-5,93,converged,gap_residual_and_feasibility
674,0.6775680455107855,IPOPT,0.01,1.0e-10,25.922060012817383,3.314729689385953,3.314729689385953,0.0,9.995268557272396e-9,NaN,31,INTERRUPTED,gap_and_residual
674,0.6775680455107855,MadNLP,0.01,0.01,15.941858291625977,3.314803283690579,3.314729689385953,0.0022202203956962455,9.783840404509192e-16,NaN,23,INTERRUPTED,gap_and_residual
674,0.6775680455107855,ADMM,0.01,0.0001,488.325834274292,3.315037737966107,3.314729689385953,0.00929332431360827,3.672506743157555e-12,0.015155174573688625,38,converged,gap_callback_with_solver_termination
674,0.6775680455107855,MEL-ADMM,0.01,0.01,76.11823081970215,3.315048663922412,3.314729689385953,0.00962294263331669,3.608224830031759e-16,0.006871332307040978,41,converged,gap_residual_and_feasibility
674,0.6775680455107855,sMEL-ADMM,0.01,0.01,4.875127,3.314975638704901,3.314729689385953,0.00741989066968258,2.8976820942716586e-14,6.126477827514062e-5,93,converged,gap_residual_and_feasibility
675,0.3772617590960719,IPOPT,0.01,1.0e-10,23.93507957458496,3.8916842805729805,3.8916842805729805,0.0,9.99526783562743e-9,NaN,29,INTERRUPTED,gap_and_residual
675,0.3772617590960719,MadNLP,0.01,0.01,15.388011932373047,3.8918063807284318,3.8916842805729805,0.0031374630275312126,9.886189089591824e-15,NaN,22,INTERRUPTED,gap_and_residual
675,0.3772617590960719,ADMM,0.01,0.0001,381.9723129272461,3.8920688725753423,3.8916842805729805,0.009882405011156625,5.392741808663004e-12,0.0024199456062679106,30,converged,gap_callback_with_solver_termination
675,0.3772617590960719,MEL-ADMM,0.01,0.01,55.73701858520508,3.892067542019387,3.8916842805729805,0.00984821529124963,3.0531133177191805e-16,0.0013060217030637783,30,converged,gap_residual_and_feasibility
675,0.3772617590960719,sMEL-ADMM,0.01,0.01,4.8655740000000005,3.8920236199161855,3.8916842805729805,0.008719601045205982,2.964295475749168e-14,6.918930876385117e-5,93,converged,gap_residual_and_feasibility
676,0.583845254036155,IPOPT,0.01,1.0e-10,26.933908462524414,3.4947918368878645,3.4947918368878645,0.0,9.995268335227792e-9,NaN,33,INTERRUPTED,gap_and_residual
676,0.583845254036155,MadNLP,0.01,0.01,15.306949615478516,3.4949048857093303,3.4947918368878645,0.003234779830734053,3.469446951953614e-17,NaN,22,INTERRUPTED,gap_and_residual
676,0.583845254036155,ADMM,0.01,0.0001,400.8021354675293,3.49513874231181,3.4947918368878645,0.009926354419279958,3.3306690738754696e-16,0.019451965064113612,31,converged,gap_callback_with_solver_termination
676,0.583845254036155,MEL-ADMM,0.01,0.01,65.49811363220215,3.495127291198068,3.4947918368878645,0.009598692164227887,4.0419056990259605e-16,0.003056920880747228,35,converged,gap_residual_and_feasibility
676,0.583845254036155,sMEL-ADMM,0.01,0.01,5.6487430000000005,3.4950893910651053,3.4947918368878645,0.008514217473557144,3.008704396734174e-14,6.768299049433272e-5,93,converged,gap_residual_and_feasibility
677,0.558324991230319,IPOPT,0.01,1.0e-10,30.849933624267578,3.5438218887389707,3.5438218887389707,0.0,9.995268501761245e-9,NaN,34,INTERRUPTED,gap_and_residual
677,0.558324991230319,MadNLP,0.01,0.01,19.971847534179688,3.5439358252062396,3.5438218887389707,0.0032150731849961687,3.469446951953614e-17,NaN,24,INTERRUPTED,gap_and_residual
677,0.558324991230319,ADMM,0.01,0.0001,434.94153022766113,3.5441604414038728,3.5438218887389707,0.009553320554224707,3.191891195797325e-16,0.002196946346921143,34,converged,gap_callback_with_solver_termination
677,0.558324991230319,MEL-ADMM,0.01,0.01,62.3326301574707,3.544162014893178,3.5438218887389707,0.009597721468110176,3.157196726277789e-16,0.0015853517878210883,34,converged,gap_residual_and_feasibility
677,0.558324991230319,sMEL-ADMM,0.01,0.01,4.76996,3.544135676449735,3.5438218887389707,0.008854500045882932,2.9976021664879227e-14,6.904371607154881e-5,93,converged,gap_residual_and_feasibility
678,0.6685527496424155,IPOPT,0.01,1.0e-10,27.781009674072266,3.332050060545229,3.332050060545229,0.0,9.995268557272396e-9,NaN,34,INTERRUPTED,gap_and_residual
678,0.6685527496424155,MadNLP,0.01,0.01,17.992019653320312,3.3321599798009194,3.332050060545229,0.0032988476671441534,3.469446951953614e-17,NaN,27,INTERRUPTED,gap_and_residual
678,0.6685527496424155,ADMM,0.01,0.0001,474.87759590148926,3.3323731216310657,3.332050060545229,0.009695565191593232,2.3212542998862773e-12,0.015559179903071972,37,converged,gap_callback_with_solver_termination
678,0.6685527496424155,MEL-ADMM,0.01,0.01,75.15406608581543,3.332351276726789,3.332050060545229,0.009039965669387477,3.642919299551295e-16,0.0031020378266519034,41,converged,gap_residual_and_feasibility
678,0.6685527496424155,sMEL-ADMM,0.01,0.01,4.929549,3.33229904322473,3.332050060545229,0.007472357106788703,2.964295475749168e-14,6.126486320714476e-5,93,converged,gap_residual_and_feasibility
679,0.5814654060864329,IPOPT,0.01,1.0e-10,26.68905258178711,3.49936404953553,3.49936404953553,0.0,9.995268113183187e-9,NaN,33,INTERRUPTED,gap_and_residual
679,0.5814654060864329,MadNLP,0.01,0.01,15.398979187011719,3.4994771806458953,3.49936404953553,0.003232904858255572,2.7755575615628914e-17,NaN,22,INTERRUPTED,gap_and_residual
679,0.5814654060864329,ADMM,0.01,0.0001,401.4136791229248,3.4997043981783773,3.49936404953553,0.009726014156562596,4.2327252813834093e-16,0.01945161198662113,31,converged,gap_callback_with_solver_termination
679,0.5814654060864329,MEL-ADMM,0.01,0.01,65.03129005432129,3.4996980042823735,3.49936404953553,0.009543298214086898,3.434752482434078e-16,0.0025028413875640473,35,converged,gap_residual_and_feasibility
679,0.5814654060864329,sMEL-ADMM,0.01,0.01,4.876873000000001,3.499663241008724,3.49936404953553,0.008549881320120141,2.9531932455029164e-14,6.785503158869294e-5,93,converged,gap_residual_and_feasibility
680,0.6547970584912466,IPOPT,0.01,1.0e-10,22.561073303222656,3.3584777762596403,3.3584777762596403,0.0,9.995267724605128e-9,NaN,27,INTERRUPTED,gap_and_residual
680,0.6547970584912466,MadNLP,0.01,0.01,13.418912887573242,3.35854846067277,3.3584777762596403,0.0021046562710461607,9.71445146547012e-16,NaN,19,INTERRUPTED,gap_and_residual
680,0.6547970584912466,ADMM,0.01,0.0001,462.24141120910645,3.3587966758553898,3.3584777762596403,0.009495361202141095,1.472044708350495e-12,0.01613637011532139,36,converged,gap_callback_with_solver_termination
680,0.6547970584912466,MEL-ADMM,0.01,0.01,74.38898086547852,3.3587831881004293,3.3584777762596403,0.009093757980115814,3.8163916471489756e-16,0.002663014103852456,40,converged,gap_residual_and_feasibility
680,0.6547970584912466,sMEL-ADMM,0.01,0.01,4.829418,3.3587321808617134,3.3584777762596403,0.007574997335742001,2.964295475749168e-14,6.126497503216102e-5,93,converged,gap_residual_and_feasibility
681,0.6016245695623791,IPOPT,0.01,1.0e-10,27.54497528076172,3.4606338515739887,3.4606338515739887,0.0,9.995268113183187e-9,NaN,31,INTERRUPTED,gap_and_residual
681,0.6016245695623791,MadNLP,0.01,0.01,31.195878982543945,3.460746293974177,3.4606338515739887,0.0032491851207260476,2.7755575615628914e-17,NaN,41,INTERRUPTED,gap_and_residual
681,0.6016245695623791,ADMM,0.01,0.0001,420.8049774169922,3.460976467209266,3.4606338515739887,0.00990037230091346,3.8163916471489756e-16,0.019242273327805363,33,converged,gap_callback_with_solver_termination
681,0.6016245695623791,MEL-ADMM,0.01,0.01,66.6196346282959,3.460964101355145,3.4606338515739887,0.009543043133729332,3.5388358909926865e-16,0.003484582586761077,36,converged,gap_residual_and_feasibility
681,0.6016245695623791,sMEL-ADMM,0.01,0.01,4.869832,3.4609199144579774,3.4606338515739887,0.008266199091203548,3.064215547965432e-14,6.629075917600168e-5,93,converged,gap_residual_and_feasibility
682,0.26043404466370995,IPOPT,0.01,1.0e-10,27.937889099121094,4.116136079515811,4.116136079515811,0.0,9.995268612783548e-9,NaN,34,INTERRUPTED,gap_and_residual
682,0.26043404466370995,MadNLP,0.01,0.01,16.314029693603516,4.116276461700321,4.116136079515811,0.0034105331261633054,8.429888731509294e-15,NaN,23,INTERRUPTED,gap_and_residual
682,0.26043404466370995,ADMM,0.01,0.0001,347.64719009399414,4.116539732396687,4.116136079515811,0.009806597087126487,3.8510861166685117e-16,0.025384725299266674,26,converged,gap_callback_with_solver_termination
682,0.26043404466370995,MEL-ADMM,0.01,0.01,54.43525314331055,4.1165200393345485,4.116136079515811,0.009328161443651506,3.885780586188048e-16,0.001231916823395074,30,converged,gap_residual_and_feasibility
682,0.26043404466370995,sMEL-ADMM,0.01,0.01,4.810791,4.116487175907249,4.116136079515811,0.00852975666148178,2.9976021664879227e-14,6.955395062204807e-5,93,converged,gap_residual_and_feasibility
683,0.6125926981991755,IPOPT,0.01,1.0e-10,35.59708595275879,3.439561658083535,3.439561658083535,0.0,9.995268224205489e-9,NaN,41,INTERRUPTED,gap_and_residual
683,0.6125926981991755,MadNLP,0.01,0.01,19.164085388183594,3.439673736870093,3.439561658083535,0.0032585194771674103,3.469446951953614e-17,NaN,24,INTERRUPTED,gap_and_residual
683,0.6125926981991755,ADMM,0.01,0.0001,422.1467971801758,3.4398976561091485,3.439561658083535,0.009768629232850332,3.642919299551295e-16,0.019242754974747416,33,converged,gap_callback_with_solver_termination
683,0.6125926981991755,MEL-ADMM,0.01,0.01,67.76952743530273,3.4398828452744525,3.439561658083535,0.009338026843118408,4.2674197509029455e-16,0.002387928206654788,37,converged,gap_residual_and_feasibility
683,0.6125926981991755,sMEL-ADMM,0.01,0.01,4.917417,3.4398408408924244,3.439561658083535,0.008116813612954207,2.9531932455029164e-14,6.522341780602729e-5,93,converged,gap_residual_and_feasibility
684,0.5600549768933586,IPOPT,0.01,1.0e-10,34.01994705200195,3.5404982048331353,3.5404982048331353,0.0,9.995267113982464e-9,NaN,38,INTERRUPTED,gap_and_residual
684,0.5600549768933586,MadNLP,0.01,0.01,23.567914962768555,3.540611882138685,3.5404982048331353,0.0032107714500319317,2.7755575615628914e-17,NaN,30,INTERRUPTED,gap_and_residual
684,0.5600549768933586,ADMM,0.01,0.0001,432.56306648254395,3.5408361314519974,3.5404982048331353,0.009544606417278022,1.9790280525455728e-12,0.00229730205621078,34,converged,gap_callback_with_solver_termination
684,0.5600549768933586,MEL-ADMM,0.01,0.01,63.184261322021484,3.540838342230504,3.5404982048331353,0.009607048999609121,3.95516952522712e-16,0.0018344703255429133,34,converged,gap_residual_and_feasibility
684,0.5600549768933586,sMEL-ADMM,0.01,0.01,4.871335,3.540811210017276,3.5404982048331353,0.008840710149594725,2.886579864025407e-14,6.900814365558023e-5,93,converged,gap_residual_and_feasibility
685,0.661294733332394,IPOPT,0.01,1.0e-10,23.260831832885742,3.345994310207705,3.345994310207705,0.0,9.995268779317001e-9,NaN,28,INTERRUPTED,gap_and_residual
685,0.661294733332394,MadNLP,0.01,0.01,13.991117477416992,3.3461045554551947,3.345994310207705,0.003294842646724664,3.469446951953614e-17,NaN,20,INTERRUPTED,gap_and_residual
685,0.661294733332394,ADMM,0.01,0.0001,475.38042068481445,3.346295547779571,3.345994310207705,0.009002931384164987,3.3173463975799677e-13,0.015815563973010614,37,converged,gap_callback_with_solver_termination
685,0.661294733332394,MEL-ADMM,0.01,0.01,74.20563697814941,3.3463065896276354,3.345994310207705,0.009332933381796745,3.5388358909926865e-16,0.004848549891414833,40,converged,gap_residual_and_feasibility
685,0.661294733332394,sMEL-ADMM,0.01,0.01,4.836755,3.3462460163002476,3.345994310207705,0.007522609700045592,2.9531932455029164e-14,6.126492431355116e-5,93,converged,gap_residual_and_feasibility
686,0.5308168984140746,IPOPT,0.01,1.0e-10,27.060985565185547,3.596671000339701,3.596671000339701,0.0,9.995269001361606e-9,NaN,33,INTERRUPTED,gap_and_residual
686,0.5308168984140746,MadNLP,0.01,0.01,15.211820602416992,3.5967385354906223,3.596671000339701,0.0018777127770378593,8.718720190259432e-15,NaN,22,INTERRUPTED,gap_and_residual
686,0.5308168984140746,ADMM,0.01,0.0001,433.31146240234375,3.5970195801071507,3.596671000339701,0.009691733478456008,3.469446951953614e-16,0.0009355841541096276,33,converged,gap_callback_with_solver_termination
686,0.5308168984140746,MEL-ADMM,0.01,0.01,66.56551361083984,3.5970202673644813,3.596671000339701,0.009710841629591755,3.4867941867133823e-16,0.000782496522919951,33,converged,gap_residual_and_feasibility
686,0.5308168984140746,sMEL-ADMM,0.01,0.01,4.944874,3.59699330417622,3.596671000339701,0.008961170940816379,2.9753977059954195e-14,6.908913777220384e-5,93,converged,gap_residual_and_feasibility
687,0.5131967333204281,IPOPT,0.01,1.0e-10,26.21006965637207,3.6305232225812754,3.6305232225812754,0.0,9.99526778011628e-9,NaN,33,INTERRUPTED,gap_and_residual
687,0.5131967333204281,MadNLP,0.01,0.01,15.018939971923828,3.63063883072819,3.6305232225812754,0.003184338450051157,2.7755575615628914e-17,NaN,22,INTERRUPTED,gap_and_residual
687,0.5131967333204281,ADMM,0.01,0.0001,397.33362197875977,3.63087871208239,3.6305232225812754,0.009791687845530044,3.469446951953614e-16,0.0013818865258867774,32,converged,gap_callback_with_solver_termination
687,0.5131967333204281,MEL-ADMM,0.01,0.01,56.66851997375488,3.6308796930896863,3.6305232225812754,0.009818708945138607,1.5409895581797173e-13,0.0010217155488263518,32,converged,gap_residual_and_feasibility
687,0.5131967333204281,sMEL-ADMM,0.01,0.01,4.850161000000001,3.6308496952094016,3.6305232225812754,0.008992440155612616,2.9531932455029164e-14,6.904026280901698e-5,93,converged,gap_residual_and_feasibility
688,0.5720576731230281,IPOPT,0.01,1.0e-10,26.454925537109375,3.5174383788834103,3.5174383788834103,0.0,9.995268057672035e-9,NaN,33,INTERRUPTED,gap_and_residual
688,0.5720576731230281,MadNLP,0.01,0.01,14.849185943603516,3.51755183572991,3.5174383788834103,0.003225553208854368,9.436028347575842e-15,NaN,22,INTERRUPTED,gap_and_residual
688,0.5720576731230281,ADMM,0.01,0.0001,389.4631862640381,3.517780790300685,3.5174383788834103,0.00973468133316535,4.363165384546619e-11,0.019610790325745704,31,converged,gap_callback_with_solver_termination
688,0.5720576731230281,MEL-ADMM,0.01,0.01,63.951969146728516,3.517772457018993,3.5174383788834103,0.0094977679662721,6.056266599330229e-14,0.001083149255563319,35,converged,gap_residual_and_feasibility
688,0.5720576731230281,sMEL-ADMM,0.01,0.01,4.773917,3.5177442402522834,3.5174383788834103,0.008695571490586026,2.9531932455029164e-14,6.849552780950965e-5,93,converged,gap_residual_and_feasibility
689,0.37520816539709,IPOPT,0.01,1.0e-10,23.39792251586914,3.895629686868685,3.895629686868685,0.0,9.995267946649733e-9,NaN,29,INTERRUPTED,gap_and_residual
689,0.37520816539709,MadNLP,0.01,0.01,15.075206756591797,3.895751897757693,3.895629686868685,0.003137127982665137,7.219919107015471e-15,NaN,22,INTERRUPTED,gap_and_residual
689,0.37520816539709,ADMM,0.01,0.0001,375.028133392334,3.8960142005410248,3.895629686868685,0.009870385617909887,9.107326004453853e-12,0.0024174070924782506,30,converged,gap_callback_with_solver_termination
689,0.37520816539709,MEL-ADMM,0.01,0.01,54.1234016418457,3.8960129559128522,3.895629686868685,0.009838436272808613,3.8424124992886277e-16,0.0013044032755277872,30,converged,gap_residual_and_feasibility
689,0.37520816539709,sMEL-ADMM,0.01,0.01,4.727917,3.895969193176447,3.895629686868685,0.008715055974293628,2.919886554764162e-14,6.919762462885906e-5,93,converged,gap_residual_and_feasibility
690,0.42599395219704356,IPOPT,0.01,1.0e-10,25.241851806640625,3.7980589925915442,3.7980589925915442,0.0,9.995268890339304e-9,NaN,32,INTERRUPTED,gap_and_residual
690,0.42599395219704356,MadNLP,0.01,0.01,14.245986938476562,3.7981785082785713,3.7980589925915442,0.003146756995091096,7.72038682983478e-15,NaN,21,INTERRUPTED,gap_and_residual
690,0.42599395219704356,ADMM,0.01,0.0001,381.1197280883789,3.79843354189,3.7980589925915442,0.009861597705209965,4.122813201945519e-13,0.0002794175552566988,31,converged,gap_callback_with_solver_termination
690,0.42599395219704356,MEL-ADMM,0.01,0.01,54.5046329498291,3.7984364226497003,3.7980589925915442,0.009937445913616897,3.413068438984368e-16,0.00018255127758026735,31,converged,gap_residual_and_feasibility
690,0.42599395219704356,sMEL-ADMM,0.01,0.01,4.883413,3.7983948332330573,3.7980589925915442,0.008842428255277984,2.8976820942716586e-14,6.899103960162929e-5,93,converged,gap_residual_and_feasibility
691,0.36764192159215925,IPOPT,0.01,1.0e-10,24.194002151489258,3.9101661095104174,3.9101661095104174,0.0,9.995268834828153e-9,NaN,30,INTERRUPTED,gap_and_residual
691,0.36764192159215925,MadNLP,0.01,0.01,17.288923263549805,3.910288727008134,3.9101661095104174,0.0031358641623551223,2.7755575615628914e-17,NaN,23,INTERRUPTED,gap_and_residual
691,0.36764192159215925,ADMM,0.01,0.0001,373.8746643066406,3.9105505330072043,3.9101661095104174,0.009831385317669913,4.2327252813834093e-16,0.002407987496377457,30,converged,gap_callback_with_solver_termination
691,0.36764192159215925,MEL-ADMM,0.01,0.01,54.16417121887207,3.910549408952345,3.9101661095104174,0.009802638332812164,1.8586243655249746e-12,0.0012984389333639407,30,converged,gap_residual_and_feasibility
691,0.36764192159215925,sMEL-ADMM,0.01,0.01,5.250667,3.9105062385836553,3.9101661095104174,0.008698583735627265,3.008704396734174e-14,6.922756748194321e-5,93,converged,gap_residual_and_feasibility
692,0.4119859305390835,IPOPT,0.01,1.0e-10,31.104087829589844,3.8249714908462256,3.8249714908462256,0.0,9.995267946649733e-9,NaN,38,INTERRUPTED,gap_and_residual
692,0.4119859305390835,MadNLP,0.01,0.01,19.835948944091797,3.8250917398029793,3.8249714908462256,0.003143787007081019,2.7755575615628914e-17,NaN,31,INTERRUPTED,gap_and_residual
692,0.4119859305390835,ADMM,0.01,0.0001,395.68352699279785,3.825346066458152,3.8249714908462256,0.009792899445730825,4.760414284987746e-12,0.0002775669255306555,31,converged,gap_callback_with_solver_termination
692,0.4119859305390835,MEL-ADMM,0.01,0.01,55.652618408203125,3.8253490172212836,3.8249714908462256,0.009870044154879028,4.0245584642661925e-16,0.0001808932831513614,31,converged,gap_residual_and_feasibility
692,0.4119859305390835,sMEL-ADMM,0.01,0.01,5.62258,3.825308181100265,3.8249714908462256,0.008802425190497488,3.108624468950438e-14,6.904160471896646e-5,93,converged,gap_residual_and_feasibility
693,0.6098191962276676,IPOPT,0.01,1.0e-10,29.345989227294922,3.4448901669044223,3.4448901669044223,0.0,9.995268390738943e-9,NaN,34,INTERRUPTED,gap_and_residual
693,0.6098191962276676,MadNLP,0.01,0.01,17.74311065673828,3.445002429347434,3.4448901669044223,0.0032588105156559476,9.011888457699513e-15,NaN,23,INTERRUPTED,gap_and_residual
693,0.6098191962276676,ADMM,0.01,0.0001,412.77527809143066,3.445221611416032,3.4448901669044223,0.009621337562342666,3.5388358909926865e-16,0.01924264419238258,33,converged,gap_callback_with_solver_termination
693,0.6098191962276676,MEL-ADMM,0.01,0.01,67.42429733276367,3.44521109817605,3.4448901669044223,0.009316153957851082,3.8163916471489756e-16,0.0018470418288492035,37,converged,gap_residual_and_feasibility
693,0.6098191962276676,sMEL-ADMM,0.01,0.01,5.092624,3.4451711112864167,3.4448901669044223,0.0081553944649242,2.864375403532904e-14,6.550718590010371e-5,93,converged,gap_residual_and_feasibility
694,0.7318810303359118,IPOPT,0.01,1.0e-10,40.73500633239746,3.21038246998524,3.21038246998524,0.0,9.995268057672035e-9,NaN,46,INTERRUPTED,gap_and_residual
694,0.7318810303359118,MadNLP,0.01,0.01,31.210899353027344,3.2104888505960254,3.21038246998524,0.003313642900179486,2.7755575615628914e-17,NaN,41,INTERRUPTED,gap_and_residual
694,0.7318810303359118,ADMM,0.01,0.0001,536.0310077667236,3.210659505138152,3.21038246998524,0.008629350412352865,4.183292046100462e-10,0.0127860906209862,44,converged,gap_callback_with_solver_termination
694,0.7318810303359118,MEL-ADMM,0.01,0.01,80.76977729797363,3.2106873797173376,3.21038246998524,0.00949761391199334,3.7470027081099033e-16,0.009052680409331314,46,converged,gap_residual_and_feasibility
694,0.7318810303359118,sMEL-ADMM,0.01,0.01,5.50537,3.21061901706184,3.21038246998524,0.007368189890495818,2.90878432451791e-14,0.00010260582244974153,93,converged,gap_residual_and_feasibility
695,0.3332612025519381,IPOPT,0.01,1.0e-10,38.20085525512695,3.97621905144306,3.97621905144306,0.0,9.995268501761245e-9,NaN,44,INTERRUPTED,gap_and_residual
695,0.3332612025519381,MadNLP,0.01,0.01,25.648117065429688,3.9763434628508745,3.97621905144306,0.0031288871715793327,9.683226442902537e-15,NaN,34,INTERRUPTED,gap_and_residual
695,0.3332612025519381,ADMM,0.01,0.0001,371.27232551574707,3.976603239798455,3.97621905144306,0.009662152673801765,3.699297812520541e-16,0.0023649696932619285,30,converged,gap_callback_with_solver_termination
695,0.3332612025519381,MEL-ADMM,0.01,0.01,54.12101745605469,3.976602513106886,3.97621905144306,0.009643876729751902,4.0288952729561345e-16,0.0012713158705059055,30,converged,gap_residual_and_feasibility
695,0.3332612025519381,sMEL-ADMM,0.01,0.01,5.165292,3.9765629382183376,3.97621905144306,0.008648587284265213,2.9531932455029164e-14,6.936289479316828e-5,93,converged,gap_residual_and_feasibility
696,0.31053227710721365,IPOPT,0.01,1.0e-10,34.291982650756836,4.019886328757279,4.019886328757279,0.0,9.995267613582826e-9,NaN,39,INTERRUPTED,gap_and_residual
696,0.31053227710721365,MadNLP,0.01,0.01,23.993968963623047,4.019979510005987,4.019886328757279,0.0023180070551141498,6.036837696399289e-15,NaN,32,INTERRUPTED,gap_and_residual
696,0.31053227710721365,ADMM,0.01,0.0001,373.36158752441406,4.020270347567641,4.019886328757279,0.009552976849503545,7.803202528577913e-12,0.0023358684586901463,30,converged,gap_callback_with_solver_termination
696,0.31053227710721365,MEL-ADMM,0.01,0.01,53.61199378967285,4.020269906163587,4.019886328757279,0.009541996338649716,3.608224830031759e-16,0.001253381596306568,30,converged,gap_residual_and_feasibility
696,0.31053227710721365,sMEL-ADMM,0.01,0.01,4.914873999999999,4.020232941491321,4.019886328757279,0.008622451126614963,2.9753977059954195e-14,6.944047571721956e-5,93,converged,gap_residual_and_feasibility
697,0.7057247856453359,IPOPT,0.01,1.0e-10,25.24399757385254,3.260634383265537,3.260634383265537,0.0,9.99526827971664e-9,NaN,32,INTERRUPTED,gap_and_residual
697,0.7057247856453359,MadNLP,0.01,0.01,13.984918594360352,3.2607112804085867,3.260634383265537,0.002358349143474946,1.061650767297806e-15,NaN,21,INTERRUPTED,gap_and_residual
697,0.7057247856453359,ADMM,0.01,0.0001,512.5572681427002,3.260922485477779,3.260634383265537,0.008835771766398848,3.95516952522712e-16,0.014324064925346958,41,converged,gap_callback_with_solver_termination
697,0.7057247856453359,MEL-ADMM,0.01,0.01,80.230712890625,3.260926875396629,3.260634383265537,0.008970405654586308,3.400058012914542e-16,0.004846036017224931,44,converged,gap_residual_and_feasibility
697,0.7057247856453359,sMEL-ADMM,0.01,0.01,4.798916,3.260873359745748,3.260634383265537,0.007329140655492233,2.864375403532904e-14,7.832637964467776e-5,93,converged,gap_residual_and_feasibility
698,0.611876713552174,IPOPT,0.01,1.0e-10,28.445005416870117,3.440937222458957,3.440937222458957,0.0,9.995268057672035e-9,NaN,33,INTERRUPTED,gap_and_residual
698,0.611876713552174,MadNLP,0.01,0.01,17.6999568939209,3.4410494374581866,3.440937222458957,0.0032611754291016083,2.7755575615628914e-17,NaN,23,INTERRUPTED,gap_and_residual
698,0.611876713552174,ADMM,0.01,0.0001,411.32497787475586,3.4412716374428203,3.440937222458957,0.009718717960926649,4.371503159461554e-16,0.01924272658055951,33,converged,gap_callback_with_solver_termination
698,0.611876713552174,MEL-ADMM,0.01,0.01,67.75140762329102,3.4412582591260974,3.440937222458957,0.009329919332589046,4.371503159461554e-16,0.002236507250435671,37,converged,gap_residual_and_feasibility
698,0.611876713552174,sMEL-ADMM,0.01,0.01,4.7271220000000005,3.4412168616704717,3.440937222458957,0.008126832703879237,2.942091015256665e-14,6.529842456846121e-5,93,converged,gap_residual_and_feasibility
699,0.7271301455282153,IPOPT,0.01,1.0e-10,31.256914138793945,3.219509967230556,3.219509967230556,0.0,9.995267058471313e-9,NaN,39,INTERRUPTED,gap_and_residual
699,0.7271301455282153,MadNLP,0.01,0.01,19.54507827758789,3.2196166864980116,3.219509967230556,0.003314767419320515,2.7755575615628914e-17,NaN,28,INTERRUPTED,gap_and_residual
699,0.7271301455282153,ADMM,0.01,0.0001,528.5875797271729,3.2198095124085446,3.219509967230556,0.009304061209235865,3.7470027081099033e-16,0.01413801037479332,43,converged,gap_callback_with_solver_termination
699,0.7271301455282153,MEL-ADMM,0.01,0.01,80.94620704650879,3.219799516410527,3.219509967230556,0.008993579237771027,3.8163916471489756e-16,0.006185984250774301,46,converged,gap_residual_and_feasibility
699,0.7271301455282153,sMEL-ADMM,0.01,0.01,4.9485850000000005,3.2197466223284104,3.219509967230556,0.007350655853315545,2.786659791809143e-14,9.945691511186166e-5,93,converged,gap_residual_and_feasibility
700,0.5520380093081121,IPOPT,0.01,1.0e-10,30.85017204284668,3.555900567237622,3.555900567237622,0.0,9.995268168694338e-9,NaN,35,INTERRUPTED,gap_and_residual
700,0.5520380093081121,MadNLP,0.01,0.01,19.904136657714844,3.5560147275995955,3.555900567237622,0.003210448656108239,2.42861286636753e-17,NaN,25,INTERRUPTED,gap_and_residual
700,0.5520380093081121,ADMM,0.01,0.0001,422.2886562347412,3.5562407588347753,3.555900567237622,0.009566960344381524,4.0939474033052647e-16,0.0012252190656460438,34,converged,gap_callback_with_solver_termination
700,0.5520380093081121,MEL-ADMM,0.01,0.01,60.66560745239258,3.5562419295652603,3.555900567237622,0.009599883944545914,4.0939474033052647e-16,0.0009169252686610264,34,converged,gap_residual_and_feasibility
700,0.5520380093081121,sMEL-ADMM,0.01,0.01,5.78287,3.556216728617189,3.555900567237622,0.008891176049177657,2.964295475749168e-14,6.911059138773289e-5,93,converged,gap_residual_and_feasibility
701,0.7469039595545515,IPOPT,0.01,1.0e-10,35.980939865112305,3.1815201105279916,3.1815201105279916,0.0,9.995267946649733e-9,NaN,41,INTERRUPTED,gap_and_residual
701,0.7469039595545515,MadNLP,0.01,0.01,24.42789077758789,3.1816251511265476,3.1815201105279916,0.003301585245634741,3.469446951953614e-17,NaN,33,INTERRUPTED,gap_and_residual
701,0.7469039595545515,ADMM,0.01,0.0001,550.816535949707,3.1818381211429774,3.1815201105279916,0.009995555707269883,1.9592460986928018e-10,0.012195675768575196,45,converged,gap_callback_with_solver_termination
701,0.7469039595545515,MEL-ADMM,0.01,0.01,83.9846134185791,3.181808926063348,3.1815201105279916,0.00907791009714828,3.9855271860567143e-16,0.007860825710269293,48,converged,gap_residual_and_feasibility
701,0.7469039595545515,sMEL-ADMM,0.01,0.01,4.871913999999999,3.181758078449181,3.1815201105279916,0.007479692503020182,2.942091015256665e-14,0.00010363917730190622,93,converged,gap_residual_and_feasibility
702,0.5079521151705014,IPOPT,0.01,1.0e-10,25.14815330505371,3.6405992904410254,3.6405992904410254,0.0,9.995268501761245e-9,NaN,32,INTERRUPTED,gap_and_residual
702,0.5079521151705014,MadNLP,0.01,0.01,14.88184928894043,3.640715105038923,3.6405992904410254,0.0031811959696239405,3.469446951953614e-17,NaN,22,INTERRUPTED,gap_and_residual
702,0.5079521151705014,ADMM,0.01,0.0001,393.45717430114746,3.6409570374101285,3.6405992904410254,0.009826595583933131,2.7862545604051547e-11,0.0005940983730110955,32,converged,gap_callback_with_solver_termination
702,0.5079521151705014,MEL-ADMM,0.01,0.01,57.524919509887695,3.64095731112872,3.6405992904410254,0.009834114087605504,3.7556763254897874e-16,0.0006551526244412895,32,converged,gap_residual_and_feasibility
702,0.5079521151705014,sMEL-ADMM,0.01,0.01,5.566327,3.640926893485889,3.6405992904410254,0.008998602118172222,2.9976021664879227e-14,6.901273994016667e-5,93,converged,gap_residual_and_feasibility
703,0.7262709707646927,IPOPT,0.01,1.0e-10,40.21501541137695,3.2211606313920167,3.2211606313920167,0.0,9.995268501761245e-9,NaN,48,INTERRUPTED,gap_and_residual
703,0.7262709707646927,MadNLP,0.01,0.01,20.42412757873535,3.221239622485965,3.2211606313920167,0.0024522556614741857,2.42861286636753e-17,NaN,31,INTERRUPTED,gap_and_residual
703,0.7262709707646927,ADMM,0.01,0.0001,534.3008041381836,3.22145545761196,3.2211606313920167,0.009152794712257448,7.13506476124337e-11,0.014137826674971838,43,converged,gap_callback_with_solver_termination
703,0.7262709707646927,MEL-ADMM,0.01,0.01,83.32204818725586,3.2214481408306086,3.2211606313920167,0.00892564735176394,3.122502256758253e-16,0.0057139681192242,46,converged,gap_residual_and_feasibility
703,0.7262709707646927,sMEL-ADMM,0.01,0.01,7.611206,3.2213973251162584,3.2211606313920167,0.007348088199483724,3.019806626980426e-14,9.880938738507936e-5,93,converged,gap_residual_and_feasibility
704,0.46076345798588164,IPOPT,0.01,1.0e-10,24.868011474609375,3.7312591055906124,3.7312591055906124,0.0,9.995267502560523e-9,NaN,31,INTERRUPTED,gap_and_residual
704,0.46076345798588164,MadNLP,0.01,0.01,13.473987579345703,3.7313285981283486,3.7312591055906124,0.0018624420274680692,7.722988915048745e-15,NaN,20,INTERRUPTED,gap_and_residual
704,0.46076345798588164,ADMM,0.01,0.0001,388.1051540374756,3.731631022612589,3.7312591055906124,0.00996760105507617,4.718447854656915e-16,4.49199013343865e-5,32,converged,gap_callback_with_solver_termination
704,0.46076345798588164,MEL-ADMM,0.01,0.01,53.35831642150879,3.731631894323413,3.7312591055906124,0.00999096343220679,2.2162272017567375e-12,0.000269700070198043,31,converged,gap_residual_and_feasibility
704,0.46076345798588164,sMEL-ADMM,0.01,0.01,5.379786999999999,3.7315928771112956,3.7312591055906124,0.008945278557127302,3.0309088572266774e-14,6.89137452368543e-5,93,converged,gap_residual_and_feasibility
705,0.5328910042744051,IPOPT,0.01,1.0e-10,25.747060775756836,3.5926861856592898,3.5926861856592898,0.0,9.995268168694338e-9,NaN,33,INTERRUPTED,gap_and_residual
705,0.5328910042744051,MadNLP,0.01,0.01,14.927864074707031,3.592801042750353,3.5926861856592898,0.003196969763790419,2.7755575615628914e-17,NaN,22,INTERRUPTED,gap_and_residual
705,0.5328910042744051,ADMM,0.01,0.0001,403.2301902770996,3.5930339505230493,3.5926861856592898,0.00967980073371531,3.5735303605122226e-16,0.0012560730800086108,33,converged,gap_callback_with_solver_termination
705,0.5328910042744051,MEL-ADMM,0.01,0.01,59.645652770996094,3.59303484243752,3.5926861856592898,0.009704626572228132,3.469446951953614e-16,0.0009370073998042003,33,converged,gap_residual_and_feasibility
705,0.5328910042744051,sMEL-ADMM,0.01,0.01,4.784883,3.5930079197336764,3.5926861856592898,0.008955251245457301,2.964295475749168e-14,6.908866858935589e-5,93,converged,gap_residual_and_feasibility
706,0.30699961269995835,IPOPT,0.01,1.0e-10,50.086021423339844,4.026673356006095,4.026673356006095,0.0,9.995267891138582e-9,NaN,53,INTERRUPTED,gap_and_residual
706,0.30699961269995835,MadNLP,0.01,0.01,30.366897583007812,4.026802848055296,4.026673356006095,0.003215856806651972,9.190564975725124e-15,NaN,39,INTERRUPTED,gap_and_residual
706,0.30699961269995835,ADMM,0.01,0.0001,375.4434585571289,4.0270573481284835,4.026673356006095,0.009536212362874922,1.7723045253603686e-12,0.002331248320972791,30,converged,gap_callback_with_solver_termination
706,0.30699961269995835,MEL-ADMM,0.01,0.01,54.189443588256836,4.027056951290853,4.026673356006095,0.009526357140083628,4.0245584642661925e-16,0.001250594760427548,30,converged,gap_residual_and_feasibility
706,0.30699961269995835,sMEL-ADMM,0.01,0.01,7.647002,4.027020369299974,4.026673356006095,0.008617865498350953,2.886579864025407e-14,6.945151574550001e-5,93,converged,gap_residual_and_feasibility
707,0.5158596687146526,IPOPT,0.01,1.0e-10,26.58390998840332,3.6254071365343434,3.6254071365343434,0.0,9.995268834828153e-9,NaN,33,INTERRUPTED,gap_and_residual
707,0.5158596687146526,MadNLP,0.01,0.01,14.898061752319336,3.6255226409178682,3.6254071365343434,0.0031859699938480922,3.122502256758253e-17,NaN,22,INTERRUPTED,gap_and_residual
707,0.5158596687146526,ADMM,0.01,0.0001,396.44598960876465,3.625761795939103,3.6254071365343434,0.009782608998184386,3.5388358909926865e-16,0.0017798129846182328,32,converged,gap_callback_with_solver_termination
707,0.5158596687146526,MEL-ADMM,0.01,0.01,54.949045181274414,3.625763104766951,3.6254071365343434,0.009818710539308792,4.128641872824801e-16,0.0012728121798523534,32,converged,gap_residual_and_feasibility
707,0.5158596687146526,sMEL-ADMM,0.01,0.01,4.617128,3.6257330233138276,3.6254071365343434,0.008988970540719014,3.0753177782116836e-14,6.905244549911763e-5,93,converged,gap_residual_and_feasibility
708,0.29561187383369986,IPOPT,0.01,1.0e-10,30.740976333618164,4.048551713267822,4.048551713267822,0.0,9.995268557272396e-9,NaN,38,INTERRUPTED,gap_and_residual
708,0.29561187383369986,MadNLP,0.01,0.01,18.994808197021484,4.048684766281981,4.048551713267822,0.003286434843410717,7.2476746826311e-15,NaN,27,INTERRUPTED,gap_and_residual
708,0.29561187383369986,ADMM,0.01,0.0001,318.9656734466553,4.048954881757655,4.048551713267822,0.00995833864517489,4.371503159461554e-16,0.025385357734758127,26,converged,gap_callback_with_solver_termination
708,0.29561187383369986,MEL-ADMM,0.01,0.01,52.05893516540527,4.048935365482391,4.048551713267822,0.009476282921409226,3.677613769070831e-16,0.001241613720998777,30,converged,gap_residual_and_feasibility
708,0.29561187383369986,sMEL-ADMM,0.01,0.01,4.852417,4.048899954419261,4.048551713267822,0.008601622903761036,3.008704396734174e-14,6.94836511844427e-5,93,converged,gap_residual_and_feasibility
709,0.5778141897579268,IPOPT,0.01,1.0e-10,25.8181095123291,3.5063788411647665,3.5063788411647665,0.0,9.995267502560523e-9,NaN,33,INTERRUPTED,gap_and_residual
709,0.5778141897579268,MadNLP,0.01,0.01,14.731884002685547,3.5064920985540367,3.5063788411647665,0.003230038578276584,9.207912210484892e-15,NaN,22,INTERRUPTED,gap_and_residual
709,0.5778141897579268,ADMM,0.01,0.0001,381.9591999053955,3.5067147225056545,3.5063788411647665,0.00957915148656463,1.8307577676068831e-13,0.019451061061178946,31,converged,gap_callback_with_solver_termination
709,0.5778141897579268,MEL-ADMM,0.01,0.01,62.62040138244629,3.5067120326489762,3.5063788411647665,0.009502438250484569,2.881028748902281e-13,0.001820753989642987,35,converged,gap_residual_and_feasibility
709,0.5778141897579268,sMEL-ADMM,0.01,0.01,4.718543,3.506680625897219,3.5063788411647665,0.008606734928631753,2.9531932455029164e-14,6.812285470976249e-5,93,converged,gap_residual_and_feasibility
710,0.39062836751629954,IPOPT,0.01,1.0e-10,22.871971130371094,3.8660040785741545,3.8660040785741545,0.0,9.995268113183187e-9,NaN,29,INTERRUPTED,gap_and_residual
710,0.39062836751629954,MadNLP,0.01,0.01,15.133857727050781,3.8661254595322903,3.8660040785741545,0.0031397007263507326,7.750744490664374e-15,NaN,22,INTERRUPTED,gap_and_residual
710,0.39062836751629954,ADMM,0.01,0.0001,364.80045318603516,3.8663886850119993,3.8660040785741545,0.009948422971830365,2.285005518132266e-12,0.002436070555787536,30,converged,gap_callback_with_solver_termination
710,0.39062836751629954,MEL-ADMM,0.01,0.01,51.34248733520508,3.866387296187277,3.8660040785741545,0.00991249893517365,4.0397372946809895e-16,0.001316550125421801,30,converged,gap_residual_and_feasibility
710,0.39062836751629954,sMEL-ADMM,0.01,0.01,4.7723770000000005,3.866342334853976,3.8660040785741545,0.008749506543363258,2.8976820942716586e-14,6.913226523164173e-5,93,converged,gap_residual_and_feasibility
711,0.49287291203535527,IPOPT,0.01,1.0e-10,25.020122528076172,3.6695697644997987,3.6695697644997987,0.0,9.995267558071674e-9,NaN,32,INTERRUPTED,gap_and_residual
711,0.49287291203535527,MadNLP,0.01,0.01,14.227867126464844,3.6696861884009166,3.6695697644997987,0.003172685317071768,7.958911307781591e-15,NaN,21,INTERRUPTED,gap_and_residual
711,0.49287291203535527,ADMM,0.01,0.0001,377.2709369659424,3.6699356062429227,3.6695697644997987,0.009969608608160862,3.7816971776294395e-16,0.0018184354648606155,31,converged,gap_callback_with_solver_termination
711,0.49287291203535527,MEL-ADMM,0.01,0.01,54.69107627868652,3.6699355877475486,3.6695697644997987,0.009969104587926662,5.300017091869336e-10,0.0011822381647140986,31,converged,gap_residual_and_feasibility
711,0.49287291203535527,sMEL-ADMM,0.01,0.01,4.71696,3.669900042001419,3.6695697644997987,0.009000442090390701,3.064215547965432e-14,6.894175426308633e-5,93,converged,gap_residual_and_feasibility
712,0.39497959812260897,IPOPT,0.01,1.0e-10,22.866010665893555,3.8576444051700562,3.8576444051700562,0.0,9.995268224205489e-9,NaN,29,INTERRUPTED,gap_and_residual
712,0.39497959812260897,MadNLP,0.01,0.01,15.118122100830078,3.8577655548105123,3.8576444051700562,0.0031405082410835504,2.7755575615628914e-17,NaN,22,INTERRUPTED,gap_and_residual
712,0.39497959812260897,ADMM,0.01,0.0001,363.405704498291,3.8580290426282153,3.8576444051700562,0.009970785737627656,3.3436794999452957e-16,0.002441409723692674,30,converged,gap_callback_with_solver_termination
712,0.39497959812260897,MEL-ADMM,0.01,0.01,51.33771896362305,3.858027610864802,3.8576444051700562,0.009933670771529606,3.885780586188048e-16,0.001319975302624888,30,converged,gap_residual_and_feasibility
712,0.39497959812260897,sMEL-ADMM,0.01,0.01,4.609465,3.8579823111007183,3.8576444051700562,0.008759385136929922,2.90878432451791e-14,6.91128442294681e-5,93,converged,gap_residual_and_feasibility
713,0.7410791989217509,IPOPT,0.01,1.0e-10,27.3129940032959,3.1927107600138256,3.1927107600138256,0.0,9.99526827971664e-9,NaN,34,INTERRUPTED,gap_and_residual
713,0.7410791989217509,MadNLP,0.01,0.01,18.440961837768555,3.1928164590883066,3.1927107600138256,0.0033106373369234947,2.7755575615628914e-17,NaN,27,INTERRUPTED,gap_and_residual
713,0.7410791989217509,ADMM,0.01,0.0001,542.9048538208008,3.1929890807112886,3.1927107600138256,0.008717379004348803,3.5891384309039154e-10,0.012397334838042437,45,converged,gap_callback_with_solver_termination
713,0.7410791989217509,MEL-ADMM,0.01,0.01,79.96916770935059,3.193012084357317,3.1927107600138256,0.009437884172451621,3.677613769070831e-16,0.009399294120847345,47,converged,gap_residual_and_feasibility
713,0.7410791989217509,sMEL-ADMM,0.01,0.01,4.6894149999999994,3.192947670580569,3.1927107600138256,0.007420357951324054,2.9531932455029164e-14,0.00010543302141481376,93,converged,gap_residual_and_feasibility
714,0.6801187372722435,IPOPT,0.01,1.0e-10,24.61099624633789,3.3098292481063347,3.3098292481063347,0.0,9.995267002960162e-9,NaN,31,INTERRUPTED,gap_and_residual
714,0.6801187372722435,MadNLP,0.01,0.01,15.570878982543945,3.3099031573343733,3.3098292481063347,0.0022330223856989787,9.992007221626409e-16,NaN,23,INTERRUPTED,gap_and_residual
714,0.6801187372722435,ADMM,0.01,0.0001,467.2224521636963,3.3101497587782482,3.3098292481063347,0.00968360141529645,2.442390734103128e-11,0.015067084932646501,38,converged,gap_callback_with_solver_termination
714,0.6801187372722435,MEL-ADMM,0.01,0.01,73.87256622314453,3.3101590637488503,3.3098292481063347,0.00996473285454984,3.0531133177191805e-16,0.008272184072922207,41,converged,gap_residual_and_feasibility
714,0.6801187372722435,sMEL-ADMM,0.01,0.01,4.67725,3.31007439379901,3.3098292481063347,0.0074065963618988595,3.108624468950438e-14,6.12647524369965e-5,93,converged,gap_residual_and_feasibility
715,0.2968981564878838,IPOPT,0.01,1.0e-10,30.755996704101562,4.0460804806747435,4.0460804806747435,0.0,9.995268113183187e-9,NaN,38,INTERRUPTED,gap_and_residual
715,0.2968981564878838,MadNLP,0.01,0.01,19.861936569213867,4.046213325808,4.0460804806747435,0.0032833042716529357,9.658940314238862e-15,NaN,29,INTERRUPTED,gap_and_residual
715,0.2968981564878838,ADMM,0.01,0.0001,319.472074508667,4.046483599439824,4.0460804806747435,0.009963191958395897,1.6819878823071122e-12,0.025385424118968953,26,converged,gap_callback_with_solver_termination
715,0.2968981564878838,MEL-ADMM,0.01,0.01,51.58352851867676,4.046464126515381,4.0460804806747435,0.009481913236022333,4.718447854656915e-16,0.001242627872327741,30,converged,gap_residual_and_feasibility
715,0.2968981564878838,sMEL-ADMM,0.01,0.01,4.713086,4.046428591291459,4.0460804806747435,0.008603650332173508,2.986499936241671e-14,6.948031716540355e-5,93,converged,gap_residual_and_feasibility
716,0.34381814309446546,IPOPT,0.01,1.0e-10,50.27413368225098,3.9559368409451907,3.9559368409451907,0.0,9.995268224205489e-9,NaN,57,INTERRUPTED,gap_and_residual
716,0.34381814309446546,MadNLP,0.01,0.01,32.073020935058594,3.9560125708056253,3.9559368409451907,0.0019143344163322685,8.201772594418344e-15,NaN,39,INTERRUPTED,gap_and_residual
716,0.34381814309446546,ADMM,0.01,0.0001,364.96663093566895,3.956321106893629,3.9559368409451907,0.009713652262115239,7.153055925357421e-12,0.0023783188388724237,30,converged,gap_callback_with_solver_termination
716,0.34381814309446546,MEL-ADMM,0.01,0.01,52.25038528442383,3.9563202496074847,3.9559368409451907,0.00969198138670028,1.4129253322892055e-12,0.0012796465058337626,30,converged,gap_residual_and_feasibility
716,0.34381814309446546,sMEL-ADMM,0.01,0.01,4.863996,3.956279435518186,3.9559368409451907,0.008660263972092871,3.086420008457935e-14,6.932300726741891e-5,93,converged,gap_residual_and_feasibility
717,0.5005465263676113,IPOPT,0.01,1.0e-10,24.89018440246582,3.654827059400779,3.654827059400779,0.0,9.995267724605128e-9,NaN,32,INTERRUPTED,gap_and_residual
717,0.5005465263676113,MadNLP,0.01,0.01,14.256954193115234,3.6548952292118146,3.654827059400779,0.001865199363135147,5.721985385509498e-15,NaN,21,INTERRUPTED,gap_and_residual
717,0.5005465263676113,ADMM,0.01,0.0001,377.43139266967773,3.655191400583066,3.654827059400779,0.009968766684868943,3.2612801348363973e-16,0.0027889169062894972,31,converged,gap_callback_with_solver_termination
717,0.5005465263676113,MEL-ADMM,0.01,0.01,55.77206611633301,3.6551877686063903,3.654827059400779,0.00986939189594389,1.0752509993494641e-13,0.0003422369455763144,32,converged,gap_residual_and_feasibility
717,0.5005465263676113,sMEL-ADMM,0.01,0.01,4.655496,3.6551561080893418,3.654827059400779,0.009003126090915761,2.9753977059954195e-14,6.897489316843881e-5,93,converged,gap_residual_and_feasibility
718,0.34579436548634196,IPOPT,0.01,1.0e-10,24.852991104125977,3.952140081990153,3.952140081990153,0.0,9.995268446250094e-9,NaN,31,INTERRUPTED,gap_and_residual
718,0.34579436548634196,MadNLP,0.01,0.01,15.363931655883789,3.9522638530989527,3.952140081990153,0.003131749032981408,2.7755575615628914e-17,NaN,21,INTERRUPTED,gap_and_residual
718,0.34579436548634196,ADMM,0.01,0.0001,364.5026683807373,3.9525243638069614,3.952140081990153,0.009723385528758531,9.60898027813073e-14,0.00238078215833595,30,converged,gap_callback_with_solver_termination
718,0.34579436548634196,MEL-ADMM,0.01,0.01,52.069902420043945,3.9525234807881593,3.952140081990153,0.009701042727548067,3.469446951953614e-16,0.0012812058648055333,30,converged,gap_residual_and_feasibility
718,0.34579436548634196,sMEL-ADMM,0.01,0.01,4.611171,3.952482438522532,3.952140081990153,0.008662560670334834,2.8199664825478976e-14,6.931529960846339e-5,93,converged,gap_residual_and_feasibility
719,0.47244162692038655,IPOPT,0.01,1.0e-10,24.734020233154297,3.70882276813041,3.70882276813041,0.0,9.995267225004767e-9,NaN,32,INTERRUPTED,gap_and_residual
719,0.47244162692038655,MadNLP,0.01,0.01,13.479948043823242,3.708891833441391,3.70882276813041,0.0018621895760135715,4.333339242990064e-15,NaN,20,INTERRUPTED,gap_and_residual
719,0.47244162692038655,ADMM,0.01,0.0001,374.6352195739746,3.7091935954586073,3.70882276813041,0.009998518435115098,4.0245584642661925e-16,0.0002790027930168401,31,converged,gap_callback_with_solver_termination
719,0.47244162692038655,MEL-ADMM,0.01,0.01,53.17378044128418,3.7091926251448664,3.70882276813041,0.00997235612428027,3.5210168114474527e-12,0.00039866935242003493,31,converged,gap_residual_and_feasibility
719,0.47244162692038655,sMEL-ADMM,0.01,0.01,4.5932509999999995,3.7091554624084613,3.70882276813041,0.0089703471654155,2.964295475749168e-14,6.890737541354053e-5,93,converged,gap_residual_and_feasibility
720,0.6303304590353573,IPOPT,0.01,1.0e-10,32.8218936920166,3.4054835084916886,3.4054835084916886,0.0,9.995268557272396e-9,NaN,37,INTERRUPTED,gap_and_residual
720,0.6303304590353573,MadNLP,0.01,0.01,20.478010177612305,3.4055947795216555,3.4054835084916886,0.003267407687907697,2.7755575615628914e-17,NaN,27,INTERRUPTED,gap_and_residual
720,0.6303304590353573,ADMM,0.01,0.0001,445.28937339782715,3.4058033290628242,3.4054835084916886,0.009391341063264043,5.900835375882707e-14,0.017099632201099075,35,converged,gap_callback_with_solver_termination
720,0.6303304590353573,MEL-ADMM,0.01,0.01,67.69204139709473,3.4058005764566506,3.4054835084916886,0.009310512418321324,3.712308238590367e-16,0.0032165415125904318,38,converged,gap_residual_and_feasibility
720,0.6303304590353573,sMEL-ADMM,0.01,0.01,4.687331,3.4057512345008107,3.4054835084916886,0.00786161519956233,2.90878432451791e-14,6.299135657074004e-5,93,converged,gap_residual_and_feasibility
721,0.6460471202038807,IPOPT,0.01,1.0e-10,44.72088813781738,3.375288336996711,3.375288336996711,0.0,9.995268557272396e-9,NaN,53,INTERRUPTED,gap_and_residual
721,0.6460471202038807,MadNLP,0.01,0.01,29.226064682006836,3.375399021764115,3.375288336996711,0.0032792685054834673,3.469446951953614e-17,NaN,39,INTERRUPTED,gap_and_residual
721,0.6460471202038807,ADMM,0.01,0.0001,443.1765079498291,3.375595891478734,3.375288336996711,0.00911194693064061,6.760147996942578e-13,0.016447025241264582,36,converged,gap_callback_with_solver_termination
721,0.6460471202038807,MEL-ADMM,0.01,0.01,69.26345825195312,3.375602003297824,3.375288336996711,0.009293022396785115,3.5388358909926865e-16,0.003900656296705952,39,converged,gap_residual_and_feasibility
721,0.6460471202038807,sMEL-ADMM,0.01,0.01,4.778454,3.3755469505827707,3.375288336996711,0.007661970185632839,2.8976820942716586e-14,6.126503535388607e-5,93,converged,gap_residual_and_feasibility
722,0.6246814979111623,IPOPT,0.01,1.0e-10,30.539989471435547,3.4163364083591916,3.4163364083591916,0.0,9.99526783562743e-9,NaN,36,INTERRUPTED,gap_and_residual
722,0.6246814979111623,MadNLP,0.01,0.01,21.345138549804688,3.416448074557717,3.4163364083591916,0.003268594926775315,3.469446951953614e-17,NaN,29,INTERRUPTED,gap_and_residual
722,0.6246814979111623,ADMM,0.01,0.0001,412.7645492553711,3.4166621332997082,3.4163364083591916,0.00953433449117139,1.5295542610260782e-12,0.01739569723354854,34,converged,gap_callback_with_solver_termination
722,0.6246814979111623,MEL-ADMM,0.01,0.01,67.54684448242188,3.4166517742941194,3.4163364083591916,0.00923111477418066,3.95516952522712e-16,0.0019007305463416314,38,converged,gap_residual_and_feasibility
722,0.6246814979111623,sMEL-ADMM,0.01,0.01,4.6518749999999995,3.4166077579784613,3.4163364083591916,0.00794270782601272,2.8754776337791554e-14,6.376307957568425e-5,93,converged,gap_residual_and_feasibility
723,0.25073788404803904,IPOPT,0.01,1.0e-10,25.41494369506836,4.134764541979536,4.134764541979536,0.0,9.995268668294699e-9,NaN,33,INTERRUPTED,gap_and_residual
723,0.25073788404803904,MadNLP,0.01,0.01,14.37997817993164,4.134924857353368,4.134764541979536,0.003877255215005465,9.200973316580985e-15,NaN,21,INTERRUPTED,gap_and_residual
723,0.25073788404803904,ADMM,0.01,0.0001,329.7083377838135,4.135168194891563,4.134764541979536,0.009762415923054981,4.718447854656915e-16,0.025384725302386255,26,converged,gap_callback_with_solver_termination
723,0.25073788404803904,MEL-ADMM,0.01,0.01,51.67222023010254,4.13514860344926,4.134764541979536,0.009288593481575487,3.3306690738754696e-16,0.0012319170602852897,30,converged,gap_residual_and_feasibility
723,0.25073788404803904,sMEL-ADMM,0.01,0.01,4.673627,4.135116174661506,4.134764541979536,0.00850429760631042,2.8976820942716586e-14,6.956659140486786e-5,93,converged,gap_residual_and_feasibility
724,0.5465442742342869,IPOPT,0.01,1.0e-10,29.386043548583984,3.5664552436363475,3.5664552436363475,0.0,9.995267669093977e-9,NaN,34,INTERRUPTED,gap_and_residual
724,0.5465442742342869,MadNLP,0.01,0.01,19.304990768432617,3.566569600179781,3.5664552436363475,0.003206448297295718,2.7755575615628914e-17,NaN,24,INTERRUPTED,gap_and_residual
724,0.5465442742342869,ADMM,0.01,0.0001,400.09045600891113,3.566806081369846,3.5664552436363475,0.00983715508906626,3.677613769070831e-16,0.0013728947074907287,33,converged,gap_callback_with_solver_termination
724,0.5465442742342869,MEL-ADMM,0.01,0.01,57.64198303222656,3.5668052260569776,3.5664552436363475,0.009813172932832648,3.3003114130458755e-16,0.0028647686011703307,33,converged,gap_residual_and_feasibility
724,0.5465442742342869,sMEL-ADMM,0.01,0.01,4.6452480000000005,3.566773135360515,3.5664552436363475,0.008913380442246035,2.930988785010413e-14,6.911747647780908e-5,93,converged,gap_residual_and_feasibility
725,0.5456446590024076,IPOPT,0.01,1.0e-10,30.183076858520508,3.568183602854298,3.568183602854298,0.0,9.995268057672035e-9,NaN,35,INTERRUPTED,gap_and_residual
725,0.5456446590024076,MadNLP,0.01,0.01,19.04892921447754,3.5682509718226143,3.568183602854298,0.0018880465753638108,7.886052921790565e-15,NaN,24,INTERRUPTED,gap_and_residual
725,0.5456446590024076,ADMM,0.01,0.0001,400.0508785247803,3.5685298955341254,3.568183602854298,0.009705012924515219,3.4218300415389535e-10,0.0002821339823630732,33,converged,gap_callback_with_solver_termination
725,0.5456446590024076,MEL-ADMM,0.01,0.01,57.71183967590332,3.568532934697178,3.568183602854298,0.009790186878297889,3.95516952522712e-16,0.0026722509747352675,33,converged,gap_residual_and_feasibility
725,0.5456446590024076,sMEL-ADMM,0.01,0.01,4.651624,3.5685017575927445,3.568183602854298,0.008916434070041673,2.864375403532904e-14,6.91158407333907e-5,93,converged,gap_residual_and_feasibility
726,0.6784680513586986,IPOPT,0.01,1.0e-10,24.471044540405273,3.313000579708472,3.313000579708472,0.0,9.995268890339304e-9,NaN,31,INTERRUPTED,gap_and_residual
726,0.6784680513586986,MadNLP,0.01,0.01,15.478134155273438,3.3130742854375677,3.313000579708472,0.002224742414686883,7.008282842946301e-16,NaN,23,INTERRUPTED,gap_and_residual
726,0.6784680513586986,ADMM,0.01,0.0001,462.4137878417969,3.313312518901586,3.313000579708472,0.009415609373100266,2.513877994658742e-12,0.015126207789747746,38,converged,gap_callback_with_solver_termination
726,0.6784680513586986,MEL-ADMM,0.01,0.01,73.96483421325684,3.3133230987728033,3.313000579708472,0.00973495345296946,3.660266534311063e-16,0.007352954146589385,41,converged,gap_residual_and_feasibility
726,0.6784680513586986,sMEL-ADMM,0.01,0.01,4.64325,3.3132462427720006,3.313000579708472,0.007415122865755596,2.942091015256665e-14,6.126476927171762e-5,93,converged,gap_residual_and_feasibility
727,0.45463103246974546,IPOPT,0.01,1.0e-10,29.1290283203125,3.743040847154825,3.743040847154825,0.0,9.995268002160884e-9,NaN,38,INTERRUPTED,gap_and_residual
727,0.45463103246974546,MadNLP,0.01,0.01,19.819021224975586,3.7430627364263565,3.743040847154825,0.0005847991626377435,1.7312540290248535e-15,NaN,31,INTERRUPTED,gap_and_residual
727,0.45463103246974546,ADMM,0.01,0.0001,394.2286968231201,3.7434145426510432,3.743040847154825,0.009983740800001802,1.051769782378642e-12,3.997086075123099e-5,32,converged,gap_callback_with_solver_termination
727,0.45463103246974546,MEL-ADMM,0.01,0.01,54.62360382080078,3.743414783703947,3.743040847154825,0.009990180828676433,3.608224830031759e-16,2.890786459097683e-5,32,converged,gap_residual_and_feasibility
727,0.45463103246974546,sMEL-ADMM,0.01,0.01,4.641000999999999,3.7433751044367654,3.743040847154825,0.008930099766192249,3.0309088572266774e-14,6.892188172286096e-5,93,converged,gap_residual_and_feasibility
728,0.5817226217941325,IPOPT,0.01,1.0e-10,25.603771209716797,3.498869881447162,3.498869881447162,0.0,9.995268168694338e-9,NaN,33,INTERRUPTED,gap_and_residual
728,0.5817226217941325,MadNLP,0.01,0.01,14.787912368774414,3.4989830036639566,3.498869881447162,0.0032331072782828393,3.122502256758253e-17,NaN,22,INTERRUPTED,gap_and_residual
728,0.5817226217941325,ADMM,0.01,0.0001,379.48131561279297,3.499210799612335,3.498869881447162,0.009743665146879518,3.191891195797325e-16,0.019451650248579953,31,converged,gap_callback_with_solver_termination
728,0.5817226217941325,MEL-ADMM,0.01,0.01,62.079668045043945,3.4992039529782915,3.498869881447162,0.009547983847611555,3.60063541482436e-16,0.002558295359020503,35,converged,gap_residual_and_feasibility
728,0.5817226217941325,sMEL-ADMM,0.01,0.01,4.653919,3.4991688949533533,3.498869881447162,0.008546002461447672,3.042011087472929e-14,6.783651514972143e-5,93,converged,gap_residual_and_feasibility
729,0.45965184593177605,IPOPT,0.01,1.0e-10,24.089813232421875,3.73339475744756,3.73339475744756,0.0,9.995268501761245e-9,NaN,31,INTERRUPTED,gap_and_residual
729,0.45965184593177605,MadNLP,0.01,0.01,13.468027114868164,3.7334642922769308,3.73339475744756,0.0018625094287759419,7.455841499748317e-15,NaN,20,INTERRUPTED,gap_and_residual
729,0.45965184593177605,ADMM,0.01,0.0001,385.04743576049805,3.7337669807918905,3.73339475744756,0.009970104114709406,6.513234396265943e-12,4.409474413182013e-5,32,converged,gap_callback_with_solver_termination
729,0.45965184593177605,MEL-ADMM,0.01,0.01,52.430152893066406,3.7337678447483196,3.73339475744756,0.009993245424032274,3.7470027081099033e-16,0.00025970124251160215,31,converged,gap_residual_and_feasibility
729,0.45965184593177605,sMEL-ADMM,0.01,0.01,4.803784,3.7337286207713993,3.73339475744756,0.008942620470911575,2.964295475749168e-14,6.891501801020716e-5,93,converged,gap_residual_and_feasibility
730,0.45524553703642595,IPOPT,0.01,1.0e-10,29.417037963867188,3.7418602483891985,3.7418602483891985,0.0,9.995268446250094e-9,NaN,37,INTERRUPTED,gap_and_residual
730,0.45524553703642595,MadNLP,0.01,0.01,13.742923736572266,3.7419782911677055,3.7418602483891985,0.0031546549221830697,8.965050923848139e-15,NaN,20,INTERRUPTED,gap_and_residual
730,0.45524553703642595,ADMM,0.01,0.0001,386.120080947876,3.742233794338366,3.7418602483891985,0.009982894185537557,7.492950704346413e-12,4.051969858571286e-5,32,converged,gap_callback_with_solver_termination
730,0.45524553703642595,MEL-ADMM,0.01,0.01,54.66914176940918,3.7422340365472184,3.7418602483891985,0.009989367138466097,2.1910251390977464e-13,2.9439130107090927e-5,32,converged,gap_residual_and_feasibility
730,0.45524553703642595,sMEL-ADMM,0.01,0.01,4.64958,3.7421944595976058,3.7418602483891985,0.008931686012355387,2.9753977059954195e-14,6.89209181423461e-5,93,converged,gap_residual_and_feasibility
731,0.7494637271610043,IPOPT,0.01,1.0e-10,29.422998428344727,3.176602232548992,3.176602232548992,0.0,9.995267169493616e-9,NaN,36,INTERRUPTED,gap_and_residual
731,0.7494637271610043,MadNLP,0.01,0.01,20.49088478088379,3.1767072917250094,3.176602232548992,0.003307281438669108,3.469446951953614e-17,NaN,29,INTERRUPTED,gap_and_residual
731,0.7494637271610043,ADMM,0.01,0.0001,553.7331104278564,3.1768812910647415,3.176602232548992,0.008784811421780473,4.1815761964159037e-10,0.01204031111258057,46,converged,gap_callback_with_solver_termination
731,0.7494637271610043,MEL-ADMM,0.01,0.01,81.98857307434082,3.176898632498313,3.176602232548992,0.009330722817096541,3.191891195797325e-16,0.009484129455546796,48,converged,gap_residual_and_feasibility
731,0.7494637271610043,sMEL-ADMM,0.01,0.01,4.68833,3.1768410897668264,3.176602232548992,0.007519267454609461,3.0309088572266774e-14,0.00010230142635355658,93,converged,gap_residual_and_feasibility
732,0.5071428835326428,IPOPT,0.01,1.0e-10,24.811983108520508,3.6421540028460493,3.6421540028460493,0.0,9.995268335227792e-9,NaN,32,INTERRUPTED,gap_and_residual
732,0.5071428835326428,MadNLP,0.01,0.01,14.175176620483398,3.642221989418426,3.6421540028460493,0.0018666583654506491,6.5780714209040525e-15,NaN,21,INTERRUPTED,gap_and_residual
732,0.5071428835326428,ADMM,0.01,0.0001,387.16936111450195,3.6425121699908645,3.6421540028460493,0.009833937404494744,4.510281037539698e-16,0.00047258407750166986,32,converged,gap_callback_with_solver_termination
732,0.5071428835326428,MEL-ADMM,0.01,0.01,55.436134338378906,3.642512299622453,3.6421540028460493,0.009837496605683746,3.6137759451548845e-14,0.0006109846661736217,32,converged,gap_residual_and_feasibility
732,0.5071428835326428,sMEL-ADMM,0.01,0.01,4.647583,3.64248177403219,3.6421540028460493,0.008999377453138004,2.930988785010413e-14,6.900818633906979e-5,93,converged,gap_residual_and_feasibility
733,0.5397442004144614,IPOPT,0.01,1.0e-10,25.629043579101562,3.5795196848027255,3.5795196848027255,0.0,9.99526872380585e-9,NaN,33,INTERRUPTED,gap_and_residual
733,0.5397442004144614,MadNLP,0.01,0.01,14.83297348022461,3.579634289010819,3.5795196848027255,0.0032016644182695435,2.7755575615628914e-17,NaN,22,INTERRUPTED,gap_and_residual
733,0.5397442004144614,ADMM,0.01,0.0001,401.4582633972168,3.5798657225358013,3.5795196848027255,0.009667155471860558,3.3306690738754696e-16,0.0022896072602802617,33,converged,gap_callback_with_solver_termination
733,0.5397442004144614,MEL-ADMM,0.01,0.01,58.511972427368164,3.5798672830208393,3.5795196848027255,0.009710750288357923,3.7470027081099033e-16,0.0016693822657073004,33,converged,gap_residual_and_feasibility
733,0.5397442004144614,sMEL-ADMM,0.01,0.01,4.6817530000000005,3.579839523277401,3.5795196848027255,0.00893523441241463,2.942091015256665e-14,6.910336957640598e-5,93,converged,gap_residual_and_feasibility
734,0.6994988307563231,IPOPT,0.01,1.0e-10,24.91593360900879,3.2725958153774806,3.2725958153774806,0.0,9.995268168694338e-9,NaN,32,INTERRUPTED,gap_and_residual
734,0.6994988307563231,MadNLP,0.01,0.01,14.24717903137207,3.2727042495152934,3.2725958153774806,0.0033133984130667804,2.0816681711721685e-17,NaN,21,INTERRUPTED,gap_and_residual
734,0.6994988307563231,ADMM,0.01,0.0001,480.8626174926758,3.2729005234593966,3.2725958153774806,0.009310898720956931,2.1539603434206356e-11,0.014401263811018486,40,converged,gap_callback_with_solver_termination
734,0.6994988307563231,MEL-ADMM,0.01,0.01,73.0290412902832,3.2729030818464,3.2725958153774806,0.009389074797316871,3.95516952522712e-16,0.00683745337583237,43,converged,gap_residual_and_feasibility
734,0.6994988307563231,sMEL-ADMM,0.01,0.01,4.607125999999999,3.2728359565466274,3.2725958153774806,0.007337941581983457,2.964295475749168e-14,7.147188674025981e-5,93,converged,gap_residual_and_feasibility
735,0.5437758154026266,IPOPT,0.01,1.0e-10,25.745868682861328,3.5717740634736126,3.5717740634736126,0.0,9.995268335227792e-9,NaN,33,INTERRUPTED,gap_and_residual
735,0.5437758154026266,MadNLP,0.01,0.01,14.798879623413086,3.5718885207647446,3.5717740634736126,0.003204494156069545,2.7755575615628914e-17,NaN,22,INTERRUPTED,gap_and_residual
735,0.5437758154026266,ADMM,0.01,0.0001,401.4601707458496,3.5721172919304545,3.5717740634736126,0.009609467193120138,4.0592529337857286e-16,0.0015040104137334052,33,converged,gap_callback_with_solver_termination
735,0.5437758154026266,MEL-ADMM,0.01,0.01,58.14027786254883,3.572122425720563,3.5717740634736126,0.009753199411825692,4.0245584642661925e-16,0.002309100141617849,33,converged,gap_residual_and_feasibility
735,0.5437758154026266,sMEL-ADMM,0.01,0.01,4.7100800000000005,3.572092758064574,3.5717740634736126,0.008922585395877381,2.964295475749168e-14,6.911208638286145e-5,93,converged,gap_residual_and_feasibility
736,0.43626021559194383,IPOPT,0.01,1.0e-10,24.986982345581055,3.7783352369861003,3.7783352369861003,0.0,9.995267669093977e-9,NaN,32,INTERRUPTED,gap_and_residual
736,0.43626021559194383,MadNLP,0.01,0.01,14.29605484008789,3.7784542230468423,3.7783352369861003,0.0031491663200569476,7.639722188201858e-15,NaN,21,INTERRUPTED,gap_and_residual
736,0.43626021559194383,ADMM,0.01,0.0001,373.77047538757324,3.7787098682736424,3.7783352369861003,0.009915247431589766,3.608224830031759e-16,0.000280996264258232,31,converged,gap_callback_with_solver_termination
736,0.43626021559194383,MEL-ADMM,0.01,0.01,53.51710319519043,3.778712616688453,3.7783352369861003,0.00998798885441273,3.720981855970251e-16,0.00018376542594115974,31,converged,gap_residual_and_feasibility
736,0.43626021559194383,sMEL-ADMM,0.01,0.01,4.668704,3.778670568750632,3.7783352369861003,0.008875119424264909,3.008704396734174e-14,6.896074055900894e-5,93,converged,gap_residual_and_feasibility
737,0.3042270006588669,IPOPT,0.01,1.0e-10,27.482986450195312,4.032000155074425,4.032000155074425,0.0,9.99526827971664e-9,NaN,34,INTERRUPTED,gap_and_residual
737,0.3042270006588669,MadNLP,0.01,0.01,18.907785415649414,4.0321307138743,4.032000155074425,0.0032380653485348473,8.999745393367675e-15,NaN,27,INTERRUPTED,gap_and_residual
737,0.3042270006588669,ADMM,0.01,0.0001,319.2298412322998,4.032402992689178,4.032000155074425,0.009991011886393853,2.292555034699717e-12,0.025385799095702787,26,converged,gap_callback_with_solver_termination
737,0.3042270006588669,MEL-ADMM,0.01,0.01,51.33318901062012,4.0323837643326526,4.032000155074425,0.009514118141697924,4.510281037539698e-16,0.0012484077746768053,30,converged,gap_residual_and_feasibility
737,0.3042270006588669,sMEL-ADMM,0.01,0.01,4.674086,4.032347483212927,4.032000155074425,0.008614288818036765,3.042011087472929e-14,6.945997889664605e-5,93,converged,gap_residual_and_feasibility
738,0.7465863910856473,IPOPT,0.01,1.0e-10,34.32106971740723,3.182130229577905,3.182130229577905,0.0,9.99526827971664e-9,NaN,40,INTERRUPTED,gap_and_residual
738,0.7465863910856473,MadNLP,0.01,0.01,25.068998336791992,3.1822114279849023,3.182130229577905,0.002551699683518118,1.2073675392798577e-15,NaN,32,INTERRUPTED,gap_and_residual
738,0.7465863910856473,ADMM,0.01,0.0001,543.0374145507812,3.182445299813737,3.182130229577905,0.009901236376289825,7.189365214266275e-10,0.012206655165663933,45,converged,gap_callback_with_solver_termination
738,0.7465863910856473,MEL-ADMM,0.01,0.01,81.74443244934082,3.1824181028988936,3.182130229577905,0.009046560015450662,4.128641872824801e-16,0.007660910428092426,48,converged,gap_residual_and_feasibility
738,0.7465863910856473,sMEL-ADMM,0.01,0.01,4.7086250000000005,3.182368107786577,3.182130229577905,0.007475439140131615,2.853273173286652e-14,0.0001038045694524369,93,converged,gap_residual_and_feasibility
739,0.57001067574516,IPOPT,0.01,1.0e-10,25.511980056762695,3.521371112191823,3.521371112191823,0.0,9.995269223406211e-9,NaN,33,INTERRUPTED,gap_and_residual
739,0.57001067574516,MadNLP,0.01,0.01,14.603137969970703,3.521484640151708,3.521371112191823,0.0032239703305309312,8.18789480661053e-15,NaN,22,INTERRUPTED,gap_and_residual
739,0.57001067574516,ADMM,0.01,0.0001,379.24766540527344,3.521719746309684,3.521371112191823,0.009900521891987637,2.1084245460656348e-11,0.019677038426105325,31,converged,gap_callback_with_solver_termination
739,0.57001067574516,MEL-ADMM,0.01,0.01,60.18948554992676,3.5217187320531798,3.521371112191823,0.009871719006071821,4.0245584642661925e-16,0.0040392600421012455,34,converged,gap_residual_and_feasibility
739,0.57001067574516,sMEL-ADMM,0.01,0.01,4.6993290000000005,3.521678391841464,3.521371112191823,0.008726136492025438,2.9531932455029164e-14,6.861246927729672e-5,93,converged,gap_residual_and_feasibility
740,0.435020073464316,IPOPT,0.01,1.0e-10,24.864912033081055,3.7807178234540744,3.7807178234540744,0.0,9.995268668294699e-9,NaN,32,INTERRUPTED,gap_and_residual
740,0.435020073464316,MadNLP,0.01,0.01,14.81485366821289,3.780788726132185,3.7807178234540744,0.0018753760905043982,7.077671781985373e-16,NaN,22,INTERRUPTED,gap_and_residual
740,0.435020073464316,ADMM,0.01,0.0001,372.16949462890625,3.781092483022105,3.7807178234540744,0.009909746919129842,3.021971561878445e-12,0.0002808167781215287,31,converged,gap_callback_with_solver_termination
740,0.435020073464316,MEL-ADMM,0.01,0.01,53.16305160522461,3.781095207962479,3.7807178234540744,0.009981821601796819,1.523148274173991e-11,0.00018361884668569722,31,converged,gap_residual_and_feasibility
740,0.435020073464316,sMEL-ADMM,0.01,0.01,4.786293,3.7810532117578615,3.7807178234540744,0.008871021838934462,3.008704396734174e-14,6.896406342964297e-5,93,converged,gap_residual_and_feasibility
741,0.5227928994433959,IPOPT,0.01,1.0e-10,25.490999221801758,3.612086871585964,3.612086871585964,0.0,9.995268446250094e-9,NaN,33,INTERRUPTED,gap_and_residual
741,0.5227928994433959,MadNLP,0.01,0.01,14.833927154541016,3.61215453435055,3.612086871585964,0.001873231929114974,9.506284648352903e-16,NaN,22,INTERRUPTED,gap_and_residual
741,0.5227928994433959,ADMM,0.01,0.0001,387.7730369567871,3.612439046790191,3.612086871585964,0.009749909588204457,3.0878077872387166e-16,0.0023328564604551544,32,converged,gap_callback_with_solver_termination
741,0.5227928994433959,MEL-ADMM,0.01,0.01,55.034637451171875,3.612443349305844,3.612086871585964,0.009869023989547697,4.3021142204224816e-16,0.0022063703146632425,32,converged,gap_residual_and_feasibility
741,0.5227928994433959,sMEL-ADMM,0.01,0.01,4.662124,3.6124112088745592,3.612086871585964,0.008979221711045378,2.942091015256665e-14,6.907642511617702e-5,93,converged,gap_residual_and_feasibility
742,0.557867831261286,IPOPT,0.01,1.0e-10,29.330968856811523,3.544700193839372,3.544700193839372,0.0,9.995268002160884e-9,NaN,34,INTERRUPTED,gap_and_residual
742,0.557867831261286,MadNLP,0.01,0.01,19.28114891052246,3.544814146508462,3.544700193839372,0.00321473362650351,3.469446951953614e-17,NaN,24,INTERRUPTED,gap_and_residual
742,0.557867831261286,ADMM,0.01,0.0001,414.08729553222656,3.5450388395033117,3.544700193839372,0.009553577042379456,3.400058012914542e-16,0.0021336580075309516,34,converged,gap_callback_with_solver_termination
742,0.557867831261286,MEL-ADMM,0.01,0.01,59.28659439086914,3.5450403508216994,3.544700193839372,0.009596213042749723,4.0245584642661925e-16,0.0015248061384413938,34,converged,gap_residual_and_feasibility
742,0.557867831261286,sMEL-ADMM,0.01,0.01,4.662632,3.5450141798532053,3.544700193839372,0.008857900433418334,3.042011087472929e-14,6.905196869239072e-5,93,converged,gap_residual_and_feasibility
743,0.6961871412786534,IPOPT,0.01,1.0e-10,24.188995361328125,3.2789583010634735,3.2789583010634735,0.0,9.995267113982464e-9,NaN,31,INTERRUPTED,gap_and_residual
743,0.6961871412786534,MadNLP,0.01,0.01,15.219926834106445,3.279034125639862,3.2789583010634735,0.0023124593064735126,7.28583859910259e-16,NaN,23,INTERRUPTED,gap_and_residual
743,0.6961871412786534,ADMM,0.01,0.0001,481.46915435791016,3.2792502026802097,3.2789583010634735,0.008902266815699599,4.257594277135013e-12,0.01440060927790038,40,converged,gap_callback_with_solver_termination
743,0.6961871412786534,MEL-ADMM,0.01,0.01,72.61800765991211,3.279256477994138,3.2789583010634735,0.009093648143313893,3.677613769070831e-16,0.005131014855403215,43,converged,gap_residual_and_feasibility
743,0.6961871412786534,sMEL-ADMM,0.01,0.01,4.770164,3.27919915280819,3.2789583010634735,0.007345373823089315,2.964295475749168e-14,6.826450919417137e-5,93,converged,gap_residual_and_feasibility
744,0.3108643404094773,IPOPT,0.01,1.0e-10,38.471221923828125,4.019248361936495,4.019248361936495,0.0,9.995269056872758e-9,NaN,44,INTERRUPTED,gap_and_residual
744,0.3108643404094773,MadNLP,0.01,0.01,26.265859603881836,4.019376767465231,4.019248361936495,0.0031947647214860485,9.446436688431703e-15,NaN,34,INTERRUPTED,gap_and_residual
744,0.3108643404094773,ADMM,0.01,0.0001,364.1772270202637,4.0196323832359715,4.019248361936495,0.009554555103216395,5.58497692537685e-13,0.002336298458016528,30,converged,gap_callback_with_solver_termination
744,0.3108643404094773,MEL-ADMM,0.01,0.01,51.653146743774414,4.019631937658591,4.019248361936495,0.009543469015963228,4.115631446754975e-16,0.001253643555548023,30,converged,gap_residual_and_feasibility
744,0.3108643404094773,sMEL-ADMM,0.01,0.01,4.628336,4.019594937044032,4.019248361936495,0.008622883592347207,2.9976021664879227e-14,6.943943426378565e-5,93,converged,gap_residual_and_feasibility
745,0.6584052880845612,IPOPT,0.01,1.0e-10,21.962881088256836,3.3515455716269136,3.3515455716269136,0.0,9.99526827971664e-9,NaN,28,INTERRUPTED,gap_and_residual
745,0.6584052880845612,MadNLP,0.01,0.01,14.188051223754883,3.3516559417554936,3.3515455716269136,0.0032931113786552426,2.7755575615628914e-17,NaN,21,INTERRUPTED,gap_and_residual
745,0.6584052880845612,ADMM,0.01,0.0001,452.3639678955078,3.351847616782549,3.3515455716269136,0.009012115430930457,2.206013149930186e-13,0.01591782243951496,37,converged,gap_callback_with_solver_termination
745,0.6584052880845612,MEL-ADMM,0.01,0.01,70.20854949951172,3.3518533353742903,3.3515455716269136,0.00918274094143787,3.703634621210483e-16,0.0037489523017185215,40,converged,gap_residual_and_feasibility
745,0.6584052880845612,sMEL-ADMM,0.01,0.01,4.660208,3.351798444592438,3.3515455716269136,0.007544965751478748,2.786659791809143e-14,6.126494725021761e-5,93,converged,gap_residual_and_feasibility
746,0.7118088728258046,IPOPT,0.01,1.0e-10,21.473169326782227,3.248945510302327,3.248945510302327,0.0,9.995268668294699e-9,NaN,27,INTERRUPTED,gap_and_residual
746,0.7118088728258046,MadNLP,0.01,0.01,13.142108917236328,3.2490532509716976,3.248945510302327,0.0033161734793316403,3.469446951953614e-17,NaN,19,INTERRUPTED,gap_and_residual
746,0.7118088728258046,ADMM,0.01,0.0001,494.6479797363281,3.2492642960918667,3.248945510302327,0.009811977102380989,3.476052778950134e-12,0.014324823230393354,41,converged,gap_callback_with_solver_termination
746,0.7118088728258046,MEL-ADMM,0.01,0.01,74.83482360839844,3.2492557950338403,3.248945510302327,0.009550321189733193,3.7470027081099033e-16,0.008151072785964542,44,converged,gap_residual_and_feasibility
746,0.7118088728258046,sMEL-ADMM,0.01,0.01,4.737122,3.2491835594024443,3.248945510302327,0.0073269649910230215,2.8754776337791554e-14,8.507236774504259e-5,93,converged,gap_residual_and_feasibility
747,0.6577463387366064,IPOPT,0.01,1.0e-10,22.150039672851562,3.3528115586170695,3.3528115586170695,0.0,9.995268335227792e-9,NaN,28,INTERRUPTED,gap_and_residual
747,0.6577463387366064,MadNLP,0.01,0.01,13.653039932250977,3.3528826324432233,3.3528115586170695,0.002119827640510308,8.36136715420821e-16,NaN,20,INTERRUPTED,gap_and_residual
747,0.6577463387366064,ADMM,0.01,0.0001,440.8082962036133,3.3531451043969085,3.3528115586170695,0.009948241170362542,2.057409798084109e-12,0.016031878032942797,36,converged,gap_callback_with_solver_termination
747,0.6577463387366064,MEL-ADMM,0.01,0.01,70.38259506225586,3.353118659516019,3.3528115586170695,0.009159503705485452,3.469446951953614e-16,0.003526911694305279,40,converged,gap_residual_and_feasibility
747,0.6577463387366064,sMEL-ADMM,0.01,0.01,4.656035,3.353064704691698,3.3528115586170695,0.007550262524538924,3.008704396734174e-14,6.126495240672825e-5,93,converged,gap_residual_and_feasibility
748,0.609802597665176,IPOPT,0.01,1.0e-10,28.82695198059082,3.4449220564028087,3.4449220564028087,0.0,9.99526872380585e-9,NaN,34,INTERRUPTED,gap_and_residual
748,0.609802597665176,MadNLP,0.01,0.01,17.950057983398438,3.4450343185272234,3.4449220564028087,0.003258771100672002,2.7755575615628914e-17,NaN,23,INTERRUPTED,gap_and_residual
748,0.609802597665176,ADMM,0.01,0.0001,405.2860736846924,3.4452534864504294,3.4449220564028087,0.009620828633980364,3.885780586188048e-16,0.019242643505910356,33,converged,gap_callback_with_solver_termination
748,0.609802597665176,MEL-ADMM,0.01,0.01,66.21766090393066,3.4452429885025557,3.4449220564028087,0.009316091757447702,3.391384395534658e-16,0.001844160839415323,37,converged,gap_residual_and_feasibility
748,0.609802597665176,sMEL-ADMM,0.01,0.01,4.699245,3.445203011280005,3.4449220564028087,0.008155623627950973,3.042011087472929e-14,6.550882693816436e-5,93,converged,gap_residual_and_feasibility
749,0.26079598865273557,IPOPT,0.01,1.0e-10,36.3919734954834,4.115440705307318,4.115440705307318,0.0,9.99526827971664e-9,NaN,47,INTERRUPTED,gap_and_residual
749,0.26079598865273557,MadNLP,0.01,0.01,15.60521125793457,4.115580751989633,4.115440705307318,0.0034029571154876757,1.1157741397482823e-14,NaN,23,INTERRUPTED,gap_and_residual
749,0.26079598865273557,ADMM,0.01,0.0001,332.0491313934326,4.115844358183051,4.115440705307318,0.009808253954742966,4.561906408184768e-13,0.025384725298575786,26,converged,gap_callback_with_solver_termination
749,0.26079598865273557,MEL-ADMM,0.01,0.01,52.0782470703125,4.115824661293496,4.115440705307318,0.00932964446999102,3.3480163086352377e-16,0.0012319168173699803,30,converged,gap_residual_and_feasibility
749,0.26079598865273557,sMEL-ADMM,0.01,0.01,4.603368,4.115791778732807,4.115440705307318,0.008530639866497512,3.086420008457935e-14,6.955341057441819e-5,93,converged,gap_residual_and_feasibility
750,0.42738907287258576,IPOPT,0.01,1.0e-10,24.840116500854492,3.7953786581615745,3.7953786581615745,0.0,9.99526778011628e-9,NaN,32,INTERRUPTED,gap_and_residual
750,0.42738907287258576,MadNLP,0.01,0.01,14.868974685668945,3.795498101503451,3.7953786581615745,0.003147073128512518,3.469446951953614e-17,NaN,22,INTERRUPTED,gap_and_residual
750,0.42738907287258576,ADMM,0.01,0.0001,372.32089042663574,3.7957531871840064,3.7953786581615745,0.009868027835024341,1.4721557306529576e-12,0.00027961089444063225,31,converged,gap_callback_with_solver_termination
750,0.42738907287258576,MEL-ADMM,0.01,0.01,52.541494369506836,3.795756080116383,3.7953786581615745,0.009944250331837472,3.378373969464832e-16,0.0001827159448713582,31,converged,gap_residual_and_feasibility
750,0.42738907287258576,sMEL-ADMM,0.01,0.01,4.630458,3.7957144235933695,3.7953786581615745,0.008846691253664577,3.086420008457935e-14,6.898654599420996e-5,93,converged,gap_residual_and_feasibility
751,0.4279647611370578,IPOPT,0.01,1.0e-10,24.866104125976562,3.794272634071156,3.794272634071156,0.0,9.99526778011628e-9,NaN,32,INTERRUPTED,gap_and_residual
751,0.4279647611370578,MadNLP,0.01,0.01,14.729976654052734,3.7943440376316024,3.794272634071156,0.001881877432985984,6.910054126119114e-15,NaN,22,INTERRUPTED,gap_and_residual
751,0.4279647611370578,ADMM,0.01,0.0001,372.0242977142334,3.79464716268699,3.794272634071156,0.009870893632443896,2.7243207689764404e-12,0.000279689077184387,31,converged,gap_callback_with_solver_termination
751,0.4279647611370578,MEL-ADMM,0.01,0.01,52.57534980773926,3.794650052709663,3.794272634071156,0.009947061661257191,3.0306923637368754e-11,0.00018278390288026594,31,converged,gap_residual_and_feasibility
751,0.4279647611370578,sMEL-ADMM,0.01,0.01,4.8202490000000004,3.794608369039589,3.794272634071156,0.00884846717176309,3.0309088572266774e-14,6.898472566286857e-5,93,converged,gap_residual_and_feasibility
752,0.5315717172088279,IPOPT,0.01,1.0e-10,25.523900985717773,3.5952208270038484,3.5952208270038484,0.0,9.99526694744901e-9,NaN,33,INTERRUPTED,gap_and_residual
752,0.5315717172088279,MadNLP,0.01,0.01,14.69111442565918,3.5952883515575835,3.5952208270038484,0.0018781754163186492,6.2020701074860796e-15,NaN,22,INTERRUPTED,gap_and_residual
752,0.5315717172088279,ADMM,0.01,0.0001,400.8197784423828,3.5955690960305815,3.5952208270038484,0.009686999588933876,1.5499213024128267e-11,0.001052290951211999,33,converged,gap_callback_with_solver_termination
752,0.5315717172088279,MEL-ADMM,0.01,0.01,57.758331298828125,3.5955698628527157,3.5952208270038484,0.009708328518953287,3.5388358909926865e-16,0.0008357462973797476,33,converged,gap_residual_and_feasibility
752,0.5315717172088279,sMEL-ADMM,0.01,0.01,4.601456000000001,3.595542925437571,3.5952208270038484,0.008959072313538225,2.853273173286652e-14,6.90891480667373e-5,93,converged,gap_residual_and_feasibility
753,0.7008301001830131,IPOPT,0.01,1.0e-10,24.925947189331055,3.270038153275213,3.270038153275213,0.0,9.995268057672035e-9,NaN,32,INTERRUPTED,gap_and_residual
753,0.7008301001830131,MadNLP,0.01,0.01,14.297962188720703,3.2701465142098622,3.270038153275213,0.003313751386684709,2.42861286636753e-17,NaN,21,INTERRUPTED,gap_and_residual
753,0.7008301001830131,ADMM,0.01,0.0001,483.8137626647949,3.270350304455665,3.270038153275213,0.009545796281905819,1.7118806372451445e-11,0.014401498005087388,40,converged,gap_callback_with_solver_termination
753,0.7008301001830131,MEL-ADMM,0.01,0.01,73.04263114929199,3.2703503233570217,3.270038153275213,0.00954637429829566,3.5388358909926865e-16,0.007593464436564789,43,converged,gap_residual_and_feasibility
753,0.7008301001830131,sMEL-ADMM,0.01,0.01,4.624289,3.270278025608195,3.270038153275213,0.007335459763418898,2.8976820942716586e-14,7.28833484433867e-5,93,converged,gap_residual_and_feasibility
754,0.3779686515007719,IPOPT,0.01,1.0e-10,22.808074951171875,3.890326184399786,3.890326184399786,0.0,9.995268113183187e-9,NaN,29,INTERRUPTED,gap_and_residual
754,0.3779686515007719,MadNLP,0.01,0.01,14.91689682006836,3.8904482464091843,3.890326184399786,0.003137577766299061,7.417677583276827e-15,NaN,22,INTERRUPTED,gap_and_residual
754,0.3779686515007719,ADMM,0.01,0.0001,363.68536949157715,3.8907108101464973,3.890326184399786,0.009886722307595325,8.254952277297889e-12,0.0024208273594419905,30,converged,gap_callback_with_solver_termination
754,0.3779686515007719,MEL-ADMM,0.01,0.01,52.43062973022461,3.8907094432870064,3.890326184399786,0.009851587477605834,4.163336342344337e-16,0.0013065787632309013,30,converged,gap_residual_and_feasibility
754,0.3779686515007719,sMEL-ADMM,0.01,0.01,4.683418,3.890665466076319,3.890326184399786,0.008721162711075396,2.964295475749168e-14,6.918640224853369e-5,93,converged,gap_residual_and_feasibility
755,0.37609367028777857,IPOPT,0.01,1.0e-10,22.799015045166016,3.8939284367273688,3.8939284367273688,0.0,9.995268002160884e-9,NaN,29,INTERRUPTED,gap_and_residual
755,0.37609367028777857,MadNLP,0.01,0.01,14.99795913696289,3.894050599884535,3.8939284367273688,0.0031372727863701777,8.81239525796218e-15,NaN,22,INTERRUPTED,gap_and_residual
755,0.37609367028777857,ADMM,0.01,0.0001,363.6491298675537,3.894312986080923,3.8939284367273688,0.009875614300640169,6.388889417507926e-12,0.002418507265807203,30,converged,gap_callback_with_solver_termination
755,0.37609367028777857,MEL-ADMM,0.01,0.01,52.15716361999512,3.8943117024791585,3.8939284367273688,0.009842650115876839,1.8984813721090177e-13,0.0013051011782059703,30,converged,gap_residual_and_feasibility
755,0.37609367028777857,sMEL-ADMM,0.01,0.01,4.579832,3.8942678718611803,3.8939284367273688,0.008717035747498044,2.7977620220553945e-14,6.919412420898236e-5,93,converged,gap_residual_and_feasibility
756,0.65677921599706,IPOPT,0.01,1.0e-10,21.39902114868164,3.3546696146420825,3.3546696146420825,0.0,9.995267613582826e-9,NaN,27,INTERRUPTED,gap_and_residual
756,0.65677921599706,MadNLP,0.01,0.01,13.695001602172852,3.3547800539220325,3.3546696146420825,0.003292106008531882,2.7755575615628914e-17,NaN,20,INTERRUPTED,gap_and_residual
756,0.65677921599706,ADMM,0.01,0.0001,439.93234634399414,3.354997749705069,3.3546696146420825,0.009781442010100541,1.4209744492177379e-12,0.016066131791509633,36,converged,gap_callback_with_solver_termination
756,0.65677921599706,MEL-ADMM,0.01,0.01,70.27697563171387,3.3549759488293187,3.3546696146420825,0.009131575458256542,3.0531133177191805e-16,0.0032215263598345256,40,converged,gap_residual_and_feasibility
756,0.65677921599706,sMEL-ADMM,0.01,0.01,4.605618,3.354923166305478,3.3546696146420825,0.007558170923569243,3.0531133177191805e-14,6.126495995303557e-5,93,converged,gap_residual_and_feasibility
757,0.2761855139959684,IPOPT,0.01,1.0e-10,32.17506408691406,4.085874033863299,4.085874033863299,0.0,9.99526739153822e-9,NaN,37,INTERRUPTED,gap_and_residual
757,0.2761855139959684,MadNLP,0.01,0.01,23.077964782714844,4.086014396934134,4.085874033863299,0.0034353254572080452,8.23646706393788e-15,NaN,30,INTERRUPTED,gap_and_residual
757,0.2761855139959684,ADMM,0.01,0.0001,328.2029628753662,4.086277684505028,4.085874033863299,0.009879174893376821,3.400058012914542e-16,0.025384728174392527,26,converged,gap_callback_with_solver_termination
757,0.2761855139959684,MEL-ADMM,0.01,0.01,52.12569236755371,4.086257824334105,4.085874033863299,0.009393105798776103,3.8510861166685117e-16,0.0012319172084725993,30,converged,gap_residual_and_feasibility
757,0.2761855139959684,sMEL-ADMM,0.01,0.01,4.678252,4.086224024592729,4.085874033863299,0.008565871745660692,2.8754776337791554e-14,6.952705207264806e-5,93,converged,gap_residual_and_feasibility
758,0.40777612200670493,IPOPT,0.01,1.0e-10,23.48494529724121,3.8330594612639333,3.8330594612639333,0.0,9.99526872380585e-9,NaN,30,INTERRUPTED,gap_and_residual
758,0.40777612200670493,MadNLP,0.01,0.01,15.418052673339844,3.8331799323891267,3.8330594612639333,0.0031429495527235387,3.122502256758253e-17,NaN,23,INTERRUPTED,gap_and_residual
758,0.40777612200670493,ADMM,0.01,0.0001,374.64046478271484,3.8334340431236953,3.8330594612639333,0.009772398877384169,3.677613769070831e-16,0.00027699137255359635,31,converged,gap_callback_with_solver_termination
758,0.40777612200670493,MEL-ADMM,0.01,0.01,51.14006996154785,3.83344264007662,3.8330594612639333,0.009996683238520081,3.400058012914542e-16,0.001330035837261101,30,converged,gap_residual_and_feasibility
758,0.40777612200670493,sMEL-ADMM,0.01,0.01,4.923914,3.8333964299006795,3.8330594612639333,0.00879111425615991,2.9531932455029164e-14,6.905841165940566e-5,93,converged,gap_residual_and_feasibility
759,0.556938682437112,IPOPT,0.01,1.0e-10,29.473066329956055,3.5464852936000337,3.5464852936000337,0.0,9.99526739153822e-9,NaN,34,INTERRUPTED,gap_and_residual
759,0.556938682437112,MadNLP,0.01,0.01,19.309043884277344,3.546599279229012,3.5464852936000337,0.0032140448794173567,3.469446951953614e-17,NaN,24,INTERRUPTED,gap_and_residual
759,0.556938682437112,ADMM,0.01,0.0001,411.72194480895996,3.546824127002873,3.5464852936000337,0.00955406197371839,3.3306690738754696e-16,0.0019950244986777638,34,converged,gap_callback_with_solver_termination
759,0.556938682437112,MEL-ADMM,0.01,0.01,59.48472023010254,3.5468255500513433,3.5464852936000337,0.009594187572793641,3.7470027081099033e-16,0.001408136645792913,34,converged,gap_residual_and_feasibility
759,0.556938682437112,sMEL-ADMM,0.01,0.01,4.645796,3.546799671272289,3.5464852936000337,0.008864485433578333,2.9753977059954195e-14,6.90671807756383e-5,93,converged,gap_residual_and_feasibility
760,0.5782083490519507,IPOPT,0.01,1.0e-10,25.599002838134766,3.5056215742521726,3.5056215742521726,0.0,9.99526733602707e-9,NaN,33,INTERRUPTED,gap_and_residual
760,0.5782083490519507,MadNLP,0.01,0.01,14.772891998291016,3.505734818004129,3.5056215742521726,0.0032303473023999186,2.42861286636753e-17,NaN,22,INTERRUPTED,gap_and_residual
760,0.5782083490519507,ADMM,0.01,0.0001,378.0379295349121,3.505957613525721,3.5056215742521726,0.009585725852910693,3.885780586188048e-16,0.019451116356509507,31,converged,gap_callback_with_solver_termination
760,0.5782083490519507,MEL-ADMM,0.01,0.01,61.99789047241211,3.505954780839686,3.5056215742521726,0.00950492175084002,1.4710455076283324e-14,0.0018855167939449517,35,converged,gap_residual_and_feasibility
760,0.5782083490519507,sMEL-ADMM,0.01,0.01,4.597958,3.5059230758204047,3.5056215742521726,0.00860051668002649,3.019806626980426e-14,6.809456327324607e-5,93,converged,gap_residual_and_feasibility
761,0.5242125007177181,IPOPT,0.01,1.0e-10,25.47287940979004,3.609359504527972,3.609359504527972,0.0,9.995268113183187e-9,NaN,33,INTERRUPTED,gap_and_residual
761,0.5242125007177181,MadNLP,0.01,0.01,14.590024948120117,3.609427142639532,3.609359504527972,0.001873964382744997,7.53563877964325e-15,NaN,22,INTERRUPTED,gap_and_residual
761,0.5242125007177181,ADMM,0.01,0.0001,385.8194351196289,3.6097102551201212,3.609359504527972,0.009717807043309936,3.95516952522712e-16,0.0015391048642813022,32,converged,gap_callback_with_solver_termination
761,0.5242125007177181,MEL-ADMM,0.01,0.01,55.12070655822754,3.609716618132069,3.609359504527972,0.009894099040257894,3.677613769070831e-16,0.002458808544754599,32,converged,gap_residual_and_feasibility
761,0.5242125007177181,sMEL-ADMM,0.01,0.01,4.72775,3.6096835014490827,3.609359504527972,0.008976576611567522,3.0142555118573e-14,6.908013703048593e-5,93,converged,gap_residual_and_feasibility
762,0.7326301259800152,IPOPT,0.01,1.0e-10,32.43207931518555,3.2089432920836893,3.2089432920836893,0.0,9.995269056872758e-9,NaN,39,INTERRUPTED,gap_and_residual
762,0.7326301259800152,MadNLP,0.01,0.01,20.704984664916992,3.2090228559580605,3.2089432920836893,0.00247944158338404,1.7416623698807143e-15,NaN,28,INTERRUPTED,gap_and_residual
762,0.7326301259800152,ADMM,0.01,0.0001,527.2996425628662,3.209222839977656,3.2089432920836893,0.00871152490155217,4.828256128242003e-10,0.012760002218526344,44,converged,gap_callback_with_solver_termination
762,0.7326301259800152,MEL-ADMM,0.01,0.01,78.52768898010254,3.2092508263136614,3.2089432920836893,0.00958366047573254,3.608224830031759e-16,0.009520412581542992,46,converged,gap_residual_and_feasibility
762,0.7326301259800152,sMEL-ADMM,0.01,0.01,4.662575,3.2091798365378454,3.2089432920836893,0.007371412724545515,2.864375403532904e-14,0.0001030168805459808,93,converged,gap_residual_and_feasibility
763,0.6175271343187287,IPOPT,0.01,1.0e-10,39.975881576538086,3.430081518296636,3.430081518296636,0.0,9.99526778011628e-9,NaN,46,INTERRUPTED,gap_and_residual
763,0.6175271343187287,MadNLP,0.01,0.01,27.95696258544922,3.430193431390051,3.430081518296636,0.0032626948606808612,3.122502256758253e-17,NaN,36,INTERRUPTED,gap_and_residual
763,0.6175271343187287,ADMM,0.01,0.0001,414.0157699584961,3.4304123194717633,3.430081518296636,0.009644119924337707,1.599942400787313e-12,0.017652042893684678,34,converged,gap_callback_with_solver_termination
763,0.6175271343187287,MEL-ADMM,0.01,0.01,64.94784355163574,3.4304061551169127,3.430081518296636,0.009464405395173112,3.5735303605122226e-16,0.003688294567039785,37,converged,gap_residual_and_feasibility
763,0.6175271343187287,sMEL-ADMM,0.01,0.01,4.6339179999999995,3.4303575223401186,3.430081518296636,0.00804657387907921,3.019806626980426e-14,6.466697256729548e-5,93,converged,gap_residual_and_feasibility
764,0.3337802816971094,IPOPT,0.01,1.0e-10,35.09998321533203,3.975221785952648,3.975221785952648,0.0,9.995267502560523e-9,NaN,39,INTERRUPTED,gap_and_residual
764,0.3337802816971094,MadNLP,0.01,0.01,26.316165924072266,3.975345964099528,3.975221785952648,0.0031238042445515674,7.858297346174936e-15,NaN,33,INTERRUPTED,gap_and_residual
764,0.3337802816971094,ADMM,0.01,0.0001,362.4608516693115,3.9756059781046025,3.975221785952648,0.009664672127525524,5.583089546234987e-12,0.0023656287999512214,30,converged,gap_callback_with_solver_termination
764,0.3337802816971094,MEL-ADMM,0.01,0.01,52.07657814025879,3.9756052449906787,3.975221785952648,0.009646230038926078,2.914335439641036e-16,0.001271725468688232,30,converged,gap_residual_and_feasibility
764,0.3337802816971094,sMEL-ADMM,0.01,0.01,4.655041000000001,3.975565609651016,3.975221785952648,0.008649170206872413,3.064215547965432e-14,6.93610257775255e-5,93,converged,gap_residual_and_feasibility
765,0.5512188534974878,IPOPT,0.01,1.0e-10,30.5788516998291,3.5574743461667295,3.5574743461667295,0.0,9.99526778011628e-9,NaN,35,INTERRUPTED,gap_and_residual
765,0.5512188534974878,MadNLP,0.01,0.01,20.422935485839844,3.557588535272001,3.5574743461667295,0.0032098363659159254,7.681355551625302e-15,NaN,25,INTERRUPTED,gap_and_residual
765,0.5512188534974878,ADMM,0.01,0.0001,411.25988960266113,3.557814834758634,3.5574743461667295,0.00957107652149792,3.5388358909926865e-16,0.001095190318995392,34,converged,gap_callback_with_solver_termination
765,0.5512188534974878,MEL-ADMM,0.01,0.01,59.215545654296875,3.557815956805663,3.5574743461667295,0.00960261707302084,4.3021142204224816e-16,0.0008523319193597841,34,converged,gap_residual_and_feasibility
765,0.5512188534974878,sMEL-ADMM,0.01,0.01,4.642624,3.557790767164909,3.5574743461667295,0.008894540547301088,2.842170943040401e-14,6.911281597453758e-5,93,converged,gap_residual_and_feasibility
766,0.5561136528763756,IPOPT,0.01,1.0e-10,29.185056686401367,3.548070357298216,3.548070357298216,0.0,9.995268612783548e-9,NaN,34,INTERRUPTED,gap_and_residual
766,0.5561136528763756,MadNLP,0.01,0.01,19.30713653564453,3.5481843722492226,3.548070357298216,0.003213435459984015,2.7755575615628914e-17,NaN,24,INTERRUPTED,gap_and_residual
766,0.5561136528763756,ADMM,0.01,0.0001,411.7581844329834,3.5484093712060623,3.548070357298216,0.009554881208850929,1.2349010702905616e-12,0.0018675930729401234,34,converged,gap_callback_with_solver_termination
766,0.5561136528763756,MEL-ADMM,0.01,0.01,59.01622772216797,3.5484107387363437,3.548070357298216,0.009593424139056549,3.8510861166685117e-16,0.001311385222711882,34,converged,gap_residual_and_feasibility
766,0.5561136528763756,sMEL-ADMM,0.01,0.01,4.7308330000000005,3.548385070340306,3.548070357298216,0.008869977491929849,2.9531932455029164e-14,6.907901060711989e-5,93,converged,gap_residual_and_feasibility
767,0.7034261608398973,IPOPT,0.01,1.0e-10,24.74808692932129,3.2650505483440213,3.2650505483440213,0.0,9.995269056872758e-9,NaN,32,INTERRUPTED,gap_and_residual
767,0.7034261608398973,MadNLP,0.01,0.01,14.297008514404297,3.265158763953909,3.2650505483440213,0.0033143624665352774,2.7755575615628914e-17,NaN,21,INTERRUPTED,gap_and_residual
767,0.7034261608398973,ADMM,0.01,0.0001,494.5213794708252,3.2653344333520553,3.2650505483440213,0.008694658898251462,3.2612801348363973e-16,0.01432375036286214,41,converged,gap_callback_with_solver_termination
767,0.7034261608398973,MEL-ADMM,0.01,0.01,72.37076759338379,3.2653737537530994,3.2650505483440213,0.009898940438823119,3.5388358909926865e-16,0.009141137326503523,43,converged,gap_residual_and_feasibility
767,0.7034261608398973,sMEL-ADMM,0.01,0.01,4.639963000000001,3.2652899270556532,3.2650505483440213,0.007331546880747106,2.8976820942716586e-14,7.574615640464338e-5,93,converged,gap_residual_and_feasibility
768,0.6332907490558539,IPOPT,0.01,1.0e-10,38.34390640258789,3.3997961386435174,3.3997961386435174,0.0,9.995268224205489e-9,NaN,44,INTERRUPTED,gap_and_residual
768,0.6332907490558539,MadNLP,0.01,0.01,20.4160213470459,3.3999073030199236,3.3997961386435174,0.0032697365333966715,2.7755575615628914e-17,NaN,27,INTERRUPTED,gap_and_residual
768,0.6332907490558539,ADMM,0.01,0.0001,426.9287586212158,3.400109112828176,3.3997961386435174,0.009205675043318422,5.028755190039647e-13,0.016993903385542776,35,converged,gap_callback_with_solver_termination
768,0.6332907490558539,MEL-ADMM,0.01,0.01,66.40791893005371,3.400116694880976,3.3997961386435174,0.009428689968055974,3.608224830031759e-16,0.0041673057475748905,38,converged,gap_residual_and_feasibility
768,0.6332907490558539,sMEL-ADMM,0.01,0.01,4.739371,3.4000620174504435,3.3997961386435174,0.007820433816721773,3.0309088572266774e-14,6.258022662792781e-5,93,converged,gap_residual_and_feasibility
769,0.4854041920288544,IPOPT,0.01,1.0e-10,24.717092514038086,3.6839188224215835,3.6839188224215835,0.0,9.995268668294699e-9,NaN,32,INTERRUPTED,gap_and_residual
769,0.4854041920288544,MadNLP,0.01,0.01,14.39809799194336,3.684035556726289,3.6839188224215835,0.003168753447952858,3.469446951953614e-17,NaN,21,INTERRUPTED,gap_and_residual
769,0.4854041920288544,ADMM,0.01,0.0001,387.72130012512207,3.684285301363985,3.6839188224215835,0.009948073235785409,4.510281037539698e-16,8.628271230222417e-5,32,converged,gap_callback_with_solver_termination
769,0.4854041920288544,MEL-ADMM,0.01,0.01,54.08287048339844,3.684286254476842,3.6839188224215835,0.009973945490387813,2.2248752840070551e-10,0.0006179575847632159,31,converged,gap_residual_and_feasibility
769,0.4854041920288544,sMEL-ADMM,0.01,0.01,4.821961,3.6842500864768986,3.6839188224215835,0.008992164900563019,2.964295475749168e-14,6.891556899771886e-5,93,converged,gap_residual_and_feasibility
770,0.5869833251907249,IPOPT,0.01,1.0e-10,29.790878295898438,3.488762910281909,3.488762910281909,0.0,9.995269112383909e-9,NaN,35,INTERRUPTED,gap_and_residual
770,0.5869833251907249,MadNLP,0.01,0.01,19.32382583618164,3.4888758505428,3.488762910281909,0.0032372581283235066,3.469446951953614e-17,NaN,25,INTERRUPTED,gap_and_residual
770,0.5869833251907249,ADMM,0.01,0.0001,390.74254035949707,3.489104161871777,3.488762910281909,0.009781449718537106,3.2612801348363973e-16,0.019345508664107086,32,converged,gap_callback_with_solver_termination
770,0.5869833251907249,MEL-ADMM,0.01,0.01,61.197519302368164,3.4891021481871687,3.488762910281909,0.009723730559620967,3.5041414214731503e-16,0.003942284616848802,35,converged,gap_residual_and_feasibility
770,0.5869833251907249,sMEL-ADMM,0.01,0.01,4.599339,3.4890583407217943,3.488762910281909,0.00846805723068108,2.8310687127941492e-14,6.744875119742925e-5,93,converged,gap_residual_and_feasibility
771,0.5568232396987278,IPOPT,0.01,1.0e-10,29.278039932250977,3.546707084554611,3.546707084554611,0.0,9.995268002160884e-9,NaN,34,INTERRUPTED,gap_and_residual
771,0.5568232396987278,MadNLP,0.01,0.01,19.383907318115234,3.546821074280788,3.546707084554611,0.0032139594124836112,2.7755575615628914e-17,NaN,24,INTERRUPTED,gap_and_residual
771,0.5568232396987278,ADMM,0.01,0.0001,412.7368927001953,3.547045942243809,3.546707084554611,0.009554149274794449,1.991518061572606e-12,0.001977342536469688,34,converged,gap_callback_with_solver_termination
771,0.5568232396987278,MEL-ADMM,0.01,0.01,58.97855758666992,3.547047356534809,3.546707084554611,0.009594025446300893,4.996003610813204e-16,0.001394220431333304,34,converged,gap_residual_and_feasibility
771,0.5568232396987278,sMEL-ADMM,0.01,0.01,4.6325389999999995,3.547021509844464,3.546707084554611,0.00886527368505602,2.930988785010413e-14,6.906892895649532e-5,93,converged,gap_residual_and_feasibility
772,0.6215838129155686,IPOPT,0.01,1.0e-10,30.586957931518555,3.422287744248949,3.422287744248949,0.0,9.99526872380585e-9,NaN,36,INTERRUPTED,gap_and_residual
772,0.6215838129155686,MadNLP,0.01,0.01,19.248008728027344,3.422355998938473,3.422287744248949,0.001994417028158202,6.42715047849407e-15,NaN,25,INTERRUPTED,gap_and_residual
772,0.6215838129155686,ADMM,0.01,0.0001,414.39056396484375,3.4226120888104106,3.422287744248949,0.009477419366814701,6.197264923457624e-13,0.017506621038025073,34,converged,gap_callback_with_solver_termination
772,0.6215838129155686,MEL-ADMM,0.01,0.01,65.09780883789062,3.4226200308444223,3.422287744248949,0.009709487346052354,3.677613769070831e-16,0.005135057974667335,37,converged,gap_residual_and_feasibility
772,0.6215838129155686,sMEL-ADMM,0.01,0.01,4.621874,3.422561109407495,3.422287744248949,0.007987790009925872,2.964295475749168e-14,6.416723888922303e-5,93,converged,gap_residual_and_feasibility
773,0.4003672830324921,IPOPT,0.01,1.0e-10,23.334026336669922,3.8472934745194354,3.8472934745194354,0.0,9.99526739153822e-9,NaN,30,INTERRUPTED,gap_and_residual
773,0.4003672830324921,MadNLP,0.01,0.01,14.764070510864258,3.847366758936739,3.8472934745194354,0.0019048304422014566,8.507083926190262e-15,NaN,22,INTERRUPTED,gap_and_residual
773,0.4003672830324921,ADMM,0.01,0.0001,363.0819320678711,3.8476781510929574,3.8472934745194354,0.009998628284266403,3.400058012914542e-16,0.002447990539606544,30,converged,gap_callback_with_solver_termination
773,0.4003672830324921,MEL-ADMM,0.01,0.01,50.86970329284668,3.8476766671924185,3.8472934745194354,0.00996005829867217,4.0939474033052647e-16,0.0013242142371369774,30,converged,gap_residual_and_feasibility
773,0.4003672830324921,sMEL-ADMM,0.01,0.01,4.62383,3.847630953748455,3.8472934745194354,0.008771860822542657,2.930988785010413e-14,6.908945594269467e-5,93,converged,gap_residual_and_feasibility
774,0.5937584338128817,IPOPT,0.01,1.0e-10,28.903961181640625,3.475746432764865,3.475746432764865,0.0,9.995269001361606e-9,NaN,34,INTERRUPTED,gap_and_residual
774,0.5937584338128817,MadNLP,0.01,0.01,18.596887588500977,3.4758591369225083,3.475746432764865,0.003242588601429252,2.7755575615628914e-17,NaN,24,INTERRUPTED,gap_and_residual
774,0.5937584338128817,ADMM,0.01,0.0001,391.8192386627197,3.476077652103578,3.475746432764865,0.009529444829195294,3.677613769070831e-16,0.019346522353641753,32,converged,gap_callback_with_solver_termination
774,0.5937584338128817,MEL-ADMM,0.01,0.01,62.89482116699219,3.47607330402433,3.475746432764865,0.009404347117613855,4.102621020685149e-16,0.0017459243658462641,36,converged,gap_residual_and_feasibility
774,0.5937584338128817,sMEL-ADMM,0.01,0.01,4.642793,3.476037450658831,3.475746432764865,0.008372817165912497,2.8754776337791554e-14,6.694087051704097e-5,93,converged,gap_residual_and_feasibility
775,0.5428174474025038,IPOPT,0.01,1.0e-10,25.403976440429688,3.5736152997138495,3.5736152997138495,0.0,9.995268834828153e-9,NaN,33,INTERRUPTED,gap_and_residual
775,0.5428174474025038,MadNLP,0.01,0.01,14.720916748046875,3.573729791810409,3.5736152997138495,0.003203817057997721,7.042977312465837e-15,NaN,22,INTERRUPTED,gap_and_residual
775,0.5428174474025038,ADMM,0.01,0.0001,400.3002643585205,3.573959428272242,3.5736152997138495,0.009629703522370006,3.885780586188048e-16,0.0021045083415321512,33,converged,gap_callback_with_solver_termination
775,0.5428174474025038,MEL-ADMM,0.01,0.01,57.22546577453613,3.573963336147183,3.5736152997138495,0.009739057065301477,4.0245584642661925e-16,0.002140239315572322,33,converged,gap_residual_and_feasibility
775,0.5428174474025038,sMEL-ADMM,0.01,0.01,4.703498000000001,3.5739342702227015,3.5736152997138495,0.008925709179651515,2.942091015256665e-14,6.911060263445866e-5,93,converged,gap_residual_and_feasibility
776,0.6647639703651202,IPOPT,0.01,1.0e-10,26.95012092590332,3.3393291409305497,3.3393291409305497,0.0,9.99526739153822e-9,NaN,35,INTERRUPTED,gap_and_residual
776,0.6647639703651202,MadNLP,0.01,0.01,16.39103889465332,3.339439232623798,3.3393291409305497,0.0032968206667313847,2.7755575615628914e-17,NaN,25,INTERRUPTED,gap_and_residual
776,0.6647639703651202,ADMM,0.01,0.0001,450.66046714782715,3.339636524310678,3.3393291409305497,0.009204944081753829,1.9285684160763594e-12,0.015692926472615568,37,converged,gap_callback_with_solver_termination
776,0.6647639703651202,MEL-ADMM,0.01,0.01,69.93317604064941,3.3396510780946373,3.3393291409305497,0.009640773655452546,3.3306690738754696e-16,0.006437050812352862,40,converged,gap_residual_and_feasibility
776,0.6647639703651202,sMEL-ADMM,0.01,0.01,4.652996000000001,3.339579508858075,3.3393291409305497,0.007497551662590182,2.8199664825478976e-14,6.126489580114865e-5,93,converged,gap_residual_and_feasibility
777,0.5978858933580051,IPOPT,0.01,1.0e-10,28.707027435302734,3.4678166729089233,3.4678166729089233,0.0,9.995268501761245e-9,NaN,34,INTERRUPTED,gap_and_residual
777,0.5978858933580051,MadNLP,0.01,0.01,18.44000816345215,3.467929236666149,3.4678166729089233,0.0032459546695552603,2.42861286636753e-17,NaN,24,INTERRUPTED,gap_and_residual
777,0.5978858933580051,ADMM,0.01,0.0001,398.85640144348145,3.468153585548183,3.4678166729089233,0.009715410906569013,3.885780586188048e-16,0.019347097514779588,32,converged,gap_callback_with_solver_termination
777,0.5978858933580051,MEL-ADMM,0.01,0.01,63.12417984008789,3.4681441527660457,3.4678166729089233,0.009443401656170788,3.5388358909926865e-16,0.0025307540815028493,36,converged,gap_residual_and_feasibility
777,0.5978858933580051,sMEL-ADMM,0.01,0.01,4.608583,3.468105086772457,3.4678166729089233,0.008316871701641094,2.9753977059954195e-14,6.661192085680688e-5,93,converged,gap_residual_and_feasibility
778,0.6355044634008673,IPOPT,0.01,1.0e-10,31.47101402282715,3.395543105281543,3.395543105281543,0.0,9.995268779317001e-9,NaN,36,INTERRUPTED,gap_and_residual
778,0.6355044634008673,MadNLP,0.01,0.01,20.31397819519043,3.395654188865362,3.395543105281543,0.0032714526181736956,2.7755575615628914e-17,NaN,27,INTERRUPTED,gap_and_residual
778,0.6355044634008673,ADMM,0.01,0.0001,427.7017116546631,3.3958543384827435,3.395543105281543,0.009165932858175761,1.2960743589474077e-12,0.01691490031740618,35,converged,gap_callback_with_solver_termination
778,0.6355044634008673,MEL-ADMM,0.01,0.01,66.7564868927002,3.3958680621154524,3.395543105281543,0.009570098915957804,3.400058012914542e-16,0.005006266509374259,38,converged,gap_residual_and_feasibility
778,0.6355044634008673,sMEL-ADMM,0.01,0.01,4.619082,3.3958076379936486,3.395543105281543,0.007790586186172031,2.8976820942716586e-14,6.227699755375574e-5,93,converged,gap_residual_and_feasibility
779,0.5530937717250616,IPOPT,0.01,1.0e-10,30.022859573364258,3.5538722148480213,3.5538722148480213,0.0,9.995268612783548e-9,NaN,35,INTERRUPTED,gap_and_residual
779,0.5530937717250616,MadNLP,0.01,0.01,18.655776977539062,3.5539395373112947,3.5538722148480213,0.0018943411356261981,6.6058269965196814e-15,NaN,23,INTERRUPTED,gap_and_residual
779,0.5530937717250616,ADMM,0.01,0.0001,413.0122661590576,3.5542120536493584,3.5538722148480213,0.009562493550480049,3.677613769070831e-16,0.0013925238481886058,34,converged,gap_callback_with_solver_termination
779,0.5530937717250616,MEL-ADMM,0.01,0.01,58.75658988952637,3.5542132774647515,3.5538722148480213,0.009596929661826778,4.3021142204224816e-16,0.0010069184898095183,34,converged,gap_residual_and_feasibility
779,0.5530937717250616,sMEL-ADMM,0.01,0.01,4.663746,3.5541880359256512,3.5538722148480213,0.008886675112021656,3.086420008457935e-14,6.910682486382935e-5,93,converged,gap_residual_and_feasibility
780,0.674598771981645,IPOPT,0.01,1.0e-10,24.3680477142334,3.3204343185350167,3.3204343185350167,0.0,9.995267613582826e-9,NaN,31,INTERRUPTED,gap_and_residual
780,0.674598771981645,MadNLP,0.01,0.01,15.492916107177734,3.3205075429563222,3.3204343185350167,0.002205266368221241,1.2212453270876722e-15,NaN,23,INTERRUPTED,gap_and_residual
780,0.674598771981645,ADMM,0.01,0.0001,463.6995792388916,3.3207334318089647,3.3204343185350167,0.009008257512529804,8.45490344403288e-13,0.015259590879724127,38,converged,gap_callback_with_solver_termination
780,0.674598771981645,MEL-ADMM,0.01,0.01,72.45802879333496,3.3207440276115507,3.3204343185350167,0.009327366447371638,3.400058012914542e-16,0.005405166049567733,41,converged,gap_residual_and_feasibility
780,0.674598771981645,sMEL-ADMM,0.01,0.01,4.646123,3.320681232993967,3.3204343185350167,0.007436209702200234,2.9531932455029164e-14,6.126480721988306e-5,93,converged,gap_residual_and_feasibility
781,0.5764839233161475,IPOPT,0.01,1.0e-10,25.43497085571289,3.508934576311869,3.508934576311869,0.0,9.995269112383909e-9,NaN,33,INTERRUPTED,gap_and_residual
781,0.5764839233161475,MadNLP,0.01,0.01,14.79196548461914,3.5090478797406233,3.508934576311869,0.0032289980417208024,2.7755575615628914e-17,NaN,22,INTERRUPTED,gap_and_residual
781,0.5764839233161475,ADMM,0.01,0.0001,378.36670875549316,3.5092705016534826,3.508934576311869,0.009573428466906116,1.0702549957386509e-13,0.019450863035268277,31,converged,gap_callback_with_solver_termination
781,0.5764839233161475,MEL-ADMM,0.01,0.01,61.76495552062988,3.509267807731681,3.508934576311869,0.009496655254324178,1.5565326805244695e-13,0.0016163783765440684,35,converged,gap_residual_and_feasibility
781,0.5764839233161475,sMEL-ADMM,0.01,0.01,4.688541,3.5092373206264287,3.508934576311869,0.008627813029161508,2.853273173286652e-14,6.821677547722525e-5,93,converged,gap_residual_and_feasibility
782,0.5892550765693398,IPOPT,0.01,1.0e-10,42.37008094787598,3.4843983749817156,3.4843983749817156,0.0,9.995267724605128e-9,NaN,51,INTERRUPTED,gap_and_residual
782,0.5892550765693398,MadNLP,0.01,0.01,27.029991149902344,3.4845110365272127,3.4843983749817156,0.0032333141441598947,7.195632978351796e-15,NaN,37,INTERRUPTED,gap_and_residual
782,0.5892550765693398,ADMM,0.01,0.0001,391.50071144104004,3.484733600529218,3.4843983749817156,0.009620758346967372,3.5388358909926865e-16,0.019345851097863475,32,converged,gap_callback_with_solver_termination
782,0.5892550765693398,MEL-ADMM,0.01,0.01,61.5231990814209,3.4847420655092693,3.4843983749817156,0.009863697848716553,3.677613769070831e-16,0.004700270938474249,35,converged,gap_residual_and_feasibility
782,0.5892550765693398,sMEL-ADMM,0.01,0.01,4.637669,3.4846923060858774,3.4843983749817156,0.008435634291197064,2.9976021664879227e-14,6.728184753801436e-5,93,converged,gap_residual_and_feasibility
783,0.6318106753798132,IPOPT,0.01,1.0e-10,35.76493263244629,3.4026396865188584,3.4026396865188584,0.0,9.995267669093977e-9,NaN,40,INTERRUPTED,gap_and_residual
783,0.6318106753798132,MadNLP,0.01,0.01,20.38097381591797,3.402750904410702,3.4026396865188584,0.0032685768135924807,2.7755575615628914e-17,NaN,27,INTERRUPTED,gap_and_residual
783,0.6318106753798132,ADMM,0.01,0.0001,428.5712242126465,3.402955439863348,3.4026396865188584,0.009279658546878358,1.301958540977921e-12,0.01704675358250813,35,converged,gap_callback_with_solver_termination
783,0.6318106753798132,MEL-ADMM,0.01,0.01,66.45846366882324,3.4029581991319233,3.4026396865188584,0.009360750546902195,3.400058012914542e-16,0.00366787384256273,38,converged,gap_residual_and_feasibility
783,0.6318106753798132,sMEL-ADMM,0.01,0.01,4.576712000000001,3.4029064828601174,3.4026396865188584,0.007840863736353648,2.90878432451791e-14,6.278522211698896e-5,93,converged,gap_residual_and_feasibility
784,0.6228523440078941,IPOPT,0.01,1.0e-10,46.608924865722656,3.4198506163202658,3.4198506163202658,0.0,9.995267946649733e-9,NaN,54,INTERRUPTED,gap_and_residual
784,0.6228523440078941,MadNLP,0.01,0.01,30.43389320373535,3.4199623463198954,3.4198506163202658,0.0032671017586676588,2.7755575615628914e-17,NaN,41,INTERRUPTED,gap_and_residual
784,0.6228523440078941,ADMM,0.01,0.0001,414.74080085754395,3.4201748619046,3.4198506163202658,0.009481279175962335,3.1015745527440686e-12,0.017461184044125937,34,converged,gap_callback_with_solver_termination
784,0.6228523440078941,MEL-ADMM,0.01,0.01,65.11354446411133,3.420186532151046,3.4198506163202658,0.009822529357780569,3.3306690738754696e-16,0.005660083940269045,37,converged,gap_residual_and_feasibility
784,0.6228523440078941,sMEL-ADMM,0.01,0.01,4.647872,3.4201231565277856,3.4198506163202658,0.007969360012956625,2.986499936241671e-14,6.400526845214919e-5,93,converged,gap_residual_and_feasibility
785,0.7450807174989436,IPOPT,0.01,1.0e-10,49.04484748840332,3.1850229605261946,3.1850229605261946,0.0,9.995268335227792e-9,NaN,54,INTERRUPTED,gap_and_residual
785,0.7450807174989436,MadNLP,0.01,0.01,33.55288505554199,3.185128359083827,3.1850229605261946,0.0033091930243052212,3.122502256758253e-17,NaN,44,INTERRUPTED,gap_and_residual
785,0.7450807174989436,ADMM,0.01,0.0001,540.56715965271,3.185325317611695,3.1850229605261946,0.009493089665210836,3.6728353691728444e-10,0.012258735853321259,45,converged,gap_callback_with_solver_termination
785,0.7450807174989436,MEL-ADMM,0.01,0.01,81.17914199829102,3.1853066435873845,3.1850229605261946,0.008906782296570902,3.8163916471489756e-16,0.006732161611745901,48,converged,gap_residual_and_feasibility
785,0.7450807174989436,sMEL-ADMM,0.01,0.01,4.668832,3.185260476395385,3.1850229605261946,0.007457273373974579,3.008704396734174e-14,0.00010450393096672617,93,converged,gap_residual_and_feasibility
786,0.5653633673891703,IPOPT,0.01,1.0e-10,31.130075454711914,3.5302996162356832,3.5302996162356832,0.0,9.995268168694338e-9,NaN,35,INTERRUPTED,gap_and_residual
786,0.5653633673891703,MadNLP,0.01,0.01,36.969900131225586,3.530324292684544,3.5302996162356832,0.0006989902145200872,1.7694179454963432e-15,NaN,43,INTERRUPTED,gap_and_residual
786,0.5653633673891703,ADMM,0.01,0.0001,413.84077072143555,3.53064794801007,3.5302996162356832,0.009866918172749584,3.5735303605122226e-16,0.0021356490202359066,34,converged,gap_callback_with_solver_termination
786,0.5653633673891703,MEL-ADMM,0.01,0.01,60.09054183959961,3.5306416590887895,3.5302996162356832,0.009688776882653247,9.547918011776346e-14,0.002826317237072674,34,converged,gap_residual_and_feasibility
786,0.5653633673891703,sMEL-ADMM,0.01,0.01,4.591756,3.530609860650547,3.5302996162356832,0.008788047718015616,2.90878432451791e-14,6.884633049835179e-5,93,converged,gap_residual_and_feasibility
787,0.7421319441277965,IPOPT,0.01,1.0e-10,39.327144622802734,3.19068820435164,3.19068820435164,0.0,9.995267558071674e-9,NaN,45,INTERRUPTED,gap_and_residual
787,0.7421319441277965,MadNLP,0.01,0.01,28.219938278198242,3.1907936217260433,3.19068820435164,0.0033039071088090213,2.7755575615628914e-17,NaN,37,INTERRUPTED,gap_and_residual
787,0.7421319441277965,ADMM,0.01,0.0001,540.0972366333008,3.190971481771642,3.19068820435164,0.008878254528780506,4.46510106666409e-10,0.012360845920741534,45,converged,gap_callback_with_solver_termination
787,0.7421319441277965,MEL-ADMM,0.01,0.01,81.07852935791016,3.1909658194187194,3.19068820435164,0.008700789588307185,3.365363543395006e-16,0.005063567066386332,48,converged,gap_residual_and_feasibility
787,0.7421319441277965,sMEL-ADMM,0.01,0.01,4.641788,3.190925234943833,3.19068820435164,0.007428823407745331,2.942091015256665e-14,0.00010532876490463271,93,converged,gap_residual_and_feasibility
788,0.6610790301590233,IPOPT,0.01,1.0e-10,22.053956985473633,3.3464087235644677,3.3464087235644677,0.0,9.995268168694338e-9,NaN,28,INTERRUPTED,gap_and_residual
788,0.6610790301590233,MadNLP,0.01,0.01,13.475179672241211,3.346480227561384,3.3464087235644677,0.0021367383013570504,7.847889005319075e-15,NaN,20,INTERRUPTED,gap_and_residual
788,0.6610790301590233,ADMM,0.01,0.0001,451.09105110168457,3.3467098359995773,3.3464087235644677,0.008998077042687668,4.2771342023684156e-13,0.015823187165142468,37,converged,gap_callback_with_solver_termination
788,0.6610790301590233,MEL-ADMM,0.01,0.01,69.6573257446289,3.346720564677913,3.3464087235644677,0.009318679790940322,3.5908775952719907e-16,0.004759321151948059,40,converged,gap_residual_and_feasibility
788,0.6610790301590233,sMEL-ADMM,0.01,0.01,4.605086,3.346660514881514,3.3464087235644677,0.007524224858519799,2.9531932455029164e-14,6.12649260765992e-5,93,converged,gap_residual_and_feasibility
789,0.7148180026827617,IPOPT,0.01,1.0e-10,24.93596076965332,3.2431643083595487,3.2431643083595487,0.0,9.995268890339304e-9,NaN,32,INTERRUPTED,gap_and_residual
789,0.7148180026827617,MadNLP,0.01,0.01,14.847040176391602,3.2432718438510864,3.2431643083595487,0.0033157583555188195,2.0816681711721685e-17,NaN,22,INTERRUPTED,gap_and_residual
789,0.7148180026827617,ADMM,0.01,0.0001,505.5997371673584,3.243449720482276,3.2431643083595487,0.008800421304332106,3.7470027081099033e-16,0.014247845121628957,42,converged,gap_callback_with_solver_termination
789,0.7148180026827617,MEL-ADMM,0.01,0.01,74.39923286437988,3.2434869505857167,3.2431643083595487,0.009948377433000168,3.8510861166685117e-16,0.00999080069845093,44,converged,gap_residual_and_feasibility
789,0.7148180026827617,sMEL-ADMM,0.01,0.01,4.612502,3.243401975127808,3.2431643083595487,0.007328237044496487,2.930988785010413e-14,8.826731105798791e-5,93,converged,gap_residual_and_feasibility
790,0.5753357296014969,IPOPT,0.01,1.0e-10,25.503158569335938,3.5111405096046733,3.5111405096046733,0.0,9.995267502560523e-9,NaN,33,INTERRUPTED,gap_and_residual
790,0.5753357296014969,MadNLP,0.01,0.01,14.833927154541016,3.511253852793028,3.5111405096046733,0.0032281017533996887,2.7755575615628914e-17,NaN,22,INTERRUPTED,gap_and_residual
790,0.5753357296014969,ADMM,0.01,0.0001,378.7262439727783,3.5114771872384627,3.5111405096046733,0.009588839662452714,5.428990590417015e-13,0.019485911293355782,31,converged,gap_callback_with_solver_termination
790,0.5753357296014969,MEL-ADMM,0.01,0.01,61.048269271850586,3.5114738716396783,3.5111405096046733,0.009494408842172385,8.470113499470244e-12,0.0014567377429805187,35,converged,gap_residual_and_feasibility
790,0.5753357296014969,sMEL-ADMM,0.01,0.01,4.555415999999999,3.511444070904047,3.5111405096046733,0.008645660819993498,2.90878432451791e-14,6.829354518975757e-5,93,converged,gap_residual_and_feasibility
791,0.5157092219668262,IPOPT,0.01,1.0e-10,25.61187744140625,3.625696177909148,3.625696177909148,0.0,9.99526827971664e-9,NaN,33,INTERRUPTED,gap_and_residual
791,0.5157092219668262,MadNLP,0.01,0.01,14.985084533691406,3.6258116881372655,3.625696177909148,0.003185877206739182,2.7755575615628914e-17,NaN,22,INTERRUPTED,gap_and_residual
791,0.5157092219668262,ADMM,0.01,0.0001,387.58087158203125,3.6260508790537633,3.625696177909148,0.009782980349445363,4.163336342344337e-16,0.0017574076006898684,32,converged,gap_callback_with_solver_termination
791,0.5157092219668262,MEL-ADMM,0.01,0.01,54.08143997192383,3.6260521675130644,3.625696177909148,0.0098185172294763,3.469446951953614e-16,0.0012572527949806338,32,converged,gap_residual_and_feasibility
791,0.5157092219668262,sMEL-ADMM,0.01,0.01,4.965171,3.6260220962716985,3.625696177909148,0.00898912502752866,3.008704396734174e-14,6.905180040847007e-5,93,converged,gap_residual_and_feasibility
792,0.4562242296651821,IPOPT,0.01,1.0e-10,23.239850997924805,3.739979964055949,3.739979964055949,0.0,9.995269500961967e-9,NaN,29,INTERRUPTED,gap_and_residual
792,0.4562242296651821,MadNLP,0.01,0.01,20.982980728149414,3.740097963128274,3.739979964055949,0.003155072312132617,2.7755575615628914e-17,NaN,32,INTERRUPTED,gap_and_residual
792,0.4562242296651821,ADMM,0.01,0.0001,383.1815719604492,3.7403532294853514,3.739979964055949,0.009980412542045698,8.941736240331011e-13,4.13788234986702e-5,32,converged,gap_callback_with_solver_termination
792,0.4562242296651821,MEL-ADMM,0.01,0.01,53.48038673400879,3.7403534964560925,3.739979964055949,0.009987550835395806,6.626643678231403e-12,3.036211469200495e-5,32,converged,gap_residual_and_feasibility
792,0.4562242296651821,sMEL-ADMM,0.01,0.01,4.65725,3.7403140998884896,3.739979964055949,0.008934161031666657,2.9753977059954195e-14,6.891948102797415e-5,93,converged,gap_residual_and_feasibility
793,0.3974001972311764,IPOPT,0.01,1.0e-10,22.767066955566406,3.85299390056097,3.85299390056097,0.0,9.995268501761245e-9,NaN,29,INTERRUPTED,gap_and_residual
793,0.3974001972311764,MadNLP,0.01,0.01,15.11693000793457,3.853114921595516,3.85299390056097,0.003140960968781259,3.469446951953614e-17,NaN,22,INTERRUPTED,gap_and_residual
793,0.3974001972311764,ADMM,0.01,0.0001,364.0434741973877,3.853378555380202,3.85299390056097,0.009983270909826971,4.490963156911221e-12,0.0024443654863868444,30,converged,gap_callback_with_solver_termination
793,0.3974001972311764,MEL-ADMM,0.01,0.01,50.96578598022461,3.853377100213022,3.85299390056097,0.009945503728833646,3.3306690738754696e-16,0.0013218798854315768,30,converged,gap_residual_and_feasibility
793,0.3974001972311764,sMEL-ADMM,0.01,0.01,4.6214569999999995,3.853331613848461,3.85299390056097,0.008764957749912683,2.886579864025407e-14,6.91022397506522e-5,93,converged,gap_residual_and_feasibility
794,0.5920159165070101,IPOPT,0.01,1.0e-10,29.4950008392334,3.4790941927197028,3.4790941927197028,0.0,9.995268390738943e-9,NaN,35,INTERRUPTED,gap_and_residual
794,0.5920159165070101,MadNLP,0.01,0.01,18.099069595336914,3.479161716939221,3.4790941927197028,0.0019408563199971988,8.250344851745695e-15,NaN,24,INTERRUPTED,gap_and_residual
794,0.5920159165070101,ADMM,0.01,0.0001,391.6127681732178,3.4794257043923174,3.4790941927197028,0.009528677703187736,3.5214886562329184e-16,0.019346267531686778,32,converged,gap_callback_with_solver_termination
794,0.5920159165070101,MEL-ADMM,0.01,0.01,62.990665435791016,3.479421269672767,3.4790941927197028,0.009401210054869092,3.400058012914542e-16,0.0014854858101278831,36,converged,gap_residual_and_feasibility
794,0.5920159165070101,sMEL-ADMM,0.01,0.01,4.6055,3.4793863262926887,3.4790941927197028,0.00839682850775579,2.942091015256665e-14,6.707446567134553e-5,93,converged,gap_residual_and_feasibility
795,0.4592118616353414,IPOPT,0.01,1.0e-10,24.096012115478516,3.7342400642938105,3.7342400642938105,0.0,9.995268113183187e-9,NaN,31,INTERRUPTED,gap_and_residual
795,0.4592118616353414,MadNLP,0.01,0.01,13.674020767211914,3.7343096159384572,3.7342400642938105,0.001862538118846919,1.0130785099704553e-15,NaN,20,INTERRUPTED,gap_and_residual
795,0.4592118616353414,ADMM,0.01,0.0001,385.39600372314453,3.7346124173253417,3.7342400642938105,0.0099713201379723,3.829880856898171e-12,4.376125615040277e-5,32,converged,gap_callback_with_solver_termination
795,0.4592118616353414,MEL-ADMM,0.01,0.01,51.6202449798584,3.734613272406902,3.7342400642938105,0.009994218546898952,3.5908775952719907e-16,0.0002558411331439192,31,converged,gap_residual_and_feasibility
795,0.4592118616353414,sMEL-ADMM,0.01,0.01,4.645786,3.734573963550667,3.7342400642938105,0.00894155841905134,2.886579864025407e-14,6.891554696144501e-5,93,converged,gap_residual_and_feasibility
796,0.3865424502683664,IPOPT,0.01,1.0e-10,22.736072540283203,3.8738540265174652,3.8738540265174652,0.0,9.995268779317001e-9,NaN,29,INTERRUPTED,gap_and_residual
796,0.3865424502683664,MadNLP,0.01,0.01,14.913082122802734,3.8739756250147273,3.8738540265174652,0.0031389540346548643,8.03523914072457e-15,NaN,22,INTERRUPTED,gap_and_residual
796,0.3865424502683664,ADMM,0.01,0.0001,363.9380931854248,3.8742386038259005,3.8738540265174652,0.009927511615117514,3.2612801348363973e-16,0.002431037389064774,30,converged,gap_callback_with_solver_termination
796,0.3865424502683664,MEL-ADMM,0.01,0.01,50.949811935424805,3.874237256487578,3.8738540265174652,0.009892731308141021,3.677613769070831e-16,0.001313332718320459,30,converged,gap_residual_and_feasibility
796,0.3865424502683664,sMEL-ADMM,0.01,0.01,4.854869000000001,3.8741926108605123,3.8738540265174652,0.00874024526296858,3.019806626980426e-14,6.915011134336381e-5,93,converged,gap_residual_and_feasibility
797,0.6704662300912608,IPOPT,0.01,1.0e-10,24.192094802856445,3.3283738426968146,3.3283738426968146,0.0,9.995267891138582e-9,NaN,31,INTERRUPTED,gap_and_residual
797,0.6704662300912608,MadNLP,0.01,0.01,15.902042388916016,3.3284836729269416,3.3283738426968146,0.003299816526559891,3.469446951953614e-17,NaN,24,INTERRUPTED,gap_and_residual
797,0.6704662300912608,ADMM,0.01,0.0001,463.6495113372803,3.328670392143595,3.3283738426968146,0.008909739734654105,3.4783287361506154e-13,0.015405166592990412,38,converged,gap_callback_with_solver_termination
797,0.6704662300912608,MEL-ADMM,0.01,0.01,72.3257064819336,3.3286765039422037,3.3283738426968146,0.009093366902075642,4.0245584642661925e-16,0.0037275406928914522,41,converged,gap_residual_and_feasibility
797,0.6704662300912608,sMEL-ADMM,0.01,0.01,4.602792,3.3286221541718426,3.3283738426968146,0.007460444251863956,3.0309088572266774e-14,6.126484594699486e-5,93,converged,gap_residual_and_feasibility
798,0.40993138939884877,IPOPT,0.01,1.0e-10,26.254892349243164,3.8289187173854815,3.8289187173854815,0.0,9.99526827971664e-9,NaN,34,INTERRUPTED,gap_and_residual
798,0.40993138939884877,MadNLP,0.01,0.01,17.6088809967041,3.829039074686045,3.8289187173854815,0.003143375700748345,8.590350653037149e-15,NaN,27,INTERRUPTED,gap_and_residual
798,0.40993138939884877,ADMM,0.01,0.0001,374.62902069091797,3.829293296017317,3.8289187173854815,0.009782882831511998,3.2612801348363973e-16,0.00027728687161186066,31,converged,gap_callback_with_solver_termination
798,0.40993138939884877,MEL-ADMM,0.01,0.01,52.28900909423828,3.829296259724501,3.8289187173854815,0.009860286072542175,3.434752482434078e-16,0.00018065008305776648,31,converged,gap_residual_and_feasibility
798,0.40993138939884877,sMEL-ADMM,0.01,0.01,4.652878,3.829255542507524,3.8289187173854815,0.00879687313583348,2.964295475749168e-14,6.904971868750866e-5,93,converged,gap_residual_and_feasibility
799,0.5449035782299121,IPOPT,0.01,1.0e-10,28.86199951171875,3.5696073824202763,3.5696073824202763,0.0,9.995267724605128e-9,NaN,34,INTERRUPTED,gap_and_residual
799,0.5449035782299121,MadNLP,0.01,0.01,18.671035766601562,3.569721798591553,3.5696073824202763,0.0032052872772501454,2.7755575615628914e-17,NaN,24,INTERRUPTED,gap_and_residual
799,0.5449035782299121,ADMM,0.01,0.0001,401.3183116912842,3.5699514873452585,3.5696073824202763,0.009639853578206325,9.006517753817889e-12,0.0005515975495839487,33,converged,gap_callback_with_solver_termination
799,0.5449035782299121,MEL-ADMM,0.01,0.01,57.268381118774414,3.5699562721448626,3.5696073824202763,0.00977389631992771,3.3306690738754696e-16,0.002522411985524031,33,converged,gap_residual_and_feasibility
799,0.5449035782299121,sMEL-ADMM,0.01,0.01,4.64217,3.569925751000668,3.5696073824202763,0.008918868275527831,2.964295475749168e-14,6.911411075658479e-5,93,converged,gap_residual_and_feasibility
800,0.5756063086713493,IPOPT,0.01,1.0e-10,25.44403076171875,3.5106206675510987,3.5106206675510987,0.0,9.995268224205489e-9,NaN,33,INTERRUPTED,gap_and_residual
800,0.5756063086713493,MadNLP,0.01,0.01,14.808893203735352,3.5107340013678296,3.5106206675510987,0.003228312810281838,3.469446951953614e-17,NaN,22,INTERRUPTED,gap_and_residual
800,0.5756063086713493,ADMM,0.01,0.0001,376.95980072021484,3.510957108381551,3.5106206675510987,0.009583514207679087,3.245017102249115e-16,0.019476108190016224,31,converged,gap_callback_with_solver_termination
800,0.5756063086713493,MEL-ADMM,0.01,0.01,60.971975326538086,3.5109539915999775,3.5106206675510987,0.009494732710933271,3.382710778154774e-16,0.0014929376637605497,35,converged,gap_residual_and_feasibility
800,0.5756063086713493,sMEL-ADMM,0.01,0.01,4.646921,3.510924038370544,3.5106206675510987,0.008641515224050525,3.019806626980426e-14,6.827596465616183e-5,93,converged,gap_residual_and_feasibility
801,0.4352471987743773,IPOPT,0.01,1.0e-10,24.897098541259766,3.780281465654247,3.780281465654247,0.0,9.99526827971664e-9,NaN,32,INTERRUPTED,gap_and_residual
801,0.4352471987743773,MadNLP,0.01,0.01,15.553951263427734,3.7804005036840467,3.780281465654247,0.003148919753225577,2.7755575615628914e-17,NaN,23,INTERRUPTED,gap_and_residual
801,0.4352471987743773,ADMM,0.01,0.0001,373.9769458770752,3.780656097855618,3.780281465654247,0.009910166869171124,3.3634206531019117e-12,0.0002808442358605348,31,converged,gap_callback_with_solver_termination
801,0.4352471987743773,MEL-ADMM,0.01,0.01,52.63018608093262,3.7806588493190816,3.780281465654247,0.009982951488219554,1.1353695761329163e-12,0.00018364571987370543,31,converged,gap_residual_and_feasibility
801,0.4352471987743773,sMEL-ADMM,0.01,0.01,4.626671,3.7806168435248093,3.780281465654247,0.008871769830083398,3.019806626980426e-14,6.896344851994342e-5,93,converged,gap_residual_and_feasibility
802,0.2509744518991284,IPOPT,0.01,1.0e-10,25.61497688293457,4.134310042976392,4.134310042976392,0.0,9.995268501761245e-9,NaN,33,INTERRUPTED,gap_and_residual
802,0.2509744518991284,MadNLP,0.01,0.01,14.448881149291992,4.134470157559125,4.134310042976392,0.0038728247535476314,5.662137425588298e-15,NaN,21,INTERRUPTED,gap_and_residual
802,0.2509744518991284,ADMM,0.01,0.0001,330.46817779541016,4.134713695884962,4.134310042976392,0.009763489055570763,3.3480163086352377e-16,0.0253847253026519,26,converged,gap_callback_with_solver_termination
802,0.2509744518991284,MEL-ADMM,0.01,0.01,51.09095573425293,4.134694101993407,4.134310042976392,0.009289555283044931,4.163336342344337e-16,0.001231917058185858,30,converged,gap_residual_and_feasibility
802,0.2509744518991284,sMEL-ADMM,0.01,0.01,4.794754,4.134661664416628,4.134310042976392,0.008504960599963673,2.986499936241671e-14,6.95663277220154e-5,93,converged,gap_residual_and_feasibility
803,0.47663616395029845,IPOPT,0.01,1.0e-10,24.77097511291504,3.7007641376361753,3.7007641376361753,0.0,9.995268890339304e-9,NaN,32,INTERRUPTED,gap_and_residual
803,0.47663616395029845,MadNLP,0.01,0.01,14.400005340576172,3.700881243476493,3.7007641376361753,0.003164369194102875,3.469446951953614e-17,NaN,21,INTERRUPTED,gap_and_residual
803,0.47663616395029845,ADMM,0.01,0.0001,375.25057792663574,3.701133997342935,3.7007641376361753,0.009994144263294424,3.191891195797325e-16,1.8418106455943967e-5,31,converged,gap_callback_with_solver_termination
803,0.47663616395029845,MEL-ADMM,0.01,0.01,53.101301193237305,3.7011329638371215,3.7007641376361753,0.009966217441293957,5.197620112085133e-12,0.00045713211810536475,31,converged,gap_residual_and_feasibility
803,0.47663616395029845,sMEL-ADMM,0.01,0.01,4.773035999999999,3.7010963982457272,3.7007641376361753,0.008978162271215846,3.0309088572266774e-14,6.890809972510698e-5,93,converged,gap_residual_and_feasibility
804,0.26960592287016333,IPOPT,0.01,1.0e-10,71.18082046508789,4.0985148791598816,4.0985148791598816,0.0,9.995268668294699e-9,NaN,79,INTERRUPTED,gap_and_residual
804,0.26960592287016333,MadNLP,0.01,0.01,26.787996292114258,4.098646603865083,4.0985148791598816,0.0032139618638712146,1.2462253451417382e-14,NaN,34,INTERRUPTED,gap_and_residual
804,0.26960592287016333,ADMM,0.01,0.0001,326.5254497528076,4.0989185320453165,4.0985148791598816,0.009848759790710359,3.2612801348363973e-16,0.02538472529141455,26,converged,gap_callback_with_solver_termination
804,0.26960592287016333,MEL-ADMM,0.01,0.01,50.88233947753906,4.098898740994795,4.0985148791598816,0.00936587632912772,3.0010716134398763e-16,0.0012319171376076639,30,converged,gap_residual_and_feasibility
804,0.26960592287016333,sMEL-ADMM,0.01,0.01,4.6677919999999995,4.098865369026567,4.0985148791598816,0.008551630944838982,2.8976820942716586e-14,6.95392482426456e-5,93,converged,gap_residual_and_feasibility
805,0.5130420454795059,IPOPT,0.01,1.0e-10,25.57206153869629,3.630820412031043,3.630820412031043,0.0,9.995267558071674e-9,NaN,33,INTERRUPTED,gap_and_residual
805,0.5130420454795059,MadNLP,0.01,0.01,14.806985855102539,3.630936026227087,3.630820412031043,0.003184244411009469,6.7931771319251766e-15,NaN,22,INTERRUPTED,gap_and_residual
805,0.5130420454795059,ADMM,0.01,0.0001,386.4011764526367,3.6311759556499705,3.630820412031043,0.009792376889515356,3.400058012914542e-16,0.0013587073005728242,32,converged,gap_callback_with_solver_termination
805,0.5130420454795059,MEL-ADMM,0.01,0.01,53.817033767700195,3.631176919170561,3.630820412031043,0.009818914158812175,3.821387650759789e-13,0.001008626472798535,32,converged,gap_residual_and_feasibility
805,0.5130420454795059,sMEL-ADMM,0.01,0.01,4.999746999999999,3.6311469190862455,3.630820412031043,0.008992652297553213,2.9976021664879227e-14,6.903950232317602e-5,93,converged,gap_residual_and_feasibility
806,0.6696953093600115,IPOPT,0.01,1.0e-10,29.664993286132812,3.3298549514030165,3.3298549514030165,0.0,9.995268335227792e-9,NaN,36,INTERRUPTED,gap_and_residual
806,0.6696953093600115,MadNLP,0.01,0.01,20.19810676574707,3.329964817668276,3.3298549514030165,0.003299430962101518,3.469446951953614e-17,NaN,28,INTERRUPTED,gap_and_residual
806,0.6696953093600115,ADMM,0.01,0.0001,451.4811038970947,3.3301845937288697,3.3298549514030165,0.009899600152682434,6.249334383312544e-12,0.015518890289751407,37,converged,gap_callback_with_solver_termination
806,0.6696953093600115,MEL-ADMM,0.01,0.01,72.08514213562012,3.330156917093983,3.3298549514030165,0.009068433771849455,3.5388358909926865e-16,0.0034643092226087184,41,converged,gap_residual_and_feasibility
806,0.6696953093600115,sMEL-ADMM,0.01,0.01,4.612582,3.3301035306329565,3.3298549514030165,0.007465166908705753,3.042011087472929e-14,6.126485301531995e-5,93,converged,gap_residual_and_feasibility
807,0.36068637547291343,IPOPT,0.01,1.0e-10,23.47588539123535,3.9235292472443026,3.9235292472443026,0.0,9.995268446250094e-9,NaN,30,INTERRUPTED,gap_and_residual
807,0.36068637547291343,MadNLP,0.01,0.01,14.829158782958984,3.9236045428583286,3.9235292472443026,0.0019190786988234115,6.4254157550180935e-15,NaN,22,INTERRUPTED,gap_and_residual
807,0.36068637547291343,ADMM,0.01,0.0001,363.6798858642578,3.923913643728313,3.9235292472443026,0.009797212147212447,5.962230709144478e-12,0.0023993167114805466,30,converged,gap_callback_with_solver_termination
807,0.36068637547291343,MEL-ADMM,0.01,0.01,51.795244216918945,3.9239125768043075,3.9235292472443026,0.009770019180412528,4.475586568020162e-16,0.0012929538317045797,30,converged,gap_residual_and_feasibility
807,0.36068637547291343,sMEL-ADMM,0.01,0.01,5.01962,3.9238700134863915,3.9235292472443026,0.008685196939164773,2.9753977059954195e-14,6.925528914423183e-5,93,converged,gap_residual_and_feasibility
808,0.42420790565598226,IPOPT,0.01,1.0e-10,24.86705780029297,3.801490381805009,3.801490381805009,0.0,9.995269112383909e-9,NaN,32,INTERRUPTED,gap_and_residual
808,0.42420790565598226,MadNLP,0.01,0.01,14.464855194091797,3.801609990370323,3.801490381805009,0.0031463598036806815,3.469446951953614e-17,NaN,21,INTERRUPTED,gap_and_residual
808,0.42420790565598226,ADMM,0.01,0.0001,374.0658760070801,3.801864935043754,3.801490381805009,0.00985279985285846,1.4730439090726577e-12,0.00027919808408686034,31,converged,gap_callback_with_solver_termination
808,0.42420790565598226,MEL-ADMM,0.01,0.01,52.008628845214844,3.8018678227483296,3.801490381805009,0.009928762285626455,3.212319299450428e-12,0.0001823398351010752,31,converged,gap_residual_and_feasibility
808,0.42420790565598226,sMEL-ADMM,0.01,0.01,4.6631279999999995,3.801826321500182,3.801490381805009,0.008837052351385207,2.930988785010413e-14,6.899695886876129e-5,93,converged,gap_residual_and_feasibility
809,0.40838176193067194,IPOPT,0.01,1.0e-10,23.263931274414062,3.8318958934315384,3.8318958934315384,0.0,9.995267669093977e-9,NaN,30,INTERRUPTED,gap_and_residual
809,0.40838176193067194,MadNLP,0.01,0.01,15.268802642822266,3.8320163325544647,3.8318958934315384,0.0031430687648068612,7.28583859910259e-15,NaN,23,INTERRUPTED,gap_and_residual
809,0.40838176193067194,ADMM,0.01,0.0001,374.35269355773926,3.832270474339824,3.8318958934315384,0.009775341468119807,3.698208406177628e-12,0.00027707476839459663,31,converged,gap_callback_with_solver_termination
809,0.40838176193067194,MEL-ADMM,0.01,0.01,50.87089538574219,3.8322790713054227,3.8318958934315384,0.009999694264688575,3.4867941867133823e-16,0.0013305159219074054,30,converged,gap_residual_and_feasibility
809,0.40838176193067194,sMEL-ADMM,0.01,0.01,4.576836,3.832232821539305,3.8318958934315384,0.008792726032669073,2.853273173286652e-14,6.905595079620321e-5,93,converged,gap_residual_and_feasibility
810,0.4341957525283303,IPOPT,0.01,1.0e-10,24.80912208557129,3.7823015257278643,3.7823015257278643,0.0,9.995268390738943e-9,NaN,32,INTERRUPTED,gap_and_residual
810,0.4341957525283303,MadNLP,0.01,0.01,14.97197151184082,3.782420617724279,3.7823015257278643,0.0031486647905938857,2.7755575615628914e-17,NaN,22,INTERRUPTED,gap_and_residual
810,0.4341957525283303,ADMM,0.01,0.0001,372.04575538635254,3.7826762474002105,3.7823015257278643,0.009907239541778462,8.820610908344406e-12,0.00028071024644642575,31,converged,gap_callback_with_solver_termination
810,0.4341957525283303,MEL-ADMM,0.01,0.01,52.463531494140625,3.7826789135786996,3.7823015257278643,0.009977730444498964,4.0245584642661925e-16,0.00018352125560803026,31,converged,gap_residual_and_feasibility
810,0.4341957525283303,sMEL-ADMM,0.01,0.01,4.736755,3.7826369522101935,3.7823015257278643,0.008868316818412695,2.9531932455029164e-14,6.896632083966923e-5,93,converged,gap_residual_and_feasibility
811,0.325309333297812,IPOPT,0.01,1.0e-10,24.713993072509766,3.9914963455998302,3.9914963455998302,0.0,9.99526827971664e-9,NaN,30,INTERRUPTED,gap_and_residual
811,0.325309333297812,MadNLP,0.01,0.01,16.87002182006836,3.991621685694328,3.9914963455998302,0.0031401781097903023,6.727257639838058e-15,NaN,23,INTERRUPTED,gap_and_residual
811,0.325309333297812,ADMM,0.01,0.0001,364.2313480377197,3.9918804748029566,3.9914963455998302,0.009623689209932975,3.3980041003189854e-12,0.0023548449613149808,30,converged,gap_callback_with_solver_termination
811,0.325309333297812,MEL-ADMM,0.01,0.01,50.729990005493164,3.991879847899228,3.9914963455998302,0.00960798322715848,4.649058915617843e-16,0.00126504125569522,30,converged,gap_residual_and_feasibility
811,0.325309333297812,sMEL-ADMM,0.01,0.01,4.686417,3.991841200829828,3.9914963455998302,0.008639748107943851,2.9976021664879227e-14,6.939106775362067e-5,93,converged,gap_residual_and_feasibility
812,0.6432181893290159,IPOPT,0.01,1.0e-10,35.407066345214844,3.380723336962548,3.380723336962548,0.0,9.995269278917362e-9,NaN,39,INTERRUPTED,gap_and_residual
812,0.6432181893290159,MadNLP,0.01,0.01,25.574922561645508,3.3808343234811833,3.380723336962548,0.0032829222498644392,3.469446951953614e-17,NaN,33,INTERRUPTED,gap_and_residual
812,0.6432181893290159,ADMM,0.01,0.0001,427.6423454284668,3.381051389405284,3.380723336962548,0.009703616949347306,2.4275026433429048e-12,0.016640050272454517,35,converged,gap_callback_with_solver_termination
812,0.6432181893290159,MEL-ADMM,0.01,0.01,67.8870677947998,3.381034405944202,3.380723336962548,0.009201255194505225,3.608224830031759e-16,0.0030152761871913517,39,converged,gap_residual_and_feasibility
812,0.6432181893290159,sMEL-ADMM,0.01,0.01,4.817336999999999,3.380983440386883,3.380723336962548,0.007693721088958975,2.919886554764162e-14,6.126505317039996e-5,93,converged,gap_residual_and_feasibility
813,0.5144698159295191,IPOPT,0.01,1.0e-10,25.53081512451172,3.628077350185313,3.628077350185313,0.0,9.995268890339304e-9,NaN,33,INTERRUPTED,gap_and_residual
813,0.5144698159295191,MadNLP,0.01,0.01,14.928102493286133,3.628192908639832,3.628077350185313,0.0031851155134070587,3.122502256758253e-17,NaN,22,INTERRUPTED,gap_and_residual
813,0.5144698159295191,ADMM,0.01,0.0001,386.62099838256836,3.6284324190293145,3.628077350185313,0.009786694431510886,3.677613769070831e-16,0.001572430639010889,32,converged,gap_callback_with_solver_termination
813,0.5144698159295191,MEL-ADMM,0.01,0.01,54.07977104187012,3.6284335498504228,3.628077350185313,0.009817863036784712,3.400058012914542e-16,0.0011354957200636166,32,converged,gap_residual_and_feasibility
813,0.5144698159295191,sMEL-ADMM,0.01,0.01,4.824962,3.628403536084332,3.628077350185313,0.00899059935980844,2.930988785010413e-14,6.904630166336672e-5,93,converged,gap_residual_and_feasibility
814,0.37176030891354517,IPOPT,0.01,1.0e-10,22.716999053955078,3.9022537793966303,3.9022537793966303,0.0,9.99526733602707e-9,NaN,29,INTERRUPTED,gap_and_residual
814,0.37176030891354517,MadNLP,0.01,0.01,14.997005462646484,3.90237617587084,3.9022537793966303,0.0031365585410123085,7.33441085642994e-15,NaN,22,INTERRUPTED,gap_and_residual
814,0.37176030891354517,ADMM,0.01,0.0001,363.13486099243164,3.9026382320939343,3.9022537793966303,0.009852068036525082,4.9358517273390135e-11,0.0024131194108848973,30,converged,gap_callback_with_solver_termination
814,0.37176030891354517,MEL-ADMM,0.01,0.01,51.87416076660156,3.902637061733448,3.9022537793966303,0.009822076125376668,3.400058012914542e-16,0.0013016856563091012,30,converged,gap_residual_and_feasibility
814,0.37176030891354517,sMEL-ADMM,0.01,0.01,4.8848720000000005,3.9025935614660283,3.9022537793966303,0.008707328856775056,2.842170943040401e-14,6.92111559461037e-5,93,converged,gap_residual_and_feasibility
815,0.47522009657838127,IPOPT,0.01,1.0e-10,24.8260498046875,3.7034847152884534,3.7034847152884534,0.0,9.995268057672035e-9,NaN,32,INTERRUPTED,gap_and_residual
815,0.47522009657838127,MadNLP,0.01,0.01,14.343023300170898,3.703601881840694,3.7034847152884534,0.0031636839692393537,3.122502256758253e-17,NaN,21,INTERRUPTED,gap_and_residual
815,0.47522009657838127,ADMM,0.01,0.0001,375.43582916259766,3.703854935330968,3.7034847152884534,0.009996532211576842,1.7214007996813052e-12,0.00011527583487998261,31,converged,gap_callback_with_solver_termination
815,0.47522009657838127,MEL-ADMM,0.01,0.01,52.76155471801758,3.703853897953951,3.7034847152884534,0.009968521375919972,4.371503159461554e-16,0.0004367234036672281,31,converged,gap_residual_and_feasibility
815,0.47522009657838127,sMEL-ADMM,0.01,0.01,4.73246,3.7038171273847897,3.7034847152884534,0.008975657303624025,2.9531932455029164e-14,6.89076531969696e-5,93,converged,gap_residual_and_feasibility
816,0.3398986969607681,IPOPT,0.01,1.0e-10,33.22792053222656,3.9634669611725872,3.9634669611725872,0.0,9.995267891138582e-9,NaN,40,INTERRUPTED,gap_and_residual
816,0.3398986969607681,MadNLP,0.01,0.01,22.68695831298828,3.963591035909257,3.9634669611725872,0.0031304597183534335,8.049116928532385e-15,NaN,31,INTERRUPTED,gap_and_residual
816,0.3398986969607681,ADMM,0.01,0.0001,363.47174644470215,3.963851198409493,3.9634669611725872,0.009694473062844444,3.68066688238855e-12,0.0023733765447440207,30,converged,gap_callback_with_solver_termination
816,0.3398986969607681,MEL-ADMM,0.01,0.01,51.793813705444336,3.9638503899632624,3.9634669611725872,0.009674075611867191,4.85722573273506e-16,0.0012765490349639017,30,converged,gap_residual_and_feasibility
816,0.3398986969607681,sMEL-ADMM,0.01,0.01,4.824542,3.9638100337840942,3.9634669611725872,0.008655871611088536,2.881028748902281e-14,6.93381314671327e-5,93,converged,gap_residual_and_feasibility
817,0.46807464644178676,IPOPT,0.01,1.0e-10,24.76787567138672,3.7172127005118885,3.7172127005118885,0.0,9.995268834828153e-9,NaN,32,INTERRUPTED,gap_and_residual
817,0.46807464644178676,MadNLP,0.01,0.01,13.684988021850586,3.7172819218814577,3.7172127005118885,0.0018621847913003324,7.355227538141662e-16,NaN,20,INTERRUPTED,gap_and_residual
817,0.46807464644178676,ADMM,0.01,0.0001,372.5168704986572,3.717584300143021,3.7172127005118885,0.009996727684737392,3.885780586188048e-16,0.0004288870006167664,31,converged,gap_callback_with_solver_termination
817,0.46807464644178676,MEL-ADMM,0.01,0.01,52.14834213256836,3.7175836221306042,3.7172127005118885,0.009978487877884702,6.452671730272641e-12,0.00034491896828534735,31,converged,gap_residual_and_feasibility
817,0.46807464644178676,sMEL-ADMM,0.01,0.01,4.642081,3.717545816916017,3.7172127005118885,0.008961456633423275,3.042011087472929e-14,6.890798159771023e-5,93,converged,gap_residual_and_feasibility
818,0.25538314162508097,IPOPT,0.01,1.0e-10,25.446176528930664,4.125839977934216,4.125839977934216,0.0,9.99526827971664e-9,NaN,33,INTERRUPTED,gap_and_residual
818,0.25538314162508097,MadNLP,0.01,0.01,19.145965576171875,4.125996341565694,4.125839977934216,0.003789861756967825,7.547781843975088e-15,NaN,30,INTERRUPTED,gap_and_residual
818,0.25538314162508097,ADMM,0.01,0.0001,330.62243461608887,4.126243630834594,4.125839977934216,0.009783532626968242,3.3306690738754696e-16,0.025384725305463596,26,converged,gap_callback_with_solver_termination
818,0.25538314162508097,MEL-ADMM,0.01,0.01,50.92215538024902,4.126223991178444,4.125839977934216,0.00930751668220796,4.510281037539698e-16,0.0012319168215406684,30,converged,gap_residual_and_feasibility
818,0.25538314162508097,sMEL-ADMM,0.01,0.01,4.896293,4.126191365437684,4.125839977934216,0.008516750657975978,2.8976820942716586e-14,6.95608511287471e-5,93,converged,gap_residual_and_feasibility
819,0.5152937293381158,IPOPT,0.01,1.0e-10,25.536060333251953,3.6264944308614973,3.6264944308614973,0.0,9.995267502560523e-9,NaN,33,INTERRUPTED,gap_and_residual
819,0.5152937293381158,MadNLP,0.01,0.01,14.867067337036133,3.626609957242563,3.6264944308614973,0.0031856213560622912,3.122502256758253e-17,NaN,22,INTERRUPTED,gap_and_residual
819,0.5152937293381158,ADMM,0.01,0.0001,387.1021270751953,3.626849250493572,3.6264944308614973,0.009784094222104,3.608224830031759e-16,0.0016954682897792235,32,converged,gap_callback_with_solver_termination
819,0.5152937293381158,MEL-ADMM,0.01,0.01,53.98130416870117,3.6268504843157228,3.6264944308614973,0.009818116669241116,4.510281037539698e-16,0.0012151737150177602,32,converged,gap_residual_and_feasibility
819,0.5152937293381158,sMEL-ADMM,0.01,0.01,4.852586,3.626820436034524,3.6264944308614973,0.00898954015349963,2.9976021664879227e-14,6.904999295196355e-5,93,converged,gap_residual_and_feasibility
820,0.2696641077471604,IPOPT,0.01,1.0e-10,54.16107177734375,4.098403093181894,4.098403093181894,0.0,9.995267447049372e-9,NaN,58,INTERRUPTED,gap_and_residual
820,0.2696641077471604,MadNLP,0.01,0.01,26.81589126586914,4.098534761859118,4.098403093181894,0.003212682457772816,8.933825901280557e-15,NaN,34,INTERRUPTED,gap_and_residual
820,0.2696641077471604,ADMM,0.01,0.0001,325.3490924835205,4.098806746063696,4.098403093181894,0.009849028331863182,3.608224830031759e-16,0.02538472528883101,26,converged,gap_callback_with_solver_termination
820,0.2696641077471604,MEL-ADMM,0.01,0.01,50.83942413330078,4.098786954389478,4.098403093181894,0.009366116481375515,3.608224830031759e-16,0.0012319171308166517,30,converged,gap_residual_and_feasibility
820,0.2696641077471604,sMEL-ADMM,0.01,0.01,4.849206,4.098753578893997,4.098403093181894,0.008551762824054052,2.8754776337791554e-14,6.953914665936908e-5,93,converged,gap_residual_and_feasibility
821,0.3311873671817632,IPOPT,0.01,1.0e-10,31.305789947509766,3.9802033464522415,3.9802033464522415,0.0,9.995268113183187e-9,NaN,39,INTERRUPTED,gap_and_residual
821,0.3311873671817632,MadNLP,0.01,0.01,22.047042846679688,3.9803276560586447,3.9802033464522415,0.0031231973741743134,7.886052921790565e-15,NaN,31,INTERRUPTED,gap_and_residual
821,0.3311873671817632,ADMM,0.01,0.0001,363.131046295166,3.9805875195181835,3.9802033464522415,0.009652096450911102,3.8510861166685117e-16,0.002362333714448585,30,converged,gap_callback_with_solver_termination
821,0.3311873671817632,MEL-ADMM,0.01,0.01,51.325082778930664,3.9805868186191216,3.9802033464522415,0.009634486821430102,6.863398738232718e-13,0.0012696793300446957,30,converged,gap_residual_and_feasibility
821,0.3311873671817632,sMEL-ADMM,0.01,0.01,4.628248,3.9805474859395,3.9802033464522415,0.008646279029061654,2.886579864025407e-14,6.937034680479844e-5,93,converged,gap_residual_and_feasibility
822,0.4385918001429886,IPOPT,0.01,1.0e-10,24.038076400756836,3.773855748968962,3.773855748968962,0.0,9.995269001361606e-9,NaN,31,INTERRUPTED,gap_and_residual
822,0.4385918001429886,MadNLP,0.01,0.01,14.667034149169922,3.77397461580318,3.773855748968962,0.0031497450386193553,7.696100701171105e-15,NaN,22,INTERRUPTED,gap_and_residual
822,0.4385918001429886,ADMM,0.01,0.0001,374.3593692779541,3.774230197267951,3.773855748968962,0.009922167774727948,1.9301227283108346e-12,0.00028078028114045944,31,converged,gap_callback_with_solver_termination
822,0.4385918001429886,MEL-ADMM,0.01,0.01,52.97136306762695,3.7742331207247677,3.773855748968962,0.009999633820361165,4.3021142204224816e-16,0.00018404142778345386,31,converged,gap_residual_and_feasibility
822,0.4385918001429886,sMEL-ADMM,0.01,0.01,4.766122999999999,3.7741909765155777,3.773855748968962,0.008882892429237925,2.864375403532904e-14,6.895471496634002e-5,93,converged,gap_residual_and_feasibility
823,0.25404131374429045,IPOPT,0.01,1.0e-10,27.455806732177734,4.128417925154863,4.128417925154863,0.0,9.995267891138582e-9,NaN,35,INTERRUPTED,gap_and_residual
823,0.25404131374429045,MadNLP,0.01,0.01,19.82402801513672,4.1285754301215745,4.128417925154863,0.0038151410435471587,6.303985111699717e-15,NaN,31,INTERRUPTED,gap_and_residual
823,0.25404131374429045,ADMM,0.01,0.0001,329.73241806030273,4.128821578067235,4.128417925154863,0.009777423693300173,3.885780586188048e-16,0.02538472530423396,26,converged,gap_callback_with_solver_termination
823,0.25404131374429045,MEL-ADMM,0.01,0.01,50.978899002075195,4.128801952449627,4.128417925154863,0.009302045038227595,3.5388358909926865e-16,0.0012319167872265162,30,converged,gap_residual_and_feasibility
823,0.25404131374429045,sMEL-ADMM,0.01,0.01,4.772201,4.128769385222995,4.128417925154863,0.008513190149446025,2.9531932455029164e-14,6.956255576145987e-5,93,converged,gap_residual_and_feasibility
824,0.4618453832330752,IPOPT,0.01,1.0e-10,24.13010597229004,3.729180488635429,3.729180488635429,0.0,9.995267447049372e-9,NaN,31,INTERRUPTED,gap_and_residual
824,0.4618453832330752,MadNLP,0.01,0.01,13.480186462402344,3.7292499402702686,3.729180488635429,0.0018623833051598156,9.534040223968532e-15,NaN,20,INTERRUPTED,gap_and_residual
824,0.4618453832330752,ADMM,0.01,0.0001,385.5316638946533,3.729552110093188,3.729180488635429,0.00996523120539315,3.608224830031759e-16,4.569201358971611e-5,32,converged,gap_callback_with_solver_termination
824,0.4618453832330752,MEL-ADMM,0.01,0.01,51.177978515625,3.7295529922844572,3.729180488635429,0.00998888764337081,3.809563775547531e-12,0.0002797784313770986,31,converged,gap_residual_and_feasibility
824,0.4618453832330752,sMEL-ADMM,0.01,0.01,4.792127,3.7295141667300653,3.729180488635429,0.008947759317448772,2.864375403532904e-14,6.891254471552699e-5,93,converged,gap_residual_and_feasibility
825,0.46902326278143125,IPOPT,0.01,1.0e-10,24.823904037475586,3.715390199361589,3.715390199361589,0.0,9.995268335227792e-9,NaN,32,INTERRUPTED,gap_and_residual
825,0.46902326278143125,MadNLP,0.01,0.01,13.627052307128906,3.7154593864559793,3.715390199361589,0.0018621757252297686,7.013487013374231e-15,NaN,20,INTERRUPTED,gap_and_residual
825,0.46902326278143125,ADMM,0.01,0.0001,374.70269203186035,3.7157616333598837,3.715390199361589,0.009997173334804989,4.163336342344337e-16,0.0004175951825522439,31,converged,gap_callback_with_solver_termination
825,0.46902326278143125,MEL-ADMM,0.01,0.01,52.24323272705078,3.7157608856200306,3.715390199361589,0.009977047861758447,3.5735303605122226e-16,0.00035597713764114886,31,converged,gap_residual_and_feasibility
825,0.46902326278143125,sMEL-ADMM,0.01,0.01,4.621629,3.7157232272313125,3.715390199361589,0.008963469564530757,2.8976820942716586e-14,6.890767558017687e-5,93,converged,gap_residual_and_feasibility
826,0.5412069703432272,IPOPT,0.01,1.0e-10,25.487899780273438,3.5767093812412263,3.5767093812412263,0.0,9.995267558071674e-9,NaN,33,INTERRUPTED,gap_and_residual
826,0.5412069703432272,MadNLP,0.01,0.01,14.655828475952148,3.5768239319915973,3.5767093812412263,0.003202685434042213,7.931155732165962e-15,NaN,22,INTERRUPTED,gap_and_residual
826,0.5412069703432272,ADMM,0.01,0.0001,401.3488292694092,3.5770550007039947,3.5767093812412263,0.009663056903116727,3.7470027081099033e-16,0.002411887611086183,33,converged,gap_callback_with_solver_termination
826,0.5412069703432272,MEL-ADMM,0.01,0.01,57.13534355163574,3.577057085840431,3.5767093812412263,0.00972135452291605,3.5735303605122226e-16,0.0018806591717572575,33,converged,gap_residual_and_feasibility
826,0.5412069703432272,sMEL-ADMM,0.01,0.01,4.662876,3.577028809622376,3.5767093812412263,0.008930789368159208,3.086420008457935e-14,6.91073376907882e-5,93,converged,gap_residual_and_feasibility
827,0.4404675768035045,IPOPT,0.01,1.0e-10,27.93097496032715,3.7702519684112974,3.7702519684112974,0.0,9.995267113982464e-9,NaN,36,INTERRUPTED,gap_and_residual
827,0.4404675768035045,MadNLP,0.01,0.01,18.431901931762695,3.770370529545435,3.7702519684112974,0.0031446474965279177,6.4080685202583254e-15,NaN,28,INTERRUPTED,gap_and_residual
827,0.4404675768035045,ADMM,0.01,0.0001,374.1447925567627,3.7706262516976135,3.7702519684112974,0.009927275138424558,1.997568777056813e-12,0.0002805151083662624,31,converged,gap_callback_with_solver_termination
827,0.4404675768035045,MEL-ADMM,0.01,0.01,54.92281913757324,3.7706289845322836,3.7702519684112974,0.009999759277230475,3.3306690738754696e-16,2.4973511303483242e-5,32,converged,gap_residual_and_feasibility
827,0.4404675768035045,sMEL-ADMM,0.01,0.01,4.908209,3.770587113452962,3.7702519684112974,0.008889194793150012,2.919886554764162e-14,6.89500036824657e-5,93,converged,gap_residual_and_feasibility
828,0.25001057643783886,IPOPT,0.01,1.0e-10,25.554180145263672,4.136161860263876,4.136161860263876,0.0,9.99526827971664e-9,NaN,33,INTERRUPTED,gap_and_residual
828,0.25001057643783886,MadNLP,0.01,0.01,14.367818832397461,4.136322791582597,4.136161860263876,0.0038908370648411315,8.642392357316453e-15,NaN,21,INTERRUPTED,gap_and_residual
828,0.25001057643783886,ADMM,0.01,0.0001,329.6973705291748,4.136565513171413,4.136161860263876,0.009759117780549036,3.608224830031759e-16,0.025384725301404978,26,converged,gap_callback_with_solver_termination
828,0.25001057643783886,MEL-ADMM,0.01,0.01,50.84800720214844,4.136545929266077,4.136161860263876,0.009285637631627106,3.191891195797325e-16,0.0012319170293825892,30,converged,gap_residual_and_feasibility
828,0.25001057643783886,sMEL-ADMM,0.01,0.01,7.124791999999999,4.1365135274303855,4.136161860263876,0.008502258334913675,2.942091015256665e-14,6.956739975330119e-5,93,converged,gap_residual_and_feasibility
829,0.321131180686424,IPOPT,0.01,1.0e-10,29.88600730895996,3.9995234980134513,3.9995234980134513,0.0,9.995268057672035e-9,NaN,35,INTERRUPTED,gap_and_residual
829,0.321131180686424,MadNLP,0.01,0.01,21.56686782836914,3.9996086897601066,3.9995234980134513,0.0021300474093388267,8.368306048112117e-15,NaN,28,INTERRUPTED,gap_and_residual
829,0.321131180686424,ADMM,0.01,0.0001,363.97457122802734,3.9999075961429127,3.9995234980134513,0.009603597269828908,3.0854208077357725e-12,0.0023495039174643434,30,converged,gap_callback_with_solver_termination
829,0.321131180686424,MEL-ADMM,0.01,0.01,50.652265548706055,3.9999070214554324,3.9995234980134513,0.009589228371119954,3.226585665316861e-16,0.0012617438940100804,30,converged,gap_residual_and_feasibility
829,0.321131180686424,sMEL-ADMM,0.01,0.01,4.634757,3.9998688612704822,3.9995234980134513,0.008635110087551185,3.008704396734174e-14,6.940550049957476e-5,93,converged,gap_residual_and_feasibility
830,0.6085331023972673,IPOPT,0.01,1.0e-10,26.424884796142578,3.447361036725378,3.447361036725378,0.0,9.99526827971664e-9,NaN,31,INTERRUPTED,gap_and_residual
830,0.6085331023972673,MadNLP,0.01,0.01,17.822980880737305,3.447428905427567,3.447361036725378,0.0019687146621972917,1.0949574580365606e-14,NaN,24,INTERRUPTED,gap_and_residual
830,0.6085331023972673,ADMM,0.01,0.0001,403.5625457763672,3.447691809632939,3.447361036725378,0.00959495985587875,4.0245584642661925e-16,0.019242589169756758,33,converged,gap_callback_with_solver_termination
830,0.6085331023972673,MEL-ADMM,0.01,0.01,64.41998481750488,3.447682096959592,3.447361036725378,0.009313217582763112,4.163336342344337e-16,0.0016353604198191748,37,converged,gap_residual_and_feasibility
830,0.6085331023972673,sMEL-ADMM,0.01,0.01,4.6609169999999995,3.447642789909613,3.447361036725378,0.00817301063721395,2.930988785010413e-14,6.563202187550611e-5,93,converged,gap_residual_and_feasibility
831,0.7044537829217756,IPOPT,0.01,1.0e-10,24.92213249206543,3.2630762597427965,3.2630762597427965,0.0,9.995267891138582e-9,NaN,32,INTERRUPTED,gap_and_residual
831,0.7044537829217756,MadNLP,0.01,0.01,14.072179794311523,3.263153016718064,3.2630762597427965,0.002352288734844728,1.124100812432971e-15,NaN,21,INTERRUPTED,gap_and_residual
831,0.7044537829217756,ADMM,0.01,0.0001,494.8141574859619,3.2633615344788405,3.2630762597427965,0.008742509011005817,1.0531020500081922e-12,0.014323894490528958,41,converged,gap_callback_with_solver_termination
831,0.7044537829217756,MEL-ADMM,0.01,0.01,73.46415519714355,3.263366881489369,3.2630762597427965,0.008906373110491753,3.469446951953614e-16,0.00427861775052487,44,converged,gap_residual_and_feasibility
831,0.7044537829217756,sMEL-ADMM,0.01,0.01,4.6541250000000005,3.2633154552540926,3.2630762597427965,0.0073303684087051,2.919886554764162e-14,7.689512266892927e-5,93,converged,gap_residual_and_feasibility
832,0.4226938786432334,IPOPT,0.01,1.0e-10,24.774789810180664,3.8043991615265917,3.8043991615265917,0.0,9.99526872380585e-9,NaN,32,INTERRUPTED,gap_and_residual
832,0.4226938786432334,MadNLP,0.01,0.01,14.40286636352539,3.8045188489613957,3.8043991615265917,0.003146027262710337,2.7755575615628914e-17,NaN,21,INTERRUPTED,gap_and_residual
832,0.4226938786432334,ADMM,0.01,0.0001,373.26741218566895,3.8047737183726897,3.8043991615265917,0.009845361388096219,3.5908775952719907e-16,0.0002789989072991307,31,converged,gap_callback_with_solver_termination
832,0.4226938786432334,MEL-ADMM,0.01,0.01,51.62835121154785,3.8047766121094435,3.8043991615265917,0.009921424299239636,2.742805982336449e-13,0.00018216062220606163,31,converged,gap_residual_and_feasibility
832,0.4226938786432334,sMEL-ADMM,0.01,0.01,4.815708,3.80473518749024,3.8043991615265917,0.008832563287434309,3.0309088572266774e-14,6.900211876051995e-5,93,converged,gap_residual_and_feasibility
833,0.5626021766985969,IPOPT,0.01,1.0e-10,29.285907745361328,3.535604472371358,3.535604472371358,0.0,9.99526778011628e-9,NaN,34,INTERRUPTED,gap_and_residual
833,0.5626021766985969,MadNLP,0.01,0.01,19.260883331298828,3.5356717881954243,3.535604472371358,0.0019039410259853132,8.271161533457416e-15,NaN,23,INTERRUPTED,gap_and_residual
833,0.5626021766985969,ADMM,0.01,0.0001,413.358211517334,3.5359405501843892,3.535604472371358,0.009505526301294994,5.219658039123942e-12,0.001032211511368876,34,converged,gap_callback_with_solver_termination
833,0.5626021766985969,MEL-ADMM,0.01,0.01,59.56768989562988,3.53594509798713,3.535604472371358,0.009634155020263872,3.5041414214731503e-16,0.0022643514314165235,34,converged,gap_residual_and_feasibility
833,0.5626021766985969,sMEL-ADMM,0.01,0.01,4.624295,3.5359162263033856,3.535604472371358,0.008817556784521475,3.0309088572266774e-14,6.894143891453871e-5,93,converged,gap_residual_and_feasibility
834,0.309297311377678,IPOPT,0.01,1.0e-10,33.52499008178711,4.022258970223166,4.022258970223166,0.0,9.995268002160884e-9,NaN,40,INTERRUPTED,gap_and_residual
834,0.309297311377678,MadNLP,0.01,0.01,22.014856338500977,4.022388036903431,4.022258970223166,0.003208810800612673,9.442533560610755e-15,NaN,31,INTERRUPTED,gap_and_residual
834,0.309297311377678,ADMM,0.01,0.0001,365.3445243835449,4.022642979678698,4.022258970223166,0.009547109183559985,7.398304191497118e-12,0.00233427158738065,30,converged,gap_callback_with_solver_termination
834,0.309297311377678,MEL-ADMM,0.01,0.01,50.97174644470215,4.022642553888436,4.022258970223166,0.009536523334519537,3.3306690738754696e-16,0.0012524073615869588,30,converged,gap_residual_and_feasibility
834,0.309297311377678,sMEL-ADMM,0.01,0.01,4.691376,4.022605722929479,4.022258970223166,0.008620844875496447,3.0309088572266774e-14,6.944434611844217e-5,93,converged,gap_residual_and_feasibility
835,0.3824144407465508,IPOPT,0.01,1.0e-10,22.78590202331543,3.8817848429998945,3.8817848429998945,0.0,9.995268446250094e-9,NaN,29,INTERRUPTED,gap_and_residual
835,0.3824144407465508,MadNLP,0.01,0.01,14.948129653930664,3.8819066648225533,3.8817848429998945,0.0031382940473513306,6.539907504432563e-15,NaN,22,INTERRUPTED,gap_and_residual
835,0.3824144407465508,ADMM,0.01,0.0001,363.5392189025879,3.8821693908772437,3.8817848429998945,0.009906470680431182,1.6331602736840978e-11,0.0024259284942762215,30,converged,gap_callback_with_solver_termination
835,0.3824144407465508,MEL-ADMM,0.01,0.01,51.25570297241211,3.882168086431678,3.8817848429998945,0.009872866407692095,3.677613769070831e-16,0.0013100812940151293,30,converged,gap_residual_and_feasibility
835,0.3824144407465508,sMEL-ADMM,0.01,0.01,5.024213,3.8821237663902552,3.8817848429998945,0.008731122513705983,2.942091015256665e-14,6.916818843086779e-5,93,converged,gap_residual_and_feasibility
836,0.36885770910021787,IPOPT,0.01,1.0e-10,23.44202995300293,3.9078303136366275,3.9078303136366275,0.0,9.995268057672035e-9,NaN,30,INTERRUPTED,gap_and_residual
836,0.36885770910021787,MadNLP,0.01,0.01,14.854907989501953,3.9079052953977746,3.9078303136366275,0.0019187568325451873,8.680556273787943e-15,NaN,22,INTERRUPTED,gap_and_residual
836,0.36885770910021787,ADMM,0.01,0.0001,362.99657821655273,3.9082147457886163,3.9078303136366275,0.009837483235832927,3.677613769070831e-16,0.0024095037393078167,30,converged,gap_callback_with_solver_termination
836,0.36885770910021787,MEL-ADMM,0.01,0.01,51.586151123046875,3.908213607907795,3.9078303136366275,0.009808365266786218,3.0878077872387166e-16,0.001299397501772992,30,converged,gap_residual_and_feasibility
836,0.36885770910021787,sMEL-ADMM,0.01,0.01,4.654537,3.90817033807068,3.9078303136366275,0.008701105390017286,2.930988785010413e-14,6.922271017915059e-5,93,converged,gap_residual_and_feasibility
837,0.3180507212585153,IPOPT,0.01,1.0e-10,30.850887298583984,4.005441739789588,4.005441739789588,0.0,9.99526778011628e-9,NaN,37,INTERRUPTED,gap_and_residual
837,0.3180507212585153,MadNLP,0.01,0.01,21.38805389404297,4.005568351665158,4.005441739789588,0.0031609965590528506,7.566863802210833e-15,NaN,31,INTERRUPTED,gap_and_residual
837,0.3180507212585153,ADMM,0.01,0.0001,363.372802734375,4.0058258146218755,4.005441739789588,0.009588825833417159,3.8163916471489756e-16,0.0023455540809885662,30,converged,gap_callback_with_solver_termination
837,0.3180507212585153,MEL-ADMM,0.01,0.01,50.86255073547363,4.005825278948581,4.005441739789588,0.009575452195028037,4.0939474033052647e-16,0.001259313299239985,30,converged,gap_residual_and_feasibility
837,0.3180507212585153,sMEL-ADMM,0.01,0.01,4.599295,4.005787474226084,4.005441739789588,0.008631618157403117,2.853273173286652e-14,6.941594404745802e-5,93,converged,gap_residual_and_feasibility
838,0.358083589031456,IPOPT,0.01,1.0e-10,22.74012565612793,3.928529773890633,3.928529773890633,0.0,9.995268002160884e-9,NaN,29,INTERRUPTED,gap_and_residual
838,0.358083589031456,MadNLP,0.01,0.01,15.030860900878906,3.928652900674417,3.928529773890633,0.0031341695461264128,4.163336342344337e-17,NaN,22,INTERRUPTED,gap_and_residual
838,0.358083589031456,ADMM,0.01,0.0001,362.54096031188965,3.928914159754045,3.928529773890633,0.009784471177143485,3.7782998951740865e-11,0.0023960639411029667,30,converged,gap_callback_with_solver_termination
838,0.358083589031456,MEL-ADMM,0.01,0.01,51.78213119506836,3.928913115012064,3.928529773890633,0.009757877462928305,2.794431352981519e-13,0.0012909008998377436,30,converged,gap_residual_and_feasibility
838,0.358083589031456,sMEL-ADMM,0.01,0.01,4.893799,3.928870793383411,3.928529773890633,0.00868058822015828,2.864375403532904e-14,6.926570687952865e-5,93,converged,gap_residual_and_feasibility
839,0.6555482843738965,IPOPT,0.01,1.0e-10,21.36397361755371,3.357034505700146,3.357034505700146,0.0,9.995268390738943e-9,NaN,27,INTERRUPTED,gap_and_residual
839,0.6555482843738965,MadNLP,0.01,0.01,12.839078903198242,3.3571052887860615,3.357034505700146,0.002108500398059495,1.0907941216942163e-14,NaN,19,INTERRUPTED,gap_and_residual
839,0.6555482843738965,ADMM,0.01,0.0001,439.1753673553467,3.3573566129330437,3.357034505700146,0.009594993210552332,1.972422225549053e-12,0.01610974278537367,36,converged,gap_callback_with_solver_termination
839,0.6555482843738965,MEL-ADMM,0.01,0.01,69.41580772399902,3.3573401753184022,3.357034505700146,0.009105346332823833,3.920475055707584e-16,0.0028643951277008695,40,converged,gap_residual_and_feasibility
839,0.6555482843738965,sMEL-ADMM,0.01,0.01,4.659791,3.3572885833429766,3.357034505700146,0.007568514485013229,2.90878432451791e-14,6.126496940182108e-5,93,converged,gap_residual_and_feasibility
840,0.7159988734138394,IPOPT,0.01,1.0e-10,44.39091682434082,3.2408955953131886,3.2408955953131886,0.0,9.995267724605128e-9,NaN,49,INTERRUPTED,gap_and_residual
840,0.7159988734138394,MadNLP,0.01,0.01,35.03894805908203,3.2409735824585004,3.2408955953131886,0.0024063454998242027,2.0816681711721685e-17,NaN,44,INTERRUPTED,gap_and_residual
840,0.7159988734138394,ADMM,0.01,0.0001,505.44166564941406,3.2411848428928214,3.2408955953131886,0.008924927419787086,3.608224830031759e-16,0.014247988179143547,42,converged,gap_callback_with_solver_termination
840,0.7159988734138394,MEL-ADMM,0.01,0.01,75.32286643981934,3.2411849926140897,3.2408955953131886,0.00892954716960219,3.365363543395006e-16,0.005145475891841288,45,converged,gap_residual_and_feasibility
840,0.7159988734138394,sMEL-ADMM,0.01,0.01,4.637999000000001,3.2411331258940885,3.2408955953131886,0.00732916485317914,2.8754776337791554e-14,8.948318826882415e-5,93,converged,gap_residual_and_feasibility
841,0.7001250440380363,IPOPT,0.01,1.0e-10,24.805068969726562,3.271392721588602,3.271392721588602,0.0,9.995267946649733e-9,NaN,32,INTERRUPTED,gap_and_residual
841,0.7001250440380363,MadNLP,0.01,0.01,14.315128326416016,3.2715011214043495,3.271392721588602,0.003313567797356288,2.0816681711721685e-17,NaN,21,INTERRUPTED,gap_and_residual
841,0.7001250440380363,ADMM,0.01,0.0001,484.3580722808838,3.2717007661398463,3.271392721588602,0.00941631217834521,1.8823609337914604e-11,0.01440137610798748,40,converged,gap_callback_with_solver_termination
841,0.7001250440380363,MEL-ADMM,0.01,0.01,71.98071479797363,3.2717022136012552,3.271392721588602,0.009460558208465721,3.2612801348363973e-16,0.0071889152754677,43,converged,gap_residual_and_feasibility
841,0.7001250440380363,sMEL-ADMM,0.01,0.01,4.64379,3.2716327351648045,3.271392721588602,0.007336739933995847,2.930988785010413e-14,7.213317729722881e-5,93,converged,gap_residual_and_feasibility
842,0.632572886039071,IPOPT,0.01,1.0e-10,35.72416305541992,3.401175311781451,3.401175311781451,0.0,9.995268612783548e-9,NaN,40,INTERRUPTED,gap_and_residual
842,0.632572886039071,MadNLP,0.01,0.01,20.419836044311523,3.401286502162642,3.401175311781451,0.003269175240853599,3.122502256758253e-17,NaN,27,INTERRUPTED,gap_and_residual
842,0.632572886039071,ADMM,0.01,0.0001,428.8506507873535,3.401489472726103,3.401175311781451,0.009236834795416758,1.7685297670766431e-12,0.01701953380438522,35,converged,gap_callback_with_solver_termination
842,0.632572886039071,MEL-ADMM,0.01,0.01,66.0090446472168,3.401494795433812,3.401175311781451,0.00939333092458766,3.469446951953614e-16,0.003918988435438097,38,converged,gap_residual_and_feasibility
842,0.632572886039071,sMEL-ADMM,0.01,0.01,4.718211,3.4014416333988535,3.401175311781451,0.007830281975758333,2.9531932455029164e-14,6.267885857018721e-5,93,converged,gap_residual_and_feasibility
843,0.5894222110487413,IPOPT,0.01,1.0e-10,32.54890441894531,3.4840772727950533,3.4840772727950533,0.0,9.995268057672035e-9,NaN,37,INTERRUPTED,gap_and_residual
843,0.5894222110487413,MadNLP,0.01,0.01,23.258209228515625,3.484190128595289,3.4840772727950533,0.0032391876356158223,2.7755575615628914e-17,NaN,29,INTERRUPTED,gap_and_residual
843,0.5894222110487413,ADMM,0.01,0.0001,389.1479969024658,3.4844121606281764,3.4840772727950533,0.009611951943144398,3.608224830031759e-16,0.019345876474340034,32,converged,gap_callback_with_solver_termination
843,0.5894222110487413,MEL-ADMM,0.01,0.01,61.24162673950195,3.484421358639969,3.4840772727950533,0.009875953314884554,4.510281037539698e-16,0.00476001274415363,35,converged,gap_residual_and_feasibility
843,0.5894222110487413,sMEL-ADMM,0.01,0.01,4.5775820000000005,3.484371094285282,3.4840772727950533,0.00843326560300757,2.930988785010413e-14,6.726945599317986e-5,93,converged,gap_residual_and_feasibility
844,0.5156276123750012,IPOPT,0.01,1.0e-10,25.388002395629883,3.6258529679292675,3.6258529679292675,0.0,9.995268668294699e-9,NaN,33,INTERRUPTED,gap_and_residual
844,0.5156276123750012,MadNLP,0.01,0.01,14.94908332824707,3.6259684813287194,3.6258529679292675,0.0031858269067622305,3.469446951953614e-17,NaN,22,INTERRUPTED,gap_and_residual
844,0.5156276123750012,ADMM,0.01,0.0001,385.0250244140625,3.626207691977975,3.6258529679292675,0.009783188999800607,4.0245584642661925e-16,0.001745248157911921,32,converged,gap_callback_with_solver_termination
844,0.5156276123750012,MEL-ADMM,0.01,0.01,54.02255058288574,3.6262089695185242,3.6258529679292675,0.009818423207051952,3.469446951953614e-16,0.0012488844888215445,32,converged,gap_residual_and_feasibility
844,0.5156276123750012,sMEL-ADMM,0.01,0.01,4.708872,3.6261789033904117,3.6258529679292675,0.008989207891967438,2.8976820942716586e-14,6.905144837230422e-5,93,converged,gap_residual_and_feasibility
845,0.5895800869992167,IPOPT,0.01,1.0e-10,33.9970588684082,3.4837739582838814,3.4837739582838814,0.0,9.995268224205489e-9,NaN,39,INTERRUPTED,gap_and_residual
845,0.5895800869992167,MadNLP,0.01,0.01,24.528026580810547,3.4838414494356478,3.4837739582838814,0.0019372999676378034,9.3119956190435e-15,NaN,32,INTERRUPTED,gap_and_residual
845,0.5895800869992167,ADMM,0.01,0.0001,389.7356986999512,3.4841085404406673,3.4837739582838814,0.009604014519666528,3.5388358909926865e-16,0.01934590050409119,32,converged,gap_callback_with_solver_termination
845,0.5895800869992167,MEL-ADMM,0.01,0.01,61.182260513305664,3.4841184267138936,3.4837739582838814,0.00988779507904471,4.3021142204224816e-16,0.004816949471421417,35,converged,gap_residual_and_feasibility
845,0.5895800869992167,sMEL-ADMM,0.01,0.01,4.632077,3.484067676157953,3.4837739582838814,0.008431025594339307,2.886579864025407e-14,6.725771520790184e-5,93,converged,gap_residual_and_feasibility
846,0.43364058837888064,IPOPT,0.01,1.0e-10,24.654865264892578,3.783368118467935,3.783368118467935,0.0,9.995268168694338e-9,NaN,32,INTERRUPTED,gap_and_residual
846,0.43364058837888064,MadNLP,0.01,0.01,14.078855514526367,3.7834391203510234,3.783368118467935,0.0018766845008266924,7.705641680288977e-15,NaN,21,INTERRUPTED,gap_and_residual
846,0.43364058837888064,ADMM,0.01,0.0001,369.69661712646484,3.7837428147956933,3.783368118467935,0.009903776635675925,4.234224082466653e-12,0.00028061610959021627,31,converged,gap_callback_with_solver_termination
846,0.43364058837888064,MEL-ADMM,0.01,0.01,52.19292640686035,3.783745508726566,3.783368118467935,0.009974981202301341,3.7470027081099033e-16,0.00018345558839840542,31,converged,gap_residual_and_feasibility
846,0.43364058837888064,sMEL-ADMM,0.01,0.01,4.84442,3.7837035709606925,3.783368118467935,0.008866504190280127,2.919886554764162e-14,6.896786411736498e-5,93,converged,gap_residual_and_feasibility
847,0.6615470483202068,IPOPT,0.01,1.0e-10,21.255970001220703,3.3455095574828055,3.3455095574828055,0.0,9.995268834828153e-9,NaN,27,INTERRUPTED,gap_and_residual
847,0.6615470483202068,MadNLP,0.01,0.01,13.689041137695312,3.345619791679643,3.3455095574828055,0.003294989745007704,2.7755575615628914e-17,NaN,20,INTERRUPTED,gap_and_residual
847,0.6615470483202068,ADMM,0.01,0.0001,449.2785930633545,3.345810979352212,3.3455095574828055,0.00900974468096265,5.432321259490891e-13,0.015806639171592047,37,converged,gap_callback_with_solver_termination
847,0.6615470483202068,MEL-ADMM,0.01,0.01,69.43631172180176,3.345822372241155,3.3455095574828055,0.009350287391935812,4.440892098500626e-16,0.0049543798397490915,40,converged,gap_residual_and_feasibility
847,0.6615470483202068,sMEL-ADMM,0.01,0.01,4.655414,3.3457611641970533,3.3455095574828055,0.007520729202072381,3.164135620181696e-14,6.126492224982696e-5,93,converged,gap_residual_and_feasibility
848,0.31321915789696786,IPOPT,0.01,1.0e-10,37.48202323913574,4.014724238325781,4.014724238325781,0.0,9.995268390738943e-9,NaN,45,INTERRUPTED,gap_and_residual
848,0.31321915789696786,MadNLP,0.01,0.01,25.755882263183594,4.014852216599455,4.014724238325781,0.003187722644877597,8.07340305719606e-15,NaN,35,INTERRUPTED,gap_and_residual
848,0.31321915789696786,ADMM,0.01,0.0001,362.7135753631592,4.015108277213206,4.014724238325781,0.00956576005293384,3.887612454178679e-12,0.002339337742507063,30,converged,gap_callback_with_solver_termination
848,0.31321915789696786,MEL-ADMM,0.01,0.01,50.89592933654785,4.015107802086224,4.014724238325781,0.0095539254422857,3.5388358909926865e-16,0.001255501312397777,30,converged,gap_residual_and_feasibility
848,0.31321915789696786,sMEL-ADMM,0.01,0.01,4.620046,4.015070542530252,4.014724238325781,0.008625852833573646,2.864375403532904e-14,6.943191367343379e-5,93,converged,gap_residual_and_feasibility
849,0.7182568353814505,IPOPT,0.01,1.0e-10,28.01799774169922,3.23655755251198,3.23655755251198,0.0,9.995268057672035e-9,NaN,33,INTERRUPTED,gap_and_residual
849,0.7182568353814505,MadNLP,0.01,0.01,23.66805076599121,3.236664868584115,3.23655755251198,0.0033157473764585986,2.42861286636753e-17,NaN,30,INTERRUPTED,gap_and_residual
849,0.7182568353814505,ADMM,0.01,0.0001,504.2145252227783,3.236857212593495,3.23655755251198,0.009258605065813073,3.844702334276917e-13,0.014248260998211543,42,converged,gap_callback_with_solver_termination
849,0.7182568353814505,MEL-ADMM,0.01,0.01,75.75798034667969,3.2368522009129745,3.23655755251198,0.009103759046885594,3.677613769070831e-16,0.006334545261661084,45,converged,gap_residual_and_feasibility
849,0.7182568353814505,sMEL-ADMM,0.01,0.01,4.657584,3.236794844932454,3.23655755251198,0.007331629875999236,2.942091015256665e-14,9.173724209817803e-5,93,converged,gap_residual_and_feasibility
850,0.38057181610005675,IPOPT,0.01,1.0e-10,22.624969482421875,3.885324931228885,3.885324931228885,0.0,9.995268612783548e-9,NaN,29,INTERRUPTED,gap_and_residual
850,0.38057181610005675,MadNLP,0.01,0.01,14.95504379272461,3.885446852652877,3.885324931228885,0.003137998137872413,7.743805596760467e-15,NaN,22,INTERRUPTED,gap_and_residual
850,0.38057181610005675,ADMM,0.01,0.0001,361.84024810791016,3.885709474272652,3.885324931228885,0.009897320058778207,3.668176873361517e-13,0.0024240322958234695,30,converged,gap_callback_with_solver_termination
850,0.38057181610005675,MEL-ADMM,0.01,0.01,51.715850830078125,3.8857081809623524,3.885324931228885,0.009864033002415213,3.885780586188048e-16,0.0013086299249990066,30,converged,gap_residual_and_feasibility
850,0.38057181610005675,sMEL-ADMM,0.01,0.01,4.873583,3.8856640023005897,3.885324931228885,0.008726968212606828,2.930988785010413e-14,6.917573069655826e-5,93,converged,gap_residual_and_feasibility
851,0.41036554137648334,IPOPT,0.01,1.0e-10,26.054859161376953,3.828084615709622,3.828084615709622,0.0,9.995268446250094e-9,NaN,34,INTERRUPTED,gap_and_residual
851,0.41036554137648334,MadNLP,0.01,0.01,16.91412925720215,3.8281572386804137,3.828084615709622,0.0018971098625579657,6.314393452555578e-16,NaN,26,INTERRUPTED,gap_and_residual
851,0.41036554137648334,ADMM,0.01,0.0001,373.29745292663574,3.8284591936808385,3.828084615709622,0.009784997167496054,4.947486864637085e-12,0.00027734625056362663,31,converged,gap_callback_with_solver_termination
851,0.41036554137648334,MEL-ADMM,0.01,0.01,52.00362205505371,3.8284621546400253,3.828084615709622,0.009862345488757689,3.7470027081099033e-16,0.0001807014643583349,31,converged,gap_residual_and_feasibility
851,0.41036554137648334,sMEL-ADMM,0.01,0.01,4.707331,3.8284214121687974,3.828084615709622,0.00879804113506931,2.9976021664879227e-14,6.90479896878985e-5,93,converged,gap_residual_and_feasibility
852,0.6893245998624031,IPOPT,0.01,1.0e-10,28.836965560913086,3.2921427562561574,3.2921427562561574,0.0,9.995268002160884e-9,NaN,34,INTERRUPTED,gap_and_residual
852,0.6893245998624031,MadNLP,0.01,0.01,20.25890350341797,3.292177192817365,3.2921427562561574,0.0010460227200675036,2.3037127760972e-15,NaN,27,INTERRUPTED,gap_and_residual
852,0.6893245998624031,ADMM,0.01,0.0001,474.6432304382324,3.292451247230508,3.2921427562561574,0.009370522398041493,2.744480198657584e-10,0.014659703597591238,39,converged,gap_callback_with_solver_termination
852,0.6893245998624031,MEL-ADMM,0.01,0.01,75.26183128356934,3.292457506935906,3.2921427562561574,0.009560663162324292,4.474198789239381e-13,0.007110490804495662,42,converged,gap_residual_and_feasibility
852,0.6893245998624031,sMEL-ADMM,0.01,0.01,4.623792,3.292385289539939,3.2921427562561574,0.007367034230844358,2.886579864025407e-14,6.363309874585221e-5,93,converged,gap_residual_and_feasibility
853,0.5171671870441996,IPOPT,0.01,1.0e-10,25.2840518951416,3.622895105526604,3.622895105526604,0.0,9.995268446250094e-9,NaN,33,INTERRUPTED,gap_and_residual
853,0.5171671870441996,MadNLP,0.01,0.01,14.943838119506836,3.623010559210854,3.622895105526604,0.003186779657895432,3.122502256758253e-17,NaN,22,INTERRUPTED,gap_and_residual
853,0.5171671870441996,ADMM,0.01,0.0001,385.76197624206543,3.623249427523918,3.622895105526604,0.009780078831798985,3.95516952522712e-16,0.001973851062885487,32,converged,gap_callback_with_solver_termination
853,0.5171671870441996,MEL-ADMM,0.01,0.01,54.270267486572266,3.6232509312010293,3.622895105526604,0.00982158367992379,3.469446951953614e-16,0.0014155489230997416,32,converged,gap_residual_and_feasibility
853,0.5171671870441996,sMEL-ADMM,0.01,0.01,4.811997,3.623220714283732,3.622895105526604,0.008987529245084782,2.842170943040401e-14,6.905787231609173e-5,93,converged,gap_residual_and_feasibility
854,0.296278837383173,IPOPT,0.01,1.0e-10,26.33500099182129,4.047270329229492,4.047270329229492,0.0,9.995267946649733e-9,NaN,33,INTERRUPTED,gap_and_residual
854,0.296278837383173,MadNLP,0.01,0.01,18.130064010620117,4.047403380667199,4.047270329229492,0.0032874363925351007,7.369105325949477e-15,NaN,26,INTERRUPTED,gap_and_residual
854,0.296278837383173,ADMM,0.01,0.0001,315.77467918395996,4.047673471906786,4.047270329229492,0.009960853723628189,3.95516952522712e-16,0.025385391846727907,26,converged,gap_callback_with_solver_termination
854,0.296278837383173,MEL-ADMM,0.01,0.01,51.0103702545166,4.047653978141403,4.047270329229492,0.009479201553214618,2.96637714392034e-16,0.0012421395783351885,30,converged,gap_residual_and_feasibility
854,0.296278837383173,sMEL-ADMM,0.01,0.01,4.589292,4.047618502800984,4.047270329229492,0.00860267645028711,2.930988785010413e-14,6.94819263623702e-5,93,converged,gap_residual_and_feasibility
855,0.7415473685250004,IPOPT,0.01,1.0e-10,32.69696235656738,3.1918113029785644,3.1918113029785644,0.0,9.99526827971664e-9,NaN,39,INTERRUPTED,gap_and_residual
855,0.7415473685250004,MadNLP,0.01,0.01,22.6290225982666,3.191891600163247,3.1918113029785644,0.0025157246798326715,1.7277845820728999e-15,NaN,31,INTERRUPTED,gap_and_residual
855,0.7415473685250004,ADMM,0.01,0.0001,538.8505458831787,3.192091707982463,3.1918113029785644,0.008785137255351069,4.963596200724396e-10,0.012381105549890681,45,converged,gap_callback_with_solver_termination
855,0.7415473685250004,MEL-ADMM,0.01,0.01,79.01883125305176,3.1921140657583167,3.1918113029785644,0.009485610238604635,4.579669976578771e-16,0.009692021347366197,47,converged,gap_residual_and_feasibility
855,0.7415473685250004,sMEL-ADMM,0.01,0.01,15.370286,3.192048264031673,3.1918113029785644,0.007424030765466793,2.853273173286652e-14,0.00010539532757861646,93,converged,gap_residual_and_feasibility
856,0.2741556218731971,IPOPT,0.01,1.0e-10,38.54084014892578,4.089773904205062,4.089773904205062,0.0,9.995267447049372e-9,NaN,43,INTERRUPTED,gap_and_residual
856,0.2741556218731971,MadNLP,0.01,0.01,29.84309196472168,4.08991484017518,4.089773904205062,0.0034460577386299725,6.871239688344133e-15,NaN,36,INTERRUPTED,gap_and_residual
856,0.2741556218731971,ADMM,0.01,0.0001,319.4093704223633,4.090177554844924,4.089773904205062,0.009869754400049686,3.22519788653608e-14,0.025384728203948013,26,converged,gap_callback_with_solver_termination
856,0.2741556218731971,MEL-ADMM,0.01,0.01,50.72140693664551,4.09015771678636,4.089773904205062,0.009384689478872476,3.885780586188048e-16,0.0012319171858653048,30,converged,gap_residual_and_feasibility
856,0.2741556218731971,sMEL-ADMM,0.01,0.01,4.800123,4.090124054965919,4.089773904205062,0.00856161658465234,2.942091015256665e-14,6.953097984250221e-5,93,converged,gap_residual_and_feasibility
857,0.6793961393800697,IPOPT,0.01,1.0e-10,24.29795265197754,3.311217517983897,3.311217517983897,0.0,9.995268002160884e-9,NaN,31,INTERRUPTED,gap_and_residual
857,0.6793961393800697,MadNLP,0.01,0.01,15.485048294067383,3.311291338268036,3.311217517983897,0.002229400023945657,1.1310397063368782e-15,NaN,23,INTERRUPTED,gap_and_residual
857,0.6793961393800697,ADMM,0.01,0.0001,462.7060890197754,3.311534047441827,3.311217517983897,0.009559307300428558,3.756328581516755e-12,0.015096703378570057,38,converged,gap_callback_with_solver_termination
857,0.6793961393800697,MEL-ADMM,0.01,0.01,73.10771942138672,3.3115440223305685,3.311217517983897,0.009860552648627034,4.0939474033052647e-16,0.007864712299800413,41,converged,gap_residual_and_feasibility
857,0.6793961393800697,sMEL-ADMM,0.01,0.01,4.647836,3.311462888935009,3.311217517983897,0.007410293941095587,3.0531133177191805e-14,6.126475986039173e-5,93,converged,gap_residual_and_feasibility
858,0.29795788664914424,IPOPT,0.01,1.0e-10,28.82695198059082,4.044044505373466,4.044044505373466,0.0,9.995268390738943e-9,NaN,36,INTERRUPTED,gap_and_residual
858,0.29795788664914424,MadNLP,0.01,0.01,19.476890563964844,4.044176778546549,4.044044505373466,0.00327081398108522,9.429956815409923e-15,NaN,28,INTERRUPTED,gap_and_residual
858,0.29795788664914424,ADMM,0.01,0.0001,316.4505958557129,4.044447583246437,4.044044505373466,0.00996719676143736,1.4311885010442893e-12,0.025385478355801686,26,converged,gap_callback_with_solver_termination
858,0.29795788664914424,MEL-ADMM,0.01,0.01,51.009416580200195,4.04442814594996,4.044044505373466,0.00948655673753516,4.540638698369293e-16,0.0012434634577820555,30,converged,gap_residual_and_feasibility
858,0.29795788664914424,sMEL-ADMM,0.01,0.01,4.781383999999999,4.044392507814229,4.044044505373466,0.008605306897600579,2.8310687127941492e-14,6.947754593490327e-5,93,converged,gap_residual_and_feasibility
859,0.3036208127036701,IPOPT,0.01,1.0e-10,27.441978454589844,4.033164775795649,4.033164775795649,0.0,9.995269112383909e-9,NaN,34,INTERRUPTED,gap_and_residual
859,0.3036208127036701,MadNLP,0.01,0.01,18.906116485595703,4.033295520423589,4.033164775795649,0.003241737821494472,7.095019016745141e-15,NaN,27,INTERRUPTED,gap_and_residual
859,0.3036208127036701,ADMM,0.01,0.0001,317.5771236419678,4.033567636529619,4.033164775795649,0.009988700099419883,3.95516952522712e-16,0.025385768088579157,26,converged,gap_callback_with_solver_termination
859,0.3036208127036701,MEL-ADMM,0.01,0.01,50.629615783691406,4.033548388100954,4.033164775795649,0.009511446385891928,4.579669976578771e-16,0.0012479296852016888,30,converged,gap_residual_and_feasibility
859,0.3036208127036701,sMEL-ADMM,0.01,0.01,4.659625,4.033512171927889,4.033164775795649,0.008613487212929934,3.019806626980426e-14,6.94617898930449e-5,93,converged,gap_residual_and_feasibility
860,0.5267861266625407,IPOPT,0.01,1.0e-10,25.36487579345703,3.6044150016253163,3.6044150016253163,0.0,9.995268668294699e-9,NaN,33,INTERRUPTED,gap_and_residual
860,0.5267861266625407,MadNLP,0.01,0.01,14.724016189575195,3.6044825970954038,3.6044150016253163,0.0018753520351296933,7.886052921790565e-15,NaN,22,INTERRUPTED,gap_and_residual
860,0.5267861266625407,ADMM,0.01,0.0001,386.25168800354004,3.604771946420463,3.6044150016253163,0.00990298827925282,4.0245584642661925e-16,0.0009997826015382266,32,converged,gap_callback_with_solver_termination
860,0.5267861266625407,MEL-ADMM,0.01,0.01,54.064273834228516,3.6047739955740243,3.6044150016253163,0.00995983948979813,3.469446951953614e-16,0.002983435983963511,32,converged,gap_residual_and_feasibility
860,0.5267861266625407,sMEL-ADMM,0.01,0.01,4.6689940000000005,3.6047383609920214,3.6044150016253163,0.008971202443651004,2.9753977059954195e-14,6.90854109766546e-5,93,converged,gap_residual_and_feasibility
861,0.7369114884466754,IPOPT,0.01,1.0e-10,30.8380126953125,3.200717850781194,3.200717850781194,0.0,9.995268113183187e-9,NaN,39,INTERRUPTED,gap_and_residual
861,0.7369114884466754,MadNLP,0.01,0.01,19.42610740661621,3.2007977772524985,3.200717850781194,0.00249714204846253,2.1163626406917047e-15,NaN,28,INTERRUPTED,gap_and_residual
861,0.7369114884466754,ADMM,0.01,0.0001,526.6554355621338,3.2010209039087343,3.200717850781194,0.0094682862304262,5.82692782913341e-11,0.012611066074273036,44,converged,gap_callback_with_solver_termination
861,0.7369114884466754,MEL-ADMM,0.01,0.01,79.19502258300781,3.2010060203619854,3.200717850781194,0.009003279708679795,3.8510861166685117e-16,0.006809181369401295,47,converged,gap_residual_and_feasibility
861,0.7369114884466754,sMEL-ADMM,0.01,0.01,4.849959,3.2009544737978888,3.200717850781194,0.007392810854510383,2.9531932455029164e-14,0.0001048474767092137,93,converged,gap_residual_and_feasibility
862,0.3343560920064526,IPOPT,0.01,1.0e-10,32.531023025512695,3.9741155273871183,3.9741155273871183,0.0,9.995268113183187e-9,NaN,37,INTERRUPTED,gap_and_residual
862,0.3343560920064526,MadNLP,0.01,0.01,23.773908615112305,3.9741442906580073,3.9741155273871183,0.0007237653432784649,1.124100812432971e-15,NaN,30,INTERRUPTED,gap_and_residual
862,0.3343560920064526,ADMM,0.01,0.0001,362.1799945831299,3.9744997237818986,3.9741155273871183,0.009667469204977488,3.365363543395006e-16,0.0023663595240424502,30,converged,gap_callback_with_solver_termination
862,0.3343560920064526,MEL-ADMM,0.01,0.01,51.40089988708496,3.9744989835176,3.9741155273871183,0.009648842059046597,3.8510861166685117e-16,0.0012721798859768735,30,converged,gap_residual_and_feasibility
862,0.3343560920064526,sMEL-ADMM,0.01,0.01,4.617045999999999,3.974459281214835,3.9741155273871183,0.008649819698187906,2.986499936241671e-14,6.93589511380991e-5,93,converged,gap_residual_and_feasibility
863,0.5797383842652172,IPOPT,0.01,1.0e-10,25.30217170715332,3.502682039247723,3.502682039247723,0.0,9.99526827971664e-9,NaN,33,INTERRUPTED,gap_and_residual
863,0.5797383842652172,MadNLP,0.01,0.01,14.760017395019531,3.5027952300770395,3.502682039247723,0.003231547369938004,2.7755575615628914e-17,NaN,22,INTERRUPTED,gap_and_residual
863,0.5797383842652172,ADMM,0.01,0.0001,377.22253799438477,3.503019434011763,3.502682039247723,0.009632469069690898,1.550426453889031e-13,0.019451358186311864,31,converged,gap_callback_with_solver_termination
863,0.5797383842652172,MEL-ADMM,0.01,0.01,61.37824058532715,3.503015444631607,3.502682039247723,0.00951857405691787,3.7470027081099033e-16,0.002156574837248116,35,converged,gap_residual_and_feasibility
863,0.5797383842652172,sMEL-ADMM,0.01,0.01,4.785743999999999,3.5029824473394884,3.502682039247723,0.00857651617815637,2.8310687127941492e-14,6.798277407873456e-5,93,converged,gap_residual_and_feasibility
864,0.29823192902299617,IPOPT,0.01,1.0e-10,28.77020835876465,4.043518009549279,4.043518009549279,0.0,9.995268945850455e-9,NaN,36,INTERRUPTED,gap_and_residual
864,0.29823192902299617,MadNLP,0.01,0.01,19.49906349182129,4.043650197303872,4.043518009549279,0.0032691273856287253,9.367506770274758e-15,NaN,28,INTERRUPTED,gap_and_residual
864,0.29823192902299617,ADMM,0.01,0.0001,316.6360855102539,4.043921076858164,4.043518009549279,0.009968233304097296,3.120392833011465e-12,0.025385492380325354,26,converged,gap_callback_with_solver_termination
864,0.29823192902299617,MEL-ADMM,0.01,0.01,50.86517333984375,4.04390164876289,4.043518009549279,0.009487758251707418,3.8163916471489756e-16,0.0012436795409824578,30,converged,gap_residual_and_feasibility
864,0.29823192902299617,sMEL-ADMM,0.01,0.01,4.604168,4.0438659839232,4.043518009549279,0.00860573325255312,2.942091015256665e-14,6.947682552953423e-5,93,converged,gap_residual_and_feasibility
865,0.6435685355819514,IPOPT,0.01,1.0e-10,28.550148010253906,3.3800502445622866,3.3800502445622866,0.0,9.995268113183187e-9,NaN,33,INTERRUPTED,gap_and_residual
865,0.6435685355819514,MadNLP,0.01,0.01,23.830890655517578,3.3801612175521796,3.3800502445622866,0.00328317574780026,2.42861286636753e-17,NaN,33,INTERRUPTED,gap_and_residual
865,0.6435685355819514,ADMM,0.01,0.0001,426.62596702575684,3.3803799140175177,3.3800502445622866,0.009753389191814923,1.5744072712209345e-12,0.016627584303836235,35,converged,gap_callback_with_solver_termination
865,0.6435685355819514,MEL-ADMM,0.01,0.01,67.70586967468262,3.3803615303151124,3.3800502445622866,0.009209500755989721,3.191891195797325e-16,0.003114825872095328,39,converged,gap_residual_and_feasibility
865,0.6435685355819514,sMEL-ADMM,0.01,0.01,4.873382,3.3803101592754867,3.3800502445622866,0.007689670105295757,2.919886554764162e-14,6.126505104631086e-5,93,converged,gap_residual_and_feasibility
866,0.6580743065145913,IPOPT,0.01,1.0e-10,21.943092346191406,3.3521814602014515,3.3521814602014515,0.0,9.995267891138582e-9,NaN,28,INTERRUPTED,gap_and_residual
866,0.6580743065145913,MadNLP,0.01,0.01,14.159917831420898,3.3522918444644483,3.3521814602014515,0.003292908343636514,2.7755575615628914e-17,NaN,21,INTERRUPTED,gap_and_residual
866,0.6580743065145913,ADMM,0.01,0.0001,450.0102996826172,3.352483939297793,3.3521814602014515,0.009023350911425806,3.9268588380991787e-13,0.015929542518460925,37,converged,gap_callback_with_solver_termination
866,0.6580743065145913,MEL-ADMM,0.01,0.01,69.38385963439941,3.3524888759800433,3.3521814602014515,0.009170618662551784,3.5084782301630923e-16,0.003636111299555678,40,converged,gap_residual_and_feasibility
866,0.6580743065145913,sMEL-ADMM,0.01,0.01,4.623633,3.352434470022483,3.3521814602014515,0.007547617097559375,2.9531932455029164e-14,6.126494984165509e-5,93,converged,gap_residual_and_feasibility
867,0.3126624056375288,IPOPT,0.01,1.0e-10,36.16976737976074,4.015793882175304,4.015793882175304,0.0,9.995268501761245e-9,NaN,43,INTERRUPTED,gap_and_residual
867,0.3126624056375288,MadNLP,0.01,0.01,23.964881896972656,4.015885547726052,4.015793882175304,0.002282625887623452,6.106226635438361e-15,NaN,32,INTERRUPTED,gap_and_residual
867,0.3126624056375288,ADMM,0.01,0.0001,362.7810478210449,4.016177916897387,4.015793882175304,0.009563108400258431,9.03793706541478e-12,0.0023386196982535176,30,converged,gap_callback_with_solver_termination
867,0.3126624056375288,MEL-ADMM,0.01,0.01,50.547122955322266,4.016177448765935,4.015793882175304,0.009551451142302464,4.0245584642661925e-16,0.0012550620756636606,30,converged,gap_residual_and_feasibility
867,0.3126624056375288,sMEL-ADMM,0.01,0.01,4.666791,4.016140251769664,4.015793882175304,0.008625183575715276,3.0309088572266774e-14,6.943373503991504e-5,93,converged,gap_residual_and_feasibility
868,0.7195072807981313,IPOPT,0.01,1.0e-10,37.374019622802734,3.234155171153949,3.234155171153949,0.0,9.995267613582826e-9,NaN,44,INTERRUPTED,gap_and_residual
868,0.7195072807981313,MadNLP,0.01,0.01,26.65877342224121,3.234233511524915,3.234155171153949,0.0024222823834988503,1.214306433183765e-15,NaN,36,INTERRUPTED,gap_and_residual
868,0.7195072807981313,ADMM,0.01,0.0001,504.7445297241211,3.2344623472888983,3.234155171153949,0.009497878694531742,5.036304706607098e-12,0.014248396647522593,42,converged,gap_callback_with_solver_termination
868,0.7195072807981313,MEL-ADMM,0.01,0.01,76.17974281311035,3.2344535982621268,3.234155171153949,0.009227358997470257,3.7470027081099033e-16,0.0070479320145523825,45,converged,gap_residual_and_feasibility
868,0.7195072807981313,sMEL-ADMM,0.01,0.01,4.689253,3.2343923444587457,3.234155171153949,0.00733339287217727,2.9976021664879227e-14,9.294043507108735e-5,93,converged,gap_residual_and_feasibility
869,0.6093973659399006,IPOPT,0.01,1.0e-10,29.970169067382812,3.4457005958972133,3.4457005958972133,0.0,9.995268335227792e-9,NaN,36,INTERRUPTED,gap_and_residual
869,0.6093973659399006,MadNLP,0.01,0.01,18.712997436523438,3.445768488059505,3.4457005958972133,0.0019703442130891303,7.0013439490423934e-15,NaN,25,INTERRUPTED,gap_and_residual
869,0.6093973659399006,ADMM,0.01,0.0001,401.5381336212158,3.4460317198769026,3.4457005958972133,0.009609772250192931,3.95516952522712e-16,0.019242626379899423,33,converged,gap_callback_with_solver_termination
869,0.6093973659399006,MEL-ADMM,0.01,0.01,64.51845169067383,3.4460215553681794,3.4457005958972133,0.009314781189876874,4.0245584642661925e-16,0.0017750563321069484,37,converged,gap_residual_and_feasibility
869,0.6093973659399006,sMEL-ADMM,0.01,0.01,4.563416,3.4459818059069374,3.4457005958972133,0.008161185277062874,2.8199664825478976e-14,6.554857477946135e-5,93,converged,gap_residual_and_feasibility
870,0.6393794068973937,IPOPT,0.01,1.0e-10,33.93983840942383,3.3880984844326,3.3880984844326,0.0,9.99526778011628e-9,NaN,39,INTERRUPTED,gap_and_residual
870,0.6393794068973937,MadNLP,0.01,0.01,23.411035537719727,3.3882096174097516,3.3880984844326,0.0032800987829046504,8.066464163292153e-15,NaN,33,INTERRUPTED,gap_and_residual
870,0.6393794068973937,ADMM,0.01,0.0001,425.9378910064697,3.3884136939273013,3.3880984844326,0.009303433656061361,5.97688565306953e-13,0.016776746329942853,35,converged,gap_callback_with_solver_termination
870,0.6393794068973937,MEL-ADMM,0.01,0.01,65.86480140686035,3.3884358518861517,3.3880984844326,0.009957427598451774,3.885780586188048e-16,0.00673655804504003,38,converged,gap_residual_and_feasibility
870,0.6393794068973937,sMEL-ADMM,0.01,0.01,4.620577,3.388360735328796,3.3880984844326,0.00774035635035398,2.8754776337791554e-14,6.174848233749843e-5,93,converged,gap_residual_and_feasibility
871,0.7098189355303404,IPOPT,0.01,1.0e-10,20.444154739379883,3.2527686186111793,3.2527686186111793,0.0,9.995268335227792e-9,NaN,26,INTERRUPTED,gap_and_residual
871,0.7098189355303404,MadNLP,0.01,0.01,13.183832168579102,3.2528764610186545,3.2527686186111793,0.0033154035875209093,3.122502256758253e-17,NaN,19,INTERRUPTED,gap_and_residual
871,0.7098189355303404,ADMM,0.01,0.0001,492.3899173736572,3.253074226939154,3.2527686186111793,0.009395329450305152,3.677613769070831e-16,0.014324580937145396,41,converged,gap_callback_with_solver_termination
871,0.7098189355303404,MEL-ADMM,0.01,0.01,73.55427742004395,3.2530715483611514,3.2527686186111793,0.009312981816133234,3.0531133177191805e-16,0.006980595765366892,44,converged,gap_residual_and_feasibility
871,0.7098189355303404,sMEL-ADMM,0.01,0.01,4.622624,3.2530069477997157,3.2527686186111793,0.007326964087539331,3.042011087472929e-14,8.289946037203216e-5,93,converged,gap_residual_and_feasibility
872,0.31159116703249196,IPOPT,0.01,1.0e-10,33.33616256713867,4.017851967734589,4.017851967734589,0.0,9.995267613582826e-9,NaN,40,INTERRUPTED,gap_and_residual
872,0.31159116703249196,MadNLP,0.01,0.01,21.786212921142578,4.017980170305634,4.017851967734589,0.0031908236558970244,9.808126533172867e-15,NaN,29,INTERRUPTED,gap_and_residual
872,0.31159116703249196,ADMM,0.01,0.0001,362.9276752471924,4.018235994466393,4.017851967734589,0.009558010969238117,3.3306690738754696e-16,0.002337237184443175,30,converged,gap_callback_with_solver_termination
872,0.31159116703249196,MEL-ADMM,0.01,0.01,50.72164535522461,4.018235539766307,4.017851967734589,0.009546693974753622,3.972516759986888e-16,0.0012542169523841705,30,converged,gap_residual_and_feasibility
872,0.31159116703249196,sMEL-ADMM,0.01,0.01,5.414918999999999,4.0181984605002,4.017851967734589,0.008623831051851938,3.108624468950438e-14,6.943715440167492e-5,93,converged,gap_residual_and_feasibility
873,0.5742252375653354,IPOPT,0.01,1.0e-10,25.289058685302734,3.513274009660195,3.513274009660195,0.0,9.995268668294699e-9,NaN,33,INTERRUPTED,gap_and_residual
873,0.5742252375653354,MadNLP,0.01,0.01,14.738082885742188,3.513387391325498,3.513274009660195,0.0032272366172240493,3.122502256758253e-17,NaN,22,INTERRUPTED,gap_and_residual
873,0.5742252375653354,ADMM,0.01,0.0001,376.71637535095215,3.5136120416625145,3.513274009660195,0.00962156670359814,5.114308976317261e-11,0.019525969850044414,31,converged,gap_callback_with_solver_termination
873,0.5742252375653354,MEL-ADMM,0.01,0.01,60.18400192260742,3.513607565244113,3.513274009660195,0.009494152263705874,4.0939474033052647e-16,0.0013159400286145689,35,converged,gap_residual_and_feasibility
873,0.5742252375653354,sMEL-ADMM,0.01,0.01,4.625749,3.5135783525535107,3.513274009660195,0.008662657466482648,2.964295475749168e-14,6.836434081248805e-5,93,converged,gap_residual_and_feasibility
874,0.4048638821513221,IPOPT,0.01,1.0e-10,23.312807083129883,3.838654516150268,3.838654516150268,0.0,9.995267669093977e-9,NaN,30,INTERRUPTED,gap_and_residual
874,0.4048638821513221,MadNLP,0.01,0.01,15.545129776000977,3.8387751413305193,3.838654516150268,0.0031423817836161777,2.7755575615628914e-17,NaN,23,INTERRUPTED,gap_and_residual
874,0.4048638821513221,ADMM,0.01,0.0001,372.9236125946045,3.839029085740365,3.838654516150268,0.009757835421793445,3.712308238590367e-16,0.000276591017412859,31,converged,gap_callback_with_solver_termination
874,0.4048638821513221,MEL-ADMM,0.01,0.01,50.3544807434082,3.839037699621985,3.838654516150268,0.009982233881820231,4.579669976578771e-16,0.0013277503318280363,30,converged,gap_residual_and_feasibility
874,0.4048638821513221,sMEL-ADMM,0.01,0.01,4.652744,3.838991681760679,3.838654516150268,0.008783432033089886,2.919886554764162e-14,6.907043401337392e-5,93,converged,gap_residual_and_feasibility
875,0.4099896566656986,IPOPT,0.01,1.0e-10,26.096105575561523,3.828806773118428,3.828806773118428,0.0,9.995267891138582e-9,NaN,34,INTERRUPTED,gap_and_residual
875,0.4099896566656986,MadNLP,0.01,0.01,17.79913902282715,3.828927127344186,3.828806773118428,0.0031433872976549503,3.469446951953614e-17,NaN,27,INTERRUPTED,gap_and_residual
875,0.4099896566656986,ADMM,0.01,0.0001,372.8668689727783,3.829181351666418,3.828806773118428,0.00978316666747728,3.469446951953614e-16,0.000277294844688563,31,converged,gap_callback_with_solver_termination
875,0.4099896566656986,MEL-ADMM,0.01,0.01,52.0319938659668,3.8291843149989986,3.828806773118428,0.009860562387769495,3.7816971776294395e-16,0.00018065697964207011,31,converged,gap_residual_and_feasibility
875,0.4099896566656986,sMEL-ADMM,0.01,0.01,4.723785,3.8291435943887056,3.828806773118428,0.008797029733708009,2.8754776337791554e-14,6.904948619990137e-5,93,converged,gap_residual_and_feasibility
876,0.2960190820855654,IPOPT,0.01,1.0e-10,31.253814697265625,4.047769376430031,4.047769376430031,0.0,9.99526827971664e-9,NaN,40,INTERRUPTED,gap_and_residual
876,0.2960190820855654,MadNLP,0.01,0.01,18.644094467163086,4.047875702690824,4.047769376430031,0.002626786531177963,9.728329253277934e-15,NaN,27,INTERRUPTED,gap_and_residual
876,0.2960190820855654,ADMM,0.01,0.0001,316.0290718078613,4.048172529154919,4.047769376430031,0.009959873881050683,3.885780586188048e-16,0.02538537856162478,26,converged,gap_callback_with_solver_termination
876,0.2960190820855654,MEL-ADMM,0.01,0.01,50.96936225891113,4.048153026628737,4.047769376430031,0.009478064658025333,3.2959746043559335e-16,0.0012419347690399984,30,converged,gap_residual_and_feasibility
876,0.2960190820855654,sMEL-ADMM,0.01,0.01,4.665833,4.048117576348023,4.047769376430031,0.008602266720523341,3.064215547965432e-14,6.948259910238841e-5,93,converged,gap_residual_and_feasibility
877,0.6732095276236182,IPOPT,0.01,1.0e-10,24.267196655273438,3.3231033632633626,3.3231033632633626,0.0,9.995267447049372e-9,NaN,31,INTERRUPTED,gap_and_residual
877,0.6732095276236182,MadNLP,0.01,0.01,15.391826629638672,3.323176413464962,3.3231033632633626,0.0021982524650564824,1.0130785099704553e-15,NaN,23,INTERRUPTED,gap_and_residual
877,0.6732095276236182,ADMM,0.01,0.0001,461.2448215484619,3.3234003386400586,3.3231033632633626,0.00893668791584902,4.1366909897533333e-13,0.01530850879419351,38,converged,gap_callback_with_solver_termination
877,0.6732095276236182,MEL-ADMM,0.01,0.01,72.18384742736816,3.323410005193726,3.3231033632633626,0.00922757726266143,4.371503159461554e-16,0.004792136931259173,41,converged,gap_residual_and_feasibility
877,0.6732095276236182,sMEL-ADMM,0.01,0.01,4.64621,3.323350740279609,3.3231033632633626,0.007444156536967388,2.9753977059954195e-14,6.126482041594189e-5,93,converged,gap_residual_and_feasibility
878,0.5729293517027763,IPOPT,0.01,1.0e-10,25.37989616394043,3.5157636921339925,3.5157636921339925,0.0,9.99526778011628e-9,NaN,33,INTERRUPTED,gap_and_residual
878,0.5729293517027763,MadNLP,0.01,0.01,14.566183090209961,3.5158771187330777,3.5157636921339925,0.0032262293207866435,9.377915111130619e-15,NaN,22,INTERRUPTED,gap_and_residual
878,0.5729293517027763,ADMM,0.01,0.0001,377.73966789245605,3.5161040672972885,3.5157636921339925,0.009681400489388163,3.8342995445361794e-11,0.019579526220979013,31,converged,gap_callback_with_solver_termination
878,0.5729293517027763,MEL-ADMM,0.01,0.01,61.162471771240234,3.5160975397389436,3.5157636921339925,0.00949573504322737,1.0108025527699738e-12,0.0011718166129010017,35,converged,gap_residual_and_feasibility
878,0.5729293517027763,sMEL-ADMM,0.01,0.01,4.6419950000000005,3.516068944765393,3.5157636921339925,0.008682398992947156,3.019806626980426e-14,6.844396815725018e-5,93,converged,gap_residual_and_feasibility
879,0.3949554078806883,IPOPT,0.01,1.0e-10,22.615909576416016,3.857690879958533,3.857690879958533,0.0,9.995267447049372e-9,NaN,29,INTERRUPTED,gap_and_residual
879,0.3949554078806883,MadNLP,0.01,0.01,14.858007431030273,3.857812030884569,3.857690879958533,0.003140503731534167,3.122502256758253e-17,NaN,22,INTERRUPTED,gap_and_residual
879,0.3949554078806883,ADMM,0.01,0.0001,361.6292476654053,3.858075517225588,3.857690879958533,0.009970660662660464,6.517564266061981e-13,0.0024413801288240902,30,converged,gap_callback_with_solver_termination
879,0.3949554078806883,MEL-ADMM,0.01,0.01,50.41766166687012,3.858074085716027,3.857690879958533,0.009933552724112336,3.608224830031759e-16,0.0013199562662899803,30,converged,gap_residual_and_feasibility
879,0.3949554078806883,sMEL-ADMM,0.01,0.01,4.671956,3.8580287878226756,3.857690879958533,0.00875932973007401,2.8976820942716586e-14,6.91129509942318e-5,93,converged,gap_residual_and_feasibility
880,0.5587002415573697,IPOPT,0.01,1.0e-10,29.268980026245117,3.543100950121202,3.543100950121202,0.0,9.995268168694338e-9,NaN,34,INTERRUPTED,gap_and_residual
880,0.5587002415573697,MadNLP,0.01,0.01,19.31595802307129,3.5432148732565163,3.543100950121202,0.0032153510983175056,3.469446951953614e-17,NaN,24,INTERRUPTED,gap_and_residual
880,0.5587002415573697,ADMM,0.01,0.0001,421.0047721862793,3.543439419611673,3.543100950121202,0.009552916928870957,3.608224830031759e-16,0.002243508473151745,34,converged,gap_callback_with_solver_termination
880,0.5587002415573697,MEL-ADMM,0.01,0.01,58.98427963256836,3.5434410607854776,3.543100950121202,0.009599237195426045,3.677613769070831e-16,0.0016366581158600239,34,converged,gap_residual_and_feasibility
880,0.5587002415573697,sMEL-ADMM,0.01,0.01,4.6205430000000005,3.543414572241783,3.543100950121202,0.0088516281358094,2.919886554764162e-14,6.903655093822882e-5,93,converged,gap_residual_and_feasibility
881,0.590086218047151,IPOPT,0.01,1.0e-10,38.52581977844238,3.4828015689432044,3.4828015689432044,0.0,9.995268335227792e-9,NaN,44,INTERRUPTED,gap_and_residual
881,0.590086218047151,MadNLP,0.01,0.01,24.071931838989258,3.4828690677112237,3.4828015689432044,0.0019380595386561405,8.307590726452929e-15,NaN,31,INTERRUPTED,gap_and_residual
881,0.590086218047151,ADMM,0.01,0.0001,391.1874294281006,3.483135258803898,3.4828015689432044,0.009581075869190913,3.382710778154774e-16,0.019345972666786795,32,converged,gap_callback_with_solver_termination
881,0.590086218047151,MEL-ADMM,0.01,0.01,61.30480766296387,3.483147325229543,3.4828015689432044,0.009927533323226885,3.191891195797325e-16,0.005002788197294605,35,converged,gap_residual_and_feasibility
881,0.590086218047151,sMEL-ADMM,0.01,0.01,4.624582,3.483094954811134,3.4828015689432044,0.008423846783172614,2.864375403532904e-14,6.721989615882107e-5,93,converged,gap_residual_and_feasibility
882,0.5251103475500368,IPOPT,0.01,1.0e-10,25.389909744262695,3.6076345427954912,3.6076345427954912,0.0,9.995268224205489e-9,NaN,33,INTERRUPTED,gap_and_residual
882,0.5251103475500368,MadNLP,0.01,0.01,14.722108840942383,3.607702165699403,3.6076345427954912,0.0018744388631782493,6.975323096902741e-15,NaN,22,INTERRUPTED,gap_and_residual
882,0.5251103475500368,ADMM,0.01,0.0001,385.38599014282227,3.607985808184448,3.6076345427954912,0.009736723184954634,3.920475055707584e-16,0.0008055812243208393,32,converged,gap_callback_with_solver_termination
882,0.5251103475500368,MEL-ADMM,0.01,0.01,53.96533012390137,3.60799219432839,3.6076345427954912,0.00991374067013363,3.469446951953614e-16,0.002632245498787246,32,converged,gap_residual_and_feasibility
882,0.5251103475500368,sMEL-ADMM,0.01,0.01,4.788622999999999,3.6079583203968433,3.6076345427954912,0.00897478936713915,2.986499936241671e-14,6.908220062280639e-5,93,converged,gap_residual_and_feasibility
883,0.38161661792650337,IPOPT,0.01,1.0e-10,22.56608009338379,3.883317636550358,3.883317636550358,0.0,9.995267113982464e-9,NaN,29,INTERRUPTED,gap_and_residual
883,0.38161661792650337,MadNLP,0.01,0.01,15.025854110717773,3.883439501506484,3.883317636550358,0.0031381660613816727,2.7755575615628914e-17,NaN,22,INTERRUPTED,gap_and_residual
883,0.38161661792650337,ADMM,0.01,0.0001,362.7512454986572,3.883702179086457,3.883317636550358,0.00990242293032448,7.508382804388702e-12,0.002424947676798947,30,converged,gap_callback_with_solver_termination
883,0.38161661792650337,MEL-ADMM,0.01,0.01,51.18393898010254,3.8837008826830415,3.883317636550358,0.009869039016437877,9.880984919163893e-15,0.001309453110286917,30,converged,gap_residual_and_feasibility
883,0.38161661792650337,sMEL-ADMM,0.01,0.01,4.629964999999999,3.8836566238272616,3.883317636550358,0.008729321385222644,2.964295475749168e-14,6.917145239035936e-5,93,converged,gap_residual_and_feasibility
884,0.731430754790833,IPOPT,0.01,1.0e-10,32.84907341003418,3.211247548589265,3.211247548589265,0.0,9.995268557272396e-9,NaN,39,INTERRUPTED,gap_and_residual
884,0.731430754790833,MadNLP,0.01,0.01,25.535106658935547,3.2113539617857936,3.211247548589265,0.0033137649750938094,2.42861286636753e-17,NaN,35,INTERRUPTED,gap_and_residual
884,0.731430754790833,ADMM,0.01,0.0001,528.9430618286133,3.2115233012276105,3.211247548589265,0.008587087546919675,2.2389928799881886e-10,0.012801776195634204,44,converged,gap_callback_with_solver_termination
884,0.731430754790833,MEL-ADMM,0.01,0.01,77.50749588012695,3.2115508543531823,3.211247548589265,0.009445106904035045,3.469446951953614e-16,0.00877111641743511,46,converged,gap_residual_and_feasibility
884,0.731430754790833,sMEL-ADMM,0.01,0.01,4.711334,3.2114840992716163,3.211247548589265,0.007366317257457117,2.886579864025407e-14,0.00010234559213819806,93,converged,gap_residual_and_feasibility
885,0.32039270974347606,IPOPT,0.01,1.0e-10,34.76881980895996,4.000942263521417,4.000942263521417,0.0,9.995268335227792e-9,NaN,41,INTERRUPTED,gap_and_residual
885,0.32039270974347606,MadNLP,0.01,0.01,24.634838104248047,4.001068354111766,4.000942263521417,0.003151522367569138,1.0311196341206141e-14,NaN,33,INTERRUPTED,gap_and_residual
885,0.32039270974347606,ADMM,0.01,0.0001,363.4462356567383,4.001326355953446,4.000942263521417,0.009600049356637799,6.964151477717451e-12,0.0023485579705632975,30,converged,gap_callback_with_solver_termination
885,0.32039270974347606,MEL-ADMM,0.01,0.01,50.50539970397949,4.001325790732749,4.000942263521417,0.009585922167098812,3.885780586188048e-16,0.0012611611954862698,30,converged,gap_residual_and_feasibility
885,0.32039270974347606,sMEL-ADMM,0.01,0.01,4.750584000000001,4.001287716532176,4.000942263521417,0.008634291324536521,2.930988785010413e-14,6.94080301639078e-5,93,converged,gap_residual_and_feasibility
886,0.28157146109212045,IPOPT,0.01,1.0e-10,38.04516792297363,4.075526441936079,4.075526441936079,0.0,9.995268335227792e-9,NaN,44,INTERRUPTED,gap_and_residual
886,0.28157146109212045,MadNLP,0.01,0.01,27.49919891357422,4.075664499936774,4.075526441936079,0.0033874887738421034,8.156669784042947e-15,NaN,36,INTERRUPTED,gap_and_residual
886,0.28157146109212045,ADMM,0.01,0.0001,317.7311420440674,4.075930092599391,4.075526441936079,0.009904258236643787,3.712308238590367e-16,0.02538472807487964,26,converged,gap_callback_with_solver_termination
886,0.28157146109212045,MEL-ADMM,0.01,0.01,50.81057548522949,4.0759101733119305,4.075526441936079,0.00941550450766772,3.191891195797325e-16,0.001231916808614831,30,converged,gap_residual_and_feasibility
886,0.28157146109212045,sMEL-ADMM,0.01,0.01,4.802296,4.075875993730931,4.075526441936079,0.00857685012801328,2.986499936241671e-14,6.951628335470986e-5,93,converged,gap_residual_and_feasibility
887,0.5631712885367546,IPOPT,0.01,1.0e-10,29.015064239501953,3.534511083045934,3.534511083045934,0.0,9.99526827971664e-9,NaN,34,INTERRUPTED,gap_and_residual
887,0.5631712885367546,MadNLP,0.01,0.01,22.094011306762695,3.534624849683138,3.534511083045934,0.0032187375999441718,2.7755575615628914e-17,NaN,31,INTERRUPTED,gap_and_residual
887,0.5631712885367546,ADMM,0.01,0.0001,413.9375686645508,3.5348479427412425,3.534511083045934,0.00953058817454084,4.3021142204224816e-16,0.0005238765762518235,34,converged,gap_callback_with_solver_termination
887,0.5631712885367546,MEL-ADMM,0.01,0.01,59.92627143859863,3.5348519141949306,3.534511083045934,0.009642950354056533,4.0245584642661925e-16,0.00237159742117974,34,converged,gap_residual_and_feasibility
887,0.5631712885367546,sMEL-ADMM,0.01,0.01,4.634123000000001,3.5348225409240497,3.534511083045934,0.00881190837425278,2.8754776337791554e-14,6.892400349756134e-5,93,converged,gap_residual_and_feasibility
888,0.312184049819574,IPOPT,0.01,1.0e-10,35.578012466430664,4.01671290917499,4.01671290917499,0.0,9.995267280515918e-9,NaN,41,INTERRUPTED,gap_and_residual
888,0.312184049819574,MadNLP,0.01,0.01,27.04000473022461,4.016841168039647,4.01671290917499,0.003193129993554386,7.95370713735366e-15,NaN,35,INTERRUPTED,gap_and_residual
888,0.312184049819574,ADMM,0.01,0.0001,369.07100677490234,4.017096940322405,4.01671290917499,0.009560831358857946,5.4012350148013866e-12,0.0023380025046621754,30,converged,gap_callback_with_solver_termination
888,0.312184049819574,MEL-ADMM,0.01,0.01,50.765275955200195,4.017096478196049,4.01671290917499,0.009549326270834515,3.677613769070831e-16,0.0012546846910967066,30,converged,gap_residual_and_feasibility
888,0.312184049819574,sMEL-ADMM,0.01,0.01,4.664670999999999,4.0170593347841095,4.01671290917499,0.008624604669370274,3.108624468950438e-14,6.943529473916153e-5,93,converged,gap_residual_and_feasibility
889,0.6622456078004373,IPOPT,0.01,1.0e-10,20.64204216003418,3.3441674706948525,3.3441674706948525,0.0,9.995268335227792e-9,NaN,26,INTERRUPTED,gap_and_residual
889,0.6622456078004373,MadNLP,0.01,0.01,13.140201568603516,3.3442776741645197,3.3441674706948525,0.003295393267020545,2.7755575615628914e-17,NaN,19,INTERRUPTED,gap_and_residual
889,0.6622456078004373,ADMM,0.01,0.0001,451.0629177093506,3.3444696171770705,3.3441674706948525,0.009035028444767309,2.1845858455549205e-12,0.015781933829774525,37,converged,gap_callback_with_solver_termination
889,0.6622456078004373,MEL-ADMM,0.01,0.01,69.55790519714355,3.344481898509026,3.3441674706948525,0.009402274764308197,4.0939474033052647e-16,0.005255522555254456,40,converged,gap_residual_and_feasibility
889,0.6622456078004373,sMEL-ADMM,0.01,0.01,4.660997,3.344418803999796,3.3441674706948525,0.007515571727375962,2.9976021664879227e-14,6.126491652983304e-5,93,converged,gap_residual_and_feasibility
890,0.48395170823705663,IPOPT,0.01,1.0e-10,24.816036224365234,3.6867093640459596,3.6867093640459596,0.0,9.995267724605128e-9,NaN,32,INTERRUPTED,gap_and_residual
890,0.48395170823705663,MadNLP,0.01,0.01,14.375925064086914,3.6868261593707423,3.6867093640459596,0.003168010093817843,3.469446951953614e-17,NaN,21,INTERRUPTED,gap_and_residual
890,0.48395170823705663,ADMM,0.01,0.0001,376.19686126708984,3.6870778981245125,3.6867093640459596,0.009996287804700086,3.642919299551295e-16,0.0005648492247472235,31,converged,gap_callback_with_solver_termination
890,0.48395170823705663,MEL-ADMM,0.01,0.01,53.1461238861084,3.687076946765522,3.6867093640459596,0.009970482705985897,3.3610267347050637e-16,0.0005866513331044057,31,converged,gap_residual_and_feasibility
890,0.48395170823705663,sMEL-ADMM,0.01,0.01,4.765915,3.6870408061401494,3.6867093640459596,0.008990187765331272,2.9753977059954195e-14,6.891162542521645e-5,93,converged,gap_residual_and_feasibility
891,0.3623974996892698,IPOPT,0.01,1.0e-10,23.322105407714844,3.9202418003363344,3.9202418003363344,0.0,9.995267891138582e-9,NaN,30,INTERRUPTED,gap_and_residual
891,0.3623974996892698,MadNLP,0.01,0.01,15.473127365112305,3.9203646979934765,3.9202418003363344,0.0031349509392911753,7.435024818036595e-15,NaN,23,INTERRUPTED,gap_and_residual
891,0.3623974996892698,ADMM,0.01,0.0001,361.7422580718994,3.920626202173177,3.9202418003363344,0.009805564463126429,4.0896105946153227e-16,0.002401451244678148,30,converged,gap_callback_with_solver_termination
891,0.3623974996892698,MEL-ADMM,0.01,0.01,51.441192626953125,3.9206251224029436,3.9202418003363344,0.009778021003099734,3.855422925358454e-16,0.0012943033285089285,30,converged,gap_residual_and_feasibility
891,0.3623974996892698,sMEL-ADMM,0.01,0.01,4.648333,3.920582404276207,3.9202418003363344,0.008688340087684482,2.8310687127941492e-14,6.924847049394247e-5,93,converged,gap_residual_and_feasibility
892,0.40506528612631926,IPOPT,0.01,1.0e-10,23.4529972076416,3.8382675747064336,3.8382675747064336,0.0,9.995268057672035e-9,NaN,30,INTERRUPTED,gap_and_residual
892,0.40506528612631926,MadNLP,0.01,0.01,15.420913696289062,3.838388189224014,3.8382675747064336,0.0031424207727232356,2.7755575615628914e-17,NaN,23,INTERRUPTED,gap_and_residual
892,0.40506528612631926,ADMM,0.01,0.0001,374.13978576660156,3.8386421439568235,3.8382675747064336,0.009758810273107649,3.7470027081099033e-16,0.00027661925802412515,31,converged,gap_callback_with_solver_termination
892,0.40506528612631926,MEL-ADMM,0.01,0.01,50.41384696960449,3.8386507578108855,3.8382675747064336,0.009983230637096807,4.0766001685454967e-16,0.0013279086170406192,30,converged,gap_residual_and_feasibility
892,0.40506528612631926,sMEL-ADMM,0.01,0.01,4.830877,3.8386047265856735,3.8382675747064336,0.008783959759909908,2.90878432451791e-14,6.906959273947962e-5,93,converged,gap_residual_and_feasibility
893,0.5957888893465587,IPOPT,0.01,1.0e-10,28.857946395874023,3.471845479986477,3.471845479986477,0.0,9.99526916789506e-9,NaN,34,INTERRUPTED,gap_and_residual
893,0.5957888893465587,MadNLP,0.01,0.01,18.542051315307617,3.471958113801412,3.471845479986477,0.0032442058721966296,2.7755575615628914e-17,NaN,24,INTERRUPTED,gap_and_residual
893,0.5957888893465587,ADMM,0.01,0.0001,390.3670310974121,3.4721783738421452,3.471845479986477,0.009588383399760836,3.3306690738754696e-16,0.019346819288627918,32,converged,gap_callback_with_solver_termination
893,0.5957888893465587,MEL-ADMM,0.01,0.01,62.602996826171875,3.4721724153804945,3.471845479986477,0.009416761082895254,3.885780586188048e-16,0.0021003116061585787,36,converged,gap_residual_and_feasibility
893,0.5957888893465587,sMEL-ADMM,0.01,0.01,4.729005,3.4721352112071067,3.471845479986477,0.008345164619219633,2.9976021664879227e-14,6.678143880117782e-5,93,converged,gap_residual_and_feasibility
894,0.6028670228263786,IPOPT,0.01,1.0e-10,28.397083282470703,3.4582468249034557,3.4582468249034557,0.0,9.995268113183187e-9,NaN,34,INTERRUPTED,gap_and_residual
894,0.6028670228263786,MadNLP,0.01,0.01,18.805980682373047,3.458314559596385,3.4582468249034557,0.0019586425249184156,8.965050923848139e-15,NaN,26,INTERRUPTED,gap_and_residual
894,0.6028670228263786,ADMM,0.01,0.0001,403.14388275146484,3.458585401345908,3.4582468249034557,0.009790407093386615,3.8163916471489756e-16,0.019242343654695567,33,converged,gap_callback_with_solver_termination
894,0.6028670228263786,MEL-ADMM,0.01,0.01,62.242746353149414,3.458578690124155,3.4582468249034557,0.009596342814785426,4.0939474033052647e-16,0.0038615012969994474,36,converged,gap_residual_and_feasibility
894,0.6028670228263786,sMEL-ADMM,0.01,0.01,4.602419,3.4585321143473804,3.4582468249034557,0.00824953967629714,2.8754776337791554e-14,6.617934901590513e-5,93,converged,gap_residual_and_feasibility
895,0.6115082681322191,IPOPT,0.01,1.0e-10,27.894973754882812,3.441645087349773,3.441645087349773,0.0,9.995267002960162e-9,NaN,33,INTERRUPTED,gap_and_residual
895,0.6115082681322191,MadNLP,0.01,0.01,17.839908599853516,3.441757314220351,3.441645087349773,0.0032608496149267832,2.7755575615628914e-17,NaN,23,INTERRUPTED,gap_and_residual
895,0.6115082681322191,ADMM,0.01,0.0001,402.41169929504395,3.441978798414101,3.441645087349773,0.00969626605469516,3.5735303605122226e-16,0.01924271204009857,33,converged,gap_callback_with_solver_termination
895,0.6115082681322191,MEL-ADMM,0.01,0.01,64.41926956176758,3.441966071645723,3.441645087349773,0.009326478698508922,3.608224830031759e-16,0.0021618860073220995,37,converged,gap_residual_and_feasibility
895,0.6115082681322191,sMEL-ADMM,0.01,0.01,4.670001,3.4419249609539584,3.441645087349773,0.008131971690342719,2.886579864025407e-14,6.533655873476249e-5,93,converged,gap_residual_and_feasibility
896,0.5690908816803395,IPOPT,0.01,1.0e-10,41.95594787597656,3.523138239397118,3.523138239397118,0.0,9.995267891138582e-9,NaN,50,INTERRUPTED,gap_and_residual
896,0.5690908816803395,MadNLP,0.01,0.01,31.916141510009766,3.523205546999488,3.523138239397118,0.0019104445467730171,1.2177758801357186e-15,NaN,40,INTERRUPTED,gap_and_residual
896,0.5690908816803395,ADMM,0.01,0.0001,377.98142433166504,3.5234903253986944,3.523138239397118,0.009993533538913423,3.22617488279775e-11,0.019708265159793806,31,converged,gap_callback_with_solver_termination
896,0.5690908816803395,MEL-ADMM,0.01,0.01,59.44633483886719,3.5234843534861144,3.523138239397118,0.009824028053343065,3.5388358909926865e-16,0.0037709906829325613,34,converged,gap_residual_and_feasibility
896,0.5690908816803395,sMEL-ADMM,0.01,0.01,4.613662,3.5234461419311636,3.523138239397118,0.008739439474797477,3.042011087472929e-14,6.866594727060818e-5,93,converged,gap_residual_and_feasibility
897,0.38803587767798486,IPOPT,0.01,1.0e-10,22.727012634277344,3.870984823175535,3.870984823175535,0.0,9.995268113183187e-9,NaN,29,INTERRUPTED,gap_and_residual
897,0.38803587767798486,MadNLP,0.01,0.01,15.014171600341797,3.871106341981469,3.870984823175535,0.003139221967668781,2.7755575615628914e-17,NaN,22,INTERRUPTED,gap_and_residual
897,0.38803587767798486,ADMM,0.01,0.0001,363.2502555847168,3.8713694111816324,3.870984823175535,0.009935146317159579,5.461353591584839e-12,0.0024328779478566126,30,converged,gap_callback_with_solver_termination
897,0.38803587767798486,MEL-ADMM,0.01,0.01,50.54426193237305,3.8713680485183137,3.870984823175535,0.00989994433676253,3.885780586188048e-16,0.0013145089131763252,30,converged,gap_residual_and_feasibility
897,0.38803587767798486,sMEL-ADMM,0.01,0.01,4.651926,3.8713232863262714,3.870984823175535,0.008743592811581862,3.0531133177191805e-14,6.914355958659302e-5,93,converged,gap_residual_and_feasibility
898,0.6199912762545099,IPOPT,0.01,1.0e-10,33.67209434509277,3.425347358315641,3.425347358315641,0.0,9.995269667495421e-9,NaN,36,INTERRUPTED,gap_and_residual
898,0.6199912762545099,MadNLP,0.01,0.01,26.276111602783203,3.425459187142876,3.425347358315641,0.003264744142322742,3.469446951953614e-17,NaN,32,INTERRUPTED,gap_and_residual
898,0.6199912762545099,ADMM,0.01,0.0001,413.9993190765381,3.4256731252351327,3.425347358315641,0.009510478366544107,1.4603318554406997e-12,0.017563688871847064,34,converged,gap_callback_with_solver_termination
898,0.6199912762545099,MEL-ADMM,0.01,0.01,64.42523002624512,3.425675977384689,3.425347358315641,0.0095937443614397,3.2612801348363973e-16,0.004524929310429049,37,converged,gap_residual_and_feasibility
898,0.6199912762545099,sMEL-ADMM,0.01,0.01,4.743298,3.425621759420453,3.425347358315641,0.008010898636191774,2.9976021664879227e-14,6.436615123246465e-5,93,converged,gap_residual_and_feasibility
899,0.42347814224849917,IPOPT,0.01,1.0e-10,24.67513084411621,3.8028924182174153,3.8028924182174153,0.0,9.995268224205489e-9,NaN,32,INTERRUPTED,gap_and_residual
899,0.42347814224849917,MadNLP,0.01,0.01,14.34183120727539,3.803012064787898,3.8028924182174153,0.0031461991906353627,3.469446951953614e-17,NaN,21,INTERRUPTED,gap_and_residual
899,0.42347814224849917,ADMM,0.01,0.0001,372.81084060668945,3.8032669731815067,3.8028924182174153,0.00984921272811118,3.677613769070831e-16,0.0002791020422166293,31,converged,gap_callback_with_solver_termination
899,0.42347814224849917,MEL-ADMM,0.01,0.01,51.40852928161621,3.803269863737722,3.8028924182174153,0.009925222141404776,7.661316026030818e-12,0.00018225344745197158,31,converged,gap_residual_and_feasibility
899,0.42347814224849917,sMEL-ADMM,0.01,0.01,4.621873,3.803228399239875,3.8028924182174153,0.008834881072375886,2.90878432451791e-14,6.899942994225122e-5,93,converged,gap_residual_and_feasibility
900,0.4710232419819081,IPOPT,0.01,1.0e-10,24.641990661621094,3.711547798339052,3.711547798339052,0.0,9.995267946649733e-9,NaN,32,INTERRUPTED,gap_and_residual
900,0.4710232419819081,MadNLP,0.01,0.01,13.466119766235352,3.7116169138537822,3.711547798339052,0.0018621749869698597,6.045511313779173e-15,NaN,20,INTERRUPTED,gap_and_residual
900,0.4710232419819081,ADMM,0.01,0.0001,374.9105930328369,3.711918873545359,3.711547798339052,0.009997856055441833,3.8424124992886277e-16,0.00033791387395323835,31,converged,gap_callback_with_solver_termination
900,0.4710232419819081,MEL-ADMM,0.01,0.01,52.156686782836914,3.71191799584404,3.711547798339052,0.009974208203740384,1.0837442054878466e-12,0.00038039850702824285,31,converged,gap_residual_and_feasibility
900,0.4710232419819081,sMEL-ADMM,0.01,0.01,4.655042,3.711880632910736,3.711547798339052,0.008967541030535243,2.9753977059954195e-14,6.89074023881844e-5,93,converged,gap_residual_and_feasibility
901,0.438429665236251,IPOPT,0.01,1.0e-10,24.014949798583984,3.7741672458741737,3.7741672458741737,0.0,9.995267724605128e-9,NaN,31,INTERRUPTED,gap_and_residual
901,0.438429665236251,MadNLP,0.01,0.01,14.110088348388672,3.774237903883144,3.7741672458741737,0.001872148327493391,7.129713486264677e-16,NaN,21,INTERRUPTED,gap_and_residual
901,0.438429665236251,ADMM,0.01,0.0001,372.47586250305176,3.7745417078515393,3.7741672458741737,0.009921711280148555,3.3306690738754696e-16,0.0002808032310451132,31,converged,gap_callback_with_solver_termination
901,0.438429665236251,MEL-ADMM,0.01,0.01,52.92844772338867,3.7745446181163897,3.7741672458741737,0.009998821399039641,3.5041414214731503e-16,0.0001840222412790686,31,converged,gap_residual_and_feasibility
901,0.438429665236251,sMEL-ADMM,0.01,0.01,4.72342,3.7745024805624086,3.7741672458741737,0.00888234851280876,3.019806626980426e-14,6.895513010933812e-5,93,converged,gap_residual_and_feasibility
902,0.3848476554730084,IPOPT,0.01,1.0e-10,22.606849670410156,3.877110101007197,3.877110101007197,0.0,9.99526778011628e-9,NaN,29,INTERRUPTED,gap_and_residual
902,0.3848476554730084,MadNLP,0.01,0.01,14.816999435424805,3.877231791218108,3.877110101007197,0.003138683394095948,7.546047120499111e-15,NaN,22,INTERRUPTED,gap_and_residual
902,0.3848476554730084,ADMM,0.01,0.0001,362.912654876709,3.8774946660229648,3.877110101007197,0.009918857235134694,1.123656723223121e-11,0.002428946677950662,30,converged,gap_callback_with_solver_termination
902,0.3848476554730084,MEL-ADMM,0.01,0.01,50.618886947631836,3.8774933364014816,3.877110101007197,0.00988456309727176,3.677613769070831e-16,0.0013119978962717674,30,converged,gap_residual_and_feasibility
902,0.3848476554730084,sMEL-ADMM,0.01,0.01,4.757547,3.877448823772653,3.877110101007197,0.008736475277503918,3.019806626980426e-14,6.915758787563557e-5,93,converged,gap_residual_and_feasibility
903,0.648721621435964,IPOPT,0.01,1.0e-10,28.882980346679688,3.3701500304250813,3.3701500304250813,0.0,9.995269667495421e-9,NaN,34,INTERRUPTED,gap_and_residual
903,0.648721621435964,MadNLP,0.01,0.01,18.627166748046875,3.3702607996201484,3.3701500304250813,0.0032867734097006118,8.857498068337577e-15,NaN,24,INTERRUPTED,gap_and_residual
903,0.648721621435964,ADMM,0.01,0.0001,439.45956230163574,3.3704560035240667,3.3701500304250813,0.009078916256639103,1.1315393066979595e-12,0.016351975869317265,36,converged,gap_callback_with_solver_termination
903,0.648721621435964,MEL-ADMM,0.01,0.01,67.38591194152832,3.37046834695717,3.3701500304250813,0.009445173930385256,3.677613769070831e-16,0.0049106472342101744,39,converged,gap_residual_and_feasibility
903,0.648721621435964,sMEL-ADMM,0.01,0.01,4.62859,3.370407293820149,3.3701500304250813,0.00763358879411779,2.8310687127941492e-14,6.126501771903589e-5,93,converged,gap_residual_and_feasibility
904,0.7403600096067815,IPOPT,0.01,1.0e-10,38.42782974243164,3.1940924812630165,3.1940924812630165,0.0,9.995268834828153e-9,NaN,42,INTERRUPTED,gap_and_residual
904,0.7403600096067815,MadNLP,0.01,0.01,30.113935470581055,3.194198233607408,3.1940924812630165,0.0033108729635116722,3.122502256758253e-17,NaN,41,INTERRUPTED,gap_and_residual
904,0.7403600096067815,ADMM,0.01,0.0001,540.6591892242432,3.1943679735512434,3.1940924812630165,0.00862505672089805,4.451161661478409e-12,0.01242227259350397,45,converged,gap_callback_with_solver_termination
904,0.7403600096067815,MEL-ADMM,0.01,0.01,78.83596420288086,3.1943915002632925,3.1940924812630165,0.009361626253158128,4.163336342344337e-16,0.008946690730084805,47,converged,gap_residual_and_feasibility
904,0.7403600096067815,sMEL-ADMM,0.01,0.01,14.563878,3.194329322562022,3.1940924812630165,0.007414979384443005,3.0753177782116836e-14,0.00010543671413012524,93,converged,gap_residual_and_feasibility
905,0.3577835139701612,IPOPT,0.01,1.0e-10,22.787094116210938,3.929106284247384,3.929106284247384,0.0,9.995267502560523e-9,NaN,29,INTERRUPTED,gap_and_residual
905,0.3577835139701612,MadNLP,0.01,0.01,14.91689682006836,3.929229426920134,3.929106284247384,0.003134114066704708,1.0073539224997319e-14,NaN,22,INTERRUPTED,gap_and_residual
905,0.3577835139701612,ADMM,0.01,0.0001,362.4267578125,3.929490671494739,3.929106284247384,0.009783070742985523,3.642919299551295e-16,0.00239569054469263,30,converged,gap_callback_with_solver_termination
905,0.3577835139701612,MEL-ADMM,0.01,0.01,51.6047477722168,3.92948962671926,3.929106284247384,0.009756480078253223,4.3787196091216174e-13,0.00129066421242241,30,converged,gap_residual_and_feasibility
905,0.3577835139701612,sMEL-ADMM,0.01,0.01,4.705583,3.929447333437623,3.929106284247384,0.008680070366293681,2.842170943040401e-14,6.926691277568849e-5,93,converged,gap_residual_and_feasibility
906,0.532180166040849,IPOPT,0.01,1.0e-10,25.506019592285156,3.5940518626397395,3.5940518626397395,0.0,9.995268668294699e-9,NaN,33,INTERRUPTED,gap_and_residual
906,0.532180166040849,MadNLP,0.01,0.01,14.661073684692383,3.5941193788119823,3.5940518626397395,0.0018785530878003632,8.680556273787943e-15,NaN,22,INTERRUPTED,gap_and_residual
906,0.532180166040849,ADMM,0.01,0.0001,399.24025535583496,3.5943998929010745,3.5940518626397395,0.00968350693413169,1.4263035197359386e-12,0.0011463045569065113,33,converged,gap_callback_with_solver_termination
906,0.532180166040849,MEL-ADMM,0.01,0.01,56.96463584899902,3.5944007193909844,3.5940518626397395,0.009706502982642721,2.0577983761427276e-13,0.0008811152237925071,33,converged,gap_residual_and_feasibility
906,0.532180166040849,sMEL-ADMM,0.01,0.01,4.669998,3.594373793848794,3.5940518626397395,0.008957333431963239,3.019806626980426e-14,6.908900495155093e-5,93,converged,gap_residual_and_feasibility
907,0.42490022442652803,IPOPT,0.01,1.0e-10,24.898052215576172,3.800160284796385,3.800160284796385,0.0,9.995268113183187e-9,NaN,32,INTERRUPTED,gap_and_residual
907,0.42490022442652803,MadNLP,0.01,0.01,14.316082000732422,3.800279857336555,3.800160284796385,0.003146513073358582,3.122502256758253e-17,NaN,21,INTERRUPTED,gap_and_residual
907,0.42490022442652803,ADMM,0.01,0.0001,371.1199760437012,3.8005348366165395,3.800160284796385,0.009856211109116489,3.677613769070831e-16,0.0002792721506721142,31,converged,gap_callback_with_solver_termination
907,0.42490022442652803,MEL-ADMM,0.01,0.01,51.329851150512695,3.800537721463842,3.800160284796385,0.00993212494132818,3.5735303605122226e-16,0.00018242183603942724,31,converged,gap_residual_and_feasibility
907,0.42490022442652803,sMEL-ADMM,0.01,0.01,4.8142879999999995,3.8004961857365696,3.800160284796385,0.008839125589736228,3.0531133177191805e-14,6.89946425431404e-5,93,converged,gap_residual_and_feasibility
908,0.7129326947737706,IPOPT,0.01,1.0e-10,24.976015090942383,3.2467864005470997,3.2467864005470997,0.0,9.995267169493616e-9,NaN,32,INTERRUPTED,gap_and_residual
908,0.7129326947737706,MadNLP,0.01,0.01,14.299869537353516,3.246894053474255,3.2467864005470997,0.003315676298791031,2.7755575615628914e-17,NaN,21,INTERRUPTED,gap_and_residual
908,0.7129326947737706,ADMM,0.01,0.0001,506.12568855285645,3.2470679666208753,3.2467864005470997,0.008672146517804877,4.440892098500626e-16,0.014247615039180308,42,converged,gap_callback_with_solver_termination
908,0.7129326947737706,MEL-ADMM,0.01,0.01,73.60124588012695,3.2471012562702284,3.2467864005470997,0.009697457248055234,3.122502256758253e-16,0.008834166396950938,44,converged,gap_residual_and_feasibility
908,0.7129326947737706,sMEL-ADMM,0.01,0.01,4.641458999999999,3.2470243009909048,3.2467864005470997,0.00732725884785736,3.008704396734174e-14,8.628044185767826e-5,93,converged,gap_residual_and_feasibility
909,0.42976407377533554,IPOPT,0.01,1.0e-10,24.74498748779297,3.7908157577598764,3.7908157577598764,0.0,9.995267058471313e-9,NaN,32,INTERRUPTED,gap_and_residual
909,0.42976407377533554,MadNLP,0.01,0.01,15.008926391601562,3.7909350781050435,3.7908157577598764,0.0031476165762682816,2.7755575615628914e-17,NaN,22,INTERRUPTED,gap_and_residual
909,0.42976407377533554,ADMM,0.01,0.0001,371.2427616119385,3.791190297402248,3.7908157577598764,0.009880185857222465,3.5571545708990016e-12,0.00027996159676197535,31,converged,gap_callback_with_solver_termination
909,0.42976407377533554,MEL-ADMM,0.01,0.01,51.34844779968262,3.7911931665267002,3.7908157577598764,0.009955872058704813,2.435551760271437e-12,0.00018299722338601526,31,converged,gap_residual_and_feasibility
909,0.42976407377533554,sMEL-ADMM,0.01,0.01,4.603335,3.7911513997022652,3.7908157577598764,0.008854082177476179,3.0309088572266774e-14,6.897916601341595e-5,93,converged,gap_residual_and_feasibility
910,0.5984486998377455,IPOPT,0.01,1.0e-10,28.682947158813477,3.4667353975672968,3.4667353975672968,0.0,9.995268390738943e-9,NaN,34,INTERRUPTED,gap_and_residual
910,0.5984486998377455,MadNLP,0.01,0.01,18.270015716552734,3.4668479430769095,3.4667353975672968,0.0032464407203295956,2.42861286636753e-17,NaN,24,INTERRUPTED,gap_and_residual
910,0.5984486998377455,ADMM,0.01,0.0001,391.37721061706543,3.467073786945567,3.4667353975672968,0.009761038540977198,3.191891195797325e-16,0.01934716165148226,32,converged,gap_callback_with_solver_termination
910,0.5984486998377455,MEL-ADMM,0.01,0.01,62.44325637817383,3.4670631285642624,3.4667353975672968,0.009453591329628721,3.2612801348363973e-16,0.002658358196729327,36,converged,gap_residual_and_feasibility
910,0.5984486998377455,sMEL-ADMM,0.01,0.01,4.6906609999999995,3.467023455547674,3.4667353975672968,0.008309200078534123,2.930988785010413e-14,6.656455275904066e-5,93,converged,gap_residual_and_feasibility
911,0.30206898692696976,IPOPT,0.01,1.0e-10,27.415990829467773,4.036146175277089,4.036146175277089,0.0,9.99526778011628e-9,NaN,34,INTERRUPTED,gap_and_residual
911,0.30206898692696976,MadNLP,0.01,0.01,18.296003341674805,4.03627717450054,4.036146175277089,0.003245651117728971,6.58349243176648e-15,NaN,26,INTERRUPTED,gap_and_residual
911,0.30206898692696976,ADMM,0.01,0.0001,317.8999423980713,4.036549095260629,4.036146175277089,0.009982789672172896,2.867206472245698e-12,0.025385688707868937,26,converged,gap_callback_with_solver_termination
911,0.30206898692696976,MEL-ADMM,0.01,0.01,50.44364929199219,4.036529795330496,4.036146175277089,0.009504612487944623,4.3021142204224816e-16,0.0012467053572100296,30,converged,gap_residual_and_feasibility
911,0.30206898692696976,sMEL-ADMM,0.01,0.01,4.608294,4.036493743813969,4.036146175277089,0.008611396163212272,2.964295475749168e-14,6.946633520816918e-5,93,converged,gap_residual_and_feasibility
912,0.3137852994704594,IPOPT,0.01,1.0e-10,37.48202323913574,4.013636555533697,4.013636555533697,0.0,9.995268168694338e-9,NaN,45,INTERRUPTED,gap_and_residual
912,0.3137852994704594,MadNLP,0.01,0.01,25.118112564086914,4.013727404431967,4.013636555533697,0.00226350585094185,6.369904603786836e-15,NaN,34,INTERRUPTED,gap_and_residual
912,0.3137852994704594,ADMM,0.01,0.0001,363.41357231140137,4.014020598709674,4.013636555533697,0.009568459193134123,6.338596314492406e-12,0.002340067563141205,30,converged,gap_callback_with_solver_termination
912,0.3137852994704594,MEL-ADMM,0.01,0.01,50.379276275634766,4.014020116414918,4.013636555533697,0.009556442789818598,3.5388358909926865e-16,0.001255947960040648,30,converged,gap_residual_and_feasibility
912,0.3137852994704594,sMEL-ADMM,0.01,0.01,4.651495000000001,4.013982793234902,4.013636555533697,0.008626533479408659,2.942091015256665e-14,6.943006179727096e-5,93,converged,gap_residual_and_feasibility
913,0.526920636181357,IPOPT,0.01,1.0e-10,25.43807029724121,3.6041565791814665,3.6041565791814665,0.0,9.995268612783548e-9,NaN,33,INTERRUPTED,gap_and_residual
913,0.526920636181357,MadNLP,0.01,0.01,14.544010162353516,3.6042241725380024,3.6041565791814665,0.001875427858111962,9.22005527481673e-15,NaN,22,INTERRUPTED,gap_and_residual
913,0.526920636181357,ADMM,0.01,0.0001,386.34347915649414,3.604514300170024,3.6041565791814665,0.009925234398076714,8.375411475469718e-12,0.001158825241295569,32,converged,gap_callback_with_solver_termination
913,0.526920636181357,MEL-ADMM,0.01,0.01,54.23903465270996,3.6045157013884355,3.6041565791814665,0.009964112243163048,3.885780586188048e-16,0.0030132271780349846,32,converged,gap_residual_and_feasibility
913,0.526920636181357,sMEL-ADMM,0.01,0.01,4.844627,3.604479904458161,3.6041565791814665,0.008970899837202671,3.008704396734174e-14,6.908563030348907e-5,93,converged,gap_residual_and_feasibility
914,0.34971953202584777,IPOPT,0.01,1.0e-10,26.637792587280273,3.944598971601896,3.944598971601896,0.0,9.995268113183187e-9,NaN,33,INTERRUPTED,gap_and_residual
914,0.34971953202584777,MadNLP,0.01,0.01,18.43714714050293,3.9447223307411443,3.944598971601896,0.0031272922833608025,7.485331798839923e-15,NaN,26,INTERRUPTED,gap_and_residual
914,0.34971953202584777,ADMM,0.01,0.0001,362.12706565856934,3.944983287142138,3.944598971601896,0.00974282919528951,5.655309553986854e-12,0.002385643227718285,30,converged,gap_callback_with_solver_termination
914,0.34971953202584777,MEL-ADMM,0.01,0.01,51.22804641723633,3.9449823513412636,3.944598971601896,0.009719105595468448,3.0531133177191805e-16,0.0012843028430244985,30,converged,gap_residual_and_feasibility
914,0.34971953202584777,sMEL-ADMM,0.01,0.01,4.585497,3.944940851477769,3.944598971601896,0.008667037595823329,2.808864252301646e-14,6.929944220318562e-5,93,converged,gap_residual_and_feasibility
915,0.2660451743200934,IPOPT,0.01,1.0e-10,33.11586380004883,4.105355862239492,4.105355862239492,0.0,9.995267502560523e-9,NaN,40,INTERRUPTED,gap_and_residual
915,0.2660451743200934,MadNLP,0.01,0.01,22.706985473632812,4.105502919135185,4.105355862239492,0.0035820742617276758,8.076872504148014e-15,NaN,31,INTERRUPTED,gap_and_residual
915,0.2660451743200934,ADMM,0.01,0.0001,328.8424015045166,4.105759515102314,4.105355862239492,0.009832347703026224,2.948197241892103e-13,0.02538472530626764,26,converged,gap_callback_with_solver_termination
915,0.2660451743200934,MEL-ADMM,0.01,0.01,50.771236419677734,4.10573976232073,4.105355862239492,0.009351201068080163,4.3021142204224816e-16,0.0012319168373337921,30,converged,gap_residual_and_feasibility
915,0.2660451743200934,sMEL-ADMM,0.01,0.01,4.653339,4.1057065973656615,4.105355862239492,0.008543355020591566,2.986499936241671e-14,6.954525775733182e-5,93,converged,gap_residual_and_feasibility
916,0.3669595363063312,IPOPT,0.01,1.0e-10,23.39911460876465,3.9114771221046505,3.9114771221046505,0.0,9.995268002160884e-9,NaN,30,INTERRUPTED,gap_and_residual
916,0.3669595363063312,MadNLP,0.01,0.01,15.574932098388672,3.9115997761437176,3.9114771221046505,0.00313574732097848,2.7755575615628914e-17,NaN,23,INTERRUPTED,gap_and_residual
916,0.3669595363063312,ADMM,0.01,0.0001,362.83159255981445,3.911861540688588,3.9114771221046505,0.009827964524328579,8.180789379252928e-12,0.002407136238922296,30,converged,gap_callback_with_solver_termination
916,0.3669595363063312,MEL-ADMM,0.01,0.01,51.06234550476074,3.9118604244805266,3.9114771221046505,0.009799427784199696,3.655929725621121e-16,0.0012979008943702942,30,converged,gap_residual_and_feasibility
916,0.3669595363063312,sMEL-ADMM,0.01,0.01,4.667878,3.9118173107069767,3.9114771221046505,0.008697190133203758,2.919886554764162e-14,6.923029636003372e-5,93,converged,gap_residual_and_feasibility
917,0.7098074788583117,IPOPT,0.01,1.0e-10,20.656824111938477,3.252790629404248,3.252790629404248,0.0,9.995267169493616e-9,NaN,26,INTERRUPTED,gap_and_residual
917,0.7098074788583117,MadNLP,0.01,0.01,13.108015060424805,3.2528984724338112,3.252790629404248,0.0033154002777946914,2.7755575615628914e-17,NaN,19,INTERRUPTED,gap_and_residual
917,0.7098074788583117,ADMM,0.01,0.0001,493.1821823120117,3.2530961707031536,3.252790629404248,0.009393205211048535,1.8609724872220568e-11,0.014324579530797011,41,converged,gap_callback_with_solver_termination
917,0.7098074788583117,MEL-ADMM,0.01,0.01,73.17161560058594,3.253093520544597,3.252790629404248,0.009311731828389087,3.7816971776294395e-16,0.006974056355590586,44,converged,gap_residual_and_feasibility
917,0.7098074788583117,sMEL-ADMM,0.01,0.01,4.603586,3.2530289602671103,3.252790629404248,0.007326965981393398,2.8976820942716586e-14,8.28868901257664e-5,93,converged,gap_residual_and_feasibility
918,0.5503094298555711,IPOPT,0.01,1.0e-10,30.286073684692383,3.559221549503036,3.559221549503036,0.0,9.995268390738943e-9,NaN,35,INTERRUPTED,gap_and_residual
918,0.5503094298555711,MadNLP,0.01,0.01,20.106077194213867,3.559335768778785,3.559221549503036,0.0032091083446325313,3.122502256758253e-17,NaN,25,INTERRUPTED,gap_and_residual
918,0.5503094298555711,ADMM,0.01,0.0001,411.95058822631836,3.5595623913317525,3.559221549503036,0.009576302682369161,4.544975507059235e-16,0.0009506886454330385,34,converged,gap_callback_with_solver_termination
918,0.5503094298555711,MEL-ADMM,0.01,0.01,55.94801902770996,3.5595759408496153,3.559221549503036,0.00995699036011998,4.0939474033052647e-16,0.0037979459829607706,33,converged,gap_residual_and_feasibility
918,0.5503094298555711,sMEL-ADMM,0.01,0.01,4.7945,3.559538269769255,3.559221549503036,0.008898582507826623,2.930988785010413e-14,6.91150183387175e-5,93,converged,gap_residual_and_feasibility
919,0.5001853205902966,IPOPT,0.01,1.0e-10,24.821043014526367,3.6555210153418036,3.6555210153418036,0.0,9.995268057672035e-9,NaN,32,INTERRUPTED,gap_and_residual
919,0.5001853205902966,MadNLP,0.01,0.01,14.07003402709961,3.655589195497176,3.6555210153418036,0.001865128256312373,6.571132527000145e-15,NaN,21,INTERRUPTED,gap_and_residual
919,0.5001853205902966,ADMM,0.01,0.0001,374.93348121643066,3.655885538172261,3.6555210153418036,0.009971843382312471,3.608224830031759e-16,0.002786162332758531,31,converged,gap_callback_with_solver_termination
919,0.5001853205902966,MEL-ADMM,0.01,0.01,54.76737022399902,3.655881861206236,3.6555210153418036,0.009871256735168098,8.318734590062604e-12,0.0003313850027810046,32,converged,gap_residual_and_feasibility
919,0.5001853205902966,sMEL-ADMM,0.01,0.01,4.721409,3.6558501283487645,3.6555210153418036,0.009003176444060209,2.930988785010413e-14,6.897324220435028e-5,93,converged,gap_residual_and_feasibility
920,0.7211341561152502,IPOPT,0.01,1.0e-10,38.93589973449707,3.231029584957579,3.231029584957579,0.0,9.995268002160884e-9,NaN,46,INTERRUPTED,gap_and_residual
920,0.7211341561152502,MadNLP,0.01,0.01,27.23383903503418,3.2311367125246644,3.231029584957579,0.0033155860776992317,4.163336342344337e-17,NaN,36,INTERRUPTED,gap_and_residual
920,0.7211341561152502,ADMM,0.01,0.0001,504.8367977142334,3.2313484157873265,3.231029584957579,0.009867778098709333,8.721190436489223e-12,0.014248625755142602,42,converged,gap_callback_with_solver_termination
920,0.7211341561152502,MEL-ADMM,0.01,0.01,75.50501823425293,3.231333692631519,3.231029584957579,0.009412098092683945,3.8163916471489756e-16,0.008019798066075112,45,converged,gap_residual_and_feasibility
920,0.7211341561152502,sMEL-ADMM,0.01,0.01,4.61925,3.231266617147129,3.231029584957579,0.007336119441724927,2.964295475749168e-14,9.446449524125365e-5,93,converged,gap_residual_and_feasibility
921,0.5853392935547325,IPOPT,0.01,1.0e-10,25.36296844482422,3.491921457549657,3.491921457549657,0.0,9.995267946649733e-9,NaN,33,INTERRUPTED,gap_and_residual
921,0.5853392935547325,MadNLP,0.01,0.01,14.616966247558594,3.4920344546980258,3.491921457549657,0.003235959048407933,8.645861804268407e-15,NaN,22,INTERRUPTED,gap_and_residual
921,0.5853392935547325,ADMM,0.01,0.0001,391.6659355163574,3.4922687322477484,3.491921457549657,0.009945089038032684,4.0245584642661925e-16,0.019345260043152852,32,converged,gap_callback_with_solver_termination
921,0.5853392935547325,MEL-ADMM,0.01,0.01,60.50705909729004,3.4922584160288364,3.491921457549657,0.009649658025696888,4.3021142204224816e-16,0.003455190106936269,35,converged,gap_residual_and_feasibility
921,0.5853392935547325,sMEL-ADMM,0.01,0.01,4.5862050000000005,3.492217992849757,3.491921457549657,0.008492038085770813,2.9531932455029164e-14,6.757211699442989e-5,93,converged,gap_residual_and_feasibility
922,0.4001024222285051,IPOPT,0.01,1.0e-10,23.432016372680664,3.8478023305234523,3.8478023305234523,0.0,9.995267058471313e-9,NaN,30,INTERRUPTED,gap_and_residual
922,0.4001024222285051,MadNLP,0.01,0.01,14.719963073730469,3.847875631809506,3.8478023305234523,0.0019050169358336298,6.8833827526759706e-15,NaN,22,INTERRUPTED,gap_and_residual
922,0.4001024222285051,ADMM,0.01,0.0001,362.87689208984375,3.8481870051207796,3.8478023305234523,0.009997254647822348,3.2612801348363973e-16,0.0024476698355813675,30,converged,gap_callback_with_solver_termination
922,0.4001024222285051,MEL-ADMM,0.01,0.01,50.10366439819336,3.848185523785348,3.8478023305234523,0.009958756427165292,3.677613769070831e-16,0.0013240058916208046,30,converged,gap_residual_and_feasibility
922,0.4001024222285051,sMEL-ADMM,0.01,0.01,4.601751,3.84813983055882,3.8478023305234523,0.008771241513383488,2.919886554764162e-14,6.909058738367897e-5,93,converged,gap_residual_and_feasibility
923,0.6794937394150021,IPOPT,0.01,1.0e-10,24.332046508789062,3.311030006796813,3.311030006796813,0.0,9.995267058471313e-9,NaN,31,INTERRUPTED,gap_and_residual
923,0.6794937394150021,MadNLP,0.01,0.01,15.387773513793945,3.3111038391072354,3.311030006796813,0.002229889498759871,8.090750291955828e-15,NaN,23,INTERRUPTED,gap_and_residual
923,0.6794937394150021,ADMM,0.01,0.0001,463.4578227996826,3.3113470531409903,3.311030006796813,0.009575459706691247,4.1155967522854553e-13,0.015092995078718563,38,converged,gap_callback_with_solver_termination
923,0.6794937394150021,MEL-ADMM,0.01,0.01,72.44706153869629,3.3113569483402423,3.311030006796813,0.009874315326594212,3.3306690738754696e-16,0.007919320778331062,41,converged,gap_residual_and_feasibility
923,0.6794937394150021,sMEL-ADMM,0.01,0.01,4.595499,3.3112753472109593,3.311030006796813,0.007409791323021113,2.986499936241671e-14,6.126475886274359e-5,93,converged,gap_residual_and_feasibility
924,0.27112963584422706,IPOPT,0.01,1.0e-10,31.834840774536133,4.095587490570894,4.095587490570894,0.0,9.99526783562743e-9,NaN,38,INTERRUPTED,gap_and_residual
924,0.27112963584422706,MadNLP,0.01,0.01,29.732942581176758,4.095729943113409,4.095587490570894,0.0034781955663954005,8.201772594418344e-15,NaN,40,INTERRUPTED,gap_and_residual
924,0.27112963584422706,ADMM,0.01,0.0001,322.7214813232422,4.095991143484661,4.095587490570894,0.00985580004569056,3.469446951953614e-16,0.025384725284162968,26,converged,gap_callback_with_solver_termination
924,0.27112963584422706,MEL-ADMM,0.01,0.01,50.25625228881836,4.095971335955943,4.095587490570894,0.009372169094962397,3.885780586188048e-16,0.0012319171378075491,30,converged,gap_residual_and_feasibility
924,0.27112963584422706,sMEL-ADMM,0.01,0.01,4.728874,4.095937871320583,4.095587490570894,0.00855507910636524,2.964295475749168e-14,6.953658100815503e-5,93,converged,gap_residual_and_feasibility
925,0.6679121372656048,IPOPT,0.01,1.0e-10,26.009082794189453,3.3332808181706675,3.3332808181706675,0.0,9.995268668294699e-9,NaN,34,INTERRUPTED,gap_and_residual
925,0.6679121372656048,MadNLP,0.01,0.01,17.49587059020996,3.333390766925284,3.3332808181706675,0.0032985146050995198,2.7755575615628914e-17,NaN,27,INTERRUPTED,gap_and_residual
925,0.6679121372656048,ADMM,0.01,0.0001,450.6721496582031,3.3336005664230024,3.3332808181706675,0.00959259869711247,9.184319971211607e-12,0.015581769661861377,37,converged,gap_callback_with_solver_termination
925,0.6679121372656048,MEL-ADMM,0.01,0.01,70.85704803466797,3.333581744090202,3.3332808181706675,0.009027919816840327,3.7816971776294395e-16,0.0029127452005231376,41,converged,gap_residual_and_feasibility
925,0.6679121372656048,sMEL-ADMM,0.01,0.01,4.685042,3.333530030469707,3.3332808181706675,0.007476486759857599,2.8310687127941492e-14,6.126486878958899e-5,93,converged,gap_residual_and_feasibility
926,0.5425066694505695,IPOPT,0.01,1.0e-10,25.37393569946289,3.574212372683409,3.574212372683409,0.0,9.995269556473119e-9,NaN,33,INTERRUPTED,gap_and_residual
926,0.5425066694505695,MadNLP,0.01,0.01,14.767885208129883,3.5743268760822953,3.574212372683409,0.0032035980783120957,2.7755575615628914e-17,NaN,22,INTERRUPTED,gap_and_residual
926,0.5425066694505695,ADMM,0.01,0.0001,399.9905586242676,3.5745568878254432,3.574212372683409,0.009638910789606759,3.400058012914542e-16,0.0022307374575958085,33,converged,gap_callback_with_solver_termination
926,0.5425066694505695,MEL-ADMM,0.01,0.01,56.41889572143555,3.574560325224045,3.574212372683409,0.009735082987656005,3.469446951953614e-16,0.0020878372135888727,33,converged,gap_residual_and_feasibility
926,0.5425066694505695,sMEL-ADMM,0.01,0.01,4.776412,3.574531432128828,3.574212372683409,0.008926706422300526,2.919886554764162e-14,6.911005919719732e-5,93,converged,gap_residual_and_feasibility
927,0.3064836869078528,IPOPT,0.01,1.0e-10,51.820993423461914,4.027664563209984,4.027664563209984,0.0,9.995267946649733e-9,NaN,54,INTERRUPTED,gap_and_residual
927,0.3064836869078528,MadNLP,0.01,0.01,28.657913208007812,4.0277944329976005,4.027664563209984,0.003224443981822485,6.904199434387692e-15,NaN,37,INTERRUPTED,gap_and_residual
927,0.3064836869078528,ADMM,0.01,0.0001,315.7346248626709,4.028067315055944,4.027664563209984,0.009999637249805156,3.3306690738754696e-16,0.0253859141575809,26,converged,gap_callback_with_solver_termination
927,0.3064836869078528,MEL-ADMM,0.01,0.01,50.42243003845215,4.028048161099025,4.027664563209984,0.00952407736594186,3.5388358909926865e-16,0.0012501878035193759,30,converged,gap_residual_and_feasibility
927,0.3064836869078528,sMEL-ADMM,0.01,0.01,4.63734,4.02801163584778,4.027664563209984,0.008617218051526718,3.008704396734174e-14,6.945312047305051e-5,93,converged,gap_residual_and_feasibility
928,0.611793938011277,IPOPT,0.01,1.0e-10,27.807950973510742,3.4410962525243223,3.4410962525243223,0.0,9.995268446250094e-9,NaN,33,INTERRUPTED,gap_and_residual
928,0.611793938011277,MadNLP,0.01,0.01,17.83609390258789,3.441208470227265,3.4410962525243223,0.003261103285343308,2.7755575615628914e-17,NaN,23,INTERRUPTED,gap_and_residual
928,0.611793938011277,ADMM,0.01,0.0001,400.4015922546387,3.4414305028177763,3.4410962525243223,0.009713482824225555,3.5041414214731503e-16,0.01924272332184485,33,converged,gap_callback_with_solver_termination
928,0.611793938011277,MEL-ADMM,0.01,0.01,63.92478942871094,3.441417276005237,3.4410962525243223,0.009329104952500679,4.354155924701786e-16,0.0022195502629115856,37,converged,gap_residual_and_feasibility
928,0.611793938011277,sMEL-ADMM,0.01,0.01,4.670706999999999,3.4413759444247454,3.4410962525243223,0.008127988289136613,2.8199664825478976e-14,6.530700695465096e-5,93,converged,gap_residual_and_feasibility
929,0.3702572405331903,IPOPT,0.01,1.0e-10,23.324966430664062,3.905141505169096,3.905141505169096,0.0,9.995268557272396e-9,NaN,30,INTERRUPTED,gap_and_residual
929,0.3702572405331903,MadNLP,0.01,0.01,14.725923538208008,3.905216427144501,3.905141505169096,0.0019185470054252465,6.29704621779581e-15,NaN,22,INTERRUPTED,gap_and_residual
929,0.3702572405331903,ADMM,0.01,0.0001,360.51344871520996,3.9055259470607115,3.905141505169096,0.00984450604688233,8.723266553545272e-11,0.0024112473677090213,30,converged,gap_callback_with_solver_termination
929,0.3702572405331903,MEL-ADMM,0.01,0.01,51.1167049407959,3.905524793586109,3.905141505169096,0.009814968715111559,3.5388358909926865e-16,0.0013005007692610676,30,converged,gap_residual_and_feasibility
929,0.3702572405331903,sMEL-ADMM,0.01,0.01,4.65038,3.9054814114359098,3.905141505169096,0.008704070425206961,2.942091015256665e-14,6.921712947101106e-5,93,converged,gap_residual_and_feasibility
930,0.45049537998358874,IPOPT,0.01,1.0e-10,21.87800407409668,3.7509863474569674,3.7509863474569674,0.0,9.99526778011628e-9,NaN,28,INTERRUPTED,gap_and_residual
930,0.45049537998358874,MadNLP,0.01,0.01,13.694047927856445,3.751104612520863,3.7509863474569674,0.003152905741071632,6.598888102615774e-15,NaN,20,INTERRUPTED,gap_and_residual
930,0.45049537998358874,ADMM,0.01,0.0001,382.509708404541,3.751360765991212,3.7509863474569674,0.009981868755622415,4.224248728590396e-11,3.7380066466488615e-5,32,converged,gap_callback_with_solver_termination
930,0.45049537998358874,MEL-ADMM,0.01,0.01,54.196834564208984,3.751361429762199,3.7509863474569674,0.0099995646607945,2.3867574583391615e-11,2.528646002259924e-5,32,converged,gap_residual_and_feasibility
930,0.45049537998358874,sMEL-ADMM,0.01,0.01,4.61371,3.751320887980652,3.7509863474569674,0.008918734772557644,2.8754776337791554e-14,6.892904268593954e-5,93,converged,gap_residual_and_feasibility
931,0.6223001688445022,IPOPT,0.01,1.0e-10,42.87099838256836,3.4209114665590707,3.4209114665590707,0.0,9.995268113183187e-9,NaN,49,INTERRUPTED,gap_and_residual
931,0.6223001688445022,MadNLP,0.01,0.01,29.45399284362793,3.421023215710119,3.4209114665590707,0.003266648439770421,2.7755575615628914e-17,NaN,40,INTERRUPTED,gap_and_residual
931,0.6223001688445022,ADMM,0.01,0.0001,411.3783836364746,3.421235642301096,3.4209114665590707,0.009476297331700325,1.7970069876582784e-12,0.017480959827847385,34,converged,gap_callback_with_solver_termination
931,0.6223001688445022,MEL-ADMM,0.01,0.01,67.5959587097168,3.4212457215093313,3.4209114665590707,0.00977093249936474,3.7470027081099033e-16,0.0054273294802841265,37,converged,gap_residual_and_feasibility
931,0.6223001688445022,sMEL-ADMM,0.01,0.01,4.606921,3.4211843659990313,3.4209114665590707,0.00797738972868121,2.808864252301646e-14,6.407638512171375e-5,93,converged,gap_residual_and_feasibility
932,0.5036589840060844,IPOPT,0.01,1.0e-10,24.714946746826172,3.6488473420068095,3.6488473420068095,0.0,9.995268113183187e-9,NaN,32,INTERRUPTED,gap_and_residual
932,0.5036589840060844,MadNLP,0.01,0.01,14.113187789916992,3.6489154239653665,3.6488473420068095,0.0018658483673248203,6.978792543854695e-15,NaN,21,INTERRUPTED,gap_and_residual
932,0.5036589840060844,ADMM,0.01,0.0001,373.2156753540039,3.649207873965739,3.6488473420068095,0.00988070821102649,5.519473766923966e-13,0.0014708083360476,31,converged,gap_callback_with_solver_termination
932,0.5036589840060844,MEL-ADMM,0.01,0.01,54.09812927246094,3.6492068872475243,3.6488473420068095,0.009853666295533586,1.59539048638635e-13,0.00045087077668153064,32,converged,gap_residual_and_feasibility
932,0.5036589840060844,sMEL-ADMM,0.01,0.01,4.660251,3.649175810164597,3.6488473420068095,0.00900197040325225,2.942091015256665e-14,6.898933483244756e-5,93,converged,gap_residual_and_feasibility
933,0.5581902826406613,IPOPT,0.01,1.0e-10,29.15501594543457,3.544080693641805,3.544080693641805,0.0,9.995268557272396e-9,NaN,34,INTERRUPTED,gap_and_residual
933,0.5581902826406613,MadNLP,0.01,0.01,19.2410945892334,3.544194634881935,3.544080693641805,0.0032149730770663046,3.469446951953614e-17,NaN,24,INTERRUPTED,gap_and_residual
933,0.5581902826406613,ADMM,0.01,0.0001,410.9671115875244,3.544419274255415,3.544080693641805,0.009553411529743986,1.383337888682945e-13,0.002178875119800191,34,converged,gap_callback_with_solver_termination
933,0.5581902826406613,MEL-ADMM,0.01,0.01,58.68244171142578,3.544420827571557,3.544080693641805,0.009597239994066602,3.365363543395006e-16,0.0015672894540667871,34,converged,gap_residual_and_feasibility
933,0.5581902826406613,sMEL-ADMM,0.01,0.01,4.640964,3.544394540174976,3.544080693641805,0.008855513186648194,2.8976820942716586e-14,6.904620171566036e-5,93,converged,gap_residual_and_feasibility
934,0.5307189278240935,IPOPT,0.01,1.0e-10,25.671005249023438,3.596859223444738,3.596859223444738,0.0,9.995268224205489e-9,NaN,33,INTERRUPTED,gap_and_residual
934,0.5307189278240935,MadNLP,0.01,0.01,14.65916633605957,3.596926759987247,3.596859223444738,0.0018776532055777165,7.993605777301127e-15,NaN,22,INTERRUPTED,gap_and_residual
934,0.5307189278240935,ADMM,0.01,0.0001,398.2584476470947,3.5972078446606632,3.596859223444738,0.00969237866338519,4.163336342344337e-16,0.0009204331425485476,33,converged,gap_callback_with_solver_termination
934,0.5307189278240935,MEL-ADMM,0.01,0.01,56.31399154663086,3.597208521189989,3.596859223444738,0.009711187554249864,3.426078865054194e-16,0.0007758256273357363,33,converged,gap_residual_and_feasibility
934,0.5307189278240935,sMEL-ADMM,0.01,0.01,4.692005,3.597181553769064,3.596859223444738,0.008961438418963966,2.930988785010413e-14,6.908912109816583e-5,93,converged,gap_residual_and_feasibility
935,0.6735668924574718,IPOPT,0.01,1.0e-10,24.253129959106445,3.3224167866216225,3.3224167866216225,0.0,9.995268224205489e-9,NaN,31,INTERRUPTED,gap_and_residual
935,0.6735668924574718,MadNLP,0.01,0.01,15.458106994628906,3.3224898817079844,3.3224167866216225,0.0022000577006538475,1.0477729794899915e-15,NaN,23,INTERRUPTED,gap_and_residual
935,0.6735668924574718,ADMM,0.01,0.0001,461.52281761169434,3.3227141879761355,3.3224167866216225,0.0089513560041743,1.922906278650771e-12,0.015295942920467846,38,converged,gap_callback_with_solver_termination
935,0.6735668924574718,MEL-ADMM,0.01,0.01,71.41685485839844,3.3227241443754885,3.3224167866216225,0.009251029404364916,4.0245584642661925e-16,0.004945140671495606,41,converged,gap_residual_and_feasibility
935,0.6735668924574718,sMEL-ADMM,0.01,0.01,4.592453,3.3226640439743282,3.3224167866216225,0.007442093168482955,2.9753977059954195e-14,6.12648170401648e-5,93,converged,gap_residual_and_feasibility
936,0.669857374606101,IPOPT,0.01,1.0e-10,31.692981719970703,3.32954358833127,3.32954358833127,0.0,9.995267891138582e-9,NaN,39,INTERRUPTED,gap_and_residual
936,0.669857374606101,MadNLP,0.01,0.01,21.57115936279297,3.329616215200289,3.32954358833127,0.0021812860259074036,9.582612481295882e-15,NaN,31,INTERRUPTED,gap_and_residual
936,0.669857374606101,ADMM,0.01,0.0001,448.96578788757324,3.3298742341216125,3.32954358833127,0.009930664115684168,6.076583680680869e-12,0.015513170586923815,37,converged,gap_callback_with_solver_termination
936,0.669857374606101,MEL-ADMM,0.01,0.01,71.14458084106445,3.329845686778105,3.32954358833127,0.009073269017828393,3.7470027081099033e-16,0.003518309679235809,41,converged,gap_residual_and_feasibility
936,0.669857374606101,sMEL-ADMM,0.01,0.01,4.661455999999999,3.3297921110798256,3.32954358833127,0.007464168645412943,3.008704396734174e-14,6.126485153284955e-5,93,converged,gap_residual_and_feasibility
937,0.6397095030183244,IPOPT,0.01,1.0e-10,34.07907485961914,3.387464297000902,3.387464297000902,0.0,9.995268002160884e-9,NaN,39,INTERRUPTED,gap_and_residual
937,0.6397095030183244,MadNLP,0.01,0.01,23.389101028442383,3.3875754175077,3.387464297000902,0.0032803447373962514,7.376044219853384e-15,NaN,33,INTERRUPTED,gap_and_residual
937,0.6397095030183244,ADMM,0.01,0.0001,425.6021976470947,3.387780261134933,3.387464297000902,0.009327452818045605,2.1820323325982827e-12,0.016764987451019862,35,converged,gap_callback_with_solver_termination
937,0.6397095030183244,MEL-ADMM,0.01,0.01,65.09685516357422,3.387803026352248,3.387464297000902,0.00999949583662349,3.8163916471489756e-16,0.0068984072215228405,38,converged,gap_residual_and_feasibility
937,0.6397095030183244,sMEL-ADMM,0.01,0.01,4.640289,3.387726358244134,3.387464297000902,0.007736206798224918,2.930988785010413e-14,6.170383776912293e-5,93,converged,gap_residual_and_feasibility
938,0.3765206276984674,IPOPT,0.01,1.0e-10,22.575855255126953,3.893108157400957,3.893108157400957,0.0,9.995267613582826e-9,NaN,29,INTERRUPTED,gap_and_residual
938,0.3765206276984674,MadNLP,0.01,0.01,14.926910400390625,3.893230297534696,3.893108157400957,0.003137342421551256,6.817463260588852e-15,NaN,22,INTERRUPTED,gap_and_residual
938,0.3765206276984674,ADMM,0.01,0.0001,361.4013195037842,3.8934927254580076,3.893108157400957,0.00987817552203352,2.983724378680108e-16,0.0024190385675836867,30,converged,gap_callback_with_solver_termination
938,0.3765206276984674,MEL-ADMM,0.01,0.01,51.123619079589844,3.893491421568686,3.893108157400957,0.009844683277053796,5.069278330438465e-13,0.0013054376619396901,30,converged,gap_residual_and_feasibility
938,0.3765206276984674,sMEL-ADMM,0.01,0.01,4.7908669999999995,3.8934475574404765,3.893108157400957,0.008717970983528578,2.90878432451791e-14,6.919236219614724e-5,93,converged,gap_residual_and_feasibility
939,0.3091273568345448,IPOPT,0.01,1.0e-10,31.64386749267578,4.022585490374056,4.022585490374056,0.0,9.995268057672035e-9,NaN,39,INTERRUPTED,gap_and_residual
939,0.3091273568345448,MadNLP,0.01,0.01,23.020029067993164,4.02271438268056,4.022585490374056,0.0032042154681837538,5.880712583561376e-15,NaN,32,INTERRUPTED,gap_and_residual
939,0.3091273568345448,ADMM,0.01,0.0001,362.78343200683594,4.022969498333857,4.022585490374056,0.009546297045003406,3.3306690738754696e-16,0.0023340039523482535,30,converged,gap_callback_with_solver_termination
939,0.3091273568345448,MEL-ADMM,0.01,0.01,50.19569396972656,4.022969074899981,4.022585490374056,0.009535770634153184,4.510281037539698e-16,0.0012522732955571707,30,converged,gap_residual_and_feasibility
939,0.3091273568345448,sMEL-ADMM,0.01,0.01,4.655714,4.022932262345921,4.022585490374056,0.008620624041289581,2.964295475749168e-14,6.944487816255059e-5,93,converged,gap_residual_and_feasibility
940,0.5774708866887683,IPOPT,0.01,1.0e-10,25.335073471069336,3.5070384020560286,3.5070384020560286,0.0,9.995267946649733e-9,NaN,33,INTERRUPTED,gap_and_residual
940,0.5774708866887683,MadNLP,0.01,0.01,14.60719108581543,3.507151671324492,3.5070384020560286,0.0032297698364788102,3.122502256758253e-17,NaN,22,INTERRUPTED,gap_and_residual
940,0.5774708866887683,ADMM,0.01,0.0001,376.5063285827637,3.5073742096098393,3.5070384020560286,0.009575245985724465,4.649058915617843e-16,0.019451013313214513,31,converged,gap_callback_with_solver_termination
940,0.5774708866887683,MEL-ADMM,0.01,0.01,60.70876121520996,3.507371591026725,3.5070384020560286,0.00950057947757305,3.3306690738754696e-16,0.0017659601039992107,35,converged,gap_residual_and_feasibility
940,0.5774708866887683,sMEL-ADMM,0.01,0.01,4.687497,3.507340433845076,3.5070384020560286,0.00861216087255704,2.986499936241671e-14,6.814732160271945e-5,93,converged,gap_residual_and_feasibility
941,0.7249479280048622,IPOPT,0.01,1.0e-10,21.54707908630371,3.223702488253338,3.223702488253338,0.0,9.995268002160884e-9,NaN,27,INTERRUPTED,gap_and_residual
941,0.7249479280048622,MadNLP,0.01,0.01,13.952970504760742,3.2238093580828684,3.223702488253338,0.0033151269361784935,2.7755575615628914e-17,NaN,20,INTERRUPTED,gap_and_residual
941,0.7249479280048622,ADMM,0.01,0.0001,515.9506797790527,3.223991237303146,3.223702488253338,0.008957062596810885,6.789147022345787e-11,0.014138059291493133,43,converged,gap_callback_with_solver_termination
941,0.7249479280048622,MEL-ADMM,0.01,0.01,77.09097862243652,3.2239874386740857,3.223702488253338,0.008839228241003123,3.677613769070831e-16,0.0050280043095276995,46,converged,gap_residual_and_feasibility
941,0.7249479280048622,sMEL-ADMM,0.01,0.01,4.6361229999999995,3.22393925355185,3.223702488253338,0.0073445145566172374,2.8199664825478976e-14,9.776498646205632e-5,93,converged,gap_residual_and_feasibility
942,0.26287492878328766,IPOPT,0.01,1.0e-10,25.645017623901367,4.111446602927894,4.111446602927894,0.0,9.995268390738943e-9,NaN,32,INTERRUPTED,gap_and_residual
942,0.26287492878328766,MadNLP,0.01,0.01,16.88098907470703,4.111596388908032,4.111446602927894,0.003643145457141681,8.163608677946854e-15,NaN,24,INTERRUPTED,gap_and_residual
942,0.26287492878328766,ADMM,0.01,0.0001,329.73194122314453,4.11185025578843,4.111446602927894,0.009817781903049199,3.469446951953614e-16,0.025384725308469077,26,converged,gap_callback_with_solver_termination
942,0.26287492878328766,MEL-ADMM,0.01,0.01,50.58717727661133,4.111830536845135,4.111446602927894,0.009338171070183995,3.400058012914542e-16,0.0012319168332241455,30,converged,gap_residual_and_feasibility
942,0.26287492878328766,sMEL-ADMM,0.01,0.01,4.758875,4.111797545166036,4.111446602927894,0.008535736251369226,2.919886554764162e-14,6.955026347771256e-5,93,converged,gap_residual_and_feasibility
943,0.3405441753754078,IPOPT,0.01,1.0e-10,33.14495086669922,3.9622268548155604,3.9622268548155604,0.0,9.995268002160884e-9,NaN,39,INTERRUPTED,gap_and_residual
943,0.3405441753754078,MadNLP,0.01,0.01,25.999069213867188,3.962302631444143,3.9622268548155604,0.0019124757708031239,5.991734886023892e-15,NaN,36,INTERRUPTED,gap_and_residual
943,0.3405441753754078,ADMM,0.01,0.0001,361.2017631530762,3.962611096774554,3.9622268548155604,0.00969762643768553,3.4813818494683346e-12,0.002374191304051365,30,converged,gap_callback_with_solver_termination
943,0.3405441753754078,MEL-ADMM,0.01,0.01,51.102638244628906,3.9626102798206513,3.9622268548155604,0.009677007883203819,8.886891222914528e-12,0.0012770630548750266,30,converged,gap_residual_and_feasibility
943,0.3405441753754078,sMEL-ADMM,0.01,0.01,4.59675,3.962569847903693,3.9622268548155604,0.008656573707171685,2.919886554764162e-14,6.933564033355724e-5,93,converged,gap_residual_and_feasibility
944,0.6909912661293705,IPOPT,0.01,1.0e-10,24.608135223388672,3.2889407228715637,3.2889407228715637,0.0,9.99526872380585e-9,NaN,32,INTERRUPTED,gap_and_residual
944,0.6909912661293705,MadNLP,0.01,0.01,14.089107513427734,3.2890159422898004,3.2889407228715637,0.0022870408613221965,1.2420620087993939e-15,NaN,21,INTERRUPTED,gap_and_residual
944,0.6909912661293705,ADMM,0.01,0.0001,472.20587730407715,3.2892583345782973,3.2889407228715637,0.009656960507828969,2.6869473312984837e-10,0.01460150946052442,39,converged,gap_callback_with_solver_termination
944,0.6909912661293705,MEL-ADMM,0.01,0.01,74.22614097595215,3.2892622745307363,3.2889407228715637,0.009776754471021148,2.8033131371785203e-13,0.008039547047397932,42,converged,gap_residual_and_feasibility
944,0.6909912661293705,sMEL-ADMM,0.01,0.01,4.621039000000001,3.2891828256423397,3.2889407228715637,0.007361116881565008,3.019806626980426e-14,6.450817337686453e-5,93,converged,gap_residual_and_feasibility
945,0.48435965142488047,IPOPT,0.01,1.0e-10,24.679183959960938,3.6859256152341486,3.6859256152341486,0.0,9.995268057672035e-9,NaN,32,INTERRUPTED,gap_and_residual
945,0.48435965142488047,MadNLP,0.01,0.01,14.258861541748047,3.6860423933995445,3.6859256152341486,0.003168218178718859,2.7755575615628914e-17,NaN,21,INTERRUPTED,gap_and_residual
945,0.48435965142488047,ADMM,0.01,0.0001,386.33227348327637,3.6862927294613663,3.6859256152341486,0.00995989245416093,3.440627227568882e-10,6.819504197586729e-5,32,converged,gap_callback_with_solver_termination
945,0.48435965142488047,MEL-ADMM,0.01,0.01,52.9942512512207,3.6862932127919317,3.6859256152341486,0.009973005322292365,8.50614023661933e-12,0.0005939927313861615,31,converged,gap_residual_and_feasibility
945,0.48435965142488047,sMEL-ADMM,0.01,0.01,4.81529,3.686257008403941,3.6859256152341486,0.008990772044413821,2.919886554764162e-14,6.891238015317366e-5,93,converged,gap_residual_and_feasibility
946,0.7014645208965749,IPOPT,0.01,1.0e-10,24.792909622192383,3.268819291200083,3.268819291200083,0.0,9.995267891138582e-9,NaN,32,INTERRUPTED,gap_and_residual
946,0.7014645208965749,MadNLP,0.01,0.01,14.225006103515625,3.2689276169373884,3.268819291200083,0.003313910242673601,2.0816681711721685e-17,NaN,21,INTERRUPTED,gap_and_residual
946,0.7014645208965749,ADMM,0.01,0.0001,481.0361862182617,3.269135455336711,3.268819291200083,0.009672120373224315,9.878764473114643e-12,0.014401602850945099,40,converged,gap_callback_with_solver_termination
946,0.7014645208965749,MEL-ADMM,0.01,0.01,71.29192352294922,3.26913401077128,3.268819291200083,0.009627928103718342,3.2612801348363973e-16,0.007964444029889649,43,converged,gap_residual_and_feasibility
946,0.7014645208965749,sMEL-ADMM,0.01,0.01,4.5964659999999995,3.269059038631879,3.268819291200083,0.007334373987620854,2.986499936241671e-14,7.357748385264937e-5,93,converged,gap_residual_and_feasibility
947,0.49681101510473563,IPOPT,0.01,1.0e-10,24.682044982910156,3.662003800185256,3.662003800185256,0.0,9.995267891138582e-9,NaN,32,INTERRUPTED,gap_and_residual
947,0.49681101510473563,MadNLP,0.01,0.01,14.110088348388672,3.662072078590275,3.662003800185256,0.0018645093982512895,7.951972413877684e-15,NaN,21,INTERRUPTED,gap_and_residual
947,0.49681101510473563,ADMM,0.01,0.0001,374.35126304626465,3.662368884927728,3.662003800185256,0.009969534779106075,3.9898639947466563e-16,0.002387339474115617,31,converged,gap_callback_with_solver_termination
947,0.49681101510473563,MEL-ADMM,0.01,0.01,53.42817306518555,3.662369382014388,3.662003800185256,0.009983108950172011,7.771561172376096e-16,0.0016130303496791447,31,converged,gap_residual_and_feasibility
947,0.49681101510473563,sMEL-ADMM,0.01,0.01,4.639171999999999,3.6623334808797274,3.662003800185256,0.009002740370028534,3.019806626980426e-14,6.895859749783684e-5,93,converged,gap_residual_and_feasibility
948,0.6574849395447647,IPOPT,0.01,1.0e-10,22.00007438659668,3.3533137641008985,3.3533137641008985,0.0,9.995267946649733e-9,NaN,28,INTERRUPTED,gap_and_residual
948,0.6574849395447647,MadNLP,0.01,0.01,13.57579231262207,3.3533848039876317,3.3533137641008985,0.002118498050904261,7.077671781985373e-16,NaN,20,INTERRUPTED,gap_and_residual
948,0.6574849395447647,ADMM,0.01,0.0001,436.969518661499,3.3536457887633446,3.3533137641008985,0.009901389664176202,3.1136204725612515e-12,0.01604113788878867,36,converged,gap_callback_with_solver_termination
948,0.6574849395447647,MEL-ADMM,0.01,0.01,68.71747970581055,3.3536206345559676,3.3533137641008985,0.009151259818102102,3.7470027081099033e-16,0.003442025856718156,40,converged,gap_residual_and_feasibility
948,0.6574849395447647,sMEL-ADMM,0.01,0.01,4.6461239999999995,3.353567019237176,3.3533137641008985,0.007552384121894976,2.942091015256665e-14,6.126495444920207e-5,93,converged,gap_residual_and_feasibility
949,0.5627509897891084,IPOPT,0.01,1.0e-10,29.20389175415039,3.5353185696124627,3.5353185696124627,0.0,9.995268390738943e-9,NaN,34,INTERRUPTED,gap_and_residual
949,0.5627509897891084,MadNLP,0.01,0.01,19.12999153137207,3.5353858850958573,3.5353185696124627,0.0019040853622970073,7.174816296640074e-15,NaN,23,INTERRUPTED,gap_and_residual
949,0.5627509897891084,ADMM,0.01,0.0001,412.0948314666748,3.535654776459261,3.5353185696124627,0.009509944865735332,4.36282954208167e-16,0.0009024685113991071,34,converged,gap_callback_with_solver_termination
949,0.5627509897891084,MEL-ADMM,0.01,0.01,59.16237831115723,3.5356592451594233,3.5353185696124627,0.009636346491907371,8.665290707199347e-14,0.0022919844461826606,34,converged,gap_residual_and_feasibility
949,0.5627509897891084,sMEL-ADMM,0.01,0.01,4.67083,3.5356302466544567,3.5353185696124627,0.008816094953166828,2.986499936241671e-14,6.893695862500958e-5,93,converged,gap_residual_and_feasibility
950,0.4002722719871718,IPOPT,0.01,1.0e-10,23.265838623046875,3.847476011686623,3.847476011686623,0.0,9.995267724605128e-9,NaN,30,INTERRUPTED,gap_and_residual
950,0.4002722719871718,MadNLP,0.01,0.01,14.616012573242188,3.847549302159073,3.847476011686623,0.001904897450366539,9.506284648352903e-15,NaN,22,INTERRUPTED,gap_and_residual
950,0.4002722719871718,ADMM,0.01,0.0001,360.9170913696289,3.84786068754537,3.847476011686623,0.009998135338030477,1.6265877533783168e-12,0.0024478755003583055,30,converged,gap_callback_with_solver_termination
950,0.4002722719871718,MEL-ADMM,0.01,0.01,49.7136116027832,3.847859204570263,3.847476011686623,0.009959591235293769,3.3306690738754696e-16,0.0013241394838076521,30,converged,gap_residual_and_feasibility
950,0.4002722719871718,sMEL-ADMM,0.01,0.01,4.758958,3.8478134983773953,3.847476011686623,0.008771638594939938,2.964295475749168e-14,6.908986159259636e-5,93,converged,gap_residual_and_feasibility
951,0.5578389277974436,IPOPT,0.01,1.0e-10,29.450178146362305,3.5447557237663836,3.5447557237663836,0.0,9.995267502560523e-9,NaN,34,INTERRUPTED,gap_and_residual
951,0.5578389277974436,MadNLP,0.01,0.01,19.251108169555664,3.5448696774601944,3.5447557237663836,0.0032147121745744354,2.7755575615628914e-17,NaN,24,INTERRUPTED,gap_and_residual
951,0.5578389277974436,ADMM,0.01,0.0001,411.23485565185547,3.5450943751795982,3.5447557237663836,0.009553589573016543,4.0592529337857286e-16,0.002129499814165166,34,converged,gap_callback_with_solver_termination
951,0.5578389277974436,MEL-ADMM,0.01,0.01,57.99508094787598,3.5450958831200015,3.5447557237663836,0.009596129610207293,3.400058012914542e-16,0.001521048960683391,34,converged,gap_residual_and_feasibility
951,0.5578389277974436,sMEL-ADMM,0.01,0.01,4.622582,3.5450697221922045,3.5447557237663836,0.008858111821800957,2.886579864025407e-14,6.905247313809728e-5,93,converged,gap_residual_and_feasibility
952,0.42394163494434134,IPOPT,0.01,1.0e-10,24.670124053955078,3.8020019465524983,3.8020019465524983,0.0,9.995268224205489e-9,NaN,32,INTERRUPTED,gap_and_residual
952,0.42394163494434134,MadNLP,0.01,0.01,14.332056045532227,3.8021215689811143,3.8020019465524983,0.0031463010881525384,2.7755575615628914e-17,NaN,21,INTERRUPTED,gap_and_residual
952,0.42394163494434134,ADMM,0.01,0.0001,371.7327117919922,3.8023765004186787,3.8020019465524983,0.009851490647446398,3.885780586188048e-16,0.00027916302235260135,31,converged,gap_callback_with_solver_termination
952,0.42394163494434134,MEL-ADMM,0.01,0.01,51.023244857788086,3.8023793891269837,3.8020019465524983,0.009927469259388555,1.0876799461101427e-11,0.00018230822470220037,31,converged,gap_residual_and_feasibility
952,0.42394163494434134,sMEL-ADMM,0.01,0.01,4.647715,3.8023379012710032,3.8020019465524983,0.008836258456141088,2.964295475749168e-14,6.899785701461845e-5,93,converged,gap_residual_and_feasibility
953,0.392998933725164,IPOPT,0.01,1.0e-10,22.574901580810547,3.8614496981972217,3.8614496981972217,0.0,9.995268224205489e-9,NaN,29,INTERRUPTED,gap_and_residual
953,0.392998933725164,MadNLP,0.01,0.01,14.914989471435547,3.8615709531175533,3.8614496981972217,0.0031401398388837755,2.7755575615628914e-17,NaN,22,INTERRUPTED,gap_and_residual
953,0.392998933725164,ADMM,0.01,0.0001,361.8323802947998,3.8618343215049125,3.8614496981972217,0.009960593501199873,3.7470027081099033e-16,0.0024389831307703447,30,converged,gap_callback_with_solver_termination
953,0.392998933725164,MEL-ADMM,0.01,0.01,50.15254020690918,3.8618329091498635,3.8614496981972217,0.009924017728904498,4.163336342344337e-16,0.0013184161404482773,30,converged,gap_residual_and_feasibility
953,0.392998933725164,sMEL-ADMM,0.01,0.01,4.595115000000001,3.861787763022507,3.8614496981972217,0.008754868034229275,2.919886554764162e-14,6.912163746243365e-5,93,converged,gap_residual_and_feasibility
954,0.717925996200018,IPOPT,0.01,1.0e-10,26.63588523864746,3.237193167526739,3.237193167526739,0.0,9.995268168694338e-9,NaN,32,INTERRUPTED,gap_and_residual
954,0.717925996200018,MadNLP,0.01,0.01,17.63296127319336,3.2372713502830988,3.237193167526739,0.002415140287082606,1.797173521111972e-15,NaN,24,INTERRUPTED,gap_and_residual
954,0.717925996200018,ADMM,0.01,0.0001,503.35168838500977,3.2374910482136787,3.237193167526739,0.009201819957107284,3.5849656576658617e-12,0.014248221471258609,42,converged,gap_callback_with_solver_termination
954,0.717925996200018,MEL-ADMM,0.01,0.01,74.72872734069824,3.2374869165150355,3.237193167526739,0.009074187825522939,3.608224830031759e-16,0.006151828294402483,45,converged,gap_residual_and_feasibility
954,0.717925996200018,sMEL-ADMM,0.01,0.01,4.584004,3.2374304929959563,3.237193167526739,0.0073312112356426215,2.8976820942716586e-14,9.141327318349431e-5,93,converged,gap_residual_and_feasibility
955,0.6480428362197537,IPOPT,0.01,1.0e-10,33.95795822143555,3.371454126491796,3.371454126491796,0.0,9.995268501761245e-9,NaN,41,INTERRUPTED,gap_and_residual
955,0.6480428362197537,MadNLP,0.01,0.01,22.77088165283203,3.3715649239476315,3.371454126491796,0.0032863403053540073,2.7755575615628914e-17,NaN,31,INTERRUPTED,gap_and_residual
955,0.6480428362197537,ADMM,0.01,0.0001,437.30616569519043,3.3717600829346397,3.371454126491796,0.009074910450048377,2.806088694740083e-13,0.016376091573971175,36,converged,gap_callback_with_solver_termination
955,0.6480428362197537,MEL-ADMM,0.01,0.01,66.84231758117676,3.3717710250651427,3.371454126491796,0.00939946270828708,3.5041414214731503e-16,0.004638265448756252,39,converged,gap_residual_and_feasibility
955,0.6480428362197537,sMEL-ADMM,0.01,0.01,4.639042000000001,3.3717117275097443,3.371454126491796,0.00764065024418113,2.964295475749168e-14,6.126502225563962e-5,93,converged,gap_residual_and_feasibility
956,0.6796245984709455,IPOPT,0.01,1.0e-10,24.204015731811523,3.310778597697035,3.310778597697035,0.0,9.995269056872758e-9,NaN,31,INTERRUPTED,gap_and_residual
956,0.6796245984709455,MadNLP,0.01,0.01,15.532970428466797,3.3108524461255673,3.310778597697035,0.002230545666317793,1.2420620087993939e-15,NaN,23,INTERRUPTED,gap_and_residual
956,0.6796245984709455,ADMM,0.01,0.0001,464.60676193237305,3.3110963475910453,3.310778597697035,0.009597437117401015,1.7819079545233762e-14,0.015092921054545782,38,converged,gap_callback_with_solver_termination
956,0.6796245984709455,MEL-ADMM,0.01,0.01,73.09961318969727,3.3111061305008023,3.310778597697035,0.009892923797294232,3.608224830031759e-16,0.0079927386579272,41,converged,gap_residual_and_feasibility
956,0.6796245984709455,sMEL-ADMM,0.01,0.01,4.719425,3.3110238972228285,3.310778597697035,0.007409118989840679,2.8976820942716586e-14,6.126475752287266e-5,93,converged,gap_residual_and_feasibility
957,0.6182986539414073,IPOPT,0.01,1.0e-10,35.02702713012695,3.4285992589879526,3.4285992589879526,0.0,9.995267946649733e-9,NaN,38,INTERRUPTED,gap_and_residual
957,0.6182986539414073,MadNLP,0.01,0.01,23.890018463134766,3.4286673977966653,3.4285992589879526,0.001987365788932019,8.264222639553509e-15,NaN,29,INTERRUPTED,gap_and_residual
957,0.6182986539414073,ADMM,0.01,0.0001,416.8837070465088,3.4289281149682806,3.4285992589879526,0.009591554902952666,5.966893645847904e-13,0.017624372702891192,34,converged,gap_callback_with_solver_termination
957,0.6182986539414073,MEL-ADMM,0.01,0.01,64.38875198364258,3.428924943520471,3.4285992589879526,0.009499055092676257,3.400058012914542e-16,0.003936371306252441,37,converged,gap_residual_and_feasibility
957,0.6182986539414073,sMEL-ADMM,0.01,0.01,4.658043,3.428874761559557,3.4285992589879526,0.008035426446597972,2.964295475749168e-14,6.457395535166589e-5,93,converged,gap_residual_and_feasibility
958,0.5436491921669948,IPOPT,0.01,1.0e-10,25.38609504699707,3.5720173346286064,3.5720173346286064,0.0,9.995268224205489e-9,NaN,33,INTERRUPTED,gap_and_residual
958,0.5436491921669948,MadNLP,0.01,0.01,14.761924743652344,3.572131796514232,3.5720173346286064,0.0032044045395875713,6.926750839575391e-15,NaN,22,INTERRUPTED,gap_and_residual
958,0.5436491921669948,ADMM,0.01,0.0001,401.32784843444824,3.5723606226961193,3.5720173346286064,0.009610481566955485,3.400058012914542e-16,0.001598512984536237,33,converged,gap_callback_with_solver_termination
958,0.5436491921669948,MEL-ADMM,0.01,0.01,56.87880516052246,3.572365647724148,3.5720173346286064,0.00975115916054045,3.712308238590367e-16,0.002286148427682287,33,converged,gap_residual_and_feasibility
958,0.5436491921669948,sMEL-ADMM,0.01,0.01,4.614878999999999,3.5723360655925065,3.5720173346286064,0.008922996000333104,2.8976820942716586e-14,6.911183585690643e-5,93,converged,gap_residual_and_feasibility
959,0.35344366190683235,IPOPT,0.01,1.0e-10,37.225961685180664,3.937444096961535,3.937444096961535,0.0,9.995268612783548e-9,NaN,47,INTERRUPTED,gap_and_residual
959,0.35344366190683235,MadNLP,0.01,0.01,20.686864852905273,3.9375674686192297,3.937444096961535,0.003133292934620183,7.875644580934704e-15,NaN,29,INTERRUPTED,gap_and_residual
959,0.35344366190683235,ADMM,0.01,0.0001,361.7875576019287,3.9378285172990344,3.937444096961535,0.009763194804367254,2.883977778811442e-16,0.0023902935379857687,30,converged,gap_callback_with_solver_termination
959,0.35344366190683235,MEL-ADMM,0.01,0.01,51.41901969909668,3.9378274592125457,3.937444096961535,0.009736322385036545,3.7816971776294395e-16,0.0012872407513957462,30,converged,gap_residual_and_feasibility
959,0.35344366190683235,sMEL-ADMM,0.01,0.01,4.636666,3.9377855871044245,3.937444096961535,0.00867288866788118,3.019806626980426e-14,6.928449941885368e-5,93,converged,gap_residual_and_feasibility
960,0.5889426419191459,IPOPT,0.01,1.0e-10,40.21000862121582,3.484998630833922,3.484998630833922,0.0,9.995268501761245e-9,NaN,48,INTERRUPTED,gap_and_residual
960,0.5889426419191459,MadNLP,0.01,0.01,27.144908905029297,3.485066112802966,3.484998630833922,0.0019363556830918418,8.170547571850761e-15,NaN,37,INTERRUPTED,gap_and_residual
960,0.5889426419191459,ADMM,0.01,0.0001,389.4474506378174,3.4853345265773634,3.484998630833922,0.009638332149387913,3.7470027081099033e-16,0.01934580419101606,32,converged,gap_callback_with_solver_termination
960,0.5889426419191459,MEL-ADMM,0.01,0.01,60.692548751831055,3.4853416086837203,3.484998630833922,0.009841549054389113,3.469446951953614e-16,0.0045900632520336805,35,converged,gap_residual_and_feasibility
960,0.5889426419191459,sMEL-ADMM,0.01,0.01,4.666454,3.4852927672233927,3.484998630833922,0.008440071880322066,2.864375403532904e-14,6.730495485475236e-5,93,converged,gap_residual_and_feasibility
961,0.25993323030551735,IPOPT,0.01,1.0e-10,26.4890193939209,4.117098254323211,4.117098254323211,0.0,9.995268224205489e-9,NaN,34,INTERRUPTED,gap_and_residual
961,0.25993323030551735,MadNLP,0.01,0.01,15.763998031616211,4.1172390997844275,4.117098254323211,0.0034209885826437213,6.2276572787567375e-15,NaN,23,INTERRUPTED,gap_and_residual
961,0.25993323030551735,ADMM,0.01,0.0001,329.45728302001953,4.117501907199198,4.117098254323211,0.00980430514534272,3.2612801348363973e-16,0.025384725297879752,26,converged,gap_callback_with_solver_termination
961,0.25993323030551735,MEL-ADMM,0.01,0.01,50.5526065826416,4.117482219439566,4.117098254323211,0.00932611010562818,3.8510861166685117e-16,0.001231916818989133,30,converged,gap_residual_and_feasibility
961,0.25993323030551735,sMEL-ADMM,0.01,0.01,4.617919,4.117449382324824,4.117098254323211,0.008528531016824058,2.986499936241671e-14,6.95546946356436e-5,93,converged,gap_residual_and_feasibility
962,0.5452768742959824,IPOPT,0.01,1.0e-10,29.239892959594727,3.5688901983687433,3.5688901983687433,0.0,9.995268390738943e-9,NaN,34,INTERRUPTED,gap_and_residual
962,0.5452768742959824,MadNLP,0.01,0.01,19.93083953857422,3.5690046014500707,3.5688901983687433,0.003205564614446962,2.7755575615628914e-17,NaN,24,INTERRUPTED,gap_and_residual
962,0.5452768742959824,ADMM,0.01,0.0001,398.5559940338135,3.5692352408145442,3.5688901983687433,0.009668060002479894,9.527612032655952e-11,0.00021311645419459097,33,converged,gap_callback_with_solver_termination
962,0.5452768742959824,MEL-ADMM,0.01,0.01,56.20098114013672,3.569239300730433,3.5688901983687433,0.009781818500588511,3.963843142607004e-16,0.0025967765011616784,33,converged,gap_residual_and_feasibility
962,0.5452768742959824,sMEL-ADMM,0.01,0.01,4.682913,3.569208459533077,3.5688901983687433,0.008917650772198735,2.864375403532904e-14,6.911502327632251e-5,93,converged,gap_residual_and_feasibility
963,0.3882366302405641,IPOPT,0.01,1.0e-10,22.655010223388672,3.8705991332385867,3.8705991332385867,0.0,9.995268390738943e-9,NaN,29,INTERRUPTED,gap_and_residual
963,0.3882366302405641,MadNLP,0.01,0.01,14.913082122802734,3.870720641370498,3.8705991332385867,0.0031392590069017163,2.7755575615628914e-17,NaN,22,INTERRUPTED,gap_and_residual
963,0.3882366302405641,ADMM,0.01,0.0001,361.5427017211914,3.8709837226797714,3.8705991332385867,0.00993617339191876,2.593147918616978e-12,0.0024331253534395324,30,converged,gap_callback_with_solver_termination
963,0.3882366302405641,MEL-ADMM,0.01,0.01,51.48720741271973,3.8709823579694045,3.8705991332385867,0.009900915016665787,3.7470027081099033e-16,0.0013146670911684082,30,converged,gap_residual_and_feasibility
963,0.3882366302405641,sMEL-ADMM,0.01,0.01,4.9406609999999995,3.870937580153174,3.8705991332385867,0.008744044602317253,2.930988785010413e-14,6.914268159282592e-5,93,converged,gap_residual_and_feasibility
964,0.3223266738379567,IPOPT,0.01,1.0e-10,24.623870849609375,3.9972266920732755,3.9972266920732755,0.0,9.995267891138582e-9,NaN,30,INTERRUPTED,gap_and_residual
964,0.3223266738379567,MadNLP,0.01,0.01,16.01386070251465,3.9973109088920338,3.9972266920732755,0.0021068812265579127,1.062691601383392e-14,NaN,22,INTERRUPTED,gap_and_residual
964,0.3223266738379567,ADMM,0.01,0.0001,362.2884750366211,3.9976107991114445,3.9972266920732755,0.009609338367789865,4.311273560375639e-12,0.002351034040782903,30,converged,gap_callback_with_solver_termination
964,0.3223266738379567,MEL-ADMM,0.01,0.01,50.42219161987305,3.9976102093914263,3.9972266920732755,0.00959458513852416,4.0245584642661925e-16,0.0012626872764518668,30,converged,gap_residual_and_feasibility
964,0.3223266738379567,sMEL-ADMM,0.01,0.01,4.745588000000001,3.9975719099981624,3.9972266920732755,0.008636435996272842,3.175237850427948e-14,6.940139235345286e-5,93,converged,gap_residual_and_feasibility
965,0.6409104891823395,IPOPT,0.01,1.0e-10,34.098148345947266,3.3851569377725874,3.3851569377725874,0.0,9.995268557272396e-9,NaN,39,INTERRUPTED,gap_and_residual
965,0.6409104891823395,MadNLP,0.01,0.01,31.89706802368164,3.385268012729987,3.3851569377725874,0.0032812350931197133,2.7755575615628914e-17,NaN,41,INTERRUPTED,gap_and_residual
965,0.6409104891823395,ADMM,0.01,0.0001,425.5695343017578,3.3854762015775672,3.3851569377725874,0.009431285191459771,2.122857445385762e-12,0.01672220571927289,35,converged,gap_callback_with_solver_termination
965,0.6409104891823395,MEL-ADMM,0.01,0.01,66.9412612915039,3.3854671588855463,3.3851569377725874,0.009164157486978654,3.469446951953614e-16,0.0024235369747674478,39,converged,gap_residual_and_feasibility
965,0.6409104891823395,sMEL-ADMM,0.01,0.01,4.660957000000001,3.385418315636455,3.3851569377725874,0.0077212923557794825,3.019806626980426e-14,6.154232121402536e-5,93,converged,gap_residual_and_feasibility
966,0.3844628080182292,IPOPT,0.01,1.0e-10,22.526025772094727,3.8778494778234234,3.8778494778234234,0.0,9.995267447049372e-9,NaN,29,INTERRUPTED,gap_and_residual
966,0.3844628080182292,MadNLP,0.01,0.01,14.665842056274414,3.8779711888560326,3.8778494778234234,0.003138621890955589,7.743805596760467e-15,NaN,22,INTERRUPTED,gap_and_residual
966,0.3844628080182292,ADMM,0.01,0.0001,362.70952224731445,3.878234040105185,3.8778494778234234,0.009916895536063576,4.0245584642661925e-16,0.0024284708311283,30,converged,gap_callback_with_solver_termination
966,0.3844628080182292,MEL-ADMM,0.01,0.01,50.08554458618164,3.878232714472042,3.8778494778234234,0.009882710786232684,3.95516952522712e-16,0.001311694810121812,30,converged,gap_residual_and_feasibility
966,0.3844628080182292,sMEL-ADMM,0.01,0.01,4.715339,3.8781882321546965,3.8778494778234234,0.008735623525627657,2.986499936241671e-14,6.915929151140015e-5,93,converged,gap_residual_and_feasibility
967,0.381602516890798,IPOPT,0.01,1.0e-10,22.60613441467285,3.8833447277491047,3.8833447277491047,0.0,9.995268612783548e-9,NaN,29,INTERRUPTED,gap_and_residual
967,0.381602516890798,MadNLP,0.01,0.01,14.903068542480469,3.8834665934674883,3.8833447277491047,0.003138163797637441,2.7755575615628914e-17,NaN,22,INTERRUPTED,gap_and_residual
967,0.381602516890798,ADMM,0.01,0.0001,361.36698722839355,3.8837292702852353,3.8833447277491047,0.009902353849319971,4.34114549863196e-16,0.0024249303511825124,30,converged,gap_callback_with_solver_termination
967,0.381602516890798,MEL-ADMM,0.01,0.01,50.69923400878906,3.8837279739299317,3.8833447277491047,0.009868971407264672,3.677613769070831e-16,0.0013094420013064038,30,converged,gap_residual_and_feasibility
967,0.381602516890798,sMEL-ADMM,0.01,0.01,4.8187500000000005,3.88368371615591,3.8833447277491047,0.008729289583362585,2.930988785010413e-14,6.917151009961861e-5,93,converged,gap_residual_and_feasibility
968,0.7013905467139522,IPOPT,0.01,1.0e-10,24.60002899169922,3.2689614119155816,3.2689614119155816,0.0,9.99526689193786e-9,NaN,32,INTERRUPTED,gap_and_residual
968,0.7013905467139522,MadNLP,0.01,0.01,14.07003402709961,3.2690697417673875,3.2689614119155816,0.0033138920334451387,2.7755575615628914e-17,NaN,21,INTERRUPTED,gap_and_residual
968,0.7013905467139522,ADMM,0.01,0.0001,481.66418075561523,3.2692770926219343,3.2689614119155816,0.009656911372584768,7.417400027520671e-12,0.014401590814377875,40,converged,gap_callback_with_solver_termination
968,0.7013905467139522,MEL-ADMM,0.01,0.01,71.06900215148926,3.269275828004153,3.2689614119155816,0.009618225758965997,3.677613769070831e-16,0.007920883062347572,43,converged,gap_residual_and_feasibility
968,0.7013905467139522,sMEL-ADMM,0.01,0.01,4.657793000000001,3.269201173803867,3.2689614119155816,0.007334497354771524,2.90878432451791e-14,7.349651354950906e-5,93,converged,gap_residual_and_feasibility
969,0.5915885606460163,IPOPT,0.01,1.0e-10,38.87581825256348,3.479915237557008,3.479915237557008,0.0,9.99526778011628e-9,NaN,46,INTERRUPTED,gap_and_residual
969,0.5915885606460163,MadNLP,0.01,0.01,37.15801239013672,3.480028018208042,3.479915237557008,0.0032409022443122782,2.7755575615628914e-17,NaN,47,INTERRUPTED,gap_and_residual
969,0.5915885606460163,ADMM,0.01,0.0001,389.8484706878662,3.4802470639615373,3.479915237557008,0.009535473765225524,4.3151246464923076e-16,0.019346203059267396,32,converged,gap_callback_with_solver_termination
969,0.5915885606460163,MEL-ADMM,0.01,0.01,62.00695037841797,3.4802423932231865,3.479915237557008,0.009401253876753965,3.2612801348363973e-16,0.0014272348856208643,36,converged,gap_residual_and_feasibility
969,0.5915885606460163,sMEL-ADMM,0.01,0.01,4.746008000000001,3.4802076468162175,3.479915237557008,0.008402769586275059,2.853273173286652e-14,6.7106880552204e-5,93,converged,gap_residual_and_feasibility
970,0.6984748495547941,IPOPT,0.01,1.0e-10,24.641990661621094,3.2745631090447707,3.2745631090447707,0.0,9.995267058471313e-9,NaN,32,INTERRUPTED,gap_and_residual
970,0.6984748495547941,MadNLP,0.01,0.01,13.865947723388672,3.2746391953528997,3.2745631090447707,0.00232355601633979,1.0082212842377203e-14,NaN,21,INTERRUPTED,gap_and_residual
970,0.6984748495547941,ADMM,0.01,0.0001,503.1578540802002,3.2748629898905857,3.2745631090447707,0.009157888726795148,8.28542789932385e-12,0.014401072298118708,40,converged,gap_callback_with_solver_termination
970,0.6984748495547941,MEL-ADMM,0.01,0.01,72.62706756591797,3.2748670733412073,3.2745631090447707,0.009282590877453357,3.2612801348363973e-16,0.006280828385155335,43,converged,gap_residual_and_feasibility
970,0.6984748495547941,sMEL-ADMM,0.01,0.01,4.671786,3.274803463187014,3.2745631090447707,0.007340036952698725,2.919886554764162e-14,7.0426957895409e-5,93,converged,gap_residual_and_feasibility
971,0.7002382945048554,IPOPT,0.01,1.0e-10,24.811983108520508,3.2711751424710753,3.2711751424710753,0.0,9.995268168694338e-9,NaN,32,INTERRUPTED,gap_and_residual
971,0.7002382945048554,MadNLP,0.01,0.01,14.116048812866211,3.271283536063932,3.2711751424710753,0.003313597962065845,2.7755575615628914e-17,NaN,21,INTERRUPTED,gap_and_residual
971,0.7002382945048554,ADMM,0.01,0.0001,482.65957832336426,3.2714838216528683,3.2711751424710753,0.00943633918542877,1.0817735596191369e-11,0.014401395904380034,40,converged,gap_callback_with_solver_termination
971,0.7002382945048554,MEL-ADMM,0.01,0.01,71.01106643676758,3.271485052767795,3.2711751424710753,0.009473974434942245,3.5605199344423966e-16,0.007253294593474479,43,converged,gap_residual_and_feasibility
971,0.7002382945048554,sMEL-ADMM,0.01,0.01,4.669951999999999,3.2714151331873667,3.2711751424710753,0.007336529101588738,2.986499936241671e-14,7.225333889888637e-5,93,converged,gap_residual_and_feasibility
972,0.3254835342133677,IPOPT,0.01,1.0e-10,24.60312843322754,3.9911616672312276,3.9911616672312276,0.0,9.995268446250094e-9,NaN,30,INTERRUPTED,gap_and_residual
972,0.3254835342133677,MadNLP,0.01,0.01,16.71600341796875,3.9912869766957098,3.9911616672312276,0.0031396739829164387,7.261552470438914e-15,NaN,23,INTERRUPTED,gap_and_residual
972,0.3254835342133677,ADMM,0.01,0.0001,362.7042770385742,3.9915457977434126,3.9911616672312276,0.009624529002140884,1.20614629395277e-12,0.0023550672406879337,30,converged,gap_callback_with_solver_termination
972,0.3254835342133677,MEL-ADMM,0.01,0.01,50.09651184082031,3.991545168705865,3.9911616672312276,0.009608768238738378,3.469446951953614e-16,0.0012651787206461075,30,converged,gap_residual_and_feasibility
972,0.3254835342133677,sMEL-ADMM,0.01,0.01,4.674543,3.991506501229563,3.9911616672312276,0.008639940625973777,2.9531932455029164e-14,6.939046120515383e-5,93,converged,gap_residual_and_feasibility
973,0.3109216032850044,IPOPT,0.01,1.0e-10,41.242122650146484,4.019138347326628,4.019138347326628,0.0,9.995268501761245e-9,NaN,49,INTERRUPTED,gap_and_residual
973,0.3109216032850044,MadNLP,0.01,0.01,22.572994232177734,4.019266958637752,4.019138347326628,0.0031999722331047128,9.207912210484892e-15,NaN,29,INTERRUPTED,gap_and_residual
973,0.3109216032850044,ADMM,0.01,0.0001,363.2073402404785,4.01952236905474,4.019138347326628,0.009554827301915954,7.382983113757291e-14,0.0023363724401470123,30,converged,gap_callback_with_solver_termination
973,0.3109216032850044,MEL-ADMM,0.01,0.01,50.132036209106445,4.019521922758244,4.019138347326628,0.009543723018928122,3.469446951953614e-16,0.0012536887297001295,30,converged,gap_residual_and_feasibility
973,0.3109216032850044,sMEL-ADMM,0.01,0.01,4.592918,4.019484915946121,4.019138347326628,0.008622958195100444,2.986499936241671e-14,6.943925465513565e-5,93,converged,gap_residual_and_feasibility
974,0.6976685178963393,IPOPT,0.01,1.0e-10,24.76215362548828,3.276112249949942,3.276112249949942,0.0,9.99526827971664e-9,NaN,32,INTERRUPTED,gap_and_residual
974,0.6976685178963393,MadNLP,0.01,0.01,14.048099517822266,3.2761882443947137,3.276112249949942,0.0023196532650201092,8.326672684688674e-16,NaN,21,INTERRUPTED,gap_and_residual
974,0.6976685178963393,ADMM,0.01,0.0001,479.7022342681885,3.276408877025408,3.276112249949942,0.009054240295654763,1.7902290760929418e-11,0.014400912662220391,40,converged,gap_callback_with_solver_termination
974,0.6976685178963393,MEL-ADMM,0.01,0.01,70.97530364990234,3.276413922160357,3.276112249949942,0.00920823791736151,3.400058012914542e-16,0.00585998817647615,43,converged,gap_residual_and_feasibility
974,0.6976685178963393,sMEL-ADMM,0.01,0.01,4.5875070000000004,3.2763527755718753,3.276112249949942,0.007341800389684595,3.0309088572266774e-14,6.963521728876572e-5,93,converged,gap_residual_and_feasibility
975,0.6222877258719,IPOPT,0.01,1.0e-10,42.92416572570801,3.4209353722530103,3.4209353722530103,0.0,9.995269001361606e-9,NaN,49,INTERRUPTED,gap_and_residual
975,0.6222877258719,MadNLP,0.01,0.01,29.481172561645508,3.421047121835389,3.4209353722530103,0.003266638220797737,2.7755575615628914e-17,NaN,40,INTERRUPTED,gap_and_residual
975,0.6222877258719,ADMM,0.01,0.0001,413.6312007904053,3.421259548425561,3.4209353722530103,0.009476243695807093,2.7850499684234364e-12,0.017481405510509525,34,converged,gap_callback_with_solver_termination
975,0.6222877258719,MEL-ADMM,0.01,0.01,63.95554542541504,3.4212695912366624,3.4209353722530103,0.009769812851858762,3.3306690738754696e-16,0.005422159082229516,37,converged,gap_residual_and_feasibility
975,0.6222877258719,sMEL-ADMM,0.01,0.01,4.628876,3.4212082797858976,3.4209353722530103,0.007977570552804649,3.019806626980426e-14,6.407797684915371e-5,93,converged,gap_residual_and_feasibility
976,0.4747433973527587,IPOPT,0.01,1.0e-10,24.630069732666016,3.704400559609001,3.704400559609001,0.0,9.99526827971664e-9,NaN,32,INTERRUPTED,gap_and_residual
976,0.4747433973527587,MadNLP,0.01,0.01,14.35995101928711,3.7045177466426598,3.704400559609001,0.0031634547013208152,8.423817199343375e-15,NaN,21,INTERRUPTED,gap_and_residual
976,0.4747433973527587,ADMM,0.01,0.0001,374.35245513916016,3.704770894212692,3.704400559609001,0.009997153324310722,3.677613769070831e-16,0.00014643194440359594,31,converged,gap_callback_with_solver_termination
976,0.4747433973527587,MEL-ADMM,0.01,0.01,51.84292793273926,3.7047698588517366,3.704400559609001,0.009969203837247097,7.939593427153113e-12,0.0004299900460741357,31,converged,gap_residual_and_feasibility
976,0.4747433973527587,sMEL-ADMM,0.01,0.01,4.6633320000000005,3.7047330205810667,3.704400559609001,0.008974757635300657,2.930988785010413e-14,6.89075702161139e-5,93,converged,gap_residual_and_feasibility
977,0.2675846144910458,IPOPT,0.01,1.0e-10,39.15810585021973,4.102398258237614,4.102398258237614,0.0,9.995268224205489e-9,NaN,45,INTERRUPTED,gap_and_residual
977,0.2675846144910458,MadNLP,0.01,0.01,30.957937240600586,4.102543934204684,4.102398258237614,0.0035509952447253645,7.54387871615414e-15,NaN,40,INTERRUPTED,gap_and_residual
977,0.2675846144910458,ADMM,0.01,0.0001,326.6406059265137,4.102801911084678,4.102398258237614,0.009839435901996126,7.943645741192995e-14,0.025384725307789874,26,converged,gap_callback_with_solver_termination
977,0.2675846144910458,MEL-ADMM,0.01,0.01,50.40597915649414,4.102782141989343,4.102398258237614,0.009357544722970087,3.400058012914542e-16,0.0012319169798307855,30,converged,gap_residual_and_feasibility
977,0.2675846144910458,sMEL-ADMM,0.01,0.01,4.667749,4.102748889444024,4.102398258237614,0.008546981164147385,2.8976820942716586e-14,6.954271524062163e-5,93,converged,gap_residual_and_feasibility
978,0.41550630416393797,IPOPT,0.01,1.0e-10,30.704021453857422,3.818208076900414,3.818208076900414,0.0,9.995268002160884e-9,NaN,38,INTERRUPTED,gap_and_residual
978,0.41550630416393797,MadNLP,0.01,0.01,21.50893211364746,3.8183281406426204,3.818208076900414,0.003144504955947521,8.47585890362268e-15,NaN,31,INTERRUPTED,gap_and_residual
978,0.41550630416393797,ADMM,0.01,0.0001,372.4541664123535,3.8185826474807825,3.818208076900414,0.009810114399859475,9.819367541297197e-13,0.00027804337278326124,31,converged,gap_callback_with_solver_termination
978,0.41550630416393797,MEL-ADMM,0.01,0.01,51.07998847961426,3.8185855769358823,3.818208076900414,0.009886837696254825,3.122502256758253e-16,0.00018130994523766347,31,converged,gap_residual_and_feasibility
978,0.41550630416393797,sMEL-ADMM,0.01,0.01,4.811126,3.818544540976868,3.818208076900414,0.008812093780053614,2.9976021664879227e-14,6.90281216960912e-5,93,converged,gap_residual_and_feasibility
979,0.34275184129303227,IPOPT,0.01,1.0e-10,27.902841567993164,3.9579854418162284,3.9579854418162284,0.0,9.995268945850455e-9,NaN,35,INTERRUPTED,gap_and_residual
979,0.34275184129303227,MadNLP,0.01,0.01,19.335031509399414,3.958109370108123,3.9579854418162284,0.003131095192657244,9.992007221626409e-15,NaN,28,INTERRUPTED,gap_and_residual
979,0.34275184129303227,ADMM,0.01,0.0001,360.9428405761719,3.9583696999632147,3.9579854418162284,0.009708427497653112,5.838163286142617e-12,0.002376975842582181,30,converged,gap_callback_with_solver_termination
979,0.34275184129303227,MEL-ADMM,0.01,0.01,50.83179473876953,3.958368855776627,3.9579854418162284,0.00968709880404989,1.4521162050584735e-12,0.0012788051139536877,30,converged,gap_residual_and_feasibility
979,0.34275184129303227,sMEL-ADMM,0.01,0.01,4.630709,3.9583281652589353,3.9579854418162284,0.008659037476137053,2.942091015256665e-14,6.932712642352453e-5,93,converged,gap_residual_and_feasibility
980,0.3980152756121738,IPOPT,0.01,1.0e-10,22.50981330871582,3.851812199371514,3.851812199371514,0.0,9.99526778011628e-9,NaN,29,INTERRUPTED,gap_and_residual
980,0.3980152756121738,MadNLP,0.01,0.01,15.018939971923828,3.851933187740335,3.851812199371514,0.003141076526021908,3.469446951953614e-17,NaN,22,INTERRUPTED,gap_and_residual
980,0.3980152756121738,ADMM,0.01,0.0001,360.4612350463867,3.852196858727709,3.851812199371514,0.009986451474910426,4.0939474033052647e-16,0.0024451179104095187,30,converged,gap_callback_with_solver_termination
980,0.3980152756121738,MEL-ADMM,0.01,0.01,49.84593391418457,3.852195397560429,3.851812199371514,0.009948516933857322,3.5388358909926865e-16,0.001322363876551158,30,converged,gap_residual_and_feasibility
980,0.3980152756121738,sMEL-ADMM,0.01,0.01,4.669747999999999,3.8521498639582945,3.851812199371514,0.008766382401390228,2.8976820942716586e-14,6.909957011872522e-5,93,converged,gap_residual_and_feasibility
981,0.549038168970805,IPOPT,0.01,1.0e-10,32.79685974121094,3.5616639219648927,3.5616639219648927,0.0,9.99526872380585e-9,NaN,36,INTERRUPTED,gap_and_residual
981,0.549038168970805,MadNLP,0.01,0.01,24.92690086364746,3.5617781894007594,3.5616639219648927,0.003208259913633119,3.469446951953614e-17,NaN,30,INTERRUPTED,gap_and_residual
981,0.549038168970805,ADMM,0.01,0.0001,409.11269187927246,3.5620052983806745,3.5616639219648927,0.009584745311777543,2.7088054022073038e-11,0.0007484328968504379,34,converged,gap_callback_with_solver_termination
981,0.549038168970805,MEL-ADMM,0.01,0.01,57.938575744628906,3.562016478503918,3.5616639219648927,0.00989864700179071,3.7470027081099033e-16,0.0034589787067426554,33,converged,gap_residual_and_feasibility
981,0.549038168970805,sMEL-ADMM,0.01,0.01,7.274916,3.561981050217015,3.5616639219648927,0.008903935325464497,2.964295475749168e-14,6.911746416437062e-5,93,converged,gap_residual_and_feasibility
982,0.4686780319641861,IPOPT,0.01,1.0e-10,24.647951126098633,3.71605346388198,3.71605346388198,0.0,9.995267669093977e-9,NaN,32,INTERRUPTED,gap_and_residual
982,0.4686780319641861,MadNLP,0.01,0.01,13.499975204467773,3.716122663426192,3.71605346388198,0.0018621783804975236,6.598888102615774e-15,NaN,20,INTERRUPTED,gap_and_residual
982,0.4686780319641861,ADMM,0.01,0.0001,373.43716621398926,3.71642495653332,3.71605346388198,0.009996967345889205,3.677613769070831e-16,0.0004224963928594269,31,converged,gap_callback_with_solver_termination
982,0.4686780319641861,MEL-ADMM,0.01,0.01,51.595211029052734,3.7164242356414103,3.71605346388198,0.009977567950354965,3.642919299551295e-16,0.000351914470809709,31,converged,gap_residual_and_feasibility
982,0.4686780319641861,sMEL-ADMM,0.01,0.01,4.639876,3.71638652401603,3.71605346388198,0.008962737950012399,2.9976021664879227e-14,6.890776697172744e-5,93,converged,gap_residual_and_feasibility
983,0.48754784859832395,IPOPT,0.01,1.0e-10,24.656057357788086,3.6798003854935746,3.6798003854935746,0.0,9.995267891138582e-9,NaN,32,INTERRUPTED,gap_and_residual
983,0.48754784859832395,MadNLP,0.01,0.01,14.341115951538086,3.6799170301287707,3.6798003854935746,0.003169863116922071,2.7755575615628914e-17,NaN,21,INTERRUPTED,gap_and_residual
983,0.48754784859832395,ADMM,0.01,0.0001,377.3305416107178,3.6801679123041233,3.6798003854935746,0.009987683353629777,6.706390998090228e-11,0.0010478642569989212,31,converged,gap_callback_with_solver_termination
983,0.48754784859832395,MEL-ADMM,0.01,0.01,53.15542221069336,3.6801673184753394,3.6798003854935746,0.009971545826543674,3.5388358909926865e-16,0.0007397618184224811,31,converged,gap_residual_and_feasibility
983,0.48754784859832395,sMEL-ADMM,0.01,0.01,4.632962,3.680131379328133,3.6798003854935746,0.008994885588452758,2.930988785010413e-14,6.892261005113625e-5,93,converged,gap_residual_and_feasibility
984,0.5992820455577464,IPOPT,0.01,1.0e-10,26.156187057495117,3.4651343566935244,3.4651343566935244,0.0,9.995268224205489e-9,NaN,31,INTERRUPTED,gap_and_residual
984,0.5992820455577464,MadNLP,0.01,0.01,25.985002517700195,3.46524687545285,3.4651343566935244,0.0032471687312221015,2.7755575615628914e-17,NaN,35,INTERRUPTED,gap_and_residual
984,0.5992820455577464,ADMM,0.01,0.0001,389.42813873291016,3.465475242719441,3.4651343566935244,0.009837599089286692,4.2327252813834093e-16,0.019347257658848045,32,converged,gap_callback_with_solver_termination
984,0.5992820455577464,MEL-ADMM,0.01,0.01,61.92445755004883,3.4654625561730477,3.4651343566935244,0.009471479190677042,3.469446951953614e-16,0.0028572661590941864,36,converged,gap_residual_and_feasibility
984,0.5992820455577464,sMEL-ADMM,0.01,0.01,4.628207,3.4654218886757655,3.4651343566935244,0.008297859552996972,2.886579864025407e-14,6.649392043191985e-5,93,converged,gap_residual_and_feasibility
985,0.7218843273610189,IPOPT,0.01,1.0e-10,26.31402015686035,3.2295883405880708,3.2295883405880708,0.0,9.99526783562743e-9,NaN,33,INTERRUPTED,gap_and_residual
985,0.7218843273610189,MadNLP,0.01,0.01,17.1051025390625,3.2296669143835297,3.2295883405880708,0.002432935320934425,1.97758476261356e-15,NaN,25,INTERRUPTED,gap_and_residual
985,0.7218843273610189,ADMM,0.01,0.0001,515.6095027923584,3.2298685040991195,3.2295883405880708,0.008674898516562772,2.914335439641036e-16,0.01412058578395783,43,converged,gap_callback_with_solver_termination
985,0.7218843273610189,MEL-ADMM,0.01,0.01,74.99456405639648,3.2298952705494637,3.2295883405880708,0.009503686817776679,3.226585665316861e-16,0.008479389398351045,45,converged,gap_residual_and_feasibility
985,0.7218843273610189,sMEL-ADMM,0.01,0.01,4.625959,3.229825313041596,3.2295883405880708,0.007337543628926897,2.842170943040401e-14,9.51462572326145e-5,93,converged,gap_residual_and_feasibility
986,0.30805346569841363,IPOPT,0.01,1.0e-10,30.699968338012695,4.024648672030435,4.024648672030435,0.0,9.995268390738943e-9,NaN,38,INTERRUPTED,gap_and_residual
986,0.30805346569841363,MadNLP,0.01,0.01,28.10192108154297,4.024778088901548,4.024648672030435,0.003215606669282702,8.415577262832485e-15,NaN,37,INTERRUPTED,gap_and_residual
986,0.30805346569841363,ADMM,0.01,0.0001,362.3688220977783,4.025032672105844,4.024648672030435,0.009541207362471925,2.6418311982467912e-12,0.0023326139817629564,30,converged,gap_callback_with_solver_termination
986,0.30805346569841363,MEL-ADMM,0.01,0.01,50.153493881225586,4.0250322619899634,4.024648672030435,0.009531017258583819,3.885780586188048e-16,0.001251426025600421,30,converged,gap_residual_and_feasibility
986,0.30805346569841363,sMEL-ADMM,0.01,0.01,4.74033,4.024995565723861,4.024648672030435,0.008619229197248746,3.086420008457935e-14,6.944823433843207e-5,93,converged,gap_residual_and_feasibility
987,0.7089951788962969,IPOPT,0.01,1.0e-10,20.473957061767578,3.254351236736517,3.254351236736517,0.0,9.99526827971664e-9,NaN,26,INTERRUPTED,gap_and_residual
987,0.7089951788962969,MadNLP,0.01,0.01,13.039827346801758,3.2544591277935884,3.254351236736517,0.0033152861883382506,2.42861286636753e-17,NaN,19,INTERRUPTED,gap_and_residual
987,0.7089951788962969,ADMM,0.01,0.0001,490.90576171875,3.2546522873105315,3.254351236736517,0.009250709346190114,3.3306690738754696e-16,0.014324479493589703,41,converged,gap_callback_with_solver_termination
987,0.7089951788962969,MEL-ADMM,0.01,0.01,72.45326042175293,3.2546515173563173,3.254351236736517,0.009227050123255844,3.668940151690947e-16,0.006517455004759487,44,converged,gap_residual_and_feasibility
987,0.7089951788962969,sMEL-ADMM,0.01,0.01,4.608751000000001,3.254589688568111,3.254351236736517,0.007327169510855957,2.930988785010413e-14,8.19908073770529e-5,93,converged,gap_residual_and_feasibility
988,0.3158800944550596,IPOPT,0.01,1.0e-10,37.95599937438965,4.009611992483786,4.009611992483786,0.0,9.99526778011628e-9,NaN,43,INTERRUPTED,gap_and_residual
988,0.3158800944550596,MadNLP,0.01,0.01,25.604963302612305,4.0097012816118625,4.009611992483786,0.0022268770206077303,8.796782746678389e-15,NaN,32,INTERRUPTED,gap_and_residual
988,0.3158800944550596,ADMM,0.01,0.0001,362.1103763580322,4.009996051027208,4.009611992483786,0.009578446596378565,7.527312106958561e-14,0.0023427645042361223,30,converged,gap_callback_with_solver_termination
988,0.3158800944550596,MEL-ADMM,0.01,0.01,50.05002021789551,4.00999554270088,4.009611992483786,0.009565768902638166,4.163336342344337e-16,0.0012576006649887214,30,converged,gap_residual_and_feasibility
988,0.3158800944550596,sMEL-ADMM,0.01,0.01,4.619967,4.009957983485697,4.009611992483786,0.008629039482114326,2.8976820942716586e-14,6.942314647435683e-5,93,converged,gap_residual_and_feasibility
989,0.6014127362609514,IPOPT,0.01,1.0e-10,26.73792839050293,3.461040830053473,3.461040830053473,0.0,9.995267169493616e-9,NaN,32,INTERRUPTED,gap_and_residual
989,0.6014127362609514,MadNLP,0.01,0.01,28.577089309692383,3.461153279371226,3.461040830053473,0.003249002923526813,7.729927808952652e-15,NaN,38,INTERRUPTED,gap_and_residual
989,0.6014127362609514,ADMM,0.01,0.0001,400.97570419311523,3.4613842174355196,3.461040830053473,0.009921506243574638,3.5214886562329184e-16,0.019242258869415798,33,converged,gap_callback_with_solver_termination
989,0.6014127362609514,MEL-ADMM,0.01,0.01,61.88321113586426,3.4613708440149735,3.461040830053473,0.009535107434581839,3.95516952522712e-16,0.0034233262744306926,36,converged,gap_residual_and_feasibility
989,0.6014127362609514,sMEL-ADMM,0.01,0.01,4.626335,3.4613270249298798,3.461040830053473,0.008269040744086053,2.9531932455029164e-14,6.630948959892614e-5,93,converged,gap_residual_and_feasibility
990,0.5584834406315371,IPOPT,0.01,1.0e-10,29.048919677734375,3.5435174725024883,3.5435174725024883,0.0,9.995266614382103e-9,NaN,34,INTERRUPTED,gap_and_residual
990,0.5584834406315371,MadNLP,0.01,0.01,19.257068634033203,3.5436314033367826,3.5435174725024883,0.0032151904196448164,3.469446951953614e-17,NaN,24,INTERRUPTED,gap_and_residual
990,0.5584834406315371,ADMM,0.01,0.0001,412.3506546020508,3.543855991186264,3.5435174725024883,0.009553182294218796,3.699297812520541e-16,0.002217381897496779,34,converged,gap_callback_with_solver_termination
990,0.5584834406315371,MEL-ADMM,0.01,0.01,58.40444564819336,3.543857590994958,3.5435174725024883,0.009598329770035646,4.2674197509029455e-16,0.0016068365678245222,34,converged,gap_residual_and_feasibility
990,0.5584834406315371,sMEL-ADMM,0.01,0.01,4.647829,3.543831190604624,3.5435174725024883,0.00885329632406779,2.9531932455029164e-14,6.904073408386946e-5,93,converged,gap_residual_and_feasibility
991,0.6626264699469292,IPOPT,0.01,1.0e-10,20.589113235473633,3.343435750534575,3.343435750534575,0.0,9.995268668294699e-9,NaN,26,INTERRUPTED,gap_and_residual
991,0.6626264699469292,MadNLP,0.01,0.01,13.073921203613281,3.3435459372161898,3.343435750534575,0.003295612353169049,2.7755575615628914e-17,NaN,19,INTERRUPTED,gap_and_residual
991,0.6626264699469292,ADMM,0.01,0.0001,447.9506015777588,3.3437384248830866,3.343435750534575,0.009052793925031407,2.425171174991192e-12,0.015768486756626857,37,converged,gap_callback_with_solver_termination
991,0.6626264699469292,MEL-ADMM,0.01,0.01,68.46785545349121,3.343751141094242,3.343435750534575,0.009433127572943845,3.608224830031759e-16,0.005424698955173147,40,converged,gap_residual_and_feasibility
991,0.6626264699469292,sMEL-ADMM,0.01,0.01,4.7033320000000005,3.3436869358281562,3.343435750534575,0.007512789606954674,2.9531932455029164e-14,6.126491340617893e-5,93,converged,gap_residual_and_feasibility
992,0.3125275493745688,IPOPT,0.01,1.0e-10,35.893917083740234,4.016052970791113,4.016052970791113,0.0,9.995268057672035e-9,NaN,43,INTERRUPTED,gap_and_residual
992,0.3125275493745688,MadNLP,0.01,0.01,24.03998374938965,4.016181133977856,4.016052970791113,0.003191272318256074,7.070732888081466e-15,NaN,32,INTERRUPTED,gap_and_residual
992,0.3125275493745688,ADMM,0.01,0.0001,361.2074851989746,4.016437004506461,4.016052970791113,0.00956246638531217,6.598555035708387e-12,0.002338445717433024,30,converged,gap_callback_with_solver_termination
992,0.3125275493745688,MEL-ADMM,0.01,0.01,49.843549728393555,4.016436538067041,4.016052970791113,0.009550852011126236,3.426078865054194e-16,0.0012549556844137638,30,converged,gap_residual_and_feasibility
992,0.3125275493745688,sMEL-ADMM,0.01,0.01,4.599871,4.016399356223981,4.016052970791113,0.008625021517084528,2.8976820942716586e-14,6.943417625676629e-5,93,converged,gap_residual_and_feasibility
993,0.3053777267085338,IPOPT,0.01,1.0e-10,26.63397789001465,4.029789356607699,4.029789356607699,0.0,9.99526827971664e-9,NaN,33,INTERRUPTED,gap_and_residual
993,0.3053777267085338,MadNLP,0.01,0.01,19.277095794677734,4.029919563242552,4.029789356607699,0.003231102753280292,8.533972140067903e-15,NaN,28,INTERRUPTED,gap_and_residual
993,0.3053777267085338,ADMM,0.01,0.0001,316.6015148162842,4.0301921504425,4.029789356607699,0.009995406686464394,3.885780586188048e-16,0.025385857499348425,26,converged,gap_callback_with_solver_termination
993,0.3053777267085338,MEL-ADMM,0.01,0.01,49.900054931640625,4.03017296007315,4.029789356607699,0.00951919397032969,4.0939474033052647e-16,0.001249315500767633,30,converged,gap_residual_and_feasibility
993,0.3053777267085338,sMEL-ADMM,0.01,0.01,4.652337999999999,4.030136555431931,4.029789356607699,0.008615805778110462,2.942091015256665e-14,6.945651864141873e-5,93,converged,gap_residual_and_feasibility
994,0.2722948924383902,IPOPT,0.01,1.0e-10,43.91002655029297,4.093348775724329,4.093348775724329,0.0,9.995268834828153e-9,NaN,50,INTERRUPTED,gap_and_residual
994,0.2722948924383902,MadNLP,0.01,0.01,31.57496452331543,4.093490662581225,4.093348775724329,0.0034662782154579108,8.64933125122036e-15,NaN,40,INTERRUPTED,gap_and_residual
994,0.2722948924383902,ADMM,0.01,0.0001,320.8200931549072,4.093752426389347,4.093348775724329,0.009861135396331168,3.469446951953614e-16,0.02538472821478379,26,converged,gap_callback_with_solver_termination
994,0.2722948924383902,MEL-ADMM,0.01,0.01,49.855947494506836,4.093732608498423,4.093348775724329,0.009376986793080008,3.95516952522712e-16,0.0012319171252467495,30,converged,gap_residual_and_feasibility
994,0.2722948924383902,sMEL-ADMM,0.01,0.01,4.633831,4.093699071004121,4.093348775724329,0.008557669990625601,2.9753977059954195e-14,6.953449580553508e-5,93,converged,gap_residual_and_feasibility
995,0.6392393060452219,IPOPT,0.01,1.0e-10,33.91909599304199,3.3883676490606707,3.3883676490606707,0.0,9.99526778011628e-9,NaN,39,INTERRUPTED,gap_and_residual
995,0.6392393060452219,MadNLP,0.01,0.01,23.44799041748047,3.388478787321751,3.3883676490606707,0.0032799941621194676,2.42861286636753e-17,NaN,33,INTERRUPTED,gap_and_residual
995,0.6392393060452219,ADMM,0.01,0.0001,425.36211013793945,3.388682558076552,3.3883676490606707,0.009293826659231008,1.5234480343906398e-12,0.016781738244510777,35,converged,gap_callback_with_solver_termination
995,0.6392393060452219,MEL-ADMM,0.01,0.01,64.97740745544434,3.388704453281872,3.3883676490606707,0.009940014074178015,3.2612801348363973e-16,0.006668507626188735,38,converged,gap_residual_and_feasibility
995,0.6392393060452219,sMEL-ADMM,0.01,0.01,4.696618,3.3886299806844953,3.3883676490606707,0.007742123966309608,2.964295475749168e-14,6.176745876992299e-5,93,converged,gap_residual_and_feasibility
996,0.4118128035667213,IPOPT,0.01,1.0e-10,28.74612808227539,3.8253041059331605,3.8253041059331605,0.0,9.99526739153822e-9,NaN,38,INTERRUPTED,gap_and_residual
996,0.4118128035667213,MadNLP,0.01,0.01,19.789934158325195,3.8254243640125227,3.8253041059331605,0.0031437521313847794,3.469446951953614e-17,NaN,31,INTERRUPTED,gap_and_residual
996,0.4118128035667213,ADMM,0.01,0.0001,372.93457984924316,3.8256786818166257,3.8253041059331605,0.009792055039081865,3.434752482434078e-16,0.0002775434221901109,31,converged,gap_callback_with_solver_termination
996,0.4118128035667213,MEL-ADMM,0.01,0.01,51.22113227844238,3.82568163363727,3.8253041059331605,0.009869220685592968,3.920475055707584e-16,0.00018087279269114395,31,converged,gap_residual_and_feasibility
996,0.4118128035667213,sMEL-ADMM,0.01,0.01,5.655163,3.8256408074745414,3.8253041059331605,0.008801954878793695,2.90878432451791e-14,6.904228167651204e-5,93,converged,gap_residual_and_feasibility
997,0.35221804195385803,IPOPT,0.01,1.0e-10,29.011964797973633,3.9397987831299863,3.9397987831299863,0.0,9.995267669093977e-9,NaN,36,INTERRUPTED,gap_and_residual
997,0.35221804195385803,MadNLP,0.01,0.01,18.92399787902832,3.93992221915205,3.9397987831299863,0.003133053966923581,8.913009219568835e-15,NaN,27,INTERRUPTED,gap_and_residual
997,0.35221804195385803,ADMM,0.01,0.0001,361.5739345550537,3.9401831535328506,3.9397987831299863,0.009756092227607519,5.033085059835685e-12,0.002388758391295459,30,converged,gap_callback_with_solver_termination
997,0.35221804195385803,MEL-ADMM,0.01,0.01,50.89092254638672,3.940182151087866,3.9397987831299863,0.009730648162060533,3.469446951953614e-16,0.001286273982092155,30,converged,gap_residual_and_feasibility
997,0.35221804195385803,sMEL-ADMM,0.01,0.01,4.6422099999999995,3.9401403995687887,3.9397987831299863,0.008670910815678105,2.9976021664879227e-14,6.928940974831876e-5,93,converged,gap_residual_and_feasibility
998,0.580188481384609,IPOPT,0.01,1.0e-10,25.213003158569336,3.501817303438782,3.501817303438782,0.0,9.995267225004767e-9,NaN,33,INTERRUPTED,gap_and_residual
998,0.580188481384609,MadNLP,0.01,0.01,14.737129211425781,3.501930478702921,3.501817303438782,0.003231900876949558,2.7755575615628914e-17,NaN,22,INTERRUPTED,gap_and_residual
998,0.580188481384609,ADMM,0.01,0.0001,376.6505718231201,3.502155322306323,3.501817303438782,0.009652669978216745,3.608224830031759e-16,0.01945142838670706,31,converged,gap_callback_with_solver_termination
998,0.580188481384609,MEL-ADMM,0.01,0.01,60.11509895324707,3.5021508154805656,3.501817303438782,0.009523970352652272,3.592126596174694e-13,0.002242562645702193,35,converged,gap_residual_and_feasibility
998,0.580188481384609,sMEL-ADMM,0.01,0.01,4.689374,3.5021173917605104,3.501817303438782,0.008569502510415258,2.853273173286652e-14,6.79493248222484e-5,93,converged,gap_residual_and_feasibility
999,0.47417181335465736,IPOPT,0.01,1.0e-10,24.60312843322754,3.7054986984987712,3.7054986984987712,0.0,9.995267613582826e-9,NaN,32,INTERRUPTED,gap_and_residual
999,0.47417181335465736,MadNLP,0.01,0.01,14.380931854248047,3.7056159101194517,3.7054986984987712,0.0031631807272781936,6.1825544683813405e-15,NaN,21,INTERRUPTED,gap_and_residual
999,0.47417181335465736,ADMM,0.01,0.0001,374.622106552124,3.7058691658121194,3.7054986984987712,0.009997772054226091,3.7470027081099033e-16,0.00018287310304843443,31,converged,gap_callback_with_solver_termination
999,0.47417181335465736,MEL-ADMM,0.01,0.01,51.89871788024902,3.7058681384016112,3.7054986984987712,0.009970045408184048,1.364186541508161e-12,0.00042204636375407084,31,converged,gap_residual_and_feasibility
999,0.47417181335465736,sMEL-ADMM,0.01,0.01,4.640002,3.705831217771778,3.7054986984987712,0.008973671293996358,2.930988785010413e-14,6.890749040258139e-5,93,converged,gap_residual_and_feasibility
1000,0.48467668361493044,IPOPT,0.01,1.0e-10,24.51491355895996,3.685316526494157,3.685316526494157,0.0,9.995268224205489e-9,NaN,32,INTERRUPTED,gap_and_residual
1000,0.48467668361493044,MadNLP,0.01,0.01,14.367103576660156,3.685433291335682,3.685316526494157,0.0031683802649127187,2.7755575615628914e-17,NaN,21,INTERRUPTED,gap_and_residual
1000,0.48467668361493044,ADMM,0.01,0.0001,385.96463203430176,3.6856834509479404,3.685316526494157,0.009956389122766772,4.163336342344337e-16,7.361999115758355e-5,32,converged,gap_callback_with_solver_termination
1000,0.48467668361493044,MEL-ADMM,0.01,0.01,52.80494689941406,3.685684114113909,3.685316526494157,0.009974383939875113,1.6141588066176382e-11,0.0005987800248524744,31,converged,gap_residual_and_feasibility
1000,0.48467668361493044,sMEL-ADMM,0.01,0.01,4.609536,3.685647881057251,3.685316526494157,0.008991210407896633,3.042011087472929e-14,6.89132486411002e-5,93,converged,gap_residual_and_feasibility
