dc3_obj,dc3_surrogate_obj,dc3_domain_valid,dc3_constraint_feasible,dc3_eq_max,dc3_eq_mean,dc3_ineq_max,dc3_ineq_mean,dc3_n_ineq_viol,dc3_domain_max,dc3_feasible,dc3_J_ref,dc3_gap_pct,dc3_signed_gap_pct,dc3_corr_converged,dc3_corr_steps,dc3_time_ms,J_ref
-4.597419409477169,-4.597419409477169,1.0,1.0,2.220446049250313e-16,2.220446049250313e-16,0.0,0.0,0.0,-0.008102830462975786,1.0,-4.599605601243927,0.047529983139572046,0.047529983139572046,1.0,6.0,0.34354202216491103,-4.599605601243927
-4.598632280100828,-4.598632280100828,1.0,1.0,2.220446049250313e-16,2.220446049250313e-16,0.0,0.0,0.0,-0.007946961311147601,1.0,-4.599470685103409,0.01822829320982726,0.01822829320982726,1.0,5.0,0.29845896642655134,-4.599470685103409
-4.595247095439461,-4.595247095439461,1.0,1.0,2.220446049250313e-16,2.220446049250313e-16,0.0,0.0,0.0,-0.0024752606452136394,1.0,-4.599629313077249,0.0952732783341547,0.0952732783341547,1.0,6.0,0.33483299193903804,-4.599629313077249
-4.599051915454849,-4.599051915454849,1.0,1.0,0.0,0.0,0.0,0.0,0.0,-0.007838023882736246,1.0,-4.599953921452052,0.019609022451206635,0.019609022451206635,1.0,5.0,0.3058750298805535,-4.599953921452052
-4.598559729484261,-4.598559729484261,1.0,1.0,0.0,0.0,0.0,0.0,0.0,-0.007891437136263777,1.0,-4.601082148383591,0.05482229653768543,0.05482229653768543,1.0,7.0,0.38899999344721437,-4.601082148383591
-4.5999431527491765,-4.5999431527491765,1.0,1.0,1.1102230246251565e-16,1.1102230246251565e-16,0.0,0.0,0.0,-0.008055232876428257,1.0,-4.600696806232786,0.016381289951315294,0.016381289951315294,1.0,6.0,0.3387089818716049,-4.600696806232786
-4.599118292081884,-4.599118292081884,1.0,1.0,0.0,0.0,0.0,0.0,0.0,-0.008136070438851856,1.0,-4.599531624669328,0.008986406033756097,0.008986406033756097,1.0,3.0,0.21445797756314278,-4.599531624669328
-4.597802480685935,-4.597802480685935,1.0,1.0,0.0,0.0,0.0,0.0,0.0,-0.008041839084151554,1.0,-4.6003575226166,0.05554007309438632,0.05554007309438632,1.0,8.0,0.41983299888670444,-4.6003575226166
-4.599679833665551,-4.599679833665551,1.0,1.0,1.1102230246251565e-16,1.1102230246251565e-16,0.0,0.0,0.0,-0.008204605365084607,1.0,-4.600513645642448,0.018124323523899016,0.018124323523899016,1.0,5.0,0.2911660121753812,-4.600513645642448
-4.597826906514371,-4.597826906514371,1.0,1.0,0.0,0.0,0.0,0.0,0.0,-0.007827671372220691,1.0,-4.599848067368069,0.043939730706255155,0.043939730706255155,1.0,7.0,0.3727080184035003,-4.599848067368069
-4.598447126590791,-4.598447126590791,1.0,1.0,0.0,0.0,0.0,0.0,0.0,-0.007941622990905908,1.0,-4.599119876193307,0.014627790112587325,0.014627790112587325,1.0,7.0,0.3785000299103558,-4.599119876193307
-4.597242733283435,-4.597242733283435,1.0,1.0,0.0,0.0,0.0,0.0,0.0,-0.00803790808897151,1.0,-4.599681017174142,0.053009847456861256,0.053009847456861256,1.0,8.0,0.43183297384530306,-4.599681017174142
-4.599952580457799,-4.599952580457799,1.0,1.0,0.0,0.0,0.0,0.0,0.0,-0.008317225542299973,1.0,-4.60048030764221,0.011471132340981034,0.011471132340981034,1.0,0.0,0.08937501115724444,-4.60048030764221
-4.598515818310339,-4.598515818310339,1.0,1.0,0.0,0.0,0.0,0.0,0.0,-0.008004328054803592,1.0,-4.6016207423845445,0.06747457576428147,0.06747457576428147,1.0,8.0,0.4178329836577177,-4.6016207423845445
-4.599713311088079,-4.599713311088079,1.0,1.0,2.220446049250313e-16,2.220446049250313e-16,7.666549330542782e-06,7.590642901527507e-08,0.0,-0.008071346683405109,1.0,-4.600298272062957,0.012715718422645865,0.012715718422645865,1.0,0.0,0.09104103082790971,-4.600298272062957
-4.599213766645785,-4.599213766645785,1.0,1.0,2.220446049250313e-16,2.220446049250313e-16,0.0,0.0,0.0,-0.007978643210294881,1.0,-4.6000881498615085,0.01900796652668415,0.01900796652668415,1.0,0.0,0.09029201464727521,-4.6000881498615085
-4.597338133162865,-4.597338133162865,1.0,1.0,0.0,0.0,0.0,0.0,0.0,-0.0069006726529579065,1.0,-4.5984805361242,0.02484305309895133,0.02484305309895133,1.0,8.0,0.42529101483523846,-4.5984805361242
-4.591318815161575,-4.591318815161575,1.0,1.0,1.1102230246251565e-16,1.1102230246251565e-16,0.0,0.0,0.0,-0.007719536166218184,1.0,-4.597601461548949,0.13665052179746276,0.13665052179746276,1.0,4.0,0.2515409723855555,-4.597601461548949
-4.599397951534069,-4.599397951534069,1.0,1.0,1.1102230246251565e-16,1.1102230246251565e-16,0.0,0.0,0.0,-0.007666821580907884,1.0,-4.60029122719985,0.019417806866220366,0.019417806866220366,1.0,6.0,0.33304200042039156,-4.60029122719985
-4.599872287788738,-4.599872287788738,1.0,1.0,0.0,0.0,0.0,0.0,0.0,-0.008079870165759206,1.0,-4.600109399770109,0.005154485703817332,0.005154485703817332,1.0,8.0,0.45958400005474687,-4.600109399770109
-4.59820848409823,-4.59820848409823,1.0,1.0,0.0,0.0,0.0,0.0,0.0,-0.00779026164113454,1.0,-4.60091780869725,0.058886611577788454,0.058886611577788454,1.0,0.0,0.15166698722168803,-4.60091780869725
-4.597913626562753,-4.597913626562753,1.0,1.0,0.0,0.0,0.0,0.0,0.0,-0.004498751172197779,1.0,-4.600321533278005,0.052342139518588425,0.052342139518588425,1.0,6.0,0.40908297523856163,-4.600321533278005
-4.599516843740954,-4.599516843740954,1.0,1.0,1.1102230246251565e-16,1.1102230246251565e-16,4.850784329663016e-05,4.80275676204259e-07,0.0,-0.007412043720706141,1.0,-4.60073382071916,0.02645180150882948,0.02645180150882948,1.0,4.0,0.28270797338336706,-4.60073382071916
-4.592156055841198,-4.592156055841198,1.0,1.0,2.220446049250313e-16,2.220446049250313e-16,0.0,0.0,0.0,-0.00039240132538020944,1.0,-4.600413767373637,0.17949932223496273,0.17949932223496273,1.0,6.0,0.34600001526996493,-4.600413767373637
-4.600069561210815,-4.600069561210815,1.0,1.0,0.0,0.0,0.0,0.0,0.0,-0.00787573064629933,1.0,-4.601099702237575,0.02238901770068497,0.02238901770068497,1.0,0.0,0.09499996667727828,-4.601099702237575
-4.598904404135389,-4.598904404135389,1.0,1.0,2.220446049250313e-16,2.220446049250313e-16,0.0,0.0,0.0,-0.007884916076610696,1.0,-4.600676606972131,0.03852048270587538,0.03852048270587538,1.0,3.0,0.21816702792420983,-4.600676606972131
-4.59875344183822,-4.59875344183822,1.0,1.0,0.0,0.0,0.0,0.0,0.0,-0.007955084539822115,1.0,-4.600075057220305,0.028730300389582204,0.028730300389582204,1.0,0.0,0.09108398808166385,-4.600075057220305
-4.59449325720416,-4.59449325720416,1.0,1.0,2.220446049250313e-16,2.220446049250313e-16,0.0,0.0,0.0,-0.002540275566107253,1.0,-4.598524620273412,0.08766644526547643,0.08766644526547643,1.0,8.0,0.40716701187193394,-4.598524620273412
-4.598514746394668,-4.598514746394668,1.0,1.0,1.1102230246251565e-16,1.1102230246251565e-16,0.0,0.0,0.0,-0.005921889295393168,1.0,-4.599834046893338,0.028681480358211057,0.028681480358211057,1.0,6.0,0.32824999652802944,-4.599834046893338
-4.5996982907703785,-4.5996982907703785,1.0,1.0,0.0,0.0,0.0,0.0,0.0,-0.008244563228366591,1.0,-4.59990599996182,0.004515509478735449,0.004515509478735449,1.0,7.0,0.3679579822346568,-4.59990599996182
-4.598933908721849,-4.598933908721849,1.0,1.0,2.220446049250313e-16,2.220446049250313e-16,0.0,0.0,0.0,-0.007835066949905085,1.0,-4.600145635965412,0.026341062641364942,0.026341062641364942,1.0,7.0,0.3707499708980322,-4.600145635965412
-4.598618750868365,-4.598618750868365,1.0,1.0,0.0,0.0,0.0,0.0,0.0,-0.007815088738362133,1.0,-4.600090015069921,0.03198337851512293,0.03198337851512293,1.0,7.0,0.37154200254008174,-4.600090015069921
-4.5983101170048695,-4.5983101170048695,1.0,1.0,0.0,0.0,0.0,0.0,0.0,-0.008122164370658455,1.0,-4.599787346624091,0.03211517202650658,0.03211517202650658,1.0,0.0,0.0898329890333116,-4.599787346624091
-4.599756596642305,-4.599756596642305,1.0,1.0,0.0,0.0,0.0,0.0,0.0,-0.007933858294068386,1.0,-4.600247077967224,0.01066206481101259,0.01066206481101259,1.0,0.0,0.0904159969650209,-4.600247077967224
-4.5997877644369565,-4.5997877644369565,1.0,1.0,0.0,0.0,0.0,0.0,0.0,-0.008005341009452317,1.0,-4.601180942365141,0.030278703351063,0.030278703351063,1.0,0.0,0.08870800957083702,-4.601180942365141
-4.598026110830937,-4.598026110830937,1.0,1.0,0.0,0.0,0.0,0.0,0.0,-0.0055266088079470865,1.0,-4.599811206168951,0.038808013155405295,0.038808013155405295,1.0,0.0,0.08812500163912773,-4.599811206168951
-4.599261364634942,-4.599261364634942,1.0,1.0,0.0,0.0,2.330334643968479e-05,2.3072620237311673e-07,0.0,-0.007817211704106597,1.0,-4.599684521086455,0.009199684229925094,0.009199684229925094,1.0,5.0,0.30041602440178394,-4.599684521086455
-4.600838850444031,-4.600838850444031,1.0,1.0,0.0,0.0,4.316650999658389e-05,4.27391188084989e-07,0.0,-0.007981697631494814,1.0,-4.601326332873579,0.010594389406045662,0.010594389406045662,1.0,5.0,0.2977499971166253,-4.601326332873579
-4.5994917164950655,-4.5994917164950655,1.0,1.0,0.0,0.0,0.0,0.0,0.0,-0.007910493412338737,1.0,-4.60006654373427,0.012496063562113349,0.012496063562113349,1.0,8.0,0.40316698141396046,-4.60006654373427
-4.599416465346634,-4.599416465346634,1.0,1.0,2.220446049250313e-16,2.220446049250313e-16,0.0,0.0,0.0,-0.008189619318213565,1.0,-4.600163558111106,0.016240569602245278,0.016240569602245278,1.0,6.0,0.33179199090227485,-4.600163558111106
-4.599239607229509,-4.599239607229509,1.0,1.0,0.0,0.0,0.0,0.0,0.0,-0.008251977434340247,1.0,-4.599840781534654,0.013069459002980685,0.013069459002980685,1.0,9.0,0.4544999683275819,-4.599840781534654
-4.599794692457495,-4.599794692457495,1.0,1.0,0.0,0.0,0.0,0.0,0.0,-0.007826089554291508,1.0,-4.6006021218545925,0.017550515687106326,0.017550515687106326,1.0,5.0,0.29499997617676854,-4.6006021218545925
-4.600041540859271,-4.600041540859271,1.0,1.0,2.220446049250313e-16,2.220446049250313e-16,0.0,0.0,0.0,-0.007612642247417312,1.0,-4.600383250550796,0.007427852700835152,0.007427852700835152,1.0,8.0,0.41129201417788863,-4.600383250550796
-4.599143772906201,-4.599143772906201,1.0,1.0,0.0,0.0,0.0,0.0,0.0,-0.008071743753940491,1.0,-4.599722222484015,0.01257575022653589,0.01257575022653589,1.0,2.0,0.17329200636595488,-4.599722222484015
-4.599618242271622,-4.599618242271622,1.0,1.0,2.220446049250313e-16,2.220446049250313e-16,0.0,0.0,0.0,-0.00790637764802247,1.0,-4.600704713011004,0.023615311287201644,0.023615311287201644,1.0,5.0,0.28674997156485915,-4.600704713011004
-4.598765958868644,-4.598765958868644,1.0,1.0,1.1102230246251565e-16,1.1102230246251565e-16,0.0,0.0,0.0,-0.008166404931537542,1.0,-4.600195893657698,0.031084215153218162,0.031084215153218162,1.0,0.0,0.08924998110160232,-4.600195893657698
-4.60091812661662,-4.60091812661662,1.0,1.0,0.0,0.0,0.0,0.0,0.0,-0.007926529159929687,1.0,-4.60176962043935,0.01850361693352251,0.01850361693352251,1.0,0.0,0.08775002788752317,-4.60176962043935
-4.594931468758247,-4.594931468758247,1.0,1.0,2.220446049250313e-16,2.220446049250313e-16,0.0,0.0,0.0,-0.008117369546645952,1.0,-4.59981357925975,0.10613713832916086,0.10613713832916086,1.0,8.0,0.42500003473833203,-4.59981357925975
-4.598808552313338,-4.598808552313338,1.0,1.0,0.0,0.0,0.0,0.0,0.0,-0.008054498443991248,1.0,-4.599210671645541,0.008743224890351632,0.008743224890351632,1.0,2.0,0.17029198352247477,-4.599210671645541
-4.59784044382234,-4.59784044382234,1.0,1.0,0.0,0.0,0.0,0.0,0.0,-0.007847183810053511,1.0,-4.600113672803655,0.049416800170702505,0.049416800170702505,1.0,4.0,0.25120802456513047,-4.600113672803655
-4.598661023681993,-4.598661023681993,1.0,1.0,2.220446049250313e-16,2.220446049250313e-16,0.0,0.0,0.0,-0.005346935928564278,1.0,-4.600394521946324,0.03768151309765246,0.03768151309765246,1.0,5.0,0.29308401281014085,-4.600394521946324
-4.597819305562817,-4.597819305562817,1.0,1.0,2.220446049250313e-16,2.220446049250313e-16,2.7451696522295954e-05,2.717989754682768e-07,0.0,-0.00790993100599745,1.0,-4.599091180076043,0.027654909707712803,0.027654909707712803,1.0,6.0,0.3429999924264848,-4.599091180076043
-4.598088900588573,-4.598088900588573,1.0,1.0,0.0,0.0,0.0,0.0,0.0,-0.007801027382782632,1.0,-4.599892598685794,0.039211743720625546,0.039211743720625546,1.0,5.0,0.3134160069748759,-4.599892598685794
-4.597046919453563,-4.597046919453563,1.0,1.0,0.0,0.0,3.873693128897404e-05,3.8353397315815885e-07,0.0,-0.008025911951945689,1.0,-4.601195385851038,0.09016062239460462,0.09016062239460462,1.0,6.0,0.33883401192724705,-4.601195385851038
-4.5995780077832045,-4.5995780077832045,1.0,1.0,3.3306690738754696e-16,3.3306690738754696e-16,0.0,0.0,0.0,-0.008072821003538195,1.0,-4.600129899917257,0.011997316294536108,0.011997316294536108,1.0,7.0,0.3698329674080014,-4.600129899917257
-4.596918526133369,-4.596918526133369,1.0,1.0,2.220446049250313e-16,2.220446049250313e-16,0.0,0.0,0.0,-0.0034867181725226626,1.0,-4.600094851779568,0.06904913373623078,0.06904913373623078,1.0,5.0,0.290708034299314,-4.600094851779568
-4.599085173164933,-4.599085173164933,1.0,1.0,0.0,0.0,3.1773243643340443e-06,3.14586570726143e-08,0.0,-0.008131267032520244,1.0,-4.599796970383605,0.015474535577446484,0.015474535577446484,1.0,2.0,0.2500839764252305,-4.599796970383605
-4.599933351182402,-4.599933351182402,1.0,1.0,0.0,0.0,0.0,0.0,0.0,-0.007925381088759393,1.0,-4.6005417483133835,0.013224467122903497,0.013224467122903497,1.0,6.0,0.38958300137892365,-4.6005417483133835
-4.600424916082052,-4.600424916082052,1.0,1.0,0.0,0.0,1.910806459648473e-05,1.8918875838103693e-07,0.0,-0.007932295061505473,1.0,-4.600814890541802,0.008476204086176725,0.008476204086176725,1.0,10.0,0.5067909951321781,-4.600814890541802
-4.599049801011908,-4.599049801011908,1.0,1.0,0.0,0.0,2.9223530036814882e-05,2.893418815526226e-07,0.0,-0.007809382668057522,1.0,-4.599687344810372,0.013860589876455023,0.013860589876455023,1.0,8.0,0.430332962423563,-4.599687344810372
-4.599080861425417,-4.599080861425417,1.0,1.0,1.1102230246251565e-16,1.1102230246251565e-16,0.0,0.0,0.0,-0.007993310842023505,1.0,-4.5999170577393755,0.018178508513573707,0.018178508513573707,1.0,0.0,0.10524998651817441,-4.5999170577393755
-4.596338212359882,-4.596338212359882,1.0,1.0,0.0,0.0,1.937236595150882e-05,1.9180560348028534e-07,0.0,-0.007641164137794894,1.0,-4.599457794082626,0.06782498856184926,0.06782498856184926,1.0,5.0,0.29616698157042265,-4.599457794082626
-4.598368982490248,-4.598368982490248,1.0,1.0,0.0,0.0,0.0,0.0,0.0,-0.007984181345617647,1.0,-4.598832078633559,0.010069864161001703,0.010069864161001703,1.0,8.0,0.41033298475667834,-4.598832078633559
-4.592068880244991,-4.592068880244991,1.0,1.0,2.220446049250313e-16,2.220446049250313e-16,0.0,0.0,0.0,-0.000791842822516875,1.0,-4.599969475927594,0.17175321975391733,0.17175321975391733,1.0,7.0,0.36933296360075474,-4.599969475927594
-4.600218022333264,-4.600218022333264,1.0,1.0,0.0,0.0,0.0,0.0,0.0,-0.008210692162669134,1.0,-4.600617909752641,0.008692037183292414,0.008692037183292414,1.0,2.0,0.16908399993553758,-4.600617909752641
-4.60027102893247,-4.60027102893247,1.0,1.0,0.0,0.0,8.017646982594329e-05,7.938264339202306e-07,0.0,-0.008163608581245915,1.0,-4.6007623863675295,0.010679913322963723,0.010679913322963723,1.0,2.0,0.16924994997680187,-4.6007623863675295
-4.5996015859614285,-4.5996015859614285,1.0,1.0,0.0,0.0,0.0,0.0,0.0,-0.007892062173022225,1.0,-4.601646632087628,0.04444161600630828,0.04444161600630828,1.0,0.0,0.08887500734999776,-4.601646632087628
-4.5979505579923785,-4.5979505579923785,1.0,1.0,2.220446049250313e-16,2.220446049250313e-16,0.0,0.0,0.0,-0.0038010787154620918,1.0,-4.600241277726194,0.049795643217813414,0.049795643217813414,1.0,8.0,0.4100000369362533,-4.600241277726194
-4.599384362820694,-4.599384362820694,1.0,1.0,0.0,0.0,7.258120350250863e-05,7.186257772525607e-07,0.0,-0.008215091722020094,1.0,-4.599733081922898,0.007581289957339479,0.007581289957339479,1.0,0.0,0.09008304914459586,-4.599733081922898
-4.598228694766552,-4.598228694766552,1.0,1.0,0.0,0.0,0.0,0.0,0.0,-0.0080997197795247,1.0,-4.600083848161377,0.040328686520945976,0.040328686520945976,1.0,3.0,0.20945898722857237,-4.600083848161377
-4.600387726910062,-4.600387726910062,1.0,1.0,0.0,0.0,0.0,0.0,0.0,-0.008132832708023544,1.0,-4.600948664043715,0.012191771189195842,0.012191771189195842,1.0,0.0,0.08929200703278184,-4.600948664043715
-4.595656146984496,-4.595656146984496,1.0,1.0,2.220446049250313e-16,2.220446049250313e-16,0.0,0.0,0.0,-0.003160370570698845,1.0,-4.598490718041403,0.061641334748955355,0.061641334748955355,1.0,7.0,0.36870798794552684,-4.598490718041403
-4.599098715749147,-4.599098715749147,1.0,1.0,0.0,0.0,0.0,0.0,0.0,-0.00806699216604734,1.0,-4.6004541518219995,0.02946309273217937,0.02946309273217937,1.0,3.0,0.20766601664945483,-4.6004541518219995
-4.598194938442607,-4.598194938442607,1.0,1.0,0.0,0.0,0.0,0.0,0.0,-0.007776581552760478,1.0,-4.59967817085036,0.0322464388302787,0.0322464388302787,1.0,7.0,0.3625410026870668,-4.59967817085036
-4.594233794011648,-4.594233794011648,1.0,1.0,1.1102230246251565e-16,1.1102230246251565e-16,0.0,0.0,0.0,-0.00093309495921301,1.0,-4.601631328317889,0.16075895217238934,0.16075895217238934,1.0,6.0,0.3268750151619315,-4.601631328317889
,-4.590555699133024,0.0,1.0,2.220446049250313e-16,2.220446049250313e-16,1.3196122111254509e-05,1.3065467436885652e-07,0.0,1.3196072111254509e-05,0.0,-4.601635760263126,,,1.0,5.0,0.28620800003409386,-4.601635760263126
-4.598683037383411,-4.598683037383411,1.0,1.0,2.220446049250313e-16,2.220446049250313e-16,0.0,0.0,0.0,-0.008243653627035018,1.0,-4.60006113865429,0.029958325103518636,0.029958325103518636,1.0,3.0,0.20837498595938087,-4.60006113865429
-4.59862364073416,-4.59862364073416,1.0,1.0,0.0,0.0,0.0,0.0,0.0,-0.00783426445945749,1.0,-4.600411090070894,0.03885412198470948,0.03885412198470948,1.0,9.0,0.4612079937942326,-4.600411090070894
-4.598110530742778,-4.598110530742778,1.0,1.0,1.1102230246251565e-16,1.1102230246251565e-16,0.0,0.0,0.0,-0.004586767279089576,1.0,-4.600213718770108,0.04571935470626045,0.04571935470626045,1.0,5.0,0.29312499100342393,-4.600213718770108
-4.595821492524903,-4.595821492524903,1.0,1.0,0.0,0.0,0.0,0.0,0.0,-0.0024667758049626842,1.0,-4.600309160863922,0.0975514510458911,0.0975514510458911,1.0,5.0,0.3025410114787519,-4.600309160863922
-4.599489376500861,-4.599489376500861,1.0,1.0,0.0,0.0,0.0,0.0,0.0,-0.00793940383896929,1.0,-4.600006087366892,0.011232830048859437,0.011232830048859437,1.0,8.0,0.43650000588968396,-4.600006087366892
-4.5988846954360705,-4.5988846954360705,1.0,1.0,1.1102230246251565e-16,1.1102230246251565e-16,0.0,0.0,0.0,-0.008301210609434838,1.0,-4.5997976578876125,0.019847882873206803,0.019847882873206803,1.0,0.0,0.09587500244379044,-4.5997976578876125
-4.596582692485731,-4.596582692485731,1.0,1.0,0.0,0.0,0.0,0.0,0.0,-0.007671703627327913,1.0,-4.599570267586302,0.06495335274309136,0.06495335274309136,1.0,8.0,0.4052500007674098,-4.599570267586302
-4.600651552782046,-4.600651552782046,1.0,1.0,2.220446049250313e-16,2.220446049250313e-16,0.0,0.0,0.0,-0.008319829577309912,1.0,-4.601173156024595,0.011336309781479823,0.011336309781479823,1.0,8.0,0.408291001804173,-4.601173156024595
-4.598715083467303,-4.598715083467303,1.0,1.0,4.440892098500626e-16,4.440892098500626e-16,0.0,0.0,0.0,-0.008132692220083974,1.0,-4.600190245150318,0.03206740600719074,0.03206740600719074,1.0,0.0,0.08924998110160232,-4.600190245150318
-4.594031452647374,-4.594031452647374,1.0,1.0,0.0,0.0,0.0,0.0,0.0,-0.0014030373707666355,1.0,-4.600017938670924,0.13014049300164265,0.13014049300164265,1.0,5.0,0.2934999647550285,-4.600017938670924
-4.596757946984939,-4.596757946984939,1.0,1.0,2.220446049250313e-16,2.220446049250313e-16,0.0,0.0,0.0,-0.004251199214636792,1.0,-4.5994746206320585,0.059064868733779,0.059064868733779,1.0,6.0,0.34129200503230095,-4.5994746206320585
-4.5991511756430405,-4.5991511756430405,1.0,1.0,2.220446049250313e-16,2.220446049250313e-16,0.0,0.0,0.0,-0.00802496261609576,1.0,-4.599517136406722,0.007956503972661557,0.007956503972661557,1.0,10.0,0.48741698265075684,-4.599517136406722
-4.599516108968585,-4.599516108968585,1.0,1.0,2.220446049250313e-16,2.220446049250313e-16,0.0,0.0,0.0,-0.008121243985601,1.0,-4.600523314204444,0.021893275331289735,0.021893275331289735,1.0,0.0,0.08887500734999776,-4.600523314204444
-4.598500291073274,-4.598500291073274,1.0,1.0,2.220446049250313e-16,2.220446049250313e-16,0.0,0.0,0.0,-0.004291706086836822,1.0,-4.600394109111971,0.04116643039223937,0.04116643039223937,1.0,7.0,0.36750000435858965,-4.600394109111971
-4.598849597718905,-4.598849597718905,1.0,1.0,0.0,0.0,0.0,0.0,0.0,-0.008131372938233189,1.0,-4.600511871433037,0.03613236441044258,0.03613236441044258,1.0,7.0,0.45312504516914487,-4.600511871433037
-4.599428297806046,-4.599428297806046,1.0,1.0,2.220446049250313e-16,2.220446049250313e-16,1.7936600438195338e-05,1.7759010334846869e-07,0.0,-0.008037092520405598,1.0,-4.600143462356344,0.015546570583082784,0.015546570583082784,1.0,5.0,0.3350830520503223,-4.600143462356344
-4.599725565982544,-4.599725565982544,1.0,1.0,2.220446049250313e-16,2.220446049250313e-16,0.0,0.0,0.0,-0.008199594929640489,1.0,-4.600202362329133,0.010364682008207865,0.010364682008207865,1.0,0.0,0.10720797581598163,-4.600202362329133
-4.59878321661635,-4.59878321661635,1.0,1.0,2.220446049250313e-16,2.220446049250313e-16,0.0,0.0,0.0,-0.005663810288940141,1.0,-4.599752863254327,0.021080407291520404,0.021080407291520404,1.0,7.0,0.3994999569840729,-4.599752863254327
-4.597171303102568,-4.597171303102568,1.0,1.0,2.220446049250313e-16,2.220446049250313e-16,0.0,0.0,0.0,-0.007871022935859277,1.0,-4.5995088448031405,0.05082155028820815,0.05082155028820815,1.0,8.0,0.43266703141853213,-4.5995088448031405
-4.598269463355477,-4.598269463355477,1.0,1.0,1.1102230246251565e-16,1.1102230246251565e-16,0.0,0.0,0.0,-0.008049863979818423,1.0,-4.601349198104183,0.06693112424448949,0.06693112424448949,1.0,9.0,0.4658750258386135,-4.601349198104183
-4.599906723609721,-4.599906723609721,1.0,1.0,1.1102230246251565e-16,1.1102230246251565e-16,0.0,0.0,0.0,-0.008260632597148628,1.0,-4.600647722919051,0.016106412704421553,0.016106412704421553,1.0,4.0,0.2644589985720813,-4.600647722919051
-4.599300868852157,-4.599300868852157,1.0,1.0,1.1102230246251565e-16,1.1102230246251565e-16,0.0,0.0,0.0,-0.008177860431431327,1.0,-4.599967535479123,0.014492855043518639,0.014492855043518639,1.0,0.0,0.09216601029038429,-4.599967535479123
-4.600390816088114,-4.600390816088114,1.0,1.0,0.0,0.0,0.0,0.0,0.0,-0.008219972135688813,1.0,-4.600652479272234,0.005687523352353595,0.005687523352353595,1.0,7.0,0.387999985832721,-4.600652479272234
-4.599164671203145,-4.599164671203145,1.0,1.0,0.0,0.0,0.0,0.0,0.0,-0.0065426423156424995,1.0,-4.600595345743333,0.031097595695129193,0.031097595695129193,1.0,5.0,0.3047090140171349,-4.600595345743333
-4.597628840652076,-4.597628840652076,1.0,1.0,0.0,0.0,0.0,0.0,0.0,-0.008240194861045463,1.0,-4.599129165865654,0.032621941229943885,0.032621941229943885,1.0,4.0,0.2632500254549086,-4.599129165865654
-4.599663602575932,-4.599663602575932,1.0,1.0,0.0,0.0,9.748101167728063e-05,9.65158531458224e-07,0.0,-0.00779505762964311,1.0,-4.600412438897286,0.016277591005158566,0.016277591005158566,1.0,3.0,0.2181249437853694,-4.600412438897286
-4.600599953243592,-4.600599953243592,1.0,1.0,0.0,0.0,0.0,0.0,0.0,-0.00823428832868484,1.0,-4.60120971549937,0.013252216123152537,0.013252216123152537,1.0,0.0,0.0932089751586318,-4.60120971549937
-4.599083468769903,-4.599083468769903,1.0,1.0,0.0,0.0,0.0,0.0,0.0,-0.007810263202080979,1.0,-4.599992278906633,0.01975677526454605,0.01975677526454605,1.0,9.0,0.4677500110119581,-4.599992278906633
-4.598848970774948,-4.598848970774948,1.0,1.0,1.1102230246251565e-16,1.1102230246251565e-16,0.0,0.0,0.0,-0.008026036999578488,1.0,-4.60058048857172,0.03763694170927578,0.03763694170927578,1.0,0.0,0.09187497198581696,-4.60058048857172
-4.598650166802367,-4.598650166802367,1.0,1.0,0.0,0.0,0.0,0.0,0.0,-0.007221887567725238,1.0,-4.599476073508593,0.0179565388106558,0.0179565388106558,1.0,7.0,0.3844579914584756,-4.599476073508593
-4.591847121593225,-4.591847121593225,1.0,1.0,2.220446049250313e-16,2.220446049250313e-16,0.0,0.0,0.0,-0.0005726323629539065,1.0,-4.600134948429172,0.1801648631803182,0.1801648631803182,1.0,7.0,0.3922500181943178,-4.600134948429172
-4.5995959063490375,-4.5995959063490375,1.0,1.0,2.220446049250313e-16,2.220446049250313e-16,2.9482158705573802e-05,2.919025614413248e-07,0.0,-0.008162976428655794,1.0,-4.60031859564033,0.01570954872510439,0.01570954872510439,1.0,3.0,0.2185420016758144,-4.60031859564033
-4.599965990887155,-4.599965990887155,1.0,1.0,1.1102230246251565e-16,1.1102230246251565e-16,0.0,0.0,0.0,-0.008151074886029,1.0,-4.601131894049497,0.025339485787190294,0.025339485787190294,1.0,8.0,0.4321250016801059,-4.601131894049497
-4.599447095379477,-4.599447095379477,1.0,1.0,0.0,0.0,6.872096346305367e-05,6.804055788421156e-07,0.0,-0.007831888532433034,1.0,-4.599905507488694,0.009965685348769529,0.009965685348769529,1.0,4.0,0.28733396902680397,-4.599905507488694
-4.600083809663368,-4.600083809663368,1.0,1.0,2.220446049250313e-16,2.220446049250313e-16,0.0,0.0,0.0,-0.008127015469902271,1.0,-4.600766985813695,0.01484917954839505,0.01484917954839505,1.0,7.0,0.39529200876131654,-4.600766985813695
-4.5999451195781225,-4.5999451195781225,1.0,1.0,2.220446049250313e-16,2.220446049250313e-16,0.0,0.0,0.0,-0.007563173658730034,1.0,-4.600537505219821,0.012876444133455088,0.012876444133455088,1.0,6.0,0.34199998481199145,-4.600537505219821
-4.600362180086933,-4.600362180086933,1.0,1.0,0.0,0.0,6.724629853882558e-05,6.65804936027976e-07,0.0,-0.008338477133373799,1.0,-4.600777173770621,0.009020077869742977,0.009020077869742977,1.0,4.0,0.26016600895673037,-4.600777173770621
-4.599919882238945,-4.599919882238945,1.0,1.0,0.0,0.0,1.471022257737431e-05,1.4564576809281494e-07,0.0,-0.008184665069300382,1.0,-4.600417806577711,0.010823459079168523,0.010823459079168523,1.0,10.0,0.5059170071035624,-4.600417806577711
-4.59965523083832,-4.59965523083832,1.0,1.0,1.1102230246251565e-16,1.1102230246251565e-16,0.0,0.0,0.0,-0.00821894297873713,1.0,-4.6001368029348,0.010468647283987489,0.010468647283987489,1.0,3.0,0.21883303998038173,-4.6001368029348
-4.599292222957766,-4.599292222957766,1.0,1.0,1.1102230246251565e-16,1.1102230246251565e-16,6.280298385663574e-05,6.218117213528291e-07,0.0,-0.008097905205813143,1.0,-4.59947221244844,0.0039132640085618635,0.0039132640085618635,1.0,6.0,0.353958981577307,-4.59947221244844
-4.5960782045037245,-4.5960782045037245,1.0,1.0,0.0,0.0,0.0,0.0,0.0,-0.008162653750362523,1.0,-4.598356714273114,0.049550522305444704,0.049550522305444704,1.0,4.0,0.25470799300819635,-4.598356714273114
-4.589806173075173,-4.589806173075173,1.0,1.0,2.220446049250313e-16,2.220446049250313e-16,0.0,0.0,0.0,-0.0002196816285274794,1.0,-4.597976337245014,0.17769043532608547,0.17769043532608547,1.0,8.0,0.41629199404269457,-4.597976337245014
-4.594724108361171,-4.594724108361171,1.0,1.0,1.1102230246251565e-16,1.1102230246251565e-16,6.629880270758726e-05,6.564237891840323e-07,0.0,-0.0016692948708654232,1.0,-4.599979896745544,0.11425676855873527,0.11425676855873527,1.0,6.0,0.3352079656906426,-4.599979896745544
-4.599553344106813,-4.599553344106813,1.0,1.0,0.0,0.0,0.0,0.0,0.0,-0.007882273292420137,1.0,-4.600320712034143,0.016680748481790308,0.016680748481790308,1.0,0.0,0.09020802099257708,-4.600320712034143
-4.59910045121396,-4.59910045121396,1.0,1.0,0.0,0.0,0.0,0.0,0.0,-0.0040898266667341865,1.0,-4.600715133935594,0.03509634208220686,0.03509634208220686,1.0,6.0,0.3386249882169068,-4.600715133935594
-4.595572952130828,-4.595572952130828,1.0,1.0,1.1102230246251565e-16,1.1102230246251565e-16,0.0,0.0,0.0,-0.00800186564153279,1.0,-4.59827321685495,0.058723451103858966,0.058723451103858966,1.0,4.0,0.25745900347828865,-4.59827321685495
-4.594566761597122,-4.594566761597122,1.0,1.0,2.220446049250313e-16,2.220446049250313e-16,0.0,0.0,0.0,-0.0018463408896880473,1.0,-4.5997563588988415,0.11282330838414481,0.11282330838414481,1.0,6.0,0.4576659994199872,-4.5997563588988415
-4.599997162296246,-4.599997162296246,1.0,1.0,2.220446049250313e-16,2.220446049250313e-16,3.331916057208728e-05,3.298926789315572e-07,0.0,-0.008178707204146696,1.0,-4.600407492044861,0.008919421797418987,0.008919421797418987,1.0,2.0,0.20170799689367414,-4.600407492044861
-4.600725827351244,-4.600725827351244,1.0,1.0,0.0,0.0,9.130280299096682e-05,9.039881484254141e-07,0.0,-0.00829871497086085,1.0,-4.601151088177535,0.009242487763199504,0.009242487763199504,1.0,5.0,0.30579097801819444,-4.601151088177535
-4.5986885701110385,-4.5986885701110385,1.0,1.0,1.1102230246251565e-16,1.1102230246251565e-16,0.0,0.0,0.0,-0.007917183157083112,1.0,-4.599300099315079,0.013296136169322726,0.013296136169322726,1.0,7.0,0.3774579963646829,-4.599300099315079
-4.598665766856152,-4.598665766856152,1.0,1.0,0.0,0.0,0.0,0.0,0.0,-0.008153802849087552,1.0,-4.600683938570157,0.04386677591748783,0.04386677591748783,1.0,6.0,0.33729197457432747,-4.600683938570157
-4.599611709444926,-4.599611709444926,1.0,1.0,0.0,0.0,0.0,0.0,0.0,-0.007174308977652366,1.0,-4.600734361980348,0.024401594334573312,0.024401594334573312,1.0,6.0,0.33304200042039156,-4.600734361980348
-4.599595513994997,-4.599595513994997,1.0,1.0,3.3306690738754696e-16,3.3306690738754696e-16,0.0,0.0,0.0,-0.006897991746938947,1.0,-4.600237665836205,0.013959101417238542,0.013959101417238542,1.0,8.0,0.4159169620834291,-4.600237665836205
-4.59545661054801,-4.59545661054801,1.0,1.0,0.0,0.0,0.0,0.0,0.0,-0.008003000529558232,1.0,-4.599534266349966,0.08865366721557859,0.08865366721557859,1.0,5.0,0.29545894358307123,-4.599534266349966
-4.598758940841066,-4.598758940841066,1.0,1.0,1.1102230246251565e-16,1.1102230246251565e-16,8.374430787239096e-05,8.291515630929797e-07,0.0,-0.007394043819923035,1.0,-4.599486629488225,0.015821084085642565,0.015821084085642565,1.0,7.0,0.4110000445507467,-4.599486629488225
-4.599623014597695,-4.599623014597695,1.0,1.0,0.0,0.0,0.0,0.0,0.0,-0.008058961745524106,1.0,-4.600106183929884,0.01050343867880888,0.01050343867880888,1.0,7.0,0.39787503192201257,-4.600106183929884
-4.598719827638562,-4.598719827638562,1.0,1.0,1.1102230246251565e-16,1.1102230246251565e-16,0.0,0.0,0.0,-0.003165349263841488,1.0,-4.601870697889729,0.06846933471233299,0.06846933471233299,1.0,5.0,0.2917919773608446,-4.601870697889729
-4.600022160198078,-4.600022160198078,1.0,1.0,2.220446049250313e-16,2.220446049250313e-16,0.0,0.0,0.0,-0.007978640541988699,1.0,-4.6006710096224275,0.014103364987246878,0.014103364987246878,1.0,3.0,0.2161670126952231,-4.6006710096224275
-4.598874055780964,-4.598874055780964,1.0,1.0,1.1102230246251565e-16,1.1102230246251565e-16,5.255302908963033e-05,5.203270206894092e-07,0.0,-0.005221261127022592,1.0,-4.600157758065968,0.027905614383605643,0.027905614383605643,1.0,7.0,0.3656659973785281,-4.600157758065968
-4.60028050309046,-4.60028050309046,1.0,1.0,0.0,0.0,0.0,0.0,0.0,-0.008201737579243336,1.0,-4.601466784716257,0.025780510461083053,0.025780510461083053,1.0,0.0,0.08962501306086779,-4.601466784716257
-4.600156650379073,-4.600156650379073,1.0,1.0,0.0,0.0,0.0,0.0,0.0,-0.008079291466296438,1.0,-4.601112039117015,0.020764300669474663,0.020764300669474663,1.0,7.0,0.36920898128300905,-4.601112039117015
-4.600008762692934,-4.600008762692934,1.0,1.0,2.220446049250313e-16,2.220446049250313e-16,0.0,0.0,0.0,-0.006087714437711833,1.0,-4.600903998661744,0.0194578276154203,0.0194578276154203,1.0,9.0,0.4604589776135981,-4.600903998661744
-4.599754870501107,-4.599754870501107,1.0,1.0,2.220446049250313e-16,2.220446049250313e-16,0.0,0.0,0.0,-0.0044983499763603385,1.0,-4.601448381516028,0.03680386857590863,0.03680386857590863,1.0,7.0,0.39666699012741446,-4.601448381516028
-4.5994281805239705,-4.5994281805239705,1.0,1.0,1.1102230246251565e-16,1.1102230246251565e-16,0.0,0.0,0.0,-0.008110741553633042,1.0,-4.600224006747141,0.017299727622038255,0.017299727622038255,1.0,0.0,0.09008299093693495,-4.600224006747141
-4.60018387027851,-4.60018387027851,1.0,1.0,2.220446049250313e-16,2.220446049250313e-16,0.0,0.0,0.0,-0.008305568280067196,1.0,-4.6007312229402535,0.011897079729722496,0.011897079729722496,1.0,0.0,0.09554199641570449,-4.6007312229402535
-4.6005125936645435,-4.6005125936645435,1.0,1.0,0.0,0.0,0.0,0.0,0.0,-0.008422495253424407,1.0,-4.6015773292376405,0.023138491367555733,0.023138491367555733,1.0,9.0,0.4689999623224139,-4.6015773292376405
-4.59935006728205,-4.59935006728205,1.0,1.0,0.0,0.0,0.0,0.0,0.0,-0.007978074161387452,1.0,-4.5997143161735465,0.007918945970521174,0.007918945970521174,1.0,8.0,0.4267499898560345,-4.5997143161735465
-4.599953273692617,-4.599953273692617,1.0,1.0,4.440892098500626e-16,4.440892098500626e-16,0.0,0.0,0.0,-0.008045809354996119,1.0,-4.6005298756285296,0.012533380969155896,0.012533380969155896,1.0,6.0,0.32708299113437533,-4.6005298756285296
-4.593164686759,-4.593164686759,1.0,1.0,0.0,0.0,0.0,0.0,0.0,-0.0007678897252096917,1.0,-4.600444788010692,0.15824776923016026,0.15824776923016026,1.0,5.0,0.28616597410291433,-4.600444788010692
-4.598817579690797,-4.598817579690797,1.0,1.0,0.0,0.0,0.0,0.0,0.0,-0.008119220706739977,1.0,-4.6003010883265585,0.03224807696882864,0.03224807696882864,1.0,6.0,0.32433297019451857,-4.6003010883265585
-4.598589395187683,-4.598589395187683,1.0,1.0,0.0,0.0,0.0,0.0,0.0,-0.008061038573527168,1.0,-4.599791932390137,0.026143295612707486,0.026143295612707486,1.0,0.0,0.08887500734999776,-4.599791932390137
-4.598596463259769,-4.598596463259769,1.0,1.0,0.0,0.0,0.0,0.0,0.0,-0.007491506394614267,1.0,-4.599701486545251,0.024023804342830534,0.024023804342830534,1.0,0.0,0.08812500163912773,-4.599701486545251
-4.5998557578096655,-4.5998557578096655,1.0,1.0,0.0,0.0,8.777225015843548e-05,8.690321797864899e-07,0.0,-0.008114718129521678,1.0,-4.600392937305914,0.01167681768860215,0.01167681768860215,1.0,1.0,0.12883299496024847,-4.600392937305914
-4.598336332770836,-4.598336332770836,1.0,1.0,0.0,0.0,0.0,0.0,0.0,-0.008012417986894917,1.0,-4.599962023757097,0.0353414001651486,0.0353414001651486,1.0,0.0,0.08820800576359034,-4.599962023757097
-4.600411842016217,-4.600411842016217,1.0,1.0,2.220446049250313e-16,2.220446049250313e-16,0.0,0.0,0.0,-0.008260398253865117,1.0,-4.600962410666094,0.011966380090406068,0.011966380090406068,1.0,0.0,0.08908298332244158,-4.600962410666094
-4.59882273983842,-4.59882273983842,1.0,1.0,0.0,0.0,0.0,0.0,0.0,-0.00767353034099575,1.0,-4.599570237532104,0.016251468182496228,0.016251468182496228,1.0,4.0,0.2555830287747085,-4.599570237532104
-4.599089168959411,-4.599089168959411,1.0,1.0,0.0,0.0,0.0,0.0,0.0,-0.008009838350181464,1.0,-4.600260525274258,0.02546282560328216,0.02546282560328216,1.0,9.0,0.4451660206541419,-4.600260525274258
-4.600531375300841,-4.600531375300841,1.0,1.0,0.0,0.0,0.0,0.0,0.0,-0.008195579593274077,1.0,-4.60097047118525,0.009543549282893365,0.009543549282893365,1.0,2.0,0.1681669964455068,-4.60097047118525
-4.598570496188206,-4.598570496188206,1.0,1.0,2.220446049250313e-16,2.220446049250313e-16,0.0,0.0,0.0,-0.007620038851705968,1.0,-4.5998052271713465,0.026843114483353078,0.026843114483353078,1.0,0.0,0.08774996967986226,-4.5998052271713465
-4.599722127004877,-4.599722127004877,1.0,1.0,2.220446049250313e-16,2.220446049250313e-16,4.9186495016895204e-05,4.869950001672793e-07,0.0,-0.008160113799463135,1.0,-4.600252222270815,0.01152317830253539,0.01152317830253539,1.0,6.0,0.3250829759053886,-4.600252222270815
-4.591440244617171,-4.591440244617171,1.0,1.0,0.0,0.0,0.0,0.0,0.0,-0.00038633723797221187,1.0,-4.600164340897363,0.1896474915609199,0.1896474915609199,1.0,6.0,0.41008403059095144,-4.600164340897363
-4.598640240852555,-4.598640240852555,1.0,1.0,1.1102230246251565e-16,1.1102230246251565e-16,8.833843818967235e-05,8.746380018779441e-07,0.0,-0.007983902892983875,1.0,-4.599104184877715,0.010087704181297674,0.010087704181297674,1.0,3.0,0.2703339559957385,-4.599104184877715
-4.600209275003288,-4.600209275003288,1.0,1.0,1.1102230246251565e-16,1.1102230246251565e-16,0.0,0.0,0.0,-0.007851762722936625,1.0,-4.600619817987265,0.008923645078677224,0.008923645078677224,1.0,11.0,0.5539160338230431,-4.600619817987265
-4.599475916265627,-4.599475916265627,1.0,1.0,0.0,0.0,0.0,0.0,0.0,-0.008045021816779557,1.0,-4.600490928669729,0.022063132388262297,0.022063132388262297,1.0,5.0,0.30029198387637734,-4.600490928669729
-4.597917495438709,-4.597917495438709,1.0,1.0,1.1102230246251565e-16,1.1102230246251565e-16,3.17369428106673e-05,3.142271565412604e-07,0.0,-0.004941920944443123,1.0,-4.599596374559774,0.03650057492763346,0.03650057492763346,1.0,6.0,0.34137500915676355,-4.599596374559774
-4.599316990593435,-4.599316990593435,1.0,1.0,2.220446049250313e-16,2.220446049250313e-16,0.0,0.0,0.0,-0.008303414928985946,1.0,-4.6004148281775175,0.023863882390744676,0.023863882390744676,1.0,5.0,0.29987498419359326,-4.6004148281775175
-4.600235955102729,-4.600235955102729,1.0,1.0,0.0,0.0,0.0,0.0,0.0,-0.007982454590632945,1.0,-4.60080369253254,0.012339962053417686,0.012339962053417686,1.0,0.0,0.09820901323109865,-4.60080369253254
-4.599111230204105,-4.599111230204105,1.0,1.0,0.0,0.0,0.0,0.0,0.0,-0.007953386205115924,1.0,-4.599479339751212,0.008003287327002806,0.008003287327002806,1.0,8.0,0.4153749905526638,-4.599479339751212
-4.600329534325681,-4.600329534325681,1.0,1.0,1.1102230246251565e-16,1.1102230246251565e-16,9.658020405939327e-05,9.562396441524086e-07,0.0,-0.008089672841499206,1.0,-4.600774119849675,0.00966327649245771,0.00966327649245771,1.0,4.0,0.25937496684491634,-4.600774119849675
-4.599757332935722,-4.599757332935722,1.0,1.0,4.440892098500626e-16,4.440892098500626e-16,0.0,0.0,0.0,-0.008137309387489815,1.0,-4.60037771407613,0.013485439217512864,0.013485439217512864,1.0,0.0,0.09766599396243691,-4.60037771407613
-4.601443738286767,-4.601443738286767,1.0,1.0,0.0,0.0,0.0,0.0,0.0,-0.007904516495700564,1.0,-4.6018236796414955,0.008256321432084126,0.008256321432084126,1.0,4.0,0.25770795764401555,-4.6018236796414955
-4.597804032284423,-4.597804032284423,1.0,1.0,0.0,0.0,2.204779624997988e-05,2.182950123760384e-07,0.0,-0.00783335122912188,1.0,-4.598993005125957,0.025852895192671782,0.025852895192671782,1.0,7.0,0.3671249723993242,-4.598993005125957
-4.5999462350778675,-4.5999462350778675,1.0,1.0,0.0,0.0,0.0,0.0,0.0,-0.008057424543508763,1.0,-4.600299021356678,0.0076687684251093,0.0076687684251093,1.0,5.0,0.28904201462864876,-4.600299021356678
-4.598919989358237,-4.598919989358237,1.0,1.0,0.0,0.0,0.0,0.0,0.0,-0.008233552886043464,1.0,-4.60049846102932,0.034310883580423335,0.034310883580423335,1.0,9.0,0.4456249880604446,-4.60049846102932
-4.599528904242293,-4.599528904242293,1.0,1.0,0.0,0.0,0.0,0.0,0.0,-0.008234697746742606,1.0,-4.600702112680223,0.025500639015445574,0.025500639015445574,1.0,0.0,0.08833402534946799,-4.600702112680223
-4.599465722217918,-4.599465722217918,1.0,1.0,3.3306690738754696e-16,3.3306690738754696e-16,0.0,0.0,0.0,-0.008099863404536492,1.0,-4.600772572599953,0.028405020274605047,0.028405020274605047,1.0,0.0,0.08770899148657918,-4.600772572599953
-4.599931258766836,-4.599931258766836,1.0,1.0,2.220446049250313e-16,2.220446049250313e-16,0.0,0.0,0.0,-0.008095379455615505,1.0,-4.600606072013757,0.014667920625187535,0.014667920625187535,1.0,0.0,0.08712499402463436,-4.600606072013757
-4.601030307801361,-4.601030307801361,1.0,1.0,2.220446049250313e-16,2.220446049250313e-16,8.100141776418157e-05,8.019942352889265e-07,0.0,-0.007951846378357847,1.0,-4.601411690514712,0.008288384934930518,0.008288384934930518,1.0,5.0,0.29266701312735677,-4.601411690514712
-4.598131752794609,-4.598131752794609,1.0,1.0,2.220446049250313e-16,2.220446049250313e-16,0.0,0.0,0.0,-0.008108599092209656,1.0,-4.600013842591478,0.04091487246065479,0.04091487246065479,1.0,0.0,0.08754100417718291,-4.600013842591478
-4.59462078185211,-4.59462078185211,1.0,1.0,2.220446049250313e-16,2.220446049250313e-16,3.0219727972402577e-05,2.992052274495305e-07,0.0,-0.0016972182512183798,1.0,-4.600084818423044,0.11878121353438169,0.11878121353438169,1.0,5.0,0.2947920002043247,-4.600084818423044
-4.596647645256537,-4.596647645256537,1.0,1.0,0.0,0.0,0.0,0.0,0.0,-0.007743060142680682,1.0,-4.5997351177231725,0.06712283180696943,0.06712283180696943,1.0,5.0,0.28508302057161927,-4.5997351177231725
-4.5998029814260555,-4.5998029814260555,1.0,1.0,1.1102230246251565e-16,1.1102230246251565e-16,0.0,0.0,0.0,-0.007825801873056242,1.0,-4.600786635171786,0.021380120916940654,0.021380120916940654,1.0,6.0,0.32370799453929067,-4.600786635171786
-4.598537337768332,-4.598537337768332,1.0,1.0,3.3306690738754696e-16,3.3306690738754696e-16,0.0,0.0,0.0,-0.007859346921022695,1.0,-4.599113477669903,0.01252719473803461,0.01252719473803461,1.0,7.0,0.36329199792817235,-4.599113477669903
-4.5997818340603445,-4.5997818340603445,1.0,1.0,0.0,0.0,0.0,0.0,0.0,-0.007952930802120563,1.0,-4.600668021062975,0.019262137554230754,0.019262137554230754,1.0,7.0,0.3590410342440009,-4.600668021062975
-4.599181759130881,-4.599181759130881,1.0,1.0,0.0,0.0,0.0,0.0,0.0,-0.00798195519832508,1.0,-4.599760526747029,0.012582559739424026,0.012582559739424026,1.0,8.0,0.3987080417573452,-4.599760526747029
-4.599630710973403,-4.599630710973403,1.0,1.0,2.220446049250313e-16,2.220446049250313e-16,0.0,0.0,0.0,-0.007980446605718651,1.0,-4.600399514723819,0.016711673583019043,0.016711673583019043,1.0,7.0,0.35800004843622446,-4.600399514723819
-4.597718596593547,-4.597718596593547,1.0,1.0,0.0,0.0,0.0,0.0,0.0,-0.00794446972428645,1.0,-4.599508513329088,0.03891539129351195,0.03891539129351195,1.0,4.0,0.24849997134879231,-4.599508513329088
-4.5994777662218285,-4.5994777662218285,1.0,1.0,2.220446049250313e-16,2.220446049250313e-16,0.0,0.0,0.0,-0.007785088661604717,1.0,-4.600067504636095,0.012820212174538582,0.012820212174538582,1.0,2.0,0.1680420245975256,-4.600067504636095
-4.600377264586543,-4.600377264586543,1.0,1.0,0.0,0.0,7.382530660665632e-05,7.309436297688744e-07,0.0,-0.007791510568732921,1.0,-4.600812996132479,0.00947075106731177,0.00947075106731177,1.0,9.0,0.4431250272318721,-4.600812996132479
-4.597699483713329,-4.597699483713329,1.0,1.0,2.220446049250313e-16,2.220446049250313e-16,0.0,0.0,0.0,-0.0076823027069801006,1.0,-4.60077157655681,0.06677342685593625,0.06677342685593625,1.0,6.0,0.32754201674833894,-4.60077157655681
-4.599878847224962,-4.599878847224962,1.0,1.0,0.0,0.0,5.604597800723532e-05,5.549106733389636e-07,0.0,-0.00810189881031724,1.0,-4.600503025740741,0.01356761450404061,0.01356761450404061,1.0,6.0,0.3251250018365681,-4.600503025740741
-4.596653180021889,-4.596653180021889,1.0,1.0,0.0,0.0,0.0,0.0,0.0,-0.007868322858680693,1.0,-4.600002137508137,0.0728033897841312,0.0728033897841312,1.0,8.0,0.43774995720013976,-4.600002137508137
-4.600157488789607,-4.600157488789607,1.0,1.0,0.0,0.0,0.0,0.0,0.0,-0.008198296427388365,1.0,-4.601659850440366,0.03264825518589328,0.03264825518589328,1.0,0.0,0.09362498531118035,-4.601659850440366
-4.599106296849865,-4.599106296849865,1.0,1.0,0.0,0.0,0.0,0.0,0.0,-0.008009968384476556,1.0,-4.600274616520483,0.025396737543081378,0.025396737543081378,1.0,0.0,0.08925003930926323,-4.600274616520483
-4.598579285966472,-4.598579285966472,1.0,1.0,1.1102230246251565e-16,1.1102230246251565e-16,0.0,0.0,0.0,-0.008073106326984781,1.0,-4.6009513184139035,0.05155526071180835,0.05155526071180835,1.0,6.0,0.3215000033378601,-4.6009513184139035
-4.598976298404393,-4.598976298404393,1.0,1.0,0.0,0.0,0.0,0.0,0.0,-0.008016622685325004,1.0,-4.5997967670956745,0.017837063957924178,0.017837063957924178,1.0,0.0,0.08708401583135128,-4.5997967670956745
-4.599651635008643,-4.599651635008643,1.0,1.0,0.0,0.0,0.0,0.0,0.0,-0.008150566732248567,1.0,-4.60048153584369,0.01803943410229933,0.01803943410229933,1.0,5.0,0.32474996987730265,-4.60048153584369
-4.599409117034789,-4.599409117034789,1.0,1.0,0.0,0.0,0.0,0.0,0.0,-0.008051709805900555,1.0,-4.600092551837034,0.014856979387781681,0.014856979387781681,1.0,3.0,0.21645904053002596,-4.600092551837034
-4.5989253413378215,-4.5989253413378215,1.0,1.0,0.0,0.0,3.178918825508248e-06,3.147444381691334e-08,0.0,-0.007963486727208107,1.0,-4.599395507061443,0.01022233732453794,0.01022233732453794,1.0,7.0,0.37154200254008174,-4.599395507061443
-4.59979752728076,-4.59979752728076,1.0,1.0,2.220446049250313e-16,2.220446049250313e-16,0.0,0.0,0.0,-0.00796857215469182,1.0,-4.60058476931084,0.017111781861552797,0.017111781861552797,1.0,0.0,0.09004201274365187,-4.60058476931084
-4.597703086470251,-4.597703086470251,1.0,1.0,2.220446049250313e-16,2.220446049250313e-16,0.0,0.0,0.0,-0.008163741222350604,1.0,-4.5992336434829095,0.03327852271275039,0.03327852271275039,1.0,2.0,0.17562502762302756,-4.5992336434829095
-4.600634598439186,-4.600634598439186,1.0,1.0,0.0,0.0,0.0,0.0,0.0,-0.006720837417700687,1.0,-4.601711712878413,0.023406821340263347,0.023406821340263347,1.0,4.0,0.24704198585823178,-4.601711712878413
-4.599589239575991,-4.599589239575991,1.0,1.0,2.220446049250313e-16,2.220446049250313e-16,0.0,0.0,0.0,-0.007901222500764471,1.0,-4.601185171351094,0.03468523251444539,0.03468523251444539,1.0,0.0,0.08875003550201654,-4.601185171351094
-4.594514735331662,-4.594514735331662,1.0,1.0,0.0,0.0,0.0,0.0,0.0,-0.0017996356444998085,1.0,-4.6002953217469145,0.12565685485289482,0.12565685485289482,1.0,6.0,0.32641697907820344,-4.6002953217469145
-4.599512040017788,-4.599512040017788,1.0,1.0,0.0,0.0,0.0,0.0,0.0,-0.006407650306508472,1.0,-4.600686725058412,0.025532819572910575,0.025532819572910575,1.0,6.0,0.3278750227764249,-4.600686725058412
-4.5968865181278105,-4.5968865181278105,1.0,1.0,1.1102230246251565e-16,1.1102230246251565e-16,0.0,0.0,0.0,-0.004417516897135654,1.0,-4.599304225297023,0.052566802515793085,0.052566802515793085,1.0,6.0,0.326832989230752,-4.599304225297023
-4.598335402161453,-4.598335402161453,1.0,1.0,0.0,0.0,7.081248133755658e-06,7.011136766094711e-08,0.0,-0.005822450408021318,1.0,-4.599739137304007,0.030517711997392075,0.030517711997392075,1.0,6.0,0.33045798772946,-4.599739137304007
-4.599444086708944,-4.599444086708944,1.0,1.0,2.220446049250313e-16,2.220446049250313e-16,7.137125109035747e-05,7.066460503995789e-07,0.0,-0.008034659827701822,1.0,-4.600335494106605,0.019377008455201943,0.019377008455201943,1.0,5.0,0.2882080152630806,-4.600335494106605
-4.599553791330278,-4.599553791330278,1.0,1.0,0.0,0.0,0.0,0.0,0.0,-0.008202913080547757,1.0,-4.600024174449665,0.010225666247572011,0.010225666247572011,1.0,3.0,0.21295802434906363,-4.600024174449665
-4.598407529074837,-4.598407529074837,1.0,1.0,2.220446049250313e-16,2.220446049250313e-16,5.2767661241959196e-05,5.224520915045465e-07,0.0,-0.007835836411455677,1.0,-4.600214603524652,0.039282394530683024,0.039282394530683024,1.0,4.0,0.2536249812692404,-4.600214603524652
-4.599112238269971,-4.599112238269971,1.0,1.0,2.220446049250313e-16,2.220446049250313e-16,0.0,0.0,0.0,-0.007238393914367425,1.0,-4.600916200315265,0.03920875683782853,0.03920875683782853,1.0,0.0,0.08816597983241081,-4.600916200315265
-4.600377148793697,-4.600377148793697,1.0,1.0,2.220446049250313e-16,2.220446049250313e-16,0.0,0.0,0.0,-0.007885043060329494,1.0,-4.601327549028333,0.02065491370717138,0.02065491370717138,1.0,0.0,0.08670799434185028,-4.601327549028333
-4.600059294875632,-4.600059294875632,1.0,1.0,2.220446049250313e-16,2.220446049250313e-16,0.0,0.0,0.0,-0.0077157486758807625,1.0,-4.601020262614847,0.0208859705970719,0.0208859705970719,1.0,6.0,0.3255000337958336,-4.601020262614847
-4.599197223672384,-4.599197223672384,1.0,1.0,2.220446049250313e-16,2.220446049250313e-16,0.0,0.0,0.0,-0.008092673971270519,1.0,-4.599905414940232,0.015395778912061803,0.015395778912061803,1.0,7.0,0.36995799746364355,-4.599905414940232
-4.601222582454735,-4.601222582454735,1.0,1.0,2.220446049250313e-16,2.220446049250313e-16,0.0,0.0,0.0,-0.008473812141513572,1.0,-4.602018457867997,0.017294050872422865,0.017294050872422865,1.0,4.0,0.2547089825384319,-4.602018457867997
-4.599443724845694,-4.599443724845694,1.0,1.0,0.0,0.0,0.0,0.0,0.0,-0.008238467507540228,1.0,-4.600432282361795,0.021488361428369136,0.021488361428369136,1.0,0.0,0.08924998110160232,-4.600432282361795
-4.598008095865147,-4.598008095865147,1.0,1.0,0.0,0.0,0.0,0.0,0.0,-0.008080858301227036,1.0,-4.600541640468247,0.05507057214337489,0.05507057214337489,1.0,8.0,0.42920897249132395,-4.600541640468247
-4.599679963231171,-4.599679963231171,1.0,1.0,2.220446049250313e-16,2.220446049250313e-16,0.0,0.0,0.0,-0.007667583583832016,1.0,-4.600467385943534,0.017116145954402095,0.017116145954402095,1.0,7.0,0.36829098826274276,-4.600467385943534
-4.600091690504247,-4.600091690504247,1.0,1.0,0.0,0.0,0.0,0.0,0.0,-0.008227055221671208,1.0,-4.60085179983213,0.016521056555462595,0.016521056555462595,1.0,6.0,0.3357499954290688,-4.60085179983213
-4.599994731612309,-4.599994731612309,1.0,1.0,2.220446049250313e-16,2.220446049250313e-16,0.0,0.0,0.0,-0.00818443060459348,1.0,-4.600304134276557,0.006725700197579182,0.006725700197579182,1.0,10.0,0.4825830110348761,-4.600304134276557
-4.596126190139478,-4.596126190139478,1.0,1.0,1.1102230246251565e-16,1.1102230246251565e-16,0.0,0.0,0.0,-0.0014562220935682157,1.0,-4.600956886977208,0.10499330805300335,0.10499330805300335,1.0,3.0,0.20933302585035563,-4.600956886977208
-4.599803005263409,-4.599803005263409,1.0,1.0,1.1102230246251565e-16,1.1102230246251565e-16,2.7811970892577254e-05,2.753660484413589e-07,0.0,-0.008052838165654518,1.0,-4.600277089178651,0.01030555129728154,0.01030555129728154,1.0,0.0,0.0885000335983932,-4.600277089178651
-4.599967983504535,-4.599967983504535,1.0,1.0,0.0,0.0,0.0,0.0,0.0,-0.008042946170235734,1.0,-4.600862535915771,0.019443145806953336,0.019443145806953336,1.0,11.0,0.5404999828897417,-4.600862535915771
-4.599264373431201,-4.599264373431201,1.0,1.0,0.0,0.0,0.0,0.0,0.0,-0.00815435876645406,1.0,-4.59982983203017,0.012293032995069193,0.012293032995069193,1.0,7.0,0.367750006262213,-4.59982983203017
-4.600003033006479,-4.600003033006479,1.0,1.0,2.220446049250313e-16,2.220446049250313e-16,0.0,0.0,0.0,-0.008352865392484721,1.0,-4.600980435296774,0.02124334810893733,0.02124334810893733,1.0,8.0,0.41304202750325203,-4.600980435296774
-4.600406236720751,-4.600406236720751,1.0,1.0,0.0,0.0,0.0,0.0,0.0,-0.007849627957928396,1.0,-4.601008893962308,0.01309837158427985,0.01309837158427985,1.0,6.0,0.3363339928910136,-4.601008893962308
-4.596153608933269,-4.596153608933269,1.0,1.0,2.220446049250313e-16,2.220446049250313e-16,0.0,0.0,0.0,-0.007957950178813945,1.0,-4.599120034651275,0.06449985422549351,0.06449985422549351,1.0,4.0,0.2520830021239817,-4.599120034651275
-4.599926524943562,-4.599926524943562,1.0,1.0,2.220446049250313e-16,2.220446049250313e-16,0.0,0.0,0.0,-0.00821205654944191,1.0,-4.600633010625779,0.015356271204084188,0.015356271204084188,1.0,8.0,0.41879096534103155,-4.600633010625779
-4.599411211825118,-4.599411211825118,1.0,1.0,2.220446049250313e-16,2.220446049250313e-16,0.0,0.0,0.0,-0.00800545366615484,1.0,-4.600297355362567,0.019262744753140847,0.019262744753140847,1.0,0.0,0.09849999332800508,-4.600297355362567
-4.599659829673181,-4.599659829673181,1.0,1.0,2.220446049250313e-16,2.220446049250313e-16,7.358800013890221e-05,7.2859406078121e-07,0.0,-0.008133455413520722,1.0,-4.600269927415547,0.013262216174105156,0.013262216174105156,1.0,3.0,0.2268340322189033,-4.600269927415547
-4.598843368912323,-4.598843368912323,1.0,1.0,0.0,0.0,0.0,0.0,0.0,-0.008102515586931428,1.0,-4.59969828262981,0.018586299903960907,0.018586299903960907,1.0,2.0,0.18337502842769027,-4.59969828262981
-4.596861177227819,-4.596861177227819,1.0,1.0,1.1102230246251565e-16,1.1102230246251565e-16,0.0,0.0,0.0,-0.008422618915325765,1.0,-4.59996310413635,0.06743373453891374,0.06743373453891374,1.0,6.0,0.3784170257858932,-4.59996310413635
-4.600060131670097,-4.600060131670097,1.0,1.0,2.220446049250313e-16,2.220446049250313e-16,8.949040631711647e-05,8.860436269021433e-07,0.0,-0.008015475774587569,1.0,-4.600779146990209,0.015628120740851292,0.015628120740851292,1.0,6.0,0.3372920327819884,-4.600779146990209
-4.599365825584915,-4.599365825584915,1.0,1.0,1.1102230246251565e-16,1.1102230246251565e-16,3.463398719677491e-05,3.4291076432450405e-07,0.0,-0.00799302432527397,1.0,-4.599914957189347,0.01193786427669366,0.01193786427669366,1.0,4.0,0.2543330192565918,-4.599914957189347
-4.599374833900553,-4.599374833900553,1.0,1.0,1.1102230246251565e-16,1.1102230246251565e-16,0.0,0.0,0.0,-0.0076930641709221795,1.0,-4.600276494631792,0.019600142128209163,0.019600142128209163,1.0,6.0,0.33308297861367464,-4.600276494631792
-4.597778228294221,-4.597778228294221,1.0,1.0,0.0,0.0,0.0,0.0,0.0,-0.0035630756658874274,1.0,-4.60091950437357,0.06827496278435093,0.06827496278435093,1.0,6.0,0.34416699782013893,-4.60091950437357
-4.599727936917086,-4.599727936917086,1.0,1.0,0.0,0.0,0.0,0.0,0.0,-0.007359607606896024,1.0,-4.600218616754526,0.010666446060903837,0.010666446060903837,1.0,7.0,0.38579199463129044,-4.600218616754526
-4.598715737932601,-4.598715737932601,1.0,1.0,0.0,0.0,0.0,0.0,0.0,-0.007925942771550256,1.0,-4.600227823231685,0.032869791610058784,0.032869791610058784,1.0,0.0,0.09004102321341634,-4.600227823231685
-4.596955125151375,-4.596955125151375,1.0,1.0,0.0,0.0,0.0,0.0,0.0,-0.007788733230163737,1.0,-4.599824430410877,0.06237858211569583,0.06237858211569583,1.0,7.0,0.3742919652722776,-4.599824430410877
-4.599379679659286,-4.599379679659286,1.0,1.0,2.220446049250313e-16,2.220446049250313e-16,0.0,0.0,0.0,-0.0075286998071345534,1.0,-4.599850761859433,0.010241249652125984,0.010241249652125984,1.0,6.0,0.3525000065565109,-4.599850761859433
-4.600414003255775,-4.600414003255775,1.0,1.0,0.0,0.0,0.0,0.0,0.0,-0.007912851628670255,1.0,-4.60113736084535,0.01572127786773458,0.01572127786773458,1.0,7.0,0.3939170273952186,-4.60113736084535
-4.597847927842267,-4.597847927842267,1.0,1.0,2.220446049250313e-16,2.220446049250313e-16,0.0,0.0,0.0,-0.008267975694678152,1.0,-4.598927405159292,0.023472371314533863,0.023472371314533863,1.0,5.0,0.3313340130262077,-4.598927405159292
-4.599292628295546,-4.599292628295546,1.0,1.0,0.0,0.0,0.0,0.0,0.0,-0.008128075227670844,1.0,-4.600022993050324,0.015877415305984764,0.015877415305984764,1.0,7.0,0.38166699232533574,-4.600022993050324
-4.598274684318293,-4.598274684318293,1.0,1.0,0.0,0.0,8.029315539853643e-05,7.949817366191725e-07,0.0,-0.006087426966034704,1.0,-4.59887344532363,0.013019732168231726,0.013019732168231726,1.0,8.0,0.41516596684232354,-4.59887344532363
-4.598443152800305,-4.598443152800305,1.0,1.0,0.0,0.0,8.962975525028671e-05,8.874233193097694e-07,0.0,-0.007853494321656246,1.0,-4.599234959447596,0.01721605124052695,0.01721605124052695,1.0,7.0,0.3747920272871852,-4.599234959447596
-4.598961049451073,-4.598961049451073,1.0,1.0,2.220446049250313e-16,2.220446049250313e-16,0.0,0.0,0.0,-0.008096989430751924,1.0,-4.6003268378691695,0.029688943117126224,0.029688943117126224,1.0,6.0,0.3369170008227229,-4.6003268378691695
-4.600167204034094,-4.600167204034094,1.0,1.0,0.0,0.0,0.0,0.0,0.0,-0.007956950368620435,1.0,-4.600807577742918,0.013918724006662225,0.013918724006662225,1.0,7.0,0.3779170219786465,-4.600807577742918
-4.600755444170311,-4.600755444170311,1.0,1.0,1.1102230246251565e-16,1.1102230246251565e-16,0.0,0.0,0.0,-0.008243687587437775,1.0,-4.6014464429677435,0.015016990983104314,0.015016990983104314,1.0,6.0,0.3649159916676581,-4.6014464429677435
-4.596476068086454,-4.596476068086454,1.0,1.0,0.0,0.0,4.277159963883559e-05,4.234811845429266e-07,0.0,-0.0031542589347984817,1.0,-4.598889892497806,0.05248711031960081,0.05248711031960081,1.0,6.0,0.3488329821266234,-4.598889892497806
-4.599883389722382,-4.599883389722382,1.0,1.0,0.0,0.0,0.0,0.0,0.0,-0.008201276153430118,1.0,-4.600355967756589,0.010272640585199616,0.010272640585199616,1.0,7.0,0.39608299266546965,-4.600355967756589
-4.599404396967705,-4.599404396967705,1.0,1.0,0.0,0.0,0.0,0.0,0.0,-0.007804029037518954,1.0,-4.6004171128631715,0.022013566827126508,0.022013566827126508,1.0,0.0,0.0922079780139029,-4.6004171128631715
-4.59891092500771,-4.59891092500771,1.0,1.0,0.0,0.0,6.653601847506074e-05,6.587724601491162e-07,0.0,-0.007583612100791253,1.0,-4.599655819160491,0.016194562855730864,0.016194562855730864,1.0,8.0,0.452791980933398,-4.599655819160491
-4.600494482724107,-4.600494482724107,1.0,1.0,0.0,0.0,5.455901140516417e-05,5.401882317342987e-07,0.0,-0.008149762024290942,1.0,-4.60090469656648,0.008915938699596414,0.008915938699596414,1.0,6.0,0.3348340396769345,-4.60090469656648
-4.599813576223096,-4.599813576223096,1.0,1.0,0.0,0.0,0.0,0.0,0.0,-0.00810041169673078,1.0,-4.6005508427819075,0.016025614844974476,0.016025614844974476,1.0,0.0,0.08995796088129282,-4.6005508427819075
-4.5995024270270335,-4.5995024270270335,1.0,1.0,0.0,0.0,0.0,0.0,0.0,-0.008123783281887984,1.0,-4.600281241679222,0.016929718234019894,0.016929718234019894,1.0,5.0,0.2955840318463743,-4.600281241679222
-4.598969772981903,-4.598969772981903,1.0,1.0,1.1102230246251565e-16,1.1102230246251565e-16,0.0,0.0,0.0,-0.00802712903382624,1.0,-4.599859271276012,0.019337511033511567,0.019337511033511567,1.0,7.0,0.37366600008681417,-4.599859271276012
-4.599142084996354,-4.599142084996354,1.0,1.0,0.0,0.0,0.0,0.0,0.0,-0.008038288263175628,1.0,-4.599671544664989,0.011510814706974598,0.011510814706974598,1.0,3.0,0.21070899674668908,-4.599671544664989
-4.597218684708657,-4.597218684708657,1.0,1.0,2.220446049250313e-16,2.220446049250313e-16,0.0,0.0,0.0,-0.0037915421455443354,1.0,-4.599879592289734,0.05784733116792214,0.05784733116792214,1.0,7.0,0.3785830340348184,-4.599879592289734
-4.599746756793994,-4.599746756793994,1.0,1.0,0.0,0.0,0.0,0.0,0.0,-0.008233925864871514,1.0,-4.600702191004853,0.02076713882343169,0.02076713882343169,1.0,7.0,0.3881659940816462,-4.600702191004853
-4.59845045745685,-4.59845045745685,1.0,1.0,0.0,0.0,0.0,0.0,0.0,-0.008228474501579954,1.0,-4.599603793885844,0.025074690792444038,0.025074690792444038,1.0,5.0,0.29024999821558595,-4.599603793885844
-4.599447498177755,-4.599447498177755,1.0,1.0,2.220446049250313e-16,2.220446049250313e-16,0.0,0.0,0.0,-0.00800064422591577,1.0,-4.600182637251485,0.015980649719795657,0.015980649719795657,1.0,0.0,0.08929101750254631,-4.600182637251485
-4.600480762814842,-4.600480762814842,1.0,1.0,2.220446049250313e-16,2.220446049250313e-16,2.7873288266422325e-05,2.7597315115269627e-07,0.0,-0.0077216476154525465,1.0,-4.601356166240687,0.01902490036020318,0.01902490036020318,1.0,0.0,0.08933397475630045,-4.601356166240687
-4.5885152802706255,-4.5885152802706255,1.0,1.0,0.0,0.0,0.0,0.0,0.0,-0.007802334614904377,1.0,-4.597570961053783,0.19696663433515077,0.19696663433515077,1.0,4.0,0.25120802456513047,-4.597570961053783
-4.595584247356955,-4.595584247356955,1.0,1.0,0.0,0.0,0.0,0.0,0.0,-0.002025511081887421,1.0,-4.599670024960679,0.08882762418937773,0.08882762418937773,1.0,7.0,0.42258400935679674,-4.599670024960679
-4.600550440517985,-4.600550440517985,1.0,1.0,2.220446049250313e-16,2.220446049250313e-16,0.0,0.0,0.0,-0.008340423507915157,1.0,-4.601103261675041,0.012014969576117715,0.012014969576117715,1.0,0.0,0.10250002378597856,-4.601103261675041
-4.599306383575099,-4.599306383575099,1.0,1.0,0.0,0.0,4.091025298080808e-06,4.050520097109711e-08,0.0,-0.00811619886149606,1.0,-4.600240379061282,0.02030318872975295,0.02030318872975295,1.0,5.0,0.29879098292440176,-4.600240379061282
-4.595587233412411,-4.595587233412411,1.0,1.0,0.0,0.0,0.0,0.0,0.0,-0.007889517462236775,1.0,-4.598108331114276,0.05482901924701047,0.05482901924701047,1.0,4.0,0.25754200760275126,-4.598108331114276
-4.599648559975478,-4.599648559975478,1.0,1.0,2.220446049250313e-16,2.220446049250313e-16,8.336248132034818e-05,8.253711021816651e-07,0.0,-0.00802114389356315,1.0,-4.6001851842914325,0.011665276384682321,0.011665276384682321,1.0,5.0,0.29695802368223667,-4.6001851842914325
-4.593472790884766,-4.593472790884766,1.0,1.0,2.220446049250313e-16,2.220446049250313e-16,0.0,0.0,0.0,-0.0010184975677507424,1.0,-4.60003173928069,0.14258485088083656,0.14258485088083656,1.0,7.0,0.37995900493115187,-4.60003173928069
-4.59851664820827,-4.59851664820827,1.0,1.0,0.0,0.0,2.51218724487412e-05,2.4873141038357623e-07,0.0,-0.0037366956003390683,1.0,-4.600904924120452,0.051908829927373216,0.051908829927373216,1.0,5.0,0.2999999560415745,-4.600904924120452
-4.600888084986204,-4.600888084986204,1.0,1.0,4.440892098500626e-16,4.440892098500626e-16,0.0,0.0,0.0,-0.008176693850552324,1.0,-4.601428146378548,0.011736821159940996,0.011736821159940996,1.0,4.0,0.2639999729581177,-4.601428146378548
-4.597828941967657,-4.597828941967657,1.0,1.0,2.220446049250313e-16,2.220446049250313e-16,0.0,0.0,0.0,-0.007971764163755756,1.0,-4.598802419593294,0.021168068049418644,0.021168068049418644,1.0,3.0,0.23737497394904494,-4.598802419593294
-4.599902174022233,-4.599902174022233,1.0,1.0,0.0,0.0,0.0,0.0,0.0,-0.006954535656423677,1.0,-4.601124812460723,0.026572598838848518,0.026572598838848518,1.0,6.0,0.34379196586087346,-4.601124812460723
-4.599657259605358,-4.599657259605358,1.0,1.0,0.0,0.0,0.0,0.0,0.0,-0.008038140644767943,1.0,-4.600162032018391,0.01097292681255854,0.01097292681255854,1.0,3.0,0.21525000920519233,-4.600162032018391
-4.599251485311205,-4.599251485311205,1.0,1.0,2.220446049250313e-16,2.220446049250313e-16,6.943425895761246e-05,6.874679104714105e-07,0.0,-0.00790854784593185,1.0,-4.600257589219969,0.021870599401244688,0.021870599401244688,1.0,4.0,0.2667500521056354,-4.600257589219969
-4.59832187958674,-4.59832187958674,1.0,1.0,2.220446049250313e-16,2.220446049250313e-16,0.0,0.0,0.0,-0.0036845415034947315,1.0,-4.600840708151586,0.05474713698267252,0.05474713698267252,1.0,5.0,0.31395803671330214,-4.600840708151586
-4.599607525726273,-4.599607525726273,1.0,1.0,0.0,0.0,0.0,0.0,0.0,-0.0077820964102549225,1.0,-4.600899283303571,0.028076197668261478,0.028076197668261478,1.0,7.0,0.40733302012085915,-4.600899283303571
-4.599864243834707,-4.599864243834707,1.0,1.0,0.0,0.0,0.0,0.0,0.0,-0.008009944483514404,1.0,-4.600580792469243,0.015575177719053855,0.015575177719053855,1.0,6.0,0.33712503500282764,-4.600580792469243
-4.598845484196357,-4.598845484196357,1.0,1.0,0.0,0.0,9.820305766672366e-05,9.723075016507292e-07,0.0,-0.006895177146510112,1.0,-4.599558737654608,0.015506997495475346,0.015506997495475346,1.0,8.0,0.427457969635725,-4.599558737654608
-4.597374577373975,-4.597374577373975,1.0,1.0,0.0,0.0,0.0,0.0,0.0,-0.007820014538795649,1.0,-4.600275725666653,0.06306466102654656,0.06306466102654656,1.0,8.0,0.4349589580669999,-4.600275725666653
-4.600595532528677,-4.600595532528677,1.0,1.0,0.0,0.0,4.552518000688899e-05,4.5074435650385135e-07,0.0,-0.007166368301484427,1.0,-4.6014262614159875,0.018053725956145912,0.018053725956145912,1.0,5.0,0.30275003518909216,-4.6014262614159875
-4.599630565446448,-4.599630565446448,1.0,1.0,0.0,0.0,5.973552802834847e-05,5.914408715678066e-07,0.0,-0.008186870240113945,1.0,-4.600122063983276,0.010684467281341427,0.010684467281341427,1.0,4.0,0.2728750114329159,-4.600122063983276
-4.596194937998576,-4.596194937998576,1.0,1.0,2.220446049250313e-16,2.220446049250313e-16,0.0,0.0,0.0,-0.008300917310552814,1.0,-4.599733669734886,0.07693340507067983,0.07693340507067983,1.0,3.0,0.21595798898488283,-4.599733669734886
-4.600685001021642,-4.600685001021642,1.0,1.0,0.0,0.0,0.0,0.0,0.0,-0.007609134842226473,1.0,-4.601029619767165,0.007490035361711569,0.007490035361711569,1.0,7.0,0.379666977096349,-4.601029619767165
-4.598116087651142,-4.598116087651142,1.0,1.0,1.1102230246251565e-16,1.1102230246251565e-16,0.0,0.0,0.0,-0.008125652227495835,1.0,-4.599077097640987,0.02089571384523324,0.02089571384523324,1.0,4.0,0.2550830249674618,-4.599077097640987
-4.596200861283442,-4.596200861283442,1.0,1.0,2.220446049250313e-16,2.220446049250313e-16,1.2050635399218912e-05,1.1931322177444467e-07,0.0,-0.007909779194875182,1.0,-4.598724176621464,0.054869899587570506,0.054869899587570506,1.0,4.0,0.25520898634567857,-4.598724176621464
-4.599415045157546,-4.599415045157546,1.0,1.0,1.1102230246251565e-16,1.1102230246251565e-16,0.0,0.0,0.0,-0.00799661257693157,1.0,-4.600902127638888,0.03232154129968004,0.03232154129968004,1.0,0.0,0.0902500469237566,-4.600902127638888
-4.592691922562989,-4.592691922562989,1.0,1.0,0.0,0.0,0.0,0.0,0.0,-0.0006249411669400073,1.0,-4.599544746871593,0.14898918666385164,0.14898918666385164,1.0,8.0,0.42141700396314263,-4.599544746871593
-4.59995617447783,-4.59995617447783,1.0,1.0,0.0,0.0,0.0,0.0,0.0,-0.007798499384457627,1.0,-4.600524059403301,0.012343918174064307,0.012343918174064307,1.0,6.0,0.35016698529943824,-4.600524059403301
-4.599482727001538,-4.599482727001538,1.0,1.0,0.0,0.0,0.0,0.0,0.0,-0.00789815786755418,1.0,-4.600449826873665,0.021021854569033407,0.021021854569033407,1.0,6.0,0.34245895221829414,-4.600449826873665
-4.599222806736635,-4.599222806736635,1.0,1.0,0.0,0.0,0.0,0.0,0.0,-0.007968596507421022,1.0,-4.600452513389925,0.026730123823925728,0.026730123823925728,1.0,8.0,0.42766600381582975,-4.600452513389925
-4.599252701329943,-4.599252701329943,1.0,1.0,0.0,0.0,0.0,0.0,0.0,-0.008292860614741118,1.0,-4.600329773475425,0.02341293338778034,0.02341293338778034,1.0,5.0,0.29566697776317596,-4.600329773475425
-4.599217691846352,-4.599217691846352,1.0,1.0,0.0,0.0,0.0,0.0,0.0,-0.008125582037086458,1.0,-4.599785549595023,0.0123453092007847,0.0123453092007847,1.0,7.0,0.3756249789148569,-4.599785549595023
-4.599338268779911,-4.599338268779911,1.0,1.0,0.0,0.0,0.0,0.0,0.0,-0.0077584768225467116,1.0,-4.600115072275256,0.016886610076926222,0.016886610076926222,1.0,7.0,0.37695898208767176,-4.600115072275256
-4.600427753493216,-4.600427753493216,1.0,1.0,2.220446049250313e-16,2.220446049250313e-16,0.0,0.0,0.0,-0.007754132888591835,1.0,-4.601077674903034,0.014125417037902896,0.014125417037902896,1.0,7.0,0.4165839636698365,-4.601077674903034
-4.599559260902751,-4.599559260902751,1.0,1.0,2.220446049250313e-16,2.220446049250313e-16,0.0,0.0,0.0,-0.0071063239006845524,1.0,-4.600610151978197,0.022842428302554167,0.022842428302554167,1.0,6.0,0.3476670244708657,-4.600610151978197
-4.596447324633672,-4.596447324633672,1.0,1.0,0.0,0.0,0.0,0.0,0.0,-0.007847156342173289,1.0,-4.599979404477991,0.07678468822882488,0.07678468822882488,1.0,6.0,0.3333750064484775,-4.599979404477991
-4.599917187295196,-4.599917187295196,1.0,1.0,4.440892098500626e-16,4.440892098500626e-16,5.827475255504311e-05,5.769777480697338e-07,0.0,-0.008165653097802924,1.0,-4.600321006160617,0.008778058419844982,0.008778058419844982,1.0,2.0,0.17283298075199127,-4.600321006160617
-4.591691725686003,-4.591691725686003,1.0,1.0,0.0,0.0,0.0,0.0,0.0,-0.00015387889789186815,1.0,-4.600196148032183,0.18487086360042407,0.18487086360042407,1.0,4.0,0.2668329980224371,-4.600196148032183
-4.600395955262691,-4.600395955262691,1.0,1.0,2.220446049250313e-16,2.220446049250313e-16,0.0,0.0,0.0,-0.007994033698633841,1.0,-4.601056761652397,0.014362056891223513,0.014362056891223513,1.0,6.0,0.34837500425055623,-4.601056761652397
-4.595078356983191,-4.595078356983191,1.0,1.0,2.220446049250313e-16,2.220446049250313e-16,0.0,0.0,0.0,-0.00781227309025802,1.0,-4.5985298676120525,0.07505682746939014,0.07505682746939014,1.0,3.0,0.2329999697394669,-4.5985298676120525
-4.599380030426333,-4.599380030426333,1.0,1.0,1.1102230246251565e-16,1.1102230246251565e-16,0.0,0.0,0.0,-0.00836837266769333,1.0,-4.600180279872702,0.017396045321758452,0.017396045321758452,1.0,0.0,0.09216699982061982,-4.600180279872702
-4.5991094865925035,-4.5991094865925035,1.0,1.0,0.0,0.0,6.372196668597008e-05,6.309105612472285e-07,0.0,-0.008046679956821946,1.0,-4.599722969483298,0.013337387813669815,0.013337387813669815,1.0,1.0,0.1379160094074905,-4.599722969483298
-4.593018584991174,-4.593018584991174,1.0,1.0,0.0,0.0,0.0,0.0,0.0,-0.0007950783131225325,1.0,-4.600739133790153,0.16781105327783188,0.16781105327783188,1.0,7.0,0.37220801459625363,-4.600739133790153
-4.60077657676085,-4.60077657676085,1.0,1.0,0.0,0.0,0.0,0.0,0.0,-0.008110546054320185,1.0,-4.6015777099115365,0.017409966780751934,0.017409966780751934,1.0,4.0,0.2717910101637244,-4.6015777099115365
-4.599915696282128,-4.599915696282128,1.0,1.0,0.0,0.0,0.0,0.0,0.0,-0.00797989836896514,1.0,-4.601777414586037,0.040456504871523934,0.040456504871523934,1.0,0.0,0.09004096500575542,-4.601777414586037
-4.5937973693138385,-4.5937973693138385,1.0,1.0,0.0,0.0,0.0,0.0,0.0,-0.0008765629955558296,1.0,-4.6008078163745045,0.15237426426975437,0.15237426426975437,1.0,5.0,0.3017499693669379,-4.6008078163745045
-4.599200315931127,-4.599200315931127,1.0,1.0,1.1102230246251565e-16,1.1102230246251565e-16,0.0,0.0,0.0,-0.008225935550550251,1.0,-4.600707305363723,0.03275560327079487,0.03275560327079487,1.0,0.0,0.09137496817857027,-4.600707305363723
-4.600494723848099,-4.600494723848099,1.0,1.0,1.1102230246251565e-16,1.1102230246251565e-16,0.0,0.0,0.0,-0.008418150677722185,1.0,-4.601236712438836,0.016125851311475942,0.016125851311475942,1.0,5.0,0.308374990709126,-4.601236712438836
-4.597918594341592,-4.597918594341592,1.0,1.0,0.0,0.0,0.0,0.0,0.0,-0.005921154354543656,1.0,-4.59927002470555,0.029383583844805244,0.029383583844805244,1.0,6.0,0.3261250094510615,-4.59927002470555
-4.597890036627875,-4.597890036627875,1.0,1.0,0.0,0.0,0.0,0.0,0.0,-0.007971672995361632,1.0,-4.600960052808508,0.06672555608821183,0.06672555608821183,1.0,0.0,0.11441699462011456,-4.600960052808508
-4.599885250082857,-4.599885250082857,1.0,1.0,0.0,0.0,0.0,0.0,0.0,-0.00804434837760263,1.0,-4.600503440845561,0.013437458979272473,0.013437458979272473,1.0,0.0,0.0884170294739306,-4.600503440845561
-4.598695193248225,-4.598695193248225,1.0,1.0,0.0,0.0,0.0,0.0,0.0,-0.006647835989338824,1.0,-4.600167298391576,0.03200112186933315,0.03200112186933315,1.0,6.0,0.3269169828854501,-4.600167298391576
-4.594857812233251,-4.594857812233251,1.0,1.0,2.220446049250313e-16,2.220446049250313e-16,0.0,0.0,0.0,-0.0022253836332539745,1.0,-4.5996351713416175,0.10386387029416067,0.10386387029416067,1.0,6.0,0.33770903246477246,-4.5996351713416175
-4.598325710089245,-4.598325710089245,1.0,1.0,0.0,0.0,0.0,0.0,0.0,-0.007952555606103086,1.0,-4.59946861889449,0.02484871405688034,0.02484871405688034,1.0,9.0,0.44650002382695675,-4.59946861889449
-4.597536307053495,-4.597536307053495,1.0,1.0,0.0,0.0,0.0,0.0,0.0,-0.007713163058783099,1.0,-4.598627821386752,0.023735652800174856,0.023735652800174856,1.0,6.0,0.33137499121949077,-4.598627821386752
-4.5999774826388995,-4.5999774826388995,1.0,1.0,0.0,0.0,0.0,0.0,0.0,-0.008205614323215637,1.0,-4.60040144786588,0.009215831091812737,0.009215831091812737,1.0,2.0,0.17037498764693737,-4.60040144786588
-4.5995469318685265,-4.5995469318685265,1.0,1.0,0.0,0.0,0.0,0.0,0.0,-0.007977793423391246,1.0,-4.601047439105517,0.032612296587882096,0.032612296587882096,1.0,0.0,0.0884170294739306,-4.601047439105517
-4.599150689533194,-4.599150689533194,1.0,1.0,2.220446049250313e-16,2.220446049250313e-16,0.0,0.0,0.0,-0.00805250734770562,1.0,-4.59993521103064,0.017055055374805575,0.017055055374805575,1.0,3.0,0.21320802625268698,-4.59993521103064
-4.598575600187759,-4.598575600187759,1.0,1.0,0.0,0.0,0.0,0.0,0.0,-0.008141315104773162,1.0,-4.599718994363355,0.024857913646403395,0.024857913646403395,1.0,8.0,0.4091670271009207,-4.599718994363355
-4.597198957612098,-4.597198957612098,1.0,1.0,1.1102230246251565e-16,1.1102230246251565e-16,2.4527328870260767e-05,2.4284484029961154e-07,0.0,-0.00819077817020463,1.0,-4.600492989720736,0.07160171998953176,0.07160171998953176,1.0,8.0,0.43225003173574805,-4.600492989720736
-4.590152939356918,-4.590152939356918,1.0,1.0,0.0,0.0,0.0,0.0,0.0,-0.0002535902352170938,1.0,-4.599234484895477,0.19745776320784467,0.19745776320784467,1.0,7.0,0.37191598676145077,-4.599234484895477
-4.599402271502974,-4.599402271502974,1.0,1.0,0.0,0.0,0.0,0.0,0.0,-0.00790067303365764,1.0,-4.600453636977139,0.02285351743824761,0.02285351743824761,1.0,0.0,0.09208399569615722,-4.600453636977139
-4.596178416812508,-4.596178416812508,1.0,1.0,2.220446049250313e-16,2.220446049250313e-16,0.0,0.0,0.0,-0.0077080698150769405,1.0,-4.599198134302289,0.0656574777080936,0.0656574777080936,1.0,6.0,0.35799999022856355,-4.599198134302289
-4.600449508656503,-4.600449508656503,1.0,1.0,0.0,0.0,0.0,0.0,0.0,-0.008182003052218828,1.0,-4.601564854269557,0.024238398205325317,0.024238398205325317,1.0,0.0,0.09833299554884434,-4.601564854269557
-4.599330770826363,-4.599330770826363,1.0,1.0,0.0,0.0,0.0,0.0,0.0,-0.00818340962580973,1.0,-4.600544182227243,0.0263753884935616,0.0263753884935616,1.0,6.0,0.3364579752087593,-4.600544182227243
-4.600189172688651,-4.600189172688651,1.0,1.0,0.0,0.0,2.591923246592076e-05,2.5662606401901743e-07,0.0,-0.007699489252352754,1.0,-4.601153488771573,0.02095813767731562,0.02095813767731562,1.0,5.0,0.2964999875985086,-4.601153488771573
-4.594030750005567,-4.594030750005567,1.0,1.0,0.0,0.0,0.0,0.0,0.0,-0.007797124662278976,1.0,-4.60099380532212,0.15133807197259325,0.15133807197259325,1.0,9.0,0.4451660206541419,-4.60099380532212
-4.600050452397542,-4.600050452397542,1.0,1.0,0.0,0.0,3.584006593893019e-05,3.548521380092098e-07,0.0,-0.008212566560364764,1.0,-4.600496768513988,0.009701476577501048,0.009701476577501048,1.0,7.0,0.3777500241994858,-4.600496768513988
-4.600367389198865,-4.600367389198865,1.0,1.0,0.0,0.0,0.0,0.0,0.0,-0.007509800231445318,1.0,-4.600566906172049,0.004336791035836796,0.004336791035836796,1.0,6.0,0.3480419982224703,-4.600566906172049
-4.595434024342103,-4.595434024342102,1.0,1.0,1.1102230246251565e-16,1.1102230246251565e-16,0.0,0.0,0.0,-0.0016198054867075928,1.0,-4.600788685730301,0.11638572762113507,0.11638572762113507,1.0,4.0,0.26870897272601724,-4.600788685730301
-4.598841331402124,-4.598841331402124,1.0,1.0,0.0,0.0,0.0,0.0,0.0,-0.008026936674185348,1.0,-4.600012826534163,0.025467214466927388,0.025467214466927388,1.0,3.0,0.27966598281636834,-4.600012826534163
-4.598120978744202,-4.598120978744202,1.0,1.0,0.0,0.0,0.0,0.0,0.0,-0.008112141958041023,1.0,-4.599937856496915,0.03949787604514818,0.03949787604514818,1.0,0.0,0.09341700933873653,-4.599937856496915
-4.599197789992625,-4.599197789992625,1.0,1.0,0.0,0.0,0.0,0.0,0.0,-0.00807884603666964,1.0,-4.600752379209624,0.03378989106267497,0.03378989106267497,1.0,0.0,0.08870800957083702,-4.600752379209624
-4.59883158453907,-4.59883158453907,1.0,1.0,0.0,0.0,0.0,0.0,0.0,-0.007920893033867239,1.0,-4.5995461868172045,0.015536364874049633,0.015536364874049633,1.0,6.0,0.3262920072302222,-4.5995461868172045
-4.600241548875589,-4.600241548875589,1.0,1.0,0.0,0.0,0.0,0.0,0.0,-0.007381479370131228,1.0,-4.6011212401616435,0.019119063379072553,0.019119063379072553,1.0,6.0,0.3263329854235053,-4.6011212401616435
-4.600400559968797,-4.600400559968797,1.0,1.0,0.0,0.0,8.311083143530684e-05,8.228795191614539e-07,0.0,-0.008223273442735117,1.0,-4.600967547303301,0.012323219598371628,0.012323219598371628,1.0,3.0,0.20524999126791954,-4.600967547303301
-4.598018542952511,-4.598018542952511,1.0,1.0,0.0,0.0,0.0,0.0,0.0,-0.008037092776381007,1.0,-4.598585723214343,0.012333797736296092,0.012333797736296092,1.0,8.0,0.4158340161666274,-4.598585723214343
-4.597865291476792,-4.597865291476792,1.0,1.0,2.220446049250313e-16,2.220446049250313e-16,0.0,0.0,0.0,-0.003524269577699246,1.0,-4.600581611982833,0.059042980543299685,0.059042980543299685,1.0,5.0,0.2851660246960819,-4.600581611982833
-4.599053245429298,-4.599053245429298,1.0,1.0,0.0,0.0,8.441274240900132e-05,8.357697268217953e-07,0.0,-0.008128963253329902,1.0,-4.599678216491622,0.013587277911817875,0.013587277911817875,1.0,7.0,0.37158303894102573,-4.599678216491622
-4.595492316386876,-4.595492316386876,1.0,1.0,0.0,0.0,3.165789100112448e-05,3.1344446535766816e-07,0.0,-0.008065128828332411,1.0,-4.5981027889421044,0.056772818596104106,0.056772818596104106,1.0,3.0,0.21012499928474426,-4.5981027889421044
-4.597108370031389,-4.597108370031389,1.0,1.0,2.220446049250313e-16,2.220446049250313e-16,0.0,0.0,0.0,-0.0037076681621741603,1.0,-4.599131015278731,0.04397885688888963,0.04397885688888963,1.0,7.0,0.3700000233948231,-4.599131015278731
-4.59951716828053,-4.59951716828053,1.0,1.0,0.0,0.0,0.0,0.0,0.0,-0.006294469241011402,1.0,-4.600544540296467,0.022331530690310766,0.022331530690310766,1.0,7.0,0.3678750363178551,-4.600544540296467
-4.594298520153677,-4.594298520153677,1.0,1.0,0.0,0.0,0.0,0.0,0.0,-0.001963518542675846,1.0,-4.599322111719473,0.10922460840468981,0.10922460840468981,1.0,6.0,0.3328339662402868,-4.599322111719473
-4.600299187021665,-4.600299187021665,1.0,1.0,0.0,0.0,0.0,0.0,0.0,-0.007988166665674368,1.0,-4.600952584216735,0.014201345984545727,0.014201345984545727,1.0,0.0,0.08800002979114652,-4.600952584216735
-4.593010536041499,-4.593010536041499,1.0,1.0,0.0,0.0,0.0,0.0,0.0,-0.0005950850672136188,1.0,-4.600432810988508,0.16133862295044266,0.16133862295044266,1.0,4.0,0.24866702733561397,-4.600432810988508
-4.597927638338977,-4.597927638338977,1.0,1.0,4.440892098500626e-16,4.440892098500626e-16,0.0,0.0,0.0,-0.0037072160752682493,1.0,-4.6006205705244305,0.05853410739210091,0.05853410739210091,1.0,5.0,0.2829169970937073,-4.6006205705244305
-4.600108400210776,-4.600108400210776,1.0,1.0,0.0,0.0,0.0,0.0,0.0,-0.007892037341939282,1.0,-4.601479382286684,0.029794376156194822,0.029794376156194822,1.0,0.0,0.08725002408027649,-4.601479382286684
-4.599580152901362,-4.599580152901362,1.0,1.0,2.220446049250313e-16,2.220446049250313e-16,8.161559903147042e-05,8.080752379353507e-07,0.0,-0.0076820994549902325,1.0,-4.600718348912102,0.024739528143671464,0.024739528143671464,1.0,8.0,0.41208299808204174,-4.600718348912102
-4.59868939150583,-4.59868939150583,1.0,1.0,1.1102230246251565e-16,1.1102230246251565e-16,0.0,0.0,0.0,-0.006170968787665876,1.0,-4.599577159322298,0.01930107454917933,0.01930107454917933,1.0,7.0,0.3592090215533972,-4.599577159322298
-4.6006060276873395,-4.6006060276873395,1.0,1.0,3.3306690738754696e-16,3.3306690738754696e-16,0.0,0.0,0.0,-0.007853346563456976,1.0,-4.601416439123783,0.017612216741631846,0.017612216741631846,1.0,6.0,0.32033398747444153,-4.601416439123783
-4.600563821482636,-4.600563821482636,1.0,1.0,0.0,0.0,5.080095320647571e-05,5.029797347175813e-07,0.0,-0.008155840412299886,1.0,-4.600997476345819,0.009425235840985046,0.009425235840985046,1.0,6.0,0.32470800215378404,-4.600997476345819
-4.5991101079639645,-4.5991101079639645,1.0,1.0,2.220446049250313e-16,2.220446049250313e-16,2.7577111835486168e-05,2.730407112424373e-07,0.0,-0.008193878326161778,1.0,-4.5993100611511,0.004347460477271729,0.004347460477271729,1.0,8.0,0.40249997982755303,-4.5993100611511
-4.598317654381042,-4.598317654381042,1.0,1.0,0.0,0.0,0.0,0.0,0.0,-0.008215367811194125,1.0,-4.5996722173717055,0.02944911999485809,0.02944911999485809,1.0,5.0,0.2842909889295697,-4.5996722173717055
-4.600387200159731,-4.600387200159731,1.0,1.0,0.0,0.0,0.0,0.0,0.0,-0.007001761388412353,1.0,-4.601101316739619,0.015520557595421963,0.015520557595421963,1.0,8.0,0.39599998854100704,-4.601101316739619
-4.599393435692686,-4.599393435692686,1.0,1.0,0.0,0.0,0.0,0.0,0.0,-0.008021247548649971,1.0,-4.600483936532008,0.023704046234398132,0.023704046234398132,1.0,0.0,0.08716696174815297,-4.600483936532008
-4.59910058291412,-4.59910058291412,1.0,1.0,0.0,0.0,0.0,0.0,0.0,-0.007650563848196068,1.0,-4.599842444688353,0.016127982276645744,0.016127982276645744,1.0,7.0,0.37637498462572694,-4.599842444688353
-4.599789554909747,-4.599789554909746,1.0,1.0,0.0,0.0,0.0,0.0,0.0,-0.007954106918796675,1.0,-4.600126036756319,0.007314622336077879,0.007314622336077879,1.0,2.0,0.1908330013975501,-4.600126036756319
-4.598060622982027,-4.598060622982027,1.0,1.0,2.220446049250313e-16,2.220446049250313e-16,0.0,0.0,0.0,-0.00799494808530098,1.0,-4.599453010902082,0.030272902381106456,0.030272902381106456,1.0,4.0,0.2568329800851643,-4.599453010902082
-4.599781222167766,-4.599781222167766,1.0,1.0,2.220446049250313e-16,2.220446049250313e-16,0.0,0.0,0.0,-0.008013516780692193,1.0,-4.6004163151569415,0.01380511992105971,0.01380511992105971,1.0,6.0,0.3352910280227661,-4.6004163151569415
-4.6008133917853495,-4.6008133917853495,1.0,1.0,2.220446049250313e-16,2.220446049250313e-16,0.0,0.0,0.0,-0.008449260987040868,1.0,-4.601379228219881,0.012297104986720356,0.012297104986720356,1.0,5.0,0.2859579981304705,-4.601379228219881
-4.598361577394799,-4.598361577394799,1.0,1.0,1.1102230246251565e-16,1.1102230246251565e-16,0.0,0.0,0.0,-0.00404388555603763,1.0,-4.600436021095027,0.04509232800360193,0.04509232800360193,1.0,8.0,0.41325000347569585,-4.600436021095027
-4.600145477928082,-4.600145477928082,1.0,1.0,0.0,0.0,0.0,0.0,0.0,-0.00818514745433026,1.0,-4.6009118407831675,0.01665676025982458,0.01665676025982458,1.0,6.0,0.33941701985895634,-4.6009118407831675
-4.599362788020304,-4.599362788020304,1.0,1.0,2.220446049250313e-16,2.220446049250313e-16,0.0,0.0,0.0,-0.007304851335019125,1.0,-4.599843742310314,0.010455883220235402,0.010455883220235402,1.0,9.0,0.534249993506819,-4.599843742310314
-4.599334486077299,-4.599334486077299,1.0,1.0,0.0,0.0,0.0,0.0,0.0,-0.008204544292375961,1.0,-4.600203336948625,0.01888722753508223,0.01888722753508223,1.0,8.0,0.45541697181761265,-4.600203336948625
-4.59913107951907,-4.59913107951907,1.0,1.0,2.220446049250313e-16,2.220446049250313e-16,0.0,0.0,0.0,-0.007934782320829037,1.0,-4.5997068079088965,0.01251663233918077,0.01251663233918077,1.0,2.0,0.18208299297839403,-4.5997068079088965
-4.600751433542468,-4.600751433542468,1.0,1.0,1.1102230246251565e-16,1.1102230246251565e-16,0.0,0.0,0.0,-0.008123765461133626,1.0,-4.601185292794029,0.009429293191912304,0.009429293191912304,1.0,9.0,0.5030420143157244,-4.601185292794029
-4.59791016128683,-4.59791016128683,1.0,1.0,1.1102230246251565e-16,1.1102230246251565e-16,0.0,0.0,0.0,-0.0039075763690100684,1.0,-4.600659473823643,0.05975909654813057,0.05975909654813057,1.0,5.0,0.2965829917229712,-4.600659473823643
-4.598137196863998,-4.598137196863998,1.0,1.0,0.0,0.0,0.0,0.0,0.0,-0.00543641426573116,1.0,-4.599368358616835,0.02676806154327915,0.02676806154327915,1.0,7.0,0.3831249778158963,-4.599368358616835
-4.597809276219481,-4.597809276219481,1.0,1.0,0.0,0.0,0.0,0.0,0.0,-0.007911613147944366,1.0,-4.600114394642304,0.050110023905233086,0.050110023905233086,1.0,6.0,0.3343750140629709,-4.600114394642304
-4.59845839796105,-4.59845839796105,1.0,1.0,2.220446049250313e-16,2.220446049250313e-16,0.0,0.0,0.0,-0.005744522647335937,1.0,-4.599930680617537,0.03200662702790104,0.03200662702790104,1.0,7.0,0.3724590060301125,-4.599930680617537
-4.598474734039634,-4.598474734039634,1.0,1.0,1.1102230246251565e-16,1.1102230246251565e-16,6.305262362438224e-05,6.242834022216064e-07,0.0,-0.0036267795240394474,1.0,-4.6009250298248565,0.05325659012783079,0.05325659012783079,1.0,5.0,0.29570801416411996,-4.6009250298248565
-4.599272664058252,-4.599272664058252,1.0,1.0,0.0,0.0,0.0,0.0,0.0,-0.007968616195920103,1.0,-4.600410450839228,0.024732288415020724,0.024732288415020724,1.0,0.0,0.09066698839887977,-4.600410450839228
-4.600260079352513,-4.600260079352513,1.0,1.0,2.220446049250313e-16,2.220446049250313e-16,6.789624313396914e-05,6.722400310293974e-07,0.0,-0.008155509028027851,1.0,-4.600693035337227,0.009410668814220376,0.009410668814220376,1.0,4.0,0.24799996754154563,-4.600693035337227
-4.599379504892129,-4.599379504892129,1.0,1.0,0.0,0.0,0.0,0.0,0.0,-0.00820846650057608,1.0,-4.600031348864146,0.014170424559782057,0.014170424559782057,1.0,2.0,0.1687500043772161,-4.600031348864146
-4.600224081960592,-4.600224081960592,1.0,1.0,0.0,0.0,0.0,0.0,0.0,-0.008102926151671574,1.0,-4.601031697996884,0.017552933544096382,0.017552933544096382,1.0,0.0,0.08804199751466513,-4.601031697996884
-4.600690060543219,-4.600690060543219,1.0,1.0,3.3306690738754696e-16,3.3306690738754696e-16,6.709749216726735e-05,6.643316056165084e-07,0.0,-0.00819546920933338,1.0,-4.601210785539581,0.011317129786769568,0.011317129786769568,1.0,3.0,0.21208298858255148,-4.601210785539581
-4.598590906717554,-4.598590906717554,1.0,1.0,2.220446049250313e-16,2.220446049250313e-16,6.58216612562379e-05,6.51699616398395e-07,0.0,-0.007840686194866853,1.0,-4.6000212980657,0.03109532011835268,0.03109532011835268,1.0,4.0,0.24883297737687826,-4.6000212980657
-4.597360874364263,-4.597360874364263,1.0,1.0,0.0,0.0,0.0,0.0,0.0,-0.00812107617899537,1.0,-4.598856721685104,0.032526504115422565,0.032526504115422565,1.0,5.0,0.2891670446842909,-4.598856721685104
-4.599992583909831,-4.599992583909831,1.0,1.0,2.220446049250313e-16,2.220446049250313e-16,0.0,0.0,0.0,-0.008100219567924132,1.0,-4.6007888911706445,0.0173080591100728,0.0173080591100728,1.0,0.0,0.08891598554328084,-4.6007888911706445
-4.5996111971203675,-4.5996111971203675,1.0,1.0,3.3306690738754696e-16,3.3306690738754696e-16,0.0,0.0,0.0,-0.008080139628762917,1.0,-4.600476800352311,0.01881551129390185,0.01881551129390185,1.0,0.0,0.08770800195634365,-4.600476800352311
-4.599472112230215,-4.599472112230215,1.0,1.0,0.0,0.0,0.0,0.0,0.0,-0.008217767739441,1.0,-4.600156063014756,0.014867990893619289,0.014867990893619289,1.0,6.0,0.32754201674833894,-4.600156063014756
-4.59545903506838,-4.59545903506838,1.0,1.0,2.220446049250313e-16,2.220446049250313e-16,0.0,0.0,0.0,-0.0013172147716348226,1.0,-4.60082852602778,0.11670704372101567,0.11670704372101567,1.0,3.0,0.2282080240547657,-4.60082852602778
-4.5985316071660485,-4.5985316071660485,1.0,1.0,1.1102230246251565e-16,1.1102230246251565e-16,8.758383794099656e-05,8.671667122870946e-07,0.0,-0.00792567969031528,1.0,-4.599956848211848,0.030983791649123613,0.030983791649123613,1.0,7.0,0.3811659989878535,-4.599956848211848
-4.595821223491411,-4.595821223491411,1.0,1.0,0.0,0.0,0.0,0.0,0.0,-0.0021106111841682207,1.0,-4.599794411548467,0.08637751389671264,0.08637751389671264,1.0,7.0,0.40487496880814433,-4.599794411548467
-4.599961808938799,-4.599961808938799,1.0,1.0,0.0,0.0,0.0,0.0,0.0,-0.00799271826590429,1.0,-4.6009990837124874,0.022544555102398757,0.022544555102398757,1.0,0.0,0.09720900561660528,-4.6009990837124874
-4.594705185369309,-4.594705185369309,1.0,1.0,0.0,0.0,0.0,0.0,0.0,-0.007934481512103728,1.0,-4.59858864288589,0.08444889982905807,0.08444889982905807,1.0,7.0,0.3951250109821558,-4.59858864288589
-4.599699116345672,-4.599699116345672,1.0,1.0,0.0,0.0,5.631517450965795e-05,5.575759852441381e-07,0.0,-0.008247451392598842,1.0,-4.6001175374457075,0.009095878455920343,0.009095878455920343,1.0,7.0,0.3678750363178551,-4.6001175374457075
-4.599212621836585,-4.599212621836585,1.0,1.0,1.1102230246251565e-16,1.1102230246251565e-16,0.0,0.0,0.0,-0.004504093108765872,1.0,-4.600910981028361,0.0369135416611687,0.0369135416611687,1.0,7.0,0.369915971532464,-4.600910981028361
-4.599757845590164,-4.599757845590164,1.0,1.0,0.0,0.0,2.2482098174791965e-06,2.225950314335838e-08,0.0,-0.008009476131783096,1.0,-4.601038905351681,0.027842836973758427,0.027842836973758427,1.0,7.0,0.36995799746364355,-4.601038905351681
-4.600511325657408,-4.600511325657408,1.0,1.0,0.0,0.0,0.0,0.0,0.0,-0.007949261590100083,1.0,-4.601059354680811,0.011910931399872576,0.011910931399872576,1.0,7.0,0.3589579719118774,-4.601059354680811
-4.59859891730293,-4.59859891730293,1.0,1.0,0.0,0.0,0.0,0.0,0.0,-0.005893187021151158,1.0,-4.6000573112593335,0.03170382144662119,0.03170382144662119,1.0,6.0,0.32645801547914743,-4.6000573112593335
-4.600728079786878,-4.600728079786878,1.0,1.0,0.0,0.0,0.0,0.0,0.0,-0.008362234533740092,1.0,-4.601115535572193,0.008420909718951427,0.008420909718951427,1.0,8.0,0.4144590348005295,-4.601115535572193
-4.599575950347068,-4.599575950347068,1.0,1.0,0.0,0.0,5.460662229966884e-05,5.406596267293944e-07,0.0,-0.008116239583359693,1.0,-4.600508542008385,0.02027149070154436,0.02027149070154436,1.0,0.0,0.09487499482929707,-4.600508542008385
-4.600347547393158,-4.600347547393158,1.0,1.0,2.220446049250313e-16,2.220446049250313e-16,0.0,0.0,0.0,-0.007962837126205071,1.0,-4.601110685405527,0.01658595205697255,0.01658595205697255,1.0,7.0,0.36883301800116897,-4.601110685405527
-4.599569108173351,-4.599569108173351,1.0,1.0,0.0,0.0,0.0,0.0,0.0,-0.007722448696779187,1.0,-4.600404743310828,0.018164383007652628,0.018164383007652628,1.0,0.0,0.09420799324288964,-4.600404743310828
-4.5993677106009105,-4.5993677106009105,1.0,1.0,1.1102230246251565e-16,1.1102230246251565e-16,0.0,0.0,0.0,-0.008029552656297317,1.0,-4.600688419876626,0.028706775055866014,0.028706775055866014,1.0,8.0,0.4145840066485107,-4.600688419876626
-4.598390475507738,-4.598390475507738,1.0,1.0,0.0,0.0,0.0,0.0,0.0,-0.008077045616469809,1.0,-4.599705745024027,0.028594644727246196,0.028594644727246196,1.0,2.0,0.17091701738536358,-4.599705745024027
-4.598222672035673,-4.598222672035673,1.0,1.0,0.0,0.0,0.0,0.0,0.0,-0.008003092912411412,1.0,-4.598804687658101,0.012655802147662426,0.012655802147662426,1.0,8.0,0.45662495540454984,-4.598804687658101
-4.598278613088492,-4.598278613088492,1.0,1.0,0.0,0.0,0.0,0.0,0.0,-0.004651771103264757,1.0,-4.599605866360399,0.028855804398682943,0.028855804398682943,1.0,6.0,0.3450420335866511,-4.599605866360399
-4.598925109420307,-4.598925109420307,1.0,1.0,0.0,0.0,0.0,0.0,0.0,-0.008051652316314712,1.0,-4.6012824017878176,0.0512312038616597,0.0512312038616597,1.0,0.0,0.09124999633058906,-4.6012824017878176
-4.595245291288148,-4.595245291288148,1.0,1.0,1.1102230246251565e-16,1.1102230246251565e-16,0.0,0.0,0.0,-0.007926321975058631,1.0,-4.5982871825593,0.06615270317804427,0.06615270317804427,1.0,6.0,0.3303750418126583,-4.5982871825593
-4.5985360216516025,-4.5985360216516025,1.0,1.0,0.0,0.0,0.0,0.0,0.0,-0.005348088093561465,1.0,-4.6003659735542675,0.039778398353189366,0.039778398353189366,1.0,5.0,0.28900004690513015,-4.6003659735542675
-4.59916148842095,-4.59916148842095,1.0,1.0,2.220446049250313e-16,2.220446049250313e-16,9.76026241779615e-05,9.663626156233813e-07,0.0,-0.00577229721699557,1.0,-4.6003259869413435,0.0253133913487592,0.0253133913487592,1.0,8.0,0.42787502752617,-4.6003259869413435
-4.599296447282166,-4.599296447282166,1.0,1.0,3.3306690738754696e-16,3.3306690738754696e-16,0.0,0.0,0.0,-0.00792552961020812,1.0,-4.6003075386489,0.021978777684736807,0.021978777684736807,1.0,7.0,0.3708330332301557,-4.6003075386489
-4.599758398305335,-4.599758398305335,1.0,1.0,0.0,0.0,0.0,0.0,0.0,-0.008236130058534066,1.0,-4.60097842331417,0.026516642691755878,0.026516642691755878,1.0,0.0,0.08995801908895373,-4.60097842331417
-4.599810651929519,-4.599810651929519,1.0,1.0,0.0,0.0,0.0,0.0,0.0,-0.008185977085053284,1.0,-4.600746469523945,0.020340559964020396,0.020340559964020396,1.0,0.0,0.08908403106033802,-4.600746469523945
-4.594496290520848,-4.594496290520848,1.0,1.0,2.220446049250313e-16,2.220446049250313e-16,0.0,0.0,0.0,-0.0024757838781820363,1.0,-4.598252020443262,0.08167733968726609,0.08167733968726609,1.0,9.0,0.45191700337454677,-4.598252020443262
-4.598637381166661,-4.598637381166661,1.0,1.0,0.0,0.0,0.0,0.0,0.0,-0.007665589609581079,1.0,-4.599483971859451,0.01840621030466734,0.01840621030466734,1.0,8.0,0.4042080254293978,-4.599483971859451
-4.597604196736478,-4.597604196736478,1.0,1.0,0.0,0.0,0.0,0.0,0.0,-0.00808547968713019,1.0,-4.59997510064631,0.05154166833421106,0.05154166833421106,1.0,8.0,0.41616702219471335,-4.59997510064631
-4.598474093095348,-4.598474093095348,1.0,1.0,0.0,0.0,0.0,0.0,0.0,-0.007862410551272597,1.0,-4.600336234915193,0.040478385160451553,0.040478385160451553,1.0,0.0,0.09637500625103712,-4.600336234915193
-4.598826160230655,-4.598826160230655,1.0,1.0,0.0,0.0,0.0,0.0,0.0,-0.007993718292647008,1.0,-4.600801148689468,0.042927055418940194,0.042927055418940194,1.0,0.0,0.09654095629230142,-4.600801148689468
-4.599086520738769,-4.599086520738769,1.0,1.0,0.0,0.0,0.0,0.0,0.0,-0.00788005155307836,1.0,-4.599646617351551,0.012176948782739118,0.012176948782739118,1.0,8.0,0.44966599671170115,-4.599646617351551
-4.599353284705856,-4.599353284705856,1.0,1.0,3.3306690738754696e-16,3.3306690738754696e-16,0.0,0.0,0.0,-0.00804020140981969,1.0,-4.600474533532299,0.024372460237976127,0.024372460237976127,1.0,8.0,0.4387079970911145,-4.600474533532299
-4.599125109238733,-4.599125109238733,1.0,1.0,1.1102230246251565e-16,1.1102230246251565e-16,3.640788365516512e-05,3.6047409559569427e-07,0.0,-0.008125771470988348,1.0,-4.600094997123732,0.021084083820142353,0.021084083820142353,1.0,7.0,0.39820902748033404,-4.600094997123732
-4.595887877555501,-4.595887877555501,1.0,1.0,0.0,0.0,0.0,0.0,0.0,-0.00799102525801985,1.0,-4.600540163360676,0.10112477317828301,0.10112477317828301,1.0,9.0,0.49283396219834685,-4.600540163360676
-4.599536916797806,-4.599536916797806,1.0,1.0,0.0,0.0,0.0,0.0,0.0,-0.006262378436904581,1.0,-4.600757249975042,0.026524615643275712,0.026524615643275712,1.0,6.0,0.36095897667109966,-4.600757249975042
-4.597217760662389,-4.597217760662389,1.0,1.0,0.0,0.0,0.0,0.0,0.0,-0.0062525162301925175,1.0,-4.598449655793765,0.026789357796356012,0.026789357796356012,1.0,8.0,0.4735830007120967,-4.598449655793765
-4.598566496505352,-4.598566496505352,1.0,1.0,0.0,0.0,3.6023112408578584e-06,3.5666447929285726e-08,0.0,-0.00812601629762756,1.0,-4.59987308735459,0.02840493258019413,0.02840493258019413,1.0,5.0,0.4438749747350812,-4.59987308735459
-4.598612757355587,-4.598612757355587,1.0,1.0,1.1102230246251565e-16,1.1102230246251565e-16,0.0,0.0,0.0,-0.008269503299125751,1.0,-4.600592070045814,0.043022999215996276,0.043022999215996276,1.0,0.0,0.14983303844928741,-4.600592070045814
-4.598818474745766,-4.598818474745766,1.0,1.0,1.1102230246251565e-16,1.1102230246251565e-16,0.0,0.0,0.0,-0.008068794140400293,1.0,-4.601362290337367,0.05528396659709749,0.05528396659709749,1.0,0.0,0.1069169957190752,-4.601362290337367
-4.599959832836601,-4.599959832836601,1.0,1.0,0.0,0.0,0.0,0.0,0.0,-0.00803041150291431,1.0,-4.600256339621522,0.006445440493553189,0.006445440493553189,1.0,8.0,0.5007080035284162,-4.600256339621522
-4.599240755317254,-4.599240755317254,1.0,1.0,0.0,0.0,0.0,0.0,0.0,-0.008214205561048798,1.0,-4.600365951722827,0.024458845608822784,0.024458845608822784,1.0,0.0,0.10445795487612486,-4.600365951722827
-4.598951459428772,-4.598951459428772,1.0,1.0,2.220446049250313e-16,2.220446049250313e-16,0.0,0.0,0.0,-0.006161122706378919,1.0,-4.599788294982362,0.018192914541376403,0.018192914541376403,1.0,7.0,0.42479101102799177,-4.599788294982362
-4.59887771180048,-4.59887771180048,1.0,1.0,2.220446049250313e-16,2.220446049250313e-16,0.0,0.0,0.0,-0.007983448748319556,1.0,-4.599899510321249,0.022213496587838787,0.022213496587838787,1.0,9.0,0.5065000150352716,-4.599899510321249
-4.598222279626394,-4.598222279626394,1.0,1.0,1.1102230246251565e-16,1.1102230246251565e-16,5.8160111205685094e-05,5.758426852048029e-07,0.0,-0.007963754297534643,1.0,-4.5995404028368085,0.028657715662237154,0.028657715662237154,1.0,5.0,0.3368339966982603,-4.5995404028368085
-4.597680547371578,-4.597680547371578,1.0,1.0,0.0,0.0,0.0,0.0,0.0,-0.008158656691599504,1.0,-4.600396003511659,0.0590265737560135,0.0590265737560135,1.0,3.0,0.23208401398733258,-4.600396003511659
-4.597967699938353,-4.597967699938353,1.0,1.0,5.551115123125783e-16,5.551115123125783e-16,0.0,0.0,0.0,-0.007965773049712441,1.0,-4.600250909190208,0.04963227651982856,0.04963227651982856,1.0,0.0,0.10004203068092465,-4.600250909190208
-4.596958284516104,-4.596958284516104,1.0,1.0,0.0,0.0,0.0,0.0,0.0,-0.00783692159170284,1.0,-4.599237606302797,0.04955868736960678,0.04955868736960678,1.0,5.0,0.32474996987730265,-4.599237606302797
-4.594722919930323,-4.594722919930323,1.0,1.0,3.3306690738754696e-16,3.3306690738754696e-16,0.0,0.0,0.0,-0.002423278143813379,1.0,-4.598987557259646,0.09272991666591557,0.09272991666591557,1.0,8.0,0.5361659568734467,-4.598987557259646
-4.59832482957462,-4.59832482957462,1.0,1.0,2.220446049250313e-16,2.220446049250313e-16,0.0,0.0,0.0,-0.008019612478776344,1.0,-4.5993740448631995,0.02281213222375022,0.02281213222375022,1.0,6.0,0.4154579946771264,-4.5993740448631995
-4.599471062359692,-4.599471062359692,1.0,1.0,0.0,0.0,0.0,0.0,0.0,-0.008158073694704728,1.0,-4.599909774569113,0.009537409012815915,0.009537409012815915,1.0,3.0,0.24604098871350288,-4.599909774569113
-4.60004716165888,-4.60004716165888,1.0,1.0,0.0,0.0,0.0,0.0,0.0,-0.007907036435433428,1.0,-4.6010234671180426,0.021219310576001647,0.021219310576001647,1.0,7.0,0.4128749715164304,-4.6010234671180426
-4.6002375434871645,-4.6002375434871645,1.0,1.0,0.0,0.0,0.0,0.0,0.0,-0.008299744803072261,1.0,-4.60107669647837,0.01823818741921424,0.01823818741921424,1.0,7.0,0.4331660456955433,-4.60107669647837
-4.598786632263612,-4.598786632263612,1.0,1.0,0.0,0.0,0.0,0.0,0.0,-0.0077950645001527204,1.0,-4.599681352580187,0.01945178911302435,0.01945178911302435,1.0,7.0,0.42100000428035855,-4.599681352580187
-4.599917890694076,-4.599917890694076,1.0,1.0,2.220446049250313e-16,2.220446049250313e-16,4.808761378194415e-05,4.7611498794004106e-07,0.0,-0.008308001287120765,1.0,-4.600224703641517,0.006669520886625124,0.006669520886625124,1.0,0.0,0.09404198499396443,-4.600224703641517
-4.599990448859197,-4.599990448859197,1.0,1.0,4.440892098500626e-16,4.440892098500626e-16,5.693963050062978e-05,5.637587178280177e-07,0.0,-0.008164477513059645,1.0,-4.600743308605625,0.01636387200781062,0.01636387200781062,1.0,3.0,0.22549997083842754,-4.600743308605625
-4.59791351835458,-4.59791351835458,1.0,1.0,0.0,0.0,0.0,0.0,0.0,-0.00788474301307565,1.0,-4.5998760731666035,0.04266538447573072,0.04266538447573072,1.0,8.0,0.4392499686218798,-4.5998760731666035
-4.598396565539085,-4.598396565539085,1.0,1.0,2.220446049250313e-16,2.220446049250313e-16,0.0,0.0,0.0,-0.005315126786493374,1.0,-4.600258461698151,0.04047372934734305,0.04047372934734305,1.0,7.0,0.39350002771243453,-4.600258461698151
-4.595618470450535,-4.595618470450535,1.0,1.0,1.1102230246251565e-16,1.1102230246251565e-16,0.0,0.0,0.0,-0.008199107964959004,1.0,-4.599265610629501,0.07929831602976495,0.07929831602976495,1.0,6.0,0.34962501376867294,-4.599265610629501
-4.598441489380537,-4.598441489380537,1.0,1.0,0.0,0.0,1.1106264896199036e-05,1.0996301877424789e-07,0.0,-0.004067169471720367,1.0,-4.60042904231986,0.043203642987182087,0.043203642987182087,1.0,8.0,0.4355420242063701,-4.60042904231986
-4.598208093610107,-4.598208093610107,1.0,1.0,0.0,0.0,5.653658878973511e-05,5.597682058389615e-07,0.0,-0.008030870760469195,1.0,-4.599717977567922,0.032825576810978134,0.032825576810978134,1.0,6.0,0.3525000065565109,-4.599717977567922
-4.599666682691378,-4.599666682691378,1.0,1.0,0.0,0.0,0.0,0.0,0.0,-0.008243419775581516,1.0,-4.6008134749067695,0.024925857604227643,0.024925857604227643,1.0,0.0,0.09845895692706108,-4.6008134749067695
-4.598798123275657,-4.598798123275657,1.0,1.0,0.0,0.0,0.0,0.0,0.0,-0.00799412620350013,1.0,-4.599587748901104,0.017167312997480033,0.017167312997480033,1.0,3.0,0.22775004617869854,-4.599587748901104
-4.59999365983451,-4.59999365983451,1.0,1.0,2.220446049250313e-16,2.220446049250313e-16,6.892231466748555e-05,6.823991551236193e-07,0.0,-0.008253595067404546,1.0,-4.600307774057664,0.006828113217236112,0.006828113217236112,1.0,2.0,0.18058402929455042,-4.600307774057664
,-4.590120778928806,0.0,1.0,0.0,0.0,2.815377316385563e-06,2.7875022934510527e-08,0.0,2.815327316385563e-06,0.0,-4.599357530453029,,,1.0,8.0,0.4237079992890358,-4.599357530453029
-4.599818543252281,-4.599818543252281,1.0,1.0,2.220446049250313e-16,2.220446049250313e-16,0.0,0.0,0.0,-0.007963696098145626,1.0,-4.6003029743277715,0.010530416761537539,0.010530416761537539,1.0,4.0,0.27254101587459445,-4.6003029743277715
-4.600710917365404,-4.600710917365404,1.0,1.0,0.0,0.0,0.0,0.0,0.0,-0.006886841370741026,1.0,-4.60110687731665,0.008605754263127933,0.008605754263127933,1.0,7.0,0.38412498543038964,-4.60110687731665
-4.5919077622373115,-4.5919077622373115,1.0,1.0,0.0,0.0,0.0,0.0,0.0,-0.0003157246002014613,1.0,-4.600508954126497,0.18696174651439346,0.18696174651439346,1.0,4.0,0.27183303609490395,-4.600508954126497
-4.599262011717456,-4.599262011717456,1.0,1.0,0.0,0.0,3.417914310471781e-05,3.384073574724536e-07,0.0,-0.007975571704986964,1.0,-4.599993452906861,0.01590091805332525,0.01590091805332525,1.0,6.0,0.36225002259016037,-4.599993452906861
-4.600409079222743,-4.600409079222743,1.0,1.0,0.0,0.0,5.869128016500191e-05,5.811017838119002e-07,0.0,-0.008062959567516513,1.0,-4.600576713576902,0.003643768262011035,0.003643768262011035,1.0,8.0,0.4623329732567072,-4.600576713576902
-4.598807251247679,-4.598807251247679,1.0,1.0,2.220446049250313e-16,2.220446049250313e-16,0.0,0.0,0.0,-0.007781855157399359,1.0,-4.59947661557384,0.014553054229999448,0.014553054229999448,1.0,5.0,0.3096669679507613,-4.59947661557384
-4.599233746075939,-4.599233746075939,1.0,1.0,2.220446049250313e-16,2.220446049250313e-16,9.654400001346541e-05,9.558811882521329e-07,0.0,-0.008116501645563316,1.0,-4.6004858613304656,0.027217022120457707,0.027217022120457707,1.0,5.0,0.3011250519193709,-4.6004858613304656
-4.599932346424048,-4.599932346424048,1.0,1.0,2.220446049250313e-16,2.220446049250313e-16,6.654377789677701e-05,6.588492861067031e-07,0.0,-0.007996988211466783,1.0,-4.600536859683669,0.013140059042219819,0.013140059042219819,1.0,2.0,0.17212500097230077,-4.600536859683669
-4.591942084422492,-4.591942084422492,1.0,1.0,0.0,0.0,0.0,0.0,0.0,-0.000569882281422851,1.0,-4.599072245271754,0.15503476503532676,0.15503476503532676,1.0,9.0,0.45237503945827484,-4.599072245271754
-4.599751589500897,-4.599751589500897,1.0,1.0,0.0,0.0,0.0,0.0,0.0,-0.005545226822996185,1.0,-4.600886635005555,0.02467014718470918,0.02467014718470918,1.0,7.0,0.3898750292137265,-4.600886635005555
-4.59955804139131,-4.59955804139131,1.0,1.0,0.0,0.0,0.0,0.0,0.0,-0.00817745542621417,1.0,-4.600069270190397,0.011113502190056286,0.011113502190056286,1.0,3.0,0.21287502022460103,-4.600069270190397
-4.600384580022878,-4.600384580022878,1.0,1.0,2.220446049250313e-16,2.220446049250313e-16,0.0,0.0,0.0,-0.007713351829560642,1.0,-4.601251091905575,0.018832092954494995,0.018832092954494995,1.0,0.0,0.08979096310213208,-4.601251091905575
-4.599191164773174,-4.599191164773174,1.0,1.0,2.220446049250313e-16,2.220446049250313e-16,0.0,0.0,0.0,-0.006372253110233039,1.0,-4.599820400456565,0.013679570692120068,0.013679570692120068,1.0,7.0,0.386916974093765,-4.599820400456565
-4.599760251741747,-4.599760251741747,1.0,1.0,1.1102230246251565e-16,1.1102230246251565e-16,0.0,0.0,0.0,-0.006244293468969597,1.0,-4.60047594597864,0.015556960742682297,0.015556960742682297,1.0,7.0,0.4213749780319631,-4.60047594597864
-4.599614301783173,-4.599614301783173,1.0,1.0,0.0,0.0,5.16759833216196e-05,5.116433992239565e-07,0.0,-0.007818230286932855,1.0,-4.600026746034904,0.008966127253192303,0.008966127253192303,1.0,8.0,0.4658749676309526,-4.600026746034904
-4.60045241313529,-4.60045241313529,1.0,1.0,0.0,0.0,0.0,0.0,0.0,-0.006495059910427536,1.0,-4.6010399074683255,0.01276872934924293,0.01276872934924293,1.0,7.0,0.38412498543038964,-4.6010399074683255
-4.601152082822052,-4.601152082822052,1.0,1.0,0.0,0.0,3.2777715441745237e-05,3.2453183605688355e-07,0.0,-0.008288434971482905,1.0,-4.601468408313528,0.006874446663693055,0.006874446663693055,1.0,8.0,0.42245804797858,-4.601468408313528
-4.5983608636942215,-4.5983608636942215,1.0,1.0,2.220446049250313e-16,2.220446049250313e-16,0.0,0.0,0.0,-0.007904161662612083,1.0,-4.5997973215023755,0.031228719609864748,0.031228719609864748,1.0,3.0,0.2138750278390944,-4.5997973215023755
-4.598702106715068,-4.598702106715068,1.0,1.0,2.220446049250313e-16,2.220446049250313e-16,0.0,0.0,0.0,-0.008238795829704413,1.0,-4.599852213795917,0.02500313113103177,0.02500313113103177,1.0,0.0,0.09066698839887977,-4.599852213795917
-4.599140347944606,-4.599140347944606,1.0,1.0,0.0,0.0,0.0,0.0,0.0,-0.007862179496182837,1.0,-4.599816598833093,0.014701692425275666,0.014701692425275666,1.0,7.0,0.37979200715199113,-4.599816598833093
-4.600039569754872,-4.600039569754872,1.0,1.0,2.220446049250313e-16,2.220446049250313e-16,8.897481157643661e-05,8.809387284795704e-07,0.0,-0.008200725918725746,1.0,-4.600578100114141,0.011705710620472824,0.011705710620472824,1.0,3.0,0.2257499727420509,-4.600578100114141
-4.599509497044804,-4.599509497044804,1.0,1.0,0.0,0.0,0.0,0.0,0.0,-0.007933414490722029,1.0,-4.601945106013394,0.052925641494675386,0.052925641494675386,1.0,0.0,0.09016698459163308,-4.601945106013394
-4.596181969446649,-4.596181969446649,1.0,1.0,2.220446049250313e-16,2.220446049250313e-16,0.0,0.0,0.0,-0.002257569484763966,1.0,-4.600597777380865,0.09598335146634329,0.09598335146634329,1.0,5.0,0.3688749857246876,-4.600597777380865
-4.596938937267103,-4.596938937267103,1.0,1.0,0.0,0.0,0.0,0.0,0.0,-0.007824383323082025,1.0,-4.598389080229813,0.031535890882852705,0.031535890882852705,1.0,3.0,0.24179095635190606,-4.598389080229813
-4.599518221975357,-4.599518221975357,1.0,1.0,1.1102230246251565e-16,1.1102230246251565e-16,0.0,0.0,0.0,-0.007753814968501337,1.0,-4.6003750349383585,0.01862485028925544,0.01862485028925544,1.0,6.0,0.360167003236711,-4.6003750349383585
-4.599116056628505,-4.599116056628505,1.0,1.0,0.0,0.0,2.5213861475026356e-05,2.496421928220431e-07,0.0,-0.007991225560969317,1.0,-4.600164241543616,0.02278581502905191,0.02278581502905191,1.0,2.0,0.17795898020267487,-4.600164241543616
-4.599235805538505,-4.599235805538505,1.0,1.0,1.1102230246251565e-16,1.1102230246251565e-16,0.0,0.0,0.0,-0.008210587407883541,1.0,-4.601275891131851,0.044337389055016066,0.044337389055016066,1.0,0.0,0.09166699601337314,-4.601275891131851
-4.598879825602086,-4.598879825602086,1.0,1.0,0.0,0.0,8.864267144248483e-05,8.7765021230183e-07,0.0,-0.007756134264623545,1.0,-4.599521686937266,0.013954958338447664,0.013954958338447664,1.0,6.0,0.3504169872030616,-4.599521686937266
-4.599597640442303,-4.599597640442303,1.0,1.0,0.0,0.0,0.0,0.0,0.0,-0.007968307292745985,1.0,-4.601433071230125,0.03988824262810448,0.03988824262810448,1.0,6.0,0.3481669700704515,-4.601433071230125
-4.59919499110492,-4.59919499110492,1.0,1.0,1.1102230246251565e-16,1.1102230246251565e-16,0.0,0.0,0.0,-0.007861756869835267,1.0,-4.6001838975550156,0.021497106900910244,0.021497106900910244,1.0,5.0,0.3227500128559768,-4.6001838975550156
-4.600248318770142,-4.600248318770142,1.0,1.0,2.220446049250313e-16,2.220446049250313e-16,0.0,0.0,0.0,-0.008185459171383467,1.0,-4.6006772866697085,0.009324016287972744,0.009324016287972744,1.0,8.0,0.4509590216912329,-4.6006772866697085
-4.598350732410961,-4.598350732410961,1.0,1.0,0.0,0.0,0.0,0.0,0.0,-0.007797559249937132,1.0,-4.60042369464183,0.0450602459352534,0.0450602459352534,1.0,0.0,0.09187503019347787,-4.60042369464183
-4.598045892511182,-4.598045892511182,1.0,1.0,2.220446049250313e-16,2.220446049250313e-16,9.378579720120683e-05,9.285722495168993e-07,0.0,-0.0037476924730508454,1.0,-4.600475568344766,0.052813579759063645,0.052813579759063645,1.0,5.0,0.3173750010319054,-4.600475568344766
-4.599052058755637,-4.599052058755637,1.0,1.0,2.220446049250313e-16,2.220446049250313e-16,0.0,0.0,0.0,-0.007799212038325977,1.0,-4.599752537397145,0.015228615796455118,0.015228615796455118,1.0,6.0,0.33020798582583666,-4.599752537397145
-4.599188655735247,-4.599188655735247,1.0,1.0,0.0,0.0,0.0,0.0,0.0,-0.008001824998530816,1.0,-4.60027539093969,0.02362326408943613,0.02362326408943613,1.0,0.0,0.08858297951519489,-4.60027539093969
-4.597461590681654,-4.597461590681654,1.0,1.0,2.220446049250313e-16,2.220446049250313e-16,0.0,0.0,0.0,-0.0077322422548914615,1.0,-4.599143067578182,0.036560656448844105,0.036560656448844105,1.0,3.0,0.20508398301899433,-4.599143067578182
-4.600148891430893,-4.600148891430893,1.0,1.0,0.0,0.0,0.0,0.0,0.0,-0.008060906576412341,1.0,-4.600572958182822,0.009217694312940039,0.009217694312940039,1.0,8.0,0.39724999805912375,-4.600572958182822
-4.5977228459501,-4.5977228459501,1.0,1.0,1.1102230246251565e-16,1.1102230246251565e-16,0.0,0.0,0.0,-0.008227829452365006,1.0,-4.601027170661941,0.07181710929486021,0.07181710929486021,1.0,7.0,0.361291051376611,-4.601027170661941
-4.599541833799061,-4.599541833799061,1.0,1.0,0.0,0.0,3.69591592313534e-05,3.659322696173604e-07,0.0,-0.0069034359360595765,1.0,-4.6002095877834215,0.014515729590529497,0.014515729590529497,1.0,7.0,0.3768329625017941,-4.6002095877834215
-4.597900577549757,-4.597900577549757,1.0,1.0,0.0,0.0,0.0,0.0,0.0,-0.0033070572726143777,1.0,-4.601801254935778,0.08476414277643919,0.08476414277643919,1.0,5.0,0.29070896562188864,-4.601801254935778
-4.599751450699306,-4.599751450699306,1.0,1.0,0.0,0.0,0.0,0.0,0.0,-0.008293712036040691,1.0,-4.600256367005555,0.010975829735715408,0.010975829735715408,1.0,6.0,0.36275002639740705,-4.600256367005555
-4.599220679086118,-4.599220679086118,1.0,1.0,0.0,0.0,0.0,0.0,0.0,-0.0076146886567684,1.0,-4.600644489104364,0.03094805568259393,0.03094805568259393,1.0,0.0,0.09716703789308667,-4.600644489104364
-4.599962190722191,-4.599962190722191,1.0,1.0,1.1102230246251565e-16,1.1102230246251565e-16,0.0,0.0,0.0,-0.00795433790710978,1.0,-4.6003542078073565,0.00852145438063435,0.00852145438063435,1.0,9.0,0.4571249592117965,-4.6003542078073565
-4.598146126926085,-4.598146126926085,1.0,1.0,2.220446049250313e-16,2.220446049250313e-16,3.462502519779864e-05,3.428220316613727e-07,0.0,-0.005060036736700302,1.0,-4.599993286521982,0.04015570199437659,0.04015570199437659,1.0,6.0,0.3215000033378601,-4.599993286521982
-4.598076388621346,-4.598076388621346,1.0,1.0,1.1102230246251565e-16,1.1102230246251565e-16,0.0,0.0,0.0,-0.008032709761834877,1.0,-4.5998399806151795,0.03834029012457193,0.03834029012457193,1.0,0.0,0.09029201464727521,-4.5998399806151795
-4.599190386629525,-4.599190386629525,1.0,1.0,0.0,0.0,6.15418512529553e-05,6.093252599302505e-07,0.0,-0.008057424703309213,1.0,-4.599648594879858,0.009961809927035523,0.009961809927035523,1.0,2.0,0.16862497432157397,-4.599648594879858
-4.598567400464913,-4.598567400464913,1.0,1.0,0.0,0.0,0.0,0.0,0.0,-0.0045337829588942835,1.0,-4.600406829740998,0.03998405671849741,0.03998405671849741,1.0,9.0,0.4368330119177699,-4.600406829740998
-4.598517593693051,-4.598517593693051,1.0,1.0,0.0,0.0,1.7121393444841093e-05,1.6951874697862468e-07,0.0,-0.008192515078733795,1.0,-4.599953656227382,0.03121906527006995,0.03121906527006995,1.0,4.0,0.2454170025885105,-4.599953656227382
-4.599025647582113,-4.599025647582113,1.0,1.0,1.1102230246251565e-16,1.1102230246251565e-16,0.0,0.0,0.0,-0.007976771439966023,1.0,-4.600077010376439,0.022855330290211143,0.022855330290211143,1.0,7.0,0.3672499442473054,-4.600077010376439
-4.598230423257036,-4.598230423257036,1.0,1.0,1.1102230246251565e-16,1.1102230246251565e-16,0.0,0.0,0.0,-0.0048864142271473066,1.0,-4.599667432418263,0.031241588274393158,0.031241588274393158,1.0,8.0,0.45891699846833944,-4.599667432418263
-4.597187767330071,-4.597187767330071,1.0,1.0,0.0,0.0,0.0,0.0,0.0,-0.0031202931641594045,1.0,-4.600407465441547,0.06998723777539986,0.06998723777539986,1.0,5.0,0.2911249757744372,-4.600407465441547
-4.598340484712761,-4.598340484712761,1.0,1.0,0.0,0.0,0.0,0.0,0.0,-0.008047066123110447,1.0,-4.599823712967925,0.032245328249926146,0.032245328249926146,1.0,8.0,0.4033750155940652,-4.599823712967925
-4.599986453750525,-4.599986453750525,1.0,1.0,0.0,0.0,0.0,0.0,0.0,-0.007804231136714024,1.0,-4.600515990794396,0.011510383725030405,0.011510383725030405,1.0,8.0,0.3998340107500553,-4.600515990794396
-4.598727215595988,-4.598727215595988,1.0,1.0,0.0,0.0,6.0573474429670426e-05,5.997373705907963e-07,0.0,-0.00796677505131892,1.0,-4.599171303440913,0.009655823095624906,0.009655823095624906,1.0,2.0,0.17845799447968602,-4.599171303440913
-4.599680439652663,-4.599680439652663,1.0,1.0,0.0,0.0,0.0,0.0,0.0,-0.0077843454245091195,1.0,-4.600197396611482,0.011237712520767672,0.011237712520767672,1.0,8.0,0.3964999923482537,-4.600197396611482
-4.598943145581343,-4.598943145581343,1.0,1.0,0.0,0.0,4.253173950419242e-06,4.2110633172467745e-08,0.0,-0.00801549345849362,1.0,-4.599436435548531,0.010725008902742436,0.010725008902742436,1.0,7.0,0.4259170382283628,-4.599436435548531
-4.598777309870677,-4.598777309870677,1.0,1.0,0.0,0.0,0.0,0.0,0.0,-0.008247588704037821,1.0,-4.600269868187123,0.032445016471053766,0.032445016471053766,1.0,6.0,0.34420896554365754,-4.600269868187123
-4.599689147298186,-4.599689147298186,1.0,1.0,1.1102230246251565e-16,1.1102230246251565e-16,7.15932553005949e-05,7.088441118870783e-07,0.0,-0.007794627209897034,1.0,-4.600352576832802,0.014421275837795202,0.014421275837795202,1.0,6.0,0.3307090373709798,-4.600352576832802
