sample,x0,solver,target_gap_pct,residual_tol,solve_time_ms,objective,reference_objective,opt_gap_pct,feasibility_residual,stopping_residual,iterations,status,stopping_mode
1,0.2757921849194162,IPOPT,1.0,1.0e-10,27.400970458984375,81732.59410247377,81732.59410200543,5.730135509038828e-10,9.999821137807174e-9,NaN,36,INTERRUPTED,gap_and_residual
1,0.2757921849194162,sMEL-ADMM,1.0,0.01,8.504294000000002,81900.94269830454,81732.59410200543,0.20597486002830798,7.062128659640621e-13,0.00480167111255092,105,converged,gap_residual_and_feasibility
2,0.461889806461838,IPOPT,1.0,1.0e-10,32.85813331604004,74581.90282393458,74581.90282346068,6.354057128962448e-10,9.999820749229116e-9,NaN,40,INTERRUPTED,gap_and_residual
2,0.461889806461838,sMEL-ADMM,1.0,0.01,8.394583,74845.27300914182,74581.90282346068,0.3531288096853063,7.095435350379375e-13,0.006692179116413399,104,converged,gap_residual_and_feasibility
3,0.4357974476962958,IPOPT,1.0,1.0e-10,32.269954681396484,75584.48631057097,75584.48631010075,6.221065455747903e-10,9.999823413764375e-9,NaN,42,INTERRUPTED,gap_and_residual
3,0.4357974476962958,sMEL-ADMM,1.0,0.01,7.221545,75884.90809337294,75584.48631010075,0.3974648739949756,7.078782005009998e-13,0.007656853397488672,104,converged,gap_residual_and_feasibility
4,0.38537641182373616,IPOPT,1.0,1.0e-10,27.69303321838379,77521.88485699565,77521.88485652402,6.083799090079514e-10,9.999821914963292e-9,NaN,35,INTERRUPTED,gap_and_residual
4,0.38537641182373616,sMEL-ADMM,1.0,0.01,8.163161,77875.15901407474,77521.88485652402,0.45570893716601085,7.09432512735475e-13,0.009034268862018302,104,converged,gap_residual_and_feasibility
5,0.25796867475512036,IPOPT,1.0,1.0e-10,28.109073638916016,82417.45196163592,82417.45196116857,5.670513930646922e-10,9.999821692918687e-9,NaN,36,INTERRUPTED,gap_and_residual
5,0.25796867475512036,sMEL-ADMM,1.0,0.01,8.208917,82593.02558865906,82417.45196116857,0.21302967188698643,7.082112674083874e-13,0.004920147594944524,105,converged,gap_residual_and_feasibility
6,0.7208970006295407,IPOPT,1.0,1.0e-10,29.87194061279297,64629.70424630306,64629.704245828005,7.350405732644459e-10,9.99982180394099e-9,NaN,41,INTERRUPTED,gap_and_residual
6,0.7208970006295407,sMEL-ADMM,1.0,0.01,8.979837,64987.506953222204,64629.704245828005,0.5536195957717018,7.078782005009998e-13,0.009132407281649657,103,converged,gap_residual_and_feasibility
7,0.6358466462547939,IPOPT,1.0,1.0e-10,30.462026596069336,67897.71391898928,67897.71391851475,6.98879794762013e-10,9.99982135985178e-9,NaN,41,INTERRUPTED,gap_and_residual
7,0.6358466462547939,sMEL-ADMM,1.0,0.01,7.612082,68264.79565270361,67897.71391851475,0.5406393131724622,7.067679774763747e-13,0.009380975502006117,103,converged,gap_residual_and_feasibility
8,0.6985131866188585,IPOPT,1.0,1.0e-10,30.983924865722656,65489.78908940915,65489.78908893417,7.252649911711971e-10,9.999821970474443e-9,NaN,41,INTERRUPTED,gap_and_residual
8,0.6985131866188585,sMEL-ADMM,1.0,0.01,5.167625,65847.62573223076,65489.78908893417,0.5464006653169325,7.0921046813055e-13,0.009135398438205544,103,converged,gap_residual_and_feasibility
9,0.46885009045376125,IPOPT,1.0,1.0e-10,31.923770904541016,74314.45801929537,74314.45801882147,6.376924275044457e-10,9.999821748429838e-9,NaN,40,INTERRUPTED,gap_and_residual
9,0.46885009045376125,sMEL-ADMM,1.0,0.01,6.584122000000001,74566.61017185666,74314.45801882147,0.3393043019587483,7.095435350379375e-13,0.006400019243737898,104,converged,gap_residual_and_feasibility
10,0.40015212307604836,IPOPT,1.0,1.0e-10,27.729034423828125,76954.13687230433,76954.13687183456,6.10447919368548e-10,9.999822858652863e-9,NaN,35,INTERRUPTED,gap_and_residual
10,0.40015212307604836,sMEL-ADMM,1.0,0.01,6.556952,77293.07703453008,76954.13687183456,0.44044436917019775,7.076561558960748e-13,0.00866104082792385,104,converged,gap_residual_and_feasibility
11,0.7193853112471236,IPOPT,1.0,1.0e-10,31.044960021972656,64687.79001866885,64687.79001819373,7.344817809860997e-10,9.999821526385233e-9,NaN,41,INTERRUPTED,gap_and_residual
11,0.7193853112471236,sMEL-ADMM,1.0,0.01,8.146242999999998,65045.51354201022,64687.79001819373,0.5530000695894582,7.065459328714496e-13,0.009130487605409576,103,converged,gap_residual_and_feasibility
12,0.5267441347098047,IPOPT,1.0,1.0e-10,28.86486053466797,72089.91353608172,72089.91353560785,6.573299151794338e-10,9.999822248030199e-9,NaN,36,INTERRUPTED,gap_and_residual
12,0.5267441347098047,sMEL-ADMM,1.0,0.01,8.460708,72241.46350090786,72089.91353560785,0.210223535953,7.082112674083874e-13,0.00449677925938019,104,converged,gap_residual_and_feasibility
13,0.2569077543027698,IPOPT,1.0,1.0e-10,28.79500389099121,82458.21720389406,82458.21720342673,5.66753409676653e-10,9.999821692918687e-9,NaN,36,INTERRUPTED,gap_and_residual
13,0.2569077543027698,sMEL-ADMM,1.0,0.01,6.897207,82634.23712179958,82458.21720342673,0.21346558820039552,7.093214904330125e-13,0.004927459610225782,105,converged,gap_residual_and_feasibility
14,0.26346455923970324,IPOPT,1.0,1.0e-10,29.136180877685547,82206.27584382184,82206.27584335423,5.688266974158802e-10,9.999821914963292e-9,NaN,39,INTERRUPTED,gap_and_residual
14,0.26346455923970324,sMEL-ADMM,1.0,0.01,8.055789,82379.67688107806,82206.27584335423,0.21093406305651088,7.083222897108499e-13,0.004884576684547781,105,converged,gap_residual_and_feasibility
15,0.675422755642642,IPOPT,1.0,1.0e-10,30.209779739379883,66377.0252723918,66377.02527191695,7.15373344725253e-10,9.999820860251418e-9,NaN,41,INTERRUPTED,gap_and_residual
15,0.675422755642642,sMEL-ADMM,1.0,0.01,8.824003000000001,66736.79887246195,66377.02527191695,0.5420152516193177,7.088774012231625e-13,0.009187915190011609,103,converged,gap_residual_and_feasibility
16,0.4329462404269192,IPOPT,1.0,1.0e-10,31.808137893676758,75694.04226720311,75694.04226672977,6.2533943805029e-10,9.999821637407535e-9,NaN,40,INTERRUPTED,gap_and_residual
16,0.4329462404269192,sMEL-ADMM,1.0,0.01,7.066292,75998.04398937407,75694.04226672977,0.4016190885579394,7.072120666862247e-13,0.007750098807721262,104,converged,gap_residual_and_feasibility
17,0.2779516321195472,IPOPT,1.0,1.0e-10,27.795791625976562,81649.61861824959,81649.61861778128,5.735602245389003e-10,9.999821970474443e-9,NaN,35,INTERRUPTED,gap_and_residual
17,0.2779516321195472,sMEL-ADMM,1.0,0.01,5.6570860000000005,81817.03478533502,81649.61861778128,0.20504219173081104,7.081002451059248e-13,0.004786208790340751,105,converged,gap_residual_and_feasibility
18,0.35417114365979185,IPOPT,1.0,1.0e-10,29.394865036010742,78720.92886978464,78720.92886931225,6.000745658469918e-10,9.999821082296023e-9,NaN,38,INTERRUPTED,gap_and_residual
18,0.35417114365979185,sMEL-ADMM,1.0,0.01,6.726502,79100.54926306715,78720.92886931225,0.48223566363796694,7.082112674083874e-13,0.009720243610654489,104,converged,gap_residual_and_feasibility
19,0.591016545349401,IPOPT,1.0,1.0e-10,29.170989990234375,69620.28408889913,69620.28408842634,6.791005408267729e-10,9.99982274763056e-9,NaN,38,INTERRUPTED,gap_and_residual
19,0.591016545349401,sMEL-ADMM,1.0,0.01,7.30504,70001.74616864121,69620.28408842634,0.5479180172984748,7.084333120133124e-13,0.009756918134461334,103,converged,gap_residual_and_feasibility
20,0.5330147075864293,IPOPT,1.0,1.0e-10,31.508922576904297,71848.97047400115,71848.97047352717,6.596962763621023e-10,9.999821470874082e-9,NaN,40,INTERRUPTED,gap_and_residual
20,0.5330147075864293,sMEL-ADMM,1.0,0.01,8.172205,71997.62160983909,71848.97047352717,0.20689389887178883,7.071010443837622e-13,0.004448927336522246,104,converged,gap_residual_and_feasibility
21,0.4724846693080612,IPOPT,1.0,1.0e-10,29.54697608947754,74174.80147183813,74174.80147136422,6.38912695203075e-10,9.999821248829477e-9,NaN,40,INTERRUPTED,gap_and_residual
21,0.4724846693080612,sMEL-ADMM,1.0,0.01,8.97821,74420.74436966839,74174.80147136422,0.33157203447200434,7.074341112911497e-13,0.006238284961590401,104,converged,gap_residual_and_feasibility
22,0.34714340215163997,IPOPT,1.0,1.0e-10,30.766963958740234,78990.96568967019,78990.9656892012,5.937307789606515e-10,9.999822414563653e-9,NaN,40,INTERRUPTED,gap_and_residual
22,0.34714340215163997,sMEL-ADMM,1.0,0.01,8.122878,79376.11348586301,78990.9656892012,0.4875846159131899,7.071010443837622e-13,0.00986417619881308,104,converged,gap_residual_and_feasibility
23,0.2702404435837083,IPOPT,1.0,1.0e-10,26.144027709960938,81945.91648682737,81945.9164863592,5.713087812068701e-10,9.999821692918687e-9,NaN,35,INTERRUPTED,gap_and_residual
23,0.2702404435837083,sMEL-ADMM,1.0,0.01,7.682542,82116.64063713106,81945.9164863592,0.2083375939791657,7.074341112911497e-13,0.00484074406575985,105,converged,gap_residual_and_feasibility
24,0.509143559208959,IPOPT,1.0,1.0e-10,29.345035552978516,72766.20526236814,72766.20526189725,6.471210408457205e-10,9.999824357453946e-9,NaN,39,INTERRUPTED,gap_and_residual
24,0.509143559208959,sMEL-ADMM,1.0,0.01,8.411456,72937.14023392908,72766.20526189725,0.23490983405910118,7.08988423525625e-13,0.004817316179726916,104,converged,gap_residual_and_feasibility
25,0.608597687821486,IPOPT,1.0,1.0e-10,27.9538631439209,68944.73906527027,68944.73906479836,6.844882107863225e-10,9.999823857853585e-9,NaN,37,INTERRUPTED,gap_and_residual
25,0.608597687821486,sMEL-ADMM,1.0,0.01,8.932003000000002,69319.98594646092,68944.73906479836,0.5442719586042426,7.083222897108499e-13,0.00959469366396315,103,converged,gap_residual_and_feasibility
26,0.5156405416126328,IPOPT,1.0,1.0e-10,30.357837677001953,72516.56254783204,72516.56254735979,6.512350948761062e-10,9.99982230354135e-9,NaN,37,INTERRUPTED,gap_and_residual
26,0.5156405416126328,sMEL-ADMM,1.0,0.01,6.178168,72677.38029556048,72516.56254735979,0.22176692130940212,7.082112674083874e-13,0.004649973714441202,104,converged,gap_residual_and_feasibility
27,0.7328939743119018,IPOPT,1.0,1.0e-10,32.482147216796875,64168.72761281172,64168.72761233657,7.404797160149687e-10,9.999822692119409e-9,NaN,41,INTERRUPTED,gap_and_residual
27,0.7328939743119018,sMEL-ADMM,1.0,0.01,6.846126999999999,64527.54285551784,64168.72761233657,0.5591746268509266,7.067679774763747e-13,0.009157637861500256,103,converged,gap_residual_and_feasibility
28,0.3874249457193082,IPOPT,1.0,1.0e-10,27.28891372680664,77443.1711510412,77443.17115056979,6.087164133638086e-10,9.999822137007897e-9,NaN,35,INTERRUPTED,gap_and_residual
28,0.3874249457193082,sMEL-ADMM,1.0,0.01,17.259751,77794.56402532342,77443.17115056979,0.4537428794986027,7.088774012231625e-13,0.008985284608518218,104,converged,gap_residual_and_feasibility
29,0.39897867351998323,IPOPT,1.0,1.0e-10,26.597976684570312,76999.22597896296,76999.22597849171,6.120181297498585e-10,9.999821526385233e-9,NaN,34,INTERRUPTED,gap_and_residual
29,0.39897867351998323,sMEL-ADMM,1.0,0.01,7.617581,77339.35805120143,76999.22597849171,0.44173440497275723,7.08988423525625e-13,0.00869207870766564,104,converged,gap_residual_and_feasibility
30,0.37412909015079604,IPOPT,1.0,1.0e-10,30.211925506591797,77954.05655444747,77954.05655397553,6.053991076710652e-10,9.999821082296023e-9,NaN,38,INTERRUPTED,gap_and_residual
30,0.37412909015079604,sMEL-ADMM,1.0,0.01,6.696499,78317.40191549418,77954.05655397553,0.4661019292396458,7.077671781985373e-13,0.009296503180744375,104,converged,gap_residual_and_feasibility
31,0.44054030536947375,IPOPT,1.0,1.0e-10,31.968116760253906,75402.24480357238,75402.24480310096,6.252119508765407e-10,9.999823080697468e-9,NaN,41,INTERRUPTED,gap_and_residual
31,0.44054030536947375,sMEL-ADMM,1.0,0.01,6.908455,75696.39054472944,75402.24480310096,0.3901021015973599,7.069900220812997e-13,0.0074934486320966665,104,converged,gap_residual_and_feasibility
32,0.6219976619441033,IPOPT,1.0,1.0e-10,31.301021575927734,68429.85296787081,68429.85296739875,6.898511534623942e-10,9.999823136208619e-9,NaN,41,INTERRUPTED,gap_and_residual
32,0.6219976619441033,sMEL-ADMM,1.0,0.01,7.002547,68800.7339522418,68429.85296739875,0.5419871134601857,7.084333120133124e-13,0.009480562066862652,103,converged,gap_residual_and_feasibility
33,0.6603922323320581,IPOPT,1.0,1.0e-10,32.00697898864746,66954.56426003776,66954.564259563,7.090722485848452e-10,9.999821692918687e-9,NaN,41,INTERRUPTED,gap_and_residual
33,0.6603922323320581,sMEL-ADMM,1.0,0.01,7.604293,67316.58001184494,66954.564259563,0.5406886838640419,7.096545573404001e-13,0.00924750146145581,103,converged,gap_residual_and_feasibility
34,0.3928217334956574,IPOPT,1.0,1.0e-10,26.046037673950195,77235.8027657555,77235.80276528547,6.085796961545188e-10,9.999823746831282e-9,NaN,35,INTERRUPTED,gap_and_residual
34,0.3928217334956574,sMEL-ADMM,1.0,0.01,7.298462000000001,77582.0963914275,77235.80276528547,0.4483589394343496,7.056577544517495e-13,0.008852514818584067,104,converged,gap_residual_and_feasibility
35,0.27881544293397387,IPOPT,1.0,1.0e-10,26.399850845336914,81616.42719750048,81616.42719703214,5.738291368465945e-10,9.999822414563653e-9,NaN,35,INTERRUPTED,gap_and_residual
35,0.27881544293397387,sMEL-ADMM,1.0,0.01,7.117923,81783.4653202453,81616.42719703214,0.20466238103012216,7.084333120133124e-13,0.00477992221985879,105,converged,gap_residual_and_feasibility
36,0.5816818806183403,IPOPT,1.0,1.0e-10,31.131982803344727,69978.96307215022,69978.96307167881,6.736442969869158e-10,9.999823580297829e-9,NaN,39,INTERRUPTED,gap_and_residual
36,0.5816818806183403,sMEL-ADMM,1.0,0.01,6.901247,70363.96658254365,69978.96307167881,0.5501703568692335,7.088774012231625e-13,0.00984926912599804,103,converged,gap_residual_and_feasibility
37,0.28534507615587235,IPOPT,1.0,1.0e-10,26.423931121826172,81365.52989454189,81365.52989407394,5.751157014620199e-10,9.999822081496745e-9,NaN,35,INTERRUPTED,gap_and_residual
37,0.28534507615587235,sMEL-ADMM,1.0,0.01,7.076619,81529.70817800982,81365.52989407394,0.20177866984903142,7.096545573404001e-13,0.004732149243096728,105,converged,gap_residual_and_feasibility
38,0.7267954993753094,IPOPT,1.0,1.0e-10,37.60504722595215,64403.05791311364,64403.057912638484,7.37785483165705e-10,9.999820804740267e-9,NaN,41,INTERRUPTED,gap_and_residual
38,0.7267954993753094,sMEL-ADMM,1.0,0.01,10.882622999999999,64761.272338913994,64403.057912638484,0.5562071707238204,7.096545573404001e-13,0.009142570597572286,103,converged,gap_residual_and_feasibility
39,0.4508793717567228,IPOPT,1.0,1.0e-10,39.533138275146484,75004.97227944876,75004.97227897716,6.287562736065371e-10,9.99982274763056e-9,NaN,41,INTERRUPTED,gap_and_residual
39,0.4508793717567228,sMEL-ADMM,1.0,0.01,8.604707,75284.7815299516,75004.97227897716,0.37305426890059346,7.077671781985373e-13,0.007120246813007047,104,converged,gap_residual_and_feasibility
40,0.6116850634187863,IPOPT,1.0,1.0e-10,31.769990921020508,68826.10848002305,68826.10847954838,6.896640436603296e-10,9.999822414563653e-9,NaN,39,INTERRUPTED,gap_and_residual
40,0.6116850634187863,sMEL-ADMM,1.0,0.01,6.100253,69200.31943041921,68826.10847954838,0.543704938631006,7.064349105689871e-13,0.009567630511546632,103,converged,gap_residual_and_feasibility
41,0.4868256657990442,IPOPT,1.0,1.0e-10,30.50994873046875,73623.75714529693,73623.7571448233,6.432993958811535e-10,9.999822803141711e-9,NaN,40,INTERRUPTED,gap_and_residual
41,0.4868256657990442,sMEL-ADMM,1.0,0.01,10.614828,73841.04310340263,73623.7571448233,0.29513022291419067,7.088774012231625e-13,0.0055843025704351845,104,converged,gap_residual_and_feasibility
42,0.6930088414984616,IPOPT,1.0,1.0e-10,34.58905220031738,65701.29030216132,65701.29030168637,7.228859692748633e-10,9.999821748429838e-9,NaN,41,INTERRUPTED,gap_and_residual
42,0.6930088414984616,sMEL-ADMM,1.0,0.01,8.748958,66059.41292932576,65701.29030168637,0.5450770083737523,7.078782005009998e-13,0.009143351224166762,103,converged,gap_residual_and_feasibility
43,0.6545689732203787,IPOPT,1.0,1.0e-10,32.79685974121094,67178.31955469148,67178.31955421683,7.065588631400584e-10,9.99982141536293e-9,NaN,41,INTERRUPTED,gap_and_residual
43,0.6545689732203787,sMEL-ADMM,1.0,0.01,8.017506000000001,67541.39479001456,67178.31955421683,0.5404648973166256,7.076561558960748e-13,0.0092755006798666,103,converged,gap_residual_and_feasibility
44,0.28576540787769134,IPOPT,1.0,1.0e-10,26.803970336914062,81349.37889619867,81349.37889573017,5.759096346362654e-10,9.999821748429838e-9,NaN,35,INTERRUPTED,gap_and_residual
44,0.28576540787769134,sMEL-ADMM,1.0,0.01,9.010956,81513.3639999696,81349.37889573017,0.20158126154794345,7.058797990566745e-13,0.004728921019541588,105,converged,gap_residual_and_feasibility
45,0.7041459771315879,IPOPT,1.0,1.0e-10,32.47499465942383,65273.35243826127,65273.35243778623,7.27770183284511e-10,9.999821581896384e-9,NaN,41,INTERRUPTED,gap_and_residual
45,0.7041459771315879,sMEL-ADMM,1.0,0.01,9.311705,65630.97097786311,65273.35243778623,0.5478783097861208,7.077671781985373e-13,0.009129189874731769,103,converged,gap_residual_and_feasibility
46,0.39495427032477404,IPOPT,1.0,1.0e-10,27.163982391357422,77153.8612966558,77153.8612961858,6.091694571727514e-10,9.999823302742072e-9,NaN,35,INTERRUPTED,gap_and_residual
46,0.39495427032477404,sMEL-ADMM,1.0,0.01,9.749663,77498.04482644843,77153.8612961858,0.4461002009236353,7.078782005009998e-13,0.008797573738851261,104,converged,gap_residual_and_feasibility
47,0.5214327740944773,IPOPT,1.0,1.0e-10,27.830839157104492,72293.99943312386,72293.99943264647,6.603454432294467e-10,9.999819527983789e-9,NaN,36,INTERRUPTED,gap_and_residual
47,0.5214327740944773,sMEL-ADMM,1.0,0.01,9.919792000000001,72448.80894961872,72293.99943264647,0.21413881952468417,7.106537580625627e-13,0.0045506895607889675,104,converged,gap_residual_and_feasibility
48,0.3161929620779189,IPOPT,1.0,1.0e-10,32.25588798522949,80180.21808348346,80180.21808301439,5.850151654433395e-10,9.999822248030199e-9,NaN,40,INTERRUPTED,gap_and_residual
48,0.3161929620779189,sMEL-ADMM,1.0,0.01,6.6122510000000005,80328.29056424834,80180.21808301439,0.18467458030687853,7.081002451059248e-13,0.0044624351992990086,105,converged,gap_residual_and_feasibility
49,0.3290178857468601,IPOPT,1.0,1.0e-10,31.76093101501465,79687.42796038864,79687.42795991978,5.883772643456417e-10,9.999823136208619e-9,NaN,40,INTERRUPTED,gap_and_residual
49,0.3290178857468601,sMEL-ADMM,1.0,0.01,6.999159,79827.43728372097,79687.42795991978,0.17569813380300175,7.062128659640621e-13,0.004327660692696966,105,converged,gap_residual_and_feasibility
50,0.6960363289468714,IPOPT,1.0,1.0e-10,30.60293197631836,65584.9608836883,65584.96088321327,7.243012945615617e-10,9.999822081496745e-9,NaN,41,INTERRUPTED,gap_and_residual
50,0.6960363289468714,sMEL-ADMM,1.0,0.01,6.882953,65942.9165188146,65584.96088321327,0.5457892034711188,7.088774012231625e-13,0.009138724833139822,103,converged,gap_residual_and_feasibility
51,0.5861669802270939,IPOPT,1.0,1.0e-10,28.352975845336914,69806.62576665622,69806.62576618344,6.772669050613804e-10,9.999823469275526e-9,NaN,38,INTERRUPTED,gap_and_residual
51,0.5861669802270939,sMEL-ADMM,1.0,0.01,8.517541,70189.90808315262,69806.62576618344,0.5490629474814953,7.099876242477876e-13,0.009804390545788189,103,converged,gap_residual_and_feasibility
52,0.7029108507999683,IPOPT,1.0,1.0e-10,31.386137008666992,65320.81143861923,65320.81143814428,7.271077543652519e-10,9.999823136208619e-9,NaN,41,INTERRUPTED,gap_and_residual
52,0.7029108507999683,sMEL-ADMM,1.0,0.01,9.031124,65678.46901165268,65320.81143814428,0.5475400039190907,7.088774012231625e-13,0.009130323034984289,103,converged,gap_residual_and_feasibility
53,0.2750178068860151,IPOPT,1.0,1.0e-10,28.1980037689209,81762.34912139253,81762.3491209243,5.726804346223595e-10,9.999821970474443e-9,NaN,36,INTERRUPTED,gap_and_residual
53,0.2750178068860151,sMEL-ADMM,1.0,0.01,8.604090999999999,81931.03980780482,81762.3491209243,0.20631829771798096,7.0921046813055e-13,0.004807317878281481,105,converged,gap_residual_and_feasibility
54,0.5747040421967808,IPOPT,1.0,1.0e-10,28.390884399414062,70247.08239538946,70247.0823949167,6.729996546780324e-10,9.99982230354135e-9,NaN,37,INTERRUPTED,gap_and_residual
54,0.5747040421967808,sMEL-ADMM,1.0,0.01,8.644796999999999,70634.83295587504,70247.0823949167,0.5519810186257711,7.0921046813055e-13,0.009920872493170196,103,converged,gap_residual_and_feasibility
55,0.451339088841107,IPOPT,1.0,1.0e-10,31.49700164794922,74987.30792179242,74987.30792132094,6.287491396461117e-10,9.999823580297829e-9,NaN,41,INTERRUPTED,gap_and_residual
55,0.451339088841107,sMEL-ADMM,1.0,0.01,8.664708000000001,75266.469510332,74987.30792132094,0.37227845184675834,7.05546732149287e-13,0.007103384987694916,104,converged,gap_residual_and_feasibility
56,0.7226966482718395,IPOPT,1.0,1.0e-10,31.10790252685547,64560.553847745745,64560.553847270596,7.359743802085151e-10,9.99982091576257e-9,NaN,41,INTERRUPTED,gap_and_residual
56,0.7226966482718395,sMEL-ADMM,1.0,0.01,6.544667,64918.465031117616,64560.553847270596,0.5543805970031206,7.072120666862247e-13,0.009135061704796499,103,converged,gap_residual_and_feasibility
57,0.4962443575910711,IPOPT,1.0,1.0e-10,31.54897689819336,73261.849471818,73261.84947134345,6.477484679087904e-10,9.999820693717965e-9,NaN,40,INTERRUPTED,gap_and_residual
57,0.4962443575910711,sMEL-ADMM,1.0,0.01,7.619167,73458.93074937606,73261.84947134345,0.269009422304712,7.090994458280875e-13,0.00525017110417636,104,converged,gap_residual_and_feasibility
58,0.3374662042179045,IPOPT,1.0,1.0e-10,32.063961029052734,79362.80630908246,79362.8063086136,5.907839332630709e-10,9.999822969675165e-9,NaN,40,INTERRUPTED,gap_and_residual
58,0.3374662042179045,sMEL-ADMM,1.0,0.01,8.998872,79497.0419634058,79362.8063086136,0.16914176934496933,7.078782005009998e-13,0.004231234882032808,105,converged,gap_residual_and_feasibility
59,0.6115661856852312,IPOPT,1.0,1.0e-10,29.590129852294922,68830.67628677729,68830.67628630211,6.90358231975785e-10,9.99982097127372e-9,NaN,39,INTERRUPTED,gap_and_residual
59,0.6115661856852312,sMEL-ADMM,1.0,0.01,8.805664,69204.92671359442,68830.67628630211,0.5437262097144172,7.097655796428626e-13,0.009568661979369564,103,converged,gap_residual_and_feasibility
60,0.29616698039461326,IPOPT,1.0,1.0e-10,31.232118606567383,80949.70461093093,80949.70461046294,5.781239054500381e-10,9.999821914963292e-9,NaN,39,INTERRUPTED,gap_and_residual
60,0.29616698039461326,sMEL-ADMM,1.0,0.01,8.415329,81108.6523840377,80949.70461046294,0.1963537413010149,7.076561558960748e-13,0.004644506962407036,105,converged,gap_residual_and_feasibility
61,0.7023878301046271,IPOPT,1.0,1.0e-10,31.799793243408203,65340.90820016664,65340.90819969167,7.269063901663385e-10,9.999821526385233e-9,NaN,41,INTERRUPTED,gap_and_residual
61,0.7023878301046271,sMEL-ADMM,1.0,0.01,7.147214,65698.58389102547,65340.90819969167,0.5473993263771066,7.086553566182374e-13,0.009130844388803294,103,converged,gap_residual_and_feasibility
62,0.7249969404162471,IPOPT,1.0,1.0e-10,32.180070877075195,64472.166479660176,64472.16647918503,7.369833557400888e-10,9.999821526385233e-9,NaN,41,INTERRUPTED,gap_and_residual
62,0.7249969404162471,sMEL-ADMM,1.0,0.01,9.654207999999999,64830.23825648669,64472.16647918503,0.5553897082352119,7.0921046813055e-13,0.009139025914956855,103,converged,gap_residual_and_feasibility
63,0.48781234582387767,IPOPT,1.0,1.0e-10,31.116008758544922,73585.84454765206,73585.84454717797,6.442636476381176e-10,9.999820860251418e-9,NaN,40,INTERRUPTED,gap_and_residual
63,0.48781234582387767,sMEL-ADMM,1.0,0.01,8.428042999999999,73801.02856457446,73585.84454717797,0.29242583097422736,7.077671781985373e-13,0.005549551915214224,104,converged,gap_residual_and_feasibility
64,0.5406903974996202,IPOPT,1.0,1.0e-10,31.988859176635742,71554.03661904676,71554.0366185743,6.602800541328847e-10,9.999822414563653e-9,NaN,40,INTERRUPTED,gap_and_residual
64,0.5406903974996202,sMEL-ADMM,1.0,0.01,5.973668,71699.3804823189,71554.0366185743,0.20312461827885933,7.073230889886872e-13,0.004394372730962104,104,converged,gap_residual_and_feasibility
65,0.39288181146734297,IPOPT,1.0,1.0e-10,26.9930362701416,77233.49430514965,77233.49430467973,6.084471545672084e-10,9.999823025186316e-9,NaN,35,INTERRUPTED,gap_and_residual
65,0.39288181146734297,sMEL-ADMM,1.0,0.01,5.8723719999999995,77579.72974475383,77233.49430467973,0.4482970027333378,7.085443343157749e-13,0.008850999841708895,104,converged,gap_residual_and_feasibility
66,0.5627048085520532,IPOPT,1.0,1.0e-10,28.36894989013672,70708.14586660097,70708.14586612835,6.684054531449658e-10,9.999823080697468e-9,NaN,37,INTERRUPTED,gap_and_residual
66,0.5627048085520532,sMEL-ADMM,1.0,0.01,6.612081,70844.19905454466,70708.14586612835,0.19241515492980943,7.086553566182374e-13,0.004253524252382235,104,converged,gap_residual_and_feasibility
67,0.6569580530278702,IPOPT,1.0,1.0e-10,30.330896377563477,67086.52057305173,67086.52057257705,7.075690775105767e-10,9.999822581097106e-9,NaN,41,INTERRUPTED,gap_and_residual
67,0.6569580530278702,sMEL-ADMM,1.0,0.01,7.011963000000001,67449.14793355757,67086.52057257705,0.5405368438928286,7.076561558960748e-13,0.009263673218320001,103,converged,gap_residual_and_feasibility
68,0.47822060822139323,IPOPT,1.0,1.0e-10,30.236005783081055,73954.40140427207,73954.40140379817,6.407971159680786e-10,9.999821193318326e-9,NaN,40,INTERRUPTED,gap_and_residual
68,0.47822060822139323,sMEL-ADMM,1.0,0.01,6.407001,74189.7693640434,73954.40140379817,0.31826092264624023,7.087663789206999e-13,0.005962777425368104,104,converged,gap_residual_and_feasibility
69,0.290607237923707,IPOPT,1.0,1.0e-10,33.080101013183594,81163.33443418253,81163.33443371457,5.765663685195201e-10,9.999822692119409e-9,NaN,39,INTERRUPTED,gap_and_residual
69,0.290607237923707,sMEL-ADMM,1.0,0.01,9.454243,81325.03731145334,81163.33443371457,0.19923143728260254,7.107647803650252e-13,0.004690707570004449,105,converged,gap_residual_and_feasibility
70,0.314471201230871,IPOPT,1.0,1.0e-10,31.80408477783203,80246.37572789959,80246.37572743066,5.843696540600592e-10,9.999822803141711e-9,NaN,40,INTERRUPTED,gap_and_residual
70,0.314471201230871,sMEL-ADMM,1.0,0.01,8.174209999999999,80395.44208207008,80246.37572743066,0.18576085622327407,7.086553566182374e-13,0.004479060627099685,105,converged,gap_residual_and_feasibility
71,0.574193741399072,IPOPT,1.0,1.0e-10,27.104854583740234,70266.69040237713,70266.69040190453,6.725840482432352e-10,9.999824190920492e-9,NaN,37,INTERRUPTED,gap_and_residual
71,0.574193741399072,sMEL-ADMM,1.0,0.01,8.243956,70654.64405943091,70266.69040190453,0.5521160244027405,7.102096688527126e-13,0.009926165135057063,103,converged,gap_residual_and_feasibility
72,0.6458490394516732,IPOPT,1.0,1.0e-10,33.074140548706055,67513.37786351115,67513.37786303647,7.030954305268372e-10,9.999821137807174e-9,NaN,41,INTERRUPTED,gap_and_residual
72,0.6458490394516732,sMEL-ADMM,1.0,0.01,7.4516670000000005,67878.20542091629,67513.37786303647,0.5403781730784397,7.08988423525625e-13,0.009321700561017665,103,converged,gap_residual_and_feasibility
73,0.2971031068627258,IPOPT,1.0,1.0e-10,29.768943786621094,80913.7345038674,80913.73450339936,5.784348632064436e-10,9.999822470074804e-9,NaN,39,INTERRUPTED,gap_and_residual
73,0.2971031068627258,sMEL-ADMM,1.0,0.01,8.359124000000001,81072.21377975545,80913.73450339936,0.1958620218541829,7.067679774763747e-13,0.004636652526764706,105,converged,gap_residual_and_feasibility
74,0.6598603640769429,IPOPT,1.0,1.0e-10,36.17501258850098,66975.00098384787,66975.00098337317,7.087689730417485e-10,9.999821692918687e-9,NaN,41,INTERRUPTED,gap_and_residual
74,0.6598603640769429,sMEL-ADMM,1.0,0.01,6.816789999999999,67337.1098565928,66975.00098337317,0.5406627366971106,7.106537580625627e-13,0.009249965000268534,103,converged,gap_residual_and_feasibility
75,0.3793683115619419,IPOPT,1.0,1.0e-10,30.437946319580078,77752.742563753,77752.74256328326,6.041405204316261e-10,9.999822858652863e-9,NaN,37,INTERRUPTED,gap_and_residual
75,0.3793683115619419,sMEL-ADMM,1.0,0.01,11.284544,78111.50227764304,77752.74256328326,0.4614110094801935,7.096545573404001e-13,0.009177104837008287,104,converged,gap_residual_and_feasibility
76,0.6082901571998751,IPOPT,1.0,1.0e-10,28.42092514038086,68956.55574791045,68956.55574743844,6.844975321506557e-10,9.999823691320131e-9,NaN,37,INTERRUPTED,gap_and_residual
76,0.6082901571998751,sMEL-ADMM,1.0,0.01,8.789665000000001,69331.90721701815,68956.55574743844,0.544330362082577,7.107647803650252e-13,0.009597425461250864,103,converged,gap_residual_and_feasibility
77,0.7098282452565958,IPOPT,1.0,1.0e-10,38.00797462463379,65055.01463906167,65055.014638586676,7.3014562146451e-10,9.99982185945214e-9,NaN,41,INTERRUPTED,gap_and_residual
77,0.7098282452565958,sMEL-ADMM,1.0,0.01,10.575826,65412.523018638894,65055.014638586676,0.5495477666685,7.085443343157749e-13,0.00912578734114955,103,converged,gap_residual_and_feasibility
78,0.4365619816606586,IPOPT,1.0,1.0e-10,36.16690635681152,75555.10954419525,75555.1095437251,6.222521283302433e-10,9.999824357453946e-9,NaN,42,INTERRUPTED,gap_and_residual
78,0.4365619816606586,sMEL-ADMM,1.0,0.01,9.61037,75854.5320812096,75555.1095437251,0.3962968742851416,7.083222897108499e-13,0.007630832200983373,104,converged,gap_residual_and_feasibility
79,0.5079668477555298,IPOPT,1.0,1.0e-10,33.746957778930664,72811.41970550639,72811.41970503551,6.466992057935796e-10,9.99982274763056e-9,NaN,39,INTERRUPTED,gap_and_residual
79,0.5079668477555298,sMEL-ADMM,1.0,0.01,11.975249999999999,72984.517388521,72811.41970503551,0.23773425128463718,7.067679774763747e-13,0.0048531274113212675,104,converged,gap_residual_and_feasibility
80,0.5598125186475604,IPOPT,1.0,1.0e-10,35.87603569030762,70819.28039923718,70819.28039876591,6.654455848987597e-10,9.99982363580898e-9,NaN,39,INTERRUPTED,gap_and_residual
80,0.5598125186475604,sMEL-ADMM,1.0,0.01,9.545958,70956.54895783849,70819.28039876591,0.19382936158013567,7.097655796428626e-13,0.0042710267500343235,104,converged,gap_residual_and_feasibility
81,0.2851026186558792,IPOPT,1.0,1.0e-10,32.38391876220703,81374.8461808885,81374.84618042005,5.756757487356121e-10,9.999821748429838e-9,NaN,35,INTERRUPTED,gap_and_residual
81,0.2851026186558792,sMEL-ADMM,1.0,0.01,6.153206,81539.13576602038,81374.84618042005,0.20189234549958637,7.083222897108499e-13,0.0047340092968397585,105,converged,gap_residual_and_feasibility
82,0.634837436219009,IPOPT,1.0,1.0e-10,30.050992965698242,67936.49221900893,67936.49221853437,6.985237123897375e-10,9.99982180394099e-9,NaN,41,INTERRUPTED,gap_and_residual
82,0.634837436219009,sMEL-ADMM,1.0,0.01,8.39783,68303.81682414396,67936.49221853437,0.5406882127914284,7.0921046813055e-13,0.009387353603619863,103,converged,gap_residual_and_feasibility
83,0.5772616859633901,IPOPT,1.0,1.0e-10,30.14683723449707,70148.80644310081,70148.80644262921,6.722829548163545e-10,9.999823580297829e-9,NaN,38,INTERRUPTED,gap_and_residual
83,0.5772616859633901,sMEL-ADMM,1.0,0.01,7.872959000000001,70535.54153946783,70148.80644262921,0.5513067384188572,7.096545573404001e-13,0.009894407405713568,103,converged,gap_residual_and_feasibility
84,0.7338694255220637,IPOPT,1.0,1.0e-10,32.76991844177246,64131.24647574328,64131.24647526806,7.410145938704677e-10,9.999821470874082e-9,NaN,41,INTERRUPTED,gap_and_residual
84,0.7338694255220637,sMEL-ADMM,1.0,0.01,7.219665,64490.174113621644,64131.24647526806,0.5596766912865203,7.084333120133124e-13,0.009160473062204355,103,converged,gap_residual_and_feasibility
85,0.667927226597046,IPOPT,1.0,1.0e-10,33.53691101074219,66665.0365523328,66665.036551858,7.122172500450248e-10,9.99982185945214e-9,NaN,41,INTERRUPTED,gap_and_residual
85,0.667927226597046,sMEL-ADMM,1.0,0.01,5.797712,67025.83390532438,66665.036551858,0.5412092636981162,7.085443343157749e-13,0.009215195339413618,103,converged,gap_residual_and_feasibility
86,0.2860748221638096,IPOPT,1.0,1.0e-10,26.715993881225586,81337.48983486155,81337.48983439311,5.759222519285071e-10,9.999822581097106e-9,NaN,35,INTERRUPTED,gap_and_residual
86,0.2860748221638096,sMEL-ADMM,1.0,0.01,7.176242,81501.33255297113,81337.48983439311,0.20143567119124017,7.077671781985373e-13,0.004726541746130408,105,converged,gap_residual_and_feasibility
87,0.5781820038530925,IPOPT,1.0,1.0e-10,29.834985733032227,70113.44377133585,70113.4437708613,6.768352572484714e-10,9.999821470874082e-9,NaN,36,INTERRUPTED,gap_and_residual
87,0.5781820038530925,sMEL-ADMM,1.0,0.01,7.040838,70499.81567587648,70113.4437708613,0.551066791524165,7.082112674083874e-13,0.00988494085878866,103,converged,gap_residual_and_feasibility
88,0.432012774600436,IPOPT,1.0,1.0e-10,30.457019805908203,75729.9101406823,75729.91014020889,6.251393369514871e-10,9.99982141536293e-9,NaN,40,INTERRUPTED,gap_and_residual
88,0.432012774600436,sMEL-ADMM,1.0,0.01,8.061085,76035.0552746635,75729.91014020889,0.4029387251214899,7.074341112911497e-13,0.00777988958698872,104,converged,gap_residual_and_feasibility
89,0.7058821427020365,IPOPT,1.0,1.0e-10,30.802011489868164,65206.641300849464,65206.64130037448,7.284254786617577e-10,9.99982091576257e-9,NaN,41,INTERRUPTED,gap_and_residual
89,0.7058821427020365,sMEL-ADMM,1.0,0.01,5.724292,65564.2135383479,65206.64130037448,0.5483678208884653,7.067679774763747e-13,0.009127821053936058,103,converged,gap_residual_and_feasibility
90,0.6402641737169238,IPOPT,1.0,1.0e-10,31.141042709350586,67727.97303334894,67727.97303287438,7.006957955129566e-10,9.999821470874082e-9,NaN,41,INTERRUPTED,gap_and_residual
90,0.6402641737169238,sMEL-ADMM,1.0,0.01,6.670369,68094.02273032376,67727.97303287438,0.5404704748386769,7.074341112911497e-13,0.00935385769154895,103,converged,gap_residual_and_feasibility
91,0.29970048240485025,IPOPT,1.0,1.0e-10,30.858993530273438,80813.93188155426,80813.93188108626,5.79113198387812e-10,9.999822636608258e-9,NaN,39,INTERRUPTED,gap_and_residual
91,0.29970048240485025,sMEL-ADMM,1.0,0.01,7.727628999999999,80971.07490708934,80813.93188108626,0.19445041510206917,7.104317134576377e-13,0.004614263871673074,105,converged,gap_residual_and_feasibility
92,0.6147237871639953,IPOPT,1.0,1.0e-10,31.408071517944336,68709.34731347508,68709.34731300207,6.884216238342224e-10,9.999822248030199e-9,NaN,41,INTERRUPTED,gap_and_residual
92,0.6147237871639953,sMEL-ADMM,1.0,0.01,7.779549,69082.5503662081,68709.34731300207,0.5431619827589432,7.083222897108499e-13,0.009541290211302567,103,converged,gap_residual_and_feasibility
93,0.7082726144124791,IPOPT,1.0,1.0e-10,33.52689743041992,65114.78883616031,65114.78883568529,7.29508883148296e-10,9.999821248829477e-9,NaN,41,INTERRUPTED,gap_and_residual
93,0.7082726144124791,sMEL-ADMM,1.0,0.01,5.452914,65472.31534119317,65114.78883568529,0.5490711279277626,7.073230889886872e-13,0.00912640608960369,103,converged,gap_residual_and_feasibility
94,0.44084583992997217,IPOPT,1.0,1.0e-10,31.552791595458984,75390.50481840257,75390.50481793114,6.253093103391018e-10,9.999822359052501e-9,NaN,41,INTERRUPTED,gap_and_residual
94,0.44084583992997217,sMEL-ADMM,1.0,0.01,6.711454000000001,75684.23827627135,75390.50481793114,0.3896159855270648,7.096545573404001e-13,0.00748271596106409,104,converged,gap_residual_and_feasibility
95,0.5235754725976552,IPOPT,1.0,1.0e-10,28.838157653808594,72211.66750769038,72211.66750721807,6.540653731890239e-10,9.999823136208619e-9,NaN,37,INTERRUPTED,gap_and_residual
95,0.5235754725976552,sMEL-ADMM,1.0,0.01,9.06121,72364.99226274021,72211.66750721807,0.21232684525228573,7.086553566182374e-13,0.004526124919628671,104,converged,gap_residual_and_feasibility
96,0.3680746880558915,IPOPT,1.0,1.0e-10,28.882980346679688,78186.69338181589,78186.69338134608,6.008804859624765e-10,9.999823413764375e-9,NaN,35,INTERRUPTED,gap_and_residual
96,0.3680746880558915,sMEL-ADMM,1.0,0.01,8.606912,78555.12226179395,78186.69338134608,0.47121685866788615,7.088774012231625e-13,0.009428851522071735,104,converged,gap_residual_and_feasibility
97,0.4269410598146789,IPOPT,1.0,1.0e-10,31.96406364440918,75924.78778815122,75924.78778767798,6.233047848156411e-10,9.99982091576257e-9,NaN,40,INTERRUPTED,gap_and_residual
97,0.4269410598146789,sMEL-ADMM,1.0,0.01,8.407375,76236.04352534552,75924.78778767798,0.40995272655612736,7.093214904330125e-13,0.007939170944265439,104,converged,gap_residual_and_feasibility
98,0.378486962244526,IPOPT,1.0,1.0e-10,32.193899154663086,77786.60789112884,77786.60789065908,6.038962081329166e-10,9.999822969675165e-9,NaN,37,INTERRUPTED,gap_and_residual
98,0.378486962244526,sMEL-ADMM,1.0,0.01,6.755954,78146.15740317533,77786.60789065908,0.4622254681958147,7.104317134576377e-13,0.009197670807323033,104,converged,gap_residual_and_feasibility
99,0.3831254691752507,IPOPT,1.0,1.0e-10,28.34796905517578,77608.37599982315,77608.37599935337,6.053205897792285e-10,9.999823524786677e-9,NaN,37,INTERRUPTED,gap_and_residual
99,0.3831254691752507,sMEL-ADMM,1.0,0.01,8.12505,77963.7063345178,77608.37599935337,0.4578504969198024,7.085443343157749e-13,0.009087807782833579,104,converged,gap_residual_and_feasibility
100,0.3008810287993232,IPOPT,1.0,1.0e-10,30.33900260925293,80768.57008306975,80768.57008260165,5.795465447415517e-10,9.99982274763056e-9,NaN,39,INTERRUPTED,gap_and_residual
100,0.3008810287993232,sMEL-ADMM,1.0,0.01,7.672415,80925.09618705275,80768.57008260165,0.19379580979460254,7.075451335936123e-13,0.004603929361790549,105,converged,gap_residual_and_feasibility
101,0.5797498022421723,IPOPT,1.0,1.0e-10,32.30094909667969,70053.20204350007,70053.20204302845,6.732419915105153e-10,9.999822359052501e-9,NaN,38,INTERRUPTED,gap_and_residual
101,0.5797498022421723,sMEL-ADMM,1.0,0.01,6.984539,70438.95835281372,70053.20204302845,0.550661923416902,7.090994458280875e-13,0.009868894228270642,103,converged,gap_residual_and_feasibility
102,0.47987287140637647,IPOPT,1.0,1.0e-10,30.56502342224121,73890.91416650516,73890.91416603127,6.413279964935357e-10,9.999821526385233e-9,NaN,40,INTERRUPTED,gap_and_residual
102,0.47987287140637647,sMEL-ADMM,1.0,0.01,7.176961,74122.9077722208,73890.91416603127,0.31396770334745516,7.05546732149287e-13,0.005874845798682582,104,converged,gap_residual_and_feasibility
103,0.5766759856623691,IPOPT,1.0,1.0e-10,27.655839920043945,70171.31163150995,70171.31163103328,6.792840608804873e-10,9.999820582695662e-9,NaN,36,INTERRUPTED,gap_and_residual
103,0.5766759856623691,sMEL-ADMM,1.0,0.01,6.6235,70558.27855840363,70171.31163103328,0.5514603024738265,7.066569551739121e-13,0.009900449753703189,103,converged,gap_residual_and_feasibility
104,0.3265965602468832,IPOPT,1.0,1.0e-10,31.664133071899414,79780.46596373172,79780.46596326288,5.876728734056851e-10,9.999823302742072e-9,NaN,40,INTERRUPTED,gap_and_residual
104,0.3265965602468832,sMEL-ADMM,1.0,0.01,7.545954,79922.06924218632,79780.46596326288,0.17749116555504976,7.088774012231625e-13,0.0043542914542591404,105,converged,gap_residual_and_feasibility
105,0.2877345631746934,IPOPT,1.0,1.0e-10,28.671979904174805,81273.71526604675,81273.71526557917,5.753177870483212e-10,9.999822969675165e-9,NaN,36,INTERRUPTED,gap_and_residual
105,0.2877345631746934,sMEL-ADMM,1.0,0.01,7.201623,81436.78954096686,81273.71526557917,0.2006482352317769,7.065459328714496e-13,0.004713703159920257,105,converged,gap_residual_and_feasibility
106,0.4076044662419486,IPOPT,1.0,1.0e-10,29.14595603942871,76667.78498430413,76667.78498383379,6.13487143407692e-10,9.999822803141711e-9,NaN,37,INTERRUPTED,gap_and_residual
106,0.4076044662419486,sMEL-ADMM,1.0,0.01,6.917627,76999.30695067366,76667.78498383379,0.4324136492397472,7.085443343157749e-13,0.008467807487813839,104,converged,gap_residual_and_feasibility
107,0.3942240235967547,IPOPT,1.0,1.0e-10,26.525020599365234,77181.92059621032,77181.92059574029,6.089857031909496e-10,9.999822858652863e-9,NaN,35,INTERRUPTED,gap_and_residual
107,0.3942240235967547,sMEL-ADMM,1.0,0.01,6.490379,77526.83198780801,77181.92059574029,0.44688106930414345,7.097655796428626e-13,0.008816525400329733,104,converged,gap_residual_and_feasibility
108,0.30435898329264405,IPOPT,1.0,1.0e-10,30.366897583007812,80634.93173424821,80634.93173377994,5.807236021227371e-10,9.999823247230921e-9,NaN,39,INTERRUPTED,gap_and_residual
108,0.30435898329264405,sMEL-ADMM,1.0,0.01,7.63483,80789.5986332601,80634.93173377994,0.19181128594589572,7.090994458280875e-13,0.004572793295299249,105,converged,gap_residual_and_feasibility
109,0.7218622827320706,IPOPT,1.0,1.0e-10,33.718109130859375,64592.6138511939,64592.61385071875,7.356090854826852e-10,9.999821304340628e-9,NaN,41,INTERRUPTED,gap_and_residual
109,0.7218622827320706,sMEL-ADMM,1.0,0.01,8.137953999999999,64950.47283687604,64592.61385071875,0.5540246242153102,7.071010443837622e-13,0.009133781512944084,103,converged,gap_residual_and_feasibility
110,0.27564386083149683,IPOPT,1.0,1.0e-10,28.6710262298584,81738.29336801571,81738.29336754735,5.730092032067948e-10,9.999821692918687e-9,NaN,36,INTERRUPTED,gap_and_residual
110,0.27564386083149683,sMEL-ADMM,1.0,0.01,6.551044,81906.70727183713,81738.29336754735,0.20604039716426636,7.097655796428626e-13,0.004802753054018893,105,converged,gap_residual_and_feasibility
111,0.2982344394171331,IPOPT,1.0,1.0e-10,29.44493293762207,80870.26371814281,80870.2637176748,5.787277993906748e-10,9.999822470074804e-9,NaN,39,INTERRUPTED,gap_and_residual
111,0.2982344394171331,sMEL-ADMM,1.0,0.01,6.861461,81028.16519268158,80870.2637176748,0.19525282563444477,7.098766019453251e-13,0.004626970475460013,105,converged,gap_residual_and_feasibility
112,0.45835896323861985,IPOPT,1.0,1.0e-10,29.278039932250977,74717.57339098911,74717.57339051536,6.340571978945576e-10,9.99982180394099e-9,NaN,40,INTERRUPTED,gap_and_residual
112,0.45835896323861985,sMEL-ADMM,1.0,0.01,8.553332000000001,74986.4142744544,74717.57339051536,0.3598094420624731,7.077671781985373e-13,0.006834650163979217,104,converged,gap_residual_and_feasibility
113,0.4028724498439614,IPOPT,1.0,1.0e-10,26.540040969848633,76849.6099217038,76849.60992123258,6.131717771995915e-10,9.999822803141711e-9,NaN,34,INTERRUPTED,gap_and_residual
113,0.4028724498439614,sMEL-ADMM,1.0,0.01,7.479964000000001,77185.82501376091,76849.60992123258,0.43749746143531554,7.088774012231625e-13,0.008590076366103871,104,converged,gap_residual_and_feasibility
114,0.2651071537834009,IPOPT,1.0,1.0e-10,30.63201904296875,82143.16011789016,82143.16011742258,5.692283319140402e-10,9.99982230354135e-9,NaN,39,INTERRUPTED,gap_and_residual
114,0.2651071537834009,sMEL-ADMM,1.0,0.01,6.924125,82315.92490119227,82143.16011742258,0.21032156971161187,7.062128659640621e-13,0.004874164207231857,105,converged,gap_residual_and_feasibility
115,0.6275672376912599,IPOPT,1.0,1.0e-10,31.520843505859375,68215.84530678493,68215.8453063105,6.954925062646045e-10,9.999821970474443e-9,NaN,41,INTERRUPTED,gap_and_residual
115,0.6275672376912599,sMEL-ADMM,1.0,0.01,7.318626,68585.08810382102,68215.8453063105,0.5412859664092823,7.097655796428626e-13,0.009437663634043969,103,converged,gap_residual_and_feasibility
116,0.4394295920828867,IPOPT,1.0,1.0e-10,33.63204002380371,75444.92330609992,75444.92330562852,6.248389860683642e-10,9.999823025186316e-9,NaN,41,INTERRUPTED,gap_and_residual
116,0.4394295920828867,sMEL-ADMM,1.0,0.01,5.724498,75740.55334449939,75444.92330562852,0.391848816219582,7.08988423525625e-13,0.007532089435699163,104,converged,gap_residual_and_feasibility
117,0.5018577763993984,IPOPT,1.0,1.0e-10,29.866933822631836,73046.1571669767,73046.1571665045,6.464338653283765e-10,9.999822248030199e-9,NaN,39,INTERRUPTED,gap_and_residual
117,0.5018577763993984,sMEL-ADMM,1.0,0.01,6.845255,73231.41407717537,73046.1571665045,0.2536162309655611,7.082112674083874e-13,0.005054484610338861,104,converged,gap_residual_and_feasibility
118,0.4074662632732624,IPOPT,1.0,1.0e-10,31.211137771606445,76673.09535181208,76673.09535134233,6.126665075074295e-10,9.999823247230921e-9,NaN,41,INTERRUPTED,gap_and_residual
118,0.4074662632732624,sMEL-ADMM,1.0,0.01,10.012126,77004.75464477796,76673.09535134233,0.43256280696097393,7.093214904330125e-13,0.008471386099503153,104,converged,gap_residual_and_feasibility
119,0.37918253846973027,IPOPT,1.0,1.0e-10,32.30476379394531,77759.88078518356,77759.88078471375,6.041786309427831e-10,9.999823524786677e-9,NaN,37,INTERRUPTED,gap_and_residual
119,0.37918253846973027,sMEL-ADMM,1.0,0.01,8.321258,78118.80980999018,77759.88078471375,0.4615863883204311,7.062128659640621e-13,0.009181513601789648,104,converged,gap_residual_and_feasibility
120,0.5117878545049801,IPOPT,1.0,1.0e-10,32.20319747924805,72664.5997762022,72664.5997757312,6.481861066464676e-10,9.999823413764375e-9,NaN,39,INTERRUPTED,gap_and_residual
120,0.5117878545049801,sMEL-ADMM,1.0,0.01,6.934253,72831.02900966609,72664.5997757312,0.22903757049312895,7.072120666862247e-13,0.004742740970336001,104,converged,gap_residual_and_feasibility
121,0.41234322892859876,IPOPT,1.0,1.0e-10,30.698060989379883,76485.70082474586,76485.70082427464,6.160891694090643e-10,9.999821637407535e-9,NaN,40,INTERRUPTED,gap_and_residual
121,0.41234322892859876,sMEL-ADMM,1.0,0.01,8.787665,76812.46194008188,76485.70082427464,0.4272185680274682,7.117639810871879e-13,0.00834369551585723,104,converged,gap_residual_and_feasibility
122,0.6155623400488857,IPOPT,1.0,1.0e-10,33.01501274108887,68677.12641376058,68677.12641328892,6.867740411028053e-10,9.99982496807661e-9,NaN,43,INTERRUPTED,gap_and_residual
122,0.6155623400488857,sMEL-ADMM,1.0,0.01,7.0907469999999995,69050.05374059497,68677.12641328892,0.543015333900011,7.074341112911497e-13,0.009534082754870443,103,converged,gap_residual_and_feasibility
123,0.48329812891880236,IPOPT,1.0,1.0e-10,32.22393989562988,73759.30066807418,73759.30066760031,6.424526306615198e-10,9.99982091576257e-9,NaN,40,INTERRUPTED,gap_and_residual
123,0.48329812891880236,sMEL-ADMM,1.0,0.01,6.507709,73984.08742351437,73759.30066760031,0.304757168085242,7.072120666862247e-13,0.005708279738872335,104,converged,gap_residual_and_feasibility
124,0.7355612417107447,IPOPT,1.0,1.0e-10,30.0750732421875,64066.2394371523,64066.23943667704,7.418232747539235e-10,9.999821026784872e-9,NaN,41,INTERRUPTED,gap_and_residual
124,0.7355612417107447,sMEL-ADMM,1.0,0.01,7.123079,64425.374084889634,64066.23943667704,0.5605677051913802,7.085443343157749e-13,0.009165705524946999,103,converged,gap_residual_and_feasibility
125,0.5690418971693729,IPOPT,1.0,1.0e-10,27.482032775878906,70464.64697643975,70464.64697596704,6.708391151657814e-10,9.99982230354135e-9,NaN,37,INTERRUPTED,gap_and_residual
125,0.5690418971693729,sMEL-ADMM,1.0,0.01,6.949249999999999,70854.65891205645,70464.64697596704,0.553485971798626,7.088774012231625e-13,0.009979794123653352,103,converged,gap_residual_and_feasibility
126,0.6637632426879798,IPOPT,1.0,1.0e-10,30.550003051757812,66825.03517658051,66825.03517610575,7.104466657957322e-10,9.99982185945214e-9,NaN,41,INTERRUPTED,gap_and_residual
126,0.6637632426879798,sMEL-ADMM,1.0,0.01,8.373370999999999,67186.47759580628,66825.03517610575,0.5408787571125248,7.084333120133124e-13,0.009232318932047345,103,converged,gap_residual_and_feasibility
127,0.7388445526608314,IPOPT,1.0,1.0e-10,30.817031860351562,63940.080151606664,63940.08015113139,7.433097146464334e-10,9.999821026784872e-9,NaN,41,INTERRUPTED,gap_and_residual
127,0.7388445526608314,sMEL-ADMM,1.0,0.01,6.649047,64299.661573816506,63940.08015113139,0.5623724928639329,7.076561558960748e-13,0.009177033720309313,103,converged,gap_residual_and_feasibility
128,0.45898745728186313,IPOPT,1.0,1.0e-10,32.87696838378906,74693.42387829581,74693.42387782192,6.34457020074702e-10,9.99982097127372e-9,NaN,40,INTERRUPTED,gap_and_residual
128,0.45898745728186313,sMEL-ADMM,1.0,0.01,6.685253,74961.29673091041,74693.42387782192,0.3586297684340528,7.109868249699502e-13,0.006809440945813816,104,converged,gap_residual_and_feasibility
129,0.5535071590473105,IPOPT,1.0,1.0e-10,33.96892547607422,71061.56012064336,71061.5601201718,6.636068277884527e-10,9.999823469275526e-9,NaN,36,INTERRUPTED,gap_and_residual
129,0.5535071590473105,sMEL-ADMM,1.0,0.01,6.868956,71201.49640286728,71061.5601201718,0.1969226153476562,7.099876242477876e-13,0.004309445663720268,104,converged,gap_residual_and_feasibility
130,0.5917079739877212,IPOPT,1.0,1.0e-10,28.092145919799805,69593.71635153212,69593.71635105927,6.794434299862697e-10,9.999822858652863e-9,NaN,38,INTERRUPTED,gap_and_residual
130,0.5917079739877212,sMEL-ADMM,1.0,0.01,5.899997,69974.92230505415,69593.71635105927,0.5477591569789476,7.061018436615996e-13,0.009750237320379274,103,converged,gap_residual_and_feasibility
131,0.31860673180842025,IPOPT,1.0,1.0e-10,30.75385093688965,80087.47040612334,80087.47040565421,5.857653397665188e-10,9.99982319171977e-9,NaN,40,INTERRUPTED,gap_and_residual
131,0.31860673180842025,sMEL-ADMM,1.0,0.01,10.220953,80234.10813930619,80087.47040565421,0.18309697248425924,7.093214904330125e-13,0.004438437760226677,105,converged,gap_residual_and_feasibility
132,0.6178959239946523,IPOPT,1.0,1.0e-10,33.18476676940918,68587.45982785696,68587.45982738392,6.896874582015906e-10,9.999823136208619e-9,NaN,41,INTERRUPTED,gap_and_residual
132,0.6178959239946523,sMEL-ADMM,1.0,0.01,7.001873,68959.62877017146,68587.45982738392,0.5426195163433484,7.074341112911497e-13,0.009514254502505537,103,converged,gap_residual_and_feasibility
133,0.4200899438600634,IPOPT,1.0,1.0e-10,30.944108963012695,76188.03787538447,76188.03787491134,6.209982997549955e-10,9.99982135985178e-9,NaN,40,INTERRUPTED,gap_and_residual
133,0.4200899438600634,sMEL-ADMM,1.0,0.01,6.252827,76506.91001509149,76188.03787491134,0.41853307825525354,7.087663789206999e-13,0.008137858612026316,104,converged,gap_residual_and_feasibility
134,0.7189283106497677,IPOPT,1.0,1.0e-10,30.8988094329834,64705.349996914214,64705.34999643909,7.34293699346251e-10,9.999820582695662e-9,NaN,41,INTERRUPTED,gap_and_residual
134,0.7189283106497677,sMEL-ADMM,1.0,0.01,11.896374,65063.05169839548,64705.34999643909,0.5528162694059748,7.064349105689871e-13,0.009129962416612902,103,converged,gap_residual_and_feasibility
135,0.5448136363032521,IPOPT,1.0,1.0e-10,33.8129997253418,71395.60360142888,71395.60360095637,6.618268010188382e-10,9.999823358253224e-9,NaN,38,INTERRUPTED,gap_and_residual
135,0.5448136363032521,sMEL-ADMM,1.0,0.01,8.127376,71539.2035594019,71395.60360095637,0.20113277457269654,7.09432512735475e-13,0.0043655996277927045,104,converged,gap_residual_and_feasibility
136,0.5887466682633147,IPOPT,1.0,1.0e-10,28.87582778930664,69707.50277631881,69707.50277584598,6.78313470840852e-10,9.99982274763056e-9,NaN,38,INTERRUPTED,gap_and_residual
136,0.5887466682633147,sMEL-ADMM,1.0,0.01,7.169828,70089.81145067046,69707.50277584598,0.5484469527675496,7.086553566182374e-13,0.00977899906237889,103,converged,gap_residual_and_feasibility
137,0.6380105225406667,IPOPT,1.0,1.0e-10,33.64109992980957,67814.56824975944,67814.56824928492,6.997366730073053e-10,9.999821470874082e-9,NaN,41,INTERRUPTED,gap_and_residual
137,0.6380105225406667,sMEL-ADMM,1.0,0.01,6.8617870000000005,68181.1380029116,67814.56824928492,0.5405472055490775,7.071010443837622e-13,0.009367525873762994,103,converged,gap_residual_and_feasibility
138,0.44130812713571643,IPOPT,1.0,1.0e-10,31.53085708618164,75372.74170534986,75372.74170487841,6.254952903459461e-10,9.999822692119409e-9,NaN,41,INTERRUPTED,gap_and_residual
138,0.44130812713571643,sMEL-ADMM,1.0,0.01,7.665795,75665.85133634959,75372.74170487841,0.38888015062374287,7.090994458280875e-13,0.007466476582308146,104,converged,gap_residual_and_feasibility
139,0.45588925717142537,IPOPT,1.0,1.0e-10,30.701160430908203,74812.47038907475,74812.47038860102,6.332140161708046e-10,9.999821970474443e-9,NaN,40,INTERRUPTED,gap_and_residual
139,0.45588925717142537,sMEL-ADMM,1.0,0.01,6.368208,75085.05977306503,74812.47038860102,0.36436356538968445,7.084333120133124e-13,0.006932261755163149,104,converged,gap_residual_and_feasibility
140,0.6693401920646663,IPOPT,1.0,1.0e-10,31.005859375,66610.74418812929,66610.74418765448,7.128196025685348e-10,9.999821470874082e-9,NaN,41,INTERRUPTED,gap_and_residual
140,0.6693401920646663,sMEL-ADMM,1.0,0.01,7.378123,66971.33333013963,66610.74418765448,0.5413378080108417,7.083222897108499e-13,0.009209659703772077,103,converged,gap_residual_and_feasibility
141,0.3727969546091309,IPOPT,1.0,1.0e-10,29.896974563598633,78005.24307644958,78005.24307597768,6.049645387055209e-10,9.99982185945214e-9,NaN,38,INTERRUPTED,gap_and_residual
141,0.3727969546091309,sMEL-ADMM,1.0,0.01,8.904123,78369.70712732842,78005.24307597768,0.46723019758525314,7.098766019453251e-13,0.009325627122816482,104,converged,gap_residual_and_feasibility
142,0.311423540877235,IPOPT,1.0,1.0e-10,29.230117797851562,80363.48027835083,80363.48027788162,5.83862163511355e-10,9.999821970474443e-9,NaN,39,INTERRUPTED,gap_and_residual
142,0.311423540877235,sMEL-ADMM,1.0,0.01,7.6319159999999995,80514.26697319654,80363.48027788162,0.187630867644767,7.095435350379375e-13,0.0045078429904155115,105,converged,gap_residual_and_feasibility
143,0.3689221073740136,IPOPT,1.0,1.0e-10,26.06511116027832,78154.13179463855,78154.13179416872,6.011680715943112e-10,9.999822248030199e-9,NaN,35,INTERRUPTED,gap_and_residual
143,0.3689221073740136,sMEL-ADMM,1.0,0.01,7.005788,78521.851601627,78154.13179416872,0.4705059080263768,7.119860256921129e-13,0.009410390797546575,104,converged,gap_residual_and_feasibility
144,0.6667713250013764,IPOPT,1.0,1.0e-10,31.473875045776367,66709.45138896798,66709.45138849322,7.116776175547438e-10,9.999822803141711e-9,NaN,41,INTERRUPTED,gap_and_residual
144,0.6667713250013764,sMEL-ADMM,1.0,0.01,6.997747,67070.42277060795,66709.45138849322,0.5411098046850299,7.097655796428626e-13,0.009219819000618412,103,converged,gap_residual_and_feasibility
145,0.3266490723847228,IPOPT,1.0,1.0e-10,31.759977340698242,79778.44821582639,79778.4482153575,5.877424579915234e-10,9.999822803141711e-9,NaN,40,INTERRUPTED,gap_and_residual
145,0.3266490723847228,sMEL-ADMM,1.0,0.01,5.565204,79920.01729453144,79778.4482153575,0.17745278623593835,7.085443343157749e-13,0.004353720021940788,105,converged,gap_residual_and_feasibility
146,0.5075056707994856,IPOPT,1.0,1.0e-10,28.110980987548828,72829.14015787416,72829.14015739871,6.528358363546171e-10,9.99982097127372e-9,NaN,37,INTERRUPTED,gap_and_residual
146,0.5075056707994856,sMEL-ADMM,1.0,0.01,6.487295,73003.10714982609,72829.14015739871,0.23887003478470065,7.095435350379375e-13,0.0048675232553794245,104,converged,gap_residual_and_feasibility
147,0.49906318086579204,IPOPT,1.0,1.0e-10,29.83999252319336,73153.53785107152,73153.53785059707,6.485682826094519e-10,9.999821026784872e-9,NaN,40,INTERRUPTED,gap_and_residual
147,0.49906318086579204,sMEL-ADMM,1.0,0.01,8.908542,73344.66339875941,73153.53785059707,0.261266308886765,7.086553566182374e-13,0.005151632151736862,104,converged,gap_residual_and_feasibility
148,0.4998892561353326,IPOPT,1.0,1.0e-10,30.771970748901367,73121.79639636414,73121.79639588976,6.487503151060389e-10,9.999821026784872e-9,NaN,40,INTERRUPTED,gap_and_residual
148,0.4998892561353326,sMEL-ADMM,1.0,0.01,7.60954,73311.17638467683,73121.79639588976,0.25899252770233533,7.090994458280875e-13,0.0051227390592671895,104,converged,gap_residual_and_feasibility
149,0.6734987759783353,IPOPT,1.0,1.0e-10,31.993865966796875,66450.95305551779,66450.95305504298,7.145336825990763e-10,9.99982141536293e-9,NaN,41,INTERRUPTED,gap_and_residual
149,0.6734987759783353,sMEL-ADMM,1.0,0.01,8.202962,66810.97044029516,66450.95305504298,0.5417791148216828,7.05768776754212e-13,0.0091944271714397,103,converged,gap_residual_and_feasibility
150,0.4922995388024325,IPOPT,1.0,1.0e-10,29.631853103637695,73413.42680565792,73413.4268051834,6.463714123317707e-10,9.999821581896384e-9,NaN,40,INTERRUPTED,gap_and_residual
150,0.4922995388024325,sMEL-ADMM,1.0,0.01,6.816919,73618.94552860448,73413.4268051834,0.27994705105712225,7.076561558960748e-13,0.005389698526167663,104,converged,gap_residual_and_feasibility
151,0.40583408077264727,IPOPT,1.0,1.0e-10,28.493165969848633,76735.81100113333,76735.81100066344,6.123554159545293e-10,9.999823025186316e-9,NaN,37,INTERRUPTED,gap_and_residual
151,0.40583408077264727,sMEL-ADMM,1.0,0.01,5.698086,77069.0804517486,76735.81100066344,0.4343075895585134,7.103206911551752e-13,0.00851334130590431,104,converged,gap_residual_and_feasibility
152,0.6976975420004319,IPOPT,1.0,1.0e-10,32.17482566833496,65521.12975250323,65521.1297520283,7.248514473203307e-10,9.999822248030199e-9,NaN,41,INTERRUPTED,gap_and_residual
152,0.6976975420004319,sMEL-ADMM,1.0,0.01,8.453791,65879.00520670817,65521.1297520283,0.546198540889468,7.083222897108499e-13,0.009136484115831567,103,converged,gap_residual_and_feasibility
153,0.5384875751927349,IPOPT,1.0,1.0e-10,31.554222106933594,71638.67876614834,71638.6787656769,6.580780184339102e-10,9.99982407989819e-9,NaN,40,INTERRUPTED,gap_and_residual
153,0.5384875751927349,sMEL-ADMM,1.0,0.01,12.882042,71784.96223784889,71638.6787656769,0.20419621731224766,7.090994458280875e-13,0.004409873649132479,104,converged,gap_residual_and_feasibility
154,0.45177540245187103,IPOPT,1.0,1.0e-10,38.59114646911621,74970.54282879805,74970.54282832648,6.290062031033886e-10,9.999822581097106e-9,NaN,41,INTERRUPTED,gap_and_residual
154,0.45177540245187103,sMEL-ADMM,1.0,0.01,13.688672,75249.086230519,74970.54282832648,0.3715371286964647,7.064349105689871e-13,0.007087290252831058,104,converged,gap_residual_and_feasibility
155,0.31513095618435905,IPOPT,1.0,1.0e-10,32.39297866821289,80221.02503317942,80221.02503271047,5.84572460845687e-10,9.999822192519048e-9,NaN,40,INTERRUPTED,gap_and_residual
155,0.31513095618435905,sMEL-ADMM,1.0,0.01,5.768874,80369.71487899177,80221.02503271047,0.18535021987149627,7.084333120133124e-13,0.004472762432715882,105,converged,gap_residual_and_feasibility
156,0.7141190813251967,IPOPT,1.0,1.0e-10,30.06291389465332,64890.1417954482,64890.14179497313,7.321129024558254e-10,9.999821581896384e-9,NaN,41,INTERRUPTED,gap_and_residual
156,0.7141190813251967,sMEL-ADMM,1.0,0.01,6.582585,65247.67618372787,64890.14179497313,0.5509841385219971,7.071010443837622e-13,0.00912605958410384,103,converged,gap_residual_and_feasibility
157,0.7370589912366,IPOPT,1.0,1.0e-10,31.163930892944336,64008.68929554802,64008.68929507285,7.42353841552656e-10,9.999821637407535e-9,NaN,41,INTERRUPTED,gap_and_residual
157,0.7370589912366,sMEL-ADMM,1.0,0.01,7.006715,64368.02034145234,64008.68929507285,0.5613785414711677,7.095435350379375e-13,0.009170679952193228,103,converged,gap_residual_and_feasibility
158,0.6471971870200113,IPOPT,1.0,1.0e-10,31.82077407836914,67461.57608883391,67461.5760883593,7.035274636209995e-10,9.99982180394099e-9,NaN,41,INTERRUPTED,gap_and_residual
158,0.6471971870200113,sMEL-ADMM,1.0,0.01,7.288002,67826.12165376813,67461.5760883593,0.5403751091307998,7.078782005009998e-13,0.009314272098013165,103,converged,gap_residual_and_feasibility
159,0.29212223256792536,IPOPT,1.0,1.0e-10,31.76093101501465,81105.12165908275,81105.12165861485,5.76908427833186e-10,9.999822470074804e-9,NaN,39,INTERRUPTED,gap_and_residual
159,0.29212223256792536,sMEL-ADMM,1.0,0.01,6.924872000000001,81266.08464805807,81105.12165861485,0.19846217618751008,7.069900220812997e-13,0.0046782978784261076,105,converged,gap_residual_and_feasibility
160,0.5732602740042714,IPOPT,1.0,1.0e-10,27.66704559326172,70302.55833611803,70302.5583356453,6.724271908452539e-10,9.999822969675165e-9,NaN,37,INTERRUPTED,gap_and_residual
160,0.5732602740042714,sMEL-ADMM,1.0,0.01,6.88,70690.88436557479,70302.5583356453,0.5523640093942367,7.078782005009998e-13,0.009935868614977639,103,converged,gap_residual_and_feasibility
161,0.6887062912795798,IPOPT,1.0,1.0e-10,32.441139221191406,65866.61325508602,65866.61325461112,7.210052711257411e-10,9.999821637407535e-9,NaN,41,INTERRUPTED,gap_and_residual
161,0.6887062912795798,sMEL-ADMM,1.0,0.01,6.748533999999999,66225.0163126035,65866.61325461112,0.544134638602046,7.09432512735475e-13,0.009151048134986017,103,converged,gap_residual_and_feasibility
162,0.3405058283806921,IPOPT,1.0,1.0e-10,32.176971435546875,79246.01054452265,79246.01054405334,5.922239047846642e-10,9.999823247230921e-9,NaN,40,INTERRUPTED,gap_and_residual
162,0.3405058283806921,sMEL-ADMM,1.0,0.01,7.359038,79636.10427537277,79246.01054405334,0.4922566178931802,7.076561558960748e-13,0.009992975888729938,104,converged,gap_residual_and_feasibility
163,0.6410086425406687,IPOPT,1.0,1.0e-10,30.670166015625,67699.36725815965,67699.3672576851,7.009703734836623e-10,9.999822081496745e-9,NaN,41,INTERRUPTED,gap_and_residual
163,0.6410086425406687,sMEL-ADMM,1.0,0.01,5.980548,68065.24831115988,67699.3672576851,0.5404497387429509,7.081002451059248e-13,0.00934942356720403,103,converged,gap_residual_and_feasibility
164,0.4283971321810758,IPOPT,1.0,1.0e-10,30.96318244934082,75868.83906680263,75868.83906632932,6.238411561680049e-10,9.999821137807174e-9,NaN,40,INTERRUPTED,gap_and_residual
164,0.4283971321810758,sMEL-ADMM,1.0,0.01,7.087133,76178.3894469827,75868.83906632932,0.4080072721064746,7.087663789206999e-13,0.007894705623524456,104,converged,gap_residual_and_feasibility
165,0.4914159706602118,IPOPT,1.0,1.0e-10,30.508995056152344,73447.37739006712,73447.37738959289,6.45676377063456e-10,9.999821581896384e-9,NaN,40,INTERRUPTED,gap_and_residual
165,0.4914159706602118,sMEL-ADMM,1.0,0.01,7.206792,73654.79697759615,73447.37738959289,0.2824057105579568,7.083222897108499e-13,0.005421145599164845,104,converged,gap_residual_and_feasibility
166,0.42724344108893303,IPOPT,1.0,1.0e-10,31.599044799804688,75913.16896614437,75913.16896567108,6.234576916442913e-10,9.999821082296023e-9,NaN,40,INTERRUPTED,gap_and_residual
166,0.42724344108893303,sMEL-ADMM,1.0,0.01,7.685585,76224.07380536635,75913.16896567108,0.4095532355339644,7.069900220812997e-13,0.007930020846124486,104,converged,gap_residual_and_feasibility
167,0.7169519236985269,IPOPT,1.0,1.0e-10,32.70292282104492,64781.29149911142,64781.29149863639,7.332868946041415e-10,9.999821193318326e-9,NaN,41,INTERRUPTED,gap_and_residual
167,0.7169519236985269,sMEL-ADMM,1.0,0.01,8.730126,65138.911026428446,64781.29149863639,0.5520413679921521,7.067679774763747e-13,0.009128008963921297,103,converged,gap_residual_and_feasibility
168,0.6743571387965814,IPOPT,1.0,1.0e-10,31.63003921508789,66417.97097080656,66417.97097033178,7.148446892001669e-10,9.999822137007897e-9,NaN,41,INTERRUPTED,gap_and_residual
168,0.6743571387965814,sMEL-ADMM,1.0,0.01,7.087208,66777.87881927897,66417.97097033178,0.5418832338433732,7.066569551739121e-13,0.009191501996808737,103,converged,gap_residual_and_feasibility
169,0.565857985129107,IPOPT,1.0,1.0e-10,29.169082641601562,70586.98691753772,70586.98691706508,6.695939680392967e-10,9.99982319171977e-9,NaN,37,INTERRUPTED,gap_and_residual
169,0.565857985129107,sMEL-ADMM,1.0,0.01,5.962377,70721.72168669352,70586.98691706508,0.19087763270975944,7.078782005009998e-13,0.004234533869080792,104,converged,gap_residual_and_feasibility
170,0.32998097121127085,IPOPT,1.0,1.0e-10,31.25905990600586,79650.42196980282,79650.42196933394,5.886688971387118e-10,9.99982274763056e-9,NaN,40,INTERRUPTED,gap_and_residual
170,0.32998097121127085,sMEL-ADMM,1.0,0.01,7.754498,79789.80091925734,79650.42196933394,0.17498833838828776,7.096545573404001e-13,0.0043171281803022765,105,converged,gap_residual_and_feasibility
171,0.35567104558956225,IPOPT,1.0,1.0e-10,29.278039932250977,78663.29602333017,78663.29602285786,6.00421716921014e-10,9.999819972072999e-9,NaN,38,INTERRUPTED,gap_and_residual
171,0.35567104558956225,sMEL-ADMM,1.0,0.01,7.358709,79041.7133437127,78663.29602285786,0.48105957922852044,7.069900220812997e-13,0.009688916306710094,104,converged,gap_residual_and_feasibility
172,0.28202174125693824,IPOPT,1.0,1.0e-10,26.952028274536133,81493.22707670147,81493.22707623307,5.747680686795098e-10,9.999822470074804e-9,NaN,35,INTERRUPTED,gap_and_residual
172,0.28202174125693824,sMEL-ADMM,1.0,0.01,8.465876000000002,81658.8836065799,81493.22707623307,0.20327643939276008,7.097655796428626e-13,0.004756862477792723,105,converged,gap_residual_and_feasibility
173,0.6248570478655331,IPOPT,1.0,1.0e-10,30.798912048339844,68319.9827513659,68319.98275089145,6.94453694222401e-10,9.999822525585955e-9,NaN,41,INTERRUPTED,gap_and_residual
173,0.6248570478655331,sMEL-ADMM,1.0,0.01,6.762503,68689.9977506086,68319.98275089145,0.5415911784789288,7.088774012231625e-13,0.00945789329749347,103,converged,gap_residual_and_feasibility
174,0.6416488968442173,IPOPT,1.0,1.0e-10,30.42006492614746,67674.76586440468,67674.76586393006,7.013112038355014e-10,9.999821137807174e-9,NaN,41,INTERRUPTED,gap_and_residual
174,0.6416488968442173,sMEL-ADMM,1.0,0.01,9.650001,68040.5030697135,67674.76586393006,0.5404336477776618,7.087663789206999e-13,0.009345640847564063,103,converged,gap_residual_and_feasibility
175,0.6220200755047736,IPOPT,1.0,1.0e-10,30.61509132385254,68428.99174002989,68428.99173955781,6.898811014492081e-10,9.999823580297829e-9,NaN,41,INTERRUPTED,gap_and_residual
175,0.6220200755047736,sMEL-ADMM,1.0,0.01,6.9988339999999996,68799.86581806593,68428.99173955781,0.5419838420529004,7.083222897108499e-13,0.009480381331758325,103,converged,gap_residual_and_feasibility
176,0.4698354525371878,IPOPT,1.0,1.0e-10,29.84905242919922,74276.5960627708,74276.59606229687,6.380566696405451e-10,9.999821692918687e-9,NaN,40,INTERRUPTED,gap_and_residual
176,0.4698354525371878,sMEL-ADMM,1.0,0.01,7.362249,74527.08807801081,74276.59606229687,0.3372421852824959,7.095435350379375e-13,0.006356778531272811,104,converged,gap_residual_and_feasibility
177,0.536151780727208,IPOPT,1.0,1.0e-10,29.736042022705078,71728.43028997291,71728.43028949907,6.606020259381737e-10,9.999822192519048e-9,NaN,40,INTERRUPTED,gap_and_residual
177,0.536151780727208,sMEL-ADMM,1.0,0.01,7.606168,71875.7202042727,71728.43028949907,0.20534384229400127,7.076561558960748e-13,0.00442647542685215,104,converged,gap_residual_and_feasibility
178,0.6598428622803751,IPOPT,1.0,1.0e-10,30.93886375427246,66975.673480052,66975.67347957728,7.088053106920517e-10,9.999822414563653e-9,NaN,41,INTERRUPTED,gap_and_residual
178,0.6598428622803751,sMEL-ADMM,1.0,0.01,5.838373,67337.78543184444,66975.67347957728,0.5406619052178446,7.086553566182374e-13,0.009250046443861515,103,converged,gap_residual_and_feasibility
179,0.6795250761123668,IPOPT,1.0,1.0e-10,30.39383888244629,66219.39602940889,66219.39602893402,7.171201764507242e-10,9.999821248829477e-9,NaN,41,INTERRUPTED,gap_and_residual
179,0.6795250761123668,sMEL-ADMM,1.0,0.01,6.456252,66578.67140832708,66219.39602893402,0.5425530900887078,7.087663789206999e-13,0.009174586346505254,103,converged,gap_residual_and_feasibility
180,0.5521094226704861,IPOPT,1.0,1.0e-10,29.123783111572266,71115.26731602175,71115.26731554928,6.643743340486741e-10,9.99982180394099e-9,NaN,39,INTERRUPTED,gap_and_residual
180,0.5521094226704861,sMEL-ADMM,1.0,0.01,6.7298729999999995,71255.79213784884,71115.26731554928,0.19760148221903998,7.107647803650252e-13,0.004317920558513322,104,converged,gap_residual_and_feasibility
181,0.5782370790652038,IPOPT,1.0,1.0e-10,26.875972747802734,70111.3275388115,70111.32753833971,6.729121529768341e-10,9.999823469275526e-9,NaN,36,INTERRUPTED,gap_and_residual
181,0.5782370790652038,sMEL-ADMM,1.0,0.01,6.373077,70497.67775110494,70111.32753833971,0.5510524851408068,7.079892228034623e-13,0.00988437543608034,103,converged,gap_residual_and_feasibility
182,0.40371497167649495,IPOPT,1.0,1.0e-10,31.01491928100586,76817.23651751975,76817.23651704856,6.133923015961973e-10,9.999822969675165e-9,NaN,36,INTERRUPTED,gap_and_residual
182,0.40371497167649495,sMEL-ADMM,1.0,0.01,6.943286,77152.61525977303,76817.23651704856,0.436593085003826,7.098766019453251e-13,0.008568292524255394,104,converged,gap_residual_and_feasibility
183,0.40205388529910463,IPOPT,1.0,1.0e-10,32.70602226257324,76881.06278124765,76881.06278077653,6.127884273162988e-10,9.99982319171977e-9,NaN,34,INTERRUPTED,gap_and_residual
183,0.40205388529910463,sMEL-ADMM,1.0,0.01,6.798371,77218.08971490766,76881.06278077653,0.4383744474138653,7.077671781985373e-13,0.008611218429867895,104,converged,gap_residual_and_feasibility
184,0.7257182585068565,IPOPT,1.0,1.0e-10,32.02509880065918,64444.45025772875,64444.45025725361,7.372890267235078e-10,9.999823524786677e-9,NaN,41,INTERRUPTED,gap_and_residual
184,0.7257182585068565,sMEL-ADMM,1.0,0.01,8.098167,64802.57739080199,64444.45025725361,0.5557144674503203,7.109868249699502e-13,0.009140399211436279,103,converged,gap_residual_and_feasibility
185,0.5729808186226945,IPOPT,1.0,1.0e-10,29.588937759399414,70313.29624422896,70313.29624375622,6.723245010017632e-10,9.999823080697468e-9,NaN,37,INTERRUPTED,gap_and_residual
185,0.5729808186226945,sMEL-ADMM,1.0,0.01,5.904166,70701.7339908329,70313.29624375622,0.5524385398318894,7.119860256921129e-13,0.009938779687215682,103,converged,gap_residual_and_feasibility
186,0.6571502256703907,IPOPT,1.0,1.0e-10,38.00511360168457,67079.13645267743,67079.13645220269,7.077337418446314e-10,9.999822081496745e-9,NaN,41,INTERRUPTED,gap_and_residual
186,0.6571502256703907,sMEL-ADMM,1.0,0.01,7.0375380000000005,67441.72907901394,67079.13645220269,0.5405445657005712,7.083222897108499e-13,0.009262755229373143,103,converged,gap_residual_and_feasibility
187,0.2988907238023391,IPOPT,1.0,1.0e-10,36.12995147705078,80845.04637796065,80845.04637749254,5.790163158301147e-10,9.999822803141711e-9,NaN,39,INTERRUPTED,gap_and_residual
187,0.2988907238023391,sMEL-ADMM,1.0,0.01,6.916499000000001,81002.60906645928,80845.04637749254,0.19489467323825874,7.082112674083874e-13,0.004621294513114549,105,converged,gap_residual_and_feasibility
188,0.5787092273436174,IPOPT,1.0,1.0e-10,27.878999710083008,70093.18551986216,70093.18551938937,6.74518817009471e-10,9.999822969675165e-9,NaN,37,INTERRUPTED,gap_and_residual
188,0.5787092273436174,sMEL-ADMM,1.0,0.01,7.762339,70479.34996774913,70093.18551938937,0.5509300875659888,7.073230889886872e-13,0.009879533286889508,103,converged,gap_residual_and_feasibility
189,0.31471485360840035,IPOPT,1.0,1.0e-10,33.28704833984375,80237.01352908934,80237.01352862042,5.844197031979887e-10,9.999821970474443e-9,NaN,40,INTERRUPTED,gap_and_residual
189,0.31471485360840035,sMEL-ADMM,1.0,0.01,7.098756000000001,80385.94092133387,80237.01352862042,0.1856093418286648,7.076561558960748e-13,0.004476736042752449,105,converged,gap_residual_and_feasibility
190,0.4416232078614311,IPOPT,1.0,1.0e-10,37.348031997680664,75360.63491441547,75360.63491394403,6.255764673317135e-10,9.999822858652863e-9,NaN,41,INTERRUPTED,gap_and_residual
190,0.4416232078614311,sMEL-ADMM,1.0,0.01,6.988628,75653.3193668607,75360.63491394403,0.3883784329191135,7.081002451059248e-13,0.007455408543620479,104,converged,gap_residual_and_feasibility
191,0.6005352047199224,IPOPT,1.0,1.0e-10,28.70488166809082,69254.53522021363,69254.5352197407,6.828761344020828e-10,9.999822137007897e-9,NaN,38,INTERRUPTED,gap_and_residual
191,0.6005352047199224,sMEL-ADMM,1.0,0.01,6.502997,69632.56897456464,69254.5352197407,0.5458613701246474,7.074341112911497e-13,0.009667462369530977,103,converged,gap_residual_and_feasibility
192,0.7076531391607754,IPOPT,1.0,1.0e-10,34.584999084472656,65138.5918071113,65138.59180663635,7.291306060673078e-10,9.999821248829477e-9,NaN,41,INTERRUPTED,gap_and_residual
192,0.7076531391607754,sMEL-ADMM,1.0,0.01,6.521418000000001,65496.1280969798,65138.59180663635,0.5488855076953394,7.076561558960748e-13,0.009126719453580567,103,converged,gap_residual_and_feasibility
193,0.5291165347789952,IPOPT,1.0,1.0e-10,29.772043228149414,71998.75546353983,71998.75546306845,6.547060250705035e-10,9.999823580297829e-9,NaN,36,INTERRUPTED,gap_and_residual
193,0.5291165347789952,sMEL-ADMM,1.0,0.01,7.09499,72149.1483159852,71998.75546306845,0.2088825729687844,7.088774012231625e-13,0.00447766501316238,104,converged,gap_residual_and_feasibility
194,0.5486329482967962,IPOPT,1.0,1.0e-10,32.305002212524414,71248.84879212186,71248.84879164759,6.656613112583108e-10,9.99982230354135e-9,NaN,39,INTERRUPTED,gap_and_residual
194,0.5486329482967962,sMEL-ADMM,1.0,0.01,6.927791,71390.83978839677,71248.84879164759,0.1992888294439775,7.084333120133124e-13,0.004339047651185979,104,converged,gap_residual_and_feasibility
195,0.6737921697574221,IPOPT,1.0,1.0e-10,31.605958938598633,66439.67957270857,66439.67957223378,7.146111197597433e-10,9.999821581896384e-9,NaN,41,INTERRUPTED,gap_and_residual
195,0.6737921697574221,sMEL-ADMM,1.0,0.01,6.882662000000001,66799.6592515057,66439.67957223378,0.5418142916847462,7.078782005009998e-13,0.009193420456547252,103,converged,gap_residual_and_feasibility
196,0.727877071316607,IPOPT,1.0,1.0e-10,33.0049991607666,64361.499149580515,64361.499149105395,7.38205353336276e-10,9.999821304340628e-9,NaN,41,INTERRUPTED,gap_and_residual
196,0.727877071316607,sMEL-ADMM,1.0,0.01,7.752578000000001,64719.807032898076,64361.499149105395,0.5567115255699585,7.086553566182374e-13,0.009144901341062495,103,converged,gap_residual_and_feasibility
197,0.47101899642154893,IPOPT,1.0,1.0e-10,31.117916107177734,74231.11908750627,74231.11908703228,6.385455864916339e-10,9.999820860251418e-9,NaN,40,INTERRUPTED,gap_and_residual
197,0.47101899642154893,sMEL-ADMM,1.0,0.01,6.936378,74479.59267545085,74231.11908703228,0.3347296813985203,7.087663789206999e-13,0.0063042036460149165,104,converged,gap_residual_and_feasibility
198,0.4577939758609182,IPOPT,1.0,1.0e-10,34.947872161865234,74739.28269753871,74739.28269706496,6.338730251064018e-10,9.999820638206813e-9,NaN,40,INTERRUPTED,gap_and_residual
198,0.4577939758609182,sMEL-ADMM,1.0,0.01,8.930752,75008.98518030111,74739.28269706496,0.36085773572287805,7.085443343157749e-13,0.006857086930710965,104,converged,gap_residual_and_feasibility
199,0.5179844692322875,IPOPT,1.0,1.0e-10,31.255006790161133,72426.49851236453,72426.49851189017,6.549582574897321e-10,9.999820860251418e-9,NaN,36,INTERRUPTED,gap_and_residual
199,0.5179844692322875,sMEL-ADMM,1.0,0.01,7.372381,72584.50384793122,72426.49851189017,0.21815956768241862,7.072120666862247e-13,0.004603516315938805,104,converged,gap_residual_and_feasibility
200,0.679071389215045,IPOPT,1.0,1.0e-10,36.34285926818848,66236.82868068611,66236.82868021126,7.169094704468157e-10,9.999822414563653e-9,NaN,41,INTERRUPTED,gap_and_residual
200,0.679071389215045,sMEL-ADMM,1.0,0.01,6.5468779999999995,66596.15626400347,66236.82868021126,0.5424891121026205,7.107647803650252e-13,0.009175985441834178,103,converged,gap_residual_and_feasibility
201,0.48328035494737603,IPOPT,1.0,1.0e-10,29.139041900634766,73759.98362243656,73759.98362196275,6.423677671405327e-10,9.999821304340628e-9,NaN,40,INTERRUPTED,gap_and_residual
201,0.48328035494737603,sMEL-ADMM,1.0,0.01,8.350121,73984.80791782355,73759.98362196275,0.3048052410275467,7.082112674083874e-13,0.00570889995840318,104,converged,gap_residual_and_feasibility
202,0.4308406929861618,IPOPT,1.0,1.0e-10,30.91597557067871,75774.94668498347,75774.94668451003,6.248061960717919e-10,9.99982230354135e-9,NaN,40,INTERRUPTED,gap_and_residual
202,0.4308406929861618,sMEL-ADMM,1.0,0.01,7.992964,76081.54495847771,75774.94668451003,0.40461694449513724,7.08988423525625e-13,0.007817756217610827,104,converged,gap_residual_and_feasibility
203,0.40303175435807265,IPOPT,1.0,1.0e-10,26.942014694213867,76843.48873976595,76843.48873929465,6.133153065187644e-10,9.999822414563653e-9,NaN,34,INTERRUPTED,gap_and_residual
203,0.40303175435807265,sMEL-ADMM,1.0,0.01,7.172376,77179.54546750983,76843.48873929465,0.43732622467898086,7.093214904330125e-13,0.008585952108743466,104,converged,gap_residual_and_feasibility
204,0.39071587928589263,IPOPT,1.0,1.0e-10,26.37004852294922,77316.71897095538,77316.7189704839,6.098060803370058e-10,9.999822414563653e-9,NaN,34,INTERRUPTED,gap_and_residual
204,0.39071587928589263,sMEL-ADMM,1.0,0.01,7.72521,77665.02441884107,77316.7189704839,0.450491760378688,7.093214904330125e-13,0.00890489669822958,104,converged,gap_residual_and_feasibility
205,0.5899126705574803,IPOPT,1.0,1.0e-10,29.20985221862793,69662.699826305,69662.69982583217,6.787497221576077e-10,9.999822636608258e-9,NaN,38,INTERRUPTED,gap_and_residual
205,0.5899126705574803,sMEL-ADMM,1.0,0.01,7.311339,70044.57250614415,69662.69982583217,0.5481738164996782,7.069900220812997e-13,0.009767627752041763,103,converged,gap_residual_and_feasibility
206,0.6773622748625316,IPOPT,1.0,1.0e-10,36.720991134643555,66302.50039101341,66302.50039053867,7.160237994251957e-10,9.99982274763056e-9,NaN,41,INTERRUPTED,gap_and_residual
206,0.6773622748625316,sMEL-ADMM,1.0,0.01,5.660166,66662.03114253518,66302.50039053867,0.5422582102918978,7.079892228034623e-13,0.009181424566393148,103,converged,gap_residual_and_feasibility
207,0.7036203850888478,IPOPT,1.0,1.0e-10,32.27400779724121,65293.548002314885,65293.548001839874,7.275005071382855e-10,9.999822192519048e-9,NaN,41,INTERRUPTED,gap_and_residual
207,0.7036203850888478,sMEL-ADMM,1.0,0.01,6.074204,65651.18251948078,65293.548001839874,0.5477333191187952,7.087663789206999e-13,0.009129655541703419,103,converged,gap_residual_and_feasibility
208,0.3438259543065081,IPOPT,1.0,1.0e-10,31.486034393310547,79118.43666526176,79118.4366647923,5.933627571173337e-10,9.99982230354135e-9,NaN,40,INTERRUPTED,gap_and_residual
208,0.3438259543065081,sMEL-ADMM,1.0,0.01,7.732495,79506.06376980507,79118.4366647923,0.4899327152469671,7.083222897108499e-13,0.009928739431983358,104,converged,gap_residual_and_feasibility
209,0.6415128048922303,IPOPT,1.0,1.0e-10,32.23299980163574,67679.99511734242,67679.99511686782,7.012355164010249e-10,9.999821193318326e-9,NaN,41,INTERRUPTED,gap_and_residual
209,0.6415128048922303,sMEL-ADMM,1.0,0.01,6.7123740000000005,68045.76280676606,67679.99511686782,0.5404369330503569,7.078782005009998e-13,0.00934644252254424,103,converged,gap_residual_and_feasibility
210,0.6727190039859672,IPOPT,1.0,1.0e-10,31.368017196655273,66480.91533412655,66480.91533365172,7.142335383298468e-10,9.999821748429838e-9,NaN,41,INTERRUPTED,gap_and_residual
210,0.6727190039859672,sMEL-ADMM,1.0,0.01,6.476497999999999,66841.03424666669,66480.91533365172,0.5416876575895837,7.064349105689871e-13,0.00919713674739231,103,converged,gap_residual_and_feasibility
211,0.5310794710330728,IPOPT,1.0,1.0e-10,29.80804443359375,71923.3307964454,71923.33079597149,6.589130647836567e-10,9.99982141536293e-9,NaN,40,INTERRUPTED,gap_and_residual
211,0.5310794710330728,sMEL-ADMM,1.0,0.01,7.164582,72072.83089553112,71923.33079597149,0.20786036728989804,7.090994458280875e-13,0.004462930446024416,104,converged,gap_residual_and_feasibility
212,0.30144837171134986,IPOPT,1.0,1.0e-10,29.9530029296875,80746.77026650385,80746.7702660357,5.797750959814012e-10,9.999822470074804e-9,NaN,39,INTERRUPTED,gap_and_residual
212,0.30144837171134986,sMEL-ADMM,1.0,0.01,7.052542,80902.99746852275,80746.7702660357,0.1934779582791073,7.079892228034623e-13,0.004598922584758469,105,converged,gap_residual_and_feasibility
213,0.6339816357758634,IPOPT,1.0,1.0e-10,31.234025955200195,67969.3758459691,67969.37584549455,6.9818576617653e-10,9.999820860251418e-9,NaN,41,INTERRUPTED,gap_and_residual
213,0.6339816357758634,sMEL-ADMM,1.0,0.01,7.271878,68336.90848395473,67969.37584549455,0.5407326959947976,7.0921046813055e-13,0.009392815737124915,103,converged,gap_residual_and_feasibility
214,0.7109586819183666,IPOPT,1.0,1.0e-10,29.78682518005371,65011.5782774829,65011.57827700784,7.30734181719252e-10,9.999822025985594e-9,NaN,41,INTERRUPTED,gap_and_residual
214,0.7109586819183666,sMEL-ADMM,1.0,0.01,7.325667,65369.08098182927,65011.57827700784,0.549906207934453,7.090994458280875e-13,0.00912553297494012,103,converged,gap_residual_and_feasibility
215,0.4813756678518224,IPOPT,1.0,1.0e-10,30.426979064941406,73833.17009999421,73833.17009952034,6.418098625019172e-10,9.999822359052501e-9,NaN,40,INTERRUPTED,gap_and_residual
215,0.4813756678518224,sMEL-ADMM,1.0,0.01,7.151545,74062.01350780307,73833.17009952034,0.3099466106822582,7.077671781985373e-13,0.0057927486209132795,104,converged,gap_residual_and_feasibility
216,0.41914775752880257,IPOPT,1.0,1.0e-10,28.9609432220459,76224.24082911298,76224.24082863999,6.205315362158596e-10,9.999821637407535e-9,NaN,40,INTERRUPTED,gap_and_residual
216,0.41914775752880257,sMEL-ADMM,1.0,0.01,5.904916,76544.08779532507,76224.24082863999,0.419613187626409,7.081002451059248e-13,0.008163297255672441,104,converged,gap_residual_and_feasibility
217,0.4467489922083813,IPOPT,1.0,1.0e-10,29.81877326965332,75163.6796759678,75163.67967549634,6.272350576821544e-10,9.999823580297829e-9,NaN,41,INTERRUPTED,gap_and_residual
217,0.4467489922083813,sMEL-ADMM,1.0,0.01,7.209497,75449.35665451943,75163.67967549634,0.38007316865864127,7.099876242477876e-13,0.007273001107087063,104,converged,gap_residual_and_feasibility
218,0.27903497922784426,IPOPT,1.0,1.0e-10,25.69890022277832,81607.99164497224,81607.99164450384,5.739597776294719e-10,9.999822636608258e-9,NaN,35,INTERRUPTED,gap_and_residual
218,0.27903497922784426,sMEL-ADMM,1.0,0.01,7.314248,81774.93423100244,81607.99164450384,0.20456646847262566,7.079892228034623e-13,0.0047783306880564425,105,converged,gap_residual_and_feasibility
219,0.48174303509772726,IPOPT,1.0,1.0e-10,29.553890228271484,73819.05423037942,73819.05422990552,6.419720169416771e-10,9.999821193318326e-9,NaN,40,INTERRUPTED,gap_and_residual
219,0.48174303509772726,sMEL-ADMM,1.0,0.01,6.883088,74047.12477002322,73819.05422990552,0.3089589029512393,7.063238882665246e-13,0.005772606687432957,104,converged,gap_residual_and_feasibility
220,0.5214706473936707,IPOPT,1.0,1.0e-10,28.3050537109375,72292.54417395212,72292.54417347658,6.578023268992545e-10,9.99982002758415e-9,NaN,36,INTERRUPTED,gap_and_residual
220,0.5214706473936707,sMEL-ADMM,1.0,0.01,8.551042,72447.32397777315,72292.54417347658,0.21410202956083052,7.087663789206999e-13,0.004550198071830991,104,converged,gap_residual_and_feasibility
221,0.7335473554357355,IPOPT,1.0,1.0e-10,31.533002853393555,64143.62182873436,64143.62182825911,7.409170014061421e-10,9.999822137007897e-9,NaN,41,INTERRUPTED,gap_and_residual
221,0.7335473554357355,sMEL-ADMM,1.0,0.01,8.679872999999999,64502.51179765917,64143.62182825911,0.5595099858267626,7.05324687544362e-13,0.009159522364045602,103,converged,gap_residual_and_feasibility
222,0.6916613307311289,IPOPT,1.0,1.0e-10,29.967784881591797,65753.06760813572,65753.06760766079,7.222946009790051e-10,9.999822525585955e-9,NaN,41,INTERRUPTED,gap_and_residual
222,0.6916613307311289,sMEL-ADMM,1.0,0.01,8.547492,66111.27250100057,65753.06760766079,0.5447729001438112,7.068789997788372e-13,0.009145617135463913,103,converged,gap_residual_and_feasibility
223,0.25539152868603804,IPOPT,1.0,1.0e-10,25.568008422851562,82516.47727838931,82516.47727791885,5.701448181659044e-10,9.999820416162208e-9,NaN,35,INTERRUPTED,gap_and_residual
223,0.25539152868603804,sMEL-ADMM,1.0,0.01,7.432173000000001,82693.15767371368,82516.47727791885,0.21411529142205368,7.075451335936123e-13,0.004938280146925322,105,converged,gap_residual_and_feasibility
224,0.6193980909925685,IPOPT,1.0,1.0e-10,29.870986938476562,68529.73994749582,68529.73994702287,6.9014094786113e-10,9.999823025186316e-9,NaN,41,INTERRUPTED,gap_and_residual
224,0.6193980909925685,sMEL-ADMM,1.0,0.01,7.703166,68901.43019388503,68529.73994702287,0.5423780203302857,7.088774012231625e-13,0.00950173518867592,103,converged,gap_residual_and_feasibility
225,0.4249164772691855,IPOPT,1.0,1.0e-10,29.4339656829834,76002.58117761408,76002.58117714082,6.226859400392149e-10,9.999821248829477e-9,NaN,40,INTERRUPTED,gap_and_residual
225,0.4249164772691855,sMEL-ADMM,1.0,0.01,6.607335,76316.15679706233,76002.58117714082,0.4125854873147702,7.075451335936123e-13,0.007999674552759184,104,converged,gap_residual_and_feasibility
226,0.5242618047367972,IPOPT,1.0,1.0e-10,27.004003524780273,72185.29560029646,72185.29559982415,6.543043269996023e-10,9.999823080697468e-9,NaN,37,INTERRUPTED,gap_and_residual
226,0.5242618047367972,sMEL-ADMM,1.0,0.01,5.501864,72338.19683321024,72185.29559982415,0.21181770070421482,7.074341112911497e-13,0.004519118222622964,104,converged,gap_residual_and_feasibility
227,0.5096119509145286,IPOPT,1.0,1.0e-10,28.45907211303711,72748.20758751238,72748.20758704141,6.474011552828791e-10,9.999823857853585e-9,NaN,39,INTERRUPTED,gap_and_residual
227,0.5096119509145286,sMEL-ADMM,1.0,0.01,8.015415999999998,72918.29784476907,72748.20758704141,0.23380680207708032,7.0921046813055e-13,0.004803331896777507,104,converged,gap_residual_and_feasibility
228,0.3473542550483387,IPOPT,1.0,1.0e-10,28.781890869140625,78982.86379155354,78982.86379108456,5.937732584884374e-10,9.999823302742072e-9,NaN,40,INTERRUPTED,gap_and_residual
228,0.3473542550483387,sMEL-ADMM,1.0,0.01,6.21521,79367.84930387397,78982.86379108456,0.48742916413834575,7.082112674083874e-13,0.009859950253712668,104,converged,gap_residual_and_feasibility
229,0.26996113054038284,IPOPT,1.0,1.0e-10,25.79498291015625,81956.6489256745,81956.64892520681,5.706480311942574e-10,9.999821970474443e-9,NaN,35,INTERRUPTED,gap_and_residual
229,0.26996113054038284,sMEL-ADMM,1.0,0.01,6.515919,82127.48597321146,81956.64892520681,0.20844806400094304,7.069900220812997e-13,0.004842595409309425,105,converged,gap_residual_and_feasibility
230,0.5346397293296712,IPOPT,1.0,1.0e-10,29.933929443359375,71786.52997255599,71786.52997208213,6.600876456427023e-10,9.999822803141711e-9,NaN,40,INTERRUPTED,gap_and_residual
230,0.5346397293296712,sMEL-ADMM,1.0,0.01,8.119374,71934.47510007388,71786.52997208213,0.20609037384768034,7.090994458280875e-13,0.00443728274223254,104,converged,gap_residual_and_feasibility
231,0.2927911249310339,IPOPT,1.0,1.0e-10,29.01005744934082,81079.41986479047,81079.41986432251,5.771630960074722e-10,9.999822581097106e-9,NaN,39,INTERRUPTED,gap_and_residual
231,0.2927911249310339,sMEL-ADMM,1.0,0.01,8.920869,81240.05563531679,81079.41986432251,0.1981215100738122,7.085443343157749e-13,0.004672810767413438,105,converged,gap_residual_and_feasibility
232,0.3301746232440883,IPOPT,1.0,1.0e-10,29.64496612548828,79642.98100472937,79642.98100426054,5.886690815885492e-10,9.999822581097106e-9,NaN,40,INTERRUPTED,gap_and_residual
232,0.3301746232440883,sMEL-ADMM,1.0,0.01,7.509709,79782.23260128932,79642.98100426054,0.17484478264485015,7.093214904330125e-13,0.0043150007470913465,105,converged,gap_residual_and_feasibility
233,0.5144846310407235,IPOPT,1.0,1.0e-10,27.619123458862305,72560.97772937398,72560.97772890171,6.508565231657693e-10,9.999823080697468e-9,NaN,37,INTERRUPTED,gap_and_residual
233,0.5144846310407235,sMEL-ADMM,1.0,0.01,7.362372,72723.35476768353,72560.97772890171,0.22378011413860252,7.095435350379375e-13,0.004675737406413916,104,converged,gap_residual_and_feasibility
234,0.5810940887675267,IPOPT,1.0,1.0e-10,28.412818908691406,70001.54862712069,70001.54862664925,6.734685259147632e-10,9.999823358253224e-9,NaN,39,INTERRUPTED,gap_and_residual
234,0.5810940887675267,sMEL-ADMM,1.0,0.01,7.750878999999999,70386.78041005383,70001.54862664925,0.5503189443125072,7.079892228034623e-13,0.009855220302471213,103,converged,gap_residual_and_feasibility
235,0.4142308251692761,IPOPT,1.0,1.0e-10,27.885913848876953,76413.17105320205,76413.17105272914,6.188830205268333e-10,9.99982141536293e-9,NaN,38,INTERRUPTED,gap_and_residual
235,0.4142308251692761,sMEL-ADMM,1.0,0.01,7.675371999999999,76738.023073571,76413.17105272914,0.4251256902003164,7.072120666862247e-13,0.008293897961963226,104,converged,gap_residual_and_feasibility
236,0.6736026595875437,IPOPT,1.0,1.0e-10,29.588937759399414,66446.96138914289,66446.96138866813,7.144890065754512e-10,9.99982407989819e-9,NaN,41,INTERRUPTED,gap_and_residual
236,0.6736026595875437,sMEL-ADMM,1.0,0.01,5.921292,66806.96539187265,66446.96138866813,0.5417915216600361,7.082112674083874e-13,0.009194069909642666,103,converged,gap_residual_and_feasibility
237,0.41628705442669245,IPOPT,1.0,1.0e-10,28.782129287719727,76334.16165750797,76334.16165703755,6.162637453214833e-10,9.99982274763056e-9,NaN,40,INTERRUPTED,gap_and_residual
237,0.41628705442669245,sMEL-ADMM,1.0,0.01,7.21625,76656.9211025667,76334.16165703755,0.4228243797047035,7.093214904330125e-13,0.008239300084602497,104,converged,gap_residual_and_feasibility
238,0.28137939271995516,IPOPT,1.0,1.0e-10,25.315046310424805,81517.90894014029,81517.90893967186,5.746297436895645e-10,9.999821748429838e-9,NaN,35,INTERRUPTED,gap_and_residual
238,0.28137939271995516,sMEL-ADMM,1.0,0.01,8.455907999999999,81683.842169915,81517.90893967186,0.20355432616155988,7.061018436615996e-13,0.004761490087696885,105,converged,gap_residual_and_feasibility
239,0.7465320160781802,IPOPT,1.0,1.0e-10,30.061960220336914,63644.693906704924,63644.693906229644,7.46770978227878e-10,9.999822248030199e-9,NaN,41,INTERRUPTED,gap_and_residual
239,0.7465320160781802,sMEL-ADMM,1.0,0.01,7.753001,64005.51596376962,63644.693906229644,0.566931876633093,7.068789997788372e-13,0.009208643573687114,103,converged,gap_residual_and_feasibility
240,0.2998166579617305,IPOPT,1.0,1.0e-10,29.110193252563477,80809.4679043445,80809.46790387646,5.79199212104624e-10,9.999822137007897e-9,NaN,39,INTERRUPTED,gap_and_residual
240,0.2998166579617305,sMEL-ADMM,1.0,0.01,8.008992,80966.55031826111,80809.46790387646,0.1943861511023754,7.098766019453251e-13,0.0046132484951684205,105,converged,gap_residual_and_feasibility
241,0.3372256878231097,IPOPT,1.0,1.0e-10,29.62803840637207,79372.048009607,79372.048009138,5.908801494463651e-10,9.999822803141711e-9,NaN,40,INTERRUPTED,gap_and_residual
241,0.3372256878231097,sMEL-ADMM,1.0,0.01,8.069417000000001,79506.45331056112,79372.048009138,0.16933581127658912,7.109868249699502e-13,0.00423406787384728,105,converged,gap_residual_and_feasibility
242,0.5037132504636119,IPOPT,1.0,1.0e-10,28.676986694335938,72974.8616711043,72974.8616706322,6.469258358713206e-10,9.999822803141711e-9,NaN,39,INTERRUPTED,gap_and_residual
242,0.5037132504636119,sMEL-ADMM,1.0,0.01,8.73996,73156.30882470921,72974.8616706322,0.24864336830942407,7.0921046813055e-13,0.004991399807309449,104,converged,gap_residual_and_feasibility
243,0.46696383381739276,IPOPT,1.0,1.0e-10,28.846025466918945,74386.93631733589,74386.936316862,6.370515346850585e-10,9.999821692918687e-9,NaN,40,INTERRUPTED,gap_and_residual
243,0.46696383381739276,sMEL-ADMM,1.0,0.01,8.382706,74642.15398564398,74386.936316862,0.3430947440755416,7.088774012231625e-13,0.0064798589743895185,104,converged,gap_residual_and_feasibility
244,0.45113638436686115,IPOPT,1.0,1.0e-10,29.655933380126953,74995.09672158532,74995.09672111375,6.288002622946053e-10,9.999822359052501e-9,NaN,41,INTERRUPTED,gap_and_residual
244,0.45113638436686115,sMEL-ADMM,1.0,0.01,8.652886,75274.54385498416,74995.09672111375,0.3726205393261969,7.056577544517495e-13,0.007110819159173665,104,converged,gap_residual_and_feasibility
245,0.47983283287436007,IPOPT,1.0,1.0e-10,29.072046279907227,73892.45262346837,73892.45262299452,6.412752571618548e-10,9.99982141536293e-9,NaN,40,INTERRUPTED,gap_and_residual
245,0.47983283287436007,sMEL-ADMM,1.0,0.01,5.445753,74124.5295871684,73892.45262299452,0.31407397634771184,7.102096688527126e-13,0.005877018144924473,104,converged,gap_residual_and_feasibility
246,0.5550093267898306,IPOPT,1.0,1.0e-10,28.7778377532959,71003.84021167096,71003.8402111997,6.63715896589388e-10,9.999822525585955e-9,NaN,39,INTERRUPTED,gap_and_residual
246,0.5550093267898306,sMEL-ADMM,1.0,0.01,8.153168,71143.14501587875,71003.8402111997,0.19619333864857205,7.093214904330125e-13,0.0043003533814935935,104,converged,gap_residual_and_feasibility
247,0.42798178189256547,IPOPT,1.0,1.0e-10,28.86509895324707,75884.79865651138,75884.79865603808,6.23709954015898e-10,9.999822025985594e-9,NaN,40,INTERRUPTED,gap_and_residual
247,0.42798178189256547,sMEL-ADMM,1.0,0.01,5.9220369999999996,76194.83829195675,75884.79865603808,0.408566196932251,7.09432512735475e-13,0.007907461401098326,104,converged,gap_residual_and_feasibility
248,0.3384265345407792,IPOPT,1.0,1.0e-10,29.307126998901367,79325.90618318414,79325.90618271519,5.911688157323976e-10,9.999822192519048e-9,NaN,40,INTERRUPTED,gap_and_residual
248,0.3384265345407792,sMEL-ADMM,1.0,0.01,8.151534999999999,79459.46389912952,79325.90618271519,0.16836582503917755,7.086553566182374e-13,0.004219913890088023,105,converged,gap_residual_and_feasibility
249,0.5983604855497067,IPOPT,1.0,1.0e-10,29.619932174682617,69338.09752087393,69338.09752040239,6.800594159960203e-10,9.999823247230921e-9,NaN,40,INTERRUPTED,gap_and_residual
249,0.5983604855497067,sMEL-ADMM,1.0,0.01,8.323917999999999,69716.89868103398,69338.09752040239,0.5463102885396288,7.068789997788372e-13,0.009687492661661246,103,converged,gap_residual_and_feasibility
250,0.4189195505092382,IPOPT,1.0,1.0e-10,29.653072357177734,76233.00954915886,76233.00954868582,6.205174256257288e-10,9.999821193318326e-9,NaN,40,INTERRUPTED,gap_and_residual
250,0.4189195505092382,sMEL-ADMM,1.0,0.01,8.269255999999999,76553.09229003698,76233.00954868582,0.41987420311241774,7.090994458280875e-13,0.008169449966649145,104,converged,gap_residual_and_feasibility
251,0.6712703164727085,IPOPT,1.0,1.0e-10,29.732942581176758,66536.58029685162,66536.58029637687,7.135266528738637e-10,9.999822581097106e-9,NaN,41,INTERRUPTED,gap_and_residual
251,0.6712703164727085,sMEL-ADMM,1.0,0.01,7.273582,66896.89350024221,66536.58029637687,0.5415264840188403,7.072120666862247e-13,0.009202316415503398,103,converged,gap_residual_and_feasibility
252,0.2627950950875338,IPOPT,1.0,1.0e-10,30.130863189697266,82231.99960877126,82231.99960830373,5.685602765337435e-10,9.999821637407535e-9,NaN,39,INTERRUPTED,gap_and_residual
252,0.2627950950875338,sMEL-ADMM,1.0,0.01,7.5109189999999995,82405.66393362763,82231.99960830373,0.21118825536423563,7.083222897108499e-13,0.00488888610313154,105,converged,gap_residual_and_feasibility
253,0.3055494632788493,IPOPT,1.0,1.0e-10,30.08103370666504,80589.1882433638,80589.18824289556,5.810171147175418e-10,9.999822470074804e-9,NaN,39,INTERRUPTED,gap_and_residual
253,0.3055494632788493,sMEL-ADMM,1.0,0.01,5.795711,80743.21265261195,80589.18824289556,0.19112291992837402,7.076561558960748e-13,0.0045620366259893075,105,converged,gap_residual_and_feasibility
254,0.4834253725518465,IPOPT,1.0,1.0e-10,30.44915199279785,73754.4114065698,73754.41140609597,6.424360288660515e-10,9.999821692918687e-9,NaN,40,INTERRUPTED,gap_and_residual
254,0.4834253725518465,sMEL-ADMM,1.0,0.01,7.881209,73978.92959501635,73754.41140609597,0.3044132339205739,7.079892228034623e-13,0.005703842342439813,104,converged,gap_residual_and_feasibility
255,0.6797794435525369,IPOPT,1.0,1.0e-10,31.38899803161621,66209.62211064034,66209.62211016552,7.171381241178858e-10,9.999822025985594e-9,NaN,41,INTERRUPTED,gap_and_residual
255,0.6797794435525369,sMEL-ADMM,1.0,0.01,9.848244000000001,66568.8685385493,66209.62211016552,0.5425894559344104,7.078782005009998e-13,0.009173810164809337,103,converged,gap_residual_and_feasibility
256,0.4028585468043285,IPOPT,1.0,1.0e-10,30.376911163330078,76850.14413779657,76850.1441373253,6.132243211262536e-10,9.999822636608258e-9,NaN,34,INTERRUPTED,gap_and_residual
256,0.4028585468043285,sMEL-ADMM,1.0,0.01,7.150086,77186.37298309398,76850.1441373253,0.43751231639574517,7.08988423525625e-13,0.008590434538018554,104,converged,gap_residual_and_feasibility
257,0.39327786756451455,IPOPT,1.0,1.0e-10,26.667118072509766,77218.27608335626,77218.27608288627,6.086612935275788e-10,9.99982363580898e-9,NaN,35,INTERRUPTED,gap_and_residual
257,0.39327786756451455,sMEL-ADMM,1.0,0.01,6.13208,77564.12797559264,77218.27608288627,0.4478886479350204,7.096545573404001e-13,0.008841013505117457,104,converged,gap_residual_and_feasibility
258,0.6962529467907085,IPOPT,1.0,1.0e-10,29.87504005432129,65576.63747088022,65576.63747040521,7.243488461858391e-10,9.999820582695662e-9,NaN,41,INTERRUPTED,gap_and_residual
258,0.6962529467907085,sMEL-ADMM,1.0,0.01,7.238711,65934.5820967111,65576.63747040521,0.5458416901406896,7.083222897108499e-13,0.009138418250903446,103,converged,gap_residual_and_feasibility
259,0.3565415569247268,IPOPT,1.0,1.0e-10,28.580188751220703,78629.84713902617,78629.84713855373,6.008436961242807e-10,9.999820138606452e-9,NaN,38,INTERRUPTED,gap_and_residual
259,0.3565415569247268,sMEL-ADMM,1.0,0.01,6.607328,79007.55883967347,78629.84713855373,0.4803668261673897,7.088774012231625e-13,0.00967054271276424,104,converged,gap_residual_and_feasibility
260,0.3500717947685909,IPOPT,1.0,1.0e-10,32.67192840576172,78878.44393161355,78878.44393114414,5.95112755832795e-10,9.99982274763056e-9,NaN,39,INTERRUPTED,gap_and_residual
260,0.3500717947685909,sMEL-ADMM,1.0,0.01,6.418584,79261.32539526655,78878.44393114414,0.4854069693066554,7.105427357601002e-13,0.009805160397512558,104,converged,gap_residual_and_feasibility
261,0.32596808504981944,IPOPT,1.0,1.0e-10,31.105995178222656,79804.61475227172,79804.61475180287,5.874950442413605e-10,9.999822803141711e-9,NaN,40,INTERRUPTED,gap_and_residual
261,0.32596808504981944,sMEL-ADMM,1.0,0.01,6.69612,79946.62704804387,79804.61475180287,0.1779499803146244,7.098766019453251e-13,0.004361125616389572,105,converged,gap_residual_and_feasibility
262,0.48944470703767345,IPOPT,1.0,1.0e-10,29.689788818359375,73523.12203138252,73523.1220309084,6.448528530332358e-10,9.999821193318326e-9,NaN,40,INTERRUPTED,gap_and_residual
262,0.48944470703767345,sMEL-ADMM,1.0,0.01,6.559169,73734.80181393646,73523.1220309084,0.2879091327746767,7.095435350379375e-13,0.005491608569238693,104,converged,gap_residual_and_feasibility
263,0.6882311491072943,IPOPT,1.0,1.0e-10,30.250072479248047,65884.87031264139,65884.87031216655,7.207171290874535e-10,9.999820693717965e-9,NaN,41,INTERRUPTED,gap_and_residual
263,0.6882311491072943,sMEL-ADMM,1.0,0.01,7.360996,66243.30772597066,65884.87031216655,0.5440360011423234,7.0921046813055e-13,0.009151986172910243,103,converged,gap_residual_and_feasibility
264,0.7226450807363964,IPOPT,1.0,1.0e-10,30.52520751953125,64562.53529986151,64562.535299386385,7.359179839523861e-10,9.999821637407535e-9,NaN,41,INTERRUPTED,gap_and_residual
264,0.7226450807363964,sMEL-ADMM,1.0,0.01,6.504083,64920.44316298625,64562.535299386385,0.5543584401389955,7.072120666862247e-13,0.0091349801287538,103,converged,gap_residual_and_feasibility
265,0.6331566358156436,IPOPT,1.0,1.0e-10,31.34918212890625,68001.0759825503,68001.07598207578,6.978174930745111e-10,9.999822025985594e-9,NaN,41,INTERRUPTED,gap_and_residual
265,0.6331566358156436,sMEL-ADMM,1.0,0.01,5.794467,68368.81117241817,68001.07598207578,0.5407784877393917,7.067679774763747e-13,0.009398132976232265,103,converged,gap_residual_and_feasibility
266,0.6839256205636437,IPOPT,1.0,1.0e-10,32.29188919067383,66050.30770593764,66050.30770546276,7.189559990619402e-10,9.999820860251418e-9,NaN,41,INTERRUPTED,gap_and_residual
266,0.6839256205636437,sMEL-ADMM,1.0,0.01,6.68641,66409.11427032795,66050.30770546276,0.5432322381679189,7.077671781985373e-13,0.009161988527238263,103,converged,gap_residual_and_feasibility
267,0.5137173009235241,IPOPT,1.0,1.0e-10,31.390905380249023,72590.46193627217,72590.46193579996,6.505119771494681e-10,9.999822969675165e-9,NaN,37,INTERRUPTED,gap_and_residual
267,0.5137173009235241,sMEL-ADMM,1.0,0.01,7.612589000000001,72753.94034333719,72590.46193579996,0.22520645712629928,7.100986465502501e-13,0.0046939437469024625,104,converged,gap_residual_and_feasibility
268,0.3951591046151555,IPOPT,1.0,1.0e-10,27.426958084106445,77145.9906599349,77145.99065946495,6.091750177589422e-10,9.999823857853585e-9,NaN,35,INTERRUPTED,gap_and_residual
268,0.3951591046151555,sMEL-ADMM,1.0,0.01,5.873998,77489.96893445379,77145.99065946495,0.44587965239466104,7.08988423525625e-13,0.00879222938612767,104,converged,gap_residual_and_feasibility
269,0.3082785790806658,IPOPT,1.0,1.0e-10,30.50708770751953,80484.32357932067,80484.32357885285,5.812498011531469e-10,9.999822858652863e-9,NaN,40,INTERRUPTED,gap_and_residual
269,0.3082785790806658,sMEL-ADMM,1.0,0.01,6.684207,80636.84860657663,80484.32357885285,0.1895089887589674,7.079892228034623e-13,0.00453693820084311,105,converged,gap_residual_and_feasibility
270,0.431088760907819,IPOPT,1.0,1.0e-10,30.845165252685547,75765.41482149604,75765.41482102254,6.249616275900679e-10,9.999820749229116e-9,NaN,40,INTERRUPTED,gap_and_residual
270,0.431088760907819,sMEL-ADMM,1.0,0.01,7.846454,76071.7060147231,75765.41482102254,0.40426254436023934,7.097655796428626e-13,0.007809753634804739,104,converged,gap_residual_and_feasibility
271,0.554540707131723,IPOPT,1.0,1.0e-10,28.755903244018555,71021.8466454687,71021.84664499726,6.637934944297999e-10,9.999824357453946e-9,NaN,37,INTERRUPTED,gap_and_residual
271,0.554540707131723,sMEL-ADMM,1.0,0.01,7.500414,71161.34835811067,71021.84664499726,0.19642084753260158,7.082112674083874e-13,0.004303188382655421,104,converged,gap_residual_and_feasibility
272,0.47543733071549593,IPOPT,1.0,1.0e-10,31.027793884277344,74061.34719982943,74061.34719935547,6.399503883073208e-10,9.999821637407535e-9,NaN,40,INTERRUPTED,gap_and_residual
272,0.47543733071549593,sMEL-ADMM,1.0,0.01,7.678822,74302.00628919428,74061.34719935547,0.3249456010987926,7.078782005009998e-13,0.006100636048987584,104,converged,gap_residual_and_feasibility
273,0.7088253863193692,IPOPT,1.0,1.0e-10,31.588077545166016,65093.54890186739,65093.548901392394,7.297133877986734e-10,9.999821526385233e-9,NaN,41,INTERRUPTED,gap_and_residual
273,0.7088253863193692,sMEL-ADMM,1.0,0.01,6.668791000000001,65451.06787612645,65093.548901392394,0.5492387199162342,7.072120666862247e-13,0.009126157799295265,103,converged,gap_residual_and_feasibility
274,0.33613136327445864,IPOPT,1.0,1.0e-10,29.50286865234375,79414.09678455141,79414.09678408246,5.90512313480527e-10,9.999823413764375e-9,NaN,40,INTERRUPTED,gap_and_residual
274,0.33613136327445864,sMEL-ADMM,1.0,0.01,7.872832,79549.26449192723,79414.09678408246,0.17020618922642075,7.08988423525625e-13,0.004246801814781875,105,converged,gap_residual_and_feasibility
275,0.6449698548028442,IPOPT,1.0,1.0e-10,29.95896339416504,67547.16001477401,67547.16001429938,7.026576202285003e-10,9.999821248829477e-9,NaN,41,INTERRUPTED,gap_and_residual
275,0.6449698548028442,sMEL-ADMM,1.0,0.01,6.940504,67912.17405408778,67547.16001429938,0.5403839920303438,7.078782005009998e-13,0.00932661171090332,103,converged,gap_residual_and_feasibility
276,0.4114824665389211,IPOPT,1.0,1.0e-10,30.340909957885742,76518.77511157226,76518.77511110183,6.147959305668367e-10,9.999822359052501e-9,NaN,40,INTERRUPTED,gap_and_residual
276,0.4114824665389211,sMEL-ADMM,1.0,0.01,7.972917,76846.40448583775,76518.77511110183,0.4281686086326039,7.097655796428626e-13,0.00836633808694276,104,converged,gap_residual_and_feasibility
277,0.3803351687626615,IPOPT,1.0,1.0e-10,29.503822326660156,77715.59164642554,77715.59164595566,6.046165676310828e-10,9.999822636608258e-9,NaN,37,INTERRUPTED,gap_and_residual
277,0.3803351687626615,sMEL-ADMM,1.0,0.01,5.679707,78073.46391234978,77715.59164595566,0.46048966341844616,7.100986465502501e-13,0.00915399627139779,104,converged,gap_residual_and_feasibility
278,0.31659360058046637,IPOPT,1.0,1.0e-10,31.748056411743164,80164.82378546787,80164.8237849988,5.851275077073807e-10,9.999822414563653e-9,NaN,40,INTERRUPTED,gap_and_residual
278,0.31659360058046637,sMEL-ADMM,1.0,0.01,6.828158,80312.65876597556,80164.8237849988,0.1844137790076669,7.093214904330125e-13,0.0044584626103016944,105,converged,gap_residual_and_feasibility
279,0.2500031484126252,IPOPT,1.0,1.0e-10,28.80692481994629,82723.52261033328,82723.5226098647,5.664485837704916e-10,9.999821193318326e-9,NaN,39,INTERRUPTED,gap_and_residual
279,0.2500031484126252,sMEL-ADMM,1.0,0.01,12.10358,82902.7461159081,82723.5226098647,0.21665361965863741,7.068789997788372e-13,0.004979957547783798,105,converged,gap_residual_and_feasibility
280,0.283443633013919,IPOPT,1.0,1.0e-10,28.28812599182129,81438.59172509729,81438.59172462893,5.751000621531452e-10,9.999822137007897e-9,NaN,35,INTERRUPTED,gap_and_residual
280,0.283443633013919,sMEL-ADMM,1.0,0.01,7.112208,81603.63066125308,81438.59172462893,0.202654457953049,7.076561558960748e-13,0.004746534351836473,105,converged,gap_residual_and_feasibility
281,0.36475429822555605,IPOPT,1.0,1.0e-10,27.64105796813965,78314.27740145233,78314.2774009825,5.99938737316864e-10,9.999822914164014e-9,NaN,35,INTERRUPTED,gap_and_residual
281,0.36475429822555605,sMEL-ADMM,1.0,0.01,5.591626,78685.44117007559,78314.2774009825,0.4739413826072515,7.078782005009998e-13,0.009500054609100084,104,converged,gap_residual_and_feasibility
282,0.3160957015948394,IPOPT,1.0,1.0e-10,33.32686424255371,80183.95526014554,80183.95525967651,5.849334548371395e-10,9.999822858652863e-9,NaN,40,INTERRUPTED,gap_and_residual
282,0.3160957015948394,sMEL-ADMM,1.0,0.01,7.303083999999999,80332.085359823,80183.95525967651,0.18473783148607253,7.061018436615996e-13,0.004463398978415967,105,converged,gap_residual_and_feasibility
283,0.7081713984877072,IPOPT,1.0,1.0e-10,31.435012817382812,65118.677998335086,65118.67799786,7.295658742238586e-10,9.999820638206813e-9,NaN,41,INTERRUPTED,gap_and_residual
283,0.7081713984877072,sMEL-ADMM,1.0,0.01,7.152629,65476.20600663981,65118.67799786,0.5490406435946974,7.081002451059248e-13,0.009126454797617534,103,converged,gap_residual_and_feasibility
284,0.5274369730874428,IPOPT,1.0,1.0e-10,31.937122344970703,72063.29163031191,72063.29162983948,6.555736175855032e-10,9.999823358253224e-9,NaN,36,INTERRUPTED,gap_and_residual
284,0.5274369730874428,sMEL-ADMM,1.0,0.01,7.261377,72214.49422839949,72063.29162983948,0.20981916748498328,7.096545573404001e-13,0.004491039811755471,104,converged,gap_residual_and_feasibility
285,0.3995575767306403,IPOPT,1.0,1.0e-10,26.58700942993164,76976.98196474362,76976.98196427351,6.107204535322111e-10,9.999822914164014e-9,NaN,34,INTERRUPTED,gap_and_residual
285,0.3995575767306403,sMEL-ADMM,1.0,0.01,6.946167,77316.52626141184,76976.98196427351,0.44109847966749316,7.104317134576377e-13,0.008676772888346673,104,converged,gap_residual_and_feasibility
286,0.6077414739834477,IPOPT,1.0,1.0e-10,29.90889549255371,68977.63857668772,68977.63857621327,6.878325409494167e-10,9.999822137007897e-9,NaN,37,INTERRUPTED,gap_and_residual
286,0.6077414739834477,sMEL-ADMM,1.0,0.01,6.143916999999999,69353.1771718018,68977.63857621327,0.5444352740107167,7.098766019453251e-13,0.009602312915683364,103,converged,gap_residual_and_feasibility
287,0.2937881558360335,IPOPT,1.0,1.0e-10,34.169912338256836,81041.10954068354,81041.10954021565,5.773461555403507e-10,9.999822137007897e-9,NaN,39,INTERRUPTED,gap_and_residual
287,0.2937881558360335,sMEL-ADMM,1.0,0.01,6.893127,81201.25367610689,81041.10954021565,0.1976085184418311,7.093214904330125e-13,0.0046645660128454836,105,converged,gap_residual_and_feasibility
288,0.7134835824785344,IPOPT,1.0,1.0e-10,31.772851943969727,64914.56046357886,64914.56046310381,7.318150892474455e-10,9.999821470874082e-9,NaN,41,INTERRUPTED,gap_and_residual
288,0.7134835824785344,sMEL-ADMM,1.0,0.01,5.955375,65272.08112041967,64914.56046310381,0.5507557237779847,7.056577544517495e-13,0.009125762105313684,103,converged,gap_residual_and_feasibility
289,0.6400832098240287,IPOPT,1.0,1.0e-10,29.887914657592773,67734.92646413401,67734.92646365943,7.006453481533587e-10,9.999822636608258e-9,NaN,41,INTERRUPTED,gap_and_residual
289,0.6400832098240287,sMEL-ADMM,1.0,0.01,8.757788000000001,68101.01737900454,67734.92646365943,0.5404758437901585,7.065459328714496e-13,0.009354941319351107,103,converged,gap_residual_and_feasibility
290,0.7186474039337939,IPOPT,1.0,1.0e-10,30.02619743347168,64716.1436716928,64716.14367121772,7.341037729808345e-10,9.99982141536293e-9,NaN,41,INTERRUPTED,gap_and_residual
290,0.7186474039337939,sMEL-ADMM,1.0,0.01,7.637752,65073.832559121285,64716.14367121772,0.5527042676102,7.078782005009998e-13,0.009129655212090082,103,converged,gap_residual_and_feasibility
291,0.3462208001362965,IPOPT,1.0,1.0e-10,27.92191505432129,79026.41612762123,79026.4161271487,5.979390366573839e-10,9.999821193318326e-9,NaN,38,INTERRUPTED,gap_and_residual
291,0.3462208001362965,sMEL-ADMM,1.0,0.01,5.507209,79412.26995733856,79026.4161271487,0.48825930505193454,7.083222897108499e-13,0.009882561716815452,104,converged,gap_residual_and_feasibility
292,0.3694607534202055,IPOPT,1.0,1.0e-10,27.322053909301758,78133.43463820568,78133.43463773647,6.005264670610592e-10,9.999823136208619e-9,NaN,36,INTERRUPTED,gap_and_residual
292,0.3694607534202055,sMEL-ADMM,1.0,0.01,13.4023,78500.7062486893,78133.43463773647,0.4700569130944662,7.079892228034623e-13,0.009398721995067971,104,converged,gap_residual_and_feasibility
293,0.35289633118618136,IPOPT,1.0,1.0e-10,36.55195236206055,78769.91278672722,78769.91278625466,5.999230904422769e-10,9.99982091576257e-9,NaN,38,INTERRUPTED,gap_and_residual
293,0.35289633118618136,sMEL-ADMM,1.0,0.01,9.869748,79150.56342799748,78769.91278625466,0.48324370089849933,7.106537580625627e-13,0.00974707068410341,104,converged,gap_residual_and_feasibility
294,0.38881902313367295,IPOPT,1.0,1.0e-10,31.818866729736328,77389.60454913566,77389.60454866539,6.076710782769358e-10,9.999822636608258e-9,NaN,34,INTERRUPTED,gap_and_residual
294,0.38881902313367295,sMEL-ADMM,1.0,0.01,6.673964,77739.71038887162,77389.60454866539,0.45239388707054873,7.071010443837622e-13,0.008951773913789762,104,converged,gap_residual_and_feasibility
295,0.6832685097881892,IPOPT,1.0,1.0e-10,29.62207794189453,66075.55679967743,66075.55679920263,7.185711525882795e-10,9.999820527184511e-9,NaN,41,INTERRUPTED,gap_and_residual
295,0.6832685097881892,sMEL-ADMM,1.0,0.01,6.392709,66434.42918197592,66075.55679920263,0.5431242658519994,7.096545573404001e-13,0.009163761194180275,103,converged,gap_residual_and_feasibility
296,0.5944079497788716,IPOPT,1.0,1.0e-10,31.731128692626953,69489.97137520039,69489.97137472888,6.785312296171346e-10,9.999824024387038e-9,NaN,40,INTERRUPTED,gap_and_residual
296,0.5944079497788716,sMEL-ADMM,1.0,0.01,12.39555,69870.18860017571,69489.97137472888,0.5471540970947981,7.058797990566745e-13,0.009724444652179032,103,converged,gap_residual_and_feasibility
297,0.42505665388892366,IPOPT,1.0,1.0e-10,29.947996139526367,75997.1949737286,75997.1949732554,6.22653480253527e-10,9.999822359052501e-9,NaN,40,INTERRUPTED,gap_and_residual
297,0.42505665388892366,sMEL-ADMM,1.0,0.01,11.770246,76310.61215315266,75997.1949732554,0.4124062473720896,7.088774012231625e-13,0.007995541856091637,104,converged,gap_residual_and_feasibility
298,0.6669936648455002,IPOPT,1.0,1.0e-10,30.209064483642578,66700.90811167586,66700.90811120109,7.117905882918086e-10,9.99982185945214e-9,NaN,41,INTERRUPTED,gap_and_residual
298,0.6669936648455002,sMEL-ADMM,1.0,0.01,11.06679,67061.84576536526,66700.90811120109,0.5411285458998966,7.090994458280875e-13,0.00921892312019057,103,converged,gap_residual_and_feasibility
299,0.2550056376798635,IPOPT,1.0,1.0e-10,32.150983810424805,82531.3049125596,82531.30491208985,5.691784177982838e-10,9.99982091576257e-9,NaN,35,INTERRUPTED,gap_and_residual
299,0.2550056376798635,sMEL-ADMM,1.0,0.01,6.376622,82708.15415039514,82531.30491208985,0.21428140327318165,7.090994458280875e-13,0.0049410451813241,105,converged,gap_residual_and_feasibility
300,0.5792934352870049,IPOPT,1.0,1.0e-10,27.485132217407227,70070.7376744182,70070.73767394673,6.728450664779512e-10,9.999824024387038e-9,NaN,38,INTERRUPTED,gap_and_residual
300,0.5792934352870049,sMEL-ADMM,1.0,0.01,9.445587,70456.67276503898,70070.73767394673,0.5507792609349783,7.078782005009998e-13,0.0098735546508385,103,converged,gap_residual_and_feasibility
301,0.33982125302404215,IPOPT,1.0,1.0e-10,35.86101531982422,79272.31494858615,79272.31494811672,5.92174246026656e-10,9.999822359052501e-9,NaN,40,INTERRUPTED,gap_and_residual
301,0.33982125302404215,sMEL-ADMM,1.0,0.01,9.016334,79404.88466686138,79272.31494811672,0.16723331320831253,7.098766019453251e-13,0.004203415897581664,105,converged,gap_residual_and_feasibility
302,0.7179826600537715,IPOPT,1.0,1.0e-10,35.35199165344238,64741.686062970766,64741.68606249569,7.338029102329795e-10,9.999822025985594e-9,NaN,41,INTERRUPTED,gap_and_residual
302,0.7179826600537715,sMEL-ADMM,1.0,0.01,6.32846,65099.34619857492,64741.68606249569,0.5524418003787875,7.05768776754212e-13,0.009128969184190483,103,converged,gap_residual_and_feasibility
303,0.38300901266871007,IPOPT,1.0,1.0e-10,27.096033096313477,77612.8507723579,77612.85077188803,6.053981861711574e-10,9.999823580297829e-9,NaN,37,INTERRUPTED,gap_and_residual
303,0.38300901266871007,sMEL-ADMM,1.0,0.01,6.2493360000000004,77968.28816992643,77612.85077188803,0.4579620443050898,7.075451335936123e-13,0.009090595552300962,104,converged,gap_residual_and_feasibility
304,0.3569723033367947,IPOPT,1.0,1.0e-10,27.878999710083008,78613.29596235602,78613.29596188362,6.009146649792168e-10,9.999820693717965e-9,NaN,38,INTERRUPTED,gap_and_residual
304,0.3569723033367947,sMEL-ADMM,1.0,0.01,5.905627999999999,78990.65958573112,78613.29596188362,0.48002519068844185,7.064349105689871e-13,0.009661479279563956,104,converged,gap_residual_and_feasibility
305,0.5912013854788898,IPOPT,1.0,1.0e-10,28.72300148010254,69613.18171601067,69613.18171553781,6.792743467437813e-10,9.999822248030199e-9,NaN,38,INTERRUPTED,gap_and_residual
305,0.5912013854788898,sMEL-ADMM,1.0,0.01,11.079412,69994.57524582482,69613.18171553781,0.547875446701326,7.079892228034623e-13,0.009755130097285014,103,converged,gap_residual_and_feasibility
306,0.33724031954729206,IPOPT,1.0,1.0e-10,38.05112838745117,79371.48579424045,79371.4857937715,5.908293330526893e-10,9.999822636608258e-9,NaN,40,INTERRUPTED,gap_and_residual
306,0.33724031954729206,sMEL-ADMM,1.0,0.01,12.530623,79505.88077646677,79371.4857937715,0.1693240101923609,7.073230889886872e-13,0.004233895557160139,105,converged,gap_residual_and_feasibility
307,0.4404545373076995,IPOPT,1.0,1.0e-10,38.12384605407715,75405.54039072835,75405.54039025691,6.252039242919013e-10,9.999821914963292e-9,NaN,41,INTERRUPTED,gap_and_residual
307,0.4404545373076995,sMEL-ADMM,1.0,0.01,10.411587,75699.8018614269,75405.54039025691,0.3902385284251706,7.076561558960748e-13,0.007496461361273576,104,converged,gap_residual_and_feasibility
308,0.7360152597959468,IPOPT,1.0,1.0e-10,30.528783798217773,64048.79406017619,64048.79405970101,7.419003696215875e-10,9.999821581896384e-9,NaN,41,INTERRUPTED,gap_and_residual
308,0.7360152597959468,sMEL-ADMM,1.0,0.01,6.440087,64407.98689498075,64048.79405970101,0.5608112386080688,7.090994458280875e-13,0.00916717846974957,103,converged,gap_residual_and_feasibility
309,0.6495042591219922,IPOPT,1.0,1.0e-10,34.967899322509766,67372.9282048799,67372.92820440527,7.044963483902822e-10,9.99982180394099e-9,NaN,41,INTERRUPTED,gap_and_residual
309,0.6495042591219922,sMEL-ADMM,1.0,0.01,10.963459,67737.00255710454,67372.92820440527,0.5403867137772235,7.093214904330125e-13,0.0093018533584166,103,converged,gap_residual_and_feasibility
310,0.31875243647793045,IPOPT,1.0,1.0e-10,30.03406524658203,80081.87179018794,80081.87178971877,5.858608051891331e-10,9.999821914963292e-9,NaN,40,INTERRUPTED,gap_and_residual
310,0.31875243647793045,sMEL-ADMM,1.0,0.01,12.207002999999998,80228.42194092489,80081.87178971877,0.18300040687227181,7.062128659640621e-13,0.00443697303338908,105,converged,gap_residual_and_feasibility
311,0.49476303209942923,IPOPT,1.0,1.0e-10,36.71097755432129,73318.76852960055,73318.76852912603,6.472059108484744e-10,9.999821470874082e-9,NaN,40,INTERRUPTED,gap_and_residual
311,0.49476303209942923,sMEL-ADMM,1.0,0.01,13.378917000000001,73518.99178847024,73318.76852912603,0.27308595515304884,7.073230889886872e-13,0.005302136583066996,104,converged,gap_residual_and_feasibility
312,0.48253248054043274,IPOPT,1.0,1.0e-10,32.446861267089844,73788.72025515037,73788.72025467653,6.421570424729663e-10,9.999821748429838e-9,NaN,40,INTERRUPTED,gap_and_residual
312,0.48253248054043274,sMEL-ADMM,1.0,0.01,7.368574,74015.12366378955,73788.72025467653,0.3068265831574268,7.098766019453251e-13,0.00573498861588817,104,converged,gap_residual_and_feasibility
313,0.4033988881266063,IPOPT,1.0,1.0e-10,25.88486671447754,76829.38184138297,76829.38184091,6.156060837919367e-10,9.999821082296023e-9,NaN,34,INTERRUPTED,gap_and_residual
313,0.4033988881266063,sMEL-ADMM,1.0,0.01,7.302631000000001,77165.07386347944,76829.38184091,0.4369318280661801,7.095435350379375e-13,0.00857645330134571,104,converged,gap_residual_and_feasibility
314,0.6595209627721643,IPOPT,1.0,1.0e-10,30.925989151000977,66988.04227867957,66988.0422782048,7.087396050013663e-10,9.999821581896384e-9,NaN,41,INTERRUPTED,gap_and_residual
314,0.6595209627721643,sMEL-ADMM,1.0,0.01,8.849920000000001,67350.21099437901,66988.0422782048,0.5406468137553718,7.085443343157749e-13,0.009251547804026372,103,converged,gap_residual_and_feasibility
315,0.4033639609282443,IPOPT,1.0,1.0e-10,25.73108673095703,76830.72389836823,76830.72389789415,6.170537282129629e-10,9.999820527184511e-9,NaN,34,INTERRUPTED,gap_and_residual
315,0.4033639609282443,sMEL-ADMM,1.0,0.01,7.011121999999999,77166.45058093284,76830.72389789415,0.4369693086386451,7.072120666862247e-13,0.008577356176674544,104,converged,gap_residual_and_feasibility
316,0.4120469685718399,IPOPT,1.0,1.0e-10,34.3320369720459,76497.08445411164,76497.08445363908,6.177475893377069e-10,9.999821526385233e-9,NaN,40,INTERRUPTED,gap_and_residual
316,0.4120469685718399,sMEL-ADMM,1.0,0.01,5.818122,76824.14492389034,76497.08445363908,0.4275463209966898,7.088774012231625e-13,0.008351502536059985,104,converged,gap_residual_and_feasibility
317,0.687785444977757,IPOPT,1.0,1.0e-10,34.30604934692383,65901.9962307777,65901.99623030284,7.205519178396592e-10,9.999822081496745e-9,NaN,41,INTERRUPTED,gap_and_residual
317,0.687785444977757,sMEL-ADMM,1.0,0.01,6.078965,66260.46652965785,65901.99623030284,0.5439445234743452,7.09432512735475e-13,0.009152883186814065,103,converged,gap_residual_and_feasibility
318,0.7384788321992518,IPOPT,1.0,1.0e-10,31.861066818237305,63954.132744505645,63954.132744030365,7.431577646059997e-10,9.999821692918687e-9,NaN,41,INTERRUPTED,gap_and_residual
318,0.7384788321992518,sMEL-ADMM,1.0,0.01,6.191752,64313.661451465,63954.132744030365,0.5621664965321472,7.074341112911497e-13,0.009175694913726606,103,converged,gap_residual_and_feasibility
319,0.6857562198620633,IPOPT,1.0,1.0e-10,34.35015678405762,65979.96800826055,65979.96800778569,7.197004061536275e-10,9.99982135985178e-9,NaN,41,INTERRUPTED,gap_and_residual
319,0.6857562198620633,sMEL-ADMM,1.0,0.01,6.075673999999999,66338.59921795955,65979.96800778569,0.543545595735269,7.085443343157749e-13,0.009157257686315479,103,converged,gap_residual_and_feasibility
320,0.5165027982929546,IPOPT,1.0,1.0e-10,31.2960147857666,72483.43084376781,72483.43084329636,6.504285794471768e-10,9.99982230354135e-9,NaN,37,INTERRUPTED,gap_and_residual
320,0.5165027982929546,sMEL-ADMM,1.0,0.01,5.618164,72643.1591440023,72483.43084329636,0.22036525982229702,7.08988423525625e-13,0.004631977009688981,104,converged,gap_residual_and_feasibility
321,0.35294252567699935,IPOPT,1.0,1.0e-10,37.18304634094238,78768.13779068012,78768.13779020762,5.998627119045748e-10,9.999820138606452e-9,NaN,38,INTERRUPTED,gap_and_residual
321,0.35294252567699935,sMEL-ADMM,1.0,0.01,11.473874,79148.75058157532,78768.13779020762,0.4832065376249406,7.078782005009998e-13,0.009746085088300993,104,converged,gap_residual_and_feasibility
322,0.6411597745694115,IPOPT,1.0,1.0e-10,32.20701217651367,67693.56009914877,67693.56009867419,7.01073500420054e-10,9.99982185945214e-9,NaN,41,INTERRUPTED,gap_and_residual
322,0.6411597745694115,sMEL-ADMM,1.0,0.01,5.838037,68059.40709774959,67693.56009867419,0.540445795053642,7.072120666862247e-13,0.00934852809565312,103,converged,gap_residual_and_feasibility
323,0.6562030837485535,IPOPT,1.0,1.0e-10,31.45003318786621,67115.52982204928,67115.52982157466,7.071765183858272e-10,9.999823413764375e-9,NaN,41,INTERRUPTED,gap_and_residual
323,0.6562030837485535,sMEL-ADMM,1.0,0.01,6.97483,67478.29491364847,67115.52982157466,0.5405084233682023,7.112088695748753e-13,0.009267312551228368,103,converged,gap_residual_and_feasibility
324,0.5917239488349904,IPOPT,1.0,1.0e-10,28.46503257751465,69593.10252745367,69593.10252698086,6.79386692814224e-10,9.999822969675165e-9,NaN,38,INTERRUPTED,gap_and_residual
324,0.5917239488349904,sMEL-ADMM,1.0,0.01,8.725754,69974.30257298418,69593.10252698086,0.5477554989814211,7.096545573404001e-13,0.009750083213031058,103,converged,gap_residual_and_feasibility
325,0.6638994399314828,IPOPT,1.0,1.0e-10,30.502796173095703,66819.80187787837,66819.80187740372,7.103498627393905e-10,9.999822803141711e-9,NaN,41,INTERRUPTED,gap_and_residual
325,0.6638994399314828,sMEL-ADMM,1.0,0.01,8.645211,67181.22167459942,66819.80187740372,0.5408872625195917,7.099876242477876e-13,0.009231719419846018,103,converged,gap_residual_and_feasibility
326,0.40564676273792377,IPOPT,1.0,1.0e-10,27.507781982421875,76743.00858606842,76743.0085855982,6.127151455754369e-10,9.999823302742072e-9,NaN,36,INTERRUPTED,gap_and_residual
326,0.40564676273792377,sMEL-ADMM,1.0,0.01,6.560587,77076.46632915214,76743.0085855982,0.4345122112094483,7.107647803650252e-13,0.008518247135468782,104,converged,gap_residual_and_feasibility
327,0.29099337326708474,IPOPT,1.0,1.0e-10,29.744863510131836,81148.4974114987,81148.49741103077,5.766359218128383e-10,9.999823136208619e-9,NaN,39,INTERRUPTED,gap_and_residual
327,0.29099337326708474,sMEL-ADMM,1.0,0.01,7.499916,81310.01372416309,81148.49741103077,0.19903795915556316,7.064349105689871e-13,0.004687577497842099,105,converged,gap_residual_and_feasibility
328,0.5511968712043549,IPOPT,1.0,1.0e-10,29.135942459106445,71150.33156754613,71150.33156707489,6.62328920155735e-10,9.999823413764375e-9,NaN,40,INTERRUPTED,gap_and_residual
328,0.5511968712043549,sMEL-ADMM,1.0,0.01,6.508965,71291.24114704183,71150.33156707489,0.19804486762525697,7.067679774763747e-13,0.004323461653278571,104,converged,gap_residual_and_feasibility
329,0.5649527398404968,IPOPT,1.0,1.0e-10,27.52399444580078,70621.770433504,70621.77043303137,6.692435658354249e-10,9.99982319171977e-9,NaN,37,INTERRUPTED,gap_and_residual
329,0.5649527398404968,sMEL-ADMM,1.0,0.01,10.694254,70756.88248369348,70621.77043303137,0.1913178469381919,7.086553566182374e-13,0.004239968256390725,104,converged,gap_residual_and_feasibility
330,0.6413646962369884,IPOPT,1.0,1.0e-10,35.314083099365234,67685.68610501075,67685.68610453616,7.011765567759385e-10,9.999822525585955e-9,NaN,41,INTERRUPTED,gap_and_residual
330,0.6413646962369884,sMEL-ADMM,1.0,0.01,10.825708,68051.4870267154,67685.68610453616,0.5404405912563102,7.073230889886872e-13,0.009347316442509745,103,converged,gap_residual_and_feasibility
331,0.544358899059338,IPOPT,1.0,1.0e-10,31.13698959350586,71413.07661165274,71413.07661118153,6.59830929250243e-10,9.999823857853585e-9,NaN,41,INTERRUPTED,gap_and_residual
331,0.544358899059338,sMEL-ADMM,1.0,0.01,6.335038,71556.86862997961,71413.07661118153,0.2013525052014966,7.084333120133124e-13,0.004368768801663592,104,converged,gap_residual_and_feasibility
332,0.41668043278831723,IPOPT,1.0,1.0e-10,33.41817855834961,76319.0463261227,76319.04632565225,6.164239335623687e-10,9.999823025186316e-9,NaN,40,INTERRUPTED,gap_and_residual
332,0.41668043278831723,sMEL-ADMM,1.0,0.01,6.058211,76641.40590544554,76319.04632565225,0.42238418234131275,7.087663789206999e-13,0.008228865900176796,104,converged,gap_residual_and_feasibility
333,0.7255616771006019,IPOPT,1.0,1.0e-10,35.52603721618652,64450.466805854434,64450.46680537928,7.372427781308021e-10,9.999822525585955e-9,NaN,41,INTERRUPTED,gap_and_residual
333,0.7255616771006019,sMEL-ADMM,1.0,0.01,7.141413,64808.581712383864,64450.46680537928,0.5556436202176539,7.100986465502501e-13,0.009140095628041522,103,converged,gap_residual_and_feasibility
334,0.6143076262090245,IPOPT,1.0,1.0e-10,31.644105911254883,68725.3380525642,68725.3380520912,6.882402706034323e-10,9.999822470074804e-9,NaN,41,INTERRUPTED,gap_and_residual
334,0.6143076262090245,sMEL-ADMM,1.0,0.01,7.287292,69098.67857051022,68725.3380520912,0.5432356231351553,7.097655796428626e-13,0.009544883257145753,103,converged,gap_residual_and_feasibility
335,0.5885063934111325,IPOPT,1.0,1.0e-10,28.797149658203125,69716.73519571092,69716.73519523811,6.781818975900088e-10,9.999822470074804e-9,NaN,38,INTERRUPTED,gap_and_residual
335,0.5885063934111325,sMEL-ADMM,1.0,0.01,5.760416,70099.13400886417,69716.73519523811,0.5485036161764768,7.102096688527126e-13,0.0097813499165329,103,converged,gap_residual_and_feasibility
336,0.5260485962429595,IPOPT,1.0,1.0e-10,27.180910110473633,72116.63919118281,72116.63919071051,6.549070588313162e-10,9.999823136208619e-9,NaN,37,INTERRUPTED,gap_and_residual
336,0.5260485962429595,sMEL-ADMM,1.0,0.01,7.236292,72268.54911562699,72116.63919071051,0.21064476467733087,7.087663789206999e-13,0.004502728053548566,104,converged,gap_residual_and_feasibility
337,0.420879588374111,IPOPT,1.0,1.0e-10,32.49096870422363,76157.69625095667,76157.69625048354,6.212457087249242e-10,9.99982141536293e-9,NaN,40,INTERRUPTED,gap_and_residual
337,0.420879588374111,sMEL-ADMM,1.0,0.01,5.934077,76475.73462888756,76157.69625048354,0.4176050406750553,7.096545573404001e-13,0.008116102156979,104,converged,gap_residual_and_feasibility
338,0.5560330072382929,IPOPT,1.0,1.0e-10,27.107954025268555,70964.50589458928,70964.50589411294,6.71240343441716e-10,9.99982047167336e-9,NaN,36,INTERRUPTED,gap_and_residual
338,0.5560330072382929,sMEL-ADMM,1.0,0.01,11.359291,71103.37598363309,70964.50589411294,0.19568950388713643,7.0921046813055e-13,0.004294092258181337,104,converged,gap_residual_and_feasibility
339,0.3343998339260276,IPOPT,1.0,1.0e-10,29.625892639160156,79480.62977786831,79480.62977739939,5.899813799062685e-10,9.999822969675165e-9,NaN,40,INTERRUPTED,gap_and_residual
339,0.3343998339260276,sMEL-ADMM,1.0,0.01,10.250007,79617.00343613047,79480.62977739939,0.17158099918561964,7.078782005009998e-13,0.004266940680375697,105,converged,gap_residual_and_feasibility
340,0.4936539852671223,IPOPT,1.0,1.0e-10,28.761863708496094,73361.38299960588,73361.38299913133,6.468696310126686e-10,9.999820360651057e-9,NaN,40,INTERRUPTED,gap_and_residual
340,0.4936539852671223,sMEL-ADMM,1.0,0.01,11.274753,73563.97455443715,73361.38299913133,0.27615558352850067,7.072120666862247e-13,0.005341296389996586,104,converged,gap_residual_and_feasibility
341,0.5761127447291841,IPOPT,1.0,1.0e-10,30.070066452026367,70192.95383195771,70192.95383148301,6.762758948771338e-10,9.99982091576257e-9,NaN,36,INTERRUPTED,gap_and_residual
341,0.5761127447291841,sMEL-ADMM,1.0,0.01,5.597167,70580.144201483,70192.95383148301,0.5516086001018511,7.09432512735475e-13,0.009906273271176325,103,converged,gap_residual_and_feasibility
342,0.4537185341586752,IPOPT,1.0,1.0e-10,28.697967529296875,74895.8791397441,74895.8791392705,6.323339635636622e-10,9.999821248829477e-9,NaN,40,INTERRUPTED,gap_and_residual
342,0.4537185341586752,sMEL-ADMM,1.0,0.01,7.058001,75171.66270020744,74895.8791392705,0.36822260998380213,7.072120666862247e-13,0.007015433071616117,104,converged,gap_residual_and_feasibility
343,0.3928264944389959,IPOPT,1.0,1.0e-10,26.338815689086914,77235.6198293175,77235.61982884746,6.085811376060421e-10,9.999822858652863e-9,NaN,35,INTERRUPTED,gap_and_residual
343,0.3928264944389959,sMEL-ADMM,1.0,0.01,10.972038999999999,77581.90884392403,77235.61982884746,0.44835403126684764,7.065459328714496e-13,0.008852394761370341,104,converged,gap_residual_and_feasibility
344,0.3567333640721057,IPOPT,1.0,1.0e-10,29.135942459106445,78622.47706258688,78622.47706211453,6.007889676887321e-10,9.999820249628755e-9,NaN,38,INTERRUPTED,gap_and_residual
344,0.3567333640721057,sMEL-ADMM,1.0,0.01,7.036458,79000.03377254866,78622.47706211453,0.48021472299308066,7.073230889886872e-13,0.009666506973910582,104,converged,gap_residual_and_feasibility
345,0.6116875406333311,IPOPT,1.0,1.0e-10,30.080080032348633,68826.01329451616,68826.01329404148,6.896861405023757e-10,9.999821748429838e-9,NaN,39,INTERRUPTED,gap_and_residual
345,0.6116875406333311,sMEL-ADMM,1.0,0.01,6.448792,69200.22342264182,68826.01329404148,0.5437044958591871,7.069900220812997e-13,0.009567609026537416,103,converged,gap_residual_and_feasibility
346,0.5660123343677473,IPOPT,1.0,1.0e-10,30.064105987548828,70581.05613913527,70581.0561386626,6.69670849928911e-10,9.999822359052501e-9,NaN,37,INTERRUPTED,gap_and_residual
346,0.5660123343677473,sMEL-ADMM,1.0,0.01,5.793577,70715.72672626699,70581.0561386626,0.19080273797520567,7.083222897108499e-13,0.00423360941346651,104,converged,gap_residual_and_feasibility
347,0.662502375034612,IPOPT,1.0,1.0e-10,31.244993209838867,66873.48327203498,66873.48327156022,7.099319657054137e-10,9.999821914963292e-9,NaN,41,INTERRUPTED,gap_and_residual
347,0.662502375034612,sMEL-ADMM,1.0,0.01,6.343835,67235.13720214335,66873.48327156022,0.5408031896806069,7.097655796428626e-13,0.009237922417595468,103,converged,gap_residual_and_feasibility
348,0.6090661670487099,IPOPT,1.0,1.0e-10,26.566028594970703,68926.7380274475,68926.73802697462,6.860603748228257e-10,9.99982363580898e-9,NaN,37,INTERRUPTED,gap_and_residual
348,0.6090661670487099,sMEL-ADMM,1.0,0.01,5.621875999999999,69301.82625262311,68926.73802697462,0.544183921052088,7.083222897108499e-13,0.009590549433713735,103,converged,gap_residual_and_feasibility
349,0.27801879839686383,IPOPT,1.0,1.0e-10,27.6029109954834,81647.03779368328,81647.03779321487,5.737031151971898e-10,9.99982230354135e-9,NaN,35,INTERRUPTED,gap_and_residual
349,0.27801879839686383,sMEL-ADMM,1.0,0.01,8.030712000000001,81814.42474326381,81647.03779321487,0.20501288788072672,7.081002451059248e-13,0.00478572293021351,105,converged,gap_residual_and_feasibility
350,0.4902073184537434,IPOPT,1.0,1.0e-10,34.14011001586914,73493.81913779028,73493.8191373162,6.450703634535274e-10,9.99982141536293e-9,NaN,40,INTERRUPTED,gap_and_residual
350,0.4902073184537434,sMEL-ADMM,1.0,0.01,14.129288,73703.85056901159,73493.8191373162,0.28578108221994075,7.083222897108499e-13,0.005464345915923374,104,converged,gap_residual_and_feasibility
351,0.33073965908381664,IPOPT,1.0,1.0e-10,33.97512435913086,79621.26983605501,79621.26983558615,5.888661530093121e-10,9.999822803141711e-9,NaN,40,INTERRUPTED,gap_and_residual
351,0.33073965908381664,sMEL-ADMM,1.0,0.01,6.655336,79760.14515624783,79621.26983558615,0.17441987668427356,7.102096688527126e-13,0.004308715716724976,105,converged,gap_residual_and_feasibility
352,0.43289002975889745,IPOPT,1.0,1.0e-10,30.810117721557617,75696.20212894803,75696.20212847466,6.253600432625992e-10,9.99982230354135e-9,NaN,40,INTERRUPTED,gap_and_residual
352,0.43289002975889745,sMEL-ADMM,1.0,0.01,7.270167,76000.27272962175,75696.20212847466,0.4016986223839992,7.09432512735475e-13,0.0077518932511054794,104,converged,gap_residual_and_feasibility
353,0.38544290089736266,IPOPT,1.0,1.0e-10,26.448965072631836,77519.33005358138,77519.33005310972,6.084375033410208e-10,9.999822081496745e-9,NaN,35,INTERRUPTED,gap_and_residual
353,0.38544290089736266,sMEL-ADMM,1.0,0.01,6.9647499999999996,77872.54337681008,77519.33005310972,0.4556454802413361,7.077671781985373e-13,0.009032684868068408,104,converged,gap_residual_and_feasibility
354,0.4773398541969926,IPOPT,1.0,1.0e-10,30.344009399414062,73988.24385786506,73988.24385739124,6.404056739934627e-10,9.999821748429838e-9,NaN,40,INTERRUPTED,gap_and_residual
354,0.4773398541969926,sMEL-ADMM,1.0,0.01,6.956459,74225.31135935827,73988.24385739124,0.32041239203347877,7.086553566182374e-13,0.006007060097379058,104,converged,gap_residual_and_feasibility
355,0.40213977612533924,IPOPT,1.0,1.0e-10,28.857946395874023,76877.76247693831,76877.7624764686,6.109786557393591e-10,9.999823524786677e-9,NaN,36,INTERRUPTED,gap_and_residual
355,0.40213977612533924,sMEL-ADMM,1.0,0.01,5.966918,77214.70403078983,76877.7624764686,0.43828220732147016,7.086553566182374e-13,0.008608995005849884,104,converged,gap_residual_and_feasibility
356,0.37095976422454124,IPOPT,1.0,1.0e-10,28.192996978759766,78075.83603272014,78075.83603225098,6.008949385681285e-10,9.999822636608258e-9,NaN,36,INTERRUPTED,gap_and_residual
356,0.37095976422454124,sMEL-ADMM,1.0,0.01,7.390008,78441.84783161485,78075.83603225098,0.4687901122348291,7.05990821359137e-13,0.00936592259703728,104,converged,gap_residual_and_feasibility
357,0.56610773183558,IPOPT,1.0,1.0e-10,26.798009872436523,70577.39054773451,70577.39054726188,6.696643939897878e-10,9.999822692119409e-9,NaN,37,INTERRUPTED,gap_and_residual
357,0.56610773183558,sMEL-ADMM,1.0,0.01,6.569295,70712.02148768309,70577.39054726188,0.19075647226012532,7.058797990566745e-13,0.0042330383532895866,104,converged,gap_residual_and_feasibility
358,0.37305006793579853,IPOPT,1.0,1.0e-10,31.20112419128418,77995.51734625227,77995.51734578033,6.050772901203118e-10,9.99982135985178e-9,NaN,38,INTERRUPTED,gap_and_residual
358,0.37305006793579853,sMEL-ADMM,1.0,0.01,7.460501,78359.76930280423,77995.51734578033,0.46701652789742176,7.097655796428626e-13,0.009320105446820381,104,converged,gap_residual_and_feasibility
359,0.2582480130528886,IPOPT,1.0,1.0e-10,26.89504623413086,82406.71855240127,82406.7185519339,5.671605683584378e-10,9.999821248829477e-9,NaN,36,INTERRUPTED,gap_and_residual
359,0.2582480130528886,sMEL-ADMM,1.0,0.01,6.49,82582.17418492072,82406.7185519339,0.21291423329306133,7.064349105689871e-13,0.004918214824421341,105,converged,gap_residual_and_feasibility
360,0.4430451509439783,IPOPT,1.0,1.0e-10,37.69087791442871,75305.9975906567,75305.99759018522,6.260883176462099e-10,9.999822636608258e-9,NaN,41,INTERRUPTED,gap_and_residual
360,0.4430451509439783,sMEL-ADMM,1.0,0.01,6.949215,75596.76487923814,75305.99759018522,0.3861143844548411,7.095435350379375e-13,0.007405503129382374,104,converged,gap_residual_and_feasibility
361,0.4647425303536647,IPOPT,1.0,1.0e-10,29.16097640991211,74472.28859198299,74472.28859150919,6.362041732317801e-10,9.99982141536293e-9,NaN,40,INTERRUPTED,gap_and_residual
361,0.4647425303536647,sMEL-ADMM,1.0,0.01,8.093537,74731.11485236073,74472.28859150919,0.34754707522315303,7.095435350379375e-13,0.006573840724087177,104,converged,gap_residual_and_feasibility
362,0.6057959274272711,IPOPT,1.0,1.0e-10,33.689022064208984,69052.39505490282,69052.39505443133,6.828099227299094e-10,9.999824801543156e-9,NaN,39,INTERRUPTED,gap_and_residual
362,0.6057959274272711,sMEL-ADMM,1.0,0.01,6.366541,69428.60238610333,69052.39505443133,0.5448143129220291,7.084333120133124e-13,0.009619777236229088,103,converged,gap_residual_and_feasibility
363,0.41356857034008765,IPOPT,1.0,1.0e-10,28.165102005004883,76438.61780416797,76438.61780369777,6.151360377375157e-10,9.999822692119409e-9,NaN,37,INTERRUPTED,gap_and_residual
363,0.41356857034008765,sMEL-ADMM,1.0,0.01,6.593962,76764.13947588445,76438.61780369777,0.42586022816721025,7.097655796428626e-13,0.008311367095986899,104,converged,gap_residual_and_feasibility
364,0.5010359996114092,IPOPT,1.0,1.0e-10,38.398027420043945,73077.73345506622,73077.733454595,6.448203805031201e-10,9.999822692119409e-9,NaN,40,INTERRUPTED,gap_and_residual
364,0.5010359996114092,sMEL-ADMM,1.0,0.01,6.336457,73264.70952295643,73077.733454595,0.2558591509650506,7.093214904330125e-13,0.005082946171381053,104,converged,gap_residual_and_feasibility
365,0.3578141954471085,IPOPT,1.0,1.0e-10,28.447866439819336,78580.94675487644,78580.94675440427,6.00865747889905e-10,9.999821748429838e-9,NaN,38,INTERRUPTED,gap_and_residual
365,0.3578141954471085,sMEL-ADMM,1.0,0.01,6.239211,78957.63757597824,78580.94675440427,0.4793666112871758,7.076561558960748e-13,0.00964396096516107,104,converged,gap_residual_and_feasibility
366,0.5789713391759201,IPOPT,1.0,1.0e-10,34.73997116088867,70083.11402739513,70083.11402692372,6.726431899727566e-10,9.999823802342434e-9,NaN,39,INTERRUPTED,gap_and_residual
366,0.5789713391759201,sMEL-ADMM,1.0,0.01,6.123789,70469.17550315167,70083.11402692372,0.5508623319443698,7.0921046813055e-13,0.009876849147364086,103,converged,gap_residual_and_feasibility
367,0.2573315075854687,IPOPT,1.0,1.0e-10,26.746034622192383,82441.93473409284,82441.93473362549,5.66882995873716e-10,9.99982180394099e-9,NaN,36,INTERRUPTED,gap_and_residual
367,0.2573315075854687,sMEL-ADMM,1.0,0.01,6.737798,82617.77616615429,82441.93473362549,0.21329124928588425,7.08988423525625e-13,0.004924535237590177,105,converged,gap_residual_and_feasibility
368,0.3272353700581177,IPOPT,1.0,1.0e-10,31.137943267822266,79755.92007374145,79755.92007327256,5.879084738257187e-10,9.999822636608258e-9,NaN,40,INTERRUPTED,gap_and_residual
368,0.3272353700581177,sMEL-ADMM,1.0,0.01,7.54221,79897.10705796948,79755.92007327256,0.17702383041561098,7.078782005009998e-13,0.004347335754825821,105,converged,gap_residual_and_feasibility
369,0.4332485892473266,IPOPT,1.0,1.0e-10,37.93597221374512,75682.42469221617,75682.42469174274,6.255507959318071e-10,9.99982091576257e-9,NaN,40,INTERRUPTED,gap_and_residual
369,0.4332485892473266,sMEL-ADMM,1.0,0.01,6.397792,75986.05561672928,75682.42469174274,0.40119079987625156,7.079892228034623e-13,0.007740438943222849,104,converged,gap_residual_and_feasibility
370,0.3013118794558904,IPOPT,1.0,1.0e-10,29.35004234313965,80752.0149008663,80752.01490039818,5.797014000935164e-10,9.99982274763056e-9,NaN,39,INTERRUPTED,gap_and_residual
370,0.3013118794558904,sMEL-ADMM,1.0,0.01,7.2211680000000005,80908.31484926865,80752.01490039818,0.1935554785391437,7.109868249699502e-13,0.004600141048522133,105,converged,gap_residual_and_feasibility
371,0.3143700627863083,IPOPT,1.0,1.0e-10,31.759977340698242,80250.261912943,80250.26191247416,5.842144232985331e-10,9.999822803141711e-9,NaN,40,INTERRUPTED,gap_and_residual
371,0.3143700627863083,sMEL-ADMM,1.0,0.01,6.783499,80399.38591924592,80250.26191247416,0.1858237010296649,7.075451335936123e-13,0.0044800250631809035,105,converged,gap_residual_and_feasibility
372,0.6078063274285768,IPOPT,1.0,1.0e-10,34.72089767456055,68975.14662133071,68975.14662085877,6.842286501840825e-10,9.999824024387038e-9,NaN,37,INTERRUPTED,gap_and_residual
372,0.6078063274285768,sMEL-ADMM,1.0,0.01,6.741788000000001,69350.66306359902,68975.14662085877,0.5444228263904681,7.085443343157749e-13,0.009601734329763745,103,converged,gap_residual_and_feasibility
373,0.6220970657376055,IPOPT,1.0,1.0e-10,30.217885971069336,68426.033435773,68426.03343529855,6.933773891106783e-10,9.999822359052501e-9,NaN,41,INTERRUPTED,gap_and_residual
373,0.6220970657376055,sMEL-ADMM,1.0,0.01,6.58737,68796.88379950532,68426.03343529855,0.5419726171288745,7.095435350379375e-13,0.009479760736270437,103,converged,gap_residual_and_feasibility
374,0.6416965834299709,IPOPT,1.0,1.0e-10,38.04183006286621,67672.93353549021,67672.93353501566,7.012441795015819e-10,9.999822137007897e-9,NaN,41,INTERRUPTED,gap_and_residual
374,0.6416965834299709,sMEL-ADMM,1.0,0.01,6.963537,68038.66007092968,67672.93353501566,0.5404325138717071,7.077671781985373e-13,0.009345360244499279,103,converged,gap_residual_and_feasibility
375,0.5672543370170843,IPOPT,1.0,1.0e-10,27.97079086303711,70533.33292032707,70533.33291985448,6.700207963991061e-10,9.999822359052501e-9,NaN,37,INTERRUPTED,gap_and_residual
375,0.5672543370170843,sMEL-ADMM,1.0,0.01,6.867825,70924.07768253793,70533.33291985448,0.5539859616834529,7.104317134576377e-13,0.009998883755127919,103,converged,gap_residual_and_feasibility
376,0.2999155752286518,IPOPT,1.0,1.0e-10,29.9680233001709,80805.66706674095,80805.66706627299,5.791184045668754e-10,9.99982274763056e-9,NaN,39,INTERRUPTED,gap_and_residual
376,0.2999155752286518,sMEL-ADMM,1.0,0.01,6.815708,80962.6978562652,80805.66706627299,0.1943314073051526,7.086553566182374e-13,0.004612383678805898,105,converged,gap_residual_and_feasibility
377,0.4576431535319995,IPOPT,1.0,1.0e-10,31.89706802368164,74745.07795651664,74745.07795604286,6.338628160690339e-10,9.999822192519048e-9,NaN,40,INTERRUPTED,gap_and_residual
377,0.4576431535319995,sMEL-ADMM,1.0,0.01,7.629871,75015.00986033372,74745.07795604286,0.36113669511403323,7.084333120133124e-13,0.006863061193102982,104,converged,gap_residual_and_feasibility
378,0.6979856949455734,IPOPT,1.0,1.0e-10,31.428098678588867,65510.05764564539,65510.05764517041,7.25051703639472e-10,9.999821193318326e-9,NaN,41,INTERRUPTED,gap_and_residual
378,0.6979856949455734,sMEL-ADMM,1.0,0.01,5.647373,65867.91908757655,65510.05764517041,0.5462694665061412,7.105427357601002e-13,0.009136092743199264,103,converged,gap_residual_and_feasibility
379,0.42615851871704324,IPOPT,1.0,1.0e-10,29.19793128967285,75954.85646799563,75954.85646752238,6.230771922520944e-10,9.999821193318326e-9,NaN,40,INTERRUPTED,gap_and_residual
379,0.42615851871704324,sMEL-ADMM,1.0,0.01,7.0184169999999995,76267.01295170443,75954.85646752238,0.41097633344291323,7.096545573404001e-13,0.007962660942360977,104,converged,gap_residual_and_feasibility
380,0.6517372867994743,IPOPT,1.0,1.0e-10,33.3409309387207,67287.12543423852,67287.12543376387,7.054163301805937e-10,9.999822414563653e-9,NaN,41,INTERRUPTED,gap_and_residual
380,0.6517372867994743,sMEL-ADMM,1.0,0.01,9.362910000000001,67650.75553753709,67287.12543376387,0.5404155719672845,7.075451335936123e-13,0.009290138790712499,103,converged,gap_residual_and_feasibility
381,0.6012940478458964,IPOPT,1.0,1.0e-10,29.42800521850586,69225.3771209445,69225.37712047157,6.83163765483973e-10,9.999822081496745e-9,NaN,38,INTERRUPTED,gap_and_residual
381,0.6012940478458964,sMEL-ADMM,1.0,0.01,7.528921,69603.14415243467,69225.37712047157,0.5457059934909118,7.079892228034623e-13,0.009660499902280462,103,converged,gap_residual_and_feasibility
382,0.3972564333546221,IPOPT,1.0,1.0e-10,26.946067810058594,77065.40204090133,77065.40204043133,6.098686902317262e-10,9.999823580297829e-9,NaN,35,INTERRUPTED,gap_and_residual
382,0.3972564333546221,sMEL-ADMM,1.0,0.01,6.278122,77407.27924642344,77065.40204043133,0.4436195710920209,7.073230889886872e-13,0.008737521229905898,104,converged,gap_residual_and_feasibility
383,0.6278783846504635,IPOPT,1.0,1.0e-10,32.94205665588379,68203.88966850712,68203.88966803263,6.956997645747979e-10,9.999822025985594e-9,NaN,41,INTERRUPTED,gap_and_residual
383,0.6278783846504635,sMEL-ADMM,1.0,0.01,6.276747,68573.04532262184,68203.88966803263,0.5412530815852185,7.069900220812997e-13,0.009435380007560057,103,converged,gap_residual_and_feasibility
384,0.26423017055169745,IPOPT,1.0,1.0e-10,30.943870544433594,82176.85768099931,82176.85768053168,5.690480374432142e-10,9.999822525585955e-9,NaN,39,INTERRUPTED,gap_and_residual
384,0.26423017055169745,sMEL-ADMM,1.0,0.01,6.739629,82349.96222119078,82176.85768053168,0.21064877088882644,7.087663789206999e-13,0.0048797243394904655,105,converged,gap_residual_and_feasibility
385,0.47774652281067975,IPOPT,1.0,1.0e-10,30.20191192626953,73972.6178563877,73972.61785591391,6.405016094513109e-10,9.999821304340628e-9,NaN,40,INTERRUPTED,gap_and_residual
385,0.47774652281067975,sMEL-ADMM,1.0,0.01,6.140538,74208.90346747024,73972.61785591391,0.31942307627476135,7.077671781985373e-13,0.005986687794523937,104,converged,gap_residual_and_feasibility
386,0.5898936551856364,IPOPT,1.0,1.0e-10,28.529882431030273,69663.43048074577,69663.43048027296,6.787008254190913e-10,9.99982230354135e-9,NaN,38,INTERRUPTED,gap_and_residual
386,0.5898936551856364,sMEL-ADMM,1.0,0.01,6.495251,70045.31025194388,69663.43048027296,0.5481782465178234,7.093214904330125e-13,0.009767812709460477,103,converged,gap_residual_and_feasibility
387,0.3995943812845301,IPOPT,1.0,1.0e-10,24.92213249206543,76975.56777148138,76975.5677710112,6.108072920322111e-10,9.999823025186316e-9,NaN,34,INTERRUPTED,gap_and_residual
387,0.3995943812845301,sMEL-ADMM,1.0,0.01,5.8227590000000005,77315.0747428372,76975.5677710112,0.44105809370054233,7.095435350379375e-13,0.00867580091978648,104,converged,gap_residual_and_feasibility
388,0.4826201832927479,IPOPT,1.0,1.0e-10,29.696941375732422,73785.3503286522,73785.35032817833,6.422258150010702e-10,9.999822248030199e-9,NaN,40,INTERRUPTED,gap_and_residual
388,0.4826201832927479,sMEL-ADMM,1.0,0.01,6.417165,74011.56859714606,73785.35032817833,0.306589679335488,7.078782005009998e-13,0.005731929980896666,104,converged,gap_residual_and_feasibility
389,0.6024638000056911,IPOPT,1.0,1.0e-10,34.85298156738281,69180.43008455695,69180.43008408402,6.83628656756109e-10,9.999821692918687e-9,NaN,38,INTERRUPTED,gap_and_residual
389,0.6024638000056911,sMEL-ADMM,1.0,0.01,6.41383,69557.78812432071,69180.43008408402,0.545469347007587,7.072120666862247e-13,0.00964982287435423,103,converged,gap_residual_and_feasibility
390,0.398199195468881,IPOPT,1.0,1.0e-10,25.77805519104004,77029.17696305082,77029.17696258084,6.101366062354168e-10,9.999823413764375e-9,NaN,35,INTERRUPTED,gap_and_residual
390,0.398199195468881,sMEL-ADMM,1.0,0.01,6.703752000000001,77370.0981150137,77029.17696258084,0.4425870376344135,7.074341112911497e-13,0.008712626216665686,104,converged,gap_residual_and_feasibility
391,0.7206561770860935,IPOPT,1.0,1.0e-10,33.331871032714844,64638.9577488332,64638.957748358145,7.349353472515058e-10,9.99982185945214e-9,NaN,41,INTERRUPTED,gap_and_residual
391,0.7206561770860935,sMEL-ADMM,1.0,0.01,6.927127,64996.74712392089,64638.957748358145,0.553519716322828,7.078782005009998e-13,0.009132082769797267,103,converged,gap_residual_and_feasibility
392,0.27411168715287043,IPOPT,1.0,1.0e-10,27.111053466796875,81797.16623737397,81797.16623690573,5.724366721299671e-10,9.99982230354135e-9,NaN,36,INTERRUPTED,gap_and_residual
392,0.27411168715287043,sMEL-ADMM,1.0,0.01,7.069957,81966.25731937944,81797.16623690573,0.20671997607346937,7.087663789206999e-13,0.0048139123914232584,105,converged,gap_residual_and_feasibility
393,0.3559961331600197,IPOPT,1.0,1.0e-10,36.3001823425293,78650.80472529224,78650.80472481989,6.005725815081541e-10,9.99982097127372e-9,NaN,38,INTERRUPTED,gap_and_residual
393,0.3559961331600197,sMEL-ADMM,1.0,0.01,6.594502,79028.95811003313,78650.80472481989,0.4808004018983768,7.077671781985373e-13,0.009682043652522898,104,converged,gap_residual_and_feasibility
394,0.6451430748546552,IPOPT,1.0,1.0e-10,37.506103515625,67540.50413651243,67540.50413603785,7.026622282635639e-10,9.999822470074804e-9,NaN,41,INTERRUPTED,gap_and_residual
394,0.6451430748546552,sMEL-ADMM,1.0,0.01,6.565502,67905.48127241949,67540.50413603785,0.5403826060381708,7.104317134576377e-13,0.009325639910664485,103,converged,gap_residual_and_feasibility
395,0.662712424032474,IPOPT,1.0,1.0e-10,31.863927841186523,66865.4122632567,66865.41226278193,7.100394212404488e-10,9.999821748429838e-9,NaN,41,INTERRUPTED,gap_and_residual
395,0.662712424032474,sMEL-ADMM,1.0,0.01,7.4581669999999995,67227.03069635875,66865.41226278193,0.5408153802382228,7.09432512735475e-13,0.009236982218703838,103,converged,gap_residual_and_feasibility
396,0.4698299043444989,IPOPT,1.0,1.0e-10,30.241012573242188,74276.80924880053,74276.80924832664,6.380156553879854e-10,9.999821248829477e-9,NaN,40,INTERRUPTED,gap_and_residual
396,0.4698299043444989,sMEL-ADMM,1.0,0.01,7.843297000000001,74527.31073135001,74276.80924832664,0.33725396332774465,7.087663789206999e-13,0.006357025125594218,104,converged,gap_residual_and_feasibility
397,0.5274901943154042,IPOPT,1.0,1.0e-10,30.52997589111328,72061.24663603702,72061.24663556463,6.555316403728538e-10,9.999823413764375e-9,NaN,36,INTERRUPTED,gap_and_residual
397,0.5274901943154042,sMEL-ADMM,1.0,0.01,7.379794,72212.42293845462,72061.24663556463,0.20978863112725718,7.085443343157749e-13,0.004490605371971768,104,converged,gap_residual_and_feasibility
398,0.6974468640706357,IPOPT,1.0,1.0e-10,30.842065811157227,65530.76190401308,65530.761903538085,7.248448318454404e-10,9.999821970474443e-9,NaN,41,INTERRUPTED,gap_and_residual
398,0.6974468640706357,sMEL-ADMM,1.0,0.01,5.379709,65888.64898366653,65530.761903538085,0.5461359974041751,7.082112674083874e-13,0.009136809922524636,103,converged,gap_residual_and_feasibility
399,0.3650575005098477,IPOPT,1.0,1.0e-10,27.01282501220703,78302.62703262184,78302.62703214948,6.032430663135331e-10,9.999820749229116e-9,NaN,35,INTERRUPTED,gap_and_residual
399,0.3650575005098477,sMEL-ADMM,1.0,0.01,7.3664510000000005,78673.5452935499,78302.62703214948,0.47369836167582524,7.065459328714496e-13,0.009493662725022833,104,converged,gap_residual_and_feasibility
400,0.3850134590584936,IPOPT,1.0,1.0e-10,27.57406234741211,77535.8311027963,77535.83110232462,6.083455526384903e-10,9.999822359052501e-9,NaN,35,INTERRUPTED,gap_and_residual
400,0.3850134590584936,sMEL-ADMM,1.0,0.01,6.5498780000000005,77889.43729150292,77535.83110232462,0.4560551994492019,7.075451335936123e-13,0.009042914325190221,104,converged,gap_residual_and_feasibility
401,0.2910623626452911,IPOPT,1.0,1.0e-10,35.90512275695801,81145.84653535657,81145.8465348887,5.765830272302214e-10,9.999822248030199e-9,NaN,39,INTERRUPTED,gap_and_residual
401,0.2910623626452911,sMEL-ADMM,1.0,0.01,12.596426000000001,81307.32949431847,81145.8465348887,0.19900335793569845,7.087663789206999e-13,0.004687017916399583,105,converged,gap_residual_and_feasibility
402,0.6374036266707426,IPOPT,1.0,1.0e-10,29.808998107910156,67837.88786538951,67837.88786491496,6.995390370308168e-10,9.999821748429838e-9,NaN,41,INTERRUPTED,gap_and_residual
402,0.6374036266707426,sMEL-ADMM,1.0,0.01,8.550993,68204.59997837449,67837.88786491496,0.5405712427099252,7.082112674083874e-13,0.009371266241195109,103,converged,gap_residual_and_feasibility
403,0.47576833963664644,IPOPT,1.0,1.0e-10,34.0268611907959,74048.62837738574,74048.62837691185,6.3998170082885e-10,9.999822081496745e-9,NaN,40,INTERRUPTED,gap_and_residual
403,0.47576833963664644,sMEL-ADMM,1.0,0.01,6.755534,74288.67077346063,74048.62837691185,0.3241685927347045,7.086553566182374e-13,0.006084568917881339,104,converged,gap_residual_and_feasibility
404,0.421087933924805,IPOPT,1.0,1.0e-10,30.44915199279785,76149.69069613055,76149.69069565741,6.213301293974943e-10,9.999821248829477e-9,NaN,40,INTERRUPTED,gap_and_residual
404,0.421087933924805,sMEL-ADMM,1.0,0.01,6.963874,76467.50329570948,76149.69069565741,0.4173524503497365,7.069900220812997e-13,0.008110210956368769,104,converged,gap_residual_and_feasibility
405,0.48316321764398756,IPOPT,1.0,1.0e-10,30.65013885498047,73764.48455418833,73764.48455371452,6.42328571401595e-10,9.999821970474443e-9,NaN,40,INTERRUPTED,gap_and_residual
405,0.48316321764398756,sMEL-ADMM,1.0,0.01,7.953544999999999,73989.55626896406,73764.48455371452,0.3051220605841205,7.093214904330125e-13,0.005712987700132288,104,converged,gap_residual_and_feasibility
406,0.34121068451886966,IPOPT,1.0,1.0e-10,30.299901962280273,79218.92686339805,79218.92686292868,5.924998536058437e-10,9.99982230354135e-9,NaN,40,INTERRUPTED,gap_and_residual
406,0.34121068451886966,sMEL-ADMM,1.0,0.01,6.444337,79608.49634167511,79218.92686292868,0.4917631356209824,7.069900220812997e-13,0.009979322634367183,104,converged,gap_residual_and_feasibility
407,0.7282777943342027,IPOPT,1.0,1.0e-10,29.570817947387695,64346.10160412408,64346.10160364894,7.384159230123055e-10,9.999821914963292e-9,NaN,41,INTERRUPTED,gap_and_residual
407,0.7282777943342027,sMEL-ADMM,1.0,0.01,9.754582,64704.44557731745,64346.10160364894,0.5569008296350147,7.064349105689871e-13,0.009145802979988904,103,converged,gap_residual_and_feasibility
408,0.466346890153172,IPOPT,1.0,1.0e-10,36.61394119262695,74410.6420135319,74410.64201305811,6.367312458307391e-10,9.999821082296023e-9,NaN,40,INTERRUPTED,gap_and_residual
408,0.466346890153172,sMEL-ADMM,1.0,0.01,9.640747999999999,74666.8635151692,74410.64201305811,0.34433448654579013,7.097655796428626e-13,0.006506003075869571,104,converged,gap_residual_and_feasibility
409,0.5409999086483321,IPOPT,1.0,1.0e-10,37.11509704589844,71542.14383582171,71542.14383534924,6.604101558963417e-10,9.999823136208619e-9,NaN,40,INTERRUPTED,gap_and_residual
409,0.5409999086483321,sMEL-ADMM,1.0,0.01,10.741411,71687.35641550622,71542.14383534924,0.20297487938183387,7.095435350379375e-13,0.004392206862057435,104,converged,gap_residual_and_feasibility
410,0.7259640577387778,IPOPT,1.0,1.0e-10,36.325931549072266,64435.00556730548,64435.0055668304,7.373067608807168e-10,9.999821248829477e-9,NaN,41,INTERRUPTED,gap_and_residual
410,0.7259640577387778,sMEL-ADMM,1.0,0.01,7.380872,64793.15212909599,64435.0055668304,0.5558260748408491,7.068789997788372e-13,0.00914088191430773,103,converged,gap_residual_and_feasibility
411,0.34852607692779397,IPOPT,1.0,1.0e-10,29.743194580078125,78937.83722740939,78937.83722694052,5.939644727154532e-10,9.999823136208619e-9,NaN,40,INTERRUPTED,gap_and_residual
411,0.34852607692779397,sMEL-ADMM,1.0,0.01,12.721172,79321.9199630068,78937.83722694052,0.48656354108368943,7.093214904330125e-13,0.009836441646045802,104,converged,gap_residual_and_feasibility
412,0.43779737286890325,IPOPT,1.0,1.0e-10,30.584096908569336,75507.64036610944,75507.64036563903,6.229902158169577e-10,9.999823524786677e-9,NaN,41,INTERRUPTED,gap_and_residual
412,0.43779737286890325,sMEL-ADMM,1.0,0.01,8.683714,75805.42179732074,75507.64036563903,0.3943725830124333,7.088774012231625e-13,0.00758810081193928,104,converged,gap_residual_and_feasibility
413,0.7048973782259416,IPOPT,1.0,1.0e-10,31.352996826171875,65244.48029466503,65244.48029419001,7.280587823792954e-10,9.999822414563653e-9,NaN,41,INTERRUPTED,gap_and_residual
413,0.7048973782259416,sMEL-ADMM,1.0,0.01,5.758708,65602.07757962025,65244.48029419001,0.5480881812803434,7.084333120133124e-13,0.009128565658473864,103,converged,gap_residual_and_feasibility
414,0.36626155631948787,IPOPT,1.0,1.0e-10,28.419017791748047,78256.36189873063,78256.36189826152,5.994529771608046e-10,9.999822969675165e-9,NaN,37,INTERRUPTED,gap_and_residual
414,0.36626155631948787,sMEL-ADMM,1.0,0.01,7.225955,78626.30361317171,78256.36189826152,0.4727305307025933,7.077671781985373e-13,0.009468238093786607,104,converged,gap_residual_and_feasibility
415,0.7335749473726654,IPOPT,1.0,1.0e-10,30.414104461669922,64142.561624841735,64142.56162436652,7.408725308448505e-10,9.999821526385233e-9,NaN,41,INTERRUPTED,gap_and_residual
415,0.7335749473726654,sMEL-ADMM,1.0,0.01,7.297789,64501.45479925336,64142.56162436652,0.5595242313342614,7.087663789206999e-13,0.009159603246266634,103,converged,gap_residual_and_feasibility
416,0.5210372580452104,IPOPT,1.0,1.0e-10,28.573036193847656,72309.19690388897,72309.19690341776,6.51653713758056e-10,9.999823025186316e-9,NaN,38,INTERRUPTED,gap_and_residual
416,0.5210372580452104,sMEL-ADMM,1.0,0.01,7.911957000000001,72464.32204471149,72309.19690341776,0.21453030587647845,7.076561558960748e-13,0.004555910203409397,104,converged,gap_residual_and_feasibility
417,0.4948828550529074,IPOPT,1.0,1.0e-10,30.21717071533203,73314.16440332904,73314.16440285454,6.472068579327396e-10,9.999821304340628e-9,NaN,40,INTERRUPTED,gap_and_residual
417,0.4948828550529074,sMEL-ADMM,1.0,0.01,7.229172,73514.1324283969,73314.16440285454,0.27275496784434905,7.088774012231625e-13,0.005297915705261502,104,converged,gap_residual_and_feasibility
418,0.37749847041834184,IPOPT,1.0,1.0e-10,26.787996292114258,77824.59010617336,77824.59010570208,6.055648040623077e-10,9.999821637407535e-9,NaN,36,INTERRUPTED,gap_and_residual
418,0.37749847041834184,sMEL-ADMM,1.0,0.01,8.582499,78185.02179582264,77824.59010570208,0.4631334256062493,7.093214904330125e-13,0.009220642627144615,104,converged,gap_residual_and_feasibility
419,0.5145190005248717,IPOPT,1.0,1.0e-10,34.04712677001953,72559.65710222941,72559.65710175716,6.508483140209782e-10,9.999822581097106e-9,NaN,37,INTERRUPTED,gap_and_residual
419,0.5145190005248717,sMEL-ADMM,1.0,0.01,6.494703,72721.98692617842,72559.65710175716,0.2237191173514141,7.084333120133124e-13,0.004674957179465977,104,converged,gap_residual_and_feasibility
420,0.4435711526889522,IPOPT,1.0,1.0e-10,29.538869857788086,75285.78628403645,75285.78628356502,6.261984113146156e-10,9.999823025186316e-9,NaN,41,INTERRUPTED,gap_and_residual
420,0.4435711526889522,sMEL-ADMM,1.0,0.01,8.919789,75575.84574553902,75285.78628356502,0.3852778542837917,7.09432512735475e-13,0.007387078191720797,104,converged,gap_residual_and_feasibility
421,0.5386935456292101,IPOPT,1.0,1.0e-10,29.526948928833008,71630.76447368531,71630.76447321288,6.595321596289811e-10,9.999822359052501e-9,NaN,40,INTERRUPTED,gap_and_residual
421,0.5386935456292101,sMEL-ADMM,1.0,0.01,13.756791000000002,71776.95954899484,71630.76447321288,0.2040953727872456,7.081002451059248e-13,0.0044084153789007985,104,converged,gap_residual_and_feasibility
422,0.43984837616097167,IPOPT,1.0,1.0e-10,35.24899482727051,75428.83177505326,75428.83177458186,6.249529931955903e-10,9.99982363580898e-9,NaN,41,INTERRUPTED,gap_and_residual
422,0.43984837616097167,sMEL-ADMM,1.0,0.01,7.668581,75723.90335947975,75428.83177458186,0.3911920388475654,7.076561558960748e-13,0.007517550903414771,104,converged,gap_residual_and_feasibility
423,0.5407957737722968,IPOPT,1.0,1.0e-10,29.185056686401367,71549.98759795915,71549.98759748664,6.603784337786095e-10,9.999822137007897e-9,NaN,40,INTERRUPTED,gap_and_residual
423,0.5407957737722968,sMEL-ADMM,1.0,0.01,7.420121,71695.2867546231,71549.98759748664,0.2030736300806271,7.067679774763747e-13,0.004393635181033417,104,converged,gap_residual_and_feasibility
424,0.26546678769345317,IPOPT,1.0,1.0e-10,28.946876525878906,82129.34139714164,82129.341396674,5.693949809242416e-10,9.999821914963292e-9,NaN,39,INTERRUPTED,gap_and_residual
424,0.26546678769345317,sMEL-ADMM,1.0,0.01,5.4440859999999995,82301.96790305836,82129.341396674,0.21018859210205612,7.083222897108499e-13,0.004871901505238085,105,converged,gap_residual_and_feasibility
425,0.6422992156325333,IPOPT,1.0,1.0e-10,32.63497352600098,67649.77774876222,67649.77774828764,7.015272291190059e-10,9.999822414563653e-9,NaN,41,INTERRUPTED,gap_and_residual
425,0.6422992156325333,sMEL-ADMM,1.0,0.01,10.236327999999999,68015.3703602947,67649.77774828764,0.5404195315576173,7.086553566182374e-13,0.009341837867277714,103,converged,gap_residual_and_feasibility
426,0.6408613588716928,IPOPT,1.0,1.0e-10,34.15489196777344,67705.02654621768,67705.02654574305,7.010192467286689e-10,9.999822470074804e-9,NaN,41,INTERRUPTED,gap_and_residual
426,0.6408613588716928,sMEL-ADMM,1.0,0.01,6.939413,68070.94084540686,67705.02654574305,0.540453668409082,7.072120666862247e-13,0.009350297758733195,103,converged,gap_residual_and_feasibility
427,0.74520995790518,IPOPT,1.0,1.0e-10,33.692121505737305,63695.49321176346,63695.49321128815,7.462210953096316e-10,9.999822969675165e-9,NaN,41,INTERRUPTED,gap_and_residual
427,0.74520995790518,sMEL-ADMM,1.0,0.01,5.980043,64056.07790185532,63695.49321128815,0.5661070703559109,7.095435350379375e-13,0.009202580116223102,103,converged,gap_residual_and_feasibility
428,0.6397665094456879,IPOPT,1.0,1.0e-10,31.939983367919922,67747.09548926468,67747.09548879009,7.005409749802286e-10,9.999822359052501e-9,NaN,41,INTERRUPTED,gap_and_residual
428,0.6397665094456879,sMEL-ADMM,1.0,0.01,6.1757859999999996,68113.25880581498,67747.09548879009,0.5404856317205288,7.086553566182374e-13,0.009356844545754917,103,converged,gap_residual_and_feasibility
429,0.623643386792978,IPOPT,1.0,1.0e-10,31.086206436157227,68366.61696181253,68366.61696133808,6.939799937358007e-10,9.99982180394099e-9,NaN,41,INTERRUPTED,gap_and_residual
429,0.623643386792978,sMEL-ADMM,1.0,0.01,9.183703,68736.99278397078,68366.61696133808,0.541749524979648,7.064349105689871e-13,0.009467340763249066,103,converged,gap_residual_and_feasibility
430,0.35602262293249,IPOPT,1.0,1.0e-10,29.9680233001709,78649.78687141853,78649.7868709462,6.005433495418814e-10,9.999821692918687e-9,NaN,38,INTERRUPTED,gap_and_residual
430,0.35602262293249,sMEL-ADMM,1.0,0.01,9.155748,79027.91874529317,78649.7868709462,0.4807792740334109,7.074341112911497e-13,0.009681483528867108,104,converged,gap_residual_and_feasibility
431,0.3005114112737846,IPOPT,1.0,1.0e-10,30.369043350219727,80782.77241835142,80782.77241788326,5.795347234497471e-10,9.999821748429838e-9,NaN,39,INTERRUPTED,gap_and_residual
431,0.3005114112737846,sMEL-ADMM,1.0,0.01,6.4761239999999995,80939.49191457726,80782.77241788326,0.19400113663257593,7.0921046813055e-13,0.0046071689545481576,105,converged,gap_residual_and_feasibility
432,0.3242111977023671,IPOPT,1.0,1.0e-10,29.64186668395996,79872.12211173556,79872.1221112666,5.871442496685929e-10,9.99982185945214e-9,NaN,40,INTERRUPTED,gap_and_residual
432,0.3242111977023671,sMEL-ADMM,1.0,0.01,6.568298,80015.2476333982,79872.1221112666,0.17919333848702215,7.100986465502501e-13,0.004379730212294319,105,converged,gap_residual_and_feasibility
433,0.40416051104965073,IPOPT,1.0,1.0e-10,28.416156768798828,76800.11693004896,76800.11692957897,6.119563679330204e-10,9.999823413764375e-9,NaN,38,INTERRUPTED,gap_and_residual
433,0.40416051104965073,sMEL-ADMM,1.0,0.01,6.930326,77135.05325953047,76800.11692957897,0.43611434896461354,7.064349105689871e-13,0.008556767574899649,104,converged,gap_residual_and_feasibility
434,0.432756053224947,IPOPT,1.0,1.0e-10,32.77707099914551,75701.35009819614,75701.35009772274,6.25355962077447e-10,9.999822192519048e-9,NaN,40,INTERRUPTED,gap_and_residual
434,0.432756053224947,sMEL-ADMM,1.0,0.01,7.376708,76005.58455254031,75701.35009772274,0.40188775289323037,7.081002451059248e-13,0.00775616208509855,104,converged,gap_residual_and_feasibility
435,0.5797811610654409,IPOPT,1.0,1.0e-10,32.836198806762695,70051.997099223,70051.99709875144,6.731497066535917e-10,9.999823302742072e-9,NaN,38,INTERRUPTED,gap_and_residual
435,0.5797811610654409,sMEL-ADMM,1.0,0.01,7.277168,70437.74113628491,70051.99709875144,0.5506538764193851,7.072120666862247e-13,0.009868574313894651,103,converged,gap_residual_and_feasibility
436,0.6817086592430135,IPOPT,1.0,1.0e-10,32.25588798522949,66135.49313629889,66135.49313582407,7.179419393021596e-10,9.999822692119409e-9,NaN,41,INTERRUPTED,gap_and_residual
436,0.6817086592430135,sMEL-ADMM,1.0,0.01,5.569375,66494.52744784797,66135.49313582407,0.5428768955975578,7.076561558960748e-13,0.009168116566636408,103,converged,gap_residual_and_feasibility
437,0.4820582517485062,IPOPT,1.0,1.0e-10,33.26296806335449,73806.9422166046,73806.9422161308,6.419393537981395e-10,9.999821637407535e-9,NaN,40,INTERRUPTED,gap_and_residual
437,0.4820582517485062,sMEL-ADMM,1.0,0.01,6.956335,74034.34664649138,73806.9422161308,0.3081071014900775,7.072120666862247e-13,0.005755246744754472,104,converged,gap_residual_and_feasibility
438,0.37485339179103666,IPOPT,1.0,1.0e-10,32.216787338256836,77926.2256913823,77926.2256909104,6.055593002761369e-10,9.999821082296023e-9,NaN,38,INTERRUPTED,gap_and_residual
438,0.37485339179103666,sMEL-ADMM,1.0,0.01,8.458662,78288.95585385841,77926.2256909104,0.4654789318127034,7.093214904330125e-13,0.009280487185348019,104,converged,gap_residual_and_feasibility
439,0.5248221101174559,IPOPT,1.0,1.0e-10,31.244993209838867,72163.76619672005,72163.7661962477,6.545600281285611e-10,9.99982185945214e-9,NaN,37,INTERRUPTED,gap_and_residual
439,0.5248221101174559,sMEL-ADMM,1.0,0.01,8.413832,72316.33953453548,72163.7661962477,0.21142651822364836,7.081002451059248e-13,0.004513694353585507,104,converged,gap_residual_and_feasibility
440,0.4804912507829505,IPOPT,1.0,1.0e-10,33.303022384643555,73867.15330390928,73867.15330343529,6.416721934190495e-10,9.999822137007897e-9,NaN,40,INTERRUPTED,gap_and_residual
440,0.4804912507829505,sMEL-ADMM,1.0,0.01,7.850286999999999,74097.8561074916,73867.15330343529,0.3123212331042778,7.065459328714496e-13,0.005841206384642472,104,converged,gap_residual_and_feasibility
441,0.5640885432211097,IPOPT,1.0,1.0e-10,33.123016357421875,70654.97667857983,70654.97667810846,6.67137207085521e-10,9.999823136208619e-9,NaN,38,INTERRUPTED,gap_and_residual
441,0.5640885432211097,sMEL-ADMM,1.0,0.01,6.950241,70790.45026565965,70654.97667810846,0.1917396253180819,7.0921046813055e-13,0.0042451761133044386,104,converged,gap_residual_and_feasibility
442,0.3080241905997568,IPOPT,1.0,1.0e-10,32.04989433288574,80494.09830656715,80494.09830609935,5.811611393761798e-10,9.999822803141711e-9,NaN,40,INTERRUPTED,gap_and_residual
442,0.3080241905997568,sMEL-ADMM,1.0,0.01,11.605459999999999,80646.76256820574,80494.09830609935,0.1896589505554183,7.08988423525625e-13,0.004539269031596405,105,converged,gap_residual_and_feasibility
443,0.6578765998169902,IPOPT,1.0,1.0e-10,35.8281135559082,67051.22595477849,67051.22595430381,7.079415297683431e-10,9.999822359052501e-9,NaN,41,INTERRUPTED,gap_and_residual
443,0.6578765998169902,sMEL-ADMM,1.0,0.01,9.626997,67413.6880042648,67051.22595430381,0.540574828874882,7.088774012231625e-13,0.009259303693613719,103,converged,gap_residual_and_feasibility
444,0.5035984512174206,IPOPT,1.0,1.0e-10,32.86099433898926,72979.27276438817,72979.27276391599,6.470063724223811e-10,9.999822636608258e-9,NaN,39,INTERRUPTED,gap_and_residual
444,0.5035984512174206,sMEL-ADMM,1.0,0.01,9.17921,73160.95466507258,72979.27276391599,0.24895000220724023,7.079892228034623e-13,0.004995287206574162,104,converged,gap_residual_and_feasibility
445,0.36318363967398687,IPOPT,1.0,1.0e-10,30.172109603881836,78374.62902934011,78374.62902887104,5.984927026555826e-10,9.999822636608258e-9,NaN,37,INTERRUPTED,gap_and_residual
445,0.36318363967398687,sMEL-ADMM,1.0,0.01,8.515913999999999,78747.04987204964,78374.62902887104,0.4751803584823425,7.086553566182374e-13,0.009532783211946061,104,converged,gap_residual_and_feasibility
446,0.6106660620628233,IPOPT,1.0,1.0e-10,34.440040588378906,68865.26300573896,68865.26300526723,6.85003462372441e-10,9.999822858652863e-9,NaN,40,INTERRUPTED,gap_and_residual
446,0.6106660620628233,sMEL-ADMM,1.0,0.01,8.661995000000001,69239.81341392608,68865.26300526723,0.5438887362271456,7.086553566182374e-13,0.00957649966017815,103,converged,gap_residual_and_feasibility
447,0.4630039242454977,IPOPT,1.0,1.0e-10,39.309024810791016,74539.09350561626,74539.09350514243,6.356730266892285e-10,9.999820804740267e-9,NaN,40,INTERRUPTED,gap_and_residual
447,0.4630039242454977,sMEL-ADMM,1.0,0.01,7.123959,74800.70453583931,74539.09350514243,0.35097157531011325,7.074341112911497e-13,0.006646365337660387,104,converged,gap_residual_and_feasibility
448,0.36417865025948365,IPOPT,1.0,1.0e-10,29.97899055480957,78336.39633481849,78336.39633434862,5.998064919954864e-10,9.999822914164014e-9,NaN,36,INTERRUPTED,gap_and_residual
448,0.36417865025948365,sMEL-ADMM,1.0,0.01,7.853963,78708.0244211111,78336.39633434862,0.4744002840982407,7.100986465502501e-13,0.009512143324128641,104,converged,gap_residual_and_feasibility
449,0.289999280932816,IPOPT,1.0,1.0e-10,38.53607177734375,81186.69482275963,81186.69482229163,5.764542412816703e-10,9.99982180394099e-9,NaN,39,INTERRUPTED,gap_and_residual
449,0.289999280932816,sMEL-ADMM,1.0,0.01,10.034124,81348.69104020027,81186.69482229163,0.19953542666471946,7.0921046813055e-13,0.0046956292049529225,105,converged,gap_residual_and_feasibility
450,0.29819262913502487,IPOPT,1.0,1.0e-10,30.461788177490234,80871.87025355772,80871.87025308958,5.78860253177683e-10,9.999822192519048e-9,NaN,39,INTERRUPTED,gap_and_residual
450,0.29819262913502487,sMEL-ADMM,1.0,0.01,10.335296000000001,81029.793288914,80871.87025308958,0.1952756073653321,7.088774012231625e-13,0.004627331707927951,105,converged,gap_residual_and_feasibility
451,0.7145555677274995,IPOPT,1.0,1.0e-10,36.10587120056152,64873.370063040886,64873.37006256584,7.32268528938586e-10,9.999821970474443e-9,NaN,41,INTERRUPTED,gap_and_residual
451,0.7145555677274995,sMEL-ADMM,1.0,0.01,6.661873,65230.91502313243,64873.37006256584,0.5511428806947527,7.097655796428626e-13,0.009126293607177982,103,converged,gap_residual_and_feasibility
452,0.44680006630195696,IPOPT,1.0,1.0e-10,35.037994384765625,75161.71718406453,75161.7171835931,6.272320741446688e-10,9.99982230354135e-9,NaN,41,INTERRUPTED,gap_and_residual
452,0.44680006630195696,sMEL-ADMM,1.0,0.01,10.67921,75447.32205532948,75161.7171835931,0.3799871562789846,7.102096688527126e-13,0.007271124089544445,104,converged,gap_residual_and_feasibility
453,0.6007974006160325,IPOPT,1.0,1.0e-10,30.215024948120117,69244.46049764575,69244.46049717284,6.829544741860963e-10,9.999822081496745e-9,NaN,38,INTERRUPTED,gap_and_residual
453,0.6007974006160325,sMEL-ADMM,1.0,0.01,9.373588,69622.40197070135,69244.46049717284,0.5458075213741334,7.075451335936123e-13,0.009665053527681988,103,converged,gap_residual_and_feasibility
454,0.5900750293285437,IPOPT,1.0,1.0e-10,30.411958694458008,69656.46128634618,69656.46128587332,6.788522939819226e-10,9.999821970474443e-9,NaN,38,INTERRUPTED,gap_and_residual
454,0.5900750293285437,sMEL-ADMM,1.0,0.01,10.822961000000001,70038.273443508,69656.46128587332,0.5481360244065726,7.067679774763747e-13,0.009766049187127201,103,converged,gap_residual_and_feasibility
455,0.2887473575571305,IPOPT,1.0,1.0e-10,34.193992614746094,81234.79923962342,81234.79923915476,5.769189882097863e-10,9.999821692918687e-9,NaN,38,INTERRUPTED,gap_and_residual
455,0.2887473575571305,sMEL-ADMM,1.0,0.01,9.995336,81397.39621716535,81234.79923915476,0.20015680414487227,7.082112674083874e-13,0.004705709029718008,105,converged,gap_residual_and_feasibility
456,0.618295339677444,IPOPT,1.0,1.0e-10,31.629085540771484,68572.1125159688,68572.1125154958,6.897781550421821e-10,9.999822692119409e-9,NaN,41,INTERRUPTED,gap_and_residual
456,0.618295339677444,sMEL-ADMM,1.0,0.01,10.637504000000002,68944.15303061578,68572.1125154958,0.5425536730196377,7.08988423525625e-13,0.009510896075491937,103,converged,gap_residual_and_feasibility
457,0.3428829809538636,IPOPT,1.0,1.0e-10,33.856868743896484,79154.66985982256,79154.66985935319,5.929808393174798e-10,9.99982274763056e-9,NaN,40,INTERRUPTED,gap_and_residual
457,0.3428829809538636,sMEL-ADMM,1.0,0.01,11.368707,79542.99970439152,79154.66985935319,0.4905962538007396,7.099876242477876e-13,0.00994703993649293,104,converged,gap_residual_and_feasibility
458,0.4130872638556095,IPOPT,1.0,1.0e-10,31.075000762939453,76457.11172178111,76457.11172131124,6.145494908588982e-10,9.999823691320131e-9,NaN,38,INTERRUPTED,gap_and_residual
458,0.4130872638556095,sMEL-ADMM,1.0,0.01,6.670337999999999,76783.11967588164,76457.11172131124,0.426393238288548,7.085443343157749e-13,0.008324051592741188,104,converged,gap_residual_and_feasibility
459,0.41726556457870123,IPOPT,1.0,1.0e-10,30.015945434570312,76296.5629824068,76296.56298193397,6.197335280060852e-10,9.999821637407535e-9,NaN,40,INTERRUPTED,gap_and_residual
459,0.41726556457870123,sMEL-ADMM,1.0,0.01,9.145334,76618.32799709603,76296.56298193397,0.42172937100489266,7.082112674083874e-13,0.008213350724039392,104,converged,gap_residual_and_feasibility
460,0.5963618173092875,IPOPT,1.0,1.0e-10,30.633926391601562,69414.8951684581,69414.8951679866,6.79244136540544e-10,9.999824357453946e-9,NaN,40,INTERRUPTED,gap_and_residual
460,0.5963618173092875,sMEL-ADMM,1.0,0.01,8.505535,69794.4088024144,69414.8951679866,0.5467322733966001,7.079892228034623e-13,0.009706086445146367,103,converged,gap_residual_and_feasibility
461,0.31432761561366457,IPOPT,1.0,1.0e-10,36.7131233215332,80251.89292050082,80251.89292003194,5.842569483568784e-10,9.999822025985594e-9,NaN,40,INTERRUPTED,gap_and_residual
461,0.31432761561366457,sMEL-ADMM,1.0,0.01,6.979755,80401.04111812005,80251.89292003194,0.18585006865411619,7.08988423525625e-13,0.00448042974952223,105,converged,gap_residual_and_feasibility
462,0.511507347203094,IPOPT,1.0,1.0e-10,28.908967971801758,72675.37810373014,72675.37810325921,6.479898597174119e-10,9.999823580297829e-9,NaN,39,INTERRUPTED,gap_and_residual
462,0.511507347203094,sMEL-ADMM,1.0,0.01,7.483418,72842.26215013285,72675.37810325921,0.2296294167696407,7.110978472724128e-13,0.00475026692053504,104,converged,gap_residual_and_feasibility
463,0.43008529274865287,IPOPT,1.0,1.0e-10,29.347896575927734,75803.97249329521,75803.9724928218,6.245093636142339e-10,9.999821470874082e-9,NaN,40,INTERRUPTED,gap_and_residual
463,0.43008529274865287,sMEL-ADMM,1.0,0.01,7.161963,76111.50020618505,75803.9724928218,0.4056881232607818,7.078782005009998e-13,0.007841979575223368,104,converged,gap_residual_and_feasibility
464,0.4149571630891826,IPOPT,1.0,1.0e-10,31.104087829589844,76385.26194729071,76385.2619468195,6.16880213538846e-10,9.999822248030199e-9,NaN,40,INTERRUPTED,gap_and_residual
464,0.4149571630891826,sMEL-ADMM,1.0,0.01,7.052867,76709.37409260034,76385.2619468195,0.4243124099076659,7.104317134576377e-13,0.008274595138836993,104,converged,gap_residual_and_feasibility
465,0.5675423019919954,IPOPT,1.0,1.0e-10,28.393983840942383,70522.26803611603,70522.26803564178,6.724782547447176e-10,9.99982185945214e-9,NaN,37,INTERRUPTED,gap_and_residual
465,0.5675423019919954,sMEL-ADMM,1.0,0.01,8.988956,70912.89369816532,70522.26803564178,0.5539039985584678,7.064349105689871e-13,0.00999578143359714,103,converged,gap_residual_and_feasibility
466,0.7089548274810102,IPOPT,1.0,1.0e-10,31.050920486450195,65088.57520162363,65088.57520114859,7.298362196504785e-10,9.999822025985594e-9,NaN,41,INTERRUPTED,gap_and_residual
466,0.7089548274810102,sMEL-ADMM,1.0,0.01,7.051289,65446.09258192987,65088.57520114859,0.5492782407302927,7.08988423525625e-13,0.009126104079462016,103,converged,gap_residual_and_feasibility
467,0.2958171756866023,IPOPT,1.0,1.0e-10,30.877113342285156,80963.14565039203,80963.14564992406,5.780099551128156e-10,9.999822248030199e-9,NaN,39,INTERRUPTED,gap_and_residual
467,0.2958171756866023,sMEL-ADMM,1.0,0.01,6.466164,81122.27173276874,80963.14564992406,0.19654137887962883,7.082112674083874e-13,0.004647496287482511,105,converged,gap_residual_and_feasibility
468,0.7400684739166851,IPOPT,1.0,1.0e-10,31.980037689208984,63893.05169967203,63893.05169919678,7.438226642869956e-10,9.999822137007897e-9,NaN,41,INTERRUPTED,gap_and_residual
468,0.7400684739166851,sMEL-ADMM,1.0,0.01,6.064166999999999,64252.80883222482,63893.05169919678,0.5630614338500337,7.079892228034623e-13,0.00918149647155242,103,converged,gap_residual_and_feasibility
469,0.7418126091556757,IPOPT,1.0,1.0e-10,31.924962997436523,63826.03433245007,63826.034331974704,7.447860731759686e-10,9.999822081496745e-9,NaN,41,INTERRUPTED,gap_and_residual
469,0.7418126091556757,sMEL-ADMM,1.0,0.01,7.205039,64186.055764122364,63826.034331974704,0.5640667415981083,7.083222897108499e-13,0.009188219335894754,103,converged,gap_residual_and_feasibility
470,0.3569725881250934,IPOPT,1.0,1.0e-10,29.40201759338379,78613.2850195337,78613.2850190614,6.007851733168974e-10,9.999820194117603e-9,NaN,38,INTERRUPTED,gap_and_residual
470,0.3569725881250934,sMEL-ADMM,1.0,0.01,6.739537,78990.64841391802,78613.2850190614,0.48002496621929497,7.093214904330125e-13,0.009661473317045144,104,converged,gap_residual_and_feasibility
471,0.33337826258509945,IPOPT,1.0,1.0e-10,31.199932098388672,79519.88305374273,79519.88305327384,5.896535488794742e-10,9.999823247230921e-9,NaN,40,INTERRUPTED,gap_and_residual
471,0.33337826258509945,sMEL-ADMM,1.0,0.01,7.115537,79656.96007628072,79519.88305327384,0.17238081564462873,7.099876242477876e-13,0.004278685555718198,105,converged,gap_residual_and_feasibility
472,0.6255689592622292,IPOPT,1.0,1.0e-10,31.887054443359375,68292.62797609658,68292.62797562213,6.947318593084946e-10,9.99982185945214e-9,NaN,41,INTERRUPTED,gap_and_residual
472,0.6255689592622292,sMEL-ADMM,1.0,0.01,7.190209,68662.43568867355,68292.62797562213,0.5415045869715559,7.086553566182374e-13,0.00945246443711989,103,converged,gap_residual_and_feasibility
473,0.4081545144372531,IPOPT,1.0,1.0e-10,30.020952224731445,76646.64970702131,76646.64970655115,6.134094978884892e-10,9.999823746831282e-9,NaN,40,INTERRUPTED,gap_and_residual
473,0.4081545144372531,sMEL-ADMM,1.0,0.01,6.991458,76977.62167933221,76646.64970655115,0.43181531619218316,7.087663789206999e-13,0.008453474456714516,104,converged,gap_residual_and_feasibility
474,0.6687616416648031,IPOPT,1.0,1.0e-10,32.7451229095459,66632.9746458009,66632.97464532616,7.124725932426011e-10,9.999821970474443e-9,NaN,41,INTERRUPTED,gap_and_residual
474,0.6687616416648031,sMEL-ADMM,1.0,0.01,6.424919,66993.64842807724,66632.97464532616,0.5412842285233012,7.088774012231625e-13,0.009211910525260714,103,converged,gap_residual_and_feasibility
475,0.659257746758857,IPOPT,1.0,1.0e-10,30.81488609313965,66998.15619864869,66998.156198174,7.085240155870032e-10,9.999821637407535e-9,NaN,41,INTERRUPTED,gap_and_residual
475,0.659257746758857,sMEL-ADMM,1.0,0.01,9.770212,67360.37151773965,66998.156198174,0.5406347579092474,7.087663789206999e-13,0.00925278029106158,103,converged,gap_residual_and_feasibility
476,0.3957147438310568,IPOPT,1.0,1.0e-10,28.129100799560547,77124.64055098557,77124.6405505155,6.094945976623972e-10,9.999823025186316e-9,NaN,35,INTERRUPTED,gap_and_residual
476,0.3957147438310568,sMEL-ADMM,1.0,0.01,8.5202,77468.06305783364,77124.6405505155,0.44528247375520347,7.093214904330125e-13,0.008777758320894669,104,converged,gap_residual_and_feasibility
477,0.5127841021886234,IPOPT,1.0,1.0e-10,29.466867446899414,72626.31954691363,72626.31954644262,6.485277556924202e-10,9.999823080697468e-9,NaN,39,INTERRUPTED,gap_and_residual
477,0.5127841021886234,sMEL-ADMM,1.0,0.01,7.801711,72791.18983670027,72626.31954644262,0.22701176555176755,7.096545573404001e-13,0.0047169567793208245,104,converged,gap_residual_and_feasibility
478,0.5499233044446299,IPOPT,1.0,1.0e-10,30.571937561035156,71199.26761867067,71199.26761819646,6.660226676623821e-10,9.999822137007897e-9,NaN,39,INTERRUPTED,gap_and_residual
478,0.5499233044446299,sMEL-ADMM,1.0,0.01,7.091413999999999,71340.7150596422,71199.26761819646,0.19866418037365666,7.083222897108499e-13,0.0043312094641638765,104,converged,gap_residual_and_feasibility
479,0.3965085067059066,IPOPT,1.0,1.0e-10,26.85093879699707,77094.14068097442,77094.14068050444,6.096224719311431e-10,9.999823524786677e-9,NaN,35,INTERRUPTED,gap_and_residual
479,0.3965085067059066,sMEL-ADMM,1.0,0.01,8.967044,77436.7695166558,77094.14068050444,0.44442915262690247,7.083222897108499e-13,0.008757092579191994,104,converged,gap_residual_and_feasibility
480,0.36517453642212844,IPOPT,1.0,1.0e-10,26.69215202331543,78298.12999676369,78298.12999629113,6.035379071612177e-10,9.999820749229116e-9,NaN,35,INTERRUPTED,gap_and_residual
480,0.36517453642212844,sMEL-ADMM,1.0,0.01,10.835957,78668.95355548747,78298.12999629113,0.4736046176503974,7.106537580625627e-13,0.009491197119496086,104,converged,gap_residual_and_feasibility
481,0.5270191958299348,IPOPT,1.0,1.0e-10,29.25419807434082,72079.34447487103,72079.34447439967,6.539538358935456e-10,9.999822914164014e-9,NaN,36,INTERRUPTED,gap_and_residual
481,0.5270191958299348,sMEL-ADMM,1.0,0.01,10.348579,72230.7544630198,72079.34447439967,0.21006016317740708,7.09432512735475e-13,0.004494466271337316,104,converged,gap_residual_and_feasibility
482,0.6212857231894927,IPOPT,1.0,1.0e-10,34.42811965942383,68457.2087943528,68457.2087938798,6.909359305124382e-10,9.999822692119409e-9,NaN,41,INTERRUPTED,gap_and_residual
482,0.6212857231894927,sMEL-ADMM,1.0,0.01,6.2436679999999996,68828.30975653889,68457.2087938798,0.5420918690629689,7.078782005009998e-13,0.009486318436819352,103,converged,gap_residual_and_feasibility
483,0.2797187246817307,IPOPT,1.0,1.0e-10,26.28493309020996,81581.71912943231,81581.71912896427,5.737165217924645e-10,9.999821970474443e-9,NaN,35,INTERRUPTED,gap_and_residual
483,0.2797187246817307,sMEL-ADMM,1.0,0.01,9.027372,81748.3638378312,81581.71912896427,0.20426721898751082,7.097655796428626e-13,0.004773367720545707,105,converged,gap_residual_and_feasibility
484,0.5136892433837885,IPOPT,1.0,1.0e-10,27.885913848876953,72591.54003067774,72591.54003020556,6.504622234678749e-10,9.999822914164014e-9,NaN,37,INTERRUPTED,gap_and_residual
484,0.5136892433837885,sMEL-ADMM,1.0,0.01,6.387256,72755.05948633308,72591.54003020556,0.22525965981638083,7.086553566182374e-13,0.004694622332056753,104,converged,gap_residual_and_feasibility
485,0.6660166205892751,IPOPT,1.0,1.0e-10,37.821054458618164,66738.45046059914,66738.45046012438,7.113683806745424e-10,9.999822414563653e-9,NaN,41,INTERRUPTED,gap_and_residual
485,0.6660166205892751,sMEL-ADMM,1.0,0.01,7.536705,67099.53721658497,66738.45046012438,0.5410475579985679,7.083222897108499e-13,0.009222882804563182,103,converged,gap_residual_and_feasibility
486,0.5030508820756948,IPOPT,1.0,1.0e-10,34.27696228027344,73000.31278550014,73000.31278502797,6.467999593443637e-10,9.99982230354135e-9,NaN,39,INTERRUPTED,gap_and_residual
486,0.5030508820756948,sMEL-ADMM,1.0,0.01,6.644749999999999,73183.11500818972,73000.31278502797,0.25041293138026455,7.05768776754212e-13,0.005013839009430754,104,converged,gap_residual_and_feasibility
487,0.7389979586516147,IPOPT,1.0,1.0e-10,32.23299980163574,63934.18561694642,63934.18561647119,7.433099631880795e-10,9.999821692918687e-9,NaN,41,INTERRUPTED,gap_and_residual
487,0.7389979586516147,sMEL-ADMM,1.0,0.01,6.154539,64293.78890670248,63934.18561647119,0.5624585450864703,7.074341112911497e-13,0.009177588970242123,103,converged,gap_residual_and_feasibility
488,0.5929406903644836,IPOPT,1.0,1.0e-10,31.756162643432617,69546.3499522659,69546.34995179433,6.780648664053856e-10,9.999822969675165e-9,NaN,40,INTERRUPTED,gap_and_residual
488,0.5929406903644836,sMEL-ADMM,1.0,0.01,6.489908,69927.10151929763,69546.34995179433,0.5474788651988527,7.078782005009998e-13,0.009738384439930359,103,converged,gap_residual_and_feasibility
489,0.6230743809443313,IPOPT,1.0,1.0e-10,32.974958419799805,68388.48067573665,68388.48067526221,6.937368508642123e-10,9.99982185945214e-9,NaN,41,INTERRUPTED,gap_and_residual
489,0.6230743809443313,sMEL-ADMM,1.0,0.01,7.527247,68759.0311964362,68388.48067526221,0.5418317785615493,7.077671781985373e-13,0.009471913286937528,103,converged,gap_residual_and_feasibility
490,0.5960945250824343,IPOPT,1.0,1.0e-10,33.36215019226074,69425.16571452706,69425.16571405556,6.791436512464195e-10,9.999823857853585e-9,NaN,40,INTERRUPTED,gap_and_residual
490,0.5960945250824343,sMEL-ADMM,1.0,0.01,6.134333,69804.7750648329,69425.16571405556,0.546789261318938,7.05768776754212e-13,0.009708584241072904,103,converged,gap_residual_and_feasibility
491,0.27863382999357783,IPOPT,1.0,1.0e-10,26.092052459716797,81623.40556755263,81623.40556708431,5.737622493705264e-10,9.99982230354135e-9,NaN,35,INTERRUPTED,gap_and_residual
491,0.27863382999357783,sMEL-ADMM,1.0,0.01,6.72767,81790.52281739558,81623.40556708431,0.20474182515446024,7.077671781985373e-13,0.004781238105243446,105,converged,gap_residual_and_feasibility
492,0.5754839351166554,IPOPT,1.0,1.0e-10,26.340961456298828,70217.11547021482,70217.1154697398,6.764991207938314e-10,9.999821304340628e-9,NaN,36,INTERRUPTED,gap_and_residual
492,0.5754839351166554,sMEL-ADMM,1.0,0.01,6.661668,70604.55587142587,70217.1154697398,0.5517748758178945,7.072120666862247e-13,0.009912789524102017,103,converged,gap_residual_and_feasibility
493,0.3857168566694862,IPOPT,1.0,1.0e-10,26.221036911010742,77508.80346471809,77508.80346424633,6.086515578917952e-10,9.999821748429838e-9,NaN,35,INTERRUPTED,gap_and_residual
493,0.3857168566694862,sMEL-ADMM,1.0,0.01,8.843916,77861.76610396338,77508.80346424633,0.45538393568398583,7.090994458280875e-13,0.009026157556659253,104,converged,gap_residual_and_feasibility
494,0.31826700345190195,IPOPT,1.0,1.0e-10,29.67691421508789,80100.5242677251,80100.52426725593,5.857243796712148e-10,9.999822137007897e-9,NaN,40,INTERRUPTED,gap_and_residual
494,0.31826700345190195,sMEL-ADMM,1.0,0.01,7.315162,80247.36494629298,80100.52426725593,0.18332049681362272,7.097655796428626e-13,0.0044418318470853535,105,converged,gap_residual_and_feasibility
495,0.4024229061726127,IPOPT,1.0,1.0e-10,26.880979537963867,76866.88337196673,76866.88337149705,6.11027265982439e-10,9.999823136208619e-9,NaN,36,INTERRUPTED,gap_and_residual
495,0.4024229061726127,sMEL-ADMM,1.0,0.01,8.035793,77203.54379683836,76866.88337149705,0.4379785033227281,7.12430114901963e-13,0.008601673893218753,104,converged,gap_residual_and_feasibility
496,0.267975106940773,IPOPT,1.0,1.0e-10,32.73200988769531,82032.9607103986,82032.96070993032,5.708444849439142e-10,9.99982180394099e-9,NaN,36,INTERRUPTED,gap_and_residual
496,0.267975106940773,sMEL-ADMM,1.0,0.01,6.048877,82204.5980196593,82032.96070993032,0.20922969041174558,7.096545573404001e-13,0.004855713718281862,105,converged,gap_residual_and_feasibility
497,0.3608702389278029,IPOPT,1.0,1.0e-10,29.56104278564453,78463.52008771266,78463.52008724354,5.978888566437896e-10,9.99982319171977e-9,NaN,39,INTERRUPTED,gap_and_residual
497,0.3608702389278029,sMEL-ADMM,1.0,0.01,7.014423,78837.8143401425,78463.52008724354,0.47702964700384143,7.067679774763747e-13,0.0095815608538794,104,converged,gap_residual_and_feasibility
498,0.25596895076423143,IPOPT,1.0,1.0e-10,26.831865310668945,82494.29017581162,82494.29017534143,5.69963002220372e-10,9.999820860251418e-9,NaN,35,INTERRUPTED,gap_and_residual
498,0.25596895076423143,sMEL-ADMM,1.0,0.01,7.907292999999999,82670.71816926436,82494.29017534143,0.21386691557431864,7.077671781985373e-13,0.004934146789414839,105,converged,gap_residual_and_feasibility
499,0.44418691807434296,IPOPT,1.0,1.0e-10,33.683061599731445,75262.12586250908,75262.12586203762,6.264339414861876e-10,9.999822858652863e-9,NaN,41,INTERRUPTED,gap_and_residual
499,0.44418691807434296,sMEL-ADMM,1.0,0.01,6.743199,75551.35699170578,75262.12586203762,0.3842983789726395,7.0921046813055e-13,0.0073655165703883085,104,converged,gap_residual_and_feasibility
500,0.4200191918208911,IPOPT,1.0,1.0e-10,29.725074768066406,76190.75648073394,76190.75648026085,6.209188436090282e-10,9.999821692918687e-9,NaN,40,INTERRUPTED,gap_and_residual
500,0.4200191918208911,sMEL-ADMM,1.0,0.01,8.041257,76509.7019133786,76190.75648026085,0.41861434096716343,7.095435350379375e-13,0.008139771217031466,104,converged,gap_residual_and_feasibility
501,0.7052646588045913,IPOPT,1.0,1.0e-10,30.234098434448242,65230.36775518837,65230.367754713356,7.282051430832874e-10,9.999822081496745e-9,NaN,41,INTERRUPTED,gap_and_residual
501,0.7052646588045913,sMEL-ADMM,1.0,0.01,7.1053820000000005,65587.9553206225,65230.367754713356,0.5481918594323755,7.065459328714496e-13,0.009128278064981732,103,converged,gap_residual_and_feasibility
502,0.7189244891136846,IPOPT,1.0,1.0e-10,34.462928771972656,64705.496837182785,64705.496836707774,7.341121173069933e-10,9.999822137007897e-9,NaN,41,INTERRUPTED,gap_and_residual
502,0.7189244891136846,sMEL-ADMM,1.0,0.01,5.005463,65063.1983603468,64705.496836707774,0.5528147392820928,7.0921046813055e-13,0.009129958133335059,103,converged,gap_residual_and_feasibility
503,0.6540302288674587,IPOPT,1.0,1.0e-10,31.476974487304688,67199.02048850174,67199.02048802705,7.064061696392327e-10,9.999821914963292e-9,NaN,41,INTERRUPTED,gap_and_residual
503,0.6540302288674587,sMEL-ADMM,1.0,0.01,6.3869169999999995,67562.19955179236,67199.02048802705,0.5404529130451027,7.086553566182374e-13,0.009278240781844693,103,converged,gap_residual_and_feasibility
504,0.6268028858462256,IPOPT,1.0,1.0e-10,31.908035278320312,68245.21507533285,68245.21507485841,6.951931965780075e-10,9.999822581097106e-9,NaN,41,INTERRUPTED,gap_and_residual
504,0.6268028858462256,sMEL-ADMM,1.0,0.01,11.348791,68614.67288218121,68245.21507485841,0.5413680752819732,7.068789997788372e-13,0.009443297529024952,103,converged,gap_residual_and_feasibility
505,0.7266579547038912,IPOPT,1.0,1.0e-10,34.082889556884766,64408.34298593815,64408.34298546296,7.377814266850044e-10,9.99982097127372e-9,NaN,41,INTERRUPTED,gap_and_residual
505,0.7266579547038912,sMEL-ADMM,1.0,0.01,9.509250999999999,64766.545955678754,64408.34298546296,0.556143744136754,7.072120666862247e-13,0.009142285261426686,103,converged,gap_residual_and_feasibility
506,0.5642815271926636,IPOPT,1.0,1.0e-10,29.09111976623535,70647.56138336628,70647.5613828948,6.673720142210617e-10,9.999823080697468e-9,NaN,38,INTERRUPTED,gap_and_residual
506,0.5642815271926636,sMEL-ADMM,1.0,0.01,5.838173,70782.95412086484,70647.5613828948,0.19164530992973308,7.087663789206999e-13,0.004244011472939846,104,converged,gap_residual_and_feasibility
507,0.5470187738546051,IPOPT,1.0,1.0e-10,29.01315689086914,71310.8724924259,71310.87249195158,6.651435612741256e-10,9.999822248030199e-9,NaN,39,INTERRUPTED,gap_and_residual
507,0.5470187738546051,sMEL-ADMM,1.0,0.01,6.225547,71453.54261109635,71310.87249195158,0.20006783560370392,7.081002451059248e-13,0.004350255277369541,104,converged,gap_residual_and_feasibility
508,0.33309875571798325,IPOPT,1.0,1.0e-10,30.694961547851562,79530.62294015507,79530.6229396862,5.895373270413741e-10,9.999823025186316e-9,NaN,40,INTERRUPTED,gap_and_residual
508,0.33309875571798325,sMEL-ADMM,1.0,0.01,12.941415,79667.89234581507,79530.6229396862,0.1725994353558191,7.068789997788372e-13,0.004281898055218392,105,converged,gap_residual_and_feasibility
509,0.5027398509220828,IPOPT,1.0,1.0e-10,29.779911041259766,73012.26397401643,73012.2639735443,6.46654224768923e-10,9.99982319171977e-9,NaN,39,INTERRUPTED,gap_and_residual
509,0.5027398509220828,sMEL-ADMM,1.0,0.01,8.663504000000001,73195.7024953885,73012.2639735443,0.25124343755546624,7.100986465502501e-13,0.0050243751958092275,104,converged,gap_residual_and_feasibility
510,0.5519234203472433,IPOPT,1.0,1.0e-10,28.912067413330078,71122.41434551949,71122.41434504687,6.645121754360309e-10,9.999821748429838e-9,NaN,38,INTERRUPTED,gap_and_residual
510,0.5519234203472433,sMEL-ADMM,1.0,0.01,5.570916,71263.01755099742,71122.41434504687,0.1976918349093478,7.078782005009998e-13,0.004319049330543834,104,converged,gap_residual_and_feasibility
511,0.2799122524926309,IPOPT,1.0,1.0e-10,25.44093132019043,81574.2829375127,81574.28293704471,5.736974655424808e-10,9.99982230354135e-9,NaN,35,INTERRUPTED,gap_and_residual
511,0.2799122524926309,sMEL-ADMM,1.0,0.01,7.536541,81740.84334326882,81574.28293704471,0.20418249505502525,7.095435350379375e-13,0.004771961344786746,105,converged,gap_residual_and_feasibility
512,0.6449146334725565,IPOPT,1.0,1.0e-10,30.260801315307617,67549.28186180037,67549.28186132574,7.026355484619183e-10,9.999822858652863e-9,NaN,41,INTERRUPTED,gap_and_residual
512,0.6449146334725565,sMEL-ADMM,1.0,0.01,8.366083999999999,67914.30768241582,67549.28186132574,0.5403844586230442,7.077671781985373e-13,0.009326921946928857,103,converged,gap_residual_and_feasibility
513,0.7093761171278619,IPOPT,1.0,1.0e-10,31.00299835205078,65072.387395575846,65072.38739510081,7.300065968542778e-10,9.999822025985594e-9,NaN,41,INTERRUPTED,gap_and_residual
513,0.7093761171278619,sMEL-ADMM,1.0,0.01,7.302453000000001,65429.90004720207,65072.38739510081,0.5494076157534272,7.090994458280875e-13,0.009125941209625843,103,converged,gap_residual_and_feasibility
514,0.5550614857817,IPOPT,1.0,1.0e-10,29.310226440429688,71001.83603319105,71001.83603271979,6.637346313882474e-10,9.999824468476248e-9,NaN,39,INTERRUPTED,gap_and_residual
514,0.5550614857817,sMEL-ADMM,1.0,0.01,6.932459000000001,71141.11892465896,71001.83603271979,0.1961680144087966,7.066569551739121e-13,0.004300037903560039,104,converged,gap_residual_and_feasibility
515,0.6410823832988424,IPOPT,1.0,1.0e-10,30.366897583007812,67696.53381304644,67696.53381257181,7.01107191695347e-10,9.999820749229116e-9,NaN,41,INTERRUPTED,gap_and_residual
515,0.6410823832988424,sMEL-ADMM,1.0,0.01,6.035629,68062.3982424765,67696.53381257181,0.5404478033065,7.079892228034623e-13,0.009348986448611596,103,converged,gap_residual_and_feasibility
516,0.5019416403651165,IPOPT,1.0,1.0e-10,31.17990493774414,73042.93474358927,73042.93474311582,6.481757114770599e-10,9.999821637407535e-9,NaN,39,INTERRUPTED,gap_and_residual
516,0.5019416403651165,sMEL-ADMM,1.0,0.01,7.695628,73228.01658426694,73042.93474311582,0.2533877394193246,7.078782005009998e-13,0.0050515859328896795,104,converged,gap_residual_and_feasibility
517,0.4537146165834508,IPOPT,1.0,1.0e-10,29.994964599609375,74896.02967026008,74896.02966978638,6.32468699078303e-10,9.99982180394099e-9,NaN,40,INTERRUPTED,gap_and_residual
517,0.4537146165834508,sMEL-ADMM,1.0,0.01,6.996949,75171.81887635752,74896.02966978638,0.36822940786992114,7.109868249699502e-13,0.0070155800737109475,104,converged,gap_residual_and_feasibility
518,0.3472199855238561,IPOPT,1.0,1.0e-10,33.273935317993164,78988.02301878993,78988.02301832098,5.936976293742393e-10,9.999822248030199e-9,NaN,40,INTERRUPTED,gap_and_residual
518,0.3472199855238561,sMEL-ADMM,1.0,0.01,8.426712,79373.11187780066,78988.02301832098,0.4875281653654824,7.08988423525625e-13,0.0098626414473858,104,converged,gap_residual_and_feasibility
519,0.39604434183619314,IPOPT,1.0,1.0e-10,26.90911293029785,77111.97594215703,77111.97594168696,6.095946989834726e-10,9.99982407989819e-9,NaN,35,INTERRUPTED,gap_and_residual
519,0.39604434183619314,sMEL-ADMM,1.0,0.01,7.697166,77455.06882698985,77111.97594168696,0.4449281465207689,7.084333120133124e-13,0.008769175589633305,104,converged,gap_residual_and_feasibility
520,0.5426454349709646,IPOPT,1.0,1.0e-10,30.47800064086914,71478.91545801367,71478.91545754227,6.594878208353893e-10,9.999823136208619e-9,NaN,40,INTERRUPTED,gap_and_residual
520,0.5426454349709646,sMEL-ADMM,1.0,0.01,6.089041,71623.43143458945,71478.91545754227,0.20217986817807979,7.082112674083874e-13,0.00438071402565221,104,converged,gap_residual_and_feasibility
521,0.3253392578388923,IPOPT,1.0,1.0e-10,33.61701965332031,79828.77706673674,79828.77706626785,5.873719098805659e-10,9.999823025186316e-9,NaN,40,INTERRUPTED,gap_and_residual
521,0.3253392578388923,sMEL-ADMM,1.0,0.01,6.31508,79971.19193638914,79828.77706626785,0.1784004156835089,7.08988423525625e-13,0.004367853261062038,105,converged,gap_residual_and_feasibility
522,0.6043468164945113,IPOPT,1.0,1.0e-10,29.779911041259766,69108.07628727262,69108.07628680088,6.826177390836969e-10,9.999824301942795e-9,NaN,38,INTERRUPTED,gap_and_residual
522,0.6043468164945113,sMEL-ADMM,1.0,0.01,7.240329999999999,69484.7816267522,69108.07628680088,0.5450959716893062,7.078782005009998e-13,0.009632781520160782,103,converged,gap_residual_and_feasibility
523,0.3264926228941273,IPOPT,1.0,1.0e-10,30.886173248291016,79784.45969517074,79784.45969470183,5.87716412692337e-10,9.999822581097106e-9,NaN,40,INTERRUPTED,gap_and_residual
523,0.3264926228941273,sMEL-ADMM,1.0,0.01,8.347039,79926.13065416922,79784.45969470183,0.17756711019852436,7.081002451059248e-13,0.004355422307117607,105,converged,gap_residual_and_feasibility
524,0.6731353676761682,IPOPT,1.0,1.0e-10,34.51085090637207,66464.91680505591,66464.9168045811,7.143835647645848e-10,9.999821248829477e-9,NaN,41,INTERRUPTED,gap_and_residual
524,0.6731353676761682,sMEL-ADMM,1.0,0.01,6.078502,66824.98127075327,66464.9168045811,0.5417361270921759,7.088774012231625e-13,0.009195683867825433,103,converged,gap_residual_and_feasibility
525,0.6891807129416317,IPOPT,1.0,1.0e-10,31.361818313598633,65848.38388271107,65848.38388223613,7.212711705618078e-10,9.999822137007897e-9,NaN,41,INTERRUPTED,gap_and_residual
525,0.6891807129416317,sMEL-ADMM,1.0,0.01,6.712954,66206.75334729608,65848.38388223613,0.544234260480654,7.062128659640621e-13,0.009150129980901034,103,converged,gap_residual_and_feasibility
526,0.35658318244970233,IPOPT,1.0,1.0e-10,28.264999389648438,78628.24770279501,78628.24770232268,6.007078604504864e-10,9.999820638206813e-9,NaN,38,INTERRUPTED,gap_and_residual
526,0.35658318244970233,sMEL-ADMM,1.0,0.01,8.490499999999999,79005.9257703326,78628.24770232268,0.48033382282632453,7.088774012231625e-13,0.009669666953635692,104,converged,gap_residual_and_feasibility
527,0.7275802755994719,IPOPT,1.0,1.0e-10,34.36994552612305,64372.903349851484,64372.9033493764,7.380180599275535e-10,9.999821470874082e-9,NaN,41,INTERRUPTED,gap_and_residual
527,0.7275802755994719,sMEL-ADMM,1.0,0.01,7.202324000000001,64731.1850111671,64372.9033493764,0.5565721649156777,7.061018436615996e-13,0.009144246784314913,103,converged,gap_residual_and_feasibility
528,0.7475959746012837,IPOPT,1.0,1.0e-10,32.644033432006836,63603.811928371106,63603.81192789571,7.474340046386664e-10,9.999822025985594e-9,NaN,41,INTERRUPTED,gap_and_residual
528,0.7475959746012837,sMEL-ADMM,1.0,0.01,6.193841,63964.84260384913,63603.81192789571,0.5676242744109471,7.107647803650252e-13,0.009213982132877163,103,converged,gap_residual_and_feasibility
529,0.7044757041600438,IPOPT,1.0,1.0e-10,32.427072525024414,65260.68287178777,65260.68287131272,7.279337691338723e-10,9.999821748429838e-9,NaN,41,INTERRUPTED,gap_and_residual
529,0.7044757041600438,sMEL-ADMM,1.0,0.01,7.0532900000000005,65618.29185656835,65260.68287131272,0.5479700326777153,7.098766019453251e-13,0.00912890999577487,103,converged,gap_residual_and_feasibility
530,0.3360271419566698,IPOPT,1.0,1.0e-10,30.635833740234375,79418.1014271791,79418.10142671019,5.904458906659084e-10,9.999822636608258e-9,NaN,40,INTERRUPTED,gap_and_residual
530,0.3360271419566698,sMEL-ADMM,1.0,0.01,6.687499000000001,79553.34209462421,79418.10142671019,0.17028947492383795,7.090994458280875e-13,0.004248020540181585,105,converged,gap_residual_and_feasibility
531,0.7097482229647474,IPOPT,1.0,1.0e-10,30.707836151123047,65058.08944839921,65058.08944792419,7.301446643000605e-10,9.999821526385233e-9,NaN,41,INTERRUPTED,gap_and_residual
531,0.7097482229647474,sMEL-ADMM,1.0,0.01,7.45575,65415.59852229912,65058.08944792419,0.549522860890497,7.090994458280875e-13,0.009125812964341562,103,converged,gap_residual_and_feasibility
532,0.6962120320434411,IPOPT,1.0,1.0e-10,30.668973922729492,65578.2095958972,65578.20959542232,7.241539598172764e-10,9.999822025985594e-9,NaN,41,INTERRUPTED,gap_and_residual
532,0.6962120320434411,sMEL-ADMM,1.0,0.01,5.924169,65936.1562881384,65578.20959542232,0.545831755585272,7.071010443837622e-13,0.009138475819515879,103,converged,gap_residual_and_feasibility
533,0.4909893251832591,IPOPT,1.0,1.0e-10,35.54081916809082,73463.77099072564,73463.77099025142,6.455124846843858e-10,9.999821692918687e-9,NaN,40,INTERRUPTED,gap_and_residual
533,0.4909893251832591,sMEL-ADMM,1.0,0.01,6.818205,73672.11216185201,73463.77099025142,0.28359716468712265,7.081002451059248e-13,0.00543638940512281,104,converged,gap_residual_and_feasibility
534,0.6937974626192154,IPOPT,1.0,1.0e-10,30.514001846313477,65670.98800101683,65670.98800054188,7.232195276543095e-10,9.99982185945214e-9,NaN,41,INTERRUPTED,gap_and_residual
534,0.6937974626192154,sMEL-ADMM,1.0,0.01,5.622253,66029.06493598934,65670.98800054188,0.5452589436365823,7.083222897108499e-13,0.00914208900035196,103,converged,gap_residual_and_feasibility
535,0.4492806517535179,IPOPT,1.0,1.0e-10,29.97899055480957,75066.40215205537,75066.40215158381,6.281835807489524e-10,9.999823080697468e-9,NaN,41,INTERRUPTED,gap_and_residual
535,0.4492806517535179,sMEL-ADMM,1.0,0.01,12.625582,75348.48072501707,75066.40215158381,0.37577207025807724,7.104317134576377e-13,0.00717932666631782,104,converged,gap_residual_and_feasibility
536,0.36136855902928866,IPOPT,1.0,1.0e-10,28.178930282592773,78444.37243190716,78444.37243143751,5.987026188408827e-10,9.99982319171977e-9,NaN,39,INTERRUPTED,gap_and_residual
536,0.36136855902928866,sMEL-ADMM,1.0,0.01,13.305585,78818.26273163747,78444.37243143751,0.4766311318593914,7.095435350379375e-13,0.009571043102671428,104,converged,gap_residual_and_feasibility
537,0.7175702590077365,IPOPT,1.0,1.0e-10,36.05198860168457,64757.532329777976,64757.5323293029,7.336233475430312e-10,9.999820860251418e-9,NaN,41,INTERRUPTED,gap_and_residual
537,0.7175702590077365,sMEL-ADMM,1.0,0.01,9.571583,65115.17560669785,64757.5323293029,0.5522805834791127,7.068789997788372e-13,0.00912856906923143,103,converged,gap_residual_and_feasibility
538,0.46395510659901107,IPOPT,1.0,1.0e-10,30.618906021118164,74502.54488504173,74502.54488456793,6.359458038037247e-10,9.99982180394099e-9,NaN,40,INTERRUPTED,gap_and_residual
538,0.46395510659901107,sMEL-ADMM,1.0,0.01,11.613251,74762.63763402255,74502.54488456793,0.34910585921272835,7.078782005009998e-13,0.00660682428541004,104,converged,gap_residual_and_feasibility
539,0.6827778957239561,IPOPT,1.0,1.0e-10,33.614158630371094,66094.40835554991,66094.40835507507,7.184322511306326e-10,9.999821692918687e-9,NaN,41,INTERRUPTED,gap_and_residual
539,0.6827778957239561,sMEL-ADMM,1.0,0.01,6.944332999999999,66453.33078121026,66094.40835507507,0.5430450700261575,7.083222897108499e-13,0.009165108075089856,103,converged,gap_residual_and_feasibility
540,0.49787568054100595,IPOPT,1.0,1.0e-10,31.239986419677734,73199.16685022446,73199.16684974998,6.482037547094708e-10,9.999821248829477e-9,NaN,40,INTERRUPTED,gap_and_residual
540,0.49787568054100595,sMEL-ADMM,1.0,0.01,7.097583,73392.7981816736,73199.16684974998,0.26452668829014525,7.095435350379375e-13,0.005193099707028637,104,converged,gap_residual_and_feasibility
541,0.545909740429174,IPOPT,1.0,1.0e-10,32.022953033447266,71353.48644727988,71353.48644680556,6.647463221327322e-10,9.999821692918687e-9,NaN,39,INTERRUPTED,gap_and_residual
541,0.545909740429174,sMEL-ADMM,1.0,0.01,11.510292,71496.62392179406,71353.48644680556,0.20060333715467388,7.084333120133124e-13,0.004357967890378234,104,converged,gap_residual_and_feasibility
542,0.5783537435613897,IPOPT,1.0,1.0e-10,28.535842895507812,70106.84477440028,70106.84477392568,6.769612365074937e-10,9.999821914963292e-9,NaN,36,INTERRUPTED,gap_and_residual
542,0.5783537435613897,sMEL-ADMM,1.0,0.01,12.843791,70493.1490524763,70106.84477392568,0.5510222001808034,7.082112674083874e-13,0.009883178124358682,103,converged,gap_residual_and_feasibility
543,0.4346600192776876,IPOPT,1.0,1.0e-10,29.946088790893555,75628.19132628002,75628.19132580973,6.218432413970263e-10,9.999822692119409e-9,NaN,41,INTERRUPTED,gap_and_residual
543,0.4346600192776876,sMEL-ADMM,1.0,0.01,9.846003000000001,75930.0565480273,75628.19132580973,0.3991437808120044,7.086553566182374e-13,0.007694445838049013,104,converged,gap_residual_and_feasibility
544,0.601414495808873,IPOPT,1.0,1.0e-10,34.99102592468262,69220.74897905187,69220.74897857898,6.831673972822498e-10,9.999822581097106e-9,NaN,38,INTERRUPTED,gap_and_residual
544,0.601414495808873,sMEL-ADMM,1.0,0.01,6.923868,69598.47377531431,69220.74897857898,0.5456814644583272,7.113198918773378e-13,0.009659397366694966,103,converged,gap_residual_and_feasibility
545,0.41179148450156916,IPOPT,1.0,1.0e-10,34.935951232910156,76506.9012787328,76506.9012782602,6.177253855214792e-10,9.999821248829477e-9,NaN,40,INTERRUPTED,gap_and_residual
545,0.41179148450156916,sMEL-ADMM,1.0,0.01,9.657827000000001,76834.21905950722,76506.9012782602,0.4278277851779012,7.087663789206999e-13,0.00835821272710402,104,converged,gap_residual_and_feasibility
546,0.625828420230385,IPOPT,1.0,1.0e-10,32.77087211608887,68282.6583415213,68282.65834104679,6.949185390477755e-10,9.999820693717965e-9,NaN,41,INTERRUPTED,gap_and_residual
546,0.625828420230385,sMEL-ADMM,1.0,0.01,13.376792,68652.39219032189,68282.65834104679,0.5414754759962856,7.086553566182374e-13,0.009450529507203154,103,converged,gap_residual_and_feasibility
547,0.622131696136362,IPOPT,1.0,1.0e-10,31.319856643676758,68424.70278313861,68424.70278266419,6.9334833909635e-10,9.999821637407535e-9,NaN,41,INTERRUPTED,gap_and_residual
547,0.622131696136362,sMEL-ADMM,1.0,0.01,9.138787,68795.54248458763,68424.70278266419,0.5419675743442094,7.073230889886872e-13,0.00947948170535251,103,converged,gap_residual_and_feasibility
548,0.3795386046889341,IPOPT,1.0,1.0e-10,30.38811683654785,77746.19915085024,77746.19915038043,6.042849531963582e-10,9.999823580297829e-9,NaN,37,INTERRUPTED,gap_and_residual
548,0.3795386046889341,sMEL-ADMM,1.0,0.01,6.6805390000000004,78104.80259752492,77746.19915038043,0.46124884697046,7.112088695748753e-13,0.00917303572871897,104,converged,gap_residual_and_feasibility
549,0.2636414336350342,IPOPT,1.0,1.0e-10,31.879901885986328,82199.47954956726,82199.47954909963,5.688914314648977e-10,9.999821914963292e-9,NaN,39,INTERRUPTED,gap_and_residual
549,0.2636414336350342,sMEL-ADMM,1.0,0.01,7.069706999999999,82372.81213671625,82199.47954909963,0.21086823002703378,7.083222897108499e-13,0.004883456450071932,105,converged,gap_residual_and_feasibility
550,0.3654808006739798,IPOPT,1.0,1.0e-10,27.358055114746094,78286.36197363364,78286.36197316168,6.028665206890331e-10,9.999821470874082e-9,NaN,35,INTERRUPTED,gap_and_residual
550,0.3654808006739798,sMEL-ADMM,1.0,0.01,13.546081,78656.93771780863,78286.36197316168,0.4733592611877817,7.077671781985373e-13,0.009484745187673949,104,converged,gap_residual_and_feasibility
551,0.37481885518155267,IPOPT,1.0,1.0e-10,35.18509864807129,77927.55274021927,77927.55273974729,6.056610299223687e-10,9.99982135985178e-9,NaN,38,INTERRUPTED,gap_and_residual
551,0.37481885518155267,sMEL-ADMM,1.0,0.01,6.351962,78290.3122383198,77927.55273974729,0.46550864978913725,7.103206911551752e-13,0.00928125090315457,104,converged,gap_residual_and_feasibility
552,0.5273338255042035,IPOPT,1.0,1.0e-10,26.201963424682617,72067.2550153232,72067.25501485087,6.553962189693491e-10,9.999822581097106e-9,NaN,36,INTERRUPTED,gap_and_residual
552,0.5273338255042035,sMEL-ADMM,1.0,0.01,9.332412999999999,72218.50859878019,72067.25501485087,0.2098783752734075,7.082112674083874e-13,0.004491882161842042,104,converged,gap_residual_and_feasibility
553,0.5278128175891561,IPOPT,1.0,1.0e-10,27.503013610839844,72048.85002714436,72048.85002667329,6.53826673983408e-10,9.999823802342434e-9,NaN,37,INTERRUPTED,gap_and_residual
553,0.5278128175891561,sMEL-ADMM,1.0,0.01,11.298828,72199.86702407249,72048.85002667329,0.209603619410016,7.05324687544362e-13,0.004487973413878521,104,converged,gap_residual_and_feasibility
554,0.5616526727627922,IPOPT,1.0,1.0e-10,29.55913543701172,70748.57356336439,70748.57356289176,6.680440762271798e-10,9.999822359052501e-9,NaN,37,INTERRUPTED,gap_and_residual
554,0.5616526727627922,sMEL-ADMM,1.0,0.01,7.596749,70885.06741518101,70748.57356289176,0.1929280625960779,7.0921046813055e-13,0.00425986996418537,104,converged,gap_residual_and_feasibility
555,0.34102369598122123,IPOPT,1.0,1.0e-10,32.17005729675293,79226.11178760223,79226.11178713286,5.924461204812069e-10,9.999822803141711e-9,NaN,40,INTERRUPTED,gap_and_residual
555,0.34102369598122123,sMEL-ADMM,1.0,0.01,6.734244,79615.82074231244,79226.11178713286,0.4918945867577873,7.078782005009998e-13,0.009982955037490915,104,converged,gap_residual_and_feasibility
556,0.3542430396108912,IPOPT,1.0,1.0e-10,29.9680233001709,78718.16631029449,78718.16630982202,6.002065416196852e-10,9.99982047167336e-9,NaN,38,INTERRUPTED,gap_and_residual
556,0.3542430396108912,sMEL-ADMM,1.0,0.01,6.088968,79097.72954851434,78718.16630982202,0.4821799801565812,7.08988423525625e-13,0.009718755313103844,104,converged,gap_residual_and_feasibility
557,0.4316521435160443,IPOPT,1.0,1.0e-10,32.01103210449219,75743.76717726648,75743.76717679303,6.250633941270005e-10,9.999821248829477e-9,NaN,40,INTERRUPTED,gap_and_residual
557,0.4316521435160443,sMEL-ADMM,1.0,0.01,5.949622,76049.35856998278,75743.76717679303,0.40345417792129784,7.100986465502501e-13,0.007791517685836857,104,converged,gap_residual_and_feasibility
558,0.3893034727471781,IPOPT,1.0,1.0e-10,33.354997634887695,77370.98985864592,77370.98985817403,6.099049629460395e-10,9.99982141536293e-9,NaN,34,INTERRUPTED,gap_and_residual
558,0.3893034727471781,sMEL-ADMM,1.0,0.01,6.756328,77720.64598732628,77370.98985817403,0.4519214886525223,7.076561558960748e-13,0.008940064753780952,104,converged,gap_residual_and_feasibility
559,0.491133745186877,IPOPT,1.0,1.0e-10,29.138803482055664,73458.22173731898,73458.22173684476,6.455612486248948e-10,9.999821026784872e-9,NaN,40,INTERRUPTED,gap_and_residual
559,0.491133745186877,sMEL-ADMM,1.0,0.01,11.061085,73666.25046494688,73458.22173684476,0.28319325350313196,7.052136652418994e-13,0.005431221540410647,104,converged,gap_residual_and_feasibility
560,0.611030846297707,IPOPT,1.0,1.0e-10,28.82099151611328,68851.24638680145,68851.24638632656,6.89729273596467e-10,9.999821970474443e-9,NaN,38,INTERRUPTED,gap_and_residual
560,0.611030846297707,sMEL-ADMM,1.0,0.01,7.525088,69225.67499678544,68851.24638632656,0.5438225596642823,7.085443343157749e-13,0.009573317504916745,103,converged,gap_residual_and_feasibility
561,0.2843586276805266,IPOPT,1.0,1.0e-10,27.801036834716797,81403.43359503533,81403.43359456683,5.755272106956188e-10,9.999821526385233e-9,NaN,35,INTERRUPTED,gap_and_residual
561,0.2843586276805266,sMEL-ADMM,1.0,0.01,7.042542,81568.06424526918,81403.43359456683,0.2022404257814288,7.076561558960748e-13,0.004739709275130011,105,converged,gap_residual_and_feasibility
562,0.7266325584076374,IPOPT,1.0,1.0e-10,33.143043518066406,64409.318823633555,64409.31882315841,7.376911738246527e-10,9.99982135985178e-9,NaN,41,INTERRUPTED,gap_and_residual
562,0.7266325584076374,sMEL-ADMM,1.0,0.01,6.918045,64767.51968809641,64409.31882315841,0.5561320496517995,7.083222897108499e-13,0.009142232836823028,103,converged,gap_residual_and_feasibility
563,0.7473788804834778,IPOPT,1.0,1.0e-10,35.39896011352539,63612.15364172532,63612.153641249985,7.472444866673481e-10,9.99982230354135e-9,NaN,41,INTERRUPTED,gap_and_residual
563,0.7473788804834778,sMEL-ADMM,1.0,0.01,6.763295,63973.14124128695,63612.153641249985,0.5674821231062297,7.078782005009998e-13,0.009212879533818108,103,converged,gap_residual_and_feasibility
564,0.6080699338013895,IPOPT,1.0,1.0e-10,28.7930965423584,68965.01770202792,68965.01770155599,6.843080426854115e-10,9.99982319171977e-9,NaN,37,INTERRUPTED,gap_and_residual
564,0.6080699338013895,sMEL-ADMM,1.0,0.01,5.967675000000001,69340.44419685182,68965.01770155599,0.5443723612462185,7.098766019453251e-13,0.009599385053566056,103,converged,gap_residual_and_feasibility
565,0.6039557794428279,IPOPT,1.0,1.0e-10,29.877901077270508,69123.10165520529,69123.10165473346,6.825956707228522e-10,9.999823080697468e-9,NaN,38,INTERRUPTED,gap_and_residual
565,0.6039557794428279,sMEL-ADMM,1.0,0.01,6.532291,69499.94194888207,69123.10165473346,0.5451727210259052,7.09432512735475e-13,0.009636305263169387,103,converged,gap_residual_and_feasibility
566,0.4984345671805677,IPOPT,1.0,1.0e-10,29.563188552856445,73177.69196093736,73177.691960463,6.482348922272587e-10,9.999821193318326e-9,NaN,40,INTERRUPTED,gap_and_residual
566,0.4984345671805677,sMEL-ADMM,1.0,0.01,9.553875999999999,73370.14254722328,73177.691960463,0.26299078531236586,7.076561558960748e-13,0.005173561765598578,104,converged,gap_residual_and_feasibility
567,0.2730503479907027,IPOPT,1.0,1.0e-10,26.559829711914062,81837.94756830987,81837.94756784158,5.722225420864433e-10,9.999822025985594e-9,NaN,35,INTERRUPTED,gap_and_residual
567,0.2730503479907027,sMEL-ADMM,1.0,0.01,9.623125,82007.50370838185,81837.94756784158,0.20718523078760231,7.074341112911497e-13,0.004821567180135489,105,converged,gap_residual_and_feasibility
568,0.4530989970246187,IPOPT,1.0,1.0e-10,29.68907356262207,74919.6844884849,74919.68448801435,6.280735617616613e-10,9.999823580297829e-9,NaN,41,INTERRUPTED,gap_and_residual
568,0.4530989970246187,sMEL-ADMM,1.0,0.01,11.985256999999999,75196.35959465563,74919.68448801435,0.3692956110694059,7.073230889886872e-13,0.007038646983172581,104,converged,gap_residual_and_feasibility
569,0.3657595222635088,IPOPT,1.0,1.0e-10,31.402111053466797,78275.65226104613,78275.6522605771,5.991937035083788e-10,9.999823469275526e-9,NaN,37,INTERRUPTED,gap_and_residual
569,0.3657595222635088,sMEL-ADMM,1.0,0.01,6.3772530000000005,78646.0025586836,78275.6522605771,0.4731360102546468,7.093214904330125e-13,0.009478875621593996,104,converged,gap_residual_and_feasibility
570,0.6783008359785956,IPOPT,1.0,1.0e-10,31.59499168395996,66266.43673403931,66266.43673356448,7.165452336161388e-10,9.999820582695662e-9,NaN,41,INTERRUPTED,gap_and_residual
570,0.6783008359785956,sMEL-ADMM,1.0,0.01,7.0778289999999995,66625.85464616046,66266.43673356448,0.5423830377979718,7.102096688527126e-13,0.00917840479047638,103,converged,gap_residual_and_feasibility
571,0.29223559562905255,IPOPT,1.0,1.0e-10,29.18100357055664,81100.76575036239,81100.76574989445,5.769932425073334e-10,9.999822359052501e-9,NaN,39,INTERRUPTED,gap_and_residual
571,0.29223559562905255,sMEL-ADMM,1.0,0.01,8.719872,81261.67328861465,81100.76574989445,0.19840446293247518,7.077671781985373e-13,0.004677368007323324,105,converged,gap_residual_and_feasibility
572,0.45789999187003805,IPOPT,1.0,1.0e-10,29.6170711517334,74735.20909495578,74735.209094482,6.339465183086632e-10,9.999821914963292e-9,NaN,40,INTERRUPTED,gap_and_residual
572,0.45789999187003805,sMEL-ADMM,1.0,0.01,9.045041,75004.74990621822,74735.209094482,0.3606610792985997,7.102096688527126e-13,0.006852876892653459,104,converged,gap_residual_and_feasibility
573,0.28383716741891274,IPOPT,1.0,1.0e-10,27.140140533447266,81423.47039783766,81423.47039736915,5.754034560379499e-10,9.999822414563653e-9,NaN,35,INTERRUPTED,gap_and_residual
573,0.28383716741891274,sMEL-ADMM,1.0,0.01,6.935625,81588.3360672137,81423.47039736915,0.20247929625200867,7.072120666862247e-13,0.004743637634874176,105,converged,gap_residual_and_feasibility
574,0.6985673689376242,IPOPT,1.0,1.0e-10,32.485008239746094,65487.70716578731,65487.707165312386,7.252102751921553e-10,9.999822248030199e-9,NaN,41,INTERRUPTED,gap_and_residual
574,0.6985673689376242,sMEL-ADMM,1.0,0.01,5.725617,65845.54132401918,65487.707165312386,0.5464142419943158,7.079892228034623e-13,0.009135328751393668,103,converged,gap_residual_and_feasibility
575,0.45400530799378475,IPOPT,1.0,1.0e-10,30.232906341552734,74884.86002437535,74884.8600239016,6.326407661355045e-10,9.999822414563653e-9,NaN,40,INTERRUPTED,gap_and_residual
575,0.45400530799378475,sMEL-ADMM,1.0,0.01,6.494711000000001,75160.23034271353,74884.8600239016,0.3677249563183368,7.087663789206999e-13,0.007004672935541967,104,converged,gap_residual_and_feasibility
576,0.5076163095864122,IPOPT,1.0,1.0e-10,27.588844299316406,72824.88892778309,72824.88892730675,6.540928521852493e-10,9.99982135985178e-9,NaN,37,INTERRUPTED,gap_and_residual
576,0.5076163095864122,sMEL-ADMM,1.0,0.01,7.7175400000000005,72998.64538510016,72824.88892730675,0.23859488198719028,7.078782005009998e-13,0.004864037281729239,104,converged,gap_residual_and_feasibility
577,0.4439225293183452,IPOPT,1.0,1.0e-10,30.135154724121094,75272.284844424,75272.2848439525,6.263880607474282e-10,9.999823413764375e-9,NaN,41,INTERRUPTED,gap_and_residual
577,0.4439225293183452,sMEL-ADMM,1.0,0.01,8.965463,75561.8715899529,75272.2848439525,0.38471895280016094,7.107647803650252e-13,0.007374773311321414,104,converged,gap_residual_and_feasibility
578,0.3494929415783416,IPOPT,1.0,1.0e-10,28.992176055908203,78900.68602382728,78900.68602335773,5.951109836164274e-10,9.999822137007897e-9,NaN,39,INTERRUPTED,gap_and_residual
578,0.3494929415783416,sMEL-ADMM,1.0,0.01,7.405085,79284.01904868308,78900.68602335773,0.48584244909083535,7.064349105689871e-13,0.009816919062862972,104,converged,gap_residual_and_feasibility
579,0.39644983445551935,IPOPT,1.0,1.0e-10,26.597976684570312,77096.395127569,77096.39512709893,6.097178951713494e-10,9.999823247230921e-9,NaN,35,INTERRUPTED,gap_and_residual
579,0.39644983445551935,sMEL-ADMM,1.0,0.01,7.213209,77439.08260044055,77096.39512709893,0.4444922136458832,7.083222897108499e-13,0.008758619390321187,104,converged,gap_residual_and_feasibility
580,0.27618358474010446,IPOPT,1.0,1.0e-10,29.111146926879883,81717.55479535619,81717.55479488794,5.73012162923506e-10,9.999822359052501e-9,NaN,36,INTERRUPTED,gap_and_residual
580,0.27618358474010446,sMEL-ADMM,1.0,0.01,5.882875,81885.73488781275,81717.55479488794,0.20580656548883164,7.061018436615996e-13,0.0047988785413011215,105,converged,gap_residual_and_feasibility
581,0.310671759432836,IPOPT,1.0,1.0e-10,32.18793869018555,80392.36703667302,80392.36703620381,5.836523689023317e-10,9.999822192519048e-9,NaN,39,INTERRUPTED,gap_and_residual
581,0.310671759432836,sMEL-ADMM,1.0,0.01,6.929625,80543.57308422233,80392.36703620381,0.18808508020472062,7.090994458280875e-13,0.0045148607427574206,105,converged,gap_residual_and_feasibility
582,0.3501341241067844,IPOPT,1.0,1.0e-10,29.188871383666992,78876.04896357858,78876.04896310899,5.953522147629755e-10,9.999822525585955e-9,NaN,39,INTERRUPTED,gap_and_residual
582,0.3501341241067844,sMEL-ADMM,1.0,0.01,6.383458,79258.88183260696,78876.04896310899,0.48536009920708134,7.076561558960748e-13,0.009803894998592577,104,converged,gap_residual_and_feasibility
583,0.6749010692575479,IPOPT,1.0,1.0e-10,32.77397155761719,66397.07076385536,66397.07076338059,7.150477886782668e-10,9.999821470874082e-9,NaN,41,INTERRUPTED,gap_and_residual
583,0.6749010692575479,sMEL-ADMM,1.0,0.01,9.573579,66756.91043967806,66397.07076338059,0.541951131518791,7.095435350379375e-13,0.0091896803956808,103,converged,gap_residual_and_feasibility
584,0.42332260774334574,IPOPT,1.0,1.0e-10,35.66694259643555,76063.82467349058,76063.82467301727,6.222611034253754e-10,9.999820693717965e-9,NaN,40,INTERRUPTED,gap_and_residual
584,0.42332260774334574,sMEL-ADMM,1.0,0.01,6.708505,76379.17582743969,76063.82467301727,0.41458755956336185,7.082112674083874e-13,0.008045991236195982,104,converged,gap_residual_and_feasibility
585,0.692551890677884,IPOPT,1.0,1.0e-10,30.089855194091797,65718.84836776333,65718.84836728842,7.226485508978736e-10,9.999822025985594e-9,NaN,41,INTERRUPTED,gap_and_residual
585,0.692551890677884,sMEL-ADMM,1.0,0.01,7.23137,66076.99830533369,65718.84836728842,0.5449729369018319,7.067679774763747e-13,0.00914410433900803,103,converged,gap_residual_and_feasibility
586,0.6833614582068033,IPOPT,1.0,1.0e-10,29.36100959777832,66071.98531154757,66071.9853110727,7.187201162664531e-10,9.999821581896384e-9,NaN,41,INTERRUPTED,gap_and_residual
586,0.6833614582068033,sMEL-ADMM,1.0,0.01,6.629798,66430.84829179806,66071.9853110727,0.5431393941559373,7.082112674083874e-13,0.009163508062686065,103,converged,gap_residual_and_feasibility
587,0.40055554158812784,IPOPT,1.0,1.0e-10,26.278018951416016,76938.63575406311,76938.63575359342,6.10476340300926e-10,9.99982319171977e-9,NaN,35,INTERRUPTED,gap_and_residual
587,0.40055554158812784,sMEL-ADMM,1.0,0.01,5.835538000000001,77277.16521190492,76938.63575359342,0.4399992994360987,7.073230889886872e-13,0.00865034565157996,104,converged,gap_residual_and_feasibility
588,0.4689709467156518,IPOPT,1.0,1.0e-10,30.70998191833496,74309.814188758,74309.814188284,6.378693580535507e-10,9.999821692918687e-9,NaN,40,INTERRUPTED,gap_and_residual
588,0.4689709467156518,sMEL-ADMM,1.0,0.01,6.770749,74561.76376391928,74309.814188284,0.3390528941397997,7.090994458280875e-13,0.006394742892822491,104,converged,gap_residual_and_feasibility
589,0.7134718839901959,IPOPT,1.0,1.0e-10,30.70688247680664,64915.009971089166,64915.009970614126,7.317876048813116e-10,9.99982230354135e-9,NaN,41,INTERRUPTED,gap_and_residual
589,0.7134718839901959,sMEL-ADMM,1.0,0.01,7.517622,65272.53039357844,64915.009970614126,0.5507515490271916,7.08988423525625e-13,0.00912575710893515,103,converged,gap_residual_and_feasibility
590,0.7376643039510541,IPOPT,1.0,1.0e-10,31.1281681060791,63985.43051173258,63985.430511257306,7.42782885914096e-10,9.99982135985178e-9,NaN,41,INTERRUPTED,gap_and_residual
590,0.7376643039510541,sMEL-ADMM,1.0,0.01,7.406248,64344.844467032955,63985.430511257306,0.5617121787004561,7.0921046813055e-13,0.009172782480833308,103,converged,gap_residual_and_feasibility
591,0.2677062891782063,IPOPT,1.0,1.0e-10,26.28803253173828,82043.28987427718,82043.28987380881,5.708790374698706e-10,9.99982180394099e-9,NaN,36,INTERRUPTED,gap_and_residual
591,0.2677062891782063,sMEL-ADMM,1.0,0.01,5.996249000000001,82215.03585795921,82043.28987380881,0.20933580846717106,7.086553566182374e-13,0.004857492432936539,105,converged,gap_residual_and_feasibility
592,0.5577149394119394,IPOPT,1.0,1.0e-10,28.066158294677734,70899.87864343778,70899.87864296639,6.648738346669658e-10,9.999823247230921e-9,NaN,38,INTERRUPTED,gap_and_residual
592,0.5577149394119394,sMEL-ADMM,1.0,0.01,6.959332000000001,71038.03530553708,70899.87864296639,0.1948616347658541,7.084333120133124e-13,0.004283817857800187,104,converged,gap_residual_and_feasibility
593,0.3823990519779501,IPOPT,1.0,1.0e-10,34.42788124084473,77636.28815191996,77636.28815145008,6.052341680830207e-10,9.999822525585955e-9,NaN,37,INTERRUPTED,gap_and_residual
593,0.3823990519779501,sMEL-ADMM,1.0,0.01,10.145584,77992.28402067261,77636.28815145008,0.45854313453016937,7.103206911551752e-13,0.009105137238723304,104,converged,gap_residual_and_feasibility
594,0.5925733850091778,IPOPT,1.0,1.0e-10,36.67116165161133,69560.46344377087,69560.46344329942,6.777599317648639e-10,9.999824024387038e-9,NaN,40,INTERRUPTED,gap_and_residual
594,0.5925733850091778,sMEL-ADMM,1.0,0.01,7.7793719999999995,69941.35009351837,69560.46344329942,0.5475619789816658,7.084333120133124e-13,0.009741908220988749,103,converged,gap_residual_and_feasibility
595,0.38685950352560805,IPOPT,1.0,1.0e-10,27.194976806640625,77464.89793362742,77464.89793315569,6.089589588887378e-10,9.999821470874082e-9,NaN,35,INTERRUPTED,gap_and_residual
595,0.38685950352560805,sMEL-ADMM,1.0,0.01,6.224083,77816.80807603995,77464.89793315569,0.45428336223707105,7.096545573404001e-13,0.008998752818245026,104,converged,gap_residual_and_feasibility
596,0.4243576608565429,IPOPT,1.0,1.0e-10,36.15093231201172,76024.05336847315,76024.0533679999,6.224909277738091e-10,9.999821970474443e-9,NaN,40,INTERRUPTED,gap_and_residual
596,0.4243576608565429,sMEL-ADMM,1.0,0.01,6.204631,76338.25521315796,76024.0533679999,0.41329267677577636,7.098766019453251e-13,0.008016009426587534,104,converged,gap_residual_and_feasibility
597,0.6350907997048585,IPOPT,1.0,1.0e-10,32.212018966674805,67926.75687659266,67926.75687611816,6.985381338265859e-10,9.999821304340628e-9,NaN,41,INTERRUPTED,gap_and_residual
597,0.6350907997048585,sMEL-ADMM,1.0,0.01,8.804881,68294.02024730608,67926.75687611816,0.5406755571412247,7.076561558960748e-13,0.009385745642342735,103,converged,gap_residual_and_feasibility
598,0.3592450773570985,IPOPT,1.0,1.0e-10,28.65886688232422,78525.96596194833,78525.9659614764,6.009899489841212e-10,9.999821637407535e-9,NaN,38,INTERRUPTED,gap_and_residual
598,0.3592450773570985,sMEL-ADMM,1.0,0.01,7.903626,78901.54116977028,78525.9659614764,0.47828155145284873,7.090994458280875e-13,0.00961491326942332,104,converged,gap_residual_and_feasibility
599,0.5369020894738021,IPOPT,1.0,1.0e-10,31.620025634765625,71699.60011919476,71699.60011872086,6.609488345016021e-10,9.999821470874082e-9,NaN,40,INTERRUPTED,gap_and_residual
599,0.5369020894738021,sMEL-ADMM,1.0,0.01,7.402589,71846.56597361533,71699.60011872086,0.20497444149078137,7.073230889886872e-13,0.004421130121844641,104,converged,gap_residual_and_feasibility
600,0.6039130162466684,IPOPT,1.0,1.0e-10,34.82389450073242,69124.74480578012,69124.74480530835,6.824952381848419e-10,9.999823025186316e-9,NaN,38,INTERRUPTED,gap_and_residual
600,0.6039130162466684,sMEL-ADMM,1.0,0.01,8.442664,69501.599876788,69124.74480530835,0.5451811396064694,7.086553566182374e-13,0.009636691101801542,103,converged,gap_residual_and_feasibility
601,0.5753525017828202,IPOPT,1.0,1.0e-10,32.79900550842285,70222.16571849966,70222.1657180245,6.766576950358834e-10,9.999821581896384e-9,NaN,36,INTERRUPTED,gap_and_residual
601,0.5753525017828202,sMEL-ADMM,1.0,0.01,7.433167,70609.65845782497,70222.1657180245,0.5518097253742479,7.083222897108499e-13,0.009914153511671242,103,converged,gap_residual_and_feasibility
602,0.4456374869852013,IPOPT,1.0,1.0e-10,33.04004669189453,75206.38860819153,75206.38860772001,6.269562545928999e-10,9.999822248030199e-9,NaN,41,INTERRUPTED,gap_and_residual
602,0.4456374869852013,sMEL-ADMM,1.0,0.01,8.044080000000001,75493.63461721927,75206.38860772001,0.381943628482874,7.086553566182374e-13,0.007313843954346977,104,converged,gap_residual_and_feasibility
603,0.5964234970003599,IPOPT,1.0,1.0e-10,32.6390266418457,69412.52516273016,69412.52516225862,6.793302216822218e-10,9.99982274763056e-9,NaN,40,INTERRUPTED,gap_and_residual
603,0.5964234970003599,sMEL-ADMM,1.0,0.01,7.425833,69792.01672853809,69412.52516225862,0.5467191481542669,7.077671781985373e-13,0.009705510552607821,103,converged,gap_residual_and_feasibility
604,0.6835136310796825,IPOPT,1.0,1.0e-10,33.32114219665527,66066.13815871501,66066.13815824014,7.187837262560907e-10,9.999821970474443e-9,NaN,41,INTERRUPTED,gap_and_residual
604,0.6835136310796825,sMEL-ADMM,1.0,0.01,6.909046,66424.98581174246,66066.13815824014,0.543164264638593,7.076561558960748e-13,0.009163095342056504,103,converged,gap_residual_and_feasibility
605,0.48109021086811604,IPOPT,1.0,1.0e-10,30.79390525817871,73844.13861612503,73844.1386156511,6.417933556299944e-10,9.999821970474443e-9,NaN,40,INTERRUPTED,gap_and_residual
605,0.48109021086811604,sMEL-ADMM,1.0,0.01,6.475087,74073.58303089088,73844.1386156511,0.3107144582375114,7.079892228034623e-13,0.005808411692455606,104,converged,gap_residual_and_feasibility
606,0.7411247274441792,IPOPT,1.0,1.0e-10,32.305002212524414,63852.465781247214,63852.46578077188,7.444207974817586e-10,9.999820749229116e-9,NaN,41,INTERRUPTED,gap_and_residual
606,0.7411247274441792,sMEL-ADMM,1.0,0.01,7.828384000000001,64212.38095789629,63852.46578077188,0.5636668415596089,7.072120666862247e-13,0.009185515188390836,103,converged,gap_residual_and_feasibility
607,0.525686618178862,IPOPT,1.0,1.0e-10,28.019189834594727,72130.54798466718,72130.54798419485,6.548211232026501e-10,9.999822692119409e-9,NaN,37,INTERRUPTED,gap_and_residual
607,0.525686618178862,sMEL-ADMM,1.0,0.01,7.450091,72282.65002017461,72130.54798419485,0.21087048446253764,7.082112674083874e-13,0.0045059033918875,104,converged,gap_residual_and_feasibility
608,0.39886016403805763,IPOPT,1.0,1.0e-10,27.631044387817383,77003.7796358652,77003.77963539393,6.120008354161999e-10,9.999822025985594e-9,NaN,34,INTERRUPTED,gap_and_residual
608,0.39886016403805763,sMEL-ADMM,1.0,0.01,6.594998,77344.03161071453,77003.77963539393,0.44186399282173244,7.088774012231625e-13,0.008695200977882678,104,converged,gap_residual_and_feasibility
609,0.5210699546430333,IPOPT,1.0,1.0e-10,29.488086700439453,72307.94055641418,72307.94055594303,6.515845365341548e-10,9.999822858652863e-9,NaN,38,INTERRUPTED,gap_and_residual
609,0.5210699546430333,sMEL-ADMM,1.0,0.01,8.947035000000001,72463.03925855759,72307.94055594303,0.21449746932643318,7.099876242477876e-13,0.004555472904065994,104,converged,gap_residual_and_feasibility
610,0.36493350975439554,IPOPT,1.0,1.0e-10,29.826879501342773,78307.391304222,78307.3913037521,6.000658262468245e-10,9.999822914164014e-9,NaN,35,INTERRUPTED,gap_and_residual
610,0.36493350975439554,sMEL-ADMM,1.0,0.01,7.48317,78678.40994106975,78307.3913037521,0.4737977234849827,7.066569551739121e-13,0.009496276048450936,104,converged,gap_residual_and_feasibility
611,0.25283764725913804,IPOPT,1.0,1.0e-10,32.17482566833496,82614.60866499232,82614.60866452343,5.67565252765991e-10,9.999821137807174e-9,NaN,36,INTERRUPTED,gap_and_residual
611,0.25283764725913804,sMEL-ADMM,1.0,0.01,7.580626,82792.45919692914,82614.60866452343,0.2152773405099686,7.081002451059248e-13,0.004957451578077254,105,converged,gap_residual_and_feasibility
612,0.6193213993442694,IPOPT,1.0,1.0e-10,32.81998634338379,68532.6867788206,68532.68677834762,6.901537396269753e-10,9.999822581097106e-9,NaN,41,INTERRUPTED,gap_and_residual
612,0.6193213993442694,sMEL-ADMM,1.0,0.01,7.50775,68904.40116452661,68532.68677834762,0.5423899217335746,7.095435350379375e-13,0.009502366588794775,103,converged,gap_residual_and_feasibility
613,0.469656812102841,IPOPT,1.0,1.0e-10,30.848026275634766,74283.46021603234,74283.46021555847,6.379193512545713e-10,9.999821248829477e-9,NaN,40,INTERRUPTED,gap_and_residual
613,0.469656812102841,sMEL-ADMM,1.0,0.01,6.472535,74534.2570837546,74283.46021555847,0.3376214132572036,7.081002451059248e-13,0.006364718979906425,104,converged,gap_residual_and_feasibility
614,0.34291867767508133,IPOPT,1.0,1.0e-10,32.44900703430176,79153.29823437688,79153.2982339075,5.930094993882725e-10,9.999822525585955e-9,NaN,40,INTERRUPTED,gap_and_residual
614,0.34291867767508133,sMEL-ADMM,1.0,0.01,6.913166,79541.60138352567,79153.2982339075,0.4905710289806205,7.063238882665246e-13,0.009946344738623325,104,converged,gap_residual_and_feasibility
615,0.7349465815542003,IPOPT,1.0,1.0e-10,33.90622138977051,64089.85739091349,64089.85739043833,7.413909647193847e-10,9.99982274763056e-9,NaN,41,INTERRUPTED,gap_and_residual
615,0.7349465815542003,sMEL-ADMM,1.0,0.01,7.1195770000000005,64448.915045154274,64089.85739043833,0.5602409949651594,7.084333120133124e-13,0.009163757929253502,103,converged,gap_residual_and_feasibility
616,0.2668033387704408,IPOPT,1.0,1.0e-10,29.608964920043945,82077.98521080134,82077.985210333,5.706022613854298e-10,9.999821581896384e-9,NaN,36,INTERRUPTED,gap_and_residual
616,0.2668033387704408,sMEL-ADMM,1.0,0.01,7.115541,82250.09223449236,82077.985210333,0.20968719409755712,7.079892228034623e-13,0.00486340114733963,105,converged,gap_residual_and_feasibility
617,0.32876558636179987,IPOPT,1.0,1.0e-10,33.143043518066406,79697.1224153601,79697.12241489123,5.883239524412235e-10,9.999823247230921e-9,NaN,40,INTERRUPTED,gap_and_residual
617,0.32876558636179987,sMEL-ADMM,1.0,0.01,6.017625000000001,79837.29804568466,79697.12241489123,0.17588543544106058,7.08988423525625e-13,0.004330439335301861,105,converged,gap_residual_and_feasibility
618,0.4807080591309327,IPOPT,1.0,1.0e-10,38.66100311279297,73858.82257109182,73858.8225706179,6.416657599765022e-10,9.999821692918687e-9,NaN,40,INTERRUPTED,gap_and_residual
618,0.4807080591309327,sMEL-ADMM,1.0,0.01,6.2179590000000005,74089.07147484385,73858.8225706179,0.31174191005523993,7.083222897108499e-13,0.005829377462714502,104,converged,gap_residual_and_feasibility
619,0.6696300463658951,IPOPT,1.0,1.0e-10,37.84584999084473,66599.6067076678,66599.60670719306,7.128295584348638e-10,9.999821748429838e-9,NaN,41,INTERRUPTED,gap_and_residual
619,0.6696300463658951,sMEL-ADMM,1.0,0.01,6.549419,66960.15377143523,66599.60670719306,0.5413651552438233,7.083222897108499e-13,0.009208540451514868,103,converged,gap_residual_and_feasibility
620,0.3749802035784885,IPOPT,1.0,1.0e-10,29.410123825073242,77921.35302328996,77921.35302281802,6.056718683365155e-10,9.99982135985178e-9,NaN,38,INTERRUPTED,gap_and_residual
620,0.3749802035784885,sMEL-ADMM,1.0,0.01,6.064785,78283.97546344069,77921.35302281802,0.46536979474224505,7.090994458280875e-13,0.009277682765613249,104,converged,gap_residual_and_feasibility
621,0.5850610803668619,IPOPT,1.0,1.0e-10,34.93499755859375,69849.11931611678,69849.11931564397,6.768965483276665e-10,9.999823358253224e-9,NaN,38,INTERRUPTED,gap_and_residual
621,0.5850610803668619,sMEL-ADMM,1.0,0.01,6.159549,70232.82261692036,69849.11931564397,0.5493316236994396,7.083222897108499e-13,0.009815368318402351,103,converged,gap_residual_and_feasibility
622,0.3164439627840456,IPOPT,1.0,1.0e-10,29.565811157226562,80170.57352948366,80170.57352901452,5.851762989789924e-10,9.999821970474443e-9,NaN,40,INTERRUPTED,gap_and_residual
622,0.3164439627840456,sMEL-ADMM,1.0,0.01,7.292877,80318.4972449953,80170.57352901452,0.18451123581802326,7.088774012231625e-13,0.004459946846662177,105,converged,gap_residual_and_feasibility
623,0.4512520885596244,IPOPT,1.0,1.0e-10,30.842065811157227,74990.65085626348,74990.65085579189,6.288763510371495e-10,9.999822692119409e-9,NaN,41,INTERRUPTED,gap_and_residual
623,0.4512520885596244,sMEL-ADMM,1.0,0.01,6.049131,75269.93499415957,74990.65085579189,0.3724252759250662,7.086553566182374e-13,0.0071065755717200085,104,converged,gap_residual_and_feasibility
624,0.6799940242532357,IPOPT,1.0,1.0e-10,37.835121154785156,66201.37697385503,66201.37697338023,7.172054597324645e-10,9.999822192519048e-9,NaN,41,INTERRUPTED,gap_and_residual
624,0.6799940242532357,sMEL-ADMM,1.0,0.01,6.6476690000000005,66560.59915711853,66201.37697338023,0.5426204108756545,7.078782005009998e-13,0.00917316000068924,103,converged,gap_residual_and_feasibility
625,0.29581518854332467,IPOPT,1.0,1.0e-10,35.6290340423584,80963.22200519973,80963.22200473174,5.780273834913922e-10,9.999822192519048e-9,NaN,39,INTERRUPTED,gap_and_residual
625,0.29581518854332467,sMEL-ADMM,1.0,0.01,6.7251259999999995,81122.34910827376,80963.22200473174,0.19654245421794292,7.085443343157749e-13,0.004647513398829517,105,converged,gap_residual_and_feasibility
626,0.4688974242723554,IPOPT,1.0,1.0e-10,38.8798713684082,74312.6392452509,74312.63924477696,6.377667808454142e-10,9.99982047167336e-9,NaN,40,INTERRUPTED,gap_and_residual
626,0.4688974242723554,sMEL-ADMM,1.0,0.01,6.612286999999999,74564.71205507389,74312.63924477696,0.3392058374708398,7.085443343157749e-13,0.006397952677099306,104,converged,gap_residual_and_feasibility
627,0.4041357819747698,IPOPT,1.0,1.0e-10,26.796817779541016,76801.06713016005,76801.06712968693,6.160414659616203e-10,9.999821581896384e-9,NaN,36,INTERRUPTED,gap_and_residual
627,0.4041357819747698,sMEL-ADMM,1.0,0.01,11.361336,77136.02799749273,76801.06712968693,0.4361409031468034,7.087663789206999e-13,0.008557406802324308,104,converged,gap_residual_and_feasibility
628,0.2707376934671637,IPOPT,1.0,1.0e-10,32.595157623291016,81926.80995351754,81926.80995304932,5.715130671586762e-10,9.999821970474443e-9,NaN,35,INTERRUPTED,gap_and_residual
628,0.2707376934671637,sMEL-ADMM,1.0,0.01,7.509752,82097.33291926137,81926.80995304932,0.20814061515366952,7.074341112911497e-13,0.004837444978676331,105,converged,gap_residual_and_feasibility
629,0.4509239004760037,IPOPT,1.0,1.0e-10,38.19704055786133,75003.26128968986,75003.26128921828,6.287512152134573e-10,9.999822581097106e-9,NaN,41,INTERRUPTED,gap_and_residual
629,0.4509239004760037,sMEL-ADMM,1.0,0.01,7.211501999999999,75283.00779589375,75003.26128921828,0.3729791236633603,7.097655796428626e-13,0.0071186132827176785,104,converged,gap_residual_and_feasibility
630,0.47419606045364643,IPOPT,1.0,1.0e-10,29.974937438964844,74109.0422770806,74109.0422766067,6.394599859463919e-10,9.99982180394099e-9,NaN,40,INTERRUPTED,gap_and_residual
630,0.47419606045364643,sMEL-ADMM,1.0,0.01,7.189623,74351.96453233612,74109.0422766067,0.3277903050247532,7.079892228034623e-13,0.006159597453347487,104,converged,gap_residual_and_feasibility
631,0.6819106947481548,IPOPT,1.0,1.0e-10,30.64894676208496,66127.73004124916,66127.73004077429,7.181142454980528e-10,9.999822192519048e-9,NaN,41,INTERRUPTED,gap_and_residual
631,0.6819106947481548,sMEL-ADMM,1.0,0.01,6.455248999999999,66486.74290174933,66127.73004077429,0.5429081880682615,7.085443343157749e-13,0.009167540071953195,103,converged,gap_residual_and_feasibility
632,0.5624546627171587,IPOPT,1.0,1.0e-10,27.71902084350586,70717.75757267824,70717.75757220564,6.682940283974987e-10,9.999822525585955e-9,NaN,37,INTERRUPTED,gap_and_residual
632,0.5624546627171587,sMEL-ADMM,1.0,0.01,6.68696,70853.91536683992,70717.75757220564,0.19253692326890484,7.082112674083874e-13,0.004255030588852904,104,converged,gap_residual_and_feasibility
633,0.31919386968756336,IPOPT,1.0,1.0e-10,30.680179595947266,80064.90997962815,80064.9099791593,5.855850669972547e-10,9.999822248030199e-9,NaN,40,INTERRUPTED,gap_and_residual
633,0.31919386968756336,sMEL-ADMM,1.0,0.01,7.506416,80211.19459070817,80064.9099791593,0.18270752016950015,7.081002451059248e-13,0.004432532185633775,105,converged,gap_residual_and_feasibility
634,0.630895032355473,IPOPT,1.0,1.0e-10,31.18896484375,68087.976760777,68087.97676030247,6.969482398744359e-10,9.999821137807174e-9,NaN,41,INTERRUPTED,gap_and_residual
634,0.630895032355473,sMEL-ADMM,1.0,0.01,6.4474149999999995,68456.29519625021,68087.97676030247,0.5409448972824924,7.085443343157749e-13,0.00941343459336963,103,converged,gap_residual_and_feasibility
635,0.3172856283541573,IPOPT,1.0,1.0e-10,35.3238582611084,80138.23302667783,80138.23302620872,5.853761350882826e-10,9.999822858652863e-9,NaN,40,INTERRUPTED,gap_and_residual
635,0.3172856283541573,sMEL-ADMM,1.0,0.01,6.303006,80285.65718706418,80138.23302620872,0.1839623301991751,7.068789997788372e-13,0.004451591056106707,105,converged,gap_residual_and_feasibility
636,0.44967582362451064,IPOPT,1.0,1.0e-10,30.569791793823242,75051.21790613099,75051.21790565948,6.282525059383306e-10,9.999822137007897e-9,NaN,41,INTERRUPTED,gap_and_residual
636,0.44967582362451064,sMEL-ADMM,1.0,0.01,6.4595,75332.737003334,75051.21790565948,0.37510263727951143,7.072120666862247e-13,0.007164761608092984,104,converged,gap_residual_and_feasibility
637,0.37117769328538064,IPOPT,1.0,1.0e-10,34.422874450683594,78067.46223717259,78067.46223670345,6.009407525312805e-10,9.999822525585955e-9,NaN,36,INTERRUPTED,gap_and_residual
637,0.37117769328538064,sMEL-ADMM,1.0,0.01,6.671962,78433.29025795344,78067.46223670345,0.46860498698009634,7.071010443837622e-13,0.009361137864202673,104,converged,gap_residual_and_feasibility
638,0.6968531556922628,IPOPT,1.0,1.0e-10,37.34898567199707,65553.5747980632,65553.57479758827,7.244926897955864e-10,9.999822192519048e-9,NaN,41,INTERRUPTED,gap_and_residual
638,0.6968531556922628,sMEL-ADMM,1.0,0.01,5.893206,65911.48982030824,65553.57479758827,0.5459885655742139,7.0921046813055e-13,0.00913759219374699,103,converged,gap_residual_and_feasibility
639,0.7193683998819816,IPOPT,1.0,1.0e-10,37.999868392944336,64688.43982789382,64688.43982741873,7.344181644905565e-10,9.999821637407535e-9,NaN,41,INTERRUPTED,gap_and_residual
639,0.7193683998819816,sMEL-ADMM,1.0,0.01,6.336966,65046.162526146516,64688.43982741873,0.5529932391044604,7.078782005009998e-13,0.009130467712886947,103,converged,gap_residual_and_feasibility
640,0.51889009687096,IPOPT,1.0,1.0e-10,26.875019073486328,72391.70030482316,72391.70030434843,6.557756324263265e-10,9.999820860251418e-9,NaN,36,INTERRUPTED,gap_and_residual
640,0.51889009687096,sMEL-ADMM,1.0,0.01,7.066249,72548.75499298281,72391.70030434843,0.21695123608658495,7.072120666862247e-13,0.0045878088174120535,104,converged,gap_residual_and_feasibility
641,0.2654601807779357,IPOPT,1.0,1.0e-10,29.855966567993164,82129.59526397118,82129.59526350356,5.693577844235837e-10,9.999822192519048e-9,NaN,39,INTERRUPTED,gap_and_residual
641,0.2654601807779357,sMEL-ADMM,1.0,0.01,8.256417,82302.22432013432,82129.59526350356,0.21019104754735132,7.084333120133124e-13,0.004871943234881826,105,converged,gap_residual_and_feasibility
642,0.49449546539348327,IPOPT,1.0,1.0e-10,34.303903579711914,73329.0496223667,73329.04962189216,6.471350140822925e-10,9.999821692918687e-9,NaN,40,INTERRUPTED,gap_and_residual
642,0.49449546539348327,sMEL-ADMM,1.0,0.01,5.753503,73529.84326615902,73329.04962189216,0.27382551022032003,7.072120666862247e-13,0.005311568829922564,104,converged,gap_residual_and_feasibility
643,0.5058227654505791,IPOPT,1.0,1.0e-10,33.082008361816406,72893.8048027045,72893.80480223025,6.505997575228309e-10,9.999821581896384e-9,NaN,37,INTERRUPTED,gap_and_residual
643,0.5058227654505791,sMEL-ADMM,1.0,0.01,6.604544000000001,73071.03210913794,72893.80480223025,0.24313082214398077,7.087663789206999e-13,0.004921516308913354,104,converged,gap_residual_and_feasibility
644,0.2994751301724946,IPOPT,1.0,1.0e-10,29.39605712890625,80822.59090808645,80822.59090761837,5.791411782018572e-10,9.999822414563653e-9,NaN,39,INTERRUPTED,gap_and_residual
644,0.2994751301724946,sMEL-ADMM,1.0,0.01,7.022628,80979.85135299765,80822.59090761837,0.1945748628115933,7.083222897108499e-13,0.004616230932711574,105,converged,gap_residual_and_feasibility
645,0.31161872977604776,IPOPT,1.0,1.0e-10,31.306028366088867,80355.98026010847,80355.98025963933,5.838261116739249e-10,9.999822025985594e-9,NaN,39,INTERRUPTED,gap_and_residual
645,0.31161872977604776,sMEL-ADMM,1.0,0.01,6.880534,80506.65766962321,80355.98025963933,0.18751237866431905,7.079892228034623e-13,0.004506014186596019,105,converged,gap_residual_and_feasibility
646,0.3776927824784013,IPOPT,1.0,1.0e-10,28.089046478271484,77817.1237799427,77817.12377947138,6.056790066763063e-10,9.999821193318326e-9,NaN,36,INTERRUPTED,gap_and_residual
646,0.3776927824784013,sMEL-ADMM,1.0,0.01,7.090958,78177.38296495416,77817.12377947138,0.4629561823741106,7.100986465502501e-13,0.009216150608474472,104,converged,gap_residual_and_feasibility
647,0.6594898138032033,IPOPT,1.0,1.0e-10,31.12483024597168,66989.23915942873,66989.239158954,7.086617738239503e-10,9.999821581896384e-9,NaN,41,INTERRUPTED,gap_and_residual
647,0.6594898138032033,sMEL-ADMM,1.0,0.01,6.655086,67351.41338134813,66989.239158954,0.540645373706586,7.099876242477876e-13,0.009251693429475849,103,converged,gap_residual_and_feasibility
648,0.6826724324720643,IPOPT,1.0,1.0e-10,37.92715072631836,66098.46071876261,66098.46071828778,7.183661899863836e-10,9.999820804740267e-9,NaN,41,INTERRUPTED,gap_and_residual
648,0.6826724324720643,sMEL-ADMM,1.0,0.01,7.045079,66457.39400058251,66098.46071828778,0.5430282012534443,7.098766019453251e-13,0.009165400159834025,103,converged,gap_residual_and_feasibility
649,0.5134718033992187,IPOPT,1.0,1.0e-10,35.067081451416016,72599.89503375835,72599.89503328611,6.504675423765361e-10,9.999821970474443e-9,NaN,37,INTERRUPTED,gap_and_residual
649,0.5134718033992187,sMEL-ADMM,1.0,0.01,7.2668289999999995,72763.73267417609,72599.89503328611,0.22567200794830497,7.088774012231625e-13,0.004699882277057199,104,converged,gap_residual_and_feasibility
650,0.46321226342718635,IPOPT,1.0,1.0e-10,36.470890045166016,74531.08819551539,74531.08819504161,6.356827298231875e-10,9.999821970474443e-9,NaN,40,INTERRUPTED,gap_and_residual
650,0.46321226342718635,sMEL-ADMM,1.0,0.01,6.556255,74792.36834704985,74531.08819504161,0.35056532560546383,7.08988423525625e-13,0.006637748206552496,104,converged,gap_residual_and_feasibility
651,0.6931045446330355,IPOPT,1.0,1.0e-10,30.14206886291504,65697.61296569642,65697.61296522149,7.229042820164932e-10,9.99982047167336e-9,NaN,41,INTERRUPTED,gap_and_residual
651,0.6931045446330355,sMEL-ADMM,1.0,0.01,6.705083,66055.72994992406,65697.61296522149,0.545098929076999,7.098766019453251e-13,0.009143195495945555,103,converged,gap_residual_and_feasibility
652,0.7079936887909583,IPOPT,1.0,1.0e-10,31.349897384643555,65125.50638855369,65125.50638807868,7.293776573673083e-10,9.999822359052501e-9,NaN,41,INTERRUPTED,gap_and_residual
652,0.7079936887909583,sMEL-ADMM,1.0,0.01,7.005997,65483.037127244665,65125.50638807868,0.5489872693434206,7.085443343157749e-13,0.009126542692529216,103,converged,gap_residual_and_feasibility
653,0.4133726718138773,IPOPT,1.0,1.0e-10,27.598142623901367,76446.14508942701,76446.14508895401,6.18730286572921e-10,9.999821026784872e-9,NaN,36,INTERRUPTED,gap_and_residual
653,0.4133726718138773,sMEL-ADMM,1.0,0.01,7.347043,76771.8646046573,76446.14508895401,0.4260770969213309,7.098766019453251e-13,0.0083165278897116,104,converged,gap_residual_and_feasibility
654,0.4468844964024063,IPOPT,1.0,1.0e-10,33.247947692871094,75158.47300728288,75158.47300681141,6.272978715801341e-10,9.999822803141711e-9,NaN,41,INTERRUPTED,gap_and_residual
654,0.4468844964024063,sMEL-ADMM,1.0,0.01,7.300295,75443.95840931685,75158.47300681141,0.37984460179168966,7.082112674083874e-13,0.007268014149260593,104,converged,gap_residual_and_feasibility
655,0.3625526173204429,IPOPT,1.0,1.0e-10,26.659011840820312,78398.87569086745,78398.87569039557,6.019085131896734e-10,9.999820582695662e-9,NaN,36,INTERRUPTED,gap_and_residual
655,0.3625526173204429,sMEL-ADMM,1.0,0.01,9.490204,78771.80533790796,78398.87569039557,0.4756823924173773,7.090994458280875e-13,0.00954603064342674,104,converged,gap_residual_and_feasibility
656,0.3444934655959763,IPOPT,1.0,1.0e-10,28.461217880249023,79092.7879379119,79092.78793743964,5.97087695631275e-10,9.999821082296023e-9,NaN,38,INTERRUPTED,gap_and_residual
656,0.3444934655959763,sMEL-ADMM,1.0,0.01,11.408958,79479.92135664701,79092.78793743964,0.48946740822131923,7.076561558960748e-13,0.00991588324647974,104,converged,gap_residual_and_feasibility
657,0.3609878369653106,IPOPT,1.0,1.0e-10,32.65786170959473,78459.00145252426,78459.00145205513,5.979232904445822e-10,9.999823746831282e-9,NaN,39,INTERRUPTED,gap_and_residual
657,0.3609878369653106,sMEL-ADMM,1.0,0.01,8.716995,78833.20045562458,78459.00145205513,0.4769357201137887,7.075451335936123e-13,0.009579080835278586,104,converged,gap_residual_and_feasibility
658,0.6269869531084611,IPOPT,1.0,1.0e-10,30.579090118408203,68238.14239941245,68238.14239893801,6.952652512384746e-10,9.999821193318326e-9,NaN,41,INTERRUPTED,gap_and_residual
658,0.6269869531084611,sMEL-ADMM,1.0,0.01,7.321574,68607.54830725543,68238.14239893801,0.5413481307239844,7.078782005009998e-13,0.009441937692704405,103,converged,gap_residual_and_feasibility
659,0.3539924915785594,IPOPT,1.0,1.0e-10,28.233051300048828,78727.79347057088,78727.7934700985,6.000037590376853e-10,9.999821193318326e-9,NaN,38,INTERRUPTED,gap_and_residual
659,0.3539924915785594,sMEL-ADMM,1.0,0.01,5.647583,79107.55586570223,78727.7934700985,0.48237398619328103,7.098766019453251e-13,0.009723941291039151,104,converged,gap_residual_and_feasibility
660,0.2665355135307084,IPOPT,1.0,1.0e-10,28.795957565307617,82088.2762375756,82088.27623710738,5.703889103914153e-10,9.999821193318326e-9,NaN,37,INTERRUPTED,gap_and_residual
660,0.2665355135307084,sMEL-ADMM,1.0,0.01,7.52246,82260.48934420208,82088.27623710738,0.20979013689759934,7.088774012231625e-13,0.004865137128575725,105,converged,gap_residual_and_feasibility
661,0.313410009532503,IPOPT,1.0,1.0e-10,33.65588188171387,80287.15139262595,80287.15139215707,5.84000369228458e-10,9.99982230354135e-9,NaN,40,INTERRUPTED,gap_and_residual
661,0.313410009532503,sMEL-ADMM,1.0,0.01,6.973414,80436.82008377368,80287.15139215707,0.18641674168455774,7.093214904330125e-13,0.004489137002831711,105,converged,gap_residual_and_feasibility
662,0.27413247743176034,IPOPT,1.0,1.0e-10,28.268098831176758,81796.36738317736,81796.3673827092,5.723533106752401e-10,9.999821637407535e-9,NaN,36,INTERRUPTED,gap_and_residual
662,0.27413247743176034,sMEL-ADMM,1.0,0.01,6.363332,81965.4492889362,81796.3673827092,0.20671077657507805,7.077671781985373e-13,0.004813761256642124,105,converged,gap_residual_and_feasibility
663,0.35747942595372423,IPOPT,1.0,1.0e-10,27.785778045654297,78593.81007508894,78593.81007461665,6.009340432834058e-10,9.999820860251418e-9,NaN,38,INTERRUPTED,gap_and_residual
663,0.35747942595372423,sMEL-ADMM,1.0,0.01,5.819047,78970.76753206822,78593.81007461665,0.4796274122525552,7.103206911551752e-13,0.009650903505355468,104,converged,gap_residual_and_feasibility
664,0.6216649256042217,IPOPT,1.0,1.0e-10,31.944990158081055,68442.63816536065,68442.63816488773,6.909767152273682e-10,9.999822359052501e-9,NaN,41,INTERRUPTED,gap_and_residual
664,0.6216649256042217,sMEL-ADMM,1.0,0.01,8.731627000000001,68813.62181336324,68442.63816488773,0.5420358689005474,7.082112674083874e-13,0.009483248644282849,103,converged,gap_residual_and_feasibility
665,0.6038145683592002,IPOPT,1.0,1.0e-10,28.99909019470215,69128.52760775515,69128.52760728335,6.824999922092963e-10,9.99982274763056e-9,NaN,38,INTERRUPTED,gap_and_residual
665,0.6038145683592002,sMEL-ADMM,1.0,0.01,7.1618319999999995,69505.41671274208,69128.52760728335,0.545200539493366,7.076561558960748e-13,0.009637579729418366,103,converged,gap_residual_and_feasibility
666,0.44071716057145655,IPOPT,1.0,1.0e-10,31.4638614654541,75395.44924681082,75395.44924633946,6.251910994484119e-10,9.999822803141711e-9,NaN,41,INTERRUPTED,gap_and_residual
666,0.44071716057145655,sMEL-ADMM,1.0,0.01,7.060417999999999,75689.3563450421,75395.44924633946,0.389820740695327,7.061018436615996e-13,0.00748723619708247,104,converged,gap_residual_and_feasibility
667,0.40815661393224534,IPOPT,1.0,1.0e-10,31.335830688476562,76646.56903516535,76646.56903469519,6.134101435127263e-10,9.999823136208619e-9,NaN,40,INTERRUPTED,gap_and_residual
667,0.40815661393224534,sMEL-ADMM,1.0,0.01,7.043334,76977.53891694882,76646.56903469519,0.43181304319546493,7.079892228034623e-13,0.008453419974812304,104,converged,gap_residual_and_feasibility
668,0.47207142946898634,IPOPT,1.0,1.0e-10,33.026933670043945,74190.67996877283,74190.67996829894,6.387563391109065e-10,9.99982141536293e-9,NaN,40,INTERRUPTED,gap_and_residual
668,0.47207142946898634,sMEL-ADMM,1.0,0.01,6.685827,74437.3392232828,74190.67996829894,0.3324666320476687,7.075451335936123e-13,0.006256944651591989,104,converged,gap_residual_and_feasibility
669,0.6573455824110795,IPOPT,1.0,1.0e-10,30.540943145751953,67071.62998521017,67071.62998473542,7.078129494069025e-10,9.999822581097106e-9,NaN,41,INTERRUPTED,gap_and_residual
669,0.6573455824110795,sMEL-ADMM,1.0,0.01,12.098039,67434.1873961177,67071.62998473542,0.5405525577129905,7.067679774763747e-13,0.009261824458076218,103,converged,gap_residual_and_feasibility
670,0.6118185180482071,IPOPT,1.0,1.0e-10,28.749942779541016,68820.98056464677,68820.9805641738,6.872415139615025e-10,9.999822470074804e-9,NaN,39,INTERRUPTED,gap_and_residual
670,0.6118185180482071,sMEL-ADMM,1.0,0.01,12.268170999999999,69195.14723750534,68820.9805641738,0.5436811133236255,7.069900220812997e-13,0.009566473580284729,103,converged,gap_residual_and_feasibility
671,0.6906377629787686,IPOPT,1.0,1.0e-10,33.798933029174805,65792.39759494117,65792.3975944663,7.217743493318692e-10,9.999822525585955e-9,NaN,41,INTERRUPTED,gap_and_residual
671,0.6906377629787686,sMEL-ADMM,1.0,0.01,6.642,66150.66819896782,65792.3975944663,0.544547117297418,7.076561558960748e-13,0.009147422156039475,103,converged,gap_residual_and_feasibility
672,0.6014952728454872,IPOPT,1.0,1.0e-10,26.70907974243164,69217.64516909215,69217.64516861932,6.83113937729985e-10,9.999821970474443e-9,NaN,38,INTERRUPTED,gap_and_residual
672,0.6014952728454872,sMEL-ADMM,1.0,0.01,6.00774,69595.34165633575,69217.64516861932,0.5456650349724143,7.088774012231625e-13,0.009658658363988493,103,converged,gap_residual_and_feasibility
673,0.30746601075843394,IPOPT,1.0,1.0e-10,27.74190902709961,80515.54603754943,80515.54603708124,5.814943120945238e-10,9.999822470074804e-9,NaN,39,INTERRUPTED,gap_and_residual
673,0.30746601075843394,sMEL-ADMM,1.0,0.01,6.699292,80668.51826194763,80515.54603708124,0.18999091777374064,7.082112674083874e-13,0.004544423976787115,105,converged,gap_residual_and_feasibility
674,0.6775680455107855,IPOPT,1.0,1.0e-10,30.758142471313477,66294.59377529395,66294.59377481914,7.162189478061666e-10,9.99982185945214e-9,NaN,41,INTERRUPTED,gap_and_residual
674,0.6775680455107855,sMEL-ADMM,1.0,0.01,5.896749,66654.09952426814,66294.59377481914,0.5422851683353327,7.068789997788372e-13,0.009180755683553365,103,converged,gap_residual_and_feasibility
675,0.3772617590960719,IPOPT,1.0,1.0e-10,26.630878448486328,77833.68559903165,77833.68559856039,6.054753427728945e-10,9.999822414563653e-9,NaN,36,INTERRUPTED,gap_and_residual
675,0.3772617590960719,sMEL-ADMM,1.0,0.01,6.256955,78194.32654237437,77833.68559856039,0.46334815194804563,7.067679774763747e-13,0.009226091584557672,104,converged,gap_residual_and_feasibility
676,0.583845254036155,IPOPT,1.0,1.0e-10,28.134822845458984,69895.83672532895,69895.83672485723,6.748826627537642e-10,9.999823691320131e-9,NaN,38,INTERRUPTED,gap_and_residual
676,0.583845254036155,sMEL-ADMM,1.0,0.01,6.498043999999999,70280.00537886369,69895.83672485723,0.5496302383770333,7.071010443837622e-13,0.009827502332996119,103,converged,gap_residual_and_feasibility
677,0.558324991230319,IPOPT,1.0,1.0e-10,34.644126892089844,70876.43776235203,70876.43776187947,6.667362385135961e-10,9.999822359052501e-9,NaN,36,INTERRUPTED,gap_and_residual
677,0.558324991230319,sMEL-ADMM,1.0,0.01,11.000793999999999,71014.33583534561,70876.43776187947,0.19456123617475765,7.082112674083874e-13,0.004280093442776689,104,converged,gap_residual_and_feasibility
678,0.6685527496424155,IPOPT,1.0,1.0e-10,30.996084213256836,66641.00119847938,66641.0011980046,7.124522885621676e-10,9.999821470874082e-9,NaN,41,INTERRUPTED,gap_and_residual
678,0.6685527496424155,sMEL-ADMM,1.0,0.01,13.136961000000001,67001.70575158861,66641.0011980046,0.5412652077544352,7.066569551739121e-13,0.009212728629352074,103,converged,gap_residual_and_feasibility
679,0.5814654060864329,IPOPT,1.0,1.0e-10,27.09484100341797,69987.28097828204,69987.28097781062,6.735850273818136e-10,9.999823247230921e-9,NaN,39,INTERRUPTED,gap_and_residual
679,0.5814654060864329,sMEL-ADMM,1.0,0.01,7.069625,70372.36848938125,69987.28097781062,0.5502249925850398,7.061018436615996e-13,0.009851459088426995,103,converged,gap_residual_and_feasibility
680,0.6547970584912466,IPOPT,1.0,1.0e-10,28.78117561340332,67169.55551276749,67169.55551229282,7.066727168489723e-10,9.99982180394099e-9,NaN,41,INTERRUPTED,gap_and_residual
680,0.6547970584912466,sMEL-ADMM,1.0,0.01,7.989089,67532.58701111244,67169.55551229282,0.5404703009433786,7.099876242477876e-13,0.009274346294471325,103,converged,gap_residual_and_feasibility
681,0.6016245695623791,IPOPT,1.0,1.0e-10,31.2960147857666,69212.67701905257,69212.67701857976,6.831209224257359e-10,9.999822858652863e-9,NaN,38,INTERRUPTED,gap_and_residual
681,0.6016245695623791,sMEL-ADMM,1.0,0.01,6.056831000000001,69590.32821918276,69212.67701857976,0.5456387714950208,7.058797990566745e-13,0.009657476140866983,103,converged,gap_residual_and_feasibility
682,0.26043404466370995,IPOPT,1.0,1.0e-10,26.05915069580078,82322.7215778868,82322.7215774182,5.692241038741489e-10,9.999821748429838e-9,NaN,36,INTERRUPTED,gap_and_residual
682,0.26043404466370995,sMEL-ADMM,1.0,0.01,6.049876,82497.31288666934,82322.7215774182,0.2120815564715722,7.0921046813055e-13,0.004904062751723615,105,converged,gap_residual_and_feasibility
683,0.6125926981991755,IPOPT,1.0,1.0e-10,27.640104293823242,68791.23314924365,68791.23314877068,6.875386980336919e-10,9.999822248030199e-9,NaN,40,INTERRUPTED,gap_and_residual
683,0.6125926981991755,sMEL-ADMM,1.0,0.01,5.439623999999999,69165.14378826653,68791.23314877068,0.5435440278955556,7.075451335936123e-13,0.009559783142800593,103,converged,gap_residual_and_feasibility
684,0.5600549768933586,IPOPT,1.0,1.0e-10,27.398109436035156,70809.96408423528,70809.96408376271,6.673826955796725e-10,9.99982274763056e-9,NaN,37,INTERRUPTED,gap_and_residual
684,0.5600549768933586,sMEL-ADMM,1.0,0.01,5.698876,70947.13030033845,70809.96408376271,0.19371033208474348,7.076561558960748e-13,0.004269552833200407,104,converged,gap_residual_and_feasibility
685,0.661294733332394,IPOPT,1.0,1.0e-10,28.31101417541504,66919.8861917288,66919.88619125413,7.093092200986642e-10,9.999821137807174e-9,NaN,41,INTERRUPTED,gap_and_residual
685,0.661294733332394,sMEL-ADMM,1.0,0.01,5.285709000000001,67281.74593034832,66919.88619125413,0.5407357359515038,7.104317134576377e-13,0.009243372094368874,103,converged,gap_residual_and_feasibility
686,0.5308168984140746,IPOPT,1.0,1.0e-10,26.26490592956543,71933.41999436518,71933.41999389401,6.549972339756068e-10,9.999823469275526e-9,NaN,38,INTERRUPTED,gap_and_residual
686,0.5308168984140746,sMEL-ADMM,1.0,0.01,6.4215729999999995,72083.03661647504,71933.41999389401,0.20799320064822482,7.090994458280875e-13,0.004464852794061613,104,converged,gap_residual_and_feasibility
687,0.5131967333204281,IPOPT,1.0,1.0e-10,27.806997299194336,72610.46443919648,72610.46443872555,6.485691618428019e-10,9.999824412965097e-9,NaN,39,INTERRUPTED,gap_and_residual
687,0.5131967333204281,sMEL-ADMM,1.0,0.01,5.555165,72774.70476625547,72610.46443872555,0.22619374328408787,7.078782005009998e-13,0.004706539000080667,104,converged,gap_residual_and_feasibility
688,0.5720576731230281,IPOPT,1.0,1.0e-10,25.90489387512207,70348.76756524082,70348.76756476819,6.718407032034895e-10,9.999823746831282e-9,NaN,37,INTERRUPTED,gap_and_residual
688,0.5720576731230281,sMEL-ADMM,1.0,0.01,8.091218000000001,70737.57522531653,70348.76756476819,0.5526858166923422,7.073230889886872e-13,0.009948418340895882,103,converged,gap_residual_and_feasibility
689,0.37520816539709,IPOPT,1.0,1.0e-10,27.892112731933594,77912.59372494642,77912.59372447444,6.057773152642329e-10,9.999822359052501e-9,NaN,38,INTERRUPTED,gap_and_residual
689,0.37520816539709,sMEL-ADMM,1.0,0.01,5.337963,78275.02248944882,77912.59372447444,0.4651735331210385,7.078782005009998e-13,0.009272640662901455,104,converged,gap_residual_and_feasibility
690,0.42599395219704356,IPOPT,1.0,1.0e-10,27.438879013061523,75961.17983940443,75961.17983893117,6.230253243307257e-10,9.99982141536293e-9,NaN,40,INTERRUPTED,gap_and_residual
690,0.42599395219704356,sMEL-ADMM,1.0,0.01,5.908459,76273.52562815312,75961.17983893117,0.41119133468469804,7.088774012231625e-13,0.007967598025832134,104,converged,gap_residual_and_feasibility
691,0.36764192159215925,IPOPT,1.0,1.0e-10,24.56808090209961,78203.32217777905,78203.32217730928,6.006968941000325e-10,9.999822636608258e-9,NaN,35,INTERRUPTED,gap_and_residual
691,0.36764192159215925,sMEL-ADMM,1.0,0.01,5.7622029999999995,78572.11386903757,78203.32217730928,0.47158059460968854,7.084333120133124e-13,0.009438297264507622,104,converged,gap_residual_and_feasibility
692,0.4119859305390835,IPOPT,1.0,1.0e-10,29.092073440551758,76499.4298044975,76499.42980402488,6.178047391956283e-10,9.999821526385233e-9,NaN,40,INTERRUPTED,gap_and_residual
692,0.4119859305390835,sMEL-ADMM,1.0,0.01,6.192125,76826.5517247537,76499.42980402488,0.4276135411294428,7.082112674083874e-13,0.008353105078149348,104,converged,gap_residual_and_feasibility
693,0.6098191962276676,IPOPT,1.0,1.0e-10,25.964021682739258,68897.80332566127,68897.80332518836,6.86390738554324e-10,9.999823746831282e-9,NaN,37,INTERRUPTED,gap_and_residual
693,0.6098191962276676,sMEL-ADMM,1.0,0.01,6.238335,69272.63768273914,68897.80332518836,0.5440439890102264,7.081002451059248e-13,0.009583917752948978,103,converged,gap_residual_and_feasibility
694,0.7318810303359118,IPOPT,1.0,1.0e-10,28.32198143005371,64207.649387280035,64207.64938680487,7.400421795374311e-10,9.999821748429838e-9,NaN,41,INTERRUPTED,gap_and_residual
694,0.7318810303359118,sMEL-ADMM,1.0,0.01,6.3863319999999995,64566.353226625106,64207.64938680487,0.5586621582411504,7.08988423525625e-13,0.00915483230246883,103,converged,gap_residual_and_feasibility
695,0.3332612025519381,IPOPT,1.0,1.0e-10,29.103994369506836,79524.3810164316,79524.38101596278,5.895287041821674e-10,9.999822914164014e-9,NaN,40,INTERRUPTED,gap_and_residual
695,0.3332612025519381,sMEL-ADMM,1.0,0.01,6.057213,79661.53862160452,79524.38101596278,0.17247239637641243,7.073230889886872e-13,0.004280031158803155,105,converged,gap_residual_and_feasibility
696,0.31053227710721365,IPOPT,1.0,1.0e-10,28.252840042114258,80397.72656271547,80397.72656224761,5.819301695614304e-10,9.999823247230921e-9,NaN,40,INTERRUPTED,gap_and_residual
696,0.31053227710721365,sMEL-ADMM,1.0,0.01,5.897625,80549.0098904101,80397.72656224761,0.1881686642536604,7.085443343157749e-13,0.004516154059359678,105,converged,gap_residual_and_feasibility
697,0.7057247856453359,IPOPT,1.0,1.0e-10,29.433012008666992,65212.687652885754,65212.68765241074,7.284025700241248e-10,9.999821692918687e-9,NaN,41,INTERRUPTED,gap_and_residual
697,0.7057247856453359,sMEL-ADMM,1.0,0.01,6.121712,65570.2636578011,65212.68765241074,0.5483227547624915,7.090994458280875e-13,0.009127933890665685,103,converged,gap_residual_and_feasibility
698,0.611876713552174,IPOPT,1.0,1.0e-10,27.13489532470703,68818.74443675207,68818.74443627908,6.872849897829102e-10,9.999822525585955e-9,NaN,39,INTERRUPTED,gap_and_residual
698,0.611876713552174,sMEL-ADMM,1.0,0.01,6.434622,69192.89181462376,68818.74443627908,0.5436707417571427,7.096545573404001e-13,0.00956596941461152,103,converged,gap_residual_and_feasibility
699,0.7271301455282153,IPOPT,1.0,1.0e-10,28.378009796142578,64390.19933218625,64390.19933171117,7.378085196057545e-10,9.999822858652863e-9,NaN,41,INTERRUPTED,gap_and_residual
699,0.7271301455282153,sMEL-ADMM,1.0,0.01,6.369001,64748.44204481127,64390.19933171117,0.5563621743964277,7.086553566182374e-13,0.009143275449009725,103,converged,gap_residual_and_feasibility
700,0.5520380093081121,IPOPT,1.0,1.0e-10,27.142047882080078,71118.011332325,71118.01133185247,6.644305464203705e-10,9.999823302742072e-9,NaN,39,INTERRUPTED,gap_and_residual
700,0.5520380093081121,sMEL-ADMM,1.0,0.01,6.123959,71258.5662469367,71118.01133185247,0.19763617183889828,7.083222897108499e-13,0.004318353911191508,104,converged,gap_residual_and_feasibility
701,0.7469039595545515,IPOPT,1.0,1.0e-10,30.6699275970459,63630.402198135285,63630.402197659874,7.471445316877616e-10,9.999821637407535e-9,NaN,41,INTERRUPTED,gap_and_residual
701,0.7469039595545515,sMEL-ADMM,1.0,0.01,9.33996,63991.29647211512,63630.402197659874,0.567172706741936,7.085443343157749e-13,0.009210491213029859,103,converged,gap_residual_and_feasibility
702,0.5079521151705014,IPOPT,1.0,1.0e-10,27.360916137695312,72811.98579639138,72811.98579592048,6.467341491135859e-10,9.99982274763056e-9,NaN,39,INTERRUPTED,gap_and_residual
702,0.5079521151705014,sMEL-ADMM,1.0,0.01,6.424371,72985.11113247565,72811.98579592048,0.23777038170667134,7.066569551739121e-13,0.004853585393222559,104,converged,gap_residual_and_feasibility
703,0.7262709707646927,IPOPT,1.0,1.0e-10,28.91397476196289,64423.21261541552,64423.212614940436,7.374417281201059e-10,9.999822025985594e-9,NaN,41,INTERRUPTED,gap_and_residual
703,0.7262709707646927,sMEL-ADMM,1.0,0.01,6.295296,64781.38384181966,64423.212614940436,0.5559661065337209,7.072120666862247e-13,0.009141495195931437,103,converged,gap_residual_and_feasibility
704,0.46076345798588164,IPOPT,1.0,1.0e-10,27.795076370239258,74625.18209938613,74625.18209891234,6.349007058936235e-10,9.999821193318326e-9,NaN,40,INTERRUPTED,gap_and_residual
704,0.46076345798588164,sMEL-ADMM,1.0,0.01,5.808045000000001,74890.30831558583,74625.18209891234,0.3552771453503229,7.095435350379375e-13,0.006737911505663274,104,converged,gap_residual_and_feasibility
705,0.5328910042744051,IPOPT,1.0,1.0e-10,28.37085723876953,71853.7237007597,71853.72370028574,6.596121322325061e-10,9.999822081496745e-9,NaN,40,INTERRUPTED,gap_and_residual
705,0.5328910042744051,sMEL-ADMM,1.0,0.01,6.311625,72002.42873806585,71853.72370028574,0.20695522809698824,7.074341112911497e-13,0.004449816346312474,104,converged,gap_residual_and_feasibility
706,0.30699961269995835,IPOPT,1.0,1.0e-10,28.566837310791016,80533.46710769225,80533.46710722403,5.814010512729201e-10,9.999822525585955e-9,NaN,39,INTERRUPTED,gap_and_residual
706,0.30699961269995835,sMEL-ADMM,1.0,0.01,5.417081,80686.69691186456,80533.46710722403,0.19026848109807623,7.109868249699502e-13,0.004548735359168887,105,converged,gap_residual_and_feasibility
707,0.5158596687146526,IPOPT,1.0,1.0e-10,26.103973388671875,72508.14271825917,72508.14271778686,6.513909953609126e-10,9.999823302742072e-9,NaN,37,INTERRUPTED,gap_and_residual
707,0.5158596687146526,sMEL-ADMM,1.0,0.01,6.232295,72668.67796158716,72508.14271778686,0.2214030559645299,7.069900220812997e-13,0.004645307250662256,104,converged,gap_residual_and_feasibility
708,0.29561187383369986,IPOPT,1.0,1.0e-10,27.1608829498291,80971.03425292677,80971.03425245879,5.77953642496346e-10,9.999822914164014e-9,NaN,39,INTERRUPTED,gap_and_residual
708,0.29561187383369986,sMEL-ADMM,1.0,0.01,6.3090790000000005,81130.26493864671,80971.03425245879,0.19665141696406516,7.100986465502501e-13,0.004649249946487188,105,converged,gap_residual_and_feasibility
709,0.5778141897579268,IPOPT,1.0,1.0e-10,25.87580680847168,70127.57681086694,70127.57681039529,6.72569476708214e-10,9.99982407989819e-9,NaN,37,INTERRUPTED,gap_and_residual
709,0.5778141897579268,sMEL-ADMM,1.0,0.01,6.008039,70514.09370829244,70127.57681039529,0.5511624891049334,7.075451335936123e-13,0.009888720143966356,103,converged,gap_residual_and_feasibility
710,0.39062836751629954,IPOPT,1.0,1.0e-10,25.597095489501953,77320.08155905525,77320.08155858367,6.099113028591106e-10,9.999821637407535e-9,NaN,34,INTERRUPTED,gap_and_residual
710,0.39062836751629954,sMEL-ADMM,1.0,0.01,6.397626,77668.47056363303,77320.08155858367,0.4505802348195898,7.085443343157749e-13,0.008907072276756467,104,converged,gap_residual_and_feasibility
711,0.49287291203535527,IPOPT,1.0,1.0e-10,27.727127075195312,73391.39527757055,73391.39527709603,6.465654480204491e-10,9.999820582695662e-9,NaN,40,INTERRUPTED,gap_and_residual
711,0.49287291203535527,sMEL-ADMM,1.0,0.01,6.295745,73595.6723269314,73391.39527709603,0.2783392372690244,7.09432512735475e-13,0.005369163646268049,104,converged,gap_residual_and_feasibility
712,0.39497959812260897,IPOPT,1.0,1.0e-10,24.292945861816406,77152.88809097178,77152.88809050171,6.092714469360283e-10,9.99982319171977e-9,NaN,35,INTERRUPTED,gap_and_residual
712,0.39497959812260897,sMEL-ADMM,1.0,0.01,5.86904,77497.04623838137,77152.88809050171,0.44607292921550035,7.071010443837622e-13,0.008796912843167748,104,converged,gap_residual_and_feasibility
713,0.7410791989217509,IPOPT,1.0,1.0e-10,28.0001163482666,63854.21518785196,63854.21518737666,7.443434294732027e-10,9.999821082296023e-9,NaN,41,INTERRUPTED,gap_and_residual
713,0.7410791989217509,sMEL-ADMM,1.0,0.01,5.894500000000001,64214.12342452129,63854.21518737666,0.563640530368272,7.085443343157749e-13,0.009185338631173212,103,converged,gap_residual_and_feasibility
714,0.6801187372722435,IPOPT,1.0,1.0e-10,28.36894989013672,66196.5849497016,66196.58494922676,7.173233274511775e-10,9.999821304340628e-9,NaN,41,INTERRUPTED,gap_and_residual
714,0.6801187372722435,sMEL-ADMM,1.0,0.01,5.849166,66555.79311701261,66196.58494922676,0.5426385183788054,7.05768776754212e-13,0.009172784069404583,103,converged,gap_residual_and_feasibility
715,0.2968981564878838,IPOPT,1.0,1.0e-10,27.090072631835938,80921.60960106507,80921.60960059716,5.782167267338376e-10,9.99982319171977e-9,NaN,39,INTERRUPTED,gap_and_residual
715,0.2968981564878838,sMEL-ADMM,1.0,0.01,5.383957,81080.19210765565,80921.60960059716,0.1959705298018603,7.081002451059248e-13,0.004638382793062945,105,converged,gap_residual_and_feasibility
716,0.34381814309446546,IPOPT,1.0,1.0e-10,27.5728702545166,79118.73680647448,79118.73680600515,5.931949736458197e-10,9.999822858652863e-9,NaN,40,INTERRUPTED,gap_and_residual
716,0.34381814309446546,sMEL-ADMM,1.0,0.01,5.772701,79506.3696889221,79118.73680600515,0.48993815948731007,7.081002451059248e-13,0.009928889896323234,104,converged,gap_residual_and_feasibility
717,0.5005465263676113,IPOPT,1.0,1.0e-10,27.83203125,73096.5411755898,73096.54117511559,6.487355679535554e-10,9.999821470874082e-9,NaN,40,INTERRUPTED,gap_and_residual
717,0.5005465263676113,sMEL-ADMM,1.0,0.01,5.8113339999999996,73284.54067404127,73096.54117511559,0.2571934265334051,7.106537580625627e-13,0.005099888440865286,104,converged,gap_residual_and_feasibility
718,0.34579436548634196,IPOPT,1.0,1.0e-10,26.335954666137695,79042.8016273767,79042.80162690434,5.975941623911383e-10,9.999820860251418e-9,NaN,38,INTERRUPTED,gap_and_residual
718,0.34579436548634196,sMEL-ADMM,1.0,0.01,5.6864539999999995,79428.9736957554,79042.80162690434,0.4885607049631829,7.081002451059248e-13,0.009890848833158494,104,converged,gap_residual_and_feasibility
719,0.47244162692038655,IPOPT,1.0,1.0e-10,27.7860164642334,74176.45535018212,74176.45534970828,6.388003598070892e-10,9.99982097127372e-9,NaN,40,INTERRUPTED,gap_and_residual
719,0.47244162692038655,sMEL-ADMM,1.0,0.01,5.709792,74422.47289847556,74176.45534970828,0.331665280589941,7.085443343157749e-13,0.006240229475298564,104,converged,gap_residual_and_feasibility
720,0.6303304590353573,IPOPT,1.0,1.0e-10,29.15501594543457,68109.6701574082,68109.67015693375,6.965980645809551e-10,9.999821637407535e-9,NaN,41,INTERRUPTED,gap_and_residual
720,0.6303304590353573,sMEL-ADMM,1.0,0.01,5.820666,68478.14163850456,68109.67015693375,0.5409973073159899,7.083222897108499e-13,0.009417447532640622,103,converged,gap_residual_and_feasibility
721,0.6460471202038807,IPOPT,1.0,1.0e-10,29.426097869873047,67505.76672750885,67505.76672703426,7.030238072278214e-10,9.999822636608258e-9,NaN,41,INTERRUPTED,gap_and_residual
721,0.6460471202038807,sMEL-ADMM,1.0,0.01,6.167334,67870.55255266889,67505.76672703426,0.540377279336249,7.073230889886872e-13,0.009320601368997372,103,converged,gap_residual_and_feasibility
722,0.6246814979111623,IPOPT,1.0,1.0e-10,29.507875442504883,68326.72815475831,68326.7281542838,6.944703260122907e-10,9.99982180394099e-9,NaN,41,INTERRUPTED,gap_and_residual
722,0.6246814979111623,sMEL-ADMM,1.0,0.01,5.7729610000000005,68696.79476658585,68326.7281542838,0.5416132490149794,7.088774012231625e-13,0.009459244872895178,103,converged,gap_residual_and_feasibility
723,0.25073788404803904,IPOPT,1.0,1.0e-10,25.574207305908203,82695.29082716165,82695.2908266928,5.669587131936351e-10,9.999821304340628e-9,NaN,37,INTERRUPTED,gap_and_residual
723,0.25073788404803904,sMEL-ADMM,1.0,0.01,5.4523779999999995,82874.15838292439,82695.2908266928,0.21629714877773354,7.084333120133124e-13,0.004974121653043895,105,converged,gap_residual_and_feasibility
724,0.5465442742342869,IPOPT,1.0,1.0e-10,27.7099609375,71329.10486030122,71329.10485982696,6.648919401690283e-10,9.99982180394099e-9,NaN,39,INTERRUPTED,gap_and_residual
724,0.5465442742342869,sMEL-ADMM,1.0,0.01,6.175878999999999,71471.9748721698,71329.10485982696,0.2002969371669599,7.086553566182374e-13,0.004353554097169976,104,converged,gap_residual_and_feasibility
725,0.5456446590024076,IPOPT,1.0,1.0e-10,28.0301570892334,71363.67204466093,71363.67204418594,6.655894397853091e-10,9.999821748429838e-9,NaN,39,INTERRUPTED,gap_and_residual
725,0.5456446590024076,sMEL-ADMM,1.0,0.01,6.373829,71506.92130980539,71363.67204418594,0.20073135464603997,7.077671781985373e-13,0.004359812663260243,104,converged,gap_residual_and_feasibility
726,0.6784680513586986,IPOPT,1.0,1.0e-10,29.553890228271484,66260.0115817443,66260.01158126949,7.165927542949653e-10,9.999821581896384e-9,NaN,41,INTERRUPTED,gap_and_residual
726,0.6784680513586986,sMEL-ADMM,1.0,0.01,6.234538000000001,66619.4097143188,66260.01158126949,0.5424057806094724,7.081002451059248e-13,0.009177875175845451,103,converged,gap_residual_and_feasibility
727,0.45463103246974546,IPOPT,1.0,1.0e-10,27.638912200927734,74860.81693067038,74860.81693019663,6.328439517517658e-10,9.999820693717965e-9,NaN,40,INTERRUPTED,gap_and_residual
727,0.45463103246974546,sMEL-ADMM,1.0,0.01,5.937373999999999,75135.27554345218,74860.81693019663,0.36662519126858145,7.088774012231625e-13,0.006980933594239791,104,converged,gap_residual_and_feasibility
728,0.5817226217941325,IPOPT,1.0,1.0e-10,27.08292007446289,69977.3976165147,69977.39761604318,6.738257283186936e-10,9.99982319171977e-9,NaN,39,INTERRUPTED,gap_and_residual
728,0.5817226217941325,sMEL-ADMM,1.0,0.01,5.285835,70362.38532668313,69977.39761604318,0.5501600856212573,7.090994458280875e-13,0.00984885719910833,103,converged,gap_residual_and_feasibility
729,0.45965184593177605,IPOPT,1.0,1.0e-10,27.662992477416992,74667.89513652505,74667.89513605129,6.34498539468263e-10,9.999821748429838e-9,NaN,40,INTERRUPTED,gap_and_residual
729,0.45965184593177605,sMEL-ADMM,1.0,0.01,5.484495,74934.74623711014,74667.89513605129,0.35738398755265555,7.093214904330125e-13,0.006782832313891762,104,converged,gap_residual_and_feasibility
730,0.45524553703642595,IPOPT,1.0,1.0e-10,27.73594856262207,74837.20495535787,74837.20495488406,6.33121400139494e-10,9.99982091576257e-9,NaN,40,INTERRUPTED,gap_and_residual
730,0.45524553703642595,sMEL-ADMM,1.0,0.01,6.5097890000000005,75110.75084333617,74837.20495488406,0.36552125191876833,7.081002451059248e-13,0.006957167903929085,104,converged,gap_residual_and_feasibility
731,0.7494637271610043,IPOPT,1.0,1.0e-10,28.331995010375977,63532.04463855526,63532.0446380799,7.482210615373835e-10,9.999821637407535e-9,NaN,41,INTERRUPTED,gap_and_residual
731,0.7494637271610043,sMEL-ADMM,1.0,0.01,5.958336,63893.45659826745,63532.0446380799,0.568865620879021,7.086553566182374e-13,0.00922374771791623,103,converged,gap_residual_and_feasibility
732,0.5071428835326428,IPOPT,1.0,1.0e-10,29.25586700439453,72843.0800444961,72843.08004402099,6.522514313220284e-10,9.999822470074804e-9,NaN,37,INTERRUPTED,gap_and_residual
732,0.5071428835326428,sMEL-ADMM,1.0,0.01,5.959171,73017.73739384214,72843.08004402099,0.23977205482744687,7.098766019453251e-13,0.004878953731594748,104,converged,gap_residual_and_feasibility
733,0.5397442004144614,IPOPT,1.0,1.0e-10,29.102087020874023,71590.39368362598,71590.39368315447,6.586235009634977e-10,9.999823136208619e-9,NaN,41,INTERRUPTED,gap_and_residual
733,0.5397442004144614,sMEL-ADMM,1.0,0.01,6.319586999999999,71736.13976844722,71590.39368315447,0.20358329909148368,7.082112674083874e-13,0.004401008333065448,104,converged,gap_residual_and_feasibility
734,0.6994988307563231,IPOPT,1.0,1.0e-10,28.149127960205078,65451.91629512458,65451.91629464966,7.256068397028999e-10,9.99982274763056e-9,NaN,41,INTERRUPTED,gap_and_residual
734,0.6994988307563231,sMEL-ADMM,1.0,0.01,6.153706,65809.7095712451,65451.91629464966,0.546650574728378,7.079892228034623e-13,0.00913417836801278,103,converged,gap_residual_and_feasibility
735,0.5437758154026266,IPOPT,1.0,1.0e-10,28.21803092956543,71435.4812570447,71435.48125657222,6.613962352093015e-10,9.999822525585955e-9,NaN,39,INTERRUPTED,gap_and_residual
735,0.5437758154026266,sMEL-ADMM,1.0,0.01,6.177412,71579.51972460216,71435.48125657222,0.20163434962045595,7.067679774763747e-13,0.004372835327574265,104,converged,gap_residual_and_feasibility
736,0.43626021559194383,IPOPT,1.0,1.0e-10,29.82497215270996,75566.70472729241,75566.70472682224,6.221951621792055e-10,9.999823524786677e-9,NaN,42,INTERRUPTED,gap_and_residual
736,0.43626021559194383,sMEL-ADMM,1.0,0.01,5.901079,75866.52724379487,75566.70472682224,0.3967653718082724,7.103206911551752e-13,0.007641247764785253,104,converged,gap_residual_and_feasibility
737,0.3042270006588669,IPOPT,1.0,1.0e-10,27.011871337890625,80640.00308905887,80640.00308859069,5.805788079247814e-10,9.999823025186316e-9,NaN,39,INTERRUPTED,gap_and_residual
737,0.3042270006588669,sMEL-ADMM,1.0,0.01,6.301745,80794.74020028916,80640.00308859069,0.1918862918798241,7.077671781985373e-13,0.0045739690773380914,105,converged,gap_residual_and_feasibility
738,0.7465863910856473,IPOPT,1.0,1.0e-10,28.1069278717041,63642.60457913358,63642.60457865824,7.468869542369453e-10,9.999821692918687e-9,NaN,41,INTERRUPTED,gap_and_residual
738,0.7465863910856473,sMEL-ADMM,1.0,0.01,5.741627,64003.43714577488,63642.60457865824,0.5669670019093456,7.087663789206999e-13,0.009208912429993443,103,converged,gap_residual_and_feasibility
739,0.57001067574516,IPOPT,1.0,1.0e-10,25.621891021728516,70427.42223140919,70427.42223093644,6.712556771903137e-10,9.999821193318326e-9,NaN,37,INTERRUPTED,gap_and_residual
739,0.57001067574516,sMEL-ADMM,1.0,0.01,5.626670000000001,70817.04573895926,70427.42223093644,0.5532269898296418,7.077671781985373e-13,0.00996967481087152,103,converged,gap_residual_and_feasibility
740,0.435020073464316,IPOPT,1.0,1.0e-10,28.172016143798828,75614.3564566521,75614.3564561817,6.220917320503131e-10,9.999822692119409e-9,NaN,41,INTERRUPTED,gap_and_residual
740,0.435020073464316,sMEL-ADMM,1.0,0.01,6.090916,75915.76522326628,75614.3564561817,0.3986131486277239,7.065459328714496e-13,0.00768255748010116,104,converged,gap_residual_and_feasibility
741,0.5227928994433959,IPOPT,1.0,1.0e-10,25.561094284057617,72241.73741929169,72241.7374188193,6.53893841733915e-10,9.99982274763056e-9,NaN,37,INTERRUPTED,gap_and_residual
741,0.5227928994433959,sMEL-ADMM,1.0,0.01,5.585417,72395.5644582699,72241.7374188193,0.21293374847671306,7.103206911551752e-13,0.004534434939277077,104,converged,gap_residual_and_feasibility
742,0.557867831261286,IPOPT,1.0,1.0e-10,25.89106559753418,70894.00386435924,70894.00386388742,6.655241934920202e-10,9.99982319171977e-9,NaN,37,INTERRUPTED,gap_and_residual
742,0.557867831261286,sMEL-ADMM,1.0,0.01,5.688543,71032.09579817775,70894.00386388742,0.19478647948203145,7.078782005009998e-13,0.004282885713637441,104,converged,gap_residual_and_feasibility
743,0.6961871412786534,IPOPT,1.0,1.0e-10,28.388023376464844,65579.16600884445,65579.16600836953,7.241877783751771e-10,9.999822248030199e-9,NaN,41,INTERRUPTED,gap_and_residual
743,0.6961871412786534,sMEL-ADMM,1.0,0.01,6.169754,65937.11396117834,65579.16600836953,0.5458257166050712,7.072120666862247e-13,0.009138510919194709,103,converged,gap_residual_and_feasibility
744,0.3108643404094773,IPOPT,1.0,1.0e-10,27.018070220947266,80384.96722630084,80384.96722583188,5.833983495285618e-10,9.99982141536293e-9,NaN,39,INTERRUPTED,gap_and_residual
744,0.3108643404094773,sMEL-ADMM,1.0,0.01,6.08313,80536.06651965385,80384.96722583188,0.1879695906293975,7.079892228034623e-13,0.004513074176395904,105,converged,gap_residual_and_feasibility
745,0.6584052880845612,IPOPT,1.0,1.0e-10,28.38301658630371,67030.91142011306,67030.91141963837,7.081560800771931e-10,9.999822137007897e-9,NaN,41,INTERRUPTED,gap_and_residual
745,0.6584052880845612,sMEL-ADMM,1.0,0.01,5.647334000000001,67393.2788350615,67030.91141963837,0.5405974762219362,7.088774012231625e-13,0.009256801832559614,103,converged,gap_residual_and_feasibility
746,0.7118088728258046,IPOPT,1.0,1.0e-10,28.36894989013672,64978.91019362175,64978.91019314667,7.311239524460337e-10,9.999821193318326e-9,NaN,41,INTERRUPTED,gap_and_residual
746,0.7118088728258046,sMEL-ADMM,1.0,0.01,6.542916,65336.41284705833,64978.91019314667,0.5501825943971659,7.05990821359137e-13,0.009125451462920209,103,converged,gap_residual_and_feasibility
747,0.6577463387366064,IPOPT,1.0,1.0e-10,28.383970260620117,67056.23115991609,67056.23115944139,7.079103887241334e-10,9.999821026784872e-9,NaN,41,INTERRUPTED,gap_and_residual
747,0.6577463387366064,sMEL-ADMM,1.0,0.01,6.109540999999999,67418.716556144,67056.23115944139,0.5405692959998342,7.068789997788372e-13,0.009259920874949312,103,converged,gap_residual_and_feasibility
748,0.609802597665176,IPOPT,1.0,1.0e-10,26.997089385986328,68898.44111562903,68898.44111515612,6.863843846641643e-10,9.999823247230921e-9,NaN,37,INTERRUPTED,gap_and_residual
748,0.609802597665176,sMEL-ADMM,1.0,0.01,6.08276,69273.28105460382,68898.44111515612,0.5440470544481528,7.078782005009998e-13,0.009584063571902557,103,converged,gap_residual_and_feasibility
749,0.26079598865273557,IPOPT,1.0,1.0e-10,26.584148406982422,82308.81409371702,82308.81409324832,5.694440416301842e-10,9.999821082296023e-9,NaN,36,INTERRUPTED,gap_and_residual
749,0.26079598865273557,sMEL-ADMM,1.0,0.01,5.636213000000001,82483.26507794093,82308.81409324832,0.21194690582587125,7.0921046813055e-13,0.004901765732391539,105,converged,gap_residual_and_feasibility
750,0.42738907287258576,IPOPT,1.0,1.0e-10,32.711029052734375,75907.57315080502,75907.57315033175,6.234844816272547e-10,9.999821970474443e-9,NaN,40,INTERRUPTED,gap_and_residual
750,0.42738907287258576,sMEL-ADMM,1.0,0.01,5.739959,76218.30792810765,75907.57315033175,0.40935938916200304,7.095435350379375e-13,0.007925586424705644,104,converged,gap_residual_and_feasibility
751,0.4279647611370578,IPOPT,1.0,1.0e-10,30.415058135986328,75885.4526689966,75885.45266852333,6.236662263049061e-10,9.999822414563653e-9,NaN,40,INTERRUPTED,gap_and_residual
751,0.4279647611370578,sMEL-ADMM,1.0,0.01,5.583954,76195.51232498912,75885.45266852333,0.408589058327381,7.08988423525625e-13,0.007907983390605278,104,converged,gap_residual_and_feasibility
752,0.5315717172088279,IPOPT,1.0,1.0e-10,27.9080867767334,71904.41652765093,71904.416527177,6.591066280029214e-10,9.999820749229116e-9,NaN,40,INTERRUPTED,gap_and_residual
752,0.5315717172088279,sMEL-ADMM,1.0,0.01,5.776161999999999,72053.69884292707,71904.416527177,0.20761216481555786,7.103206911551752e-13,0.004459337688800247,104,converged,gap_residual_and_feasibility
753,0.7008301001830131,IPOPT,1.0,1.0e-10,28.408050537109375,65400.7630530793,65400.76305260428,7.263301261104746e-10,9.999821581896384e-9,NaN,41,INTERRUPTED,gap_and_residual
753,0.7008301001830131,sMEL-ADMM,1.0,0.01,5.659166,65758.49907781626,65400.76305260428,0.5469905984495057,7.05546732149287e-13,0.009132563394318782,103,converged,gap_residual_and_feasibility
754,0.3779686515007719,IPOPT,1.0,1.0e-10,25.564193725585938,77806.52367556626,77806.52367509638,6.039099557848015e-10,9.99982274763056e-9,NaN,37,INTERRUPTED,gap_and_residual
754,0.3779686515007719,sMEL-ADMM,1.0,0.01,6.411338,78166.53659365374,77806.52367509638,0.46270274207430023,7.081002451059248e-13,0.00920973782800616,104,converged,gap_residual_and_feasibility
755,0.37609367028777857,IPOPT,1.0,1.0e-10,26.55315399169922,77878.56872211752,77878.56872164813,6.027159786203473e-10,9.999822359052501e-9,NaN,38,INTERRUPTED,gap_and_residual
755,0.37609367028777857,sMEL-ADMM,1.0,0.01,5.459703,78240.23619011077,77878.56872164813,0.46439922355956237,7.074341112911497e-13,0.009252821365713593,104,converged,gap_residual_and_feasibility
756,0.65677921599706,IPOPT,1.0,1.0e-10,28.391122817993164,67093.39228041637,67093.3922799417,7.074749192194382e-10,9.999821914963292e-9,NaN,41,INTERRUPTED,gap_and_residual
756,0.65677921599706,sMEL-ADMM,1.0,0.01,5.702916,67456.05204745555,67093.3922799417,0.5405297827253674,7.090994458280875e-13,0.009264529635003127,103,converged,gap_residual_and_feasibility
757,0.2761855139959684,IPOPT,1.0,1.0e-10,24.887800216674805,81717.48066483832,81717.48066437,5.731017206930689e-10,9.999822470074804e-9,NaN,36,INTERRUPTED,gap_and_residual
757,0.2761855139959684,sMEL-ADMM,1.0,0.01,5.988663,81885.65992874933,81717.48066437,0.2058057382729117,7.077671781985373e-13,0.004798864810279468,105,converged,gap_residual_and_feasibility
758,0.40777612200670493,IPOPT,1.0,1.0e-10,26.3669490814209,76661.18921285032,76661.18921237907,6.147168177236362e-10,9.999822414563653e-9,NaN,37,INTERRUPTED,gap_and_residual
758,0.40777612200670493,sMEL-ADMM,1.0,0.01,5.513872,76992.5392794576,76661.18921237907,0.43222662012269325,7.081002451059248e-13,0.00846332784812942,104,converged,gap_residual_and_feasibility
759,0.556938682437112,IPOPT,1.0,1.0e-10,24.69801902770996,70929.70585957564,70929.70585910064,6.696822031490286e-10,9.999821581896384e-9,NaN,36,INTERRUPTED,gap_and_residual
759,0.556938682437112,sMEL-ADMM,1.0,0.01,5.967039000000001,71068.1914915985,70929.70585910064,0.19524348905796646,7.087663789206999e-13,0.0042885554118488045,104,converged,gap_residual_and_feasibility
760,0.5782083490519507,IPOPT,1.0,1.0e-10,25.15888214111328,70112.43147261514,70112.43147214335,6.729015578447448e-10,9.999822914164014e-9,NaN,36,INTERRUPTED,gap_and_residual
760,0.5782083490519507,sMEL-ADMM,1.0,0.01,5.893586999999999,70498.79300007997,70112.43147214335,0.5510599473220769,7.084333120133124e-13,0.00988467037367513,103,converged,gap_residual_and_feasibility
761,0.5242125007177181,IPOPT,1.0,1.0e-10,25.583982467651367,72187.1900781319,72187.19007765948,6.544282655488818e-10,9.99982274763056e-9,NaN,37,INTERRUPTED,gap_and_residual
761,0.5242125007177181,sMEL-ADMM,1.0,0.01,5.549583,72340.12055153638,72187.19007765948,0.21185264825016056,7.086553566182374e-13,0.0045196019693705125,104,converged,gap_residual_and_feasibility
762,0.7326301259800152,IPOPT,1.0,1.0e-10,28.56612205505371,64178.8658292491,64178.86582877393,7.403854178059329e-10,9.999822858652863e-9,NaN,41,INTERRUPTED,gap_and_residual
762,0.7326301259800152,sMEL-ADMM,1.0,0.01,5.488286,64537.651535464676,64178.86582877393,0.5590402729271784,7.100986465502501e-13,0.00915689354900906,103,converged,gap_residual_and_feasibility
763,0.6175271343187287,IPOPT,1.0,1.0e-10,28.42092514038086,68601.63035350574,68601.63035303273,6.895025702215746e-10,9.999822525585955e-9,NaN,41,INTERRUPTED,gap_and_residual
763,0.6175271343187287,sMEL-ADMM,1.0,0.01,6.150659999999999,68973.91823144908,68601.63035303273,0.5426808029204362,7.090994458280875e-13,0.009517364541297813,103,converged,gap_residual_and_feasibility
764,0.3337802816971094,IPOPT,1.0,1.0e-10,27.688026428222656,79504.43570662329,79504.43570615436,5.898230256828576e-10,9.999822858652863e-9,NaN,40,INTERRUPTED,gap_and_residual
764,0.3337802816971094,sMEL-ADMM,1.0,0.01,5.599704,79641.23586692958,79504.43570615436,0.17206607349661812,7.102096688527126e-13,0.004274062413124113,105,converged,gap_residual_and_feasibility
765,0.5512188534974878,IPOPT,1.0,1.0e-10,26.448965072631836,71149.4869109071,71149.48691043454,6.641775164462658e-10,9.999823857853585e-9,NaN,38,INTERRUPTED,gap_and_residual
765,0.5512188534974878,sMEL-ADMM,1.0,0.01,6.0413760000000005,71290.38721197819,71149.48691043454,0.1980341779850313,7.088774012231625e-13,0.004323328005078508,104,converged,gap_residual_and_feasibility
766,0.5561136528763756,IPOPT,1.0,1.0e-10,25.37083625793457,70961.40713354004,70961.40713306422,6.705314104678081e-10,9.99982230354135e-9,NaN,36,INTERRUPTED,gap_and_residual
766,0.5561136528763756,sMEL-ADMM,1.0,0.01,6.5148719999999996,71100.24296303134,70961.40713306422,0.195649770172657,7.096545573404001e-13,0.004293598851761615,104,converged,gap_residual_and_feasibility
767,0.7034261608398973,IPOPT,1.0,1.0e-10,28.48505973815918,65301.01095445547,65301.01095398048,7.273839379054346e-10,9.999822248030199e-9,NaN,41,INTERRUPTED,gap_and_residual
767,0.7034261608398973,sMEL-ADMM,1.0,0.01,5.292539,65658.65161128926,65301.01095398048,0.5476801232997957,7.100986465502501e-13,0.009129833775739393,103,converged,gap_residual_and_feasibility
768,0.6332907490558539,IPOPT,1.0,1.0e-10,28.477907180786133,67995.92276044488,67995.92275997032,6.979345821995091e-10,9.99982180394099e-9,NaN,41,INTERRUPTED,gap_and_residual
768,0.6332907490558539,sMEL-ADMM,1.0,0.01,6.2403379999999995,68363.6248939602,67995.92275997032,0.5407708566407562,7.065459328714496e-13,0.009397265270721378,103,converged,gap_residual_and_feasibility
769,0.4854041920288544,IPOPT,1.0,1.0e-10,27.804136276245117,73678.37643600536,73678.37643553173,6.428422554442599e-10,9.999822137007897e-9,NaN,40,INTERRUPTED,gap_and_residual
769,0.4854041920288544,sMEL-ADMM,1.0,0.01,6.020704,73898.69979668161,73678.37643553173,0.29903395244148634,7.079892228034623e-13,0.005634516104905174,104,converged,gap_residual_and_feasibility
770,0.5869833251907249,IPOPT,1.0,1.0e-10,26.556968688964844,69775.25819321093,69775.25819273818,6.775296606113524e-10,9.999822969675165e-9,NaN,38,INTERRUPTED,gap_and_residual
770,0.5869833251907249,sMEL-ADMM,1.0,0.01,6.003004,70158.23115606848,69775.25819273818,0.5488664223533464,7.08988423525625e-13,0.00979632330872282,103,converged,gap_residual_and_feasibility
771,0.5568232396987278,IPOPT,1.0,1.0e-10,25.2838134765625,70934.14167866713,70934.14167819216,6.695992956518979e-10,9.999822414563653e-9,NaN,36,INTERRUPTED,gap_and_residual
771,0.5568232396987278,sMEL-ADMM,1.0,0.01,6.215039,71072.676279295,70934.14167819216,0.19530031353778377,7.075451335936123e-13,0.004289260631541225,104,converged,gap_residual_and_feasibility
772,0.6215838129155686,IPOPT,1.0,1.0e-10,28.8238525390625,68445.75487255193,68445.7548720789,6.910940748587667e-10,9.999823025186316e-9,NaN,41,INTERRUPTED,gap_and_residual
772,0.6215838129155686,sMEL-ADMM,1.0,0.01,5.989215,68816.76358631102,68445.7548720789,0.5420478084075587,7.084333120133124e-13,0.009483904562130219,103,converged,gap_residual_and_feasibility
773,0.4003672830324921,IPOPT,1.0,1.0e-10,25.343894958496094,76945.86947795893,76945.86947748918,6.104945966259276e-10,9.99982363580898e-9,NaN,35,INTERRUPTED,gap_and_residual
773,0.4003672830324921,sMEL-ADMM,1.0,0.01,5.990993,77284.59050080283,76945.86947748918,0.44020689559268894,7.098766019453251e-13,0.008655334225828759,104,converged,gap_residual_and_feasibility
774,0.5937584338128817,IPOPT,1.0,1.0e-10,27.851104736328125,69514.92864286882,69514.9286423973,6.783085566704971e-10,9.999822525585955e-9,NaN,40,INTERRUPTED,gap_and_residual
774,0.5937584338128817,sMEL-ADMM,1.0,0.01,5.889336999999999,69895.38144933306,69514.9286423973,0.5472965510659002,7.05768776754212e-13,0.009730590618585166,103,converged,gap_residual_and_feasibility
775,0.5428174474025038,IPOPT,1.0,1.0e-10,27.6029109954834,71472.30598184842,71472.3059813769,6.597116893813408e-10,9.999822969675165e-9,NaN,40,INTERRUPTED,gap_and_residual
775,0.5428174474025038,sMEL-ADMM,1.0,0.01,5.386119,71616.74926345272,71472.3059813769,0.20209685428849192,7.090994458280875e-13,0.004379514621344782,104,converged,gap_residual_and_feasibility
776,0.6647639703651202,IPOPT,1.0,1.0e-10,28.302907943725586,66786.58280618576,66786.58280571103,7.108121280527877e-10,9.999821470874082e-9,NaN,41,INTERRUPTED,gap_and_residual
776,0.6647639703651202,sMEL-ADMM,1.0,0.01,5.925493,67147.86406602793,66786.58280571103,0.5409488629892989,7.081002451059248e-13,0.00922804532859911,103,converged,gap_residual_and_feasibility
777,0.5978858933580051,IPOPT,1.0,1.0e-10,27.673959732055664,69356.33344575,69356.33344527846,6.798806073450244e-10,9.999823247230921e-9,NaN,40,INTERRUPTED,gap_and_residual
777,0.5978858933580051,sMEL-ADMM,1.0,0.01,5.814247,69735.30316252563,69356.33344527846,0.5464096765527088,7.079892228034623e-13,0.009691891790664653,103,converged,gap_residual_and_feasibility
778,0.6355044634008673,IPOPT,1.0,1.0e-10,28.1219482421875,67910.86209320537,67910.86209273087,6.987230571725836e-10,9.99982135985178e-9,NaN,41,INTERRUPTED,gap_and_residual
778,0.6355044634008673,sMEL-ADMM,1.0,0.01,5.9745,68278.02583797097,67910.86209273087,0.5406554031647399,7.073230889886872e-13,0.009383129374522237,103,converged,gap_residual_and_feasibility
779,0.5530937717250616,IPOPT,1.0,1.0e-10,25.779008865356445,71077.44428453299,71077.4442840604,6.648916596772218e-10,9.999822470074804e-9,NaN,37,INTERRUPTED,gap_and_residual
779,0.5530937717250616,sMEL-ADMM,1.0,0.01,5.674747,71217.55453655319,71077.4442840604,0.19712336860739563,7.049916206369744e-13,0.004311950728812519,104,converged,gap_residual_and_feasibility
780,0.674598771981645,IPOPT,1.0,1.0e-10,28.620004653930664,66408.68635827514,66408.68635780037,7.149227191194549e-10,9.99982230354135e-9,NaN,41,INTERRUPTED,gap_and_residual
780,0.674598771981645,sMEL-ADMM,1.0,0.01,5.853962,66768.5638019819,66408.68635780037,0.5419132103330061,7.082112674083874e-13,0.00919068967156822,103,converged,gap_residual_and_feasibility
781,0.5764839233161475,IPOPT,1.0,1.0e-10,25.75087547302246,70178.69151381218,70178.69151333737,6.765792176335236e-10,9.99982185945214e-9,NaN,36,INTERRUPTED,gap_and_residual
781,0.5764839233161475,sMEL-ADMM,1.0,0.01,6.273336,70565.73457842355,70178.69151333737,0.5515108029801677,7.082112674083874e-13,0.00990243413123948,103,converged,gap_residual_and_feasibility
782,0.5892550765693398,IPOPT,1.0,1.0e-10,27.5728702545166,69687.9674872071,69687.96748673428,6.784827376262643e-10,9.999821692918687e-9,NaN,38,INTERRUPTED,gap_and_residual
782,0.5892550765693398,sMEL-ADMM,1.0,0.01,6.116792,70070.08576555132,69687.96748673428,0.5483274840664285,7.095435350379375e-13,0.009774033367554003,103,converged,gap_residual_and_feasibility
783,0.6318106753798132,IPOPT,1.0,1.0e-10,28.255939483642578,68052.79371795167,68052.79371747717,6.972657929908379e-10,9.999822025985594e-9,NaN,41,INTERRUPTED,gap_and_residual
783,0.6318106753798132,sMEL-ADMM,1.0,0.01,5.974762,68420.8697440208,68052.79371747717,0.5408683559292463,7.083222897108499e-13,0.009407076776606127,103,converged,gap_residual_and_feasibility
784,0.6228523440078941,IPOPT,1.0,1.0e-10,30.189037322998047,68397.01231397969,68397.01231350526,6.936503162094482e-10,9.999822692119409e-9,NaN,41,INTERRUPTED,gap_and_residual
784,0.6228523440078941,sMEL-ADMM,1.0,0.01,5.839788,68767.63076373083,68397.01231350526,0.5418635079070525,7.085443343157749e-13,0.00947369122355779,103,converged,gap_residual_and_feasibility
785,0.7450807174989436,IPOPT,1.0,1.0e-10,28.06997299194336,63700.45919809934,63700.459197624026,7.461743432447495e-10,9.999822414563653e-9,NaN,41,INTERRUPTED,gap_and_residual
785,0.7450807174989436,sMEL-ADMM,1.0,0.01,6.359837,64061.02129255947,63700.459197624026,0.5660274658567771,7.083222897108499e-13,0.009202003277506532,103,converged,gap_residual_and_feasibility
786,0.5653633673891703,IPOPT,1.0,1.0e-10,25.861024856567383,70605.99231228628,70605.99231181362,6.694343398577224e-10,9.9998245239874e-9,NaN,37,INTERRUPTED,gap_and_residual
786,0.5653633673891703,sMEL-ADMM,1.0,0.01,5.982755,70740.93304251421,70605.99231181362,0.19111795795554812,7.081002451059248e-13,0.004237500515559489,104,converged,gap_residual_and_feasibility
787,0.7421319441277965,IPOPT,1.0,1.0e-10,29.34098243713379,63813.76407460822,63813.7640741329,7.448494693238627e-10,9.999822248030199e-9,NaN,41,INTERRUPTED,gap_and_residual
787,0.7421319441277965,sMEL-ADMM,1.0,0.01,5.769756,64173.83572567154,63813.7640741329,0.5642538984541638,7.079892228034623e-13,0.0091894980016195,103,converged,gap_residual_and_feasibility
788,0.6610790301590233,IPOPT,1.0,1.0e-10,28.56612205505371,66928.174458864,66928.17445838937,7.091561527402747e-10,9.99982274763056e-9,NaN,41,INTERRUPTED,gap_and_residual
788,0.6610790301590233,sMEL-ADMM,1.0,0.01,5.993003,67290.07130674594,66928.17445838937,0.5407242185898381,7.056577544517495e-13,0.009244354441740321,103,converged,gap_residual_and_feasibility
789,0.7148180026827617,IPOPT,1.0,1.0e-10,28.393983840942383,64863.28615476614,64863.28615429108,7.323935877341029e-10,9.999822414563653e-9,NaN,41,INTERRUPTED,gap_and_residual
789,0.7148180026827617,sMEL-ADMM,1.0,0.01,8.488503999999999,65220.83791860693,64863.28615429108,0.551239052960303,7.084333120133124e-13,0.009126445968310026,103,converged,gap_residual_and_feasibility
790,0.5753357296014969,IPOPT,1.0,1.0e-10,25.324106216430664,70222.81017966864,70222.81017919339,6.767758200369587e-10,9.999821137807174e-9,NaN,36,INTERRUPTED,gap_and_residual
790,0.5753357296014969,sMEL-ADMM,1.0,0.01,6.2475830000000006,70610.30959975426,70222.81017919339,0.5518141748700355,7.079892228034623e-13,0.009914327618647523,103,converged,gap_residual_and_feasibility
791,0.5157092219668262,IPOPT,1.0,1.0e-10,27.12392807006836,72513.92354575521,72513.92354528299,6.512186597941311e-10,9.999823025186316e-9,NaN,37,INTERRUPTED,gap_and_residual
791,0.5157092219668262,sMEL-ADMM,1.0,0.01,6.06563,72674.65259385596,72513.92354528299,0.22165267125920238,7.082112674083874e-13,0.004648508565706422,104,converged,gap_residual_and_feasibility
792,0.4562242296651821,IPOPT,1.0,1.0e-10,29.818058013916016,74799.59926869288,74799.5992682191,6.334007944431173e-10,9.999821193318326e-9,NaN,40,INTERRUPTED,gap_and_residual
792,0.4562242296651821,sMEL-ADMM,1.0,0.01,6.190793,75071.6822021344,74799.5992682191,0.3637491865961126,7.093214904330125e-13,0.006919074166778505,104,converged,gap_residual_and_feasibility
793,0.3974001972311764,IPOPT,1.0,1.0e-10,25.640010833740234,77059.87799878989,77059.87799831985,6.099690604256161e-10,9.999822858652863e-9,NaN,35,INTERRUPTED,gap_and_residual
793,0.3974001972311764,sMEL-ADMM,1.0,0.01,5.911502,77401.60976213691,77059.87799831985,0.4434626328171908,7.086553566182374e-13,0.008733734066662446,104,converged,gap_residual_and_feasibility
794,0.5920159165070101,IPOPT,1.0,1.0e-10,29.263019561767578,69581.88384196555,69581.88384149405,6.776140272206094e-10,9.999822858652863e-9,NaN,40,INTERRUPTED,gap_and_residual
794,0.5920159165070101,sMEL-ADMM,1.0,0.01,6.523535,69962.97598478083,69581.88384149405,0.5476887405849711,7.082112674083874e-13,0.0097472685952118,103,converged,gap_residual_and_feasibility
795,0.4592118616353414,IPOPT,1.0,1.0e-10,29.265880584716797,74684.8012734501,74684.80127297633,6.343549102558375e-10,9.99982141536293e-9,NaN,40,INTERRUPTED,gap_and_residual
795,0.4592118616353414,sMEL-ADMM,1.0,0.01,5.609076999999999,74952.32872860634,74684.80127297633,0.35820869985606413,7.095435350379375e-13,0.0068004460829262925,104,converged,gap_residual_and_feasibility
796,0.3865424502683664,IPOPT,1.0,1.0e-10,26.36098861694336,77477.0805179216,77477.08051744991,6.088068588310408e-10,9.999822581097106e-9,NaN,35,INTERRUPTED,gap_and_residual
796,0.3865424502683664,sMEL-ADMM,1.0,0.01,6.647666,77829.28232483132,77477.08051744991,0.45458838282127234,7.096545573404001e-13,0.009006347084850819,104,converged,gap_residual_and_feasibility
797,0.6704662300912608,IPOPT,1.0,1.0e-10,30.49015998840332,66567.47684151115,66567.47684103635,7.132610587073617e-10,9.99982185945214e-9,NaN,41,INTERRUPTED,gap_and_residual
797,0.6704662300912608,sMEL-ADMM,1.0,0.01,6.0690479999999996,66927.90376725474,66567.47684103635,0.5414459783102453,7.083222897108499e-13,0.009205343822679901,103,converged,gap_residual_and_feasibility
798,0.40993138939884877,IPOPT,1.0,1.0e-10,33.2181453704834,76578.37433528127,76578.37433481004,6.153625941181619e-10,9.999822581097106e-9,NaN,40,INTERRUPTED,gap_and_residual
798,0.40993138939884877,sMEL-ADMM,1.0,0.01,6.289883,76907.57239519386,76578.37433481004,0.4298838454633709,7.107647803650252e-13,0.008407237429919445,104,converged,gap_residual_and_feasibility
799,0.5449035782299121,IPOPT,1.0,1.0e-10,30.7161808013916,71392.14763597675,71392.14763550546,6.601466605365561e-10,9.999823746831282e-9,NaN,40,INTERRUPTED,gap_and_residual
799,0.5449035782299121,sMEL-ADMM,1.0,0.01,6.359788,71535.70962048913,71392.14763550546,0.20108932107859445,7.086553566182374e-13,0.004364973021028007,104,converged,gap_residual_and_feasibility
800,0.5756063086713493,IPOPT,1.0,1.0e-10,28.09906005859375,70212.41333859679,70212.41333812196,6.762749937321996e-10,9.999821304340628e-9,NaN,36,INTERRUPTED,gap_and_residual
800,0.5756063086713493,sMEL-ADMM,1.0,0.01,5.7175460000000005,70599.80503319512,70212.41333812196,0.5517424578579903,7.097655796428626e-13,0.009911520167066756,103,converged,gap_residual_and_feasibility
801,0.4352471987743773,IPOPT,1.0,1.0e-10,30.148029327392578,75605.62930065655,75605.6293001851,6.235685807160857e-10,9.999822858652863e-9,NaN,40,INTERRUPTED,gap_and_residual
801,0.4352471987743773,sMEL-ADMM,1.0,0.01,6.544377,75906.74992795195,75605.6293001851,0.3982780522483082,7.071010443837622e-13,0.0076750531884920425,104,converged,gap_residual_and_feasibility
802,0.2509744518991284,IPOPT,1.0,1.0e-10,28.382062911987305,82686.20084709807,82686.2008466299,5.661938895891353e-10,9.999821581896384e-9,NaN,37,INTERRUPTED,gap_and_residual
802,0.2509744518991284,sMEL-ADMM,1.0,0.01,6.542328,82864.95358995566,82686.2008466299,0.21618207330304412,7.09432512735475e-13,0.004972239679844392,105,converged,gap_residual_and_feasibility
803,0.47663616395029845,IPOPT,1.0,1.0e-10,30.459165573120117,74015.28274029748,74015.28273982364,6.40191384976138e-10,9.999821193318326e-9,NaN,40,INTERRUPTED,gap_and_residual
803,0.47663616395029845,sMEL-ADMM,1.0,0.01,6.303329,74253.69435986261,74015.28273982364,0.32211134135233466,7.066569551739121e-13,0.006042080409473516,104,converged,gap_residual_and_feasibility
804,0.26960592287016333,IPOPT,1.0,1.0e-10,24.467945098876953,81970.29757077032,81970.29757030211,5.711921102532821e-10,9.999821914963292e-9,NaN,35,INTERRUPTED,gap_and_residual
804,0.26960592287016333,sMEL-ADMM,1.0,0.01,6.294995,82141.2779622289,81970.29757030211,0.20858822890101755,7.0921046813055e-13,0.004844946061194122,105,converged,gap_residual_and_feasibility
805,0.5130420454795059,IPOPT,1.0,1.0e-10,27.22001075744629,72616.40822819174,72616.40822772085,6.484559569485364e-10,9.999824468476248e-9,NaN,39,INTERRUPTED,gap_and_residual
805,0.5130420454795059,sMEL-ADMM,1.0,0.01,6.735451,72780.88021499255,72616.40822772085,0.22649424735511753,7.072120666862247e-13,0.0047103694194010615,104,converged,gap_residual_and_feasibility
806,0.6696953093600115,IPOPT,1.0,1.0e-10,28.1829833984375,66597.09901563518,66597.09901516042,7.128782504736328e-10,9.999821637407535e-9,NaN,41,INTERRUPTED,gap_and_residual
806,0.6696953093600115,sMEL-ADMM,1.0,0.01,6.638084,66957.6366356045,66597.09901516042,0.5413713596774079,7.079892228034623e-13,0.00920828922747774,103,converged,gap_residual_and_feasibility
807,0.36068637547291343,IPOPT,1.0,1.0e-10,27.837038040161133,78470.58493245595,78470.58493198703,5.975754057718854e-10,9.999823413764375e-9,NaN,40,INTERRUPTED,gap_and_residual
807,0.36068637547291343,sMEL-ADMM,1.0,0.01,6.480965,78845.0275547007,78470.58493198703,0.47717577616913814,7.074341112911497e-13,0.009585423985819297,104,converged,gap_residual_and_feasibility
808,0.42420790565598226,IPOPT,1.0,1.0e-10,27.950048446655273,76029.8076236737,76029.8076232005,6.223863957951625e-10,9.999822248030199e-9,NaN,40,INTERRUPTED,gap_and_residual
808,0.42420790565598226,sMEL-ADMM,1.0,0.01,6.495875,76344.17528776733,76029.8076232005,0.4134794949433777,7.073230889886872e-13,0.008020334945427976,104,converged,gap_residual_and_feasibility
809,0.40838176193067194,IPOPT,1.0,1.0e-10,27.966022491455078,76637.91785620237,76637.91785573114,6.148844906346367e-10,9.999821970474443e-9,NaN,40,INTERRUPTED,gap_and_residual
809,0.40838176193067194,sMEL-ADMM,1.0,0.01,6.685418,76968.66373269675,76637.91785573114,0.43156949747542483,7.081002451059248e-13,0.008447581996797404,104,converged,gap_residual_and_feasibility
810,0.4341957525283303,IPOPT,1.0,1.0e-10,29.160022735595703,75646.03050212769,75646.03050165751,6.215427008007126e-10,9.999823691320131e-9,NaN,41,INTERRUPTED,gap_and_residual
810,0.4341957525283303,sMEL-ADMM,1.0,0.01,5.9877009999999995,75948.47927928789,75646.03050165751,0.39982108198492333,7.083222897108499e-13,0.007709645318240033,104,converged,gap_residual_and_feasibility
811,0.325309333297812,IPOPT,1.0,1.0e-10,27.86397933959961,79829.92689956723,79829.92689909828,5.87436364237291e-10,9.999822248030199e-9,NaN,40,INTERRUPTED,gap_and_residual
811,0.325309333297812,sMEL-ADMM,1.0,0.01,6.044701000000001,79972.36080324904,79829.92689909828,0.1784216893130735,7.084333120133124e-13,0.004368171371011087,105,converged,gap_residual_and_feasibility
812,0.6432181893290159,IPOPT,1.0,1.0e-10,28.851985931396484,67614.46672682554,67614.46672635095,7.019151170395835e-10,9.999821248829477e-9,NaN,41,INTERRUPTED,gap_and_residual
812,0.6432181893290159,sMEL-ADMM,1.0,0.01,5.895832,67979.85815278771,67614.46672635095,0.5404042124824768,7.102096688527126e-13,0.009336545194806867,103,converged,gap_residual_and_feasibility
813,0.5144698159295191,IPOPT,1.0,1.0e-10,26.463031768798828,72561.54699127855,72561.54699080632,6.507912533005454e-10,9.999823358253224e-9,NaN,37,INTERRUPTED,gap_and_residual
813,0.5144698159295191,sMEL-ADMM,1.0,0.01,6.856373,72723.9443823939,72561.54699080632,0.2238064075565321,7.082112674083874e-13,0.004676073740052189,104,converged,gap_residual_and_feasibility
814,0.37176030891354517,IPOPT,1.0,1.0e-10,27.44007110595703,78045.07557550263,78045.07557503342,6.012063556429708e-10,9.999823302742072e-9,NaN,39,INTERRUPTED,gap_and_residual
814,0.37176030891354517,sMEL-ADMM,1.0,0.01,6.541041,78410.41236557029,78045.07557503342,0.4681099836794009,7.087663789206999e-13,0.009348348512216997,104,converged,gap_residual_and_feasibility
815,0.47522009657838127,IPOPT,1.0,1.0e-10,28.994083404541016,74069.69429334303,74069.69429286914,6.397800395098813e-10,9.999821526385233e-9,NaN,40,INTERRUPTED,gap_and_residual
815,0.47522009657838127,sMEL-ADMM,1.0,0.01,5.579006,74310.75403071403,74069.69429286914,0.3254498889812413,7.095435350379375e-13,0.006111074228492774,104,converged,gap_residual_and_feasibility
816,0.3398986969607681,IPOPT,1.0,1.0e-10,28.722047805786133,79269.3392110225,79269.33921055315,5.920863306477926e-10,9.999822192519048e-9,NaN,40,INTERRUPTED,gap_and_residual
816,0.3398986969607681,sMEL-ADMM,1.0,0.01,6.190334,79401.8544859942,79269.33921055315,0.16717090966163892,7.087663789206999e-13,0.004202506460345035,105,converged,gap_residual_and_feasibility
817,0.46807464644178676,IPOPT,1.0,1.0e-10,29.02388572692871,74344.25399781177,74344.25399733789,6.374172769676797e-10,9.999821082296023e-9,NaN,40,INTERRUPTED,gap_and_residual
817,0.46807464644178676,sMEL-ADMM,1.0,0.01,6.234414,74597.66731860382,74344.25399733789,0.34086470391512763,7.062128659640621e-13,0.006432866119120084,104,converged,gap_residual_and_feasibility
818,0.25538314162508097,IPOPT,1.0,1.0e-10,25.83599090576172,82516.79954625675,82516.79954578631,5.701073212874822e-10,9.999820527184511e-9,NaN,35,INTERRUPTED,gap_and_residual
818,0.25538314162508097,sMEL-ADMM,1.0,0.01,6.066416,82693.48360819861,82516.79954578631,0.21411889867864123,7.077671781985373e-13,0.004938340191829482,105,converged,gap_residual_and_feasibility
819,0.5152937293381158,IPOPT,1.0,1.0e-10,27.045011520385742,72529.88860480215,72529.88860432997,6.510151255104214e-10,9.999822525585955e-9,NaN,37,INTERRUPTED,gap_and_residual
819,0.5152937293381158,sMEL-ADMM,1.0,0.01,6.288754,72691.1620732185,72529.88860432997,0.2223544968727512,7.074341112911497e-13,0.0046575027017077275,104,converged,gap_residual_and_feasibility
820,0.2696641077471604,IPOPT,1.0,1.0e-10,26.224136352539062,81968.06185121069,81968.06185074241,5.712964555652769e-10,9.999822414563653e-9,NaN,34,INTERRUPTED,gap_and_residual
820,0.2696641077471604,sMEL-ADMM,1.0,0.01,5.571211000000001,82139.01886705577,81968.06185074241,0.2085654002953747,7.109868249699502e-13,0.004844562723384627,105,converged,gap_residual_and_feasibility
821,0.3311873671817632,IPOPT,1.0,1.0e-10,29.102802276611328,79604.06691661524,79604.0669161464,5.889568498069134e-10,9.999822969675165e-9,NaN,40,INTERRUPTED,gap_and_residual
821,0.3311873671817632,sMEL-ADMM,1.0,0.01,6.330584,79742.6387473336,79604.0669161464,0.17407632116732613,7.095435350379375e-13,0.004303647421771473,105,converged,gap_residual_and_feasibility
822,0.4385918001429886,IPOPT,1.0,1.0e-10,30.28583526611328,75477.11496695086,75477.11496647945,6.245724866832871e-10,9.999823302742072e-9,NaN,41,INTERRUPTED,gap_and_residual
822,0.4385918001429886,sMEL-ADMM,1.0,0.01,6.07025,75773.84608720097,75477.11496647945,0.393140517961381,7.099876242477876e-13,0.007560755056299495,104,converged,gap_residual_and_feasibility
823,0.25404131374429045,IPOPT,1.0,1.0e-10,25.676965713500977,82568.35849066803,82568.35849019924,5.677598024883623e-10,9.99982097127372e-9,NaN,35,INTERRUPTED,gap_and_residual
823,0.25404131374429045,sMEL-ADMM,1.0,0.01,6.36796,82745.63870021816,82568.35849019924,0.2147071992959114,7.099876242477876e-13,0.004948105041659545,105,converged,gap_residual_and_feasibility
824,0.4618453832330752,IPOPT,1.0,1.0e-10,29.267072677612305,74583.60976028249,74583.60975980872,6.352155729867085e-10,9.999821026784872e-9,NaN,40,INTERRUPTED,gap_and_residual
824,0.4618453832330752,sMEL-ADMM,1.0,0.01,5.8867579999999995,74847.04966251309,74583.60975980872,0.3532142028962648,7.076561558960748e-13,0.006693994746058252,104,converged,gap_residual_and_feasibility
825,0.46902326278143125,IPOPT,1.0,1.0e-10,28.863906860351562,74307.8039748058,74307.80397433191,6.377495309788633e-10,9.999821304340628e-9,NaN,40,INTERRUPTED,gap_and_residual
825,0.46902326278143125,sMEL-ADMM,1.0,0.01,5.813836,74559.66582301944,74307.80397433191,0.3389440075157318,7.102096688527126e-13,0.006392457941972185,104,converged,gap_residual_and_feasibility
826,0.5412069703432272,IPOPT,1.0,1.0e-10,29.076099395751953,71534.18761239696,71534.18761192447,6.60503951080143e-10,9.999822858652863e-9,NaN,40,INTERRUPTED,gap_and_residual
826,0.5412069703432272,sMEL-ADMM,1.0,0.01,6.159668,71679.31241174327,71534.18761192447,0.2028747437604406,7.099876242477876e-13,0.004390758676709794,104,converged,gap_residual_and_feasibility
827,0.4404675768035045,IPOPT,1.0,1.0e-10,30.038118362426758,75405.03935579758,75405.03935532617,6.251694818453093e-10,9.999822581097106e-9,NaN,41,INTERRUPTED,gap_and_residual
827,0.4404675768035045,sMEL-ADMM,1.0,0.01,6.215708,75699.2832320489,75405.03935532617,0.39021778814567376,7.08988423525625e-13,0.007496003333075096,104,converged,gap_residual_and_feasibility
828,0.25001057643783886,IPOPT,1.0,1.0e-10,28.079986572265625,82723.23719284823,82723.2371923796,5.665033114268598e-10,9.999820582695662e-9,NaN,39,INTERRUPTED,gap_and_residual
828,0.25001057643783886,sMEL-ADMM,1.0,0.01,5.956753,82902.45708816787,82723.2371923796,0.2166500029145067,7.085443343157749e-13,0.004979898346775258,105,converged,gap_residual_and_feasibility
829,0.321131180686424,IPOPT,1.0,1.0e-10,29.10900115966797,79990.4699478397,79990.46994737076,5.862391714196141e-10,9.999823136208619e-9,NaN,40,INTERRUPTED,gap_and_residual
829,0.321131180686424,sMEL-ADMM,1.0,0.01,6.651542,80135.55417614359,79990.46994737076,0.18137689260769113,7.073230889886872e-13,0.0044124638465827815,105,converged,gap_residual_and_feasibility
830,0.6085331023972673,IPOPT,1.0,1.0e-10,27.002811431884766,68947.22072207952,68947.22072160759,6.844846794865289e-10,9.999823524786677e-9,NaN,37,INTERRUPTED,gap_and_residual
830,0.6085331023972673,sMEL-ADMM,1.0,0.01,6.1202950000000005,69322.48955048152,68947.22072160759,0.5442842002133428,7.093214904330125e-13,0.009595266923873802,103,converged,gap_residual_and_feasibility
831,0.7044537829217756,IPOPT,1.0,1.0e-10,29.742956161499023,65261.525182430974,65261.52518195596,7.278574803723708e-10,9.99982135985178e-9,NaN,41,INTERRUPTED,gap_and_residual
831,0.7044537829217756,sMEL-ADMM,1.0,0.01,5.729045999999999,65619.13479133813,65261.52518195596,0.5479639165421216,7.088774012231625e-13,0.009128928312451268,103,converged,gap_residual_and_feasibility
832,0.4226938786432334,IPOPT,1.0,1.0e-10,27.662038803100586,76087.9832181053,76087.98321763208,6.219487798394261e-10,9.999821026784872e-9,NaN,40,INTERRUPTED,gap_and_residual
832,0.4226938786432334,sMEL-ADMM,1.0,0.01,9.648706,76404.03234462091,76087.98321763208,0.41537324768465,7.072120666862247e-13,0.00806420033091626,104,converged,gap_residual_and_feasibility
833,0.5626021766985969,IPOPT,1.0,1.0e-10,25.83003044128418,70712.08943499973,70712.08943452718,6.682652810709107e-10,9.999822359052501e-9,NaN,37,INTERRUPTED,gap_and_residual
833,0.5626021766985969,sMEL-ADMM,1.0,0.01,6.069125,70848.18552915561,70712.08943452718,0.19246510139464132,7.078782005009998e-13,0.00425414210243602,104,converged,gap_residual_and_feasibility
834,0.309297311377678,IPOPT,1.0,1.0e-10,27.884960174560547,80445.17939203317,80445.17939156533,5.815688126130871e-10,9.999823025186316e-9,NaN,40,INTERRUPTED,gap_and_residual
834,0.309297311377678,sMEL-ADMM,1.0,0.01,6.24725,80597.14511699414,80445.17939156533,0.18890594387157433,7.085443343157749e-13,0.004527575578817888,105,converged,gap_residual_and_feasibility
835,0.3824144407465508,IPOPT,1.0,1.0e-10,25.51889419555664,77635.6968475684,77635.69684709852,6.052387777872139e-10,9.999823469275526e-9,NaN,37,INTERRUPTED,gap_and_residual
835,0.3824144407465508,sMEL-ADMM,1.0,0.01,6.166878,77991.6786299624,77635.69684709852,0.4585284827995733,7.074341112911497e-13,0.009104770451921262,104,converged,gap_residual_and_feasibility
836,0.36885770910021787,IPOPT,1.0,1.0e-10,24.255990982055664,78156.60626030322,78156.60625983337,6.011676573205786e-10,9.99982230354135e-9,NaN,35,INTERRUPTED,gap_and_residual
836,0.36885770910021787,sMEL-ADMM,1.0,0.01,6.100086,78524.37968400992,78156.60625983337,0.47055961328961315,7.081002451059248e-13,0.009411786716565285,104,converged,gap_residual_and_feasibility
837,0.3180507212585153,IPOPT,1.0,1.0e-10,27.395009994506836,80108.83478336276,80108.8347828936,5.8566361644042e-10,9.999822803141711e-9,NaN,40,INTERRUPTED,gap_and_residual
837,0.3180507212585153,sMEL-ADMM,1.0,0.01,5.707206,80255.80389599426,80108.8347828936,0.18346180355634514,7.077671781985373e-13,0.004443979874904969,105,converged,gap_residual_and_feasibility
838,0.358083589031456,IPOPT,1.0,1.0e-10,26.50308609008789,78570.59546538588,78570.5954649137,6.00963429812497e-10,9.999821137807174e-9,NaN,38,INTERRUPTED,gap_and_residual
838,0.358083589031456,sMEL-ADMM,1.0,0.01,6.213081,78947.07096122792,78570.5954649137,0.4791557122439484,7.066569551739121e-13,0.00963835440749794,104,converged,gap_residual_and_feasibility
839,0.6555482843738965,IPOPT,1.0,1.0e-10,28.532028198242188,67140.69010157761,67140.69010110291,7.070198801199948e-10,9.99982185945214e-9,NaN,41,INTERRUPTED,gap_and_residual
839,0.6555482843738965,sMEL-ADMM,1.0,0.01,5.969129,67503.57852175682,67140.69010110291,0.5404895602166989,7.087663789206999e-13,0.009270569335064871,103,converged,gap_residual_and_feasibility
840,0.7159988734138394,IPOPT,1.0,1.0e-10,30.864953994750977,64817.91189383888,64817.911893363846,7.32872607029234e-10,9.99982135985178e-9,NaN,41,INTERRUPTED,gap_and_residual
840,0.7159988734138394,sMEL-ADMM,1.0,0.01,5.735085,65175.49842548183,64817.911893363846,0.5516785741359111,7.079892228034623e-13,0.009127239737372284,103,converged,gap_residual_and_feasibility
841,0.7001250440380363,IPOPT,1.0,1.0e-10,33.087968826293945,65427.854419347044,65427.854418872084,7.259292931997288e-10,9.999822081496745e-9,NaN,41,INTERRUPTED,gap_and_residual
841,0.7001250440380363,sMEL-ADMM,1.0,0.01,6.206662,65785.62086780801,65427.854418872084,0.5468106085910954,7.081002451059248e-13,0.00913342209024226,103,converged,gap_residual_and_feasibility
842,0.632572886039071,IPOPT,1.0,1.0e-10,30.788898468017578,68023.50622320354,68023.506222729,6.976087854737536e-10,9.999822025985594e-9,NaN,41,INTERRUPTED,gap_and_residual
842,0.632572886039071,sMEL-ADMM,1.0,0.01,6.420872999999999,68391.38636985778,68023.506222729,0.5408132681726598,7.108758026674877e-13,0.009401937571736907,103,converged,gap_residual_and_feasibility
843,0.5894222110487413,IPOPT,1.0,1.0e-10,27.692079544067383,69681.54544347382,69681.54544300103,6.785035015567773e-10,9.999823469275526e-9,NaN,38,INTERRUPTED,gap_and_residual
843,0.5894222110487413,sMEL-ADMM,1.0,0.01,6.192378,70063.60122926733,69681.54544300103,0.5482883363699446,7.090994458280875e-13,0.009772403478897296,103,converged,gap_residual_and_feasibility
844,0.5156276123750012,IPOPT,1.0,1.0e-10,28.63788604736328,72517.05934615756,72517.0593456853,6.512507002940369e-10,9.999823413764375e-9,NaN,37,INTERRUPTED,gap_and_residual
844,0.5156276123750012,sMEL-ADMM,1.0,0.01,5.393664,72677.8937827908,72517.0593456853,0.2217884157971839,7.090994458280875e-13,0.004650249381377591,104,converged,gap_residual_and_feasibility
845,0.5895800869992167,IPOPT,1.0,1.0e-10,27.903079986572266,69675.47915325046,69675.47915277763,6.786252312359943e-10,9.999823857853585e-9,NaN,38,INTERRUPTED,gap_and_residual
845,0.5895800869992167,sMEL-ADMM,1.0,0.01,6.681246,70057.47595286761,69675.47915277763,0.5482514146079671,7.085443343157749e-13,0.00977086502832325,103,converged,gap_residual_and_feasibility
846,0.43364058837888064,IPOPT,1.0,1.0e-10,29.155969619750977,75667.36235693231,75667.36235645892,6.25617623704038e-10,9.99982180394099e-9,NaN,40,INTERRUPTED,gap_and_residual
846,0.43364058837888064,sMEL-ADMM,1.0,0.01,5.921082999999999,75970.50462964267,75667.36235645892,0.40062487146795056,7.096545573404001e-13,0.0077277096057366546,104,converged,gap_residual_and_feasibility
847,0.6615470483202068,IPOPT,1.0,1.0e-10,30.546903610229492,66910.19113723087,66910.1911367561,7.095642355442156e-10,9.999821748429838e-9,NaN,41,INTERRUPTED,gap_and_residual
847,0.6615470483202068,sMEL-ADMM,1.0,0.01,6.61679,67272.00760990843,66910.1911367561,0.5407494239746238,7.097655796428626e-13,0.009242226658980113,103,converged,gap_residual_and_feasibility
848,0.31321915789696786,IPOPT,1.0,1.0e-10,28.567075729370117,80294.48475408644,80294.4847536176,5.839107856304266e-10,9.999822525585955e-9,NaN,40,INTERRUPTED,gap_and_residual
848,0.31321915789696786,sMEL-ADMM,1.0,0.01,6.174664,80444.26107978533,80294.4847536176,0.18653376583375342,7.087663789206999e-13,0.004490937637354975,105,converged,gap_residual_and_feasibility
849,0.7182568353814505,IPOPT,1.0,1.0e-10,31.116962432861328,64731.151037814714,64731.1510373397,7.338211745500374e-10,9.99982141536293e-9,NaN,41,INTERRUPTED,gap_and_residual
849,0.7182568353814505,sMEL-ADMM,1.0,0.01,5.487664,65088.82280314879,64731.1510373397,0.5525496767433739,7.081002451059248e-13,0.009129246174143235,103,converged,gap_residual_and_feasibility
850,0.38057181610005675,IPOPT,1.0,1.0e-10,25.105953216552734,77706.49861215,77706.49861167837,6.069345305445144e-10,9.999821748429838e-9,NaN,36,INTERRUPTED,gap_and_residual
850,0.38057181610005675,sMEL-ADMM,1.0,0.01,5.805173,78064.15410777584,77706.49861167837,0.46026458853175506,7.099876242477876e-13,0.00914835171616002,104,converged,gap_residual_and_feasibility
851,0.41036554137648334,IPOPT,1.0,1.0e-10,27.17304229736328,76561.69230176554,76561.69230129287,6.173593403245634e-10,9.999822525585955e-9,NaN,39,INTERRUPTED,gap_and_residual
851,0.41036554137648334,sMEL-ADMM,1.0,0.01,5.949129,76890.45164234357,76561.69230129287,0.4294044856753309,7.110978472724128e-13,0.008395800134779807,104,converged,gap_residual_and_feasibility
852,0.6893245998624031,IPOPT,1.0,1.0e-10,28.810977935791016,65842.85511269813,65842.85511222322,7.212875331477174e-10,9.999821248829477e-9,NaN,41,INTERRUPTED,gap_and_residual
852,0.6893245998624031,sMEL-ADMM,1.0,0.01,6.411585,66201.2145274098,65842.85511222322,0.5442646959579628,7.087663789206999e-13,0.00914985511289157,103,converged,gap_residual_and_feasibility
853,0.5171671870441996,IPOPT,1.0,1.0e-10,26.391029357910156,72457.90209810642,72457.90209763212,6.545940625141135e-10,9.999822137007897e-9,NaN,36,INTERRUPTED,gap_and_residual
853,0.5171671870441996,sMEL-ADMM,1.0,0.01,6.119497,72616.83111312884,72457.90209763212,0.21933979717294397,7.08988423525625e-13,0.004618774189697916,104,converged,gap_residual_and_feasibility
854,0.296278837383173,IPOPT,1.0,1.0e-10,28.918027877807617,80945.40657216008,80945.40657169215,5.780826928936661e-10,9.999822692119409e-9,NaN,39,INTERRUPTED,gap_and_residual
854,0.296278837383173,sMEL-ADMM,1.0,0.01,6.211042,81104.29859899038,80945.40657169215,0.19629529831011178,7.078782005009998e-13,0.004643572131572071,105,converged,gap_residual_and_feasibility
855,0.7415473685250004,IPOPT,1.0,1.0e-10,28.569936752319336,63836.2260471467,63836.226046671385,7.445873800782825e-10,9.999820860251418e-9,NaN,41,INTERRUPTED,gap_and_residual
855,0.7415473685250004,sMEL-ADMM,1.0,0.01,5.936625,64196.20619676018,63836.226046671385,0.563912017332613,7.081002451059248e-13,0.009187168514304123,103,converged,gap_residual_and_feasibility
856,0.2741556218731971,IPOPT,1.0,1.0e-10,25.17414093017578,81795.47807167436,81795.47807120607,5.72501858404922e-10,9.999821248829477e-9,NaN,36,INTERRUPTED,gap_and_residual
856,0.2741556218731971,sMEL-ADMM,1.0,0.01,6.1038760000000005,81964.54976154592,81795.47807120607,0.20670053446311437,7.068789997788372e-13,0.004813592998864635,105,converged,gap_residual_and_feasibility
857,0.6793961393800697,IPOPT,1.0,1.0e-10,28.55515480041504,66224.35034725278,66224.35034677797,7.16978633236956e-10,9.999821914963292e-9,NaN,41,INTERRUPTED,gap_and_residual
857,0.6793961393800697,sMEL-ADMM,1.0,0.01,5.704451,66583.64048857117,66224.35034677797,0.5425347925828032,7.08988423525625e-13,0.009174982050028535,103,converged,gap_residual_and_feasibility
858,0.29795788664914424,IPOPT,1.0,1.0e-10,30.08294105529785,80880.89009503968,80880.89009457165,5.786697561595892e-10,9.999822858652863e-9,NaN,39,INTERRUPTED,gap_and_residual
858,0.29795788664914424,sMEL-ADMM,1.0,0.01,6.159241000000001,81038.93413340658,80880.89009457165,0.19540343664633478,7.096545573404001e-13,0.004629359020540846,105,converged,gap_residual_and_feasibility
859,0.3036208127036701,IPOPT,1.0,1.0e-10,28.619050979614258,80663.29550348342,80663.2955030152,5.804652803584372e-10,9.999822636608258e-9,NaN,39,INTERRUPTED,gap_and_residual
859,0.3036208127036701,sMEL-ADMM,1.0,0.01,9.55525,80818.35472116216,80663.2955030152,0.1922302048038356,7.072120666862247e-13,0.004579363199178843,105,converged,gap_residual_and_feasibility
860,0.5267861266625407,IPOPT,1.0,1.0e-10,30.460119247436523,72088.3000200802,72088.30001960635,6.573244416256625e-10,9.999821970474443e-9,NaN,36,INTERRUPTED,gap_and_residual
860,0.5267861266625407,sMEL-ADMM,1.0,0.01,11.669872,72239.8286076116,72088.30001960635,0.21019858696077173,7.093214904330125e-13,0.004496426020416777,104,converged,gap_residual_and_feasibility
861,0.7369114884466754,IPOPT,1.0,1.0e-10,31.108856201171875,64014.357003199206,64014.35700272393,7.424472408523166e-10,9.99982047167336e-9,NaN,41,INTERRUPTED,gap_and_residual
861,0.7369114884466754,sMEL-ADMM,1.0,0.01,6.260586,64373.668150842415,64014.35700272393,0.5612977540385089,7.086553566182374e-13,0.009170175574973904,103,converged,gap_residual_and_feasibility
862,0.3343560920064526,IPOPT,1.0,1.0e-10,29.54888343811035,79482.31053531279,79482.31053484384,5.900055207174301e-10,9.99982185945214e-9,NaN,40,INTERRUPTED,gap_and_residual
862,0.3343560920064526,sMEL-ADMM,1.0,0.01,6.651797,79618.71430962546,79482.31053484384,0.17161526113640208,7.081002451059248e-13,0.004267443554001105,105,converged,gap_residual_and_feasibility
863,0.5797383842652172,IPOPT,1.0,1.0e-10,27.531862258911133,70053.64077252599,70053.64077205441,6.731754575613826e-10,9.999824746032004e-9,NaN,38,INTERRUPTED,gap_and_residual
863,0.5797383842652172,sMEL-ADMM,1.0,0.01,6.3404940000000005,70439.40155065796,70053.64077205441,0.5506648538921306,7.069900220812997e-13,0.00986901072175439,103,converged,gap_residual_and_feasibility
864,0.29823192902299617,IPOPT,1.0,1.0e-10,28.83291244506836,80870.36017855602,80870.3601780879,5.788530679849403e-10,9.999823025186316e-9,NaN,39,INTERRUPTED,gap_and_residual
864,0.29823192902299617,sMEL-ADMM,1.0,0.01,6.564748,81028.26294773561,80870.3601780879,0.19525419362543853,7.102096688527126e-13,0.004626992166006261,105,converged,gap_residual_and_feasibility
865,0.6435685355819514,IPOPT,1.0,1.0e-10,31.651020050048828,67601.00487882031,67601.00487834575,7.020118418084569e-10,9.999822192519048e-9,NaN,41,INTERRUPTED,gap_and_residual
865,0.6435685355819514,sMEL-ADMM,1.0,0.01,6.167666,67966.32020325205,67601.00487834575,0.5403992522947286,7.073230889886872e-13,0.009334542878708607,103,converged,gap_residual_and_feasibility
866,0.6580743065145913,IPOPT,1.0,1.0e-10,29.920101165771484,67043.62919160373,67043.62919112906,7.080000420038488e-10,9.999821914963292e-9,NaN,41,INTERRUPTED,gap_and_residual
866,0.6580743065145913,sMEL-ADMM,1.0,0.01,6.039292,67406.05588629162,67043.62919112906,0.5405833477918528,7.088774012231625e-13,0.009258369018915524,103,converged,gap_residual_and_feasibility
867,0.3126624056375288,IPOPT,1.0,1.0e-10,29.230117797851562,80315.87763107692,80315.87763060808,5.837371372368002e-10,9.999822192519048e-9,NaN,40,INTERRUPTED,gap_and_residual
867,0.3126624056375288,sMEL-ADMM,1.0,0.01,6.4427,80465.96815745329,80315.87763060808,0.186875287020465,7.076561558960748e-13,0.0044961939573813225,105,converged,gap_residual_and_feasibility
868,0.7195072807981313,IPOPT,1.0,1.0e-10,38.87796401977539,64683.10341065408,64683.103410179065,7.343775170886844e-10,9.99982141536293e-9,NaN,41,INTERRUPTED,gap_and_residual
868,0.7195072807981313,sMEL-ADMM,1.0,0.01,6.675086,65040.83292469543,64683.103410179065,0.5530493987709175,7.072120666862247e-13,0.009130632116460924,103,converged,gap_residual_and_feasibility
869,0.6093973659399006,IPOPT,1.0,1.0e-10,30.742883682250977,68914.0119055172,68914.01190504422,6.863348796458439e-10,9.999823025186316e-9,NaN,37,INTERRUPTED,gap_and_residual
869,0.6093973659399006,sMEL-ADMM,1.0,0.01,6.296706,69288.98831464132,68914.01190504422,0.5441221592406774,7.088774012231625e-13,0.00958762857771378,103,converged,gap_residual_and_feasibility
870,0.6393794068973937,IPOPT,1.0,1.0e-10,34.35182571411133,67761.9696762266,67761.969675752,7.003872017430249e-10,9.999822414563653e-9,NaN,41,INTERRUPTED,gap_and_residual
870,0.6393794068973937,sMEL-ADMM,1.0,0.01,6.630956,68128.22188899355,67761.969675752,0.5404981806079451,7.104317134576377e-13,0.00935918110834677,103,converged,gap_residual_and_feasibility
871,0.7098189355303404,IPOPT,1.0,1.0e-10,30.953168869018555,65055.372359798675,65055.37235932368,7.3014160660424e-10,9.999821970474443e-9,NaN,41,INTERRUPTED,gap_and_residual
871,0.7098189355303404,sMEL-ADMM,1.0,0.01,9.032216,65412.88081877158,65055.37235932368,0.5495448669069986,7.090994458280875e-13,0.009125790286143465,103,converged,gap_residual_and_feasibility
872,0.31159116703249196,IPOPT,1.0,1.0e-10,28.96595001220703,80357.0393422629,80357.03934179379,5.837821988706315e-10,9.99982185945214e-9,NaN,39,INTERRUPTED,gap_and_residual
872,0.31159116703249196,sMEL-ADMM,1.0,0.01,7.402668,80507.7321879095,80357.03934179379,0.18752911673953637,7.072120666862247e-13,0.004506272497309283,105,converged,gap_residual_and_feasibility
873,0.5742252375653354,IPOPT,1.0,1.0e-10,28.534889221191406,70265.4801807766,70265.4801803039,6.727406018791749e-10,9.999822858652863e-9,NaN,37,INTERRUPTED,gap_and_residual
873,0.5742252375653354,sMEL-ADMM,1.0,0.01,6.7781270000000005,70653.42129095281,70265.4801803039,0.5521076774163381,7.08988423525625e-13,0.009925838171872092,103,converged,gap_residual_and_feasibility
874,0.4048638821513221,IPOPT,1.0,1.0e-10,27.521133422851562,76773.09031057911,76773.09031010578,6.165313194000519e-10,9.999821748429838e-9,NaN,36,INTERRUPTED,gap_and_residual
874,0.4048638821513221,sMEL-ADMM,1.0,0.01,7.682834000000001,77107.33279421058,76773.09031010578,0.4353641135907331,7.09432512735475e-13,0.008538692003380643,104,converged,gap_residual_and_feasibility
875,0.4099896566656986,IPOPT,1.0,1.0e-10,30.740022659301758,76576.1354499402,76576.13544946893,6.154185921038522e-10,9.99982319171977e-9,NaN,40,INTERRUPTED,gap_and_residual
875,0.4099896566656986,sMEL-ADMM,1.0,0.01,6.166135,76905.27512516454,76576.13544946893,0.42982017016620266,7.067679774763747e-13,0.00840571540490831,104,converged,gap_residual_and_feasibility
876,0.2960190820855654,IPOPT,1.0,1.0e-10,28.62095832824707,80955.38751617096,80955.38751570294,5.781192727710098e-10,9.999823025186316e-9,NaN,39,INTERRUPTED,gap_and_residual
876,0.2960190820855654,sMEL-ADMM,1.0,0.01,12.847996,81114.41032266652,80955.38751570294,0.19643264252515874,7.05990821359137e-13,0.004645764914592121,105,converged,gap_residual_and_feasibility
877,0.6732095276236182,IPOPT,1.0,1.0e-10,37.81008720397949,66462.06725284205,66462.06725236725,7.143922987954338e-10,9.999821637407535e-9,NaN,41,INTERRUPTED,gap_and_residual
877,0.6732095276236182,sMEL-ADMM,1.0,0.01,11.443456,66822.1220772245,66462.06725236725,0.5417448474632279,7.061018436615996e-13,0.009195426547787489,103,converged,gap_residual_and_feasibility
878,0.5729293517027763,IPOPT,1.0,1.0e-10,30.668020248413086,70315.27383025257,70315.2738297798,6.723469826536587e-10,9.99982274763056e-9,NaN,37,INTERRUPTED,gap_and_residual
878,0.5729293517027763,sMEL-ADMM,1.0,0.01,6.362456,70703.73216494743,70315.2738297798,0.5524522824273028,7.071010443837622e-13,0.00993931615612953,103,converged,gap_residual_and_feasibility
879,0.3949554078806883,IPOPT,1.0,1.0e-10,31.870126724243164,77153.81758674119,77153.81758627117,6.092075241133453e-10,9.999822359052501e-9,NaN,35,INTERRUPTED,gap_and_residual
879,0.3949554078806883,sMEL-ADMM,1.0,0.01,6.624548,77497.99997651123,77153.81758627117,0.44609897605547505,7.093214904330125e-13,0.008797544055433981,104,converged,gap_residual_and_feasibility
880,0.5587002415573697,IPOPT,1.0,1.0e-10,27.412891387939453,70862.01898999659,70862.01898952395,6.669951172111397e-10,9.99982274763056e-9,NaN,37,INTERRUPTED,gap_and_residual
880,0.5587002415573697,sMEL-ADMM,1.0,0.01,10.276670999999999,70999.757971853,70862.01898952395,0.19437631652778722,7.076561558960748e-13,0.0042778018907512205,104,converged,gap_residual_and_feasibility
881,0.590086218047151,IPOPT,1.0,1.0e-10,28.3050537109375,69656.03136643692,69656.0313659641,6.787938105688998e-10,9.999822636608258e-9,NaN,38,INTERRUPTED,gap_and_residual
881,0.590086218047151,sMEL-ADMM,1.0,0.01,7.504002,70037.83935444038,69656.0313659641,0.5481334221731828,7.102096688527126e-13,0.009765940445797705,103,converged,gap_residual_and_feasibility
882,0.5251103475500368,IPOPT,1.0,1.0e-10,26.942014694213867,72152.69084348217,72152.69084300988,6.545596612110284e-10,9.999822248030199e-9,NaN,37,INTERRUPTED,gap_and_residual
882,0.5251103475500368,sMEL-ADMM,1.0,0.01,6.072125000000001,72305.10294022471,72152.69084300988,0.21123549992950624,7.075451335936123e-13,0.004511028489384117,104,converged,gap_residual_and_feasibility
883,0.38161661792650337,IPOPT,1.0,1.0e-10,36.396026611328125,77666.3527185777,77666.35271810787,6.049436732062971e-10,9.999823580297829e-9,NaN,37,INTERRUPTED,gap_and_residual
883,0.38161661792650337,sMEL-ADMM,1.0,0.01,6.400119,78023.05934802005,77666.35271810787,0.4592807791642491,7.090994458280875e-13,0.009123644384754881,104,converged,gap_residual_and_feasibility
884,0.731430754790833,IPOPT,1.0,1.0e-10,36.29112243652344,64224.95095936063,64224.950958885434,7.398881348878279e-10,9.999821526385233e-9,NaN,41,INTERRUPTED,gap_and_residual
884,0.731430754790833,sMEL-ADMM,1.0,0.01,6.824502,64583.60692983367,64224.950958885434,0.5584371269942082,7.088774012231625e-13,0.009153628289295779,103,converged,gap_residual_and_feasibility
885,0.32039270974347606,IPOPT,1.0,1.0e-10,36.77797317504883,80018.84525799913,80018.8452575302,5.860131008011084e-10,9.999823136208619e-9,NaN,40,INTERRUPTED,gap_and_residual
885,0.32039270974347606,sMEL-ADMM,1.0,0.01,6.412791,80164.39205952789,80018.8452575302,0.18189065529408727,7.079892228034623e-13,0.004420196043071201,105,converged,gap_residual_and_feasibility
886,0.28157146109212045,IPOPT,1.0,1.0e-10,26.458024978637695,81510.5288262928,81510.5288258244,5.746460661193421e-10,9.999822470074804e-9,NaN,35,INTERRUPTED,gap_and_residual
886,0.28157146109212045,sMEL-ADMM,1.0,0.01,7.053576,81676.38035916082,81510.5288258244,0.20347252769126167,7.08988423525625e-13,0.004760123868930322,105,converged,gap_residual_and_feasibility
887,0.5631712885367546,IPOPT,1.0,1.0e-10,29.540061950683594,70690.22164848993,70690.22164801866,6.666604852608625e-10,9.99982363580898e-9,NaN,39,INTERRUPTED,gap_and_residual
887,0.5631712885367546,sMEL-ADMM,1.0,0.01,6.2709150000000005,70826.08004181858,70690.22164801866,0.19218838282384837,7.073230889886872e-13,0.004250719247028911,104,converged,gap_residual_and_feasibility
888,0.312184049819574,IPOPT,1.0,1.0e-10,38.4058952331543,80334.25817107064,80334.25817060177,5.836579203575611e-10,9.999821637407535e-9,NaN,40,INTERRUPTED,gap_and_residual
888,0.312184049819574,sMEL-ADMM,1.0,0.01,11.883372,80484.61869956093,80334.25817060177,0.18716862815842789,7.082112674083874e-13,0.00450071150510567,105,converged,gap_residual_and_feasibility
889,0.6622456078004373,IPOPT,1.0,1.0e-10,37.94503211975098,66883.34940147179,66883.34940099706,7.097837275594557e-10,9.999821692918687e-9,NaN,41,INTERRUPTED,gap_and_residual
889,0.6622456078004373,sMEL-ADMM,1.0,0.01,8.569123999999999,67245.04686610686,66883.34940099706,0.5407885046863502,7.067679774763747e-13,0.00923907539006108,103,converged,gap_residual_and_feasibility
890,0.48395170823705663,IPOPT,1.0,1.0e-10,29.619216918945312,73734.18726849304,73734.18726801929,6.425135608434266e-10,9.99982141536293e-9,NaN,40,INTERRUPTED,gap_and_residual
890,0.48395170823705663,sMEL-ADMM,1.0,0.01,11.445168,73957.59530943527,73734.18726801929,0.3029911221560072,7.108758026674877e-13,0.005685498279120793,104,converged,gap_residual_and_feasibility
891,0.3623974996892698,IPOPT,1.0,1.0e-10,30.33304214477539,78404.83599429991,78404.8359938276,6.024009955256912e-10,9.99982097127372e-9,NaN,36,INTERRUPTED,gap_and_residual
891,0.3623974996892698,sMEL-ADMM,1.0,0.01,12.335002,78777.89154021088,78404.8359938276,0.4758068066268959,7.087663789206999e-13,0.009549308654130728,104,converged,gap_residual_and_feasibility
892,0.40506528612631926,IPOPT,1.0,1.0e-10,27.305126190185547,76765.35148170165,76765.35148122907,6.156266985529282e-10,9.999821193318326e-9,NaN,36,INTERRUPTED,gap_and_residual
892,0.40506528612631926,sMEL-ADMM,1.0,0.01,6.250953,77099.39486040955,76765.35148122907,0.43514863507420276,7.071010443837622e-13,0.00853350484260429,104,converged,gap_residual_and_feasibility
893,0.5957888893465587,IPOPT,1.0,1.0e-10,28.905153274536133,69436.9095873011,69436.90958682951,6.791545297907851e-10,9.999824024387038e-9,NaN,40,INTERRUPTED,gap_and_residual
893,0.5957888893465587,sMEL-ADMM,1.0,0.01,6.736169,69816.6285973954,69436.90958682951,0.5468547100171045,7.076561558960748e-13,0.009711445777884409,103,converged,gap_residual_and_feasibility
894,0.6028670228263786,IPOPT,1.0,1.0e-10,28.84507179260254,69164.936485642,69164.93648516908,6.837607565910255e-10,9.999823302742072e-9,NaN,38,INTERRUPTED,gap_and_residual
894,0.6028670228263786,sMEL-ADMM,1.0,0.01,6.53308,69542.15416143645,69164.93648516908,0.5453885963565704,7.073230889886872e-13,0.009646158337409338,103,converged,gap_residual_and_feasibility
895,0.6115082681322191,IPOPT,1.0,1.0e-10,28.889894485473633,68832.90173457036,68832.90173409545,6.899553751599829e-10,9.999821248829477e-9,NaN,39,INTERRUPTED,gap_and_residual
895,0.6115082681322191,sMEL-ADMM,1.0,0.01,7.523078,69207.17140641084,68832.90173409545,0.5437365894601007,7.105427357601002e-13,0.009569164821933818,103,converged,gap_residual_and_feasibility
896,0.5690908816803395,IPOPT,1.0,1.0e-10,29.035091400146484,70462.76477551507,70462.76477504232,6.709189903819949e-10,9.999822914164014e-9,NaN,37,INTERRUPTED,gap_and_residual
896,0.5690908816803395,sMEL-ADMM,1.0,0.01,6.047044,70852.7570327426,70462.76477504232,0.5534728291535994,7.085443343157749e-13,0.009979281478053936,103,converged,gap_residual_and_feasibility
897,0.38803587767798486,IPOPT,1.0,1.0e-10,26.693105697631836,77419.69645108358,77419.6964506113,6.100287528741881e-10,9.99982135985178e-9,NaN,34,INTERRUPTED,gap_and_residual
897,0.38803587767798486,sMEL-ADMM,1.0,0.01,12.015123,77770.52660615803,77419.6964506113,0.45315361804672016,7.088774012231625e-13,0.008970632978197224,104,converged,gap_residual_and_feasibility
898,0.6199912762545099,IPOPT,1.0,1.0e-10,30.408143997192383,68506.94715388589,68506.94715341287,6.904767707047472e-10,9.999822914164014e-9,NaN,41,INTERRUPTED,gap_and_residual
898,0.6199912762545099,sMEL-ADMM,1.0,0.01,10.925498000000001,68878.45115977325,68506.94715341287,0.5422866173388862,7.088774012231625e-13,0.00949686354962298,103,converged,gap_residual_and_feasibility
899,0.42347814224849917,IPOPT,1.0,1.0e-10,30.15899658203125,76057.84835192181,76057.84835144854,6.222526001330953e-10,9.999820749229116e-9,NaN,40,INTERRUPTED,gap_and_residual
899,0.42347814224849917,sMEL-ADMM,1.0,0.01,6.22971,76373.02647937609,76057.84835144854,0.41439264291459926,7.072120666862247e-13,0.00804147735293892,104,converged,gap_residual_and_feasibility
900,0.4710232419819081,IPOPT,1.0,1.0e-10,34.87086296081543,74230.95595435509,74230.95595388117,6.384293683846122e-10,9.999822137007897e-9,NaN,40,INTERRUPTED,gap_and_residual
900,0.4710232419819081,sMEL-ADMM,1.0,0.01,11.596421000000001,74479.42230606843,74230.95595388117,0.3347206687485291,7.08988423525625e-13,0.006304015156654241,104,converged,gap_residual_and_feasibility
901,0.438429665236251,IPOPT,1.0,1.0e-10,30.478954315185547,75483.34490505511,75483.34490458375,6.244631033151728e-10,9.999821470874082e-9,NaN,41,INTERRUPTED,gap_and_residual
901,0.438429665236251,sMEL-ADMM,1.0,0.01,10.044037000000001,75780.29031583747,75483.34490458375,0.39339196166926677,7.078782005009998e-13,0.007566334150943654,104,converged,gap_residual_and_feasibility
902,0.3848476554730084,IPOPT,1.0,1.0e-10,27.1298885345459,77542.2020077162,77542.20200724462,6.081642055530296e-10,9.999823025186316e-9,NaN,35,INTERRUPTED,gap_and_residual
902,0.3848476554730084,sMEL-ADMM,1.0,0.01,5.5211619999999995,77895.95984600173,77542.20200724462,0.4562133001124486,7.074341112911497e-13,0.00904686299452695,104,converged,gap_residual_and_feasibility
903,0.648721621435964,IPOPT,1.0,1.0e-10,30.727863311767578,67403.00059607628,67403.0005956017,7.04095674004306e-10,9.999821526385233e-9,NaN,41,INTERRUPTED,gap_and_residual
903,0.648721621435964,sMEL-ADMM,1.0,0.01,6.501205000000001,67767.2331353052,67403.0005956017,0.5403803042668541,7.066569551739121e-13,0.009306023200489344,103,converged,gap_residual_and_feasibility
904,0.7403600096067815,IPOPT,1.0,1.0e-10,30.194997787475586,63881.84961283568,63881.849612360405,7.439872674320872e-10,9.999821748429838e-9,NaN,41,INTERRUPTED,gap_and_residual
904,0.7403600096067815,sMEL-ADMM,1.0,0.01,6.875581,64241.64974854632,63881.849612360405,0.5632274869453625,7.099876242477876e-13,0.009182589518996975,103,converged,gap_residual_and_feasibility
905,0.3577835139701612,IPOPT,1.0,1.0e-10,28.623104095458984,78582.12567252088,78582.12567204864,6.009493239744908e-10,9.999820804740267e-9,NaN,38,INTERRUPTED,gap_and_residual
905,0.3577835139701612,sMEL-ADMM,1.0,0.01,5.886748,78958.84101680496,78582.12567204864,0.4793906267291443,7.072120666862247e-13,0.009644599486578032,104,converged,gap_residual_and_feasibility
906,0.532180166040849,IPOPT,1.0,1.0e-10,30.220985412597656,71881.03724036868,71881.03723989475,6.593210022495573e-10,9.999821914963292e-9,NaN,40,INTERRUPTED,gap_and_residual
906,0.532180166040849,sMEL-ADMM,1.0,0.01,6.620461000000001,72030.05275474521,71881.03723989475,0.2073085205394771,7.0921046813055e-13,0.004454937150045524,104,converged,gap_residual_and_feasibility
907,0.42490022442652803,IPOPT,1.0,1.0e-10,29.222965240478516,76003.20568350119,76003.2056830279,6.227191164294429e-10,9.999821637407535e-9,NaN,40,INTERRUPTED,gap_and_residual
907,0.42490022442652803,sMEL-ADMM,1.0,0.01,13.550219,76316.79966434668,76003.2056830279,0.41260625588165206,7.099876242477876e-13,0.008000153489233552,104,converged,gap_residual_and_feasibility
908,0.7129326947737706,IPOPT,1.0,1.0e-10,30.234813690185547,64935.72799851707,64935.727998042,7.315989442933528e-10,9.999821637407535e-9,NaN,41,INTERRUPTED,gap_and_residual
908,0.7129326947737706,sMEL-ADMM,1.0,0.01,8.478538,65293.23729884814,64935.727998042,0.5505587013930414,7.08988423525625e-13,0.009125518495314955,103,converged,gap_residual_and_feasibility
909,0.42976407377533554,IPOPT,1.0,1.0e-10,28.50508689880371,75816.3151427711,75816.31514229774,6.243501145830013e-10,9.999821581896384e-9,NaN,40,INTERRUPTED,gap_and_residual
909,0.42976407377533554,sMEL-ADMM,1.0,0.01,6.20642,76124.23441873968,75816.31514229774,0.40613854137333927,7.096545573404001e-13,0.007852185558017477,104,converged,gap_residual_and_feasibility
910,0.5984486998377455,IPOPT,1.0,1.0e-10,37.82320022583008,69334.70793891743,69334.7079384459,6.800716742953372e-10,9.999823691320131e-9,NaN,40,INTERRUPTED,gap_and_residual
910,0.5984486998377455,sMEL-ADMM,1.0,0.01,5.677707,69713.47781341994,69334.7079384459,0.5462918734875216,7.079892228034623e-13,0.009686676126424376,103,converged,gap_residual_and_feasibility
911,0.30206898692696976,IPOPT,1.0,1.0e-10,28.335094451904297,80722.92349311213,80722.92349264395,5.799824243046778e-10,9.999823025186316e-9,NaN,39,INTERRUPTED,gap_and_residual
911,0.30206898692696976,sMEL-ADMM,1.0,0.01,6.244204,80878.81953753928,80722.92349264395,0.1931248747569651,7.073230889886872e-13,0.004593375968022784,105,converged,gap_residual_and_feasibility
912,0.3137852994704594,IPOPT,1.0,1.0e-10,28.539180755615234,80272.73109824478,80272.73109777592,5.840871516964876e-10,9.999822525585955e-9,NaN,40,INTERRUPTED,gap_and_residual
912,0.3137852994704594,sMEL-ADMM,1.0,0.01,8.094044,80422.18796439058,80272.73109777592,0.18618634817921,7.076561558960748e-13,0.004485593383151354,105,converged,gap_residual_and_feasibility
913,0.526920636181357,IPOPT,1.0,1.0e-10,27.585983276367188,72083.13157120309,72083.1315707293,6.572908218554561e-10,9.999821914963292e-9,NaN,36,INTERRUPTED,gap_and_residual
913,0.526920636181357,sMEL-ADMM,1.0,0.01,10.922665,72234.59170165966,72083.1315707293,0.2101186888388075,7.075451335936123e-13,0.004495294830331176,104,converged,gap_residual_and_feasibility
914,0.34971953202584777,IPOPT,1.0,1.0e-10,32.926082611083984,78891.97941960863,78891.97941913913,5.951213246072098e-10,9.999822081496745e-9,NaN,39,INTERRUPTED,gap_and_residual
914,0.34971953202584777,sMEL-ADMM,1.0,0.01,7.355627,79275.13572545342,78891.97941913913,0.4856720659506526,7.088774012231625e-13,0.0098123172902842,104,converged,gap_residual_and_feasibility
915,0.2660451743200934,IPOPT,1.0,1.0e-10,27.60791778564453,82107.11723236024,82107.11723189177,5.705593165860811e-10,9.999821248829477e-9,NaN,37,INTERRUPTED,gap_and_residual
915,0.2660451743200934,sMEL-ADMM,1.0,0.01,10.192582999999999,82279.5203239811,82107.11723189177,0.20997338343083757,7.096545573404001e-13,0.004868245809392491,105,converged,gap_residual_and_feasibility
916,0.3669595363063312,IPOPT,1.0,1.0e-10,26.673078536987305,78229.54242966295,78229.54242919394,5.995282769738376e-10,9.999824024387038e-9,NaN,36,INTERRUPTED,gap_and_residual
916,0.3669595363063312,sMEL-ADMM,1.0,0.01,6.946969,78598.90412796468,78229.54242919394,0.4721511686011038,7.079892228034623e-13,0.009453137367141817,104,converged,gap_residual_and_feasibility
917,0.7098074788583117,IPOPT,1.0,1.0e-10,31.387805938720703,65055.81257566005,65055.812575185,7.302149551679548e-10,9.999820804740267e-9,NaN,41,INTERRUPTED,gap_and_residual
917,0.7098074788583117,sMEL-ADMM,1.0,0.01,6.138455,65413.32113283826,65055.812575185,0.5495412992345391,7.078782005009998e-13,0.00912579392331736,103,converged,gap_residual_and_feasibility
918,0.5503094298555711,IPOPT,1.0,1.0e-10,36.180973052978516,71184.43097763481,71184.43097716068,6.660592709138494e-10,9.999822470074804e-9,NaN,39,INTERRUPTED,gap_and_residual
918,0.5503094298555711,sMEL-ADMM,1.0,0.01,7.202961,71325.71528471183,71184.43097716068,0.1984764162777095,7.099876242477876e-13,0.004328859472307656,104,converged,gap_residual_and_feasibility
919,0.5001853205902966,IPOPT,1.0,1.0e-10,29.90102767944336,73110.42029441039,73110.42029393616,6.48652221489938e-10,9.99982091576257e-9,NaN,40,INTERRUPTED,gap_and_residual
919,0.5001853205902966,sMEL-ADMM,1.0,0.01,12.370413000000001,73299.17675685223,73110.42029393616,0.25817997237219087,7.08988423525625e-13,0.005112418571105337,104,converged,gap_residual_and_feasibility
920,0.7211341561152502,IPOPT,1.0,1.0e-10,36.04888916015625,64620.59168672673,64620.59168625163,7.352117830180976e-10,9.999821526385233e-9,NaN,41,INTERRUPTED,gap_and_residual
920,0.7211341561152502,sMEL-ADMM,1.0,0.01,7.63367,64978.40778731235,64620.59168625163,0.5537183918061356,7.09432512735475e-13,0.009132733753961064,103,converged,gap_residual_and_feasibility
921,0.5853392935547325,IPOPT,1.0,1.0e-10,33.847808837890625,69838.42913856587,69838.42913809314,6.768959782499956e-10,9.999823691320131e-9,NaN,38,INTERRUPTED,gap_and_residual
921,0.5853392935547325,sMEL-ADMM,1.0,0.01,9.563462,70222.0263253828,69838.42913809314,0.5492637678478807,7.088774012231625e-13,0.009812601301898649,103,converged,gap_residual_and_feasibility
922,0.4001024222285051,IPOPT,1.0,1.0e-10,25.933027267456055,76956.04659803919,76956.04659756948,6.103571330755705e-10,9.999822803141711e-9,NaN,35,INTERRUPTED,gap_and_residual
922,0.4001024222285051,sMEL-ADMM,1.0,0.01,12.417911,77295.03740989149,76956.04659756948,0.4404992554967277,7.079892228034623e-13,0.008662359787366514,104,converged,gap_residual_and_feasibility
923,0.6794937394150021,IPOPT,1.0,1.0e-10,30.112028121948242,66220.60012351106,66220.60012303629,7.169533126528363e-10,9.999822414563653e-9,NaN,41,INTERRUPTED,gap_and_residual
923,0.6794937394150021,sMEL-ADMM,1.0,0.01,7.082836,66579.8790848676,66220.60012303629,0.54254863466018,7.096545573404001e-13,0.009174682377995347,103,converged,gap_residual_and_feasibility
924,0.27112963584422706,IPOPT,1.0,1.0e-10,26.449918746948242,81911.74979899146,81911.74979852329,5.715470831456447e-10,9.999822025985594e-9,NaN,35,INTERRUPTED,gap_and_residual
924,0.27112963584422706,sMEL-ADMM,1.0,0.01,9.731753,82082.11228296261,81911.74979852329,0.20798296319924436,7.095435350379375e-13,0.004834812987036585,105,converged,gap_residual_and_feasibility
925,0.6679121372656048,IPOPT,1.0,1.0e-10,34.584999084472656,66665.61635098813,66665.61635051337,7.12145571158156e-10,9.99982097127372e-9,NaN,41,INTERRUPTED,gap_and_residual
925,0.6679121372656048,sMEL-ADMM,1.0,0.01,6.7995019999999995,67026.41595463145,66665.61635051337,0.5412079327686222,7.09432512735475e-13,0.009215255153616209,103,converged,gap_residual_and_feasibility
926,0.5425066694505695,IPOPT,1.0,1.0e-10,36.18311882019043,71484.24744124067,71484.24744076822,6.609246773016168e-10,9.999823413764375e-9,NaN,40,INTERRUPTED,gap_and_residual
926,0.5425066694505695,sMEL-ADMM,1.0,0.01,6.523546,71628.8220782,71484.24744076822,0.20224684823264977,7.077671781985373e-13,0.004381681863790732,104,converged,gap_residual_and_feasibility
927,0.3064836869078528,IPOPT,1.0,1.0e-10,31.909942626953125,80553.29125177008,80553.2912513018,5.813302284421278e-10,9.999822914164014e-9,NaN,39,INTERRUPTED,gap_and_residual
927,0.3064836869078528,sMEL-ADMM,1.0,0.01,6.395668000000001,80706.80609293532,80553.2912513018,0.19057550504622964,7.081002451059248e-13,0.004553506413397912,105,converged,gap_residual_and_feasibility
928,0.611793938011277,IPOPT,1.0,1.0e-10,36.598920822143555,68821.92503805945,68821.92503758646,6.87253226946636e-10,9.999822803141711e-9,NaN,39,INTERRUPTED,gap_and_residual
928,0.611793938011277,sMEL-ADMM,1.0,0.01,6.366122,69196.09986293303,68821.92503758646,0.5436854972339278,7.068789997788372e-13,0.009566686586229056,103,converged,gap_residual_and_feasibility
929,0.3702572405331903,IPOPT,1.0,1.0e-10,30.09486198425293,78102.83009095518,78102.83009048276,6.048607655143952e-10,9.99982091576257e-9,NaN,34,INTERRUPTED,gap_and_residual
929,0.3702572405331903,sMEL-ADMM,1.0,0.01,6.06792,78469.43320558406,78102.83009048276,0.46938518703686993,7.097655796428626e-13,0.009381317619737484,104,converged,gap_residual_and_feasibility
930,0.45049537998358874,IPOPT,1.0,1.0e-10,30.07984161376953,75019.72693671103,75019.72693623944,6.286132142369591e-10,9.999822581097106e-9,NaN,41,INTERRUPTED,gap_and_residual
930,0.45049537998358874,sMEL-ADMM,1.0,0.01,7.9364550000000005,75300.07986429578,75019.72693623944,0.3737056098519457,7.074341112911497e-13,0.007134401257161471,104,converged,gap_residual_and_feasibility
931,0.6223001688445022,IPOPT,1.0,1.0e-10,32.72414207458496,68418.22931875585,68418.22931828143,6.93413940995474e-10,9.999822359052501e-9,NaN,41,INTERRUPTED,gap_and_residual
931,0.6223001688445022,sMEL-ADMM,1.0,0.01,7.633041,68789.01718899539,68418.22931828143,0.5419430967572348,7.086553566182374e-13,0.009478125265874215,103,converged,gap_residual_and_feasibility
932,0.5036589840060844,IPOPT,1.0,1.0e-10,30.57408332824707,72976.94682770711,72976.94682723624,6.452323554645582e-10,9.99982319171977e-9,NaN,41,INTERRUPTED,gap_and_residual
932,0.5036589840060844,sMEL-ADMM,1.0,0.01,5.713297,73158.50497013991,72976.94682723624,0.24878835138647887,7.085443343157749e-13,0.004993237777352277,104,converged,gap_residual_and_feasibility
933,0.5581902826406613,IPOPT,1.0,1.0e-10,28.235912322998047,70881.61386041011,70881.6138599361,6.687405390987371e-10,9.99982185945214e-9,NaN,36,INTERRUPTED,gap_and_residual
933,0.5581902826406613,sMEL-ADMM,1.0,0.01,8.028538,71019.56908503688,70881.6138599361,0.1946276581306226,7.077671781985373e-13,0.004280916678769842,104,converged,gap_residual_and_feasibility
934,0.5307189278240935,IPOPT,1.0,1.0e-10,27.044057846069336,71937.1844564671,71937.18445599478,6.565812493971894e-10,9.999821637407535e-9,NaN,36,INTERRUPTED,gap_and_residual
934,0.5307189278240935,sMEL-ADMM,1.0,0.01,7.08009,72086.84492269915,71937.18445599478,0.20804326418407712,7.086553566182374e-13,0.004465576273616989,104,converged,gap_residual_and_feasibility
935,0.6735668924574718,IPOPT,1.0,1.0e-10,33.76317024230957,66448.33572000725,66448.33571953244,7.145618273879667e-10,9.999821914963292e-9,NaN,41,INTERRUPTED,gap_and_residual
935,0.6735668924574718,sMEL-ADMM,1.0,0.01,6.004461,66808.34432631702,66448.33571953244,0.5417872440088215,7.063238882665246e-13,0.009194192815125457,103,converged,gap_residual_and_feasibility
936,0.669857374606101,IPOPT,1.0,1.0e-10,31.953096389770508,66590.8717542002,66590.87175372541,7.129886208906155e-10,9.999821748429838e-9,NaN,41,INTERRUPTED,gap_and_residual
936,0.669857374606101,sMEL-ADMM,1.0,0.01,7.33004,66951.38597148776,66590.87175372541,0.5413868421720736,7.066569551739121e-13,0.009207666628252564,103,converged,gap_residual_and_feasibility
937,0.6397095030183244,IPOPT,1.0,1.0e-10,32.18698501586914,67749.28592759263,67749.28592711804,7.00518325416017e-10,9.99982274763056e-9,NaN,41,INTERRUPTED,gap_and_residual
937,0.6397095030183244,sMEL-ADMM,1.0,0.01,6.230881,68115.46231038558,67749.28592711804,0.5404874431613457,7.0921046813055e-13,0.009357187992751537,103,converged,gap_residual_and_feasibility
938,0.3765206276984674,IPOPT,1.0,1.0e-10,28.434038162231445,77862.16313558962,77862.16313511983,6.033662722898258e-10,9.999823080697468e-9,NaN,37,INTERRUPTED,gap_and_residual
938,0.3765206276984674,sMEL-ADMM,1.0,0.01,8.314747,78223.45895351119,77862.16313511983,0.46401975470983925,7.087663789206999e-13,0.009243144630814881,104,converged,gap_residual_and_feasibility
939,0.3091273568345448,IPOPT,1.0,1.0e-10,30.1971435546875,80451.70979505107,80451.70979458325,5.81485430149348e-10,9.99982230354135e-9,NaN,40,INTERRUPTED,gap_and_residual
939,0.3091273568345448,sMEL-ADMM,1.0,0.01,7.0073799999999995,80603.76917123946,80451.70979458325,0.18900701681102966,7.075451335936123e-13,0.004529143240166178,105,converged,gap_residual_and_feasibility
940,0.5774708866887683,IPOPT,1.0,1.0e-10,28.79190444946289,70140.76802869333,70140.76802822053,6.7408197967641e-10,9.999822248030199e-9,NaN,37,INTERRUPTED,gap_and_residual
940,0.5774708866887683,sMEL-ADMM,1.0,0.01,8.451451,70527.42044952788,70140.76802822053,0.5512520495238816,7.073230889886872e-13,0.009892252526523149,103,converged,gap_residual_and_feasibility
941,0.7249479280048622,IPOPT,1.0,1.0e-10,32.731056213378906,64474.04975264197,64474.04975216681,7.369843988059611e-10,9.99982097127372e-9,NaN,41,INTERRUPTED,gap_and_residual
941,0.7249479280048622,sMEL-ADMM,1.0,0.01,7.007333999999999,64832.1178575785,64474.04975216681,0.555367790278538,7.084333120133124e-13,0.00913893493354867,103,converged,gap_residual_and_feasibility
942,0.26287492878328766,IPOPT,1.0,1.0e-10,30.668020248413086,82228.93204612736,82228.93204565988,5.685106994356971e-10,9.999822525585955e-9,NaN,39,INTERRUPTED,gap_and_residual
942,0.26287492878328766,sMEL-ADMM,1.0,0.01,7.439417000000001,82402.56487523446,82228.93204565988,0.21115783125842208,7.081002451059248e-13,0.0048883705725639715,105,converged,gap_residual_and_feasibility
943,0.3405441753754078,IPOPT,1.0,1.0e-10,29.99591827392578,79244.53708388198,79244.53708341249,5.924552761518665e-10,9.99982185945214e-9,NaN,40,INTERRUPTED,gap_and_residual
943,0.3405441753754078,sMEL-ADMM,1.0,0.01,11.909376,79634.60233191038,79244.53708341249,0.4922298278899801,7.075451335936123e-13,0.009992234099834185,104,converged,gap_residual_and_feasibility
944,0.6909912661293705,IPOPT,1.0,1.0e-10,30.937910079956055,65778.81444500625,65778.81444453137,7.219455163074992e-10,9.999821748429838e-9,NaN,41,INTERRUPTED,gap_and_residual
944,0.6909912661293705,sMEL-ADMM,1.0,0.01,6.337089,66137.06201775135,65778.81444453137,0.5446245516055593,7.119860256921129e-13,0.009146789998753735,103,converged,gap_residual_and_feasibility
945,0.48435965142488047,IPOPT,1.0,1.0e-10,29.24203872680664,73718.51229225667,73718.51229178294,6.426107006462991e-10,9.999822192519048e-9,NaN,40,INTERRUPTED,gap_and_residual
945,0.48435965142488047,sMEL-ADMM,1.0,0.01,7.752333,73941.05548035036,73718.51229178294,0.3018823652959484,7.084333120133124e-13,0.00567120585476566,104,converged,gap_residual_and_feasibility
946,0.7014645208965749,IPOPT,1.0,1.0e-10,32.16195106506348,65376.38581157668,65376.38581110172,7.26500792673081e-10,9.999822803141711e-9,NaN,41,INTERRUPTED,gap_and_residual
946,0.7014645208965749,sMEL-ADMM,1.0,0.01,7.311416,65734.09610855264,65376.38581110172,0.5471552044563687,7.074341112911497e-13,0.009131833165472503,103,converged,gap_residual_and_feasibility
947,0.49681101510473563,IPOPT,1.0,1.0e-10,30.10082244873047,73240.07599127966,73240.07599080511,6.479410365055449e-10,9.999822137007897e-9,NaN,40,INTERRUPTED,gap_and_residual
947,0.49681101510473563,sMEL-ADMM,1.0,0.01,7.952079000000001,73435.95997665255,73240.07599080511,0.26745464583082984,7.093214904330125e-13,0.005230365791980773,104,converged,gap_residual_and_feasibility
948,0.6574849395447647,IPOPT,1.0,1.0e-10,29.530048370361328,67066.2752695927,67066.27526911799,7.078260670879606e-10,9.99982185945214e-9,NaN,41,INTERRUPTED,gap_and_residual
948,0.6574849395447647,sMEL-ADMM,1.0,0.01,7.735788,67428.80761768055,67066.27526911799,0.540558346363826,7.083222897108499e-13,0.00926116198908522,103,converged,gap_residual_and_feasibility
949,0.5627509897891084,IPOPT,1.0,1.0e-10,29.571056365966797,70706.37137982187,70706.37137934928,6.68381066284597e-10,9.999822581097106e-9,NaN,37,INTERRUPTED,gap_and_residual
949,0.5627509897891084,sMEL-ADMM,1.0,0.01,6.813954,70842.40526695988,70706.37137934928,0.19239268676475543,7.079892228034623e-13,0.004253246321528792,104,converged,gap_residual_and_feasibility
950,0.4002722719871718,IPOPT,1.0,1.0e-10,29.568910598754883,76949.52022130272,76949.52022083293,6.105223656812428e-10,9.999822914164014e-9,NaN,35,INTERRUPTED,gap_and_residual
950,0.4002722719871718,sMEL-ADMM,1.0,0.01,6.482461,77288.33798653555,76949.52022083293,0.44031173258815803,7.073230889886872e-13,0.0086578534967362,104,converged,gap_residual_and_feasibility
951,0.5578389277974436,IPOPT,1.0,1.0e-10,27.529001235961914,70895.11446289945,70895.11446242765,6.654932418286052e-10,9.999823857853585e-9,NaN,37,INTERRUPTED,gap_and_residual
951,0.5578389277974436,sMEL-ADMM,1.0,0.01,5.821085999999999,71033.21863154981,70895.11446242765,0.1948006857304009,7.077671781985373e-13,0.004283061905500318,104,converged,gap_residual_and_feasibility
952,0.42394163494434134,IPOPT,1.0,1.0e-10,36.312103271484375,76040.03891862356,76040.03891815034,6.223217899988583e-10,9.99982185945214e-9,NaN,40,INTERRUPTED,gap_and_residual
952,0.42394163494434134,sMEL-ADMM,1.0,0.01,9.185376999999999,76354.70105032575,76040.03891815034,0.41381111405546417,7.079892228034623e-13,0.008028016490553735,104,converged,gap_residual_and_feasibility
953,0.392998933725164,IPOPT,1.0,1.0e-10,25.616884231567383,77228.99395151492,77228.99395104498,6.085014530718491e-10,9.999823524786677e-9,NaN,35,INTERRUPTED,gap_and_residual
953,0.392998933725164,sMEL-ADMM,1.0,0.01,9.889082,77575.11596107864,77228.99395104498,0.4481762513351783,7.095435350379375e-13,0.008848046490119277,104,converged,gap_residual_and_feasibility
954,0.717925996200018,IPOPT,1.0,1.0e-10,37.429094314575195,64743.86333810993,64743.863337634866,7.337557570017856e-10,9.999822858652863e-9,NaN,41,INTERRUPTED,gap_and_residual
954,0.717925996200018,sMEL-ADMM,1.0,0.01,11.302705,65101.52110916133,64743.863337634866,0.552419570116327,7.073230889886872e-13,0.009128912953033197,103,converged,gap_residual_and_feasibility
955,0.6480428362197537,IPOPT,1.0,1.0e-10,37.77122497558594,67429.08251741054,67429.08251693596,7.03823326119748e-10,9.999822359052501e-9,NaN,41,INTERRUPTED,gap_and_residual
955,0.6480428362197537,sMEL-ADMM,1.0,0.01,6.6885449999999995,67793.45362524258,67429.08251693596,0.5403767850691095,7.05768776754212e-13,0.009309675188525213,103,converged,gap_residual_and_feasibility
956,0.6796245984709455,IPOPT,1.0,1.0e-10,36.28993034362793,66215.57194151558,66215.57194104073,7.171176384909067e-10,9.999822137007897e-9,NaN,41,INTERRUPTED,gap_and_residual
956,0.6796245984709455,sMEL-ADMM,1.0,0.01,12.141508,66574.83596597487,66215.57194104073,0.5425672759483653,7.082112674083874e-13,0.009174281956089825,103,converged,gap_residual_and_feasibility
957,0.6182986539414073,IPOPT,1.0,1.0e-10,37.76288032531738,68571.98516733198,68571.98516685901,6.897369933238641e-10,9.999822248030199e-9,NaN,41,INTERRUPTED,gap_and_residual
957,0.6182986539414073,sMEL-ADMM,1.0,0.01,10.717834,68944.02461789343,68571.98516685901,0.5425531288457242,7.08988423525625e-13,0.00951086824851477,103,converged,gap_residual_and_feasibility
958,0.5436491921669948,IPOPT,1.0,1.0e-10,33.55288505554199,71440.34668014462,71440.34667967213,6.61371560343066e-10,9.999823025186316e-9,NaN,39,INTERRUPTED,gap_and_residual
958,0.5436491921669948,sMEL-ADMM,1.0,0.01,7.087783,71584.43869530493,71440.34667967213,0.20169557166187776,7.071010443837622e-13,0.004373718870921195,104,converged,gap_residual_and_feasibility
959,0.35344366190683235,IPOPT,1.0,1.0e-10,29.150962829589844,78748.88192680433,78748.88192633184,5.999909128765099e-10,9.999820416162208e-9,NaN,38,INTERRUPTED,gap_and_residual
959,0.35344366190683235,sMEL-ADMM,1.0,0.01,8.662124,79129.08449809253,78748.88192633184,0.48280377125399837,7.08988423525625e-13,0.009735403279275912,104,converged,gap_residual_and_feasibility
960,0.5889426419191459,IPOPT,1.0,1.0e-10,28.169870376586914,69699.97260425128,69699.97260377846,6.783658758202496e-10,9.99982230354135e-9,NaN,38,INTERRUPTED,gap_and_residual
960,0.5889426419191459,sMEL-ADMM,1.0,0.01,6.240871,70082.20783415249,69699.97260377846,0.548400833020288,7.065459328714496e-13,0.009777083581966495,103,converged,gap_residual_and_feasibility
961,0.25993323030551735,IPOPT,1.0,1.0e-10,26.58700942993164,82341.96507403477,82341.96507356616,5.69108747502475e-10,9.999822025985594e-9,NaN,36,INTERRUPTED,gap_and_residual
961,0.25993323030551735,sMEL-ADMM,1.0,0.01,11.231916,82516.7504881605,82341.96507356616,0.21226772331481863,7.072120666862247e-13,0.004907240712396899,105,converged,gap_residual_and_feasibility
962,0.5452768742959824,IPOPT,1.0,1.0e-10,26.92699432373047,71377.80395494729,71377.80395447486,6.618695192559396e-10,9.999822525585955e-9,NaN,37,INTERRUPTED,gap_and_residual
962,0.5452768742959824,sMEL-ADMM,1.0,0.01,6.578747,71521.2083810095,71377.80395447486,0.20090899213726118,7.088774012231625e-13,0.004362373087666072,104,converged,gap_residual_and_feasibility
963,0.3882366302405641,IPOPT,1.0,1.0e-10,30.487060546875,77411.98265234265,77411.98265187234,6.07533009948316e-10,9.999822192519048e-9,NaN,34,INTERRUPTED,gap_and_residual
963,0.3882366302405641,sMEL-ADMM,1.0,0.01,12.388546,77762.62778187424,77411.98265187234,0.4529597589287622,7.103206911551752e-13,0.008965815439825109,104,converged,gap_residual_and_feasibility
964,0.3223266738379567,IPOPT,1.0,1.0e-10,37.19305992126465,79944.53382903618,79944.53382856725,5.865760243717291e-10,9.999822636608258e-9,NaN,40,INTERRUPTED,gap_and_residual
964,0.3223266738379567,sMEL-ADMM,1.0,0.01,9.865005,80088.85858547132,79944.53382856725,0.1805311132510424,7.082112674083874e-13,0.004399771569035593,105,converged,gap_residual_and_feasibility
965,0.6409104891823395,IPOPT,1.0,1.0e-10,36.61799430847168,67703.13874302633,67703.13874255175,7.009743125017797e-10,9.99982135985178e-9,NaN,41,INTERRUPTED,gap_and_residual
965,0.6409104891823395,sMEL-ADMM,1.0,0.01,7.835081000000001,68069.04194561622,67703.13874255175,0.5404523480895902,7.087663789206999e-13,0.009350005982389553,103,converged,gap_residual_and_feasibility
966,0.3844628080182292,IPOPT,1.0,1.0e-10,26.3979434967041,77556.98954404052,77556.98954356909,6.07860620206979e-10,9.999821692918687e-9,NaN,35,INTERRUPTED,gap_and_residual
966,0.3844628080182292,sMEL-ADMM,1.0,0.01,10.712332,77911.1010662691,77556.98954356909,0.4565823464577401,7.074341112911497e-13,0.009056072198040943,104,converged,gap_residual_and_feasibility
967,0.381602516890798,IPOPT,1.0,1.0e-10,27.209043502807617,77666.89454255273,77666.89454208281,6.050518708650413e-10,9.999822470074804e-9,NaN,37,INTERRUPTED,gap_and_residual
967,0.381602516890798,sMEL-ADMM,1.0,0.01,11.262709,78023.61395087889,77666.89454208281,0.4592940285552395,7.098766019453251e-13,0.009123977128665528,104,converged,gap_residual_and_feasibility
968,0.7013905467139522,IPOPT,1.0,1.0e-10,29.965877532958984,65379.22822588663,65379.22822541167,7.264692074692582e-10,9.999821637407535e-9,NaN,41,INTERRUPTED,gap_and_residual
968,0.7013905467139522,sMEL-ADMM,1.0,0.01,7.106921000000001,65736.94144454559,65379.22822541167,0.5471358852701819,7.093214904330125e-13,0.009131916272509644,103,converged,gap_residual_and_feasibility
969,0.5915885606460163,IPOPT,1.0,1.0e-10,30.73906898498535,69598.30473871298,69598.30473824013,6.793986365170035e-10,9.999821970474443e-9,NaN,38,INTERRUPTED,gap_and_residual
969,0.5915885606460163,sMEL-ADMM,1.0,0.01,7.536376,69979.55486864963,69598.30473824013,0.5477865184265495,7.083222897108499e-13,0.009751389638497532,103,converged,gap_residual_and_feasibility
970,0.6984748495547941,IPOPT,1.0,1.0e-10,34.62100028991699,65491.26216847044,65491.26216799545,7.252708975904301e-10,9.99982185945214e-9,NaN,41,INTERRUPTED,gap_and_residual
970,0.6984748495547941,sMEL-ADMM,1.0,0.01,9.7643,65849.10057634984,65491.26216799545,0.5463910703636676,7.087663789206999e-13,0.009135447929390916,103,converged,gap_residual_and_feasibility
971,0.7002382945048554,IPOPT,1.0,1.0e-10,31.71086311340332,65423.502836996544,65423.502836521555,7.260220629824911e-10,9.999822525585955e-9,NaN,41,INTERRUPTED,gap_and_residual
971,0.7002382945048554,sMEL-ADMM,1.0,0.01,5.826086,65781.26425852226,65423.502836521555,0.5468392954970225,7.088774012231625e-13,0.009133280768134022,103,converged,gap_residual_and_feasibility
972,0.3254835342133677,IPOPT,1.0,1.0e-10,30.29608726501465,79823.23333219512,79823.23333172614,5.875220839913144e-10,9.999822025985594e-9,NaN,40,INTERRUPTED,gap_and_residual
972,0.3254835342133677,sMEL-ADMM,1.0,0.01,9.003872,79965.5564145607,79823.23333172614,0.17829781743256257,7.084333120133124e-13,0.004366319249902162,105,converged,gap_residual_and_feasibility
973,0.3109216032850044,IPOPT,1.0,1.0e-10,29.65998649597168,80382.7669341035,80382.76693363459,5.83360008876085e-10,9.999822803141711e-9,NaN,39,INTERRUPTED,gap_and_residual
973,0.3109216032850044,sMEL-ADMM,1.0,0.01,7.412294,80533.83436702096,80382.76693363459,0.1879350999587954,7.079892228034623e-13,0.004512540980085689,105,converged,gap_residual_and_feasibility
974,0.6976685178963393,IPOPT,1.0,1.0e-10,31.523942947387695,65522.24498657388,65522.24498609884,7.250056782596596e-10,9.999821692918687e-9,NaN,41,INTERRUPTED,gap_and_residual
974,0.6976685178963393,sMEL-ADMM,1.0,0.01,5.934417,65880.12187026384,65522.24498609884,0.5461914258904417,7.097655796428626e-13,0.009136524007270719,103,converged,gap_residual_and_feasibility
975,0.6222877258719,IPOPT,1.0,1.0e-10,36.85712814331055,68418.70743263459,68418.70743216018,6.93387826466001e-10,9.999821248829477e-9,NaN,41,INTERRUPTED,gap_and_residual
975,0.6222877258719,sMEL-ADMM,1.0,0.01,11.031289,68789.49912875748,68418.70743216018,0.5419449014948909,7.079892228034623e-13,0.009478225391709394,103,converged,gap_residual_and_feasibility
976,0.4747433973527587,IPOPT,1.0,1.0e-10,29.113054275512695,74088.01117975404,74088.01117928012,6.396807899332473e-10,9.999821470874082e-9,NaN,40,INTERRUPTED,gap_and_residual
976,0.4747433973527587,sMEL-ADMM,1.0,0.01,5.945384,74329.93848678557,74088.01117928012,0.3265404262506515,7.081002451059248e-13,0.006133676880025418,104,converged,gap_residual_and_feasibility
977,0.2675846144910458,IPOPT,1.0,1.0e-10,26.093006134033203,82047.96515232255,82047.96515185421,5.708110357678684e-10,9.999821470874082e-9,NaN,36,INTERRUPTED,gap_and_residual
977,0.2675846144910458,sMEL-ADMM,1.0,0.01,6.799877,82219.76069661336,82047.96515185421,0.2093842844745671,7.086553566182374e-13,0.00485830370524809,105,converged,gap_residual_and_feasibility
978,0.41550630416393797,IPOPT,1.0,1.0e-10,33.2179069519043,76364.16152557984,76364.16152510863,6.170506656513396e-10,9.999822414563653e-9,NaN,40,INTERRUPTED,gap_and_residual
978,0.41550630416393797,sMEL-ADMM,1.0,0.01,6.926289000000001,76687.71487576698,76364.16152510863,0.42369790251931255,7.102096688527126e-13,0.00826001545110211,104,converged,gap_residual_and_feasibility
979,0.34275184129303227,IPOPT,1.0,1.0e-10,31.412839889526367,79159.70882389529,79159.70882342594,5.929063267620587e-10,9.999822192519048e-9,NaN,40,INTERRUPTED,gap_and_residual
979,0.34275184129303227,sMEL-ADMM,1.0,0.01,6.144207,79548.13672893468,79159.70882342594,0.49068890131363213,7.067679774763747e-13,0.009949593613226893,104,converged,gap_residual_and_feasibility
980,0.3980152756121738,IPOPT,1.0,1.0e-10,25.581836700439453,77036.2439750008,77036.2439745308,6.101184140239409e-10,9.999823302742072e-9,NaN,35,INTERRUPTED,gap_and_residual
980,0.3980152756121738,sMEL-ADMM,1.0,0.01,6.756878,77377.35156718394,77036.2439745308,0.4427884526222789,7.081002451059248e-13,0.008717481039212771,104,converged,gap_residual_and_feasibility
981,0.549038168970805,IPOPT,1.0,1.0e-10,29.82306480407715,71233.2784268721,71233.27842639782,6.658068133323117e-10,9.999821914963292e-9,NaN,39,INTERRUPTED,gap_and_residual
981,0.549038168970805,sMEL-ADMM,1.0,0.01,7.163996,71375.09923938237,71233.27842639782,0.19909348006645722,7.063238882665246e-13,0.004336588819148446,104,converged,gap_residual_and_feasibility
982,0.4686780319641861,IPOPT,1.0,1.0e-10,29.232025146484375,74321.06926521356,74321.06926473968,6.376161216461292e-10,9.999821193318326e-9,NaN,40,INTERRUPTED,gap_and_residual
982,0.4686780319641861,sMEL-ADMM,1.0,0.01,9.300584,74573.50313475842,74321.06926473968,0.3396531730720122,7.087663789206999e-13,0.006407356645345308,104,converged,gap_residual_and_feasibility
983,0.48754784859832395,IPOPT,1.0,1.0e-10,29.01291847229004,73596.00769744554,73596.00769697156,6.440362699699393e-10,9.999820638206813e-9,NaN,40,INTERRUPTED,gap_and_residual
983,0.48754784859832395,sMEL-ADMM,1.0,0.01,6.91216,73811.75469645923,73596.00769697156,0.2931504116038507,7.088774012231625e-13,0.005558860542219435,104,converged,gap_residual_and_feasibility
984,0.5992820455577464,IPOPT,1.0,1.0e-10,29.295921325683594,69302.68712144202,69302.68712097051,6.803648989923029e-10,9.99982363580898e-9,NaN,40,INTERRUPTED,gap_and_residual
984,0.5992820455577464,sMEL-ADMM,1.0,0.01,11.60192,69681.16214091002,69302.68712097051,0.5461188240491498,7.085443343157749e-13,0.00967898034536574,103,converged,gap_residual_and_feasibility
985,0.7218843273610189,IPOPT,1.0,1.0e-10,31.853914260864258,64591.766799336634,64591.766798861485,7.356187322081575e-10,9.999820749229116e-9,NaN,41,INTERRUPTED,gap_and_residual
985,0.7218843273610189,sMEL-ADMM,1.0,0.01,11.482864000000001,64949.62712234054,64591.766798861485,0.5540339600764178,7.074341112911497e-13,0.009133814247902605,103,converged,gap_residual_and_feasibility
986,0.30805346569841363,IPOPT,1.0,1.0e-10,30.19881248474121,80492.9734281786,80492.97342771076,5.812054180069703e-10,9.999822969675165e-9,NaN,40,INTERRUPTED,gap_and_residual
986,0.30805346569841363,sMEL-ADMM,1.0,0.01,6.81146,80645.62167228809,80492.97342771076,0.1896417017249581,7.079892228034623e-13,0.00453900089151027,105,converged,gap_residual_and_feasibility
987,0.7089951788962969,IPOPT,1.0,1.0e-10,29.867887496948242,65087.024722305396,65087.02472183043,7.297418173993965e-10,9.999822248030199e-9,NaN,41,INTERRUPTED,gap_and_residual
987,0.7089951788962969,sMEL-ADMM,1.0,0.01,6.051587,65444.54161913643,65087.02472183043,0.549290582622202,7.107647803650252e-13,0.009126087682948314,103,converged,gap_residual_and_feasibility
988,0.3158800944550596,IPOPT,1.0,1.0e-10,31.275033950805664,80192.23983724673,80192.23983677766,5.849274648343897e-10,9.999822470074804e-9,NaN,40,INTERRUPTED,gap_and_residual
988,0.3158800944550596,sMEL-ADMM,1.0,0.01,7.212338000000001,80340.49716985365,80192.23983677766,0.1848774063148164,7.072120666862247e-13,0.004465527211731768,105,converged,gap_residual_and_feasibility
989,0.6014127362609514,IPOPT,1.0,1.0e-10,29.127120971679688,69220.81658864235,69220.81658816946,6.831667300166752e-10,9.999822581097106e-9,NaN,38,INTERRUPTED,gap_and_residual
989,0.6014127362609514,sMEL-ADMM,1.0,0.01,6.0101260000000005,69598.54200169274,69220.81658816946,0.5456818225224994,7.08988423525625e-13,0.009659413467797973,103,converged,gap_residual_and_feasibility
990,0.5584834406315371,IPOPT,1.0,1.0e-10,27.235031127929688,70870.349437621,70870.34943714968,6.650481986822415e-10,9.999823746831282e-9,NaN,38,INTERRUPTED,gap_and_residual
990,0.5584834406315371,sMEL-ADMM,1.0,0.01,9.152583,71008.18031099546,70870.34943714968,0.1944831300260748,7.08988423525625e-13,0.004279125477378187,104,converged,gap_residual_and_feasibility
991,0.6626264699469292,IPOPT,1.0,1.0e-10,32.89294242858887,66868.71499826628,66868.71499779148,7.100478752834344e-10,9.999821748429838e-9,NaN,41,INTERRUPTED,gap_and_residual
991,0.6626264699469292,sMEL-ADMM,1.0,0.01,9.729327,67230.34794442718,66868.71499779148,0.5408103724554034,7.082112674083874e-13,0.009237366632010025,103,converged,gap_residual_and_feasibility
992,0.3125275493745688,IPOPT,1.0,1.0e-10,34.481048583984375,80321.05940339313,80321.05940292418,5.838444159419012e-10,9.999821970474443e-9,NaN,40,INTERRUPTED,gap_and_residual
992,0.3125275493745688,sMEL-ADMM,1.0,0.01,5.146000000000001,80471.2266580459,80321.05940292418,0.1869587580617155,7.077671781985373e-13,0.0044974775038912895,105,converged,gap_residual_and_feasibility
993,0.3053777267085338,IPOPT,1.0,1.0e-10,28.94115447998047,80595.78711972438,80595.78711925619,5.809153769597133e-10,9.999823136208619e-9,NaN,39,INTERRUPTED,gap_and_residual
993,0.3053777267085338,sMEL-ADMM,1.0,0.01,9.935248000000001,80749.9047794271,80595.78711925619,0.19122297291156243,7.088774012231625e-13,0.004563597711742418,105,converged,gap_residual_and_feasibility
994,0.2722948924383902,IPOPT,1.0,1.0e-10,29.674053192138672,81866.97550206019,81866.97550159201,5.718774460321212e-10,9.999822858652863e-9,NaN,35,INTERRUPTED,gap_and_residual
994,0.2722948924383902,sMEL-ADMM,1.0,0.01,7.3457490000000005,82036.85169408748,81866.97550159201,0.207502709675858,7.076561558960748e-13,0.004826828905379443,105,converged,gap_residual_and_feasibility
995,0.6392393060452219,IPOPT,1.0,1.0e-10,32.4249267578125,67767.35296878795,67767.3529683134,7.00267144467281e-10,9.99982135985178e-9,NaN,41,INTERRUPTED,gap_and_residual
995,0.6392393060452219,sMEL-ADMM,1.0,0.01,7.386539999999999,68133.63745309933,67767.3529683134,0.5405028656751649,7.085443343157749e-13,0.009360029292588501,103,converged,gap_residual_and_feasibility
996,0.4118128035667213,IPOPT,1.0,1.0e-10,31.198978424072266,76506.08210623614,76506.0821057636,6.176368966878913e-10,9.999821581896384e-9,NaN,40,INTERRUPTED,gap_and_residual
996,0.4118128035667213,sMEL-ADMM,1.0,0.01,8.27654,76833.37840526582,76506.0821057636,0.42780428757252087,7.075451335936123e-13,0.008357652535141868,104,converged,gap_residual_and_feasibility
997,0.35221804195385803,IPOPT,1.0,1.0e-10,29.08492088317871,78795.97565017332,78795.97564970083,5.996323183437062e-10,9.999821248829477e-9,NaN,38,INTERRUPTED,gap_and_residual
997,0.35221804195385803,sMEL-ADMM,1.0,0.01,7.6548,79177.17002671321,78795.97564970083,0.483773915951028,7.069900220812997e-13,0.009761229264132698,104,converged,gap_residual_and_feasibility
998,0.580188481384609,IPOPT,1.0,1.0e-10,28.86795997619629,70036.34605634725,70036.34605587558,6.734663569123831e-10,9.999823524786677e-9,NaN,38,INTERRUPTED,gap_and_residual
998,0.580188481384609,sMEL-ADMM,1.0,0.01,7.15596,70421.9308363504,70036.34605587558,0.5505495391881187,7.110978472724128e-13,0.009864422730042843,103,converged,gap_residual_and_feasibility
999,0.47417181335465736,IPOPT,1.0,1.0e-10,31.164884567260742,74109.97395754943,74109.97395707548,6.395304891922156e-10,9.999820749229116e-9,NaN,40,INTERRUPTED,gap_and_residual
999,0.47417181335465736,sMEL-ADMM,1.0,0.01,10.288207,74352.9402864621,74109.97395707548,0.32784565479316463,7.093214904330125e-13,0.006160745652123323,104,converged,gap_residual_and_feasibility
1000,0.48467668361493044,IPOPT,1.0,1.0e-10,35.019874572753906,73706.33051745678,73706.33051698316,6.425787060834968e-10,9.999822359052501e-9,NaN,40,INTERRUPTED,gap_and_residual
1000,0.48467668361493044,sMEL-ADMM,1.0,0.01,6.360836,73928.1986801733,73706.33051698316,0.3010164278074048,7.076561558960748e-13,0.005660049296828618,104,converged,gap_residual_and_feasibility
