sample,x0,solve_time_ms,dc3_objective,clarabel_J_ref,opt_gap_pct,correction_steps,eq_max,ineq_max,domain_max
1,0.2757921849194162,2.1864580048713833,74694.36837026969,73117.54154351077,2.156564339380281,10,7.105427357601002e-15,0.0,-6.154712733539114
2,0.461889806461838,2.3335409932769835,74563.02380317185,73117.54152617053,1.976929539519514,10,1.7763568394002505e-14,0.0,-6.5468348644176775
3,0.4357974476962958,2.0750420226249844,74808.28771769966,73117.54152704688,2.312367395486556,10,1.0658141036401503e-14,0.0,-6.778352616694958
4,0.38537641182373616,2.133250003680587,75457.42516874368,73117.54152203407,3.200167289547727,10,7.105427357601002e-15,0.0,-7.151722398766987
5,0.25796867475512036,2.1725419792346656,74593.18133467906,73117.5415511755,2.0181747802211722,10,7.105427357601002e-15,0.0,-5.946233867629165
6,0.7208970006295407,2.1121669851709157,76100.59996077039,73117.54152056047,4.079812283309732,10,1.4210854715202004e-14,0.0,-6.835759905542262
7,0.6358466462547939,2.064000000245869,77793.04109015714,73117.54165613756,6.3944975830941635,10,7.105427357601002e-15,0.0,-7.937993261016706
8,0.6985131866188585,2.105541992932558,76245.8282336285,73117.54151994463,4.278435309303387,10,2.842170943040401e-14,0.0,-7.139783293337426
9,0.46885009045376125,2.104290993884206,75020.7550474148,73117.54152589556,2.6029506487785707,10,1.4210854715202004e-14,0.0,-6.801533246973686
10,0.40015212307604836,2.0589170162566006,75570.64496771788,73117.5415176077,3.355013583873634,10,1.4210854715202004e-14,0.0,-7.214430298523967
11,0.7193853112471236,2.028542017797008,76104.35905707376,73117.54152052372,4.0849534522596755,10,1.4210854715202004e-14,0.0,-6.858548923621236
12,0.5267441347098047,2.068208996206522,74639.52613748898,73117.54152614778,2.081558788183441,10,1.4210854715202004e-14,0.0,-6.365225728983199
13,0.2569077543027698,2.1703749953303486,74587.53602544361,73117.54155127703,2.010453911576993,10,1.4210854715202004e-14,0.0,-5.933827817149288
14,0.26346455923970324,2.0602080039680004,74623.98361821094,73117.54154968838,2.060301859983671,10,1.4210854715202004e-14,0.0,-6.010507268987822
15,0.675422755642642,2.171666012145579,76617.54641823322,73117.54151913585,4.786819723939125,10,1.4210854715202004e-14,0.0,-7.4366191116182145
16,0.4329462404269192,2.1257920016068965,75266.60008586285,73117.54153199977,2.9391832778219875,10,1.0658141036401503e-14,0.0,-7.031961764007726
17,0.2779516321195472,2.0328329992480576,74706.87921048126,73117.54154221853,2.1736749277121605,10,1.4210854715202004e-14,0.0,-6.179978151885176
18,0.35417114365979185,1.9610409799497575,75224.914780926,73117.54152237049,2.882171931219481,10,7.105427357601002e-15,0.0,-6.965699063028602
19,0.591016545349401,2.109541994286701,79789.69779014532,73117.54157019268,9.125246933456292,10,1.0658141036401503e-14,0.0,-8.402188226392855
20,0.5330147075864293,2.082791004795581,75359.01668224635,73117.5415280975,3.0655778453485074,10,7.105427357601002e-15,0.0,-6.852922168109859
21,0.4724846693080612,2.0437090133782476,74643.36033734938,73117.54152568275,2.0868026739256265,10,1.4210854715202004e-14,0.0,-6.579031134606697
22,0.34714340215163997,2.098416007356718,75173.82847074959,73117.54151705872,2.8123031915824552,10,1.4210854715202004e-14,0.0,-6.9078441374788175
23,0.2702404435837083,2.3356250021606684,74662.45070691177,73117.54154649178,2.1129117961900605,10,7.105427357601002e-15,0.0,-6.089763977963357
24,0.509143559208959,2.1159169846214354,73707.7089369285,73117.54152483087,0.8071488726097307,10,7.105427357601002e-15,0.0,-5.329901003102001
25,0.608597687821486,2.002665976760909,78846.20557593403,73117.5416216292,7.834869481730773,10,2.4868995751603507e-14,0.0,-8.258457469078445
26,0.5156405416126328,2.1322919928934425,74002.2484157079,73117.54152509091,1.2099789902172697,10,1.4210854715202004e-14,0.0,-5.693463606306325
27,0.7328939743119018,2.1278749918565154,76075.83417173906,73117.54152083637,4.045941082496134,10,1.4210854715202004e-14,0.0,-6.654924065478242
28,0.3874249457193082,2.0523339917417616,75473.00339699368,73117.54152130889,3.221473023676996,10,7.105427357601002e-15,0.0,-7.16059345465432
29,0.39897867351998323,1.9796660053543746,75561.58156068865,73117.54151733428,3.34261791717238,10,2.1316282072803006e-14,0.0,-7.210078855175186
30,0.37412909015079604,2.038292004726827,75372.5776831457,73117.5415220295,3.084124704106457,10,1.4210854715202004e-14,0.0,-7.102249037518827
31,0.44054030536947375,2.0853330206591636,74124.91376938928,73117.54152744131,1.3777435905307396,10,7.105427357601002e-15,0.0,-6.312929937431611
32,0.6219976619441033,2.01124997693114,78286.94946509652,73117.54164426858,7.069996753963828,10,1.7763568394002505e-14,0.0,-8.104075822155783
33,0.6603922323320581,2.0425000111572444,76993.54139067973,73117.54165772535,5.301053133184571,10,1.0658141036401503e-14,0.0,-7.629870988517758
34,0.3928217334956574,2.071374998195097,75514.22565964072,73117.54152401719,3.277851095193471,10,1.4210854715202004e-14,0.0,-7.183964219294507
35,0.27881544293397387,2.068125002551824,74711.89864979552,73117.54154168651,2.1805398191622922,10,1.0658141036401503e-14,0.0,-6.1900850659851825
36,0.5816818806183403,1.9970409921370447,81007.62748330281,73117.54153881577,10.790961756145,10,7.105427357601002e-15,0.0,-8.42879445692257
37,0.28534507615587235,2.11087497882545,74750.1124441968,73117.54153720097,2.2328033364814384,10,1.4210854715202004e-14,0.0,-6.266490897790884
38,0.7267954993753094,2.077583980280906,76085.98471390412,73117.5415206899,4.0598235819707424,10,1.4210854715202004e-14,0.0,-6.746844332956743
39,0.4508793717567228,2.0454589975997806,73734.750874213,73117.54152654941,0.8441330695445777,10,7.105427357601002e-15,0.0,-5.960462664433228
40,0.6116850634187863,1.96358299581334,78708.288107635,73117.54162839732,7.646245148190754,10,7.105427357601002e-15,0.0,-8.22346174529033
41,0.4868256657990442,2.0929160236846656,73425.83527899825,73117.54152448793,0.42164130259640686,10,1.4210854715202004e-14,0.0,-5.405461130119945
42,0.6930088414984616,2.2233329946175218,76297.47595715194,73117.54151979553,4.349071879687704,10,3.197442310920451e-14,0.0,-7.210538003698879
43,0.6545689732203787,2.0438329956959933,77164.56481268039,73117.54165888643,5.534955172145198,10,1.4210854715202004e-14,0.0,-7.704747438326904
44,0.28576540787769134,1.9934579904656857,74752.58883703765,73117.54153689156,2.236190202485305,10,2.1316282072803006e-14,0.0,-6.271409756381953
45,0.7041459771315879,1.9550829892978072,76198.90251080599,73117.54152010125,4.214256834466483,10,7.105427357601002e-15,0.0,-7.0673816232986715
46,0.39495427032477404,1.965041010407731,75530.59009245981,73117.54152499397,3.300232088138497,10,1.4210854715202004e-14,0.0,-7.193199275189104
47,0.5214327740944773,1.9427500083111227,74277.09565622972,73117.54152536561,1.5858768042164602,10,1.4210854715202004e-14,0.0,-6.03185247912594
48,0.3161929620779189,2.1190840052440763,74954.76388598478,73117.54152550924,2.512697120477679,10,2.1316282072803006e-14,0.0,-6.599525850212387
49,0.3290178857468601,2.05199999618344,75044.34774084415,73117.54152306149,2.6352174562309987,10,1.4210854715202004e-14,0.0,-6.733981165413555
50,0.6960363289468714,1.9844170019496232,76268.82022389417,73117.54151988037,4.3098805546641445,10,1.0658141036401503e-14,0.0,-7.171621182399646
51,0.5861669802270939,1.9494160078465939,80323.99367892405,73117.54154898875,9.855982541627128,10,1.4210854715202004e-14,0.0,-8.416717300386692
52,0.7029108507999683,1.9862909975927323,76208.85557772953,73117.54152005995,4.2278692546322345,10,5.684341886080802e-14,0.0,-7.083257078422266
53,0.2750178068860151,1.9919580081477761,74689.89499874183,73117.54154395242,2.150446283596988,10,7.105427357601002e-15,0.0,-6.145652880828688
54,0.5747040421967808,1.950250007212162,83055.35076935406,73117.54153651287,13.591552757389307,10,1.4210854715202004e-14,0.0,-8.67966650184803
55,0.451339088841107,1.9547079864423722,73748.69681843618,73117.54152653155,0.8632063916913844,10,7.105427357601002e-15,0.0,-5.976019043582724
56,0.7226966482718395,2.0402499940246344,76095.97409119406,73117.5415206024,4.073485662469135,10,2.1316282072803006e-14,0.0,-6.808630589717892
57,0.4962443575910711,2.017334016272798,73281.03551699873,73117.54152458195,0.2236043348938619,10,1.7763568394002505e-14,0.0,-4.978942540927065
58,0.3374662042179045,2.007041999604553,75104.28689489386,73117.54152135667,2.7171938938303604,10,1.0658141036401503e-14,0.0,-6.822564528999783
59,0.6115661856852312,1.9735409878194332,78713.5068924135,73117.54162815133,7.653382676240905,10,7.105427357601002e-15,0.0,-8.22480923075857
60,0.29616698039461326,2.0564590231515467,74818.39728322823,73117.54153113911,2.3261938468825063,10,2.1316282072803006e-14,0.0,-6.386416235077871
61,0.7023878301046271,2.017916995100677,76213.09435024482,73117.54152004194,4.233666457937969,10,1.4210854715202004e-14,0.0,-7.089979686846368
62,0.7249969404162471,1.979207998374477,76090.25862247634,73117.54152065262,4.065668839513766,10,1.4210854715202004e-14,0.0,-6.773955350421208
63,0.48781234582387767,1.989332988159731,73391.93971583822,73117.541524419,0.37528366750075404,10,1.4210854715202004e-14,0.0,-5.319102620189997
64,0.5406903974996202,2.0442499953787774,76502.32968458426,73117.54152936599,4.629242291822467,10,3.197442310920451e-14,0.0,-7.40697984080066
65,0.39288181146734297,2.147749997675419,75514.68612738792,73117.54152403976,3.278480858878473,10,1.4210854715202004e-14,0.0,-7.184224389028873
66,0.5627048085520532,1.6218749806284904,85537.7292341961,73117.54153929862,16.986604627867557,8,7.105427357601002e-15,0.0,-8.006589485839598
67,0.6569580530278702,1.964750001206994,77091.60298188546,73117.54165810319,5.4351681329289425,10,1.4210854715202004e-14,0.0,-7.674027929275567
68,0.47822060822139323,1.9549159915186465,74028.34206201552,73117.5415251794,1.2456662489431045,10,1.4210854715202004e-14,0.0,-6.158407952744857
69,0.290607237923707,2.030625008046627,74781.33530751063,73117.54153369731,2.2755056295848437,10,1.4210854715202004e-14,0.0,-6.327251418926312
70,0.314471201230871,1.9641669932752848,74942.86725419405,73117.54152582333,2.496426562326443,10,1.4210854715202004e-14,0.0,-6.581243278209849
71,0.574193741399072,1.9770840008277446,83443.41656406998,73117.54153686712,14.122295156759847,10,1.4210854715202004e-14,0.0,-8.707891207471821
72,0.6458490394516732,1.9442499906290323,77447.06904975728,73117.54166032173,5.9213251582623,10,1.4210854715202004e-14,0.0,-7.815044259721749
73,0.2971031068627258,1.9259999971836805,74824.67109695385,73117.54153070573,2.334774296987568,10,1.4210854715202004e-14,0.0,-6.396378753608895
74,0.6598603640769429,1.9206670112907887,77008.05621598559,73117.54165776975,5.320904491600099,10,2.842170943040401e-14,0.0,-7.636709730285992
75,0.3793683115619419,1.9492499995976686,75411.95737177215,73117.54152332139,3.137982761248808,10,1.4210854715202004e-14,0.0,-7.12570503125195
76,0.6082901571998751,1.957791013410315,78860.22199477404,73117.54162091085,7.854039190262983,10,7.105427357601002e-15,0.0,-8.261943378269798
77,0.7098282452565958,1.941875001648441,76156.4924452724,73117.54152027622,4.156254247352448,10,5.3290705182007514e-14,0.0,-6.99434852626375
78,0.4365619816606586,1.9423330086283386,74681.48303427582,73117.54152713958,2.1389415924983552,10,1.4210854715202004e-14,0.0,-6.7003414324022055
79,0.5079668477555298,1.9632500188890845,73638.23937545647,73117.54152481127,0.7121380721868351,10,1.7763568394002505e-14,0.0,-5.270751971504994
80,0.5598125186475604,1.9702499848790467,87234.67522690166,73117.54153853198,19.30745125084674,10,2.4868995751603507e-14,0.0,-8.070856354990207
81,0.2851026186558792,1.9414169946685433,74748.684901931,73117.54153738476,2.2308509425364638,10,1.7763568394002505e-14,0.0,-6.26365360216673
82,0.634837436219009,1.9326250185258687,77828.41932524077,73117.54165541855,6.442883011607804,10,1.7763568394002505e-14,0.0,-7.950398740293728
83,0.5772616859633901,1.9942499930039048,81952.85701539724,73117.54153437747,12.083715201044745,10,7.105427357601002e-15,0.0,-8.526704743908782
84,0.7338694255220637,1.961791975190863,76076.14471820008,73117.54152087994,4.046365804675294,10,7.105427357601002e-15,0.0,-6.64022240262127
85,0.667927226597046,1.9268339965492487,76798.90744920024,73117.54151874775,5.034860108786027,10,7.105427357601002e-15,0.0,-7.532988838562258
86,0.2860748221638096,1.925709017086774,74754.41302257447,73117.54153665903,2.2386850699770346,10,1.4210854715202004e-14,0.0,-6.275030652357623
87,0.5781820038530925,1.957083004526794,81706.09235614806,73117.54153347193,11.746224835451343,10,7.105427357601002e-15,0.0,-8.481238600645439
88,0.432012774600436,1.9409999949857593,75413.82659027376,73117.54153080477,3.1405392076832337,10,1.4210854715202004e-14,0.0,-7.108905727842561
89,0.7058821427020365,1.9363750179763883,76185.02431369375,73117.5415201571,4.195276167335306,10,2.1316282072803006e-14,0.0,-7.045066522871718
90,0.6402641737169238,1.9241669797338545,77638.79977099283,73117.54165827825,6.183547764563953,10,4.263256414560601e-14,0.0,-7.883692490198017
91,0.29970048240485025,1.9757919944822788,74842.1285398966,73117.5415294996,2.3586501601687484,10,1.4210854715202004e-14,0.0,-6.424021611306465
92,0.6147237871639953,1.9555839826352894,78577.2129715275,73117.54163396906,7.466978806385326,10,7.105427357601002e-15,0.0,-8.189017816530514
93,0.7082726144124791,1.939750014571473,76167.1694422556,73117.5415202305,4.17085675833523,10,2.4868995751603507e-14,0.0,-7.0143422773284065
94,0.44084583992997217,1.9347920024301857,74092.21127343061,73117.54152741855,1.3330176666929767,10,7.105427357601002e-15,0.0,-6.286598272270426
95,0.5235754725976552,1.9845000060740858,74397.83171176782,73117.54152546356,1.7510027820866991,10,1.4210854715202004e-14,0.0,-6.159560647687213
96,0.3680746880558915,1.935040985699743,75327.3873636185,73117.5415225338,3.022319671954049,10,1.4210854715202004e-14,0.0,-7.065252902340142
97,0.4269410598146789,1.9199580128770322,75752.23476161575,73117.54152777266,3.603366823872684,10,1.4210854715202004e-14,0.0,-7.286393063176643
98,0.378486962244526,1.9338340207468718,75405.31525716261,73117.54152315157,3.128898601283877,10,2.1316282072803006e-14,0.0,-7.121888497810864
99,0.3831254691752507,1.9779999856837094,75440.35184666861,73117.5415232533,3.1768167734094215,10,7.105427357601002e-15,0.0,-7.1419748948928845
100,0.3008810287993232,1.954499981366098,74850.08835287008,73117.54152895407,2.3695364856187537,10,7.105427357601002e-15,0.0,-6.436586120327938
101,0.5797498022421723,1.9398749864194542,81357.78695821093,73117.54153456067,11.26986117244562,10,7.105427357601002e-15,0.0,-8.440754396150226
102,0.47987287140637647,1.9326250185258687,73883.09213163442,73117.54152503709,1.0470136038903737,10,7.105427357601002e-15,0.0,-6.0265303550464395
103,0.5766759856623691,1.9363329920452088,82140.6131568019,73117.5415349229,12.34050192670844,10,7.105427357601002e-15,0.0,-8.566440262051064
104,0.3265965602468832,2.252416015835479,75027.30416399574,73117.54152354145,2.6119076225222937,10,1.4210854715202004e-14,0.0,-6.708594470529781
105,0.2877345631746934,2.201416005846113,74764.21648239983,73117.54153544988,2.2520928799986852,10,1.4210854715202004e-14,0.0,-6.29445405935061
106,0.4076044662419486,2.162791002774611,75628.48499031803,73117.54151787437,3.434119118775117,10,1.4210854715202004e-14,0.0,-7.24206576722834
107,0.3942240235967547,2.446416998282075,75524.98186618893,73117.54152466939,3.292561937011088,10,2.1316282072803006e-14,0.0,-7.190036898464398
108,0.30435898329264405,2.1244590170681477,74873.64148638194,73117.54152784761,2.4017491860903086,10,1.4210854715202004e-14,0.0,-6.473603315642046
109,0.7218622827320706,2.0819999917875975,76098.11511865759,73117.54152058336,4.076413861966583,10,6.039613253960852e-14,0.0,-6.821208377652162
110,0.27564386083149683,2.0362079958431423,74693.5110092737,73117.54154360094,2.1553917601742603,10,7.105427357601002e-15,0.0,-6.152977399047594
111,0.2982344394171331,2.007834002142772,74832.26596414349,73117.54153018128,2.3451615003417645,10,2.1316282072803006e-14,0.0,-6.408418930986486
112,0.45835896323861985,2.006375027121976,74194.47883572098,73117.5415262612,1.4728850108738762,10,7.105427357601002e-15,0.0,-6.33288923740054
113,0.4028724498439614,1.9995420007035136,75591.7023424065,73117.5415180781,3.3838129304671303,10,1.4210854715202004e-14,0.0,-7.224518001602879
114,0.2651071537834009,2.0199580176267773,74633.25922739776,73117.54154895684,2.0729877486732162,10,1.4210854715202004e-14,0.0,-6.029719127022016
115,0.6275672376912599,1.97199999820441,78084.91581002212,73117.54164991296,6.793683222957584,10,2.4868995751603507e-14,0.0,-8.038540181827878
116,0.4394295920828867,1.9499589980114251,74257.15545049455,73117.54152751669,1.5586053622289626,10,1.7763568394002505e-14,0.0,-6.416916440705801
117,0.5018577763993984,1.9449999963399023,73358.10696206712,73117.5415246968,0.32901193387233785,10,1.4210854715202004e-14,0.0,-5.043202281262464
118,0.4074662632732624,2.019042003666982,75627.40797244769,73117.54151790685,3.432646123538167,10,7.105427357601002e-15,0.0,-7.241553265157134
119,0.37918253846973027,1.9888329843524843,75410.55673933271,73117.54152328924,3.136067171122131,10,1.4210854715202004e-14,0.0,-7.124900571469165
120,0.5117878545049801,1.952458987943828,73828.77031822345,73117.54152490976,0.9727197858141818,10,1.0658141036401503e-14,0.0,-5.471629140699171
121,0.41234322892859876,1.9409579981584102,75665.51358314106,73117.54151838864,3.484761675297333,10,1.4210854715202004e-14,0.0,-7.259638771437232
122,0.6155623400488857,2.030834002653137,78541.78434440948,73117.54163526878,7.4185244577811105,10,1.7763568394002505e-14,0.0,-8.179512878525435
123,0.48329812891880236,1.9768330093938857,73608.95800887019,73117.54152472611,0.6720910931857546,10,1.0658141036401503e-14,0.0,-5.733468237170148
124,0.7355612417107447,1.974832994164899,76077.29391202473,73117.54152095348,4.047937511989601,10,2.4868995751603507e-14,0.0,-6.614724608578509
125,0.5690418971693729,1.968333002878353,91117.9170665553,73117.54153916519,24.618409137495764,10,2.842170943040401e-14,0.0,-8.203371892321004
126,0.6637632426879798,1.9961250072810799,76902.49007548747,73117.54166316029,5.176525805207973,10,3.907985046680551e-14,0.0,-7.586527201297047
127,0.7388445526608314,1.9821670139208436,76069.49726077315,73117.54152108429,4.037274337017506,10,7.105427357601002e-15,0.0,-6.553960309292243
128,0.45898745728186313,1.9723329751286656,74255.24143795414,73117.54152624251,1.5559876439545024,10,1.0658141036401503e-14,0.0,-6.369944477990273
129,0.5535071590473105,1.946667005540803,79112.85819238037,73117.541533934,8.199559958760291,10,1.4210854715202004e-14,0.0,-8.114380540237976
130,0.5917079739877212,1.9630829920060933,79732.88873879185,73117.54157360102,9.047551412176166,10,7.105427357601002e-15,0.0,-8.399542159894851
131,0.31860673180842025,1.9574589969124645,74971.49436295942,73117.5415250669,2.5355787396885137,10,7.105427357601002e-15,0.0,-6.624829802181895
132,0.6178959239946523,1.9760830036830157,78444.74366077325,73117.54163885914,7.2858057075087865,10,1.0658141036401503e-14,0.0,-8.152340661904814
133,0.4200899438600634,1.9688750035129488,75726.4636889274,73117.54152321102,3.5681207428017463,10,1.4210854715202004e-14,0.0,-7.284203455778119
134,0.7189283106497677,1.959375018486753,76105.65248915351,73117.54152051215,4.086722428711693,10,6.039613253960852e-14,0.0,-6.865438406698623
135,0.5448136363032521,1.970916986465454,77314.34722565187,73117.5415299042,5.739806902603832,10,1.0658141036401503e-14,0.0,-7.70028061409723
136,0.5887466682633147,1.9361249869689345,79993.11116410313,73117.54155776158,9.403447462617397,10,7.105427357601002e-15,0.0,-8.408988667851364
137,0.6380105225406667,1.9307920010760427,77717.26146731063,73117.54165724177,6.290856757235198,10,2.1316282072803006e-14,0.0,-7.911394502116119
138,0.44130812713571643,1.928582991240546,74045.72669767664,73117.5415273803,1.2694425317196554,10,1.4210854715202004e-14,0.0,-6.248301848159681
139,0.45588925717142537,1.9386660133022815,73988.75598846005,73117.54152632022,1.1915259238116214,10,1.7763568394002505e-14,0.0,-6.184487021887654
140,0.6693401920646663,1.9295000238344073,76764.38522113369,73117.54151882711,4.987645408410714,10,2.1316282072803006e-14,0.0,-7.514822000583795
141,0.3727969546091309,1.916582987178117,75362.605266094,73117.54152219354,3.070485819355694,10,2.1316282072803006e-14,0.0,-7.094108768475115
142,0.311423540877235,1.932167011545971,74921.88954320244,73117.54152635047,2.46773616725299,10,1.4210854715202004e-14,0.0,-6.548800542911703
143,0.3689221073740136,1.9405830244068056,75333.69199521537,73117.5415224917,3.030942269909287,10,1.7763568394002505e-14,0.0,-7.070431088101891
144,0.6667713250013764,1.9417500006966293,76827.1791021848,73117.54166829691,5.07352592722132,10,3.907985046680551e-14,0.0,-7.547850675996965
145,0.3266490723847228,1.9293329969514161,75027.67313576605,73117.54152353248,2.612412250784998,10,1.4210854715202004e-14,0.0,-6.709145032421416
146,0.5075056707994856,1.930291997268796,73615.12428120757,73117.54152480313,0.6805244624310007,10,2.1316282072803006e-14,0.0,-5.247269197097311
147,0.49906318086579204,1.9479170150589198,73261.61777692825,73117.54152463924,0.19704745165763476,10,1.4210854715202004e-14,0.0,-5.005083983002068
148,0.4998892561353326,1.949875004356727,73271.8226313063,73117.54152465696,0.21100423158691378,10,1.4210854715202004e-14,0.0,-5.010676952528857
149,0.6734987759783353,1.9344169995747507,76663.21821170837,73117.54151904341,4.849283248591569,10,7.105427357601002e-15,0.0,-7.461355141410579
150,0.4922995388024325,1.9235000072512776,73324.29547978687,73117.5415244972,0.28276929308462495,10,1.4210854715202004e-14,0.0,-5.0409328393387
151,0.40583408077264727,1.9523750233929604,75614.7008235371,73117.54151814713,3.415267052941321,10,1.4210854715202004e-14,0.0,-7.235500609801755
152,0.6976975420004319,1.9219160021748394,76253.34116488646,73117.54151992392,4.28871045138745,10,4.973799150320701e-14,0.0,-7.150267620319026
153,0.5384875751927349,1.9409999949857593,76140.51413813788,73117.54152907597,4.134401329480957,10,1.4210854715202004e-14,0.0,-7.2490259360570946
154,0.45177540245187103,1.9497080065775663,73763.55620765248,73117.54152651093,0.8835289968103144,10,7.105427357601002e-15,0.0,-5.991770901076759
155,0.31513095618435905,1.9505840027704835,74947.4222060726,73117.5415257042,2.5026561919140984,10,1.4210854715202004e-14,0.0,-6.588266648509013
156,0.7141190813251967,1.919041998917237,76127.89987845378,73117.54152039305,4.117149312550566,10,3.197442310920451e-14,0.0,-6.937662872992053
157,0.7370589912366,2.031750016612932,76074.05200912833,73117.54152101483,4.043503688186445,10,7.105427357601002e-15,0.0,-6.58957059056438
158,0.6471971870200113,2.0658749854192138,77401.43324148058,73117.54166027764,5.858910849474364,10,5.3290705182007514e-14,0.0,-7.798473337035021
159,0.29212223256792536,2.0078330126125365,74791.40039008413,73117.54153299947,2.2892712500860206,10,1.4210854715202004e-14,0.0,-6.343372850617579
160,0.5732602740042714,1.976333005586639,84302.90801068518,73117.54153745729,15.297787969932969,10,7.105427357601002e-15,0.0,-8.755078114519286
161,0.6887062912795798,1.9952080037910491,76339.4260556032,73117.54151966148,4.406445387766963,10,2.4868995751603507e-14,0.0,-7.265847030795352
162,0.3405058283806921,1.9724580051843077,75126.02912811065,73117.54152009814,2.746929897062292,10,1.4210854715202004e-14,0.0,-6.853204291557701
163,0.6410086425406687,1.9401249883230776,77613.19328313394,73117.5416586799,6.1485267727410715,10,1.4210854715202004e-14,0.0,-7.87454149916443
164,0.4283971321810758,1.9356250122655183,75725.17687603063,73117.54152886283,3.5663608111583573,10,1.4210854715202004e-14,0.0,-7.270188012495661
165,0.4914159706602118,1.9466669764369726,73327.93545799999,73117.54152447438,0.2877475488630729,10,1.4210854715202004e-14,0.0,-5.072638589239861
166,0.42724344108893303,1.956749998498708,75748.46952277885,73117.54152798586,3.598217253770763,10,1.4210854715202004e-14,0.0,-7.284088803942374
167,0.7169519236985269,1.963957998668775,76112.18568158391,73117.54152046304,4.09565762038481,10,8.526512829121202e-14,0.0,-6.8952338678891705
168,0.6743571387965814,2.1022910077590495,76642.82061455211,73117.54151908532,4.821386253183321,10,2.4868995751603507e-14,0.0,-7.450319383917789
169,0.565857985129107,2.50716699520126,86314.8168548999,73117.54153947961,18.049396953936764,13,7.105427357601002e-15,0.0,-7.955353121320977
170,0.32998097121127085,1.963291986612603,75051.14427897427,73117.54152286929,2.6445128157108564,10,1.4210854715202004e-14,0.0,-6.744078972069155
171,0.35567104558956225,1.9826659990940243,75235.88092079374,73117.54152254318,2.897169891300915,10,7.105427357601002e-15,0.0,-6.978047217689473
172,0.28202174125693824,2.142499986803159,74730.60287499835,73117.54153956423,2.2061208589204053,10,7.105427357601002e-15,0.0,-6.227601792189778
173,0.6248570478655331,2.0212919916957617,78181.27293123919,73117.54164741981,6.92546709001405,10,1.7763568394002505e-14,0.0,-8.070430059756694
174,0.6416488968442173,1.977374980924651,77591.26284560323,73117.54165904781,6.118533371125476,10,1.0658141036401503e-14,0.0,-7.866671535744817
175,0.6220200755047736,1.94695801474154,78286.10627256503,73117.54164412813,7.068843552745421,10,2.1316282072803006e-14,0.0,-8.103812085391647
176,0.4698354525371878,1.9780410220846534,74923.17362928425,73117.54152584853,2.4694923622362177,10,1.0658141036401503e-14,0.0,-6.746163036269673
177,0.536151780727208,2.009541989536956,75789.12724756093,73117.54152870901,3.6538232317383623,10,4.973799150320701e-14,0.0,-7.081368478577563
178,0.6598428622803751,1.9767500052694231,77008.5341001029,73117.54165793523,5.321558074765211,10,2.4868995751603507e-14,0.0,-7.636934768104554
179,0.6795250761123668,1.9727920007426292,76520.87177095035,73117.54151931824,4.654601592058351,10,1.4210854715202004e-14,0.0,-7.383878024453436
180,0.5521094226704861,2.0185419998597354,78573.66631010201,73117.54153248758,7.462128325512921,10,7.105427357601002e-15,0.0,-8.081823158916078
181,0.5782370790652038,1.982040994334966,81693.1887538274,73117.54153341455,11.728577083645243,10,7.105427357601002e-15,0.0,-8.479318168632307
182,0.40371497167649495,1.9572500023059547,75598.23717634431,73117.54151815367,3.3927503669892034,10,1.4210854715202004e-14,0.0,-7.227642314186449
183,0.40205388529910463,1.9443329947534949,75585.3592458105,73117.54151796861,3.3751377256515425,10,1.4210854715202004e-14,0.0,-7.221482536335069
184,0.7257182585068565,1.9744169840123504,76088.53118236072,73117.54152066795,4.0633062872511525,10,3.197442310920451e-14,0.0,-6.763082283697257
185,0.5729808186226945,1.9569159776438028,84603.50422334141,73117.54153761143,15.708901645471279,10,1.0658141036401503e-14,0.0,-8.759121072754779
186,0.6571502256703907,1.9771669758483768,77085.82246936092,73117.54165807817,5.427262352226969,10,3.197442310920451e-14,0.0,-7.6715569343585726
187,0.2988907238023391,1.9457919988781214,74836.6781260889,73117.54152987963,2.3511958419810095,10,1.4210854715202004e-14,0.0,-6.415403530484958
188,0.5787092273436174,1.9634589843917638,81582.03755690451,73117.54153290796,11.576559942441376,10,1.0658141036401503e-14,0.0,-8.46388452982044
189,0.31471485360840035,1.9208329904358834,74944.5488999351,73117.54152577945,2.4987264834547025,10,2.1316282072803006e-14,0.0,-6.583837052782343
190,0.4416232078614311,1.9480829942040145,74015.06619343362,73117.54152735852,1.2275093600340372,10,1.4210854715202004e-14,0.0,-6.2224780061849625
191,0.6005352047199224,1.9617920042946935,79148.26543612391,73117.5416037147,8.247984957009045,10,1.7763568394002505e-14,0.0,-8.33634645539095
192,0.7076531391607754,1.9793749961536378,76171.41079126572,73117.54152021186,4.176657485412963,10,7.105427357601002e-15,0.0,-7.022304185880166
193,0.5291165347789952,1.9496660097502172,74896.5323100766,73117.54152673,2.4330560713618126,10,1.7763568394002505e-14,0.0,-6.55308106316702
194,0.5486329482967962,1.9508750119712204,78025.06174757429,73117.54153030453,6.711823338912146,10,2.1316282072803006e-14,0.0,-7.951047096133127
195,0.6737921697574221,1.9396659918129444,76656.24217765022,73117.54151905782,4.839742399804356,10,2.4868995751603507e-14,0.0,-7.45758304255986
196,0.727877071316607,1.9784160249400884,76083.46820126654,73117.54152071093,4.0563818460929735,10,7.105427357601002e-15,0.0,-6.730541409404044
197,0.47101899642154893,1.9430419779382646,74796.30862272385,73117.54152579104,2.2959840578620376,10,1.4210854715202004e-14,0.0,-6.673339894584835
198,0.4577939758609182,1.9820839806925505,74143.12163147828,73117.54152627644,1.4026457725377304,10,7.105427357601002e-15,0.0,-6.297513434201923
199,0.5179844692322875,1.984542002901435,74114.61811626647,73117.54152519774,1.3636626317983094,10,1.7763568394002505e-14,0.0,-5.831875839809091
200,0.679071389215045,1.95741601055488,76531.51451139663,73117.54151929883,4.669157251679073,10,3.907985046680551e-14,0.0,-7.389710722782652
201,0.48328035494737603,1.9818330183625221,73610.23074947346,73117.54152472684,0.6738317706975957,10,1.0658141036401503e-14,0.0,-5.735060503356505
202,0.4308406929861618,1.9572500023059547,75569.65671630396,73117.54153187414,3.3536619709250806,10,1.0658141036401503e-14,0.0,-7.188760767359565
203,0.40303175435807265,1.9710419874172658,75592.93747917518,73117.54151809536,3.3855021786628323,10,1.4210854715202004e-14,0.0,-7.225108747883023
204,0.39071587928589263,2.3171250068116933,75498.10836121738,73117.54152297202,3.255808098385575,10,1.4210854715202004e-14,0.0,-7.174844777401612
205,0.5899126705574803,2.4144590133801103,79878.14888529318,73117.54156442385,9.246218043193585,10,1.0658141036401503e-14,0.0,-8.405495380339792
206,0.6773622748625316,2.0625000179279596,76571.6790833191,73117.54151922459,4.724088764918788,10,3.197442310920451e-14,0.0,-7.411683659976357
207,0.7036203850888478,2.396458003204316,76203.12981371618,73117.5415200839,4.220038351241235,10,7.105427357601002e-15,0.0,-7.074137191877963
208,0.3438259543065081,2.0929580205120146,75149.88411156845,73117.54151851633,2.779555426569488,10,2.1316282072803006e-14,0.0,-6.880534853072344
209,0.6415128048922303,1.9728339975699782,77595.93056624693,73117.54165897617,6.124917230065229,10,1.7763568394002505e-14,0.0,-7.868344367005945
210,0.6727190039859672,2.0048340084031224,76682.04710652711,73117.54151900476,4.87503479120104,10,1.0658141036401503e-14,0.0,-7.471380536989191
211,0.5310794710330728,2.0124999864492565,75117.45538707756,73117.54152757797,2.7352039164846316,10,3.907985046680551e-14,0.0,-6.7090752429722285
212,0.30144837171134986,1.9801250018645078,74853.92143561022,73117.54152868935,2.374778843240446,10,1.4210854715202004e-14,0.0,-6.442624419111351
213,0.6339816357758634,1.952125021489337,77858.44013899528,73117.54165486875,6.483941304406324,10,7.105427357601002e-15,0.0,-7.960918510482067
214,0.7109586819183666,1.988167001400143,76148.83249082729,73117.54152030814,4.145778027393366,10,7.105427357601002e-15,0.0,-6.979819814979747
215,0.4813756678518224,2.0253750262781978,73754.51075021412,73117.54152490429,0.8711578808935708,10,7.105427357601002e-15,0.0,-5.901253086584274
216,0.41914775752880257,1.9489999976940453,75719.02166013942,73117.54152234248,3.557942572511152,10,1.4210854715202004e-14,0.0,-7.281537177785128
217,0.4467489922083813,1.9790419901255518,73711.73391705542,73117.54152688468,0.8126536775751066,10,1.4210854715202004e-14,0.0,-5.92161542956402
218,0.27903497922784426,1.9981669902335852,74713.17563853694,73117.54154153644,2.1822863068967555,10,2.1316282072803006e-14,0.0,-6.192653757429674
219,0.48174303509772726,1.9565410038921982,73725.06257686843,73117.54152486988,0.8308827667460641,10,7.105427357601002e-15,0.0,-5.869440539314432
220,0.5214706473936707,1.9591670134104788,74279.02946913907,73117.54152536394,1.5885216044527775,10,6.039613253960852e-14,0.0,-6.034042452752662
221,0.7335473554357355,1.9653750059660524,76076.00360902947,73117.54152086585,4.046172815205163,10,7.105427357601002e-15,0.0,-6.645076500334476
222,0.6916613307311289,1.9812079844996333,76310.43945215944,73117.54151975515,4.366801544526248,10,3.907985046680551e-14,0.0,-7.227859936779713
223,0.25539152868603804,1.9569170253816992,74580.42440739422,73117.54155131559,2.0007276298423546,10,1.4210854715202004e-14,0.0,-5.91609829106497
224,0.6193980909925685,1.9681660050991923,78385.36910005329,73117.54164093726,7.204601441587122,10,7.105427357601002e-15,0.0,-8.134664696914752
225,0.4249164772691855,1.9834999984595925,75754.32053583904,73117.54152635657,3.6062194576550395,10,1.0658141036401503e-14,0.0,-7.291270416995262
226,0.5242618047367972,2.054291981039569,74441.11025028989,73117.54152553552,1.8101931453646127,10,2.4868995751603507e-14,0.0,-6.2014901144433106
227,0.5096119509145286,2.066291985101998,73733.57071616063,73117.54152484133,0.842519015919045,10,1.0658141036401503e-14,0.0,-5.354974070372616
228,0.3473542550483387,2.02545800129883,75175.35399544926,73117.5415169787,2.814389592123678,10,1.0658141036401503e-14,0.0,-6.9095799074133115
229,0.26996113054038284,1.979958004085347,74660.8544097794,73117.54154663315,2.1107286028783485,10,1.4210854715202004e-14,0.0,-6.086496596539849
230,0.5346397293296712,2.0223750034347177,75577.07228850525,73117.5415284309,3.363803963674018,10,3.907985046680551e-14,0.0,-6.970818415357177
231,0.2927911249310339,1.967584015801549,74795.85251142748,73117.54153269347,2.2953602426355846,10,7.105427357601002e-15,0.0,-6.35049084551372
232,0.3301746232440883,1.9832089892588556,75052.51202658952,73117.54152283055,2.6463834306502085,10,1.4210854715202004e-14,0.0,-6.746109399163475
233,0.5144846310407235,1.947624987224117,73950.89728433554,73117.54152503729,1.1397480576024186,10,1.7763568394002505e-14,0.0,-5.624235231304656
234,0.5810940887675267,2.0084999850951135,81108.39190971828,73117.54153740482,10.92877332072985,10,7.105427357601002e-15,0.0,-8.42988982799185
235,0.4142308251692761,1.951666985405609,75680.31674664898,73117.54151936593,3.505007381305726,10,1.4210854715202004e-14,0.0,-7.2666387051837384
236,0.6736026595875437,2.0090409961994737,76660.74767463388,73117.54151904874,4.845904391714341,10,2.1316282072803006e-14,0.0,-7.460019531911772
237,0.41628705442669245,1.9611659809015691,75696.47689210811,73117.54152039252,3.5271089783514173,10,1.7763568394002505e-14,0.0,-7.273441750021662
238,0.28137939271995516,1.9649580062832683,74726.84634763344,73117.54154000996,2.200983202837683,10,2.1316282072803006e-14,0.0,-6.220085479476578
239,0.7465320160781802,1.9695420050993562,76082.69267252441,73117.54152132616,4.055321184908014,10,3.552713678800501e-14,0.0,-6.352296554227243
240,0.2998166579617305,1.9789999932982028,74842.91109140674,73117.54152944635,2.3597204253175628,10,2.1316282072803006e-14,0.0,-6.425258051868802
241,0.3372256878231097,1.9455830042716116,75102.5705791353,73117.54152140507,2.7148465558693697,10,1.4210854715202004e-14,0.0,-6.820042514367638
242,0.5037132504636119,1.9735419773496687,73452.14127339324,73117.54152473004,0.4576189812810206,10,2.842170943040401e-14,0.0,-5.089429128136286
243,0.46696383381739276,1.9390830129850656,75063.61538314476,73117.54152598401,2.6615690524402664,10,1.4210854715202004e-14,0.0,-6.823006894288184
244,0.45113638436686115,1.9311250071041286,73742.23767790059,73117.54152653861,0.854372477957614,10,7.105427357601002e-15,0.0,-5.968934871836213
245,0.47983283287436007,1.9334160024300218,73886.47657039997,73117.54152503923,1.0516423683329459,10,7.105427357601002e-15,0.0,-6.029755887715786
246,0.5550093267898306,2.0484580018091947,80716.7693123788,73117.54153546838,10.393166423988882,10,1.7763568394002505e-14,0.0,-8.14126095501376
247,0.42798178189256547,1.9640829996205866,75734.31316374074,73117.5415285344,3.578856154764344,10,1.0658141036401503e-14,0.0,-7.275642584786021
248,0.3384265345407792,1.9473749853204936,75111.1455237864,73117.54152100923,2.7265741726345305,10,2.842170943040401e-14,0.0,-6.83263446092969
249,0.5983604855497067,1.9446660007815808,79266.67690113187,73117.54159812033,8.409931691644323,10,7.105427357601002e-15,0.0,-8.354692370693066
250,0.4189195505092382,1.9546249823179096,75717.22025092188,73117.54152212299,3.5554788559354202,10,1.4210854715202004e-14,0.0,-7.280891379135926
251,0.6712703164727085,1.9478749891277403,76717.2971386281,73117.5415189305,4.923244880663278,10,2.842170943040401e-14,0.0,-7.490006217055311
252,0.2627950950875338,1.9287499890197068,74620.21234340675,73117.54154997363,2.055144034630993,10,1.4210854715202004e-14,0.0,-6.002677446407568
253,0.3055494632788493,1.9968330161646008,74881.7346785856,73117.54152760326,2.412817928672194,10,1.7763568394002505e-14,0.0,-6.486274539080002
254,0.4834253725518465,1.9544579845387489,73599.91807624209,73117.5415247154,0.6597275311337316,10,7.105427357601002e-15,0.0,-5.722069465400667
255,0.6797794435525369,1.9991250010207295,76514.89147440868,73117.5415193289,4.646422574508586,10,1.0658141036401503e-14,0.0,-7.38060783006584
256,0.4028585468043285,1.9507079850882292,75591.59455835525,73117.5415180768,3.38366551844032,10,1.4210854715202004e-14,0.0,-7.224466445204318
257,0.39327786756451455,1.9505409873090684,75517.72250227617,73117.54152422305,3.2826335897220567,10,1.0658141036401503e-14,0.0,-7.185939524942931
258,0.6962529467907085,1.9475000153761357,76266.78743156916,73117.54151988609,4.307100384148664,10,3.197442310920451e-14,0.0,-7.168836713617432
259,0.3565415569247268,1.9903330248780549,75242.25533787266,73117.54152259073,2.905887932002559,10,1.7763568394002505e-14,0.0,-6.985213890731473
260,0.3500717947685909,1.955249987076968,75195.05527176266,73117.5415241427,2.8413342466307965,10,1.4210854715202004e-14,0.0,-6.931951334574321
261,0.32596808504981944,1.9986249972134829,75022.89042694315,73117.5415236638,2.605871126920632,10,1.0658141036401503e-14,0.0,-6.702005270513868
262,0.48944470703767345,1.9530409772414714,73344.65619856404,73117.54152442962,0.31061585140762027,10,7.105427357601002e-15,0.0,-5.192417113701645
263,0.6882311491072943,1.965875009773299,76344.12482978174,73117.54151964588,4.412871717341469,10,3.197442310920451e-14,0.0,-7.271955088673795
264,0.7226450807363964,1.954958017449826,76096.10566864189,73117.54152060121,4.073665615796796,10,7.105427357601002e-15,0.0,-6.809407948415506
265,0.6331566358156436,1.9669159955810755,77887.4413590385,73117.5416543347,6.523605138769078,10,3.907985046680551e-14,0.0,-7.971059707974976
266,0.6839256205636437,1.9757499976549298,76423.24618409047,73117.54151949316,4.521082897345523,10,3.197442310920451e-14,0.0,-7.3273047763412125
267,0.5137173009235241,1.9604999979492277,73916.17020643191,73117.54152500212,1.0922531922886198,10,3.197442310920451e-14,0.0,-5.579518848134887
268,0.3951591046151555,1.9356659904588014,75532.16404787364,73117.54152508164,3.3023847252354632,10,7.105427357601002e-15,0.0,-7.194086323574001
269,0.3082785790806658,1.9467919773887843,74900.34511173985,73117.54152701926,2.438270690572641,10,7.105427357601002e-15,0.0,-6.515323605730266
270,0.431088760907819,1.968957978533581,75538.00756753076,73117.54153154313,3.310376669247601,10,1.4210854715202004e-14,0.0,-7.172674546816685
271,0.554540707131723,1.9655420037452132,80079.67405706781,73117.54153501695,9.521836177597141,10,1.0658141036401503e-14,0.0,-8.13342142516644
272,0.47543733071549593,1.953749975655228,74328.2490633892,73117.54152542845,1.655837317150088,10,1.4210854715202004e-14,0.0,-6.375834697700063
273,0.7088253863193692,1.9537920015864074,76163.36532903826,73117.54152024686,4.1656540215428235,10,3.197442310920451e-14,0.0,-7.007237732780813
274,0.33613136327445864,1.9776250119321048,75094.76881490709,73117.5415216232,2.704176387959041,10,7.105427357601002e-15,0.0,-6.808567698551856
275,0.6449698548028442,1.9486660021357238,77477.13421562113,73117.54166018042,5.9624441091062215,10,7.105427357601002e-15,0.0,-7.825850926550064
276,0.4114824665389211,1.9484579970594496,75658.77329320987,73117.54151793252,3.475543245192537,10,7.105427357601002e-15,0.0,-7.256446744475392
277,0.3803351687626615,1.9459160102996975,75419.25205654721,73117.54152344984,3.1479594159483337,10,7.105427357601002e-15,0.0,-7.1298918555462665
278,0.31659360058046637,1.9478749891277403,74957.53661054414,73117.54152543824,2.516489267443088,10,1.7763568394002505e-14,0.0,-6.603725750803507
279,0.2500031484126252,1.9457080052234232,74555.37539186659,73117.5415607701,1.966469058456328,10,1.4210854715202004e-14,0.0,-5.853097881606678
280,0.283443633013919,1.9522499933373183,74738.93483810232,73117.54153857709,2.2175161601539517,10,7.105427357601002e-15,0.0,-6.244240170392099
281,0.36475429822555605,1.9620409875642508,75302.7491012702,73117.54152262627,2.9886228846571785,10,1.4210854715202004e-14,0.0,-7.044963764902306
282,0.3160957015948394,2.0959159883204848,74954.09102341605,73117.54152552682,2.5117768726510885,10,1.4210854715202004e-14,0.0,-6.598506270454074
283,0.7081713984877072,2.248666016384959,76167.84253394823,73117.54152022739,4.171777319505479,10,7.105427357601002e-15,0.0,-7.0156431679210005
284,0.5274369730874428,2.3655410041101277,74708.70423474038,73117.54152629807,2.1761709642138585,10,1.4210854715202004e-14,0.0,-6.417444507867494
285,0.3995575767306403,1.9137919880449772,75566.05134453108,73117.54151747575,3.348731065403932,10,1.4210854715202004e-14,0.0,-7.212225570780506
286,0.6077414739834477,2.097499993396923,78885.35923706234,73117.5416195052,7.888418414793216,10,7.105427357601002e-15,0.0,-8.2681627988081
287,0.2937881558360335,2.0490839960984886,74802.49786637635,73117.54153224005,2.304448835158578,10,7.105427357601002e-15,0.0,-6.36110087978557
288,0.7134835824785344,2.2250000038184226,76132.06598288572,73117.54152037649,4.122847130560509,10,2.1316282072803006e-14,0.0,-6.946312845110547
289,0.6400832098240287,2.122792007867247,77645.08663208009,73117.5416583948,6.192146058244112,10,1.7763568394002505e-14,0.0,-7.885916898354504
290,0.7186474039337939,3.0830839823465794,76106.56331569127,73117.5415205052,4.087968130531061,10,1.0658141036401503e-14,0.0,-6.869673222451575
291,0.3462208001362965,2.1006250171922147,75167.15853803624,73117.54151743196,2.803180985120546,10,1.4210854715202004e-14,0.0,-6.9002491868538
292,0.3694607534202055,2.471416984917596,75337.70289833794,73117.54152246096,3.036427825181965,10,1.4210854715202004e-14,0.0,-7.073722515723082
293,0.35289633118618136,2.193082997109741,75215.61145537902,73117.54152216883,2.869448137249077,10,1.4210854715202004e-14,0.0,-6.9552041024064675
294,0.38881902313367295,2.163708006264642,75483.62630709645,73117.54152199328,3.236001561118503,10,2.1316282072803006e-14,0.0,-7.1666304601760435
295,0.6832685097881892,2.19312499393709,76437.59776432416,73117.54151946832,4.540710992001623,10,1.7763568394002505e-14,0.0,-7.335752438887689
296,0.5944079497788716,2.0922920084558427,79521.5169879561,73117.54158537775,8.75846652352304,10,1.4210854715202004e-14,0.0,-8.384884223611675
297,0.42505665388892366,2.049500006251037,75754.63205672882,73117.54152641071,3.6066455125075088,10,1.4210854715202004e-14,0.0,-7.291112761278729
298,0.6669936648455002,2.167083992389962,76821.75318108249,73117.54166931758,5.0661051058275826,10,1.7763568394002505e-14,0.0,-7.544991964524362
299,0.2550056376798635,2.077749988529831,74578.61886315772,73117.54155129413,1.9982582576830894,10,2.1316282072803006e-14,0.0,-5.911586126364816
300,0.5792934352870049,2.0084159914404154,81454.7223658993,73117.54153361832,11.402435937274605,10,7.105427357601002e-15,0.0,-8.450587189034925
301,0.33982125302404215,1.9814580155070871,75121.12403678533,73117.54152040313,2.740221395194353,10,1.7763568394002505e-14,0.0,-6.847259540350622
302,0.7179826600537715,2.2316660033538938,76108.73017889593,73117.54152048824,4.090931664557575,10,4.263256414560601e-14,0.0,-6.879694658544784
303,0.38300901266871007,2.228166995337233,75439.46980846339,73117.54152328352,3.1756104442330977,10,1.7763568394002505e-14,0.0,-7.141470592550199
304,0.3569723033367947,2.0294169953558594,75245.41221119015,73117.54152259318,2.910205464087527,10,2.4868995751603507e-14,0.0,-6.988760121464765
305,0.5912013854788898,2.2106249816715717,79778.94571416653,73117.54157111772,9.110541738564342,10,7.105427357601002e-15,0.0,-8.40163445480263
306,0.33724031954729206,2.0424580143298954,75102.67497406779,73117.54152140237,2.714989332736731,10,1.4210854715202004e-14,0.0,-6.820195939978169
307,0.4404545373076995,2.456749993143603,74134.589837089,73117.54152744809,1.3909771696291493,10,7.105427357601002e-15,0.0,-6.320642686644121
308,0.7360152597959468,2.109833003487438,76076.71877219473,73117.54152097233,4.047150915726038,10,4.618527782440651e-14,0.0,-6.607211627862671
309,0.6495042591219922,2.381083002546802,77326.65187742992,73117.5416604174,5.756635304508808,10,1.7763568394002505e-14,0.0,-7.7698724532295165
310,0.31875243647793045,2.1475419925991446,74972.50622268458,73117.54152503997,2.536962620672024,10,2.1316282072803006e-14,0.0,-6.626357276086588
311,0.49476303209942923,2.0759579783771187,73301.54860638194,73117.54152455018,0.25165928448234126,10,7.105427357601002e-15,0.0,-4.975245259927738
312,0.48253248054043274,2.1214169973973185,73664.79700406504,73117.54152479887,0.7484599014869215,10,7.105427357601002e-15,0.0,-5.8012964818384996
313,0.4033988881266063,2.1474579989444464,75595.78482073662,73117.54151813072,3.3893963762326154,10,2.1316282072803006e-14,0.0,-7.2264701848997115
314,0.6595209627721643,2.0931670151185244,77017.32643406236,73117.54165769838,5.333583006142239,10,1.4210854715202004e-14,0.0,-7.641073751156484
315,0.4033639609282443,2.0032089960295707,75595.51388899906,73117.54151812749,3.389025833502936,10,1.4210854715202004e-14,0.0,-7.2263406648006185
316,0.4120469685718399,2.1182089985813946,75663.19297055117,73117.54151823191,3.481587864499656,10,1.4210854715202004e-14,0.0,-7.2585401270770324
317,0.687785444977757,2.1496249828487635,76348.72837645066,73117.54151963087,4.419167807977051,10,2.4868995751603507e-14,0.0,-7.277684737595674
318,0.7384788321992518,2.0116670057177544,76069.68170137668,73117.5415210705,4.037526589232301,10,6.750155989720952e-14,0.0,-6.561894194075864
319,0.6857562198620633,2.0543329883366823,76383.62088743623,73117.54151956025,4.466888929795656,10,2.4868995751603507e-14,0.0,-7.303771268651717
320,0.5165027982929546,2.0744169887620956,74041.4091934877,73117.54152512828,1.2635376533303142,10,1.0658141036401503e-14,0.0,-5.744497705847266
321,0.35294252567699935,2.0788750261999667,75215.94828718706,73117.5415221765,2.869908808919829,10,7.105427357601002e-15,0.0,-6.955584399146425
322,0.6411597745694115,1.985707989661023,77608.02056598457,73117.54165880755,6.141452249764075,10,7.105427357601002e-15,0.0,-7.87268379216078
323,0.6562030837485535,2.0536249794531614,77114.29250914976,73117.54165853906,5.466199710700934,10,2.1316282072803006e-14,0.0,-7.6837355052425265
324,0.5917239488349904,2.056166995316744,79731.44945535739,73117.5415736209,9.04558296052262,10,7.105427357601002e-15,0.0,-8.399474032257116
325,0.6638994399314828,2.0280000171624124,76899.05189419157,73117.54166330022,5.171823539014573,10,7.105427357601002e-15,0.0,-7.584776023747987
326,0.40564676273792377,2.012083015870303,75613.24395611626,73117.54151816065,3.4132745523668033,10,1.4210854715202004e-14,0.0,-7.234805976236134
327,0.29099337326708474,2.0933749910909683,74783.89795842922,73117.54153351989,2.2790104672015135,10,7.105427357601002e-15,0.0,-6.331360336431609
328,0.5511968712043549,2.0762920030392706,78452.94357273234,73117.54153162811,7.297020563521435,10,7.105427357601002e-15,0.0,-8.05910967030577
329,0.5649527398404968,2.049290982540697,88856.17315524175,73117.54153942826,21.52511050624768,10,1.0658141036401503e-14,0.0,-7.969757199367893
330,0.6413646962369884,1.9870000251103193,77601.00677850888,73117.541658726,6.1318597672625845,10,7.105427357601002e-15,0.0,-7.8701649078295555
331,0.544358899059338,2.0349579863250256,77223.87278750341,73117.54152984747,5.616068554465396,10,1.4210854715202004e-14,0.0,-7.668297961250426
332,0.41668043278831723,2.07441599923186,75699.57258702465,73117.54152058627,3.5313428388609256,10,1.4210854715202004e-14,0.0,-7.27455495831159
333,0.7255616771006019,1.9889169780071825,76088.90463383506,73117.54152066467,4.063817042221822,10,1.0658141036401503e-14,0.0,-6.765442562393149
334,0.6143076262090245,2.040958992438391,78594.91386166861,73117.54163305342,7.491187622395521,10,7.105427357601002e-15,0.0,-8.19373498104309
335,0.5885063934111325,2.1150410175323486,80020.28018788117,73117.54155634278,9.440605475252875,10,1.0658141036401503e-14,0.0,-8.409708520238924
336,0.5260485962429595,2.2773749951738864,74576.15139051975,73117.54152599566,1.9948836272148212,10,7.105427357601002e-15,0.0,-6.315396899100785
337,0.420879588374111,2.1572910191025585,75732.70659194089,73117.5415240071,3.5766589158022204,10,1.4210854715202004e-14,0.0,-7.286438061893131
338,0.5560330072382929,2.1180000039748847,82543.86559884012,73117.54153634004,12.892014507647408,10,4.263256414560601e-14,0.0,-8.151138899242675
339,0.3343998339260276,2.043957996647805,75082.44866195506,73117.54152196304,2.6873265964526483,10,2.1316282072803006e-14,0.0,-6.790411609575628
340,0.4936539852671223,2.0007920102216303,73317.26055414526,73117.54152452634,0.2731479005649126,10,7.105427357601002e-15,0.0,-4.997787308832421
341,0.5761127447291841,1.9810000085271895,82349.03571217722,73117.54153540623,12.625553298042393,10,7.105427357601002e-15,0.0,-8.600762106559282
342,0.4537185341586752,1.9757499976549298,73852.65698319927,73117.54152641093,1.0053886405942718,10,1.0658141036401503e-14,0.0,-6.074540187191109
343,0.3928264944389959,2.0002920064143836,75514.26214873191,73117.54152401884,3.277900999893101,10,2.1316282072803006e-14,0.0,-7.18398483672242
344,0.3567333640721057,1.958625012775883,75243.66084324263,73117.5415225919,2.9078101866893338,10,1.4210854715202004e-14,0.0,-6.986792991015451
345,0.6116875406333311,2.0097499946132302,78708.17943296602,73117.54162836607,7.646096518145308,10,7.105427357601002e-15,0.0,-8.223433665936149
346,0.5660123343677473,2.512125007342547,86011.46134905095,73117.54153948359,17.634509500848885,13,7.105427357601002e-15,0.0,-7.952897155020207
347,0.662502375034612,1.9729580089915544,76936.12191639558,73117.54166100152,5.222522760814815,10,1.7763568394002505e-14,0.0,-7.602739079717843
348,0.6090661670487099,1.972999976715073,78824.95258433378,73117.5416227088,7.805802595327376,10,2.4868995751603507e-14,0.0,-8.253147187547999
349,0.27801879839686383,2.0438329956959933,74707.26919574357,73117.54154218198,2.1742082953438366,10,1.4210854715202004e-14,0.0,-6.180764015221393
350,0.4902073184537434,2.0347499812487513,73335.51937067561,73117.54152444791,0.2981197694602719,10,7.105427357601002e-15,0.0,-5.139151539385313
351,0.33073965908381664,1.9793749961536378,75056.50499797368,73117.54152271675,2.6518444615024594,10,7.105427357601002e-15,0.0,-6.7520337854453985
352,0.43289002975889745,1.9904999935533851,75275.45944940657,73117.54153201688,2.951299882593523,10,1.0658141036401503e-14,0.0,-7.036623409225459
353,0.38544290089736266,2.012500015553087,75457.93019648705,73117.54152198353,3.20085799629883,10,1.4210854715202004e-14,0.0,-7.152010324833791
354,0.4773398541969926,1.9783340103458613,74114.7214358484,73117.54152525865,1.3638039378625348,10,1.4210854715202004e-14,0.0,-6.227686880025578
355,0.40213977612533924,1.9566669943742454,75586.02454383162,73117.5415179825,3.3760476276982248,10,1.4210854715202004e-14,0.0,-7.221801043119336
356,0.37095976422454124,1.9356670090928674,75348.87915812491,73117.54152235866,3.0517131584408195,10,1.0658141036401503e-14,0.0,-7.082882355690807
357,0.56610773183558,2.4386669974774122,86528.47005349566,73117.54153947908,18.341602072021928,13,1.0658141036401503e-14,0.0,-7.951379215544958
358,0.37305006793579853,1.9184589909855276,75364.49878985382,73117.54152216425,3.073075517738042,10,1.4210854715202004e-14,0.0,-7.095655461648023
359,0.2582480130528886,1.943750015925616,74594.73822999562,73117.5415511311,2.0203040850758343,10,1.4210854715202004e-14,0.0,-5.949500424066336
360,0.4430451509439783,1.9235830113757402,73894.93941629899,73117.54152723687,1.063216668427692,10,1.4210854715202004e-14,0.0,-6.112727563555582
361,0.4647425303536647,1.9596250203903764,74892.33184048536,73117.54152607382,2.4273112544117037,10,1.4210854715202004e-14,0.0,-6.7271600516489904
362,0.6057959274272711,1.9791249942500144,78975.86253846706,73117.54161463647,8.012196245200185,10,1.0658141036401503e-14,0.0,-8.290215990078606
363,0.41356857034008765,1.9381669990252703,75675.1196628943,73117.54151902706,3.4978995337277508,10,1.4210854715202004e-14,0.0,-7.264182805336084
364,0.5010359996114092,1.9251250196248293,73313.40470100095,73117.54152468087,0.2678744009109895,10,7.105427357601002e-15,0.0,-5.028346184400814
365,0.3578141954471085,1.972207974176854,75251.58743057975,73117.54152259693,2.9186510699669634,10,1.4210854715202004e-14,0.0,-6.995691248519827
366,0.5789713391759201,1.9105000246781856,81524.2250727569,73117.54153291386,11.497492070433976,10,7.105427357601002e-15,0.0,-8.457773069224231
367,0.2573315075854687,1.9400409946683794,74589.63359878688,73117.54155124261,2.0133226805944915,10,7.105427357601002e-15,0.0,-5.93878299814203
368,0.3272353700581177,1.9280420092400163,75031.79461512828,73117.54152341526,2.61804903697425,10,7.105427357601002e-15,0.0,-6.715292077435002
369,0.4332485892473266,1.941124995937571,75218.83357323342,73117.54153181298,2.8738548881682284,10,1.4210854715202004e-14,0.0,-7.006555194912355
370,0.3013118794558904,1.9292079959996045,74852.99894849527,73117.54152874865,2.373517193633021,10,1.4210854715202004e-14,0.0,-6.4411717103054595
371,0.3143700627863083,1.9337080011609942,74942.16939744708,73117.54152583942,2.495472130942542,10,1.4210854715202004e-14,0.0,-6.58016662277194
372,0.6078063274285768,1.9435840076766908,78882.37931583742,73117.5416196531,7.884342892943763,10,1.0658141036401503e-14,0.0,-8.267427673108392
373,0.6220970657376055,1.934332976816222,78283.21071013834,73117.54164442289,7.064883404910633,10,7.105427357601002e-15,0.0,-8.102906153862934
374,0.6416965834299709,1.9213749910704792,77589.62727522096,73117.54165886174,6.116296465797842,10,3.907985046680551e-14,0.0,-7.866085376345613
375,0.5672543370170843,1.9272499775979668,94366.52832229246,73117.5415394476,29.061407612263377,10,1.7763568394002505e-13,0.0,-7.936766749504026
376,0.2999155752286518,2.0069169986527413,74843.5775075545,73117.5415293997,2.360631856667076,10,1.4210854715202004e-14,0.0,-6.426310816769034
377,0.4576431535319995,1.9883750064764172,74130.09644996896,73117.54152627978,1.3848317415394107,10,7.105427357601002e-15,0.0,-6.288233462248418
378,0.6979856949455734,1.9412499968893826,76250.68151441017,73117.54151993146,4.28507295150868,10,7.105427357601002e-15,0.0,-7.146563681473101
379,0.42615851871704324,1.9432079861871898,75757.08182255439,73117.54152722048,3.609995960205047,10,1.4210854715202004e-14,0.0,-7.289873501789857
380,0.6517372867994743,1.957458007382229,77255.09905137829,73117.54165979588,5.658775305704058,10,1.0658141036401503e-14,0.0,-7.74115866737268
381,0.6012940478458964,1.947042008396238,79117.41570305891,73117.5416055406,8.205792981781089,10,1.0658141036401503e-14,0.0,-8.329944879160923
382,0.3972564333546221,1.9485839875414968,75548.30132729514,73117.54152642876,3.324455048844558,10,1.4210854715202004e-14,0.0,-7.203168977779699
383,0.6278783846504635,1.9276249804534018,78073.92076425684,73117.54165027945,6.77864572865934,10,7.105427357601002e-15,0.0,-8.034879042678481
384,0.26423017055169745,1.9437499868217856,74628.30300840504,73117.5415493612,2.06620932136229,10,1.4210854715202004e-14,0.0,-6.019461780590508
385,0.47774652281067975,1.9475419830996543,74072.48003520712,73117.54152522149,1.3060320274256338,10,1.7763568394002505e-14,0.0,-6.195659448429683
386,0.5898936551856364,1.9311670039314777,79879.94123523743,73117.54156426154,9.248669370307748,10,7.105427357601002e-15,0.0,-8.405552349469094
387,0.3995943812845301,1.9249169854447246,75566.33561640148,73117.54151748473,3.3491198529031094,10,1.4210854715202004e-14,0.0,-7.212362051241159
388,0.4826201832927479,1.953165978193283,73658.26361680988,73117.54152479,0.7395244434422904,10,7.105427357601002e-15,0.0,-5.793611973608593
389,0.6024638000056911,1.9503750081639737,79079.513308292,73117.54160809104,8.153955356099141,10,1.4210854715202004e-14,0.0,-8.320076906931025
390,0.398199195468881,1.9376669952180237,75555.56775868649,73117.54152700759,3.334393061859666,10,7.105427357601002e-15,0.0,-7.207188364080267
391,0.7206561770860935,1.9334159733261913,76101.19285057911,73117.54152055478,4.080623155505817,10,6.039613253960852e-14,0.0,-6.839390331231227
392,0.27411168715287043,1.958124979864806,74684.66934277673,73117.54154447035,2.143299357724226,10,7.105427357601002e-15,0.0,-6.135051937350948
393,0.3559961331600197,1.9382080063223839,75238.26056133141,73117.5415225682,2.900424432499062,10,1.4210854715202004e-14,0.0,-6.980723565904881
394,0.6451430748546552,1.9252919883001596,77471.19763963122,73117.54166016332,5.9543248864997205,10,2.4868995751603507e-14,0.0,-7.8237217553323095
395,0.662712424032474,1.9473749853204936,76930.42270389752,73117.54166143223,5.214728170321535,10,7.105427357601002e-15,0.0,-7.600038320143312
396,0.4698299043444989,1.9705420127138495,74923.71828680625,73117.54152584964,2.470237269011662,10,7.105427357601002e-15,0.0,-6.746476601973204
397,0.5274901943154042,1.9501660135574639,74714.16190131132,73117.54152631032,2.1836352011732796,10,7.105427357601002e-15,0.0,-6.421542533555707
398,0.6974468640706357,1.923417003126815,76255.66155963209,73117.5415199174,4.2918839644791085,10,7.105427357601002e-15,0.0,-7.153489861373972
399,0.3650575005098477,1.9595000194385648,75304.99465697783,73117.54152262214,2.9916940433218793,10,1.4210854715202004e-14,0.0,-7.046816458099837
400,0.3850134590584936,1.9405410275794566,75454.6690094526,73117.54152233366,3.1963977979279643,10,1.4210854715202004e-14,0.0,-7.15015065953033
401,0.2910623626452911,1.949500001501292,74784.35605934166,73117.54153348433,2.279636993940796,10,7.105427357601002e-15,0.0,-6.332094464749644
402,0.6374036266707426,1.9263330032117665,77738.50541755343,73117.54165689621,6.319911277024434,10,1.0658141036401503e-14,0.0,-7.918854550071551
403,0.47576833963664644,1.9614579796325415,74291.86319489623,73117.54152540036,1.6060737888566996,10,1.0658141036401503e-14,0.0,-6.350965564474284
404,0.421087933924805,2.1838750108145177,75734.35463852464,73117.54152423091,3.5789128842994966,10,1.4210854715202004e-14,0.0,-7.287027657191427
405,0.48316321764398756,2.366000000620261,73618.65240866898,73117.54152473927,0.6853497443703821,10,1.4210854715202004e-14,0.0,-5.7456161770622485
406,0.34121068451886966,2.0901669922750443,75131.08438674574,73117.54151977858,2.75384377690338,10,1.4210854715202004e-14,0.0,-6.859006450103712
407,0.7282777943342027,2.2672080085612833,76082.57647262886,73117.54152071866,4.055162263723031,10,7.105427357601002e-15,0.0,-6.724501247445958
408,0.466346890153172,2.079208003124222,75031.47856964826,73117.54152601019,2.6176167902981575,10,1.4210854715202004e-14,0.0,-6.806838013125906
409,0.5409999086483321,2.0493750052992254,76558.96615748196,73117.54152940535,4.706701779206549,10,3.197442310920451e-14,0.0,-7.428895160220953
410,0.7259640577387778,2.064750005956739,76087.94664926562,73117.54152067292,4.062506844206269,10,1.0658141036401503e-14,0.0,-6.759377165281008
411,0.34852607692779397,2.023624983849004,75183.8400538495,73117.54152533141,2.8259956303402607,10,1.4210854715202004e-14,0.0,-6.919226560441863
412,0.43779737286890325,1.9925830129068345,74485.38846322923,73117.54152729272,1.8707507218714854,10,7.105427357601002e-15,0.0,-6.5764520963341555
413,0.7048973782259416,1.9633749907370657,76192.87957135444,73117.5415201259,4.206019495857964,10,1.4210854715202004e-14,0.0,-7.057723741143042
414,0.36626155631948787,1.9961250072810799,75313.9205803531,73117.54152259664,3.0039016794316993,10,1.4210854715202004e-14,0.0,-7.054173773868339
415,0.7335749473726654,2.001083019422367,76076.01550167205,73117.54152086707,4.046189080305246,10,3.197442310920451e-14,0.0,-6.644660645675142
416,0.5210372580452104,1.9620419770944864,74257.06252253956,73117.54152534669,1.5584782713158483,10,1.4210854715202004e-14,0.0,-6.008982979855348
417,0.4948828550529074,1.9565410038921982,73299.79084002145,73117.54152455335,0.2492552562190554,10,7.105427357601002e-15,0.0,-4.9737761919946655
418,0.37749847041834184,1.9369999936316162,75397.87413774969,73117.54152292047,3.1187216738057306,10,7.105427357601002e-15,0.0,-7.117608015960192
419,0.5145190005248717,2.009459014516324,73952.41669755103,73117.54152503998,1.1418260995894338,10,2.842170943040401e-14,0.0,-5.626276945827331
420,0.4435711526889522,1.949541998328641,73857.75894425335,73117.54152719346,1.0123663919752974,10,7.105427357601002e-15,0.0,-6.075951382405221
421,0.5386935456292101,1.9740410207305104,76172.24140554032,73117.54152910708,4.177793471375408,10,1.7763568394002505e-14,0.0,-7.263872795270005
422,0.43984837616097167,1.9927500106859952,74207.51724259427,73117.54152749179,1.4907171279721674,10,1.4210854715202004e-14,0.0,-6.37826421012437
423,0.5407957737722968,2.000957989366725,76521.60337266748,73117.54152938096,4.655602160691706,10,7.105427357601002e-15,0.0,-7.414441105561231
424,0.26546678769345317,1.979458989808336,74635.29429587201,73117.54154878916,2.0757710324137455,10,7.105427357601002e-15,0.0,-6.033925540568004
425,0.6422992156325333,1.979624998057261,77568.90881871022,73117.5416591155,6.087960643353736,10,1.4210854715202004e-14,0.0,-7.858677884684331
426,0.6408613588716928,2.0054159977007657,77618.23424921195,73117.54165855552,6.155421104929613,10,1.7763568394002505e-14,0.0,-7.876351903595343
427,0.74520995790518,1.9697500101756305,76066.59038026734,73117.54152129148,4.0332987100190065,10,3.197442310920451e-14,0.0,-6.390817241751118
428,0.6397665094456879,1.961500005563721,77656.09120147077,73117.54165813026,6.2071965774793725,10,2.1316282072803006e-14,0.0,-7.889809783859575
429,0.623643386792978,1.9472920102998614,78225.37393512722,73117.54164612161,6.985782308883946,10,1.7763568394002505e-14,0.0,-8.084710898854606
430,0.35602262293249,1.9629579910542816,75238.4545110752,73117.54152256987,2.900689689970832,10,7.105427357601002e-15,0.0,-6.980941648530497
431,0.3005114112737846,1.9395830167923123,74847.59431969427,73117.54152912303,2.3661254938148453,10,1.4210854715202004e-14,0.0,-6.432652268070944
432,0.3242111977023671,1.9597909995354712,75010.5733831707,73117.54152400652,2.589025587714337,10,2.1316282072803006e-14,0.0,-6.683585604532178
433,0.40416051104965073,1.9372499955352396,75601.69539803255,73117.54151817616,3.3974800414191355,10,2.1316282072803006e-14,0.0,-7.22929450483121
434,0.432756053224947,1.964708004379645,75296.62707754524,73117.54153202532,2.980250019163302,10,1.4210854715202004e-14,0.0,-7.047734385477705
435,0.5797811610654409,1.9558749918360263,81351.46991576969,73117.54153462261,11.261221600630751,10,1.4210854715202004e-14,0.0,-8.440254821465391
436,0.6817086592430135,2.033416007179767,76471.62552258102,73117.54151940768,4.5872494253421525,10,1.4210854715202004e-14,0.0,-7.355805698778573
437,0.4820582517485062,1.9416660070419312,73700.54695502805,73117.5415248408,0.7973537102436489,10,1.4210854715202004e-14,0.0,-5.842292964055711
438,0.37485339179103666,1.956374995643273,75378.00674074356,73117.54152215115,3.0915498135390562,10,1.4210854715202004e-14,0.0,-7.106154063342169
439,0.5248221101174559,1.9591250165831298,74477.49878202306,73117.54152567845,1.859960315907235,10,3.197442310920451e-14,0.0,-6.235156744569355
440,0.4804912507829505,1.9777080160565674,73831.63916855908,73117.54152498153,0.9766434000431641,10,1.4210854715202004e-14,0.0,-5.976596347754535
441,0.5640885432211097,2.2889579995535314,88604.50720137722,73117.54153940565,21.180916830505154,12,4.263256414560601e-14,0.0,-7.983508186416842
442,0.3080241905997568,1.9367079949006438,74898.60702518464,73117.54152707901,2.435893577529563,10,2.1316282072803006e-14,0.0,-6.512615807865398
443,0.6578765998169902,1.9641249964479357,77064.42021303813,73117.54165779846,5.397991324314051,10,1.4210854715202004e-14,0.0,-7.662217093662469
444,0.5035984512174206,1.9957500044256449,73446.66286718365,73117.54152472717,0.45012637951615764,10,7.105427357601002e-15,0.0,-5.085872909539116
445,0.36318363967398687,1.9754999957513064,75291.1304603591,73117.54152264004,2.9727325241727853,10,1.4210854715202004e-14,0.0,-7.035366430131274
446,0.6106660620628233,2.028749993769452,78753.25693678233,73117.54162616713,7.707747259104099,10,7.105427357601002e-15,0.0,-8.23501219592402
447,0.4630039242454977,1.9413339905440807,74691.02191552875,73117.5415261387,2.1519875484702284,10,7.105427357601002e-15,0.0,-6.617555960562191
448,0.36417865025948365,1.9591249874792993,75298.48815826242,73117.54152263334,2.9827953596524757,10,7.105427357601002e-15,0.0,-7.041446322509457
449,0.289999280932816,1.9445419893600047,74777.64284686609,73117.54153397321,2.2704555952849272,10,1.4210854715202004e-14,0.0,-6.320782129153149
450,0.29819262913502487,2.0360829948913306,74831.98503489008,73117.54153020057,2.3447772843694046,10,1.7763568394002505e-14,0.0,-6.407973961863619
451,0.7145555677274995,1.973791979253292,76124.99756143,73117.54152040427,4.11317992712662,10,1.4210854715202004e-14,0.0,-6.931361871288601
452,0.44680006630195696,1.9612500036600977,73710.71641981047,73117.54152687965,0.8112620864211618,10,1.4210854715202004e-14,0.0,-5.9206378189982525
453,0.6007974006160325,1.9645419961307198,79136.33874902679,73117.54160439374,8.231673292844093,10,1.7763568394002505e-14,0.0,-8.334134578120405
454,0.5900750293285437,1.981667010113597,79862.87272668502,73117.54156530467,9.22532543761169,10,1.0658141036401503e-14,0.0,-8.405008961386983
455,0.2887473575571305,1.9729170016944408,74770.21377506928,73117.54153472936,2.2602951434778915,10,2.1316282072803006e-14,0.0,-6.306306805346132
456,0.618295339677444,1.9650419999379665,78428.26829897,73117.54163949745,7.263272999052453,10,7.105427357601002e-15,0.0,-8.147640737764425
457,0.3428829809538636,1.9585829868447036,75143.09782158502,73117.54151899484,2.770274082675455,10,1.4210854715202004e-14,0.0,-6.87277242041141
458,0.4130872638556095,1.9574170000851154,75671.34492690847,73117.54151877816,3.4927369754006747,10,1.4210854715202004e-14,0.0,-7.262397935355059
459,0.41726556457870123,1.9605830020736903,75704.17971189631,73117.54152086627,3.53764382284635,10,7.105427357601002e-15,0.0,-7.276210804817605
460,0.5963618173092875,1.9160000083502382,79403.65477977248,73117.54159217142,8.59727098411376,10,7.105427357601002e-15,0.0,-8.37155319157411
461,0.31432761561366457,1.9347080087754875,74941.87654332188,73117.54152584709,2.4950716058059568,10,1.0658141036401503e-14,0.0,-6.579714757698511
462,0.511507347203094,1.935417007189244,73816.48730955386,73117.5415248974,0.955920795584275,10,2.4868995751603507e-14,0.0,-5.456419060736017
463,0.43008529274865287,1.937499997438863,75645.2766151799,73117.54153093713,3.457084348457267,10,7.105427357601002e-15,0.0,-7.227391974484481
464,0.4149571630891826,1.9356670090928674,75686.02101801746,73117.54151973601,3.5128088894894813,10,1.4210854715202004e-14,0.0,-7.269332255039942
465,0.5675423019919954,1.9267500028945506,94018.41122709014,73117.54153942122,28.58530148528072,10,1.7763568394002505e-14,0.0,-7.948818718055459
466,0.7089548274810102,1.927040982991457,76162.47504289438,73117.54152025067,4.164436412020752,10,7.105427357601002e-15,0.0,-7.005574086641329
467,0.2958171756866023,1.93425000179559,74816.05539177667,73117.54153130115,2.3229909333704777,10,2.1316282072803006e-14,0.0,-6.38269355890436
468,0.7400684739166851,1.9319170096423477,76066.76717310016,73117.54152112921,4.033540502888343,10,1.7763568394002505e-14,0.0,-6.525941033497673
469,0.7418126091556757,1.9249169854447246,76066.63115688675,73117.54152118895,4.033354478751422,10,2.4868995751603507e-14,0.0,-6.482328853726533
470,0.3569725881250934,1.946583011886105,75245.41429894653,73117.54152259289,2.910208319430631,10,1.4210854715202004e-14,0.0,-6.988762466061604
471,0.33337826258509945,1.942625007359311,75075.19408802813,73117.54152217603,2.6774047993098296,10,7.105427357601002e-15,0.0,-6.779700015668151
472,0.6255689592622292,1.9362499879207462,78155.52939008393,73117.54164791912,6.8902586556097525,10,1.7763568394002505e-14,0.0,-8.06205321027915
473,0.4081545144372531,1.9142919918522239,75632.77315620589,73117.54151772748,3.439983875645742,10,1.4210854715202004e-14,0.0,-7.244105528746235
474,0.6687616416648031,1.927375007653609,76778.48392126683,73117.54151879491,5.006927648860939,10,3.197442310920451e-14,0.0,-7.522260541091471
475,0.659257746758857,1.9152909808326513,77024.52022062693,73117.54165743868,5.343421666845353,10,3.197442310920451e-14,0.0,-7.644458188106872
476,0.3957147438310568,1.9218749948777258,75536.43547064991,73117.54152532801,3.3082265826511663,10,1.4210854715202004e-14,0.0,-7.19649255877226
477,0.5127841021886234,1.9293749937787652,73873.01043208492,73117.54152495929,1.0332252580835792,10,2.1316282072803006e-14,0.0,-5.526898658427662
478,0.5499233044446299,1.9540830107871443,78230.50907594067,73117.54153048762,6.992805609199964,10,1.4210854715202004e-14,0.0,-8.014179743589676
479,0.3965085067059066,1.919834001455456,75542.542174637,73117.5415259187,3.3165784818663306,10,1.4210854715202004e-14,0.0,-7.199930012970677
480,0.36517453642212844,1.9264169968664646,75305.86167153847,73117.54152262016,2.9928798252076323,10,1.4210854715202004e-14,0.0,-7.047531597439415
481,0.5270191958299348,1.9325829925946891,74666.61596262157,73117.54152620565,2.1186084817426787,10,1.0658141036401503e-14,0.0,-6.3857956049475995
482,0.6212857231894927,1.9255829975008965,78313.78738071403,73117.54164328531,7.106701922199967,10,1.7763568394002505e-14,0.0,-8.112453101922817
483,0.2797187246817307,1.9263750000391155,74717.15623737276,73117.54154110907,2.1877304167350102,10,1.4210854715202004e-14,0.0,-6.2006540295707415
484,0.5136892433837885,1.9109580025542527,73914.83167521528,73117.54152499817,1.0904225355341235,10,1.0658141036401503e-14,0.0,-5.577936614329673
485,0.6660166205892751,1.9173750188201666,76845.82498363985,73117.54166704329,5.099027171310149,10,1.4210854715202004e-14,0.0,-7.557554241767331
486,0.5030508820756948,1.9395000126678497,73420.24718661181,73117.54152471751,0.4139986870209145,10,7.105427357601002e-15,0.0,-5.069624413677161
487,0.7389979586516147,1.924957992741838,76068.92831332132,73117.5415210902,4.03649620984564,10,4.973799150320701e-14,0.0,-6.550593689139215
488,0.5929406903644836,1.9227500015404075,79626.049130347,73117.54157927641,8.901431052648096,10,1.4210854715202004e-14,0.0,-8.392890816876331
489,0.6230743809443313,1.9302080036140978,78246.57443602047,73117.54164542211,7.014777405224053,10,1.7763568394002505e-14,0.0,-8.091406266715584
490,0.5960945250824343,1.9339580030646175,79423.4468042317,73117.54159143844,8.624339762445794,10,1.4210854715202004e-14,0.0,-8.373808081252893
491,0.27863382999357783,1.9191659812349826,74710.8426256036,73117.5415417954,2.1790955360519546,10,2.1316282072803006e-14,0.0,-6.187960108204988
492,0.5754839351166554,1.9189169979654253,82626.26370181164,73117.54153591994,13.00470716896357,10,1.4210854715202004e-14,0.0,-8.63859191135631
493,0.3857168566694862,1.9369579968042672,75460.01148911504,73117.54152182955,3.203704498989667,10,1.4210854715202004e-14,0.0,-7.153196670939314
494,0.31826700345190195,1.9271670025773346,74969.13594506826,73117.5415251299,2.532353223749993,10,1.4210854715202004e-14,0.0,-6.621268320977759
495,0.4024229061726127,1.96004199096933,75588.21808392319,73117.5415180209,3.3790476465806205,10,1.4210854715202004e-14,0.0,-7.222850967657005
496,0.267975106940773,1.915209024446085,74649.53040805584,73117.54154757757,2.0952412075854747,10,2.1316282072803006e-14,0.0,-6.063264959642568
497,0.3608702389278029,1.9357919809408486,75274.05997072512,73117.54152263439,2.9493858835819284,10,7.105427357601002e-15,0.0,-7.020851403094962
498,0.25596895076423143,1.9460830080788583,74583.12945552674,73117.54155130812,2.0044272183169336,10,1.4210854715202004e-14,0.0,-5.922850102197932
499,0.44418691807434296,1.9232500053476542,73817.10139058344,73117.54152713688,0.9567606470834661,10,1.4210854715202004e-14,0.0,-6.034620524455276
500,0.4200191918208911,1.9289999909233302,75725.9045816404,73117.54152314833,3.5673560737354353,10,1.4210854715202004e-14,0.0,-7.284003235546937
501,0.7052646588045913,1.950958016095683,76189.9442799728,73117.54152013724,4.2020050126950625,10,7.105427357601002e-15,0.0,-7.053003052527424
502,0.7189244891136846,1.9151250016875565,76105.66486113903,73117.54152051215,4.0867393493920945,10,1.0658141036401503e-14,0.0,-6.865496018229441
503,0.6540302288674587,1.9227919983677566,77181.5077827186,73117.54165914544,5.558127408766412,10,2.4868995751603507e-14,0.0,-7.711674835102583
504,0.6268028858462256,2.151583001250401,78111.9297149299,73117.54164914471,6.830629084537343,10,1.0658141036401503e-14,0.0,-8.04753401607188
505,0.7266579547038912,2.3395000025629997,76086.30765488504,73117.54152068714,4.060265255715612,10,1.0658141036401503e-14,0.0,-6.748917615876059
506,0.5642815271926636,2.3677500139456242,89317.77737702534,73117.541539422,22.156428534825434,12,1.3855583347321954e-13,0.0,-7.980437444295603
507,0.5470187738546051,2.1754580084234476,77742.48714510821,73117.54153015115,6.325357114270442,10,1.0658141036401503e-14,0.0,-7.852627031515709
508,0.33309875571798325,1.9835829734802246,75073.21103043624,73117.54152223183,2.674692648972318,10,1.0658141036401503e-14,0.0,-6.776769294402511
509,0.5027398509220828,2.273250021971762,73404.15901625087,73117.54152471223,0.3919955260554891,10,2.4868995751603507e-14,0.0,-5.062054131534023
510,0.5519234203472433,2.0834580063819885,78553.2990555716,73117.5415323146,7.434272828845919,10,7.105427357601002e-15,0.0,-8.077283181540643
511,0.2799122524926309,2.1292080054990947,74718.28387411546,73117.54154098248,2.189272641553134,10,1.4210854715202004e-14,0.0,-6.202918456107323
512,0.6449146334725565,2.409874985460192,77479.02680831504,73117.54165992973,5.965032534423292,10,3.197442310920451e-14,0.0,-7.826529691692198
513,0.7093761171278619,2.2772079973947257,76159.58400712126,73117.541520263,4.160482455520232,10,2.4868995751603507e-14,0.0,-7.000159467139774
514,0.5550614857817,2.455957990605384,80791.72744285638,73117.5415355103,10.49568372538761,10,1.0658141036401503e-14,0.0,-8.142083958008316
515,0.6410823832988424,2.1584589849226177,77610.66940060665,73117.54165861852,6.14507495747913,10,3.552713678800501e-14,0.0,-7.873635081452115
516,0.5019416403651165,2.173790999222547,73363.04920255509,73117.54152469497,0.3357712427697023,10,1.7763568394002505e-14,0.0,-5.044908045691573
517,0.4537146165834508,2.2612499888055027,73852.45178353428,73117.54152641338,1.0051079970398413,10,1.4210854715202004e-14,0.0,-6.0743570148597295
518,0.3472199855238561,2.3927500005811453,75174.38250268262,73117.54151702925,2.8130609194160687,10,2.1316282072803006e-14,0.0,-6.908474581942742
519,0.39604434183619314,2.3240829759743065,75538.97051194796,73117.54152557916,3.311693659067707,10,2.1316282072803006e-14,0.0,-7.197919908462213
520,0.5426454349709646,2.084833016851917,76876.98545852241,73117.54152961448,5.141644330841266,10,1.4210854715202004e-14,0.0,-7.54711978961973
521,0.3253392578388923,2.1241249924059957,75018.47826149446,73117.54152378814,2.599836780737307,10,1.4210854715202004e-14,0.0,-6.695412433335566
522,0.6043468164945113,2.4830829934217036,79027.33977138434,73117.54161201476,8.08259964582628,10,1.4210854715202004e-14,0.0,-8.304191921556475
523,0.3264926228941273,2.35516598331742,75026.5739406772,73117.54152356177,2.6109089246391837,10,7.105427357601002e-15,0.0,-6.707504743649742
524,0.6731353676761682,2.1154590067453682,76671.97748387975,73117.5415190256,4.861262962362129,10,7.105427357601002e-15,0.0,-7.46602741283621
525,0.6891807129416317,2.0619170099962503,76334.73985966845,73117.54151967724,4.40003626096401,10,2.4868995751603507e-14,0.0,-7.2597482612993245
526,0.35658318244970233,2.460374991642311,75242.5603273377,73117.54152259117,2.90630505415717,10,7.105427357601002e-15,0.0,-6.985556583074037
527,0.7275802755994719,2.423583995550871,76084.15428426355,73117.54152070518,4.057320174965529,10,4.973799150320701e-14,0.0,-6.735015086740207
528,0.7475959746012837,2.4319160147570074,76092.65019596202,73117.54152135167,4.068939699978243,10,9.947598300641403e-14,0.0,-6.3188393196489905
529,0.7044757041600438,2.0872089953627437,76196.25659045076,73117.54152011214,4.210638112732195,10,2.842170943040401e-14,0.0,-7.063143577582946
530,0.3360271419566698,2.4332499888259917,75094.02641459068,73117.54152164399,2.703161036071796,10,1.4210854715202004e-14,0.0,-6.8074748672342205
531,0.7097482229647474,2.1703749953303486,76157.03878896835,73117.54152027373,4.157001460247174,10,7.105427357601002e-15,0.0,-6.995377004161524
532,0.6962120320434411,2.24133298615925,76267.17111883525,73117.54151988498,4.307625138208043,10,3.907985046680551e-14,0.0,-7.169362643223801
533,0.4909893251832591,2.0508330198936164,73329.96153962574,73117.54152446546,0.29051854142170347,10,1.0658141036401503e-14,0.0,-5.092976936883181
534,0.6937974626192154,2.051624993328005,76289.99433831374,73117.54151981833,4.338839562371671,10,2.4868995751603507e-14,0.0,-7.200400567959211
535,0.4492806517535179,2.041333995293826,73707.27521174116,73117.54152662541,0.80655568117125,10,7.105427357601002e-15,0.0,-5.925525225383111
536,0.36136855902928866,1.9837079744320363,75277.73277194516,73117.54152263698,2.9544090300675485,10,1.4210854715202004e-14,0.0,-7.024275682506395
537,0.7175702590077365,1.9465840014163405,76110.08267154556,73117.54152047771,4.0927814158381475,10,1.7763568394002505e-14,0.0,-6.885911918270256
538,0.46395510659901107,2.0164579909760505,74804.1300287229,73117.54152610688,2.306681088304655,10,1.4210854715202004e-14,0.0,-6.678458109974474
539,0.6827778957239561,2.02095799613744,76448.33362142975,73117.54151944944,4.555394003632227,10,7.105427357601002e-15,0.0,-7.3420596890307905
540,0.49787568054100595,1.969709002878517,73265.20133792903,73117.54152461534,0.2019485478241585,10,7.105427357601002e-15,0.0,-4.997663417610549
541,0.545909740429174,2.039750019321218,77527.92742585888,73117.54153002928,6.031912183505601,10,1.4210854715202004e-14,0.0,-7.777373863614601
542,0.5783537435613897,2.1141670003999025,81665.88958501458,73117.54153329242,11.691241079036915,10,7.105427357601002e-15,0.0,-8.475250166257654
543,0.4346600192776876,2.0812910224776715,74990.6790617147,73117.54152949787,2.5618168951443065,10,1.4210854715202004e-14,0.0,-6.883088217648368
544,0.601414495808873,2.0065839926246554,79113.3502557576,73117.5416057669,8.200232828284525,10,1.7763568394002505e-14,0.0,-8.328928784923507
545,0.41179148450156916,2.0747499947901815,75661.1923617593,73117.54151809661,3.4788517103424983,10,7.105427357601002e-15,0.0,-7.257592697142547
546,0.625828420230385,2.050250011961907,78146.37225575472,73117.5416484533,6.877734800603472,10,3.197442310920451e-14,0.0,-8.059000215803602
547,0.622131696136362,2.032083022641018,78281.90867811098,73117.54164444076,7.0631026666401535,10,1.0658141036401503e-14,0.0,-8.10249866368283
548,0.3795386046889341,1.9956250034738332,75413.24157013331,73117.54152334879,3.1397391090500903,10,2.1316282072803006e-14,0.0,-7.126442458052601
549,0.2636414336350342,2.0435419864952564,74624.98088504492,73117.54154961629,2.061665782903419,10,1.4210854715202004e-14,0.0,-6.012575956359855
550,0.3654808006739798,2.046916983090341,75308.13111929479,73117.54152261448,2.9959836600944536,10,1.4210854715202004e-14,0.0,-7.049403004746855
551,0.37481885518155267,2.0046670106239617,75377.74775915926,73117.54152214015,3.091195614577272,10,1.4210854715202004e-14,0.0,-7.1060045105817515
552,0.5273338255042035,1.9728749757632613,74698.15577454393,73117.54152627624,2.161744248060734,10,2.4868995751603507e-14,0.0,-6.409502239517358
553,0.5278128175891561,2.0111669728066772,74747.92291518036,73117.54152637863,2.22980881846737,10,2.842170943040401e-14,0.0,-6.446664399725702
554,0.5616526727627922,1.6992909950204194,82750.50613873273,73117.54153909284,13.174628682625432,8,7.105427357601002e-15,0.0,-8.02591435748756
555,0.34102369598122123,2.030458999797702,75129.74281752137,73117.54151986426,2.7520089650586064,10,1.4210854715202004e-14,0.0,-6.857467214617292
556,0.3542430396108912,2.017667022300884,75225.43993587629,73117.54152238059,2.8828901650782273,10,1.4210854715202004e-14,0.0,-6.966290953333564
557,0.4316521435160443,2.1980000019539148,75463.87444589779,73117.54153005619,3.208987702187857,10,7.105427357601002e-15,0.0,-7.134815087549985
558,0.3893034727471781,2.0895420166198164,75487.32190728445,73117.54152222577,3.241055888535761,10,1.4210854715202004e-14,0.0,-7.168728359598696
559,0.491133745186877,2.052791998721659,73329.12532121819,73117.54152446798,0.2893748782286553,10,7.105427357601002e-15,0.0,-5.0855967169044245
560,0.611030846297707,2.0970419864170253,78737.09769806906,73117.541626986,7.685646899551958,10,1.7763568394002505e-14,0.0,-8.230877337376016
561,0.2843586276805266,1.9949580018874258,74744.3085482137,73117.54153792656,2.224865574074751,10,1.4210854715202004e-14,0.0,-6.254947338081768
562,0.7266325584076374,1.985665992833674,76086.36735273336,73117.54152068641,4.060346902127455,10,3.197442310920451e-14,0.0,-6.74930042811222
563,0.7473788804834778,1.939000008860603,76091.00106496521,73117.54152134639,4.066684248062053,10,2.842170943040401e-14,0.0,-6.32571234303831
564,0.6080699338013895,2.1017499966546893,78870.29110486267,73117.54162041467,7.867810318778288,10,1.4210854715202004e-14,0.0,-8.264439647937618
565,0.6039557794428279,2.0322089840192348,79037.93556127441,73117.54161119454,8.097091094175191,10,7.105427357601002e-15,0.0,-8.307490675581956
566,0.4984345671805677,2.0108750031795353,73258.35256340273,73117.5415246275,0.19258174692294666,10,3.197442310920451e-14,0.0,-5.001455731282358
567,0.2730503479907027,1.9735420064534992,74678.5605529286,73117.5415450466,2.134944604121135,10,1.4210854715202004e-14,0.0,-6.12263534981067
568,0.4530989970246187,2.207833982538432,73821.47294067443,73117.54152644538,0.9627394460116703,10,7.105427357601002e-15,0.0,-6.0469099170479605
569,0.3657595222635088,2.1203330252319574,75310.19723932544,73117.54152260875,2.998809411608426,10,7.105427357601002e-15,0.0,-7.051106117098075
570,0.6783008359785956,2.0376250031404197,76549.55164040401,73117.54151926577,4.693825927166794,10,1.0658141036401503e-14,0.0,-7.399617172473401
571,0.29223559562905255,2.0542079873848706,74792.15458259155,73117.54153295254,2.2903027297277188,10,7.105427357601002e-15,0.0,-6.344579193433283
572,0.45789999187003805,2.021499996772036,74152.46469084875,73117.54152627068,1.4154239091945204,10,7.105427357601002e-15,0.0,-6.304036605956574
573,0.28383716741891274,2.0944169955328107,74741.24488790447,73117.54153830177,2.220675525246075,10,1.4210854715202004e-14,0.0,-6.2488452398122005
574,0.6985673689376242,2.0006659906357527,76245.33084730415,73117.54151994598,4.277755053491414,10,2.842170943040401e-14,0.0,-7.139086834831685
575,0.45400530799378475,2.0311249827500433,73867.63300369574,73117.54152640015,1.0258707577370556,10,7.105427357601002e-15,0.0,-6.08788477942275
576,0.5076163095864122,2.1232500148471445,73620.26624966679,73117.5415248044,0.6875569314537818,10,7.105427357601002e-15,0.0,-5.25267465803805
577,0.4439225293183452,2.0907500002067536,73833.94805168212,73117.54152715918,0.9798011661221365,10,7.105427357601002e-15,0.0,-6.0519065277319815
578,0.3494929415783416,2.1469159983098507,75190.85208844364,73117.54152459925,2.835585716659884,10,1.4210854715202004e-14,0.0,-6.927186037347948
579,0.39644983445551935,2.1043750166427344,75542.09059762256,73117.54152587682,3.315960877715887,10,7.105427357601002e-15,0.0,-7.199675927751764
580,0.27618358474010446,2.153041015844792,74696.63199877615,73117.54154328734,2.1596602158101166,10,7.105427357601002e-15,0.0,-6.159291990906914
581,0.310671759432836,2.0619590068235993,74916.72996292872,73117.54152647743,2.4606796110612605,10,1.4210854715202004e-14,0.0,-6.540797963434376
582,0.3501341241067844,2.139624994015321,75195.50805317039,73117.54152409254,2.8419534981125585,10,1.4210854715202004e-14,0.0,-6.932464450153843
583,0.6749010692575479,2.0472920150496066,76629.91309593267,73117.54151911127,4.803733145080306,10,2.842170943040401e-14,0.0,-7.443326241772283
584,0.42332260774334574,2.079375000903383,75752.0541558904,73117.54152581179,3.603119819268783,10,1.4210854715202004e-14,0.0,-7.293351556542418
585,0.692551890677884,1.9966250110883266,76301.84410599765,73117.5415197821,4.355046025930767,10,1.0658141036401503e-14,0.0,-7.216411974027232
586,0.6833614582068033,2.110291999997571,76435.56581443592,73117.5415194718,4.537931973657113,10,7.105427357601002e-15,0.0,-7.334557512904038
587,0.40055554158812784,1.9930840062443167,75573.76364850377,73117.54151769089,3.359278881413967,10,1.4210854715202004e-14,0.0,-7.215926278116091
588,0.4689709467156518,1.984624977922067,75008.29374969754,73117.54152589191,2.5859078195840124,10,1.7763568394002505e-14,0.0,-6.794802645471056
589,0.7134718839901959,2.050375012913719,76132.14287107976,73117.54152037603,4.122952287535042,10,1.4210854715202004e-14,0.0,-6.946472077545663
590,0.7376643039510541,2.000125008635223,76072.67741574044,73117.54152103922,4.041623710571414,10,6.394884621840902e-14,0.0,-6.57852157244779
591,0.2677062891782063,1.9645419961307198,74648.00119053507,73117.54154770012,2.09314975645962,10,2.1316282072803006e-14,0.0,-6.060120542997937
592,0.5577149394119394,2.445999998599291,83770.94685901818,73117.54153749073,14.570245521814975,13,4.973799150320701e-14,0.0,-8.127426320708144
593,0.3823990519779501,2.1116250136401504,75434.85199218235,73117.54152340435,3.1692948374587333,10,1.4210854715202004e-14,0.0,-7.138829226854959
594,0.5925733850091778,1.9438329909462482,79655.8249022906,73117.54157757308,8.94215421313203,10,1.0658141036401503e-14,0.0,-8.394895144059081
595,0.38685950352560805,1.9357499841134995,75468.69967763733,73117.54152137101,3.215586995056605,10,1.4210854715202004e-14,0.0,-7.158144834257533
596,0.4243576608565429,1.9646250002551824,75754.28004777775,73117.54152616864,3.6061640839844458,10,1.4210854715202004e-14,0.0,-7.292529380168914
597,0.6350907997048585,1.945540978340432,77819.53517159904,73117.54165574472,6.430732501911045,10,1.7763568394002505e-14,0.0,-7.947284323529285
598,0.3592450773570985,2.1707080013584346,75262.09832066615,73117.54152261897,2.933026402951147,10,7.105427357601002e-15,0.0,-7.007471510146336
599,0.5369020894738021,2.0387919794302434,75900.53304717717,73117.54152883509,3.8061885836855764,10,2.1316282072803006e-14,0.0,-7.136229423786119
600,0.6039130162466684,2.0842500089202076,79039.10017361934,73117.54161104522,8.098683889119714,10,1.0658141036401503e-14,0.0,-8.307851422290423
601,0.5753525017828202,2.1073329844512045,82692.16477227482,73117.54153602861,13.094837483736121,10,7.105427357601002e-15,0.0,-8.646033278987272
602,0.4456374869852013,2.0387079857755452,73744.09350526337,73117.54152699781,0.8569106197781745,10,1.4210854715202004e-14,0.0,-5.955893716842346
603,0.5964234970003599,1.9424579804763198,79399.11411417766,73117.54159242369,8.591060893115227,10,7.105427357601002e-15,0.0,-8.371032858993743
604,0.6835136310796825,2.1352909971028566,76432.24052180607,73117.54151947756,4.533384101058055,10,2.1316282072803006e-14,0.0,-7.332601211385464
605,0.48109021086811604,2.144375001080334,73779.1864973927,73117.5415249292,0.9049059345600623,10,7.105427357601002e-15,0.0,-5.926246065050706
606,0.7411247274441792,2.431582979625091,76068.17960556473,73117.54152116625,4.03547223144028,10,4.618527782440651e-14,0.0,-6.500354957528369
607,0.525686618178862,2.18791700899601,74546.05994757486,73117.5415259098,1.9537287384845397,10,4.263256414560601e-14,0.0,-6.290834252960731
608,0.39886016403805763,2.3227499914355576,75560.66689664124,73117.54151730434,3.341366966993405,10,2.1316282072803006e-14,0.0,-7.209639393264949
609,0.5210699546430333,2.136416995199397,74258.70485081192,73117.54152534803,1.560724419417568,10,1.4210854715202004e-14,0.0,-6.0108735115939185
610,0.36493350975439554,2.024041983531788,75304.07626072984,73117.54152262409,2.9904379887132713,10,1.0658141036401503e-14,0.0,-7.0460588221886535
611,0.25283764725913804,2.0647079800255597,74568.50848932794,73117.54155418824,1.9844306910461074,10,1.4210854715202004e-14,0.0,-5.886237180835496
612,0.6193213993442694,2.1765830169897527,78388.29229667335,73117.54164080367,7.2085993833910615,10,1.4210854715202004e-14,0.0,-8.13556712359243
613,0.469656812102841,2.0513749914243817,74940.74122460712,73117.5415258584,2.4935188748160217,10,1.4210854715202004e-14,0.0,-6.756259267284548
614,0.34291867767508133,1.991458993870765,75143.3545604063,73117.5415189791,2.7706252143356904,10,2.1316282072803006e-14,0.0,-6.873066269991571
615,0.7349465815542003,2.0818750199396163,76076.71188662783,73117.54152092716,4.047141498669948,10,3.907985046680551e-14,0.0,-6.623988208976723
616,0.2668033387704408,2.1638750040438026,74642.87078835866,73117.54154814381,2.086133105570169,10,1.4210854715202004e-14,0.0,-6.049558716343418
617,0.32876558636179987,2.0181250001769513,75042.5688095949,73117.5415231125,2.6327844815103707,10,1.4210854715202004e-14,0.0,-6.731335864247478
618,0.4807080591309327,2.0781659986823797,73812.84387123393,73117.54152496217,0.9509378074950442,10,1.4210854715202004e-14,0.0,-5.958736379192174
619,0.6696300463658951,2.08283300162293,76757.32406509567,73117.54151884298,4.9779881416208385,10,7.105427357601002e-15,0.0,-7.5110952960475
620,0.3749802035784885,2.053833013633266,75378.95776558094,73117.54152219131,3.092850492933058,10,2.1316282072803006e-14,0.0,-7.106703192471878
621,0.5850610803668619,1.9810000085271895,80478.78189422852,73117.54154647235,10.067680329592985,10,1.0658141036401503e-14,0.0,-8.42003053205808
622,0.3164439627840456,1.9922500068787485,74956.5008064295,73117.5415254629,2.5150726386583737,10,2.1316282072803006e-14,0.0,-6.6021570922970065
623,0.4512520885596244,2.0626249897759408,73745.87625383353,73117.54152653467,0.8593488158663485,10,1.4210854715202004e-14,0.0,-5.97294477715263
624,0.6799940242532357,2.0288749947212636,76509.86239998795,73117.5415193378,4.639544506229006,10,1.0658141036401503e-14,0.0,-7.377849146476354
625,0.29581518854332467,1.9616670033428818,74816.04209196923,73117.54153130132,2.322972743744103,10,2.1316282072803006e-14,0.0,-6.382672411483189
626,0.4688974242723554,2.1500830189324915,75015.80081271291,73117.54152589572,2.5961749358666473,10,1.4210854715202004e-14,0.0,-6.798897175042404
627,0.4041357819747698,2.0952080085407943,75601.50340881154,73117.54151817621,3.3972174652752005,10,2.1316282072803006e-14,0.0,-7.229202802118056
628,0.2707376934671637,2.0027080026920885,74665.29477536496,73117.54154624473,2.1168015176513117,10,1.4210854715202004e-14,0.0,-6.095580826954921
629,0.4509239004760037,2.03483400400728,73736.0197611343,73117.5415265496,0.8458684765271143,10,1.4210854715202004e-14,0.0,-5.961910088760475
630,0.47419606045364643,2.0839579810854048,74466.66225222033,73117.54152553559,1.8451396183959041,10,7.105427357601002e-15,0.0,-6.467471542588112
631,0.6819106947481548,2.08733300678432,76467.22055515944,73117.54151941556,4.581224923781665,10,3.197442310920451e-14,0.0,-7.353208338855536
632,0.5624546627171587,41.74683301243931,84509.76118661207,73117.54153925084,15.58069296031469,249,1.7763568394002505e-14,2.406224933193535e-07,-8.010374517306547
633,0.31919386968756336,2.087792003294453,74975.57314368439,73117.54152495619,2.5411571286132815,10,7.105427357601002e-15,0.0,-6.630984996418067
634,0.630895032355473,2.10395798785612,77967.29817283945,73117.54165290805,6.632822179598692,10,1.4210854715202004e-14,0.0,-7.998860335875191
635,0.3172856283541573,2.0937499939464033,74962.32991954975,73117.54152530822,2.5230448887603774,10,1.4210854715202004e-14,0.0,-6.6109803467249275
636,0.44967582362451064,2.034874982200563,73710.87466840676,73117.54152660843,0.8114785172069913,10,1.4210854715202004e-14,0.0,-5.93106590902531
637,0.37117769328538064,2.0132919889874756,75350.5057237301,73117.54152234155,3.05393774858561,10,1.4210854715202004e-14,0.0,-7.084214036652949
638,0.6968531556922628,2.1169579995330423,76261.17614478372,73117.54151990198,4.299426046793534,10,1.4210854715202004e-14,0.0,-7.161121485090276
639,0.7193683998819816,2.082375023746863,76104.40161868407,73117.54152052336,4.0850116621089265,10,1.0658141036401503e-14,0.0,-6.858803868929355
640,0.51889009687096,2.455582987749949,74162.18019542168,73117.54152524221,1.428711425997318,10,7.105427357601002e-15,0.0,-5.884655510862273
641,0.2654601807779357,2.076542004942894,74635.25689545093,73117.54154878772,2.0757198813235793,10,1.4210854715202004e-14,0.0,-6.033848263213731
642,0.49449546539348327,2.0610420033335686,73304.76243404212,73117.54152454229,0.2560547108069594,10,2.1316282072803006e-14,0.0,-4.979231385008636
643,0.5058227654505791,2.022208005655557,73551.0839017095,73117.54152477201,0.5929389417320703,10,1.7763568394002505e-14,0.0,-5.167087246427435
644,0.2994751301724946,1.9848330121021718,74840.61099861839,73117.54152960736,2.356574678202638,10,1.4210854715202004e-14,0.0,-6.42162322541126
645,0.31161872977604776,2.056375000393018,74923.23012866214,73117.54152631882,2.4695696335650954,10,1.0658141036401503e-14,0.0,-6.550878309009767
646,0.3776927824784013,2.0772499847225845,75399.3361637688,73117.54152296891,3.1207212295056466,10,7.105427357601002e-15,0.0,-7.11844944738616
647,0.6594898138032033,2.0172499935142696,77018.17754742851,73117.54165768214,5.334747040605053,10,1.7763568394002505e-14,0.0,-7.641474264957408
648,0.6826724324720643,2.0061669929418713,76450.6341868036,73117.54151944531,4.558540396864773,10,3.197442310920451e-14,0.0,-7.343415509858927
649,0.5134718033992187,2.11816601222381,73904.54566395745,73117.54152499142,1.076354760501673,10,4.263256414560601e-14,0.0,-5.565674961341013
650,0.46321226342718635,2.076167002087459,74715.43042803822,73117.54152613113,2.1853701157827223,10,1.4210854715202004e-14,0.0,-6.630857548664544
651,0.6931045446330355,2.0064169948454946,76296.56544312448,73117.5415197982,4.347826605282527,10,2.4868995751603507e-14,0.0,-7.209307770877229
652,0.7079936887909583,2.05124999047257,76169.025750756,73117.54152022213,4.173395558834426,10,1.7763568394002505e-14,0.0,-7.017927208162906
653,0.4133726718138773,2.0586670143529773,75673.58305377743,73117.54151892549,3.4957979737192733,10,1.4210854715202004e-14,0.0,-7.26345633781503
654,0.4468844964024063,1.990792021388188,73709.48792944294,73117.54152686981,0.8095819282375563,10,1.4210854715202004e-14,0.0,-5.919560767535795
655,0.3625526173204429,1.943708019098267,75286.46914994548,73117.54152264087,2.9663574323447452,10,1.4210854715202004e-14,0.0,-7.031510660897609
656,0.3444934655959763,2.100749989040196,75154.69327495081,73117.54151814942,2.786132731631476,10,1.4210854715202004e-14,0.0,-6.886029755779163
657,0.3609878369653106,2.073499985272065,75274.92649892118,73117.54152263489,2.950571000282384,10,1.4210854715202004e-14,0.0,-7.02181958947299
658,0.6269869531084611,2.0183330052532256,78105.42391175812,73117.54164945101,6.821731351719418,10,3.197442310920451e-14,0.0,-8.045368164999328
659,0.3539924915785594,1.9612920004874468,75223.61005461396,73117.54152234463,2.880387508140874,10,7.105427357601002e-15,0.0,-6.964228294089898
660,0.2665355135307084,2.0548330212477595,74641.35089041936,73117.5415482715,2.0840544004640127,10,7.105427357601002e-15,0.0,-6.0464260104919045
661,0.313410009532503,2.0545829902403057,74935.55155989231,73117.54152601222,2.486421173273872,10,2.1316282072803006e-14,0.0,-6.569946588093822
662,0.27413247743176034,2.029708994086832,74684.78913584515,73117.5415444567,2.1434631940346733,10,2.1316282072803006e-14,0.0,-6.135295165803692
663,0.35747942595372423,1.9837500003632158,75249.13110863695,73117.54152259516,2.915291654579333,10,1.4210854715202004e-14,0.0,-6.992935153857252
664,0.6216649256042217,2.058834012132138,78299.47939404944,73117.54164382824,7.087133448035725,10,7.105427357601002e-15,0.0,-8.10799107963416
665,0.6038145683592002,2.0742909982800484,79041.80394956989,73117.54161092133,8.102381737850546,10,7.105427357601002e-15,0.0,-8.30868192047041
666,0.44071716057145655,1.9942920189350843,74105.71592859825,73117.54152742913,1.3514874550294032,10,1.0658141036401503e-14,0.0,-6.297520841718674
667,0.40815661393224534,2.0397090120241046,75632.78952882577,73117.54151772689,3.4400062678380365,10,1.4210854715202004e-14,0.0,-7.244113314377143
668,0.47207142946898634,2.0374169980641454,74686.2114858652,73117.54152572007,2.145408512666334,10,1.0658141036401503e-14,0.0,-6.605678252259399
669,0.6573455824110795,2.041083003859967,77079.95755264963,73117.54165817684,5.419241135043925,10,7.105427357601002e-15,0.0,-7.6690450005798905
670,0.6118185180482071,1.9417080038692802,78702.4379106437,73117.54162861031,7.638244062418064,10,1.0658141036401503e-14,0.0,-8.221949030508934
671,0.6906377629787686,2.058625017525628,76320.41943110184,73117.54151972363,4.380450771193153,10,3.197442310920451e-14,0.0,-7.2410178048625005
672,0.6014952728454872,2.0320840121712536,79110.61296982778,73117.54160604965,8.196489149031061,10,7.105427357601002e-15,0.0,-8.328247353186901
673,0.30746601075843394,2.004915993893519,74894.795726709,73117.5415272057,2.4306810135868853,10,1.4210854715202004e-14,0.0,-6.50667438929709
674,0.6775680455107855,1.9475409935694188,76566.82279176904,73117.54151923367,4.717447005009098,10,1.0658141036401503e-14,0.0,-7.409038189132293
675,0.3772617590960719,2.003208006499335,75396.09356242999,73117.5415228594,3.1162864507119923,10,1.7763568394002505e-14,0.0,-7.116582983368793
676,0.583845254036155,2.0530829788185656,80661.52648758801,73117.5415435083,10.317612962397941,10,7.105427357601002e-15,0.0,-8.423673101825942
677,0.558324991230319,2.4700830108486116,83336.98703297134,73117.54153783692,13.976735650837025,13,7.105427357601002e-15,0.0,-8.110973631041803
678,0.6685527496424155,1.9813750113826245,76783.57642945516,73117.54151878315,5.01389247302611,10,2.1316282072803006e-14,0.0,-7.524946315811651
679,0.5814654060864329,2.052374999038875,81044.42874953443,73117.54153830354,10.84129340847475,10,1.7763568394002505e-14,0.0,-8.42919786489976
680,0.6547970584912466,2.049625007202849,77157.49791928586,73117.54165884297,5.525290058701384,10,1.4210854715202004e-14,0.0,-7.701814630492714
681,0.6016245695623791,1.9670829933602363,79106.23901128158,73117.54160609358,8.19050705704922,10,1.7763568394002505e-14,0.0,-8.32715661167009
682,0.26043404466370995,1.981749985134229,74606.95431015814,73117.54155069678,2.0370115404231055,10,2.1316282072803006e-14,0.0,-5.9750646343467135
683,0.6125926981991755,2.004582987865433,78668.67681580725,73117.54163005683,7.592070332228572,10,7.105427357601002e-15,0.0,-8.213173672634412
684,0.5600549768933586,2.349499991396442,86491.73944101293,73117.54153862412,18.291367052219517,12,3.197442310920451e-14,0.0,-8.064317521455367
685,0.661294733332394,1.945541996974498,76968.94638909577,73117.54165895004,5.267415510371301,10,7.105427357601002e-15,0.0,-7.618266717164247
686,0.5308168984140746,1.991458993870765,75087.40628894902,73117.54152746696,2.69410694113951,10,1.0658141036401503e-14,0.0,-6.688224820308623
687,0.5131967333204281,2.019084000494331,73891.75629028464,73117.54152497626,1.0588632346779832,10,7.105427357601002e-15,0.0,-5.550164320287748
688,0.5720576731230281,1.9860000174958259,85847.66643243333,73117.54153810607,17.4104936059602,10,7.105427357601002e-15,0.0,-8.738799133945305
689,0.37520816539709,1.991790981264785,75380.66773746774,73117.54152226294,3.0951891544599053,10,1.4210854715202004e-14,0.0,-7.107690329050517
690,0.42599395219704356,2.027249982347712,75756.7158260514,73117.54152709994,3.609495401282454,10,7.105427357601002e-15,0.0,-7.290058588510842
691,0.36764192159215925,2.0581670105457306,75324.17025515744,73117.5415225523,3.017919758591074,10,1.4210854715202004e-14,0.0,-7.062608476378406
692,0.4119859305390835,1.9657089724205434,75662.71495175824,73117.54151820054,3.480934096948756,10,1.4210854715202004e-14,0.0,-7.258313775296954
693,0.6098191962276676,1.945875003002584,78791.03860460327,73117.54162429602,7.759419770237482,10,1.7763568394002505e-14,0.0,-8.244611505533086
694,0.7318810303359118,2.0954160136170685,76076.21852189853,73117.5415207899,4.046466743233377,10,1.0658141036401503e-14,0.0,-6.67019110151587
695,0.3332612025519381,2.068833011435345,75074.3634696481,73117.54152220048,2.6762687950243462,10,2.1316282072803006e-14,0.0,-6.778472601596553
696,0.31053227710721365,1.988915988476947,74915.77333401576,73117.54152650078,2.45937126710316,10,1.4210854715202004e-14,0.0,-6.539313209108079
697,0.7057247856453359,2.0025000267196447,76186.2749234805,73117.54152015192,4.196986577404001,10,3.197442310920451e-14,0.0,-7.047089030240339
698,0.611876713552174,2.067249995889142,78699.88963251536,73117.5416286604,7.634758882083104,10,7.105427357601002e-15,0.0,-8.221289381804915
699,0.7271301455282153,2.053041011095047,76085.20165868943,73117.54152069642,4.058752627990084,10,1.4210854715202004e-14,0.0,-6.741800057258696
700,0.5520380093081121,1.9716660026460886,78565.33601934674,73117.54153241824,7.450735312966042,10,7.105427357601002e-15,0.0,-8.080080088268057
701,0.7469039595545515,2.039165992755443,76087.46014249146,73117.54152133511,4.06184146698881,10,1.7763568394002505e-14,0.0,-6.340748248593758
702,0.5079521151705014,2.083541010506451,73637.36397936888,73117.54152481038,0.710940827218745,10,1.0658141036401503e-14,0.0,-5.269970472087994
703,0.7262709707646927,2.316041005542502,76087.21969240901,73117.54152067928,4.061512613754711,10,1.4210854715202004e-14,0.0,-6.754750854664417
704,0.46076345798588164,2.0191670046187937,74438.6655345442,73117.54152620159,1.806849602388759,10,1.4210854715202004e-14,0.0,-6.476401660381307
705,0.5328910042744051,2.0381670037750155,75343.01486189486,73117.5415280735,3.0436927819391797,10,1.4210854715202004e-14,0.0,-6.844159698787919
706,0.30699961269995835,2.510749996872619,74891.61366916815,73117.54152730231,2.4263290378867457,10,2.1316282072803006e-14,0.0,-6.501709961590732
707,0.5158596687146526,2.123333018971607,74011.4754591018,73117.54152509937,1.2225984563438395,10,1.4210854715202004e-14,0.0,-5.706432191942472
708,0.29561187383369986,2.541042020311579,74814.68154978863,73117.54153139476,2.321111983319571,10,7.105427357601002e-15,0.0,-6.380508715550489
709,0.5778141897579268,2.195833978476003,81793.41371704877,73117.54153384537,11.865650842742598,10,1.4210854715202004e-14,0.0,-8.494531676161861
710,0.39062836751629954,2.0422910165507346,75497.43952204012,73117.54152292442,3.2548933532858597,10,1.4210854715202004e-14,0.0,-7.174465807387616
711,0.49287291203535527,1.9974999886471778,73324.0506207232,73117.54152450783,0.2824344089114978,10,7.105427357601002e-15,0.0,-5.022182599524487
712,0.39497959812260897,2.115333016263321,75530.78469223512,73117.5415250047,3.3004982346201333,10,1.4210854715202004e-14,0.0,-7.1933089588536365
713,0.7410791989217509,2.064542000880465,76068.08848290364,73117.54152116434,4.035347606545606,10,1.4210854715202004e-14,0.0,-6.50149283885065
714,0.6801187372722435,1.9622090039774776,76507.02667715952,73117.54151934295,4.635666199088346,10,3.197442310920451e-14,0.0,-7.376245818272586
715,0.2968981564878838,1.992875011637807,74823.29672344457,73117.54153080397,2.3328946199893457,10,1.4210854715202004e-14,0.0,-6.394197600406012
716,0.34381814309446546,1.9997080089524388,75149.82786071251,73117.54151851975,2.779478494470453,10,1.4210854715202004e-14,0.0,-6.880470551946273
717,0.5005465263676113,1.9919170008506626,73291.41771610102,73117.54152466837,0.23780366216769436,10,7.105427357601002e-15,0.0,-5.020256617729887
718,0.34579436548634196,1.9315409881528467,75164.0784517471,73117.54151760446,2.798968471402855,10,1.4210854715202004e-14,0.0,-6.896738754482789
719,0.47244162692038655,2.0522499980870634,74647.78371980123,73117.54152568633,2.0928523609855185,10,2.4868995751603507e-14,0.0,-6.581799843583526
720,0.6303304590353573,2.041917003225535,77987.25017844861,73117.54165227697,6.66010975769724,10,2.1316282072803006e-14,0.0,-8.005800361127232
721,0.6460471202038807,2.025250025326386,77440.28530299733,73117.5416602101,5.912047293487752,10,7.105427357601002e-15,0.0,-7.8126095186411115
722,0.6246814979111623,1.9751249928958714,78187.60358863567,73117.54164708205,6.934125282856736,10,1.7763568394002505e-14,0.0,-8.07249570719423
723,0.25073788404803904,2.1201670169830322,74558.770514915,73117.5415591322,1.9711124376593576,10,7.105427357601002e-15,0.0,-5.861687680344499
724,0.5465442742342869,2.091291011311114,77646.16187132326,73117.54153010153,6.193616807202627,10,1.4210854715202004e-14,0.0,-7.821023585280321
725,0.5456446590024076,2.0460830128286034,77476.99540471632,73117.54152999855,5.962254451524717,10,3.197442310920451e-14,0.0,-7.758729423799547
726,0.6784680513586986,2.0304169738665223,76545.63446670504,73117.54151927313,4.688468561991103,10,2.4868995751603507e-14,0.0,-7.397467399267788
727,0.45463103246974546,2.105333987856284,73903.5873324782,73117.5415263662,1.0750440861425195,10,7.105427357601002e-15,0.0,-6.118998103323412
728,0.5817226217941325,2.0305000070948154,81000.69664384722,73117.54153890965,10.781482718127952,10,7.105427357601002e-15,0.0,-8.42871853429874
729,0.45965184593177605,1.9845830101985484,74321.69306197079,73117.54152622665,1.6468709294775994,10,1.0658141036401503e-14,0.0,-6.409068867044055
730,0.45524553703642595,2.0474999910220504,73943.5944110825,73117.54152633509,1.1297602018660349,10,7.105427357601002e-15,0.0,-6.1501535009926975
731,0.7494637271610043,2.0063749980181456,76105.24895498561,73117.54152140228,4.08617052955589,10,1.0658141036401503e-14,0.0,-6.257185538619617
732,0.5071428835326428,1.9781669834628701,73598.19666339851,73117.54152479577,0.6573732220465064,10,1.4210854715202004e-14,0.0,-5.229907463566862
733,0.5397442004144614,1.9373329996597022,76336.02130176603,73117.54152925147,4.40178882549952,10,2.1316282072803006e-14,0.0,-7.340368297234134
734,0.6994988307563231,1.9637499935925007,76236.81495370687,73117.54151996906,4.266108199064521,10,1.0658141036401503e-14,0.0,-7.127113902660433
735,0.5437758154026266,1.9981669902335852,77106.80578421646,73117.54152976812,5.45596059575417,10,1.4210854715202004e-14,0.0,-7.627289130669514
736,0.43626021559194383,1.9765000033657998,74730.8706760232,73117.54152710031,2.2064871373238417,10,1.4210854715202004e-14,0.0,-6.730908353123198
737,0.3042270006588669,1.949833007529378,74872.74517047039,73117.54152787453,2.400523329858835,10,1.4210854715202004e-14,0.0,-6.4721985349528754
738,0.7465863910856473,2.079792000586167,76083.75901692081,73117.5415213271,4.056779582405016,10,7.105427357601002e-15,0.0,-6.350649502626492
739,0.57001067574516,2.061667008092627,89197.31794938131,73117.541538913,21.991680890844336,10,7.105427357601002e-15,0.0,-8.391806944514762
740,0.435020073464316,2.041208994342014,74934.36877196076,73117.54152857538,2.4848035169171117,10,7.105427357601002e-15,0.0,-6.851875086026774
741,0.5227928994433959,2.0345000084489584,74349.9041396937,73117.54152542943,1.6854541175124975,10,1.7763568394002505e-14,0.0,-6.111756172419589
742,0.557867831261286,2.538583008572459,84127.35152552288,73117.54153758037,15.057686235639883,13,1.7763568394002505e-14,0.0,-8.123302922184894
743,0.6961871412786534,2.0865419937763363,76267.40459820893,73117.5415198844,4.3079444588107805,10,2.842170943040401e-14,0.0,-7.169682596181389
744,0.3108643404094773,2.0090000180061907,74918.05110332834,73117.54152644491,2.462486483126934,10,1.0658141036401503e-14,0.0,-6.542847944806569
745,0.6584052880845612,2.0926249853800982,77048.9699119042,73117.54165762485,5.376860552408047,10,1.0658141036401503e-14,0.0,-7.655419156990799
746,0.7118088728258046,2.0695840066764504,76143.14648562152,73117.54152033154,4.138001500568318,10,2.4868995751603507e-14,0.0,-6.9688930357483905
747,0.6577463387366064,2.027291018748656,77068.22983701526,73117.5416578334,5.403201597873477,10,7.105427357601002e-15,0.0,-7.663892009485858
748,0.609802597665176,1.9761250005103648,78791.7828935471,73117.54162440247,7.760437704939055,10,7.105427357601002e-15,0.0,-8.244799652155045
749,0.26079598865273557,2.023999986704439,74608.98244032089,73117.54155060355,2.039785334802508,10,7.105427357601002e-15,0.0,-5.979297494616227
750,0.42738907287258576,2.032416989095509,75745.67517298146,73117.54152808682,3.594395530770256,10,7.105427357601002e-15,0.0,-7.2824228512664355
751,0.4279647611370578,1.9545000104699284,75734.639204109,73117.54152852214,3.5793020674333915,10,1.4210854715202004e-14,0.0,-7.275837292460913
752,0.5315717172088279,1.9254169892519712,75173.25303609841,73117.5415277694,2.8115161770698633,10,2.4868995751603507e-14,0.0,-6.747544151040438
753,0.7008301001830131,2.086958003928885,76225.59844354732,73117.54152000058,4.250767817045056,10,3.197442310920451e-14,0.0,-7.110002077536965
754,0.3779686515007719,2.0665829943027347,75401.41242776788,73117.54152303509,3.123560854426802,10,1.4210854715202004e-14,0.0,-7.119644046715387
755,0.37609367028777857,1.990082993870601,75387.3145649778,73117.54152253267,3.104279759933739,10,1.4210854715202004e-14,0.0,-7.111524813265749
756,0.65677921599706,2.039999992121011,77096.98432516342,73117.54165815786,5.442527985432563,10,4.618527782440651e-14,0.0,-7.6763274547382965
757,0.2761855139959684,2.0624169846996665,74696.64316081794,73117.54154328642,2.1596754816991077,10,1.4210854715202004e-14,0.0,-6.159314562716696
758,0.40777612200670493,2.031917014392093,75629.8229356698,73117.541517834,3.4359489743279013,10,1.4210854715202004e-14,0.0,-7.242702323534261
759,0.556938682437112,2.480541996192187,82991.39867560926,73117.54153699681,13.504087980879898,13,3.907985046680551e-14,0.0,-8.143762782199161
760,0.5782083490519507,2.006333990721032,81699.91860518663,73117.54153343744,11.737781237932312,10,7.105427357601002e-15,0.0,-8.48031996290252
761,0.5242125007177181,2.097874996252358,74437.96309860013,73117.54152552159,1.805888909185554,10,1.4210854715202004e-14,0.0,-6.19847790779172
762,0.7326301259800152,2.0101670233998448,76075.93101019952,73117.54152082419,4.046073524685959,10,1.4210854715202004e-14,0.0,-6.658900744274269
763,0.6175271343187287,1.9836249994114041,78459.94097140021,73117.5416383342,7.306590475226116,10,3.197442310920451e-14,0.0,-8.156680215495534
764,0.3337802816971094,2.244500006781891,75078.04772946815,73117.54152209098,2.681307613146214,10,7.105427357601002e-15,0.0,-6.783915335191402
765,0.5512188534974878,2.2352910018526018,78456.37830070015,73117.54153164703,7.301718106512566,10,7.105427357601002e-15,0.0,-8.059687294021503
766,0.5561136528763756,2.0923330157529563,82751.57559242865,73117.5415363945,13.176091336767346,10,2.4868995751603507e-14,0.0,-8.151320473060785
767,0.7034261608398973,2.1084999898448586,76204.69497047004,73117.54152007747,4.2221789548884905,10,1.7763568394002505e-14,0.0,-7.076633615497596
768,0.6332907490558539,2.1997079893480986,77882.70981742349,73117.54165432675,6.5171339944998765,10,7.105427357601002e-15,0.0,-7.969411137155812
769,0.4854041920288544,2.0735829893965274,73488.88194606238,73117.54152458507,0.5078677615992381,10,1.4210854715202004e-14,0.0,-5.538475920152938
770,0.5869833251907249,2.041125000687316,80214.77369402615,73117.54155073523,9.706606640167536,10,7.105427357601002e-15,0.0,-8.41427156514281
771,0.5568232396987278,2.087417000439018,85132.5313964079,73117.54153691491,16.432431406938054,10,1.4210854715202004e-14,0.0,-8.145674296227332
772,0.6215838129155686,2.141667006071657,78302.53736626462,73117.54164363668,7.091315717230736,10,1.4210854715202004e-14,0.0,-8.108945520902369
773,0.4003672830324921,2.071708004223183,75572.30811336238,73117.54151765327,3.357288203018201,10,1.4210854715202004e-14,0.0,-7.215228166771173
774,0.5937584338128817,2.1102910104673356,79561.24431916658,73117.54158273168,8.812800043535281,10,7.105427357601002e-15,0.0,-8.388428523594124
775,0.5428174474025038,2.0319169852882624,76912.66905935881,73117.54152963984,5.190447395144612,10,2.4868995751603507e-14,0.0,-7.559687501499716
776,0.6647639703651202,2.0594999950844795,76877.27949374664,73117.54166504504,5.142046276562665,10,7.105427357601002e-15,0.0,-7.573660223789133
777,0.5978858933580051,1.9735830137506127,79297.1015943352,73117.54159669756,8.451542355899925,10,7.105427357601002e-15,0.0,-8.358696037604513
778,0.6355044634008673,2.0060830283910036,77805.03358075154,73117.54165608983,6.410899243179483,10,7.105427357601002e-15,0.0,-7.942199457910617
779,0.5530937717250616,2.056124998489395,78796.37409141136,73117.54153349702,7.7667170405513755,10,7.105427357601002e-15,0.0,-8.105043024640498
780,0.674598771981645,2.04433299950324,76637.08492155286,73117.54151909676,4.8135417703245205,10,7.105427357601002e-15,0.0,-7.447212778846698
781,0.5764839233161475,1.9495830056257546,82206.00195127903,73117.54153509326,12.42993162157087,10,7.105427357601002e-15,0.0,-8.578734176517914
782,0.5892550765693398,2.010459022130817,79942.2541207975,73117.54156074242,9.333892270414271,10,7.105427357601002e-15,0.0,-8.407465500370375
783,0.6318106753798132,2.0492080075200647,77934.95288221289,73117.54165358313,6.588584790574236,10,2.4868995751603507e-14,0.0,-7.987604815973301
784,0.6228523440078941,2.0104169961996377,78254.86977827613,73117.54164523669,7.026122620431556,10,1.0658141036401503e-14,0.0,-8.094018930707717
785,0.7450807174989436,1.9587499846238643,76065.41899992287,73117.5415212879,4.031696658970275,10,5.684341886080802e-14,0.0,-6.394513569044696
786,0.5653633673891703,2.2166669950820506,90046.45573294495,73117.54153946869,23.1530134042295,10,7.105427357601002e-15,0.0,-7.963223368760048
787,0.7421319441277965,2.1836250089108944,76065.87989577721,73117.54152119963,4.032327008318163,10,2.842170943040401e-14,0.0,-6.473820443347125
788,0.6610790301590233,2.0562909776344895,76974.82068650874,73117.54165823132,5.275449558065364,10,2.842170943040401e-14,0.0,-7.621040201893543
789,0.7148180026827617,2.0789160043932498,76123.20860158258,73117.54152041065,4.110733236747157,10,7.105427357601002e-15,0.0,-6.927405279556765
790,0.5753357296014969,2.0492910116445273,82700.70283271279,73117.54153604226,13.106514654826906,10,1.4210854715202004e-14,0.0,-8.646932656402791
791,0.5157092219668262,1.9931670103687793,74004.92330826279,73117.54152509195,1.2136373360779897,10,1.4210854715202004e-14,0.0,-5.697528250568002
792,0.4562242296651821,1.9294169906061143,74013.88857819448,73117.54152631463,1.225898783204118,10,1.4210854715202004e-14,0.0,-6.20334488237986
793,0.3974001972311764,2.0354579901322722,75549.4088962196,73117.54152652163,3.3259698273852196,10,2.1316282072803006e-14,0.0,-7.203791561302597
794,0.5920159165070101,1.9759169954340905,79704.41146508772,73117.54157504758,9.008604157292948,10,1.0658141036401503e-14,0.0,-8.39793716316946
795,0.4592118616353414,1.9690420012921095,74277.49058806732,73117.54152623881,1.5864169358214109,10,2.1316282072803006e-14,0.0,-6.383111201050063
796,0.3865424502683664,1.911583007313311,75466.28776503864,73117.54152136542,3.212288316596227,10,7.105427357601002e-15,0.0,-7.156771852324617
797,0.6704662300912608,2.109958993969485,76736.91807883681,73117.54151888828,4.950079672760263,10,2.4868995751603507e-14,0.0,-7.500344386771535
798,0.40993138939884877,1.982499990845099,75646.64343467326,73117.54152722831,3.458953699233895,10,1.4210854715202004e-14,0.0,-7.250694791965293
799,0.5449035782299121,1.971333025721833,77332.13492572962,73117.54152991579,5.764134443838552,10,1.4210854715202004e-14,0.0,-7.706606479529211
800,0.5756063086713493,1.915417000418529,82566.99189790279,73117.5415358285,12.923643442584765,10,7.105427357601002e-15,0.0,-8.631663237716383
801,0.4352471987743773,2.0952090271748602,74897.4908195955,73117.54152797064,2.434366985580284,10,1.0658141036401503e-14,0.0,-6.83145205539487
802,0.2509744518991284,2.000957989366725,74559.86503554549,73117.54155857224,1.972609371470525,10,2.1316282072803006e-14,0.0,-5.864453441474581
803,0.47663616395029845,2.01274998835288,74192.40620514232,73117.54152532341,1.4700503564478407,10,1.4210854715202004e-14,0.0,-6.283111190667174
804,0.26960592287016333,2.062417013803497,74658.82568101477,73117.54154681305,2.107953989693325,10,1.4210854715202004e-14,0.0,-6.082341441083182
805,0.5130420454795059,2.016917016590014,73884.66248767791,73117.54152497114,1.0491613184844095,10,1.7763568394002505e-14,0.0,-5.541442200101893
806,0.6696953093600115,2.3326249793171883,76755.73423376512,73117.54151884653,4.975813791524741,10,3.907985046680551e-14,0.0,-7.510256200021275
807,0.36068637547291343,2.354167023440823,75272.70542478614,73117.54152263337,2.947533324114351,10,1.4210854715202004e-14,0.0,-7.019337654238971
808,0.42420790565598226,2.3436250048689544,75754.44539836378,73117.54152611732,3.606390227582486,10,2.1316282072803006e-14,0.0,-7.2929591009689645
809,0.40838176193067194,2.0792499999515712,75634.54553452376,73117.54151765618,3.4424078882080287,10,1.7763568394002505e-14,0.0,-7.244948238847495
810,0.4341957525283303,1.9920409831684083,75064.67215785997,73117.54153049321,2.663014355528788,10,1.4210854715202004e-14,0.0,-6.923562729041441
811,0.325309333297812,2.036707999650389,75018.26839690396,73117.5415237943,2.599549757141555,10,1.4210854715202004e-14,0.0,-6.695098695664918
812,0.6432181893290159,2.065250009763986,77537.3157896439,73117.54165937261,6.044752093637616,10,1.7763568394002505e-14,0.0,-7.847381997572152
813,0.5144698159295191,2.1040840074419975,73950.2435796792,73117.54152503611,1.13885401132909,10,1.4210854715202004e-14,0.0,-5.6233551463025
814,0.37176030891354517,1.9950000278186053,75354.85637958284,73117.54152229356,3.059887970395072,10,1.7763568394002505e-14,0.0,-7.087774184756797
815,0.47522009657838127,2.193000022089109,74352.36141352911,73117.54152544611,1.688814834745592,10,1.0658141036401503e-14,0.0,-6.392156357973979
816,0.3398986969607681,2.1748750004917383,75121.67870173187,73117.54152036796,2.7409799887837187,10,2.1316282072803006e-14,0.0,-6.848071627584446
817,0.46807464644178676,2.0987919997423887,75086.39887119002,73117.54152593388,2.6927291374502937,10,3.907985046680551e-14,0.0,-6.835506791520299
818,0.25538314162508097,2.0148339972365648,74580.38514612436,73117.54155130856,2.000673933749924,10,7.105427357601002e-15,0.0,-5.91600022185341
819,0.5152937293381158,2.044458989985287,73987.81809346552,73117.54152507416,1.1902432032577528,10,7.105427357601002e-15,0.0,-5.672459692180134
820,0.2696641077471604,1.9540829816833138,74659.157895741,73117.54154678127,2.1084083468169994,10,1.4210854715202004e-14,0.0,-6.083022074608302
821,0.3311873671817632,1.9773330132011324,75059.6711376501,73117.54152262482,2.656174666956403,10,7.105427357601002e-15,0.0,-6.756728022563094
822,0.4385918001429886,1.9630410242825747,74370.48054245528,73117.54152739269,1.7135956555557659,10,2.1316282072803006e-14,0.0,-6.499758443813567
823,0.25404131374429045,1.9818749860860407,74574.11474448882,73117.54155123072,1.9920981509444355,10,1.0658141036401503e-14,0.0,-5.900310676079874
824,0.4618453832330752,1.9584160181693733,74558.02940715736,73117.54152616872,1.970098899554895,10,7.105427357601002e-15,0.0,-6.544048260642076
825,0.46902326278143125,1.9661670085042715,75003.16658686029,73117.54152589024,2.578895599631682,10,2.4868995751603507e-14,0.0,-6.79188912917612
826,0.5412069703432272,2.086666994728148,76596.89291421833,73117.54152942466,4.758572720054429,10,1.4210854715202004e-14,0.0,-7.443556579316216
827,0.4404675768035045,2.0598330011125654,74133.11621054134,73117.5415274443,1.388961748277402,10,7.105427357601002e-15,0.0,-6.319470094493618
828,0.25001057643783886,2.0143750007264316,74555.40968289922,73117.54156074148,1.9665159569995276,10,2.1316282072803006e-14,0.0,-5.8531847216331725
829,0.321131180686424,1.9646250002551824,74989.05679227173,73117.54152459482,2.559598187594119,10,1.4210854715202004e-14,0.0,-6.651294933025616
830,0.6085331023972673,2.1138339943718165,78849.14491299671,73117.54162156724,7.838889498082947,10,1.4210854715202004e-14,0.0,-8.259189555016548
831,0.7044537829217756,2.025833004154265,76196.4323552025,73117.54152011141,4.210878499305432,10,2.4868995751603507e-14,0.0,-7.063425335050561
832,0.4226938786432334,2.0475839846767485,75747.07013940784,73117.5415255893,3.5963033752964244,10,1.4210854715202004e-14,0.0,-7.291572314450692
833,0.5626021766985969,1.663832983467728,84270.79081302806,73117.54153926716,15.253862532797468,8,7.105427357601002e-15,0.0,-8.008142438542533
834,0.309297311377678,2.0761660125572234,74907.31240644804,73117.54152678707,2.4477995871965583,10,2.1316282072803006e-14,0.0,-6.5261674489595976
835,0.3824144407465508,2.0147920004092157,75434.96845410997,73117.541523402,3.1694541178825753,10,1.7763568394002505e-14,0.0,-7.138895866106516
836,0.36885770910021787,2.0018750219605863,75333.21264946755,73117.5415224953,3.0302866874846597,10,1.4210854715202004e-14,0.0,-7.070037579365619
837,0.3180507212585153,1.937499997438863,74967.63512464298,73117.54152516942,2.530300610335347,10,2.1316282072803006e-14,0.0,-6.619000974268532
838,0.358083589031456,2.0584169833455235,75253.56484355158,73117.54152260165,2.921355500293528,10,1.4210854715202004e-14,0.0,-6.997909120605702
839,0.6555482843738965,2.017457998590544,77134.2412900964,73117.54165866779,5.493482877446338,10,1.7763568394002505e-14,0.0,-7.692155107752988
840,0.7159988734138394,2.009457995882258,76116.42188150463,73117.54152044024,4.101451305260379,10,1.0658141036401503e-14,0.0,-6.909602113085778
841,0.7001250440380363,2.0354999869596213,76231.19086902088,73117.54151998402,4.258416358523018,10,2.842170943040401e-14,0.0,-7.119064674349586
842,0.632572886039071,2.0216669945511967,77908.04181089866,73117.54165390898,6.5517795711250875,10,7.105427357601002e-15,0.0,-7.978235392577911
843,0.5894222110487413,2.029875002335757,79925.8393676705,73117.5415616893,9.311442453569144,10,1.0658141036401503e-14,0.0,-8.406964773408587
844,0.5156276123750012,1.9955829775426537,74001.74654631483,73117.54152508969,1.2092926030913205,10,1.0658141036401503e-14,0.0,-5.692698433742154
845,0.5895800869992167,2.1840829867869616,79910.38197791844,73117.54156252462,9.290301985310995,10,1.7763568394002505e-14,0.0,-8.406491784611188
846,0.43364058837888064,2.1162499906495214,75155.37905940856,73117.54153137977,2.7870706335964686,10,1.4210854715202004e-14,0.0,-6.972403444012028
847,0.6615470483202068,2.137125004082918,76962.07812578391,73117.54165919786,5.258022055097949,10,1.4210854715202004e-14,0.0,-7.615022487056911
848,0.31321915789696786,2.0299160096328706,74934.2371766739,73117.54152604798,2.4846235427359407,10,1.4210854715202004e-14,0.0,-6.567914936640059
849,0.7182568353814505,2.114541013725102,76107.83448716697,73117.54152049535,4.089706662023672,10,7.105427357601002e-15,0.0,-6.875561278783106
850,0.38057181610005675,2.0133749931119382,75421.0387970369,73117.54152347043,3.1504030709608375,10,1.7763568394002505e-14,0.0,-7.130916622072399
851,0.41036554137648334,2.052875002846122,75650.03654657578,73117.54152749617,3.463594325210254,10,7.105427357601002e-15,0.0,-7.2523047814529145
852,0.6893245998624031,2.079208003124222,76333.32232887359,73117.54151968191,4.398097559565856,10,1.7763568394002505e-14,0.0,-7.257898576135165
853,0.5171671870441996,2.0119590044487268,74073.68105797764,73117.54152515827,1.3076746193529671,10,2.842170943040401e-14,0.0,-5.783826395781057
854,0.296278837383173,1.9883329805452377,74819.1464320161,73117.54153108754,2.3272184284329205,10,1.7763568394002505e-14,0.0,-6.387606639510985
855,0.7415473685250004,2.0073339983355254,76067.53455530344,73117.54152118036,4.034590021422614,10,5.684341886080802e-14,0.0,-6.489396050582868
856,0.2741556218731971,2.077707991702482,74684.92249939532,73117.54154444524,2.1436455901588802,10,2.1316282072803006e-14,0.0,-6.135565936092644
857,0.6793961393800697,2.104165992932394,76523.89722856856,73117.54151931274,4.658739392046009,10,7.105427357601002e-15,0.0,-7.385535661235814
858,0.29795788664914424,2.066916989861056,74830.40812019509,73117.5415303128,2.342620599698611,10,1.4210854715202004e-14,0.0,-6.405475703096886
859,0.3036208127036701,2.064959000563249,74868.6308948654,73117.54152799553,2.3948963959618443,10,1.4210854715202004e-14,0.0,-6.465746504742868
860,0.5267861266625407,2.089790999889374,74643.7626351837,73117.54152615857,2.0873528802648544,10,2.842170943040401e-14,0.0,-6.368446710757879
861,0.7369114884466754,1.9888750102836639,76074.42364836128,73117.54152100897,4.044011964629173,10,6.750155989720952e-14,0.0,-6.592063641116562
862,0.3343560920064526,2.0068750018253922,75082.13781871603,73117.5415219728,2.686901468306125,10,7.105427357601002e-15,0.0,-6.789952954974256
863,0.5797383842652172,1.954874984221533,81360.08765213043,73117.54153453349,11.273007741519832,10,7.105427357601002e-15,0.0,-8.440936294960963
864,0.29823192902299617,2.010083000641316,74832.24909590973,73117.54153018474,2.3451384303137726,10,2.1316282072803006e-14,0.0,-6.408392213915771
865,0.6435685355819514,1.988208998227492,77525.27205050515,73117.54165953034,6.028280342765462,10,1.4210854715202004e-14,0.0,-7.843075606991557
866,0.6580743065145913,1.9631250179372728,77058.64024989835,73117.54165783816,5.390086294890787,10,1.4210854715202004e-14,0.0,-7.659674954857089
867,0.3126624056375288,1.947708980878815,74930.405049703,73117.5415261483,2.479382492512253,10,7.105427357601002e-15,0.0,-6.561988237672892
868,0.7195072807981313,2.043165994109586,76104.05242717877,73117.54152052676,4.084534086548283,10,1.0658141036401503e-14,0.0,-6.8567101879413945
869,0.6093973659399006,2.0349170081317425,78809.9991262701,73117.54162352021,7.785351334786601,10,1.7763568394002505e-14,0.0,-8.24939300342398
870,0.6393794068973937,1.9838750013150275,77669.54558508768,73117.54165802883,6.225597611512426,10,3.197442310920451e-14,0.0,-7.894568061545247
871,0.7098189355303404,2.014000026974827,76156.55598807891,73117.5415202759,4.156341152362555,10,3.552713678800501e-14,0.0,-6.994468178469037
872,0.31159116703249196,2.025499998126179,74923.04079936695,73117.54152632633,2.469310695287182,10,1.4210854715202004e-14,0.0,-6.550584906015427
873,0.5742252375653354,1.985374983632937,83418.207864808,73117.54153684547,14.087818205391674,10,7.105427357601002e-15,0.0,-8.70592705285295
874,0.4048638821513221,1.9635419885162264,75607.15838543055,73117.54151818823,3.404951555466375,10,1.0658141036401503e-14,0.0,-7.231902815165591
875,0.4099896566656986,1.998082996578887,75647.09872814483,73117.54152726408,3.459576386245876,10,1.4210854715202004e-14,0.0,-7.250910867545936
876,0.2960190820855654,1.9577920029405504,74817.40696220269,73117.5415312076,2.324839423477563,10,1.0658141036401503e-14,0.0,-6.384842275381735
877,0.6732095276236182,2.00208299793303,76670.18444375256,73117.54151902924,4.858810691547558,10,1.0658141036401503e-14,0.0,-7.465073951478132
878,0.5729293517027763,1.9765420001931489,84663.37183088111,73117.541537641,15.79078022925088,10,7.105427357601002e-15,0.0,-8.759266823667557
879,0.3949554078806883,1.9877080048900098,75530.59883246335,73117.54152499406,3.300244041499166,10,7.105427357601002e-15,0.0,-7.193204201448284
880,0.5587002415573697,2.446250000502914,85871.26460193511,73117.54153803093,17.442767898959698,13,2.842170943040401e-14,0.0,-8.100853420947265
881,0.590086218047151,1.9486660021357238,79861.8217982864,73117.5415653234,9.223888123943075,10,1.4210854715202004e-14,0.0,-8.404975440534146
882,0.5251103475500368,1.9362909952178597,74499.44462067317,73117.54152575803,1.8899747804407707,10,7.105427357601002e-15,0.0,-6.252556704874458
883,0.38161661792650337,2.05779101816006,75428.93337865277,73117.54152348064,3.1612001812586366,10,2.1316282072803006e-14,0.0,-7.135440992927265
884,0.731430754790833,2.0792910072486848,76076.61448165643,73117.5415207745,4.047008281919863,10,2.1316282072803006e-14,0.0,-6.6769777252180385
885,0.32039270974347606,1.9812079844996333,74983.9124623019,73117.54152473346,2.5525624886294955,10,1.4210854715202004e-14,0.0,-6.643553057157347
886,0.28157146109212045,1.9952500006183982,74727.96909613215,73117.5415398715,2.2025187422124577,10,1.4210854715202004e-14,0.0,-6.222332917279586
887,0.5631712885367546,1.8204590014647692,82687.03214361292,73117.5415393576,13.087817783239155,9,7.105427357601002e-15,0.0,-7.998103497293169
888,0.312184049819574,1.9377080025151372,74927.11509799244,73117.54152623106,2.4748829541980677,10,7.105427357601002e-15,0.0,-6.556896118574368
889,0.6622456078004373,1.9244579889345914,76943.09161749462,73117.54166057266,5.232054948839744,10,2.842170943040401e-14,0.0,-7.606040536107575
890,0.48395170823705663,1.9546670082490891,73568.35850181953,73117.54152468167,0.6165647363645034,10,1.4210854715202004e-14,0.0,-5.674440312255977
891,0.3623974996892698,2.085374988382682,75285.32388498458,73117.54152264111,2.9647910982786603,10,1.4210854715202004e-14,0.0,-7.030562839451875
892,0.40506528612631926,1.9855830178130418,75608.72345287305,73117.5415181861,3.4070920369598694,10,1.4210854715202004e-14,0.0,-7.232649682227523
893,0.5957888893465587,1.9868749950546771,79446.84338044861,73117.5415904852,8.656338345471735,10,7.105427357601002e-15,0.0,-8.376386440000118
894,0.6028670228263786,1.9986249972134829,79068.12548726694,73117.5416089927,8.138380677643537,10,7.105427357601002e-15,0.0,-8.316675344352856
895,0.6115082681322191,1.9959170022048056,78716.05209556004,73117.54162803266,7.656863651144629,10,1.0658141036401503e-14,0.0,-8.225465729496294
896,0.5690908816803395,1.9934579904656857,91023.40674466937,73117.54153916673,24.489151069050962,10,2.4868995751603507e-14,0.0,-8.213309344968536
897,0.38803587767798486,1.9931669812649488,75477.65657159503,73117.54152159655,3.2278369880658233,10,1.4210854715202004e-14,0.0,-7.163239071546533
898,0.6199912762545099,1.9947499968111515,78362.80190827529,73117.5416416639,7.173737175570633,10,7.105427357601002e-15,0.0,-8.127684724565409
899,0.42347814224849917,1.967249991139397,75753.28760797899,73117.54152586435,3.6048067633432095,10,7.105427357601002e-15,0.0,-7.293791704370028
900,0.4710232419819081,1.9542499794624746,74795.83279090474,73117.54152579294,2.295333281302628,10,1.0658141036401503e-14,0.0,-6.673067327824199
901,0.438429665236251,1.9566669943742454,74393.29561459349,73117.54152736781,1.7447989368572605,10,1.7763568394002505e-14,0.0,-6.515932077818193
902,0.3848476554730084,1.9874580029863864,75453.41034007719,73117.54152245476,3.194676364911787,10,1.4210854715202004e-14,0.0,-7.149432660409353
903,0.648721621435964,2.013874996919185,77351.71857497998,73117.54166057525,5.790918045440501,10,2.842170943040401e-14,0.0,-7.7797356987842585
904,0.7403600096067815,2.241707989014685,76066.94379157508,73117.54152113941,4.033782057049803,10,5.684341886080802e-14,0.0,-6.519128226172368
905,0.3577835139701612,2.217707980889827,75251.36226519462,73117.54152259653,2.918343120082409,10,7.105427357601002e-15,0.0,-6.99543865336481
906,0.532180166040849,2.58845800999552,75249.76576186958,73117.54152791385,2.916159637481403,10,1.7763568394002505e-14,0.0,-6.793170419622576
907,0.42490022442652803,2.147249993868172,75754.28441834246,73117.54152635133,3.606170061175893,10,1.4210854715202004e-14,0.0,-7.291288696460944
908,0.7129326947737706,2.0475419878493994,76135.69447221834,73117.54152036189,4.127809673436502,10,3.552713678800501e-14,0.0,-6.953811207095773
909,0.42976407377533554,2.078000019537285,75666.97287656844,73117.54153020834,3.486757477077929,10,1.4210854715202004e-14,0.0,-7.238397498951
910,0.5984486998377455,2.0035000052303076,79261.04088456683,73117.54159828433,8.402223532125234,10,1.0658141036401503e-14,0.0,-8.353948194039909
911,0.30206898692696976,1.998791005462408,74858.11839233048,73117.54152839608,2.380518857104117,10,7.105427357601002e-15,0.0,-6.449229768070827
912,0.3137852994704594,1.9510419806465507,74938.13727549702,73117.54152594406,2.4899575554068134,10,2.1316282072803006e-14,0.0,-6.57394163677348
913,0.526920636181357,2.0872500026598573,74656.9713517968,73117.54152618854,2.105417924995319,10,7.105427357601002e-15,0.0,-6.37848823451682
914,0.34971953202584777,2.0338750036899,75192.49702500357,73117.54152442224,2.8378354322652766,10,7.105427357601002e-15,0.0,-6.929051396845076
915,0.2660451743200934,2.0154580124653876,74638.57041511948,73117.54154850691,2.0802516528862025,10,2.1316282072803006e-14,0.0,-6.040690657355014
916,0.3669595363063312,1.9819999870378524,75319.10108480355,73117.54152257783,3.0109868526500017,10,1.4210854715202004e-14,0.0,-7.058438763060966
917,0.7098074788583117,1.9555000180844218,76156.63419132824,73117.5415202754,4.156448107886816,10,2.1316282072803006e-14,0.0,-6.994615424070456
918,0.5503094298555711,1.9473340071272105,78296.48507017978,73117.54153084804,7.083038393935553,10,1.4210854715202004e-14,0.0,-8.029798075113142
919,0.5001853205902966,1.9381669990252703,73277.84144759747,73117.54152466278,0.21923593106671946,10,1.7763568394002505e-14,0.0,-5.014859920035069
920,0.7211341561152502,2.040374994976446,76100.01828200521,73117.54152056617,4.079016744019144,10,1.4210854715202004e-14,0.0,-6.832184789858156
921,0.5853392935547325,1.9796669948846102,80439.17657070572,73117.54154710734,10.013513677673757,10,1.4210854715202004e-14,0.0,-8.419197016265949
922,0.4001024222285051,1.9806670024991035,75570.26084719633,73117.54151759758,3.354488237283585,10,1.4210854715202004e-14,0.0,-7.214245995113537
923,0.6794937394150021,1.9824589835479856,76521.6069725187,73117.54151931693,4.655607098472321,10,1.0658141036401503e-14,0.0,-7.384280895233557
924,0.27112963584422706,1.9787080236710608,74667.53864085909,73117.54154605474,2.1198703649356805,10,1.4210854715202004e-14,0.0,-6.100165838450178
925,0.6679121372656048,1.953833008883521,76799.27782678195,73117.54151874683,5.03536665971072,10,3.907985046680551e-14,0.0,-7.533182846698114
926,0.5425066694505695,1.9232080085203052,76848.19064851745,73117.54152959403,5.102262796149207,10,1.0658141036401503e-14,0.0,-7.536981251321817
927,0.3064836869078528,1.9705839804373682,74888.09640339926,73117.54152740822,2.421518610998908,10,1.4210854715202004e-14,0.0,-6.496218394678823
928,0.611793938011277,2.0154160156380385,78703.51474000685,73117.54162851753,7.639716799929531,10,7.105427357601002e-15,0.0,-8.222227646388983
929,0.3702572405331903,1.9792910024989396,75343.63870936702,73117.54152240971,3.044546001693776,10,1.4210854715202004e-14,0.0,-7.07858951284067
930,0.45049537998358874,1.9682499987538904,73724.80468163936,73117.54152656905,0.8305300511911279,10,1.4210854715202004e-14,0.0,-5.948917213679971
931,0.6223001688445022,1.9883750064764172,78275.57797828614,73117.54164449671,7.054444416181558,10,1.7763568394002505e-14,0.0,-8.100516273881874
932,0.5036589840060844,1.9539999775588512,73449.57344456617,73117.54152473019,0.45410706228911957,10,3.197442310920451e-14,0.0,-5.08770877990731
933,0.5581902826406613,2.4269169953186065,84298.88374329891,73117.5415377625,15.292284136443042,13,1.7763568394002505e-14,0.0,-8.114606624686107
934,0.5307189278240935,1.9276670063845813,75076.25071388835,73117.54152742795,2.678849897771313,10,2.4868995751603507e-14,0.0,-6.680445289167971
935,0.6735668924574718,2.028791990596801,76661.59822214083,73117.54151904692,4.847067652255096,10,2.1316282072803006e-14,0.0,-7.46047938219018
936,0.669857374606101,1.9552500161807984,76751.78482199044,73117.54151885536,4.9704123355924,10,1.4210854715202004e-14,0.0,-7.508172504707939
937,0.6397095030183244,1.9722500001080334,77658.07231396344,73117.5416582459,6.209906067329429,10,1.7763568394002505e-14,0.0,-7.8905105082708085
938,0.3765206276984674,1.9561660010367632,75390.52199332346,73117.54152265671,3.108666433980726,10,1.0658141036401503e-14,0.0,-7.113373662744893
939,0.3091273568345448,1.9935419841203839,74906.14929003226,73117.5415268259,2.446208838340319,10,1.4210854715202004e-14,0.0,-6.524358364568556
940,0.5774708866887683,1.9467080128379166,81889.9179616461,73117.5415341763,11.99763592074476,10,7.105427357601002e-15,0.0,-8.51353063936839
941,0.7249479280048622,1.951666985405609,76090.37665786945,73117.54152065172,4.065830271902761,10,1.7763568394002505e-14,0.0,-6.7746941628576245
942,0.26287492878328766,1.9298749975860119,74620.66179001487,73117.54154993795,2.0557587252168776,10,1.4210854715202004e-14,0.0,-6.003611145905171
943,0.3405441753754078,1.9777500128839165,75126.30402784454,73117.5415200815,2.747305866693201,10,1.4210854715202004e-14,0.0,-6.853519951288062
944,0.6909912661293705,1.9456250010989606,76316.9625483348,73117.54151973473,4.375722927905798,10,7.105427357601002e-15,0.0,-7.2364735406684035
945,0.48435965142488047,1.9598329963628203,73544.5621333996,73117.54152465488,0.5840193746130341,10,1.4210854715202004e-14,0.0,-5.636945612932371
946,0.7014645208965749,1.9609590235631913,76220.57988710006,73117.54152001484,4.243904133778631,10,2.4868995751603507e-14,0.0,-7.101847466469655
947,0.49681101510473563,1.9555830222088844,73277.38857854562,73117.5415245932,0.21861655988346246,10,1.4210854715202004e-14,0.0,-4.987149547772322
948,0.6574849395447647,1.9436250149738044,77075.8781826658,73117.54165817755,5.413661940377257,10,1.0658141036401503e-14,0.0,-7.6672531221020535
949,0.5627509897891084,1.797500008251518,82354.70024652543,73117.54153930399,12.633300453976636,9,7.105427357601002e-15,0.0,-8.005890704247365
950,0.4002722719871718,1.986750023206696,75571.57364606179,73117.54151763328,3.356283700863621,10,1.4210854715202004e-14,0.0,-7.214875841413371
951,0.5578389277974436,2.5653330085333437,84058.33884552022,73117.54153757196,14.963300294124707,13,3.197442310920451e-14,0.0,-8.12408243032456
952,0.42394163494434134,1.9652500050142407,75754.74978787384,73117.54152602408,3.606806529334843,10,1.4210854715202004e-14,0.0,-7.29372799523263
953,0.392998933725164,1.9650000031106174,75515.58390335203,73117.54152408571,3.2797087118641417,10,1.4210854715202004e-14,0.0,-7.184731591165242
954,0.717925996200018,1.962166978046298,76108.9156373765,73117.54152048692,4.0911853088652075,10,8.171241461241152e-14,0.0,-6.88054890692262
955,0.6480428362197537,1.9855420105159283,77373.69535371102,73117.54166059109,5.820974825544388,10,1.0658141036401503e-14,0.0,-7.788078992709488
956,0.6796245984709455,1.953917002538219,76518.53728183525,73117.54151932245,4.651408802652418,10,7.105427357601002e-15,0.0,-7.382598545994589
957,0.6182986539414073,1.966082985745743,78428.1317858588,73117.54163935574,7.263086295621051,10,1.0658141036401503e-14,0.0,-8.147601738848754
958,0.5436491921669948,1.9875839934684336,77081.26386605488,73117.54152975499,5.421027913919761,10,7.105427357601002e-15,0.0,-7.61838370479436
959,0.35344366190683235,1.9610829767771065,75219.60378121221,73117.54152226058,2.874908284917726,10,1.4210854715202004e-14,0.0,-6.959710018472811
960,0.5889426419191459,1.957083004526794,79973.080567903,73117.54155892924,9.376052398381756,10,7.105427357601002e-15,0.0,-8.408401539892699
961,0.25993323030551735,1.9605830020736903,74604.15060130243,73117.54155082542,2.033177017369546,10,1.4210854715202004e-14,0.0,-5.969207789160884
962,0.5452768742959824,1.9722500001080334,77405.51405158735,73117.54152995977,5.864492202422582,10,1.0658141036401503e-14,0.0,-7.7328616197482996
963,0.3882366302405641,1.946665986906737,75479.18633766916,73117.5415217004,3.229929189109633,10,7.105427357601002e-15,0.0,-7.164108423833423
964,0.3223266738379567,1.949458004673943,74997.39675394833,73117.5415243674,2.571004427103766,10,1.0658141036401503e-14,0.0,-6.663828237161932
965,0.6409104891823395,1.962916983757168,77616.55270791528,73117.54165871356,6.1531213264820845,10,3.907985046680551e-14,0.0,-7.87574799582255
966,0.3844628080182292,1.9552920130081475,75450.48979357744,73117.54152270003,3.1906820474169186,10,1.4210854715202004e-14,0.0,-7.147766110954634
967,0.381602516890798,1.9380000012461096,75428.82676434085,73117.54152348122,3.1610543690358743,10,7.105427357601002e-15,0.0,-7.135379930219367
968,0.7013905467139522,1.9508340046741068,76221.16882597882,73117.5415200131,4.244709602436821,10,7.105427357601002e-15,0.0,-7.102798300652911
969,0.5915885606460163,1.960749999852851,79743.6634004075,73117.54157298307,9.062287496100366,10,1.4210854715202004e-14,0.0,-8.400051419813009
970,0.6984748495547941,1.9484579970594496,76246.18028926029,73117.54151994377,4.278916802014109,10,1.0658141036401503e-14,0.0,-7.14027607747021
971,0.7002382945048554,1.9465000077616423,76230.29100035218,73117.54151998671,4.257185643358371,10,7.105427357601002e-15,0.0,-7.117608979645129
972,0.3254835342133677,1.9599580264184624,75019.49021866663,73117.5415237596,2.6012207949975825,10,1.4210854715202004e-14,0.0,-6.6969250708976045
973,0.3109216032850044,1.953541999682784,74918.44401272372,73117.54152643286,2.46302384994688,10,7.105427357601002e-15,0.0,-6.543457496464769
974,0.6976685178963393,1.9702500139828771,76253.60945537896,73117.5415199231,4.289077381795359,10,1.7763568394002505e-14,0.0,-7.150640698855558
975,0.6222877258719,1.9524999952409416,78276.0453478953,73117.5416445487,7.055083619227761,10,1.0658141036401503e-14,0.0,-8.100662688190633
976,0.4747433973527587,1.9672909984365106,74405.43899572556,73117.54152549052,1.7614069665978127,10,1.0658141036401503e-14,0.0,-6.427771026690855
977,0.2675846144910458,1.974874990992248,74647.30930035254,73117.54154776226,2.0922034852484748,10,1.4210854715202004e-14,0.0,-6.058697296770728
978,0.41550630416393797,1.9592909957282245,75690.33665634991,73117.54152000968,3.5187112187520095,10,2.1316282072803006e-14,0.0,-7.271232333475359
979,0.34275184129303227,1.9327499903738499,75142.15474360113,73117.54151905866,2.76898427173558,10,2.1316282072803006e-14,0.0,-6.871692900906618
980,0.3980152756121738,1.9775420078076422,75554.14956473598,73117.54152690037,3.332453453647878,10,7.105427357601002e-15,0.0,-7.206455221625036
981,0.549038168970805,1.9569169962778687,78087.46363540072,73117.54153033844,6.797167958663015,10,1.4210854715202004e-14,0.0,-7.971735283121218
982,0.4686780319641861,1.9698749820236117,75035.84489107286,73117.54152590738,2.6235884373735145,10,2.4868995751603507e-14,0.0,-6.809419265452004
983,0.48754784859832395,1.9449589890427887,73400.03894165662,73117.54152443723,0.3863606616545973,10,1.0658141036401503e-14,0.0,-5.341508646032882
984,0.5992820455577464,1.9623340049292892,79209.7562646856,73117.54160056634,8.33208356128875,10,7.105427357601002e-15,0.0,-8.346918087317894
985,0.7218843273610189,1.9534169987309724,76098.05821742179,73117.54152058365,4.076336040372856,10,4.263256414560601e-14,0.0,-6.820876059839606
986,0.30805346569841363,1.970457989955321,74898.80700959914,73117.54152706891,2.4361670884007864,10,2.1316282072803006e-14,0.0,-6.512927421457913
987,0.7089951788962969,1.9629579910542816,76162.19770324117,73117.5415202518,4.164057105429434,10,2.1316282072803006e-14,0.0,-7.005055469465078
988,0.3158800944550596,1.9803750037681311,74952.59979057792,73117.54152556625,2.5097373718043086,10,1.4210854715202004e-14,0.0,-6.5962416244820234
989,0.6014127362609514,1.9649170280899853,79113.40957900134,73117.54160571752,8.200313962436294,10,1.0658141036401503e-14,0.0,-8.328943628398171
990,0.5584834406315371,1.4776249881833792,80396.6133390477,73117.54153792784,9.955301625320692,7,7.105427357601002e-15,0.0,-8.106700369887484
991,0.6626264699469292,1.9974579918198287,76932.7546197446,73117.54166121356,5.2179174406719575,10,2.4868995751603507e-14,0.0,-7.6011434966933775
992,0.3125275493745688,1.970166020328179,74929.47732500592,73117.54152616949,2.478113679722021,10,1.4210854715202004e-14,0.0,-6.560552682990224
993,0.3053777267085338,1.9257919921074063,74880.56623105101,73117.54152763591,2.4112198886620573,10,1.4210854715202004e-14,0.0,-6.484446595228646
994,0.2722948924383902,1.9221669936086982,74674.22031196457,73117.54154544798,2.1290086258562164,10,1.4210854715202004e-14,0.0,-6.11379749541103
995,0.6392393060452219,1.925541990203783,77674.41594401159,73117.54165775981,6.232258611183998,10,7.105427357601002e-15,0.0,-7.896290188068766
996,0.4118128035667213,1.9528749980963767,75661.35928275935,73117.54151810854,3.4790800016447507,10,1.4210854715202004e-14,0.0,-7.257671756139409
997,0.35221804195385803,1.9056249875575304,75210.66801291567,73117.54152230671,2.8626871842653414,10,2.1316282072803006e-14,0.0,-6.949620093514393
998,0.580188481384609,1.936833985382691,81270.15456180219,73117.541535408,11.1500097722052,10,7.105427357601002e-15,0.0,-8.434045424387785
999,0.47417181335465736,1.9323750166222453,74469.33919046217,73117.54152553853,1.8488007620599232,10,7.105427357601002e-15,0.0,-6.469123659337456
1000,0.48467668361493044,1.9681669946294278,73526.74066044501,73117.54152463278,0.5596456435483078,10,7.105427357601002e-15,0.0,-5.607542912533682
